solid auto-kdk-case
facet normal 0 0 1
outer loop
vertex 77.16455078125 45.738399505615234 11.5
vertex 72.5965576171875 41.5953369140625 11.5
vertex 77.96296691894531 44.600006103515625 11.5
endloop
endfacet
facet normal 0 0 -1
outer loop
vertex -67.22340393066406 -70.64570617675781 -5.699999809265137
vertex -67.67739868164062 -69.98829650878906 -5.699999809265137
vertex -66.13554382324219 -69.85662841796875 -5.699999809265137
endloop
endfacet
facet normal 0 0 -1
outer loop
vertex -41.174644470214844 55.74324417114258 -5.699999809265137
vertex -42.226627349853516 56.5693244934082 -5.699999809265137
vertex -40.531776428222656 56.97654342651367 -5.699999809265137
endloop
endfacet
facet normal 0 0 -1
outer loop
vertex -40.531776428222656 56.97654342651367 -5.699999809265137
vertex -42.226627349853516 56.5693244934082 -5.699999809265137
vertex -41.19906234741211 57.48887634277344 -5.699999809265137
endloop
endfacet
facet normal 0 0 -1
outer loop
vertex -66.7006607055664 -71.24989318847656 -5.699999809265137
vertex -65.7049789428711 -70.3472900390625 -5.699999809265137
vertex -66.11536407470703 -71.79370880126953 -5.699999809265137
endloop
endfacet
facet normal 0 0 -1
outer loop
vertex -41.174644470214844 55.74324417114258 -5.699999809265137
vertex -40.531776428222656 56.97654342651367 -5.699999809265137
vertex -40.36317443847656 56.86814498901367 -5.699999809265137
endloop
endfacet
facet normal 0 0 -1
outer loop
vertex -65.7049789428711 -70.3472900390625 -5.699999809265137
vertex -66.7006607055664 -71.24989318847656 -5.699999809265137
vertex -66.13554382324219 -69.85662841796875 -5.699999809265137
endloop
endfacet
facet normal 0 0 -1
outer loop
vertex -39.920440673828125 56.63528823852539 -5.699999809265137
vertex -41.174644470214844 55.74324417114258 -5.699999809265137
vertex -40.36317443847656 56.86814498901367 -5.699999809265137
endloop
endfacet
facet normal 0 0 -1
outer loop
vertex -68.05728149414062 -69.28544616699219 -5.699999809265137
vertex -68.3585433959961 -68.54548645019531 -5.699999809265137
vertex -66.82464599609375 -68.75 -5.699999809265137
endloop
endfacet
facet normal 0 0 -1
outer loop
vertex -40.810455322265625 55.538291931152344 -5.699999809265137
vertex -39.920440673828125 56.63528823852539 -5.699999809265137
vertex -39.81887435913086 56.587928771972656 -5.699999809265137
endloop
endfacet
facet normal 0 0 -1
outer loop
vertex -68.3585433959961 -68.54548645019531 -5.699999809265137
vertex -67.2584228515625 -67.52064514160156 -5.699999809265137
vertex -67.07502746582031 -68.14714050292969 -5.699999809265137
endloop
endfacet
facet normal 0 0 -1
outer loop
vertex -67.2584228515625 -67.52064514160156 -5.699999809265137
vertex -68.57762145996094 -67.77716827392578 -5.699999809265137
vertex -67.37266540527344 -66.8779296875 -5.699999809265137
endloop
endfacet
facet normal 0 0 1
outer loop
vertex 72.70223236083984 -54.45354080200195 11.5
vertex 78.86853790283203 -64.12728881835938 11.5
vertex 72.73236846923828 -54.28279113769531 11.5
endloop
endfacet
facet normal 0 0 -1
outer loop
vertex -67.37266540527344 -66.8779296875 -5.699999809265137
vertex -68.711669921875 -66.99105072021484 -5.699999809265137
vertex -67.41783905029297 -66.1335220336914 -5.699999809265137
endloop
endfacet
facet normal 0 0 1
outer loop
vertex 72.6654052734375 -54.532527923583984 11.5
vertex 78.86853790283203 -64.12728881835938 11.5
vertex 72.70223236083984 -54.45354080200195 11.5
endloop
endfacet
facet normal 0 0 -1
outer loop
vertex -66.51024627685547 -69.32209014892578 -5.699999809265137
vertex -68.05728149414062 -69.28544616699219 -5.699999809265137
vertex -66.82464599609375 -68.75 -5.699999809265137
endloop
endfacet
facet normal 0 0 1
outer loop
vertex -4.15964412689209 -73.48975372314453 11.5
vertex -5.390593528747559 -61.816287994384766 11.5
vertex -5.4322428703308105 -61.77235412597656 11.5
endloop
endfacet
facet normal 0 0 1
outer loop
vertex 76.16575622558594 46.705772399902344 11.5
vertex 72.5538101196289 41.638092041015625 11.5
vertex 77.16455078125 45.738399505615234 11.5
endloop
endfacet
facet normal 0 0 1
outer loop
vertex -4.15964412689209 -73.48975372314453 11.5
vertex -5.4322428703308105 -61.77235412597656 11.5
vertex -5.48223352432251 -61.700958251953125 11.5
endloop
endfacet
facet normal 0 0 1
outer loop
vertex 72.35889434814453 48.27138137817383 11.5
vertex 72.00968933105469 42.09406661987305 11.5
vertex 73.71633911132812 47.99595260620117 11.5
endloop
endfacet
facet normal 0.8985105406918772 -0.4389519430024095 0
outer loop
vertex 79.08380126953125 -66.86058044433594 9.5
vertex 79.08380126953125 -66.86058044433594 -3.700000047683716
vertex 79.54957580566406 -65.90716552734375 -3.700000047683716
endloop
endfacet
facet normal 0.974815929468271 0.2230109944709247 0
outer loop
vertex -5.117840766906738 -61.15100860595703 5.300000190734863
vertex -5.049220561981201 -61.450958251953125 10.5
vertex -5.049220561981201 -61.450958251953125 5.300000190734863
endloop
endfacet
facet normal 0 0 1
outer loop
vertex -61.417964935302734 27.923980712890625 11.5
vertex -68.76714324951172 32.587154388427734 11.5
vertex -61.528995513916016 27.909875869750977 11.5
endloop
endfacet
facet normal 0.9998509508558329 -0.017264879747247112 0
outer loop
vertex 32.93193054199219 41.23051452636719 5.300000190734863
vertex 32.872432708740234 37.78485107421875 10.5
vertex 32.872432708740234 37.78485107421875 5.300000190734863
endloop
endfacet
facet normal -0.7492916082302825 0.6622402025212588 -5.280214817033373e-7
outer loop
vertex -68.56124877929688 66.43682098388672 -3.700000047683716
vertex -68.88018035888672 66.07596588134766 -3.700000047683716
vertex -67.81382751464844 67.28250122070312 9.5
endloop
endfacet
facet normal 0 0 1
outer loop
vertex -8.951089859008789 34.87862777709961 11.5
vertex -8.887709617614746 34.762203216552734 11.5
vertex -8.981331825256348 35.007694244384766 11.5
endloop
endfacet
facet normal 0 0 1
outer loop
vertex -61.71122741699219 -73.48770141601562 11.5
vertex -43.0157356262207 -57.41656494140625 11.5
vertex -43.390594482421875 -57.066287994384766 11.5
endloop
endfacet
facet normal 0 0 1
outer loop
vertex 31.86532211303711 48.10981369018555 11.5
vertex 33.11119842529297 42.075218200683594 11.5
vertex 33.171051025390625 42.09125518798828 11.5
endloop
endfacet
facet normal -0.5067061715731142 -0.862118817617162 3.2299790979933033e-7
outer loop
vertex -76.50711059570312 37.74895477294922 9.5
vertex -71.16786193847656 34.61083221435547 -3.700000047683716
vertex -74.70417022705078 36.68928527832031 9.5
endloop
endfacet
facet normal 0 0 -1
outer loop
vertex 76.67159271240234 44.15089416503906 -5.699999809265137
vertex 76.13336181640625 44.8824577331543 -5.699999809265137
vertex 77.16455078125 45.738399505615234 -5.699999809265137
endloop
endfacet
facet normal 0.22301139734490172 -0.9748158373017258 9.866518593281735e-8
outer loop
vertex -61.71779251098633 27.355371475219727 10.5
vertex -61.41783905029297 27.423992156982422 5.300000190734863
vertex -61.57088088989258 27.388980865478516 10.5
endloop
endfacet
facet normal -0.20317140194201397 0.979143187400554 0
outer loop
vertex 13.651516914367676 44.67218017578125 -3.700000047683716
vertex 13.210260391235352 44.58061981201172 -3.700000047683716
vertex 13.651516914367676 44.67218017578125 9.5
endloop
endfacet
facet normal 0 0 1
outer loop
vertex -72.69632720947266 44.593074798583984 11.5
vertex -78.72405242919922 43.286983489990234 11.5
vertex -72.68052673339844 44.53409957885742 11.5
endloop
endfacet
facet normal 0 0 1
outer loop
vertex -63.3421516418457 68.29290771484375 11.5
vertex -62.254215240478516 62.23586654663086 11.5
vertex -62.153533935546875 62.26611328125 11.5
endloop
endfacet
facet normal 0.7983156097508067 -0.6022393105968736 0
outer loop
vertex 2.6653459072113037 -70.85704040527344 -3.450000047683716
vertex 2.11361026763916 -71.58840942382812 9.5
vertex 2.11361026763916 -71.58840942382812 -3.450000047683716
endloop
endfacet
facet normal 0 0 -1
outer loop
vertex -69.0904312133789 33.942649841308594 -5.699999809265137
vertex -67.42153930664062 33.91304016113281 -5.699999809265137
vertex -69.014892578125 33.76265335083008 -5.699999809265137
endloop
endfacet
facet normal -0.02513662284971299 0.9996840251758109 0
outer loop
vertex 33.59413146972656 49.47399139404297 9.5
vertex 33.1660041809082 49.463226318359375 -3.700000047683716
vertex 33.1660041809082 49.463226318359375 9.5
endloop
endfacet
facet normal 0 0 -1
outer loop
vertex -61.22795486450195 67.02447509765625 -5.699999809265137
vertex -60.57378005981445 68.27394104003906 -5.699999809265137
vertex -60.33884048461914 66.83910369873047 -5.699999809265137
endloop
endfacet
facet normal 0.9123155160739683 0.4094879718995242 5.507197948245625e-7
outer loop
vertex 79.63079071044922 43.70404052734375 9.5
vertex 78.97142791748047 45.17308044433594 -3.700000047683716
vertex 79.40233612060547 44.2130241394043 9.5
endloop
endfacet
facet normal -0.08790388652009552 0.9961289608954567 0
outer loop
vertex -63.5531120300293 69.43347930908203 -3.700000047683716
vertex -63.5531120300293 69.43347930908203 9.5
vertex -62.749671936035156 69.50437927246094 9.5
endloop
endfacet
facet normal -0.20316284266932488 0.9791449634035397 0
outer loop
vertex 12.074823379516602 44.345027923583984 -3.700000047683716
vertex 12.074823379516602 44.345027923583984 9.5
vertex 13.210260391235352 44.58061981201172 9.5
endloop
endfacet
facet normal -0.5063431547452566 -0.862332076199547 0
outer loop
vertex -65.31591796875 -73.70284271240234 -3.700000047683716
vertex -65.31591796875 -73.70284271240234 9.5
vertex -65.74412536621094 -73.45140838623047 9.5
endloop
endfacet
facet normal -0.749291608230387 0.6622402025213512 0
outer loop
vertex -68.88018035888672 66.07596588134766 -3.700000047683716
vertex -68.88018035888672 66.07596588134766 9.5
vertex -68.56124877929688 66.43682098388672 9.5
endloop
endfacet
facet normal 0 0 1
outer loop
vertex -62.76899719238281 62.002201080322266 11.5
vertex -67.0213851928711 66.43548583984375 11.5
vertex -62.83062744140625 61.94057083129883 11.5
endloop
endfacet
facet normal 0 0 -1
outer loop
vertex -3.989259719848633 40.865352630615234 -5.699999809265137
vertex -4.49875545501709 41.64068603515625 -5.699999809265137
vertex -3.2158725261688232 42.24790954589844 -5.699999809265137
endloop
endfacet
facet normal -0.8617562114115902 -0.5073226114550214 0
outer loop
vertex -27.250118255615234 44.09785842895508 10.5
vertex -27.1143856048584 43.8672981262207 5.300000190734863
vertex -27.1143856048584 43.8672981262207 10.5
endloop
endfacet
facet normal -0.6891619152291804 0.7246073796185409 0
outer loop
vertex 34.696128845214844 -54.91571807861328 5.300000190734863
vertex 34.502262115478516 -55.100101470947266 5.300000190734863
vertex 34.696128845214844 -54.91571807861328 10.5
endloop
endfacet
facet normal 0 0 1
outer loop
vertex 12.41700553894043 43.236732482910156 11.5
vertex 14.470654487609863 37.411399841308594 11.5
vertex 13.801339149475098 43.52397155761719 11.5
endloop
endfacet
facet normal 0 0 -1
outer loop
vertex 78.92743682861328 40.922630310058594 -5.699999809265137
vertex 77.58216094970703 40.96408462524414 -5.699999809265137
vertex 77.56360626220703 41.434425354003906 -5.699999809265137
endloop
endfacet
facet normal 0 0 -1
outer loop
vertex 77.58216094970703 40.96408462524414 -5.699999809265137
vertex 78.92743682861328 40.922630310058594 -5.699999809265137
vertex 78.86853790283203 -64.12728881835938 -5.699999809265137
endloop
endfacet
facet normal 0 0 1
outer loop
vertex 2.7142281532287598 -69.29048156738281 11.5
vertex -4.675653457641602 -62.301124572753906 11.5
vertex 2.592254877090454 -69.37163543701172 11.5
endloop
endfacet
facet normal 0.7552190484366134 0.6554724928465546 -1.399919694074768e-7
outer loop
vertex -44.546653747558594 29.133447647094727 10.5
vertex -44.722023010253906 29.33550262451172 5.300000190734863
vertex -44.619964599609375 29.217914581298828 10.5
endloop
endfacet
facet normal 0 0 -1
outer loop
vertex -3.5880112648010254 -73.44657897949219 -5.699999809265137
vertex -3.690922975540161 -72.1058349609375 -5.699999809265137
vertex -3.0482075214385986 -71.99159240722656 -5.699999809265137
endloop
endfacet
facet normal 0 0 1
outer loop
vertex -1.2834031581878662 -72.79044342041016 11.5
vertex -0.5805546045303345 -72.41056823730469 11.5
vertex 0.0768570825457573 -71.9565658569336 11.5
endloop
endfacet
facet normal 0 0 1
outer loop
vertex -6.1472086906433105 -59.97592544555664 11.5
vertex -4.15964412689209 -73.48975372314453 11.5
vertex -6.0100178718566895 -59.99170684814453 11.5
endloop
endfacet
facet normal 0 0 1
outer loop
vertex -60.57378005981445 68.27394104003906 11.5
vertex -61.80610275268555 62.25543975830078 11.5
vertex -61.65886688232422 62.22022247314453 11.5
endloop
endfacet
facet normal 0 0 -1
outer loop
vertex 32.743038177490234 46.91414260864258 -5.699999809265137
vertex 33.2629508972168 48.31059646606445 -5.699999809265137
vertex 33.59206771850586 46.97399139404297 -5.699999809265137
endloop
endfacet
facet normal 0.9748168624684487 0.22300691614200963 2.0609756465102263e-8
outer loop
vertex -62.04922103881836 -49.575958251953125 10.5
vertex -62.11783981323242 -49.27600860595703 5.300000190734863
vertex -62.08283233642578 -49.42903518676758 10.5
endloop
endfacet
facet normal 0 0 -1
outer loop
vertex 26.786489486694336 42.398582458496094 -5.699999809265137
vertex 26.3853702545166 42.28148651123047 -5.699999809265137
vertex 25.849172592163086 43.818199157714844 -5.699999809265137
endloop
endfacet
facet normal 0 0 1
outer loop
vertex -40.36317443847656 56.86814498901367 11.5
vertex -44.37651062011719 51.898460388183594 11.5
vertex -44.286415100097656 51.79766082763672 11.5
endloop
endfacet
facet normal 0.7306509063262475 -0.6827512380685244 -7.280307681061021e-7
outer loop
vertex 13.931928634643555 36.48051452636719 10.5
vertex 14.282207489013672 36.85537338256836 5.300000190734863
vertex 14.166701316833496 36.73175811767578 10.5
endloop
endfacet
facet normal 0 0 -1
outer loop
vertex -77.1418228149414 42.5608024597168 -5.699999809265137
vertex -78.72405242919922 43.286983489990234 -5.699999809265137
vertex -77.40303802490234 43.51263427734375 -5.699999809265137
endloop
endfacet
facet normal 0 0 1
outer loop
vertex -26.84017562866211 44.38080596923828 11.5
vertex -26.81954574584961 44.351341247558594 11.5
vertex -23.2452392578125 49.59607696533203 11.5
endloop
endfacet
facet normal 0 0 -1
outer loop
vertex 9.163479804992676 39.90648651123047 -5.699999809265137
vertex 8.480073928833008 41.2722282409668 -5.699999809265137
vertex 9.564598083496094 40.023582458496094 -5.699999809265137
endloop
endfacet
facet normal 0 0 -1
outer loop
vertex 73.93830871582031 -67.3841781616211 -5.699999809265137
vertex 73.50497436523438 -68.74630737304688 -5.699999809265137
vertex 73.55442810058594 -67.40100860595703 -5.699999809265137
endloop
endfacet
facet normal 0 0 -1
outer loop
vertex -67.00047302246094 64.40240478515625 -5.699999809265137
vertex -67.93909454345703 65.3971176147461 -5.699999809265137
vertex -66.38717651367188 65.17576599121094 -5.699999809265137
endloop
endfacet
facet normal 0.9999997368909501 0.0007254088711715166 0
outer loop
vertex -43.121192932128906 -51.775394439697266 10.5
vertex -43.1218376159668 -50.88667678833008 5.300000190734863
vertex -43.1218376159668 -50.88667678833008 10.5
endloop
endfacet
facet normal -0.2029170050354993 -0.97919594007891 -6.346837960976739e-7
outer loop
vertex -63.59251022338867 -74.36660766601562 9.5
vertex -63.11930465698242 -74.46466064453125 -3.700000047683716
vertex -62.68696975708008 -74.55425262451172 -3.700000047683716
endloop
endfacet
facet normal -0.6056365110495616 0.7957414256425908 1.0661730620327613e-7
outer loop
vertex 26.20859718322754 45.370113372802734 9.5
vertex 25.87138557434082 45.11346435546875 -3.700000047683716
vertex 25.99267578125 45.20577621459961 9.5
endloop
endfacet
facet normal 0 0 1
outer loop
vertex 72.24625396728516 -54.997657775878906 11.5
vertex 78.86853790283203 -64.12728881835938 11.5
vertex 72.59771728515625 -54.6239013671875 11.5
endloop
endfacet
facet normal -0.7957477752183365 -0.605628168297238 0
outer loop
vertex -70.56395721435547 34.12299346923828 -3.700000047683716
vertex -70.30731201171875 33.78578186035156 -3.700000047683716
vertex -70.56395721435547 34.12299346923828 9.5
endloop
endfacet
facet normal -0.4625315506397625 0.886602822385975 0
outer loop
vertex 9.096832275390625 42.73846435546875 9.5
vertex 8.72111701965332 42.542457580566406 -3.700000047683716
vertex 8.72111701965332 42.542457580566406 9.5
endloop
endfacet
facet normal 0 0 1
outer loop
vertex 34.70223617553711 -59.20354080200195 11.5
vertex 34.59771728515625 -59.3739013671875 11.5
vertex 73.50497436523438 -68.74630737304688 11.5
endloop
endfacet
facet normal 0.9976371003867293 0.06870382763688672 0
outer loop
vertex 80.08216094970703 40.96202087402344 9.5
vertex 80.0012435913086 42.13700866699219 -3.700000047683716
vertex 80.0012435913086 42.13700866699219 9.5
endloop
endfacet
facet normal 0.975100351303337 0.22176407483654467 0
outer loop
vertex -24.181171417236328 -57.75079345703125 5.300000190734863
vertex -24.12183952331543 -58.01167678833008 10.5
vertex -24.12183952331543 -58.01167678833008 5.300000190734863
endloop
endfacet
facet normal 0 0 1
outer loop
vertex 25.849172592163086 43.818199157714844 11.5
vertex 32.05567932128906 37.459903717041016 11.5
vertex 32.172515869140625 37.52252197265625 11.5
endloop
endfacet
facet normal 0 0 -1
outer loop
vertex -25.3046875 49.25598907470703 -5.699999809265137
vertex -40.810455322265625 55.538291931152344 -5.699999809265137
vertex -24.429893493652344 50.315673828125 -5.699999809265137
endloop
endfacet
facet normal 0 0 -1
outer loop
vertex -2.0266032218933105 41.46760940551758 -5.699999809265137
vertex -2.6189637184143066 39.95258331298828 -5.699999809265137
vertex -2.2054319381713867 41.54631805419922 -5.699999809265137
endloop
endfacet
facet normal 0 0 1
outer loop
vertex -25.048397064208984 -57.610504150390625 11.5
vertex -61.71122741699219 -73.48770141601562 11.5
vertex -24.92127799987793 -57.646202087402344 11.5
endloop
endfacet
facet normal 0 0 1
outer loop
vertex 15.246257781982422 -62.122657775878906 11.5
vertex 15.20350456237793 -62.165409088134766 11.5
vertex 33.582275390625 -59.976009368896484 11.5
endloop
endfacet
facet normal 0 0 -1
outer loop
vertex 72.9425048828125 46.81684875488281 -5.699999809265137
vertex 73.71633911132812 47.99595260620117 -5.699999809265137
vertex 73.80908966064453 46.54497528076172 -5.699999809265137
endloop
endfacet
facet normal 0 0 1
outer loop
vertex 11.133742332458496 42.702728271484375 11.5
vertex 14.032207489013672 37.28838348388672 11.5
vertex 14.111197471618652 37.325218200683594 11.5
endloop
endfacet
facet normal 0.9627585741181826 -0.27036258609860236 0
outer loop
vertex -44.370906829833984 28.28485107421875 5.300000190734863
vertex -44.443241119384766 28.02726936340332 10.5
vertex -44.443241119384766 28.02726936340332 5.300000190734863
endloop
endfacet
facet normal -0.22175095934905167 0.9751033340255335 -2.530315911256114e-7
outer loop
vertex 16.192829132080078 -59.48000717163086 10.5
vertex 15.931943893432617 -59.539337158203125 5.300000190734863
vertex 16.051069259643555 -59.512245178222656 10.5
endloop
endfacet
facet normal 0 0 1
outer loop
vertex -44.870201110839844 28.512563705444336 11.5
vertex -44.911033630371094 28.73662567138672 11.5
vertex -53.29146194458008 32.36543273925781 11.5
endloop
endfacet
facet normal 0.6065521591525176 0.7950436957975388 9.756695793263443e-8
outer loop
vertex -3.635711669921875 44.42986297607422 9.5
vertex -4.915912628173828 45.406551361083984 -3.700000047683716
vertex -4.151412010192871 44.823299407958984 9.5
endloop
endfacet
facet normal -0.6056365110495651 0.7957414256425953 0
outer loop
vertex 26.20859718322754 45.370113372802734 -3.700000047683716
vertex 25.99267578125 45.20577621459961 -3.700000047683716
vertex 26.20859718322754 45.370113372802734 9.5
endloop
endfacet
facet normal 0 0 1
outer loop
vertex -61.417964935302734 27.923980712890625 11.5
vertex -53.78448486328125 33.09547424316406 11.5
vertex -53.834617614746094 33.32273864746094 11.5
endloop
endfacet
facet normal 0.24331744001187555 0.969946711621864 0
outer loop
vertex -54.09260940551758 34.55349349975586 10.5
vertex -54.20840835571289 34.582542419433594 5.300000190734863
vertex -54.20840835571289 34.582542419433594 10.5
endloop
endfacet
facet normal 0 0 1
outer loop
vertex -4.845371723175049 -62.27108383178711 11.5
vertex -4.15964412689209 -73.48975372314453 11.5
vertex -4.761185646057129 -62.293643951416016 11.5
endloop
endfacet
facet normal 0.2230052290712182 -0.9748172484147445 0
outer loop
vertex -4.417840957641602 34.54899215698242 5.300000190734863
vertex -4.717792510986328 34.48037338256836 10.5
vertex -4.717792510986328 34.48037338256836 5.300000190734863
endloop
endfacet
facet normal 0 0 1
outer loop
vertex -60.57378005981445 68.27394104003906 11.5
vertex -61.65886688232422 62.22022247314453 11.5
vertex -59.22726821899414 67.8699722290039 11.5
endloop
endfacet
facet normal 0 0 1
outer loop
vertex -70.0888671875 35.253780364990234 11.5
vertex -69.77894592285156 34.964759826660156 11.5
vertex -55.653873443603516 34.08324432373047 11.5
endloop
endfacet
facet normal 0 0 1
outer loop
vertex 32.172515869140625 37.52252197265625 11.5
vertex 32.26856994628906 37.61387634277344 11.5
vertex 25.849172592163086 43.818199157714844 11.5
endloop
endfacet
facet normal 0 0 1
outer loop
vertex -2.742312431335449 41.854331970214844 11.5
vertex -4.4179558753967285 35.048980712890625 11.5
vertex -2.577798366546631 41.74861145019531 11.5
endloop
endfacet
facet normal 0 0 1
outer loop
vertex -2.0266032218933105 41.46760940551758 11.5
vertex -4.4179558753967285 35.048980712890625 11.5
vertex -1.6260221004486084 41.32933807373047 11.5
endloop
endfacet
facet normal 0 0 1
outer loop
vertex -61.67604064941406 -50.426090240478516 11.5
vertex -64.05667114257812 -73.00253295898438 11.5
vertex -63.29659652709961 -73.24869537353516 11.5
endloop
endfacet
facet normal 0 0 -1
outer loop
vertex 28.075660705566406 43.4227409362793 -5.699999809265137
vertex 27.342086791992188 44.892494201660156 -5.699999809265137
vertex 27.394418716430664 44.955291748046875 -5.699999809265137
endloop
endfacet
facet normal 0 0 1
outer loop
vertex -39.921871185302734 56.632564544677734 11.5
vertex -44.286415100097656 51.79766082763672 11.5
vertex -39.81887435913086 56.587928771972656 11.5
endloop
endfacet
facet normal 0 0 -1
outer loop
vertex 26.5685977935791 44.197391510009766 -5.699999809265137
vertex 27.817134857177734 43.09445571899414 -5.699999809265137
vertex 27.511049270629883 42.809993743896484 -5.699999809265137
endloop
endfacet
facet normal 0 0 1
outer loop
vertex -68.76313781738281 -66.09666442871094 11.5
vertex -62.01462936401367 -50.29038619995117 11.5
vertex -62.389488220214844 -49.94010543823242 11.5
endloop
endfacet
facet normal 0 0 -1
outer loop
vertex -75.60691833496094 40.2419548034668 -5.699999809265137
vertex -76.86663818359375 39.607749938964844 -5.699999809265137
vertex -76.2214584350586 40.910701751708984 -5.699999809265137
endloop
endfacet
facet normal 0.1575770621684848 0.987506693384075 0
outer loop
vertex -0.8356136679649353 42.35572052001953 9.5
vertex -1.2540884017944336 42.4224967956543 -3.700000047683716
vertex -1.2540884017944336 42.4224967956543 9.5
endloop
endfacet
facet normal 0.00005794869626493456 -0.999999997854224 0.000030553241793233185
outer loop
vertex 12.256184577941895 -69.90455627441406 -3.564180612564087
vertex 12.459452629089355 -69.90454864501953 -3.700000047683716
vertex 73.54864501953125 -69.90100860595703 -3.700000047683716
endloop
endfacet
facet normal -0.9987967199434067 0.0490419435819178 0
outer loop
vertex -8.71985149383545 38.31562805175781 10.5
vertex -8.73557186126709 37.99546432495117 5.300000190734863
vertex -8.73557186126709 37.99546432495117 10.5
endloop
endfacet
facet normal 0 0 -1
outer loop
vertex 11.089925765991211 41.10245132446289 -5.699999809265137
vertex 9.734529495239258 41.77582550048828 -5.699999809265137
vertex 11.133742332458496 42.702728271484375 -5.699999809265137
endloop
endfacet
facet normal 0 0 -1
outer loop
vertex 74.38553619384766 -68.6796646118164 -5.699999809265137
vertex 75.16649627685547 -67.07319641113281 -5.699999809265137
vertex 75.50211334228516 -68.38139343261719 -5.699999809265137
endloop
endfacet
facet normal 0 0 -1
outer loop
vertex -70.13165283203125 35.296566009521484 -5.699999809265137
vertex -70.22938537597656 35.36500549316406 -5.699999809265137
vertex -68.61570739746094 36.01708984375 -5.699999809265137
endloop
endfacet
facet normal -0.8781899960850632 -0.47831195968333967 0
outer loop
vertex -44.84873962402344 51.72013854980469 10.5
vertex -44.787906646728516 51.60844802856445 5.300000190734863
vertex -44.787906646728516 51.60844802856445 10.5
endloop
endfacet
facet normal 0.472370769552202 -0.8813999410441667 0
outer loop
vertex 13.23237419128418 34.61232376098633 10.5
vertex 13.468189239501953 34.738704681396484 5.300000190734863
vertex 13.468189239501953 34.738704681396484 10.5
endloop
endfacet
facet normal 0 0 -1
outer loop
vertex 77.39481353759766 -67.13653564453125 -5.699999809265137
vertex 76.81637573242188 -65.75365447998047 -5.699999809265137
vertex 77.19103240966797 -65.1246566772461 -5.699999809265137
endloop
endfacet
facet normal 0 0 1
outer loop
vertex -22.823152542114258 49.41062927246094 11.5
vertex -23.08452606201172 49.518348693847656 11.5
vertex -26.622615814208984 44.08680725097656 11.5
endloop
endfacet
facet normal 0.5020916920605836 0.8648143920886945 4.680367167657686e-8
outer loop
vertex -40.553070068359375 58.44902801513672 9.5
vertex -57.74687957763672 68.43136596679688 -3.700000047683716
vertex -50.3886833190918 64.15936279296875 9.5
endloop
endfacet
facet normal 0.0033622642691930925 0.9999943475735171 0
outer loop
vertex -43.97869873046875 -49.98573684692383 10.5
vertex -61.67436218261719 -49.926239013671875 5.300000190734863
vertex -61.67436218261719 -49.926239013671875 10.5
endloop
endfacet
facet normal 0.4754794280274072 -0.8797268402877834 -5.1888288825781255e-8
outer loop
vertex -0.7897171974182129 -73.836181640625 9.5
vertex -0.3178407847881317 -73.58113861083984 -3.450000047683716
vertex 0.023832695558667183 -73.39646911621094 -3.450000047683716
endloop
endfacet
facet normal -0.502102418645677 -0.8648081643868548 0
outer loop
vertex -61.65732192993164 61.68244934082031 5.300000190734863
vertex -45.01070022583008 52.017520904541016 5.300000190734863
vertex -61.65732192993164 61.68244934082031 10.5
endloop
endfacet
facet normal 0.7246265002715417 0.6891418105906921 0
outer loop
vertex -43.4919319152832 -50.196109771728516 5.300000190734863
vertex -43.4919319152832 -50.196109771728516 10.5
vertex -43.3908805847168 -50.302364349365234 10.5
endloop
endfacet
facet normal 0.7050434996863775 0.7091640596857579 0
outer loop
vertex -53.715946197509766 34.385868072509766 5.300000190734863
vertex -53.52621078491211 34.197235107421875 10.5
vertex -53.52621078491211 34.197235107421875 5.300000190734863
endloop
endfacet
facet normal 0 0 1
outer loop
vertex 33.607933044433594 48.31927490234375 11.5
vertex 71.8393325805664 42.12416458129883 11.5
vertex 72.35889434814453 48.27138137817383 11.5
endloop
endfacet
facet normal -0.7306595485663344 0.6827419893987905 7.888466347884238e-7
outer loop
vertex 72.23239135742188 -54.282527923583984 10.5
vertex 71.88211059570312 -54.657386779785156 5.300000190734863
vertex 71.99769592285156 -54.533695220947266 10.5
endloop
endfacet
facet normal -0.6522695173430196 0.757987121754126 0
outer loop
vertex 28.67354965209961 47.91254425048828 9.5
vertex 27.452980041503906 46.86220932006836 -3.700000047683716
vertex 27.452980041503906 46.86220932006836 9.5
endloop
endfacet
facet normal -0.2230124184504245 0.9748156036998806 -3.60512526806911e-7
outer loop
vertex 71.88211059570312 -54.657386779785156 10.5
vertex 71.58216094970703 -54.726009368896484 5.300000190734863
vertex 71.73519134521484 -54.69099807739258 10.5
endloop
endfacet
facet normal 0 0 -1
outer loop
vertex -68.711669921875 -66.99105072021484 -5.699999809265137
vertex -67.37266540527344 -66.8779296875 -5.699999809265137
vertex -68.57762145996094 -67.77716827392578 -5.699999809265137
endloop
endfacet
facet normal -0.9616705543465204 -0.27420748513280285 0
outer loop
vertex -79.8357162475586 42.97463607788086 -3.700000047683716
vertex -79.42308807373047 41.52751159667969 -3.700000047683716
vertex -79.8357162475586 42.97463607788086 9.5
endloop
endfacet
facet normal 0.9627590952182947 -0.2703607304592338 0
outer loop
vertex 13.872431755065918 35.40985107421875 5.300000190734863
vertex 13.800097465515137 35.15226745605469 10.5
vertex 13.800097465515137 35.15226745605469 5.300000190734863
endloop
endfacet
facet normal -0.9961283319074867 -0.08791101393572918 0
outer loop
vertex -80.00617980957031 44.680015563964844 -3.700000047683716
vertex -79.88272857666016 43.28117752075195 -3.700000047683716
vertex -80.00617980957031 44.680015563964844 9.5
endloop
endfacet
facet normal -0.00010978947333805383 0.9999999939730073 -5.071413453948534e-7
outer loop
vertex 71.58216094970703 -54.726009368896484 10.5
vertex 35.19282913208008 -54.73000717163086 5.300000190734863
vertex 41.040809631347656 -54.72936248779297 10.5
endloop
endfacet
facet normal 0 0 1
outer loop
vertex 33.69331359863281 -59.961891174316406 11.5
vertex 33.582275390625 -59.976009368896484 11.5
vertex 73.50497436523438 -68.74630737304688 11.5
endloop
endfacet
facet normal 0.5477485753247439 0.8366429932949849 3.4791724767307316e-7
outer loop
vertex 76.89017486572266 47.611656188964844 9.5
vertex 75.5429916381836 48.49365997314453 -3.700000047683716
vertex 75.91370391845703 48.25094985961914 9.5
endloop
endfacet
facet normal -0.27421131688561345 0.9616694617652375 -1.279616232075017e-7
outer loop
vertex -64.16446685791016 69.2591552734375 -3.700000047683716
vertex -65.10161590576172 68.99193572998047 -3.700000047683716
vertex -63.5531120300293 69.43347930908203 9.5
endloop
endfacet
facet normal 0.9731755247375345 0.2300638999317896 0
outer loop
vertex 80.0012435913086 42.13700866699219 -3.700000047683716
vertex 79.71586608886719 43.34416198730469 -3.700000047683716
vertex 80.0012435913086 42.13700866699219 9.5
endloop
endfacet
facet normal 0.7849017725237859 -0.619620212298646 0
outer loop
vertex 78.22434997558594 -67.94928741455078 9.5
vertex 79.08380126953125 -66.86058044433594 -3.700000047683716
vertex 79.08380126953125 -66.86058044433594 9.5
endloop
endfacet
facet normal -0.9616688889497718 -0.27421332576319435 0
outer loop
vertex -69.70531463623047 -68.03329467773438 9.5
vertex -69.45172882080078 -68.92262268066406 -3.700000047683716
vertex -69.45172882080078 -68.92262268066406 9.5
endloop
endfacet
facet normal 0 0 -1
outer loop
vertex -23.24422264099121 49.59775161743164 -5.699999809265137
vertex -24.453489303588867 48.756309509277344 -5.699999809265137
vertex -24.429893493652344 50.315673828125 -5.699999809265137
endloop
endfacet
facet normal -0.9999998635242772 0.0005224475352650221 0
outer loop
vertex 72.28215789794922 40.97399139404297 5.300000190734863
vertex 72.23239135742188 -54.282527923583984 5.300000190734863
vertex 72.28215789794922 40.97399139404297 10.5
endloop
endfacet
facet normal 0.30613201191808953 -0.9519890709869295 -6.524115049130665e-7
outer loop
vertex 3.6672933101654053 -70.09447479248047 9.5
vertex 4.07071590423584 -69.96473693847656 -3.450000047683716
vertex 3.8263957500457764 -70.0433120727539 9.5
endloop
endfacet
facet normal -0.00011024042129654195 0.9999999939235247 0
outer loop
vertex 35.19282913208008 -54.73000717163086 5.300000190734863
vertex 35.19282913208008 -54.73000717163086 10.5
vertex 41.040809631347656 -54.72936248779297 10.5
endloop
endfacet
facet normal -0.308096757938197 -0.9513550271836775 5.624685437448059e-7
outer loop
vertex -64.47229766845703 -74.08168029785156 9.5
vertex -63.59251022338867 -74.36660766601562 -3.700000047683716
vertex -64.07109832763672 -74.21160888671875 9.5
endloop
endfacet
facet normal 0 0 -1
outer loop
vertex -2.2054319381713867 41.54631805419922 -5.699999809265137
vertex -3.010734796524048 40.09791946411133 -5.699999809265137
vertex -2.5788614749908447 41.74665451049805 -5.699999809265137
endloop
endfacet
facet normal 0 0 1
outer loop
vertex 3.870204210281372 -68.82758331298828 11.5
vertex 3.9083361625671387 -68.82424926757812 11.5
vertex -4.675653457641602 -62.301124572753906 11.5
endloop
endfacet
facet normal 0.6827478312892108 0.7306540897510115 0
outer loop
vertex -4.674361705780029 -61.801239013671875 5.300000190734863
vertex -5.049220561981201 -61.450958251953125 5.300000190734863
vertex -4.674361705780029 -61.801239013671875 10.5
endloop
endfacet
facet normal -0.9627590952182947 0.2703607304592338 0
outer loop
vertex 34.364219665527344 -55.32928466796875 5.300000190734863
vertex 34.29188537597656 -55.58686828613281 5.300000190734863
vertex 34.364219665527344 -55.32928466796875 10.5
endloop
endfacet
facet normal 0.7306605091117867 -0.682740961437429 0
outer loop
vertex 33.16654968261719 41.481597900390625 10.5
vertex 33.28220748901367 41.60537338256836 5.300000190734863
vertex 33.28220748901367 41.60537338256836 10.5
endloop
endfacet
facet normal 0 0 -1
outer loop
vertex -7.487320899963379 43.875423431396484 -5.699999809265137
vertex -6.769930362701416 45.039764404296875 -5.699999809265137
vertex -6.581567764282227 43.48320770263672 -5.699999809265137
endloop
endfacet
facet normal 0.975097569500474 0.22177630611557309 0
outer loop
vertex -24.154077529907227 -57.86991882324219 10.5
vertex -24.181171417236328 -57.75079345703125 5.300000190734863
vertex -24.181171417236328 -57.75079345703125 10.5
endloop
endfacet
facet normal 0 0 -1
outer loop
vertex -67.41783905029297 -66.1335220336914 -5.699999809265137
vertex -68.76313781738281 -66.09666442871094 -5.699999809265137
vertex -68.76714324951172 32.587154388427734 -5.699999809265137
endloop
endfacet
facet normal -0.6622337836787676 -0.7492972812939489 0
outer loop
vertex -76.50711059570312 37.74895477294922 -3.700000047683716
vertex -76.50711059570312 37.74895477294922 9.5
vertex -76.8970718383789 38.093605041503906 9.5
endloop
endfacet
facet normal 0.6119004613763931 0.7909347794650059 0
outer loop
vertex -39.82710647583008 57.887393951416016 -3.700000047683716
vertex -39.99692916870117 58.018775939941406 -3.700000047683716
vertex -39.82710647583008 57.887393951416016 9.5
endloop
endfacet
facet normal 0 0 1
outer loop
vertex -23.675779342651367 -59.92611312866211 11.5
vertex -61.71122741699219 -73.48770141601562 11.5
vertex -4.15964412689209 -73.48975372314453 11.5
endloop
endfacet
facet normal 0 0 1
outer loop
vertex 14.098836898803711 -62.52460861206055 11.5
vertex 13.969171524047852 -62.59391784667969 11.5
vertex 33.582275390625 -59.976009368896484 11.5
endloop
endfacet
facet normal 0 0 -1
outer loop
vertex -62.27212905883789 -72.08889770507812 -5.699999809265137
vertex -64.05667114257812 -73.00253295898438 -5.699999809265137
vertex -62.91225051879883 -71.96092224121094 -5.699999809265137
endloop
endfacet
facet normal 0 0 1
outer loop
vertex 15.827352523803711 -60.27944564819336 11.5
vertex 15.788076400756836 -60.419307708740234 11.5
vertex 16.249025344848633 -59.9799919128418 11.5
endloop
endfacet
facet normal -0.3706534496837764 -0.9287712421460497 0
outer loop
vertex -61.84378433227539 61.75686264038086 10.5
vertex -61.65732192993164 61.68244934082031 5.300000190734863
vertex -61.65732192993164 61.68244934082031 10.5
endloop
endfacet
facet normal 0 0 1
outer loop
vertex -68.76714324951172 32.587154388427734 11.5
vertex -68.76313781738281 -66.09666442871094 11.5
vertex -62.56806945800781 26.980838775634766 11.5
endloop
endfacet
facet normal -0.8408315965057632 -0.5412968005794689 0
outer loop
vertex -27.438703536987305 44.3710823059082 5.300000190734863
vertex -27.1143856048584 43.8672981262207 5.300000190734863
vertex -27.438703536987305 44.3710823059082 10.5
endloop
endfacet
facet normal 0.9999997371991515 0.0007249838812691308 0
outer loop
vertex -43.1218376159668 -50.88667678833008 5.300000190734863
vertex -43.11783981323242 -56.40100860595703 10.5
vertex -43.11783981323242 -56.40100860595703 5.300000190734863
endloop
endfacet
facet normal 0 0 1
outer loop
vertex -45.049652099609375 28.950180053710938 11.5
vertex -53.29146194458008 32.36543273925781 11.5
vertex -44.968502044677734 28.8566837310791 11.5
endloop
endfacet
facet normal 1 0 0
outer loop
vertex -5.117840766906738 -61.15100860595703 10.5
vertex -5.117840766906738 -60.476009368896484 5.300000190734863
vertex -5.117840766906738 -60.476009368896484 10.5
endloop
endfacet
facet normal 0 0 1
outer loop
vertex -68.76714324951172 32.587154388427734 11.5
vertex -62.50108337402344 27.230512619018555 11.5
vertex -62.43221664428711 27.320781707763672 11.5
endloop
endfacet
facet normal -0.5063448897861357 -0.8623310574178957 0
outer loop
vertex -66.1133804321289 -73.23458862304688 -3.700000047683716
vertex -65.74412536621094 -73.45140838623047 -3.700000047683716
vertex -66.1133804321289 -73.23458862304688 9.5
endloop
endfacet
facet normal -0.5191758505191467 -0.8546674418963909 0
outer loop
vertex -44.60961151123047 51.408966064453125 10.5
vertex -44.33509826660156 51.242210388183594 5.300000190734863
vertex -44.33509826660156 51.242210388183594 10.5
endloop
endfacet
facet normal 0 0 1
outer loop
vertex -53.551361083984375 32.610931396484375 11.5
vertex -61.417964935302734 27.923980712890625 11.5
vertex -53.535491943359375 32.576900482177734 11.5
endloop
endfacet
facet normal -0.3061402416220663 0.9519864245143255 -1.1505609149556877e-7
outer loop
vertex 25.437110900878906 44.898624420166016 -3.700000047683716
vertex 25.092248916625977 44.787723541259766 -3.700000047683716
vertex 25.495670318603516 44.917457580566406 9.5
endloop
endfacet
facet normal 0 0 1
outer loop
vertex -53.29146194458008 32.36543273925781 11.5
vertex -45.187660217285156 27.95990562438965 11.5
vertex -45.070823669433594 28.02252197265625 11.5
endloop
endfacet
facet normal 0 0 1
outer loop
vertex -53.834617614746094 33.32273864746094 11.5
vertex -53.82810974121094 33.64826583862305 11.5
vertex -61.417964935302734 27.923980712890625 11.5
endloop
endfacet
facet normal 0 0 1
outer loop
vertex 3.7172138690948486 -68.865478515625 11.5
vertex 3.870204210281372 -68.82758331298828 11.5
vertex -4.675653457641602 -62.301124572753906 11.5
endloop
endfacet
facet normal 0 0 1
outer loop
vertex 72.00968933105469 42.09406661987305 11.5
vertex 75.00243377685547 47.467403411865234 11.5
vertex 73.71633911132812 47.99595260620117 11.5
endloop
endfacet
facet normal -0.3061470049928863 0.9519842495198475 1.351426873793709e-7
outer loop
vertex 8.584863662719727 42.49864196777344 -3.700000047683716
vertex 8.317694664001465 42.412723541259766 -3.700000047683716
vertex 8.72111701965332 42.542457580566406 9.5
endloop
endfacet
facet normal 0 0 -1
outer loop
vertex -2.0233662128448486 -73.09171295166016 -5.699999809265137
vertex -1.8188477754592896 -71.55781555175781 -5.699999809265137
vertex -1.817840814590454 -73.0080337524414 -5.699999809265137
endloop
endfacet
facet normal 0 0 1
outer loop
vertex -4.15964412689209 -73.48975372314453 11.5
vertex -4.924361705780029 -62.234249114990234 11.5
vertex -5.0157341957092285 -62.16656494140625 11.5
endloop
endfacet
facet normal 0 0 1
outer loop
vertex 8.480073928833008 41.2722282409668 11.5
vertex 13.172516822814941 35.14752197265625 11.5
vertex 13.268570899963379 35.23887634277344 11.5
endloop
endfacet
facet normal 0 0 1
outer loop
vertex -4.675653457641602 -62.301124572753906 11.5
vertex 1.2274223566055298 -70.84577941894531 11.5
vertex 1.7435308694839478 -70.16163635253906 11.5
endloop
endfacet
facet normal -0.9261795109819463 -0.3770828999533695 0
outer loop
vertex -69.45172882080078 -68.92262268066406 -3.700000047683716
vertex -69.3184814453125 -69.2499008178711 -3.700000047683716
vertex -69.45172882080078 -68.92262268066406 9.5
endloop
endfacet
facet normal 0 0 1
outer loop
vertex -69.64788818359375 34.82020568847656 11.5
vertex -69.39124298095703 34.482994079589844 11.5
vertex -55.653873443603516 34.08324432373047 11.5
endloop
endfacet
facet normal -0.022558269512683374 0.9997455298607667 8.858547615379544e-8
outer loop
vertex -54.20840835571289 34.582542419433594 10.5
vertex -54.47588348388672 34.576507568359375 5.300000190734863
vertex -54.42294692993164 34.577701568603516 10.5
endloop
endfacet
facet normal 0 0 1
outer loop
vertex 32.46208190917969 41.40152359008789 11.5
vertex 26.950824737548828 44.48556137084961 11.5
vertex 32.432682037353516 41.239131927490234 11.5
endloop
endfacet
facet normal 0 0 1
outer loop
vertex -68.88516235351562 33.359230041503906 11.5
vertex -68.8384017944336 33.16940689086914 11.5
vertex -55.653873443603516 34.08324432373047 11.5
endloop
endfacet
facet normal 0 0 1
outer loop
vertex -64.6793212890625 67.91162872314453 11.5
vertex -65.92058563232422 67.28498840332031 11.5
vertex -62.69760513305664 62.052188873291016 11.5
endloop
endfacet
facet normal 0.5968863500228995 -0.8023257973892779 0
outer loop
vertex -5.168393611907959 34.02199935913086 5.300000190734863
vertex -5.383052825927734 33.8623046875 10.5
vertex -5.383052825927734 33.8623046875 5.300000190734863
endloop
endfacet
facet normal 0 0 1
outer loop
vertex -66.7006607055664 -71.24989318847656 11.5
vertex -66.11536407470703 -71.79370880126953 11.5
vertex -65.47444915771484 -72.27071380615234 11.5
endloop
endfacet
facet normal 0 0 1
outer loop
vertex -2.0266032218933105 41.46760940551758 11.5
vertex -2.2054319381713867 41.54631805419922 11.5
vertex -4.4179558753967285 35.048980712890625 11.5
endloop
endfacet
facet normal -0.966285543639223 0.25747281051375354 0
outer loop
vertex -8.73557186126709 37.99546432495117 10.5
vertex -9.4733304977417 35.2266845703125 5.300000190734863
vertex -9.4733304977417 35.2266845703125 10.5
endloop
endfacet
facet normal 0 0 -1
outer loop
vertex 30.937286376953125 46.35861587524414 -5.699999809265137
vertex 30.54958152770996 47.65754699707031 -5.699999809265137
vertex 31.780282974243164 46.69660568237305 -5.699999809265137
endloop
endfacet
facet normal 0 0 1
outer loop
vertex -5.774446487426758 -60.11884307861328 11.5
vertex -5.617840766906738 -60.50960159301758 11.5
vertex -5.692038059234619 -60.22267532348633 11.5
endloop
endfacet
facet normal 0 0 1
outer loop
vertex -68.3585433959961 -68.54548645019531 11.5
vertex -68.05728149414062 -69.28544616699219 11.5
vertex -61.67604064941406 -50.426090240478516 11.5
endloop
endfacet
facet normal 0 0 1
outer loop
vertex -72.69632720947266 44.7667236328125 11.5
vertex -78.8462905883789 44.67206954956055 11.5
vertex -72.70391845703125 44.67989730834961 11.5
endloop
endfacet
facet normal 0 0 -1
outer loop
vertex 29.39384651184082 45.26905059814453 -5.699999809265137
vertex 28.28537940979004 46.055137634277344 -5.699999809265137
vertex 29.34343719482422 46.96562576293945 -5.699999809265137
endloop
endfacet
facet normal -0.7200816480372261 -0.6938893428782378 0
outer loop
vertex -9.294585227966309 34.46385955810547 5.300000190734863
vertex -9.108939170837402 34.27120590209961 5.300000190734863
vertex -9.294585227966309 34.46385955810547 10.5
endloop
endfacet
facet normal 0 0 -1
outer loop
vertex 26.405471801757812 44.08970260620117 -5.699999809265137
vertex 26.5685977935791 44.197391510009766 -5.699999809265137
vertex 27.511049270629883 42.809993743896484 -5.699999809265137
endloop
endfacet
facet normal 0 0 1
outer loop
vertex -68.76313781738281 -66.09666442871094 11.5
vertex -61.67604064941406 -50.426090240478516 11.5
vertex -61.84537124633789 -50.39608383178711 11.5
endloop
endfacet
facet normal -0.9519855501797101 -0.3061429604758974 2.959842720172173e-7
outer loop
vertex -69.98157501220703 33.00664520263672 -3.700000047683716
vertex -70.1113052368164 33.41006851196289 9.5
vertex -70.08103942871094 33.315940856933594 -3.700000047683716
endloop
endfacet
facet normal 0 0 1
outer loop
vertex -41.19906234741211 57.48887634277344 11.5
vertex -44.759647369384766 52.44992446899414 11.5
vertex -40.531776428222656 56.97654342651367 11.5
endloop
endfacet
facet normal 0 0 1
outer loop
vertex -62.61781311035156 -49.27568054199219 11.5
vertex -68.76313781738281 -66.09666442871094 11.5
vertex -62.60372543334961 -49.38716506958008 11.5
endloop
endfacet
facet normal 0 0 -1
outer loop
vertex -76.76573944091797 41.73409652709961 -5.699999809265137
vertex -78.3427734375 41.94981002807617 -5.699999809265137
vertex -77.1418228149414 42.5608024597168 -5.699999809265137
endloop
endfacet
facet normal -0.9857697874125031 -0.16810094058246153 0
outer loop
vertex -69.86077117919922 -67.12167358398438 -3.700000047683716
vertex -69.70531463623047 -68.03329467773438 -3.700000047683716
vertex -69.86077117919922 -67.12167358398438 9.5
endloop
endfacet
facet normal 0 0 -1
outer loop
vertex 25.255008697509766 43.64455032348633 -5.699999809265137
vertex 25.445749282836914 43.6884651184082 -5.699999809265137
vertex 25.97098731994629 42.227691650390625 -5.699999809265137
endloop
endfacet
facet normal 0 0 1
outer loop
vertex 8.480073928833008 41.2722282409668 11.5
vertex 8.06053638458252 41.21249771118164 11.5
vertex 12.915292739868164 35.052978515625 11.5
endloop
endfacet
facet normal 0 0 1
outer loop
vertex -78.70508575439453 46.05535125732422 11.5
vertex -78.8462905883789 44.67206954956055 11.5
vertex -72.69632720947266 44.7667236328125 11.5
endloop
endfacet
facet normal 0.22300228866968763 -0.9748179210745366 0
outer loop
vertex 14.429129600524902 36.88898468017578 10.5
vertex 14.582159042358398 36.92399215698242 5.300000190734863
vertex 14.582159042358398 36.92399215698242 10.5
endloop
endfacet
facet normal 0 0 1
outer loop
vertex -72.37357330322266 43.800846099853516 11.5
vertex -75.82593536376953 38.68797302246094 11.5
vertex -72.30321502685547 43.75157928466797 11.5
endloop
endfacet
facet normal 0 0 -1
outer loop
vertex 11.937286376953125 41.60861587524414 -5.699999809265137
vertex 11.133742332458496 42.702728271484375 -5.699999809265137
vertex 12.41700553894043 43.236732482910156 -5.699999809265137
endloop
endfacet
facet normal 0 0 1
outer loop
vertex -58.291099548339844 67.4121322631836 11.5
vertex -44.759647369384766 52.44992446899414 11.5
vertex -41.19906234741211 57.48887634277344 11.5
endloop
endfacet
facet normal 0 0 -1
outer loop
vertex -77.50337219238281 44.415306091308594 -5.699999809265137
vertex -78.8462905883789 44.67206954956055 -5.699999809265137
vertex -77.45561981201172 45.40117645263672 -5.699999809265137
endloop
endfacet
facet normal 0 0 1
outer loop
vertex -61.67604064941406 -50.426090240478516 11.5
vertex -63.29659652709961 -73.24869537353516 11.5
vertex -43.92127990722656 -50.521202087402344 11.5
endloop
endfacet
facet normal 0 0 -1
outer loop
vertex -76.91761016845703 47.213836669921875 -5.699999809265137
vertex -78.30111694335938 47.4018669128418 -5.699999809265137
vertex -77.84327697753906 48.33803176879883 -5.699999809265137
endloop
endfacet
facet normal -0.6827449030073358 -0.7306568260253945 0
outer loop
vertex 72.21353912353516 41.27394485473633 5.300000190734863
vertex 72.21353912353516 41.27394485473633 10.5
vertex 72.0897445678711 41.38962173461914 10.5
endloop
endfacet
facet normal 0 0 -1
outer loop
vertex 10.28915786743164 40.434993743896484 -5.699999809265137
vertex 9.253698348999023 41.52157974243164 -5.699999809265137
vertex 9.6309175491333 41.71470260620117 -5.699999809265137
endloop
endfacet
facet normal 0 0 1
outer loop
vertex -43.60372543334961 -56.51216506958008 11.5
vertex -61.71122741699219 -73.48770141601562 11.5
vertex -43.53510665893555 -56.81211471557617 11.5
endloop
endfacet
facet normal 0 0 1
outer loop
vertex -62.514278411865234 -73.41080474853516 11.5
vertex -43.6178092956543 -56.401371002197266 11.5
vertex -43.62179946899414 -50.942996978759766 11.5
endloop
endfacet
facet normal 0 0 -1
outer loop
vertex -68.00384521484375 35.453102111816406 -5.699999809265137
vertex -70.0888671875 35.253780364990234 -5.699999809265137
vertex -68.2883071899414 35.759185791015625 -5.699999809265137
endloop
endfacet
facet normal 0 0 1
outer loop
vertex -26.717748641967773 44.17912292480469 11.5
vertex -26.622615814208984 44.08680725097656 11.5
vertex -23.2452392578125 49.59607696533203 11.5
endloop
endfacet
facet normal 0 0 -1
outer loop
vertex -67.47533416748047 34.327423095703125 -5.699999809265137
vertex -69.39124298095703 34.482994079589844 -5.699999809265137
vertex -67.5924301147461 34.728538513183594 -5.699999809265137
endloop
endfacet
facet normal 0.07529294338436797 -0.9971614576769994 0
outer loop
vertex -4.116123676300049 -74.64445495605469 -3.700000047683716
vertex -3.939603567123413 -74.6311264038086 -3.700000047683716
vertex -4.116123676300049 -74.64445495605469 9.5
endloop
endfacet
facet normal 0 0 -1
outer loop
vertex 75.50211334228516 -68.38139343261719 -5.699999809265137
vertex 75.80934143066406 -66.72283935546875 -5.699999809265137
vertex 76.51526641845703 -67.86053466796875 -5.699999809265137
endloop
endfacet
facet normal 0 0 -1
outer loop
vertex 77.56377410888672 -63.777626037597656 -5.699999809265137
vertex 78.86853790283203 -64.12728881835938 -5.699999809265137
vertex 78.10069274902344 -66.24237823486328 -5.699999809265137
endloop
endfacet
facet normal -0.3081107987556856 -0.9513504799441219 -4.7151387251686843e-7
outer loop
vertex -64.47229766845703 -74.08168029785156 9.5
vertex -64.07109832763672 -74.21160888671875 -3.700000047683716
vertex -63.59251022338867 -74.36660766601562 -3.700000047683716
endloop
endfacet
facet normal 0.9520692556914014 -0.3058825466861763 0
outer loop
vertex -72.16521453857422 44.80037307739258 10.5
vertex -72.1058578491211 44.98512268066406 5.300000190734863
vertex -72.1058578491211 44.98512268066406 10.5
endloop
endfacet
facet normal 0 0 -1
outer loop
vertex -76.69850158691406 47.63043975830078 -5.699999809265137
vertex -67.93909454345703 65.3971176147461 -5.699999809265137
vertex -67.00047302246094 64.40240478515625 -5.699999809265137
endloop
endfacet
facet normal 0.37708053120006113 -0.9261804753879349 -2.421418438800459e-7
outer loop
vertex -1.646227240562439 -74.18489837646484 9.5
vertex -1.3189551830291748 -74.05165100097656 -3.700000047683716
vertex -1.095133900642395 -73.96052551269531 -3.700000047683716
endloop
endfacet
facet normal 0 0 -1
outer loop
vertex -65.71842956542969 65.7903060913086 -5.699999809265137
vertex -65.92058563232422 67.28498840332031 -5.699999809265137
vertex -64.89503479003906 66.33458709716797 -5.699999809265137
endloop
endfacet
facet normal 0.9748153576408229 0.22301349400337686 0
outer loop
vertex -43.082828521728516 -56.554046630859375 10.5
vertex -43.11783981323242 -56.40100860595703 5.300000190734863
vertex -43.11783981323242 -56.40100860595703 10.5
endloop
endfacet
facet normal 0 0 -1
outer loop
vertex -63.11649703979492 66.97189331054688 -5.699999809265137
vertex -63.3421516418457 68.29290771484375 -5.699999809265137
vertex -62.21382522583008 67.07222747802734 -5.699999809265137
endloop
endfacet
facet normal 0.9751009456688354 0.22176146138529748 0
outer loop
vertex -43.15407943725586 -50.74491882324219 10.5
vertex -43.18117141723633 -50.62579345703125 5.300000190734863
vertex -43.18117141723633 -50.62579345703125 10.5
endloop
endfacet
facet normal 0.25807892272947974 -0.9661238376330392 0
outer loop
vertex 75.91984558105469 -69.46499633789062 -3.700000047683716
vertex 74.57977294921875 -69.82296752929688 9.5
vertex 74.57977294921875 -69.82296752929688 -3.700000047683716
endloop
endfacet
facet normal 0 0 1
outer loop
vertex -54.13602828979492 34.048892974853516 11.5
vertex -54.26460266113281 34.081146240234375 11.5
vertex -55.01754379272461 33.932247161865234 11.5
endloop
endfacet
facet normal 0.7849017725237859 -0.619620212298646 0
outer loop
vertex 79.08380126953125 -66.86058044433594 -3.700000047683716
vertex 78.22434997558594 -67.94928741455078 9.5
vertex 78.22434997558594 -67.94928741455078 -3.700000047683716
endloop
endfacet
facet normal 0.7245999458609005 0.6891697312398445 0.0000010865491380722395
outer loop
vertex -43.307552337646484 -50.389976501464844 10.5
vertex -43.4919319152832 -50.196109771728516 5.300000190734863
vertex -43.3908805847168 -50.302364349365234 10.5
endloop
endfacet
facet normal 0.2433138695587146 0.9699476072862723 0
outer loop
vertex -53.94890213012695 34.5174446105957 5.300000190734863
vertex -54.20840835571289 34.582542419433594 5.300000190734863
vertex -53.94890213012695 34.5174446105957 10.5
endloop
endfacet
facet normal 0 0 1
outer loop
vertex 78.85576629638672 41.96335983276367 11.5
vertex 72.7680435180664 41.085147857666016 11.5
vertex 78.92743682861328 40.922630310058594 11.5
endloop
endfacet
facet normal 0.47237373773028246 -0.8813983502949856 0
outer loop
vertex 32.46818923950195 37.113704681396484 5.300000190734863
vertex 32.46818923950195 37.113704681396484 10.5
vertex 32.23237609863281 36.98732376098633 5.300000190734863
endloop
endfacet
facet normal -0.3706534496837764 -0.9287712421460497 0
outer loop
vertex -61.84378433227539 61.75686264038086 5.300000190734863
vertex -61.65732192993164 61.68244934082031 5.300000190734863
vertex -61.84378433227539 61.75686264038086 10.5
endloop
endfacet
facet normal 0 0 1
outer loop
vertex 27.394418716430664 44.955291748046875 11.5
vertex 27.342086791992188 44.892494201660156 11.5
vertex 32.56778335571289 41.57078170776367 11.5
endloop
endfacet
facet normal 0 0 -1
outer loop
vertex -60.33884048461914 66.83910369873047 -5.699999809265137
vertex -59.22726821899414 67.8699722290039 -5.699999809265137
vertex -59.4152946472168 66.48646545410156 -5.699999809265137
endloop
endfacet
facet normal 0.19885183639168175 0.9800295644334696 0
outer loop
vertex 74.05363464355469 49.105743408203125 9.5
vertex 72.55950164794922 49.40890884399414 -3.700000047683716
vertex 72.55950164794922 49.40890884399414 9.5
endloop
endfacet
facet normal 0 0 -1
outer loop
vertex -41.174644470214844 55.74324417114258 -5.699999809265137
vertex -39.920440673828125 56.63528823852539 -5.699999809265137
vertex -40.810455322265625 55.538291931152344 -5.699999809265137
endloop
endfacet
facet normal 0 0 -1
outer loop
vertex -66.82464599609375 -68.75 -5.699999809265137
vertex -68.3585433959961 -68.54548645019531 -5.699999809265137
vertex -67.07502746582031 -68.14714050292969 -5.699999809265137
endloop
endfacet
facet normal 0 0 1
outer loop
vertex 26.405471801757812 44.08970260620117 11.5
vertex 26.02825164794922 43.89657974243164 11.5
vertex 32.432682037353516 41.239131927490234 11.5
endloop
endfacet
facet normal 0.9999998428286029 -0.0005606627947789391 0
outer loop
vertex 80.02316284179688 -64.26718139648438 -3.700000047683716
vertex 80.08216094970703 40.96202087402344 -3.700000047683716
vertex 80.02316284179688 -64.26718139648438 9.5
endloop
endfacet
facet normal 0.0002298997264905179 -0.9999999735730575 0
outer loop
vertex 14.582159042358398 36.92399215698242 5.300000190734863
vertex 31.97149085998535 36.9279899597168 5.300000190734863
vertex 14.582159042358398 36.92399215698242 10.5
endloop
endfacet
facet normal 0 0 1
outer loop
vertex 74.38553619384766 -68.6796646118164 11.5
vertex 75.50211334228516 -68.38139343261719 11.5
vertex 71.69331359863281 -55.211891174316406 11.5
endloop
endfacet
facet normal -0.5067070676749901 -0.8621182909370303 -1.6467614452224288e-7
outer loop
vertex -76.50711059570312 37.74895477294922 9.5
vertex -74.70417022705078 36.68928527832031 -3.700000047683716
vertex -71.16786193847656 34.61083221435547 -3.700000047683716
endloop
endfacet
facet normal 0 0 1
outer loop
vertex 75.50211334228516 -68.38139343261719 11.5
vertex 76.51526641845703 -67.86053466796875 11.5
vertex 77.39481353759766 -67.13653564453125 11.5
endloop
endfacet
facet normal 0.999999787010905 -0.0006526700120142072 0
outer loop
vertex -62.11783981323242 -49.27600860595703 10.5
vertex -62.11783981323242 -49.27600860595703 5.300000190734863
vertex -62.06806945800781 26.980512619018555 5.300000190734863
endloop
endfacet
facet normal -0.957825696554355 0.2873498477816975 0
outer loop
vertex -79.37995147705078 47.82423400878906 -3.700000047683716
vertex -79.48245239257812 47.482566833496094 -3.700000047683716
vertex -79.37995147705078 47.82423400878906 9.5
endloop
endfacet
facet normal -0.3061470049928891 0.9519842495198564 0
outer loop
vertex 8.317694664001465 42.412723541259766 -3.700000047683716
vertex 8.317694664001465 42.412723541259766 9.5
vertex 8.584863662719727 42.49864196777344 9.5
endloop
endfacet
facet normal 0 0 1
outer loop
vertex 34.895748138427734 -55.4158935546875 11.5
vertex 34.827354431152344 -55.52944564819336 11.5
vertex 73.50497436523438 -68.74630737304688 11.5
endloop
endfacet
facet normal -0.5970425787996689 -0.8022095481233324 0
outer loop
vertex -66.1133804321289 -73.23458862304688 -3.700000047683716
vertex -66.1133804321289 -73.23458862304688 9.5
vertex -66.58853149414062 -72.8809585571289 9.5
endloop
endfacet
facet normal 0 0 1
outer loop
vertex 34.132110595703125 -59.84040069580078 11.5
vertex 34.05311965942383 -59.877235412597656 11.5
vertex 73.50497436523438 -68.74630737304688 11.5
endloop
endfacet
facet normal 0.3801188253239283 0.9249376620261264 0
outer loop
vertex 75.5429916381836 48.49365997314453 -3.700000047683716
vertex 75.23188781738281 48.62151336669922 -3.700000047683716
vertex 75.5429916381836 48.49365997314453 9.5
endloop
endfacet
facet normal -0.6109469566694021 0.7916715329834688 0
outer loop
vertex -66.53905487060547 68.26626586914062 -3.700000047683716
vertex -67.81382751464844 67.28250122070312 -3.700000047683716
vertex -66.53905487060547 68.26626586914062 9.5
endloop
endfacet
facet normal -0.08790724747734899 0.9961286643004286 0
outer loop
vertex -61.94911575317383 69.57502746582031 -3.700000047683716
vertex -62.749671936035156 69.50437927246094 -3.700000047683716
vertex -61.94911575317383 69.57502746582031 9.5
endloop
endfacet
facet normal -0.001300963050398464 -0.9999991537472127 0
outer loop
vertex 33.58216094970703 41.67399215698242 10.5
vertex 33.58216094970703 41.67399215698242 5.300000190734863
vertex 71.83867645263672 41.62422180175781 5.300000190734863
endloop
endfacet
facet normal 0.8814015317633613 0.47236780140606555 0
outer loop
vertex -24.307552337646484 -57.514976501464844 5.300000190734863
vertex -24.181171417236328 -57.75079345703125 10.5
vertex -24.181171417236328 -57.75079345703125 5.300000190734863
endloop
endfacet
facet normal 0.07547098397394303 -0.9971479983322459 0
outer loop
vertex 73.9113540649414 -69.8735580444336 9.5
vertex 74.57977294921875 -69.82296752929688 -3.700000047683716
vertex 74.57977294921875 -69.82296752929688 9.5
endloop
endfacet
facet normal -0.9983486813900564 -0.05744484630265408 0
outer loop
vertex -69.91387939453125 -66.19869232177734 9.5
vertex -69.86077117919922 -67.12167358398438 -3.700000047683716
vertex -69.86077117919922 -67.12167358398438 9.5
endloop
endfacet
facet normal 0 0 -1
outer loop
vertex -23.08452606201172 49.518348693847656 -5.699999809265137
vertex -23.989013671875 48.42519760131836 -5.699999809265137
vertex -23.24422264099121 49.59775161743164 -5.699999809265137
endloop
endfacet
facet normal 0 0 1
outer loop
vertex -62.69760513305664 62.052188873291016 11.5
vertex -62.63510513305664 62.08133316040039 11.5
vertex -64.6793212890625 67.91162872314453 11.5
endloop
endfacet
facet normal 0 0 1
outer loop
vertex -39.81887435913086 56.587928771972656 11.5
vertex -27.250350952148438 44.834251403808594 11.5
vertex -24.429893493652344 50.315673828125 11.5
endloop
endfacet
facet normal -0.8648129796313231 0.5020941249020872 0
outer loop
vertex -78.86251831054688 48.88225173950195 9.5
vertex -72.14004516601562 60.46112060546875 9.5
vertex -78.86251831054688 48.88225173950195 -3.700000047683716
endloop
endfacet
facet normal 0.07531129886318093 -0.9971600715349269 0
outer loop
vertex -3.9395294189453125 -74.63111877441406 9.5
vertex -3.447172164916992 -74.59393310546875 -3.700000047683716
vertex -3.447172164916992 -74.59393310546875 9.5
endloop
endfacet
facet normal 0.0025844404826673405 0.9999966603281191 0
outer loop
vertex 12.93750286102295 -61.84675598144531 5.300000190734863
vertex -4.674361705780029 -61.801239013671875 5.300000190734863
vertex 12.93750286102295 -61.84675598144531 10.5
endloop
endfacet
facet normal 0 0 1
outer loop
vertex 24.8350887298584 43.58749771118164 11.5
vertex 31.915292739868164 37.427978515625 11.5
vertex 25.255008697509766 43.64455032348633 11.5
endloop
endfacet
facet normal -0.998459537619929 0.05548469821309106 0
outer loop
vertex 15.232389450073242 -61.407527923583984 5.300000190734863
vertex 15.291886329650879 -60.33686828613281 10.5
vertex 15.291886329650879 -60.33686828613281 5.300000190734863
endloop
endfacet
facet normal 0 0 -1
outer loop
vertex -23.275676727294922 48.11907958984375 -5.699999809265137
vertex -6.769930362701416 45.039764404296875 -5.699999809265137
vertex -7.487320899963379 43.875423431396484 -5.699999809265137
endloop
endfacet
facet normal 0 0 1
outer loop
vertex 33.471004486083984 42.15987777709961 11.5
vertex 33.58280944824219 42.17393493652344 11.5
vertex 33.607933044433594 48.31927490234375 11.5
endloop
endfacet
facet normal 0 0 -1
outer loop
vertex -3.010734796524048 40.09791946411133 -5.699999809265137
vertex -3.3753879070281982 40.301963806152344 -5.699999809265137
vertex -2.5788614749908447 41.74665451049805 -5.699999809265137
endloop
endfacet
facet normal 0 0 1
outer loop
vertex -65.92058563232422 67.28498840332031 11.5
vertex -67.0213851928711 66.43548583984375 11.5
vertex -62.76899719238281 62.002201080322266 11.5
endloop
endfacet
facet normal -0.20290002951704383 -0.9791994577314913 5.798683715333305e-7
outer loop
vertex -63.59251022338867 -74.36660766601562 9.5
vertex -62.68696975708008 -74.55425262451172 -3.700000047683716
vertex -63.11930465698242 -74.46466064453125 9.5
endloop
endfacet
facet normal 0 0 -1
outer loop
vertex -1.4358115196228027 41.283695220947266 -5.699999809265137
vertex -2.209458589553833 39.86943817138672 -5.699999809265137
vertex -1.6260221004486084 41.32933807373047 -5.699999809265137
endloop
endfacet
facet normal -0.00003585316081994359 -0.9999999993572755 0
outer loop
vertex -61.76640701293945 -74.64239501953125 9.5
vertex -61.76640701293945 -74.64239501953125 -3.700000047683716
vertex -16.65374183654785 -74.64401245117188 -3.700000047683716
endloop
endfacet
facet normal 0 0 -1
outer loop
vertex -1.0175716876983643 41.21544647216797 -5.699999809265137
vertex -0.8359745144844055 41.2010498046875 -5.699999809265137
vertex -1.873273253440857 39.84899139404297 -5.699999809265137
endloop
endfacet
facet normal 0.11426892231849314 0.9934498544930037 0
outer loop
vertex -5.890794277191162 -59.50212478637695 5.300000190734863
vertex -6.117840766906738 -59.476009368896484 5.300000190734863
vertex -5.890794277191162 -59.50212478637695 10.5
endloop
endfacet
facet normal -0.22175575479634807 0.9751022434671669 0
outer loop
vertex 15.931943893432617 -59.539337158203125 5.300000190734863
vertex 16.192829132080078 -59.48000717163086 10.5
vertex 16.192829132080078 -59.48000717163086 5.300000190734863
endloop
endfacet
facet normal 0.22300096804650277 -0.9748182231833393 0
outer loop
vertex 33.42913055419922 41.63898468017578 10.5
vertex 33.58216094970703 41.67399215698242 5.300000190734863
vertex 33.58216094970703 41.67399215698242 10.5
endloop
endfacet
facet normal -0.0002298997264905179 0.9999999735730575 0
outer loop
vertex 16.192829132080078 -59.48000717163086 5.300000190734863
vertex 33.58216094970703 -59.476009368896484 10.5
vertex 33.58216094970703 -59.476009368896484 5.300000190734863
endloop
endfacet
facet normal 0.974815603699944 0.22301241845043898 -2.9522811991297167e-9
outer loop
vertex -24.04922103881836 -59.075958251953125 10.5
vertex -24.117841720581055 -58.77600860595703 5.300000190734863
vertex -24.08283233642578 -58.929039001464844 10.5
endloop
endfacet
facet normal -0.8983255589128647 0.4393303884365305 3.1044642646789405e-7
outer loop
vertex -78.86251831054688 48.88225173950195 9.5
vertex -79.37995147705078 47.82423400878906 -3.700000047683716
vertex -79.21943664550781 48.15243911743164 9.5
endloop
endfacet
facet normal 0 0 1
outer loop
vertex 72.64655303955078 41.52394485473633 11.5
vertex 72.68338775634766 41.44495391845703 11.5
vertex 77.96296691894531 44.600006103515625 11.5
endloop
endfacet
facet normal 0.9999863232394552 0.005230041494397376 -5.017994552608975e-8
outer loop
vertex -24.117841720581055 -58.77600860595703 10.5
vertex -24.12183952331543 -58.01167678833008 5.300000190734863
vertex -24.12118148803711 -58.13744354248047 10.5
endloop
endfacet
facet normal 0 0 -1
outer loop
vertex -4.420111656188965 43.57592010498047 -5.699999809265137
vertex -5.0760111808776855 42.34186935424805 -5.699999809265137
vertex -5.528940200805664 44.42186737060547 -5.699999809265137
endloop
endfacet
facet normal 0.6827478312892108 0.7306540897510115 0
outer loop
vertex -62.04922103881836 -49.575958251953125 5.300000190734863
vertex -61.67436218261719 -49.926239013671875 10.5
vertex -61.67436218261719 -49.926239013671875 5.300000190734863
endloop
endfacet
facet normal 0.6944401201525191 0.7195494847471723 0.0012076931041072592
outer loop
vertex -24.390880584716797 -57.427364349365234 10.5
vertex -24.491933822631836 -57.321109771728516 5.300000190734863
vertex -24.515993118286133 -57.306617736816406 10.5
endloop
endfacet
facet normal -0.5602069932459168 -0.8283526572169425 0
outer loop
vertex -71.16786193847656 34.61083221435547 9.5
vertex -70.8738784790039 34.41201400756836 -3.700000047683716
vertex -70.8738784790039 34.41201400756836 9.5
endloop
endfacet
facet normal -0.7916776647577174 -0.6109390109685086 -7.66754817598027e-7
outer loop
vertex -78.6974105834961 40.0900764465332 9.5
vertex -77.71365356445312 38.815303802490234 -3.700000047683716
vertex -78.35961151123047 39.65234375 9.5
endloop
endfacet
facet normal 0.8566135443263118 -0.5159585600382204 0
outer loop
vertex 32.66205596923828 37.2980842590332 10.5
vertex 32.80009841918945 37.52726745605469 5.300000190734863
vertex 32.80009841918945 37.52726745605469 10.5
endloop
endfacet
facet normal 0.5191592525157842 0.8546775242904441 9.700479033917961e-8
outer loop
vertex -23.04690170288086 50.826637268066406 -3.700000047683716
vertex -23.909055709838867 51.350337982177734 -3.700000047683716
vertex -22.645767211914062 50.58297348022461 9.5
endloop
endfacet
facet normal 0.6891531657312117 -0.7246157010185752 -8.968750175369254e-8
outer loop
vertex 32.46818923950195 37.113704681396484 10.5
vertex 32.66205596923828 37.2980842590332 5.300000190734863
vertex 32.55580139160156 37.19702911376953 10.5
endloop
endfacet
facet normal 0 0 1
outer loop
vertex 15.702235221862793 -61.57854080200195 11.5
vertex 15.59771728515625 -61.7489013671875 11.5
vertex 33.582275390625 -59.976009368896484 11.5
endloop
endfacet
facet normal 0 0 1
outer loop
vertex -24.43224334716797 -59.39735412597656 11.5
vertex -61.71122741699219 -73.48770141601562 11.5
vertex -24.389490127563477 -59.44010543823242 11.5
endloop
endfacet
facet normal 0.26199537162741504 0.9650691297754761 4.667297681683789e-7
outer loop
vertex -17.214017868041992 49.07160949707031 -3.700000047683716
vertex -22.38439178466797 50.47525405883789 -3.700000047683716
vertex -6.3573479652404785 46.12425231933594 9.5
endloop
endfacet
facet normal -0.5103378473941453 -0.8599740004890323 0
outer loop
vertex -9.03081226348877 34.2248420715332 10.5
vertex -8.878856658935547 34.134666442871094 5.300000190734863
vertex -8.878856658935547 34.134666442871094 10.5
endloop
endfacet
facet normal 0.4457144142796814 0.8951752124044323 0
outer loop
vertex -4.915912628173828 45.406551361083984 -3.700000047683716
vertex -6.124331474304199 46.00823211669922 -3.700000047683716
vertex -4.915912628173828 45.406551361083984 9.5
endloop
endfacet
facet normal 0 0 1
outer loop
vertex -24.92127799987793 -57.646202087402344 11.5
vertex -61.71122741699219 -73.48770141601562 11.5
vertex -24.80772590637207 -57.714595794677734 11.5
endloop
endfacet
facet normal 0.6189279342192511 0.7854477781769393 0
outer loop
vertex -2.0276389122009277 42.76129150390625 -3.700000047683716
vertex -2.3604884147644043 43.02357482910156 -3.700000047683716
vertex -2.0276389122009277 42.76129150390625 9.5
endloop
endfacet
facet normal 0.0002305601253867187 -0.999999973421014 0
outer loop
vertex 29.17532730102539 36.927345275878906 10.5
vertex 31.97149085998535 36.9279899597168 5.300000190734863
vertex 31.97149085998535 36.9279899597168 10.5
endloop
endfacet
facet normal 0 0 1
outer loop
vertex 14.99361515045166 -62.26979446411133 11.5
vertex 14.693315505981445 -62.336891174316406 11.5
vertex 33.582275390625 -59.976009368896484 11.5
endloop
endfacet
facet normal 0 0 -1
outer loop
vertex 78.53234100341797 43.33145523071289 -5.699999809265137
vertex 77.12318420410156 43.27323532104492 -5.699999809265137
vertex 77.96296691894531 44.600006103515625 -5.699999809265137
endloop
endfacet
facet normal 0 0 1
outer loop
vertex -53.29146194458008 32.36543273925781 11.5
vertex -61.417964935302734 27.923980712890625 11.5
vertex -45.32805252075195 27.927976608276367 11.5
endloop
endfacet
facet normal -0.00022977264840073693 0.9999999736021745 -4.249621668096902e-7
outer loop
vertex 33.58216094970703 -59.476009368896484 10.5
vertex 16.192829132080078 -59.48000717163086 5.300000190734863
vertex 18.98895835876465 -59.47936248779297 10.5
endloop
endfacet
facet normal 0 0 -1
outer loop
vertex 75.43121337890625 45.576148986816406 -5.699999809265137
vertex 77.16455078125 45.738399505615234 -5.699999809265137
vertex 76.13336181640625 44.8824577331543 -5.699999809265137
endloop
endfacet
facet normal 0 0 -1
outer loop
vertex 75.00243377685547 47.467403411865234 -5.699999809265137
vertex 73.80908966064453 46.54497528076172 -5.699999809265137
vertex 73.71633911132812 47.99595260620117 -5.699999809265137
endloop
endfacet
facet normal -0.9900140235287905 -0.1409689086867571 0
outer loop
vertex -69.98157501220703 33.00664520263672 9.5
vertex -69.92183685302734 32.58710861206055 -3.700000047683716
vertex -69.92183685302734 32.58710861206055 9.5
endloop
endfacet
facet normal 0 0 1
outer loop
vertex -6.769930362701416 45.039764404296875 11.5
vertex -5.07301139831543 34.829566955566406 11.5
vertex -5.039186000823975 34.86339569091797 11.5
endloop
endfacet
facet normal -0.730658369078842 0.6827432516656055 3.503958661854633e-7
outer loop
vertex 15.232389450073242 -61.407527923583984 10.5
vertex 14.882110595703125 -61.782386779785156 5.300000190734863
vertex 14.997735977172852 -61.65864944458008 10.5
endloop
endfacet
facet normal 0 0 1
outer loop
vertex -6.769930362701416 45.039764404296875 11.5
vertex -4.888802528381348 34.950218200683594 11.5
vertex -4.828948020935059 34.96625518798828 11.5
endloop
endfacet
facet normal 0 0 -1
outer loop
vertex 71.96610260009766 46.96128463745117 -5.699999809265137
vertex 33.59206771850586 46.97399139404297 -5.699999809265137
vertex 72.35889434814453 48.27138137817383 -5.699999809265137
endloop
endfacet
facet normal 0.37898019293511986 0.9254047835206276 0
outer loop
vertex -45.00719451904297 29.511646270751953 5.300000190734863
vertex -53.10247802734375 32.826900482177734 5.300000190734863
vertex -45.00719451904297 29.511646270751953 10.5
endloop
endfacet
facet normal 0 0 1
outer loop
vertex 9.732315063476562 41.77916717529297 11.5
vertex 13.918060302734375 37.195640563964844 11.5
vertex 13.960813522338867 37.23839569091797 11.5
endloop
endfacet
facet normal 0.7552172649742146 0.6554745477017906 0
outer loop
vertex -44.546653747558594 29.133447647094727 5.300000190734863
vertex -44.722023010253906 29.33550262451172 5.300000190734863
vertex -44.546653747558594 29.133447647094727 10.5
endloop
endfacet
facet normal -0.07534126915538329 -0.9971578075519816 4.2581558183296145e-7
outer loop
vertex -62.06671142578125 61.77370834350586 10.5
vertex -61.84378433227539 61.75686264038086 5.300000190734863
vertex -61.95573806762695 61.765323638916016 10.5
endloop
endfacet
facet normal 0.4773752599407857 0.8786995283920821 0
outer loop
vertex -1.6552726030349731 42.55899429321289 9.5
vertex -2.0276389122009277 42.76129150390625 -3.700000047683716
vertex -2.0276389122009277 42.76129150390625 9.5
endloop
endfacet
facet normal -0.1422010486790473 0.9898377956789585 0
outer loop
vertex 33.1660041809082 49.463226318359375 -3.700000047683716
vertex 31.593135833740234 49.237266540527344 -3.700000047683716
vertex 33.1660041809082 49.463226318359375 9.5
endloop
endfacet
facet normal 0.6827478312892108 0.7306540897510115 0
outer loop
vertex -42.67436218261719 -57.051239013671875 5.300000190734863
vertex -43.04922103881836 -56.700958251953125 5.300000190734863
vertex -42.67436218261719 -57.051239013671875 10.5
endloop
endfacet
facet normal -0.6522695173430196 0.757987121754126 0
outer loop
vertex 28.67354965209961 47.91254425048828 -3.700000047683716
vertex 27.452980041503906 46.86220932006836 -3.700000047683716
vertex 28.67354965209961 47.91254425048828 9.5
endloop
endfacet
facet normal 0.38103483139425603 0.9245606833866292 0
outer loop
vertex -22.38439178466797 50.47525405883789 9.5
vertex -22.645767211914062 50.58297348022461 -3.700000047683716
vertex -22.645767211914062 50.58297348022461 9.5
endloop
endfacet
facet normal 0 0 1
outer loop
vertex -4.675653457641602 -62.301124572753906 11.5
vertex 2.7589974403381348 -69.26959991455078 11.5
vertex 3.1347124576568604 -69.07359313964844 11.5
endloop
endfacet
facet normal 0 0 1
outer loop
vertex 13.682159423828125 -62.65100860595703 11.5
vertex 13.535841941833496 -62.6365966796875 11.5
vertex 4.490187168121338 -68.75031280517578 11.5
endloop
endfacet
facet normal 0.5159417958396285 0.8566236415753297 0
outer loop
vertex -43.4919319152832 -50.196109771728516 5.300000190734863
vertex -43.72111892700195 -50.05807113647461 5.300000190734863
vertex -43.4919319152832 -50.196109771728516 10.5
endloop
endfacet
facet normal 0 0 1
outer loop
vertex -68.76714324951172 32.587154388427734 11.5
vertex -61.88880157470703 27.825218200683594 11.5
vertex -61.828948974609375 27.84125518798828 11.5
endloop
endfacet
facet normal 0.00024760892626373397 -0.9999999693449092 1.6972174410650672e-8
outer loop
vertex -61.41783905029297 27.423992156982422 10.5
vertex -45.2718505859375 27.427989959716797 5.300000190734863
vertex -47.868141174316406 27.42734718322754 10.5
endloop
endfacet
facet normal 0.22176003850704698 -0.9751012692645571 -5.0293857766143754e-8
outer loop
vertex -45.2718505859375 27.427989959716797 10.5
vertex -45.010963439941406 27.487321853637695 5.300000190734863
vertex -45.13414764404297 27.459306716918945 10.5
endloop
endfacet
facet normal 0.6827464699180471 0.7306553618597562 1.838302485460645e-7
outer loop
vertex -4.674361705780029 -61.801239013671875 10.5
vertex -5.049220561981201 -61.450958251953125 5.300000190734863
vertex -4.92539119720459 -61.56666946411133 10.5
endloop
endfacet
facet normal 0.5255108106127185 0.8507869227539663 0
outer loop
vertex -44.722023010253906 29.33550262451172 10.5
vertex -45.00719451904297 29.511646270751953 5.300000190734863
vertex -45.00719451904297 29.511646270751953 10.5
endloop
endfacet
facet normal 0 0 1
outer loop
vertex -61.417964935302734 27.923980712890625 11.5
vertex -53.551361083984375 32.610931396484375 11.5
vertex -53.78448486328125 33.09547424316406 11.5
endloop
endfacet
facet normal 0 0 1
outer loop
vertex -55.19118881225586 33.932247161865234 11.5
vertex -61.417964935302734 27.923980712890625 11.5
vertex -55.104366302490234 33.924652099609375 11.5
endloop
endfacet
facet normal 0 0 1
outer loop
vertex -53.86073684692383 33.77519989013672 11.5
vertex -53.926597595214844 33.89023971557617 11.5
vertex -61.417964935302734 27.923980712890625 11.5
endloop
endfacet
facet normal -0.0003966632659045174 0.9999999213291236 0
outer loop
vertex 24.672710418701172 44.727989196777344 -3.700000047683716
vertex 14.594130516052246 44.72399139404297 -3.700000047683716
vertex 14.594130516052246 44.72399139404297 9.5
endloop
endfacet
facet normal -0.054882646409997085 0.9984928117533122 0
outer loop
vertex 14.594130516052246 44.72399139404297 -3.700000047683716
vertex 13.651516914367676 44.67218017578125 -3.700000047683716
vertex 14.594130516052246 44.72399139404297 9.5
endloop
endfacet
facet normal 0 0 -1
outer loop
vertex -64.7854995727539 -72.67524719238281 -5.699999809265137
vertex -63.5346794128418 -71.76414489746094 -5.699999809265137
vertex -64.05667114257812 -73.00253295898438 -5.699999809265137
endloop
endfacet
facet normal 0 0 1
outer loop
vertex -61.417964935302734 27.923980712890625 11.5
vertex -53.926597595214844 33.89023971557617 11.5
vertex -54.02060317993164 33.98370361328125 11.5
endloop
endfacet
facet normal 0.9997438678608664 -0.02263180670195227 0
outer loop
vertex -53.33560562133789 33.31144332885742 10.5
vertex -53.32667541503906 33.705928802490234 5.300000190734863
vertex -53.32667541503906 33.705928802490234 10.5
endloop
endfacet
facet normal 0.44571304131195705 0.8951758960139876 0
outer loop
vertex -6.3573479652404785 46.12425231933594 -3.700000047683716
vertex -6.3573479652404785 46.12425231933594 9.5
vertex -6.124331474304199 46.00823211669922 9.5
endloop
endfacet
facet normal 0 0 1
outer loop
vertex -4.675653457641602 -62.301124572753906 11.5
vertex -3.5880112648010254 -73.44657897949219 11.5
vertex -2.0233662128448486 -73.09171295166016 11.5
endloop
endfacet
facet normal 0 0 1
outer loop
vertex 8.670280456542969 41.316314697265625 11.5
vertex 13.376241683959961 35.49229049682617 11.5
vertex 13.432699203491211 36.50825500488281 11.5
endloop
endfacet
facet normal 0 0 1
outer loop
vertex -5.390593528747559 -61.816287994384766 11.5
vertex -4.15964412689209 -73.48975372314453 11.5
vertex -5.0157341957092285 -62.16656494140625 11.5
endloop
endfacet
facet normal -0.9992710191649071 0.03817630491715711 0
outer loop
vertex -9.4733304977417 35.2266845703125 10.5
vertex -9.48354434967041 34.95933532714844 5.300000190734863
vertex -9.48354434967041 34.95933532714844 10.5
endloop
endfacet
facet normal 0 0 1
outer loop
vertex -4.675653457641602 -62.301124572753906 11.5
vertex -1.2834031581878662 -72.79044342041016 11.5
vertex 0.0768570825457573 -71.9565658569336 11.5
endloop
endfacet
facet normal 0 0 1
outer loop
vertex 8.480073928833008 41.2722282409668 11.5
vertex 12.915292739868164 35.052978515625 11.5
vertex 13.055678367614746 35.084903717041016 11.5
endloop
endfacet
facet normal 0 0 1
outer loop
vertex -4.675653457641602 -62.301124572753906 11.5
vertex 1.7435308694839478 -70.16163635253906 11.5
vertex 1.8235795497894287 -70.07202911376953 11.5
endloop
endfacet
facet normal 0.8647940487421394 -0.5021267302785005 0
outer loop
vertex -71.80302429199219 45.506690979003906 10.5
vertex -62.44760513305664 61.619178771972656 5.300000190734863
vertex -62.44760513305664 61.619178771972656 10.5
endloop
endfacet
facet normal 0.24331099248960875 0.969948329001962 1.5261528529249548e-7
outer loop
vertex -53.94890213012695 34.5174446105957 10.5
vertex -54.20840835571289 34.582542419433594 5.300000190734863
vertex -54.09260940551758 34.55349349975586 10.5
endloop
endfacet
facet normal 0.0003127312902131613 0.9999999510995689 0
outer loop
vertex 7.89815616607666 42.352989196777344 -3.700000047683716
vertex -0.8356136679649353 42.35572052001953 -3.700000047683716
vertex 7.89815616607666 42.352989196777344 9.5
endloop
endfacet
facet normal -0.26175349561322003 -0.9651347613334939 0
outer loop
vertex -26.68784523010254 43.55223846435547 5.300000190734863
vertex -8.991025924682617 38.7526969909668 5.300000190734863
vertex -26.68784523010254 43.55223846435547 10.5
endloop
endfacet
facet normal 0 0 1
outer loop
vertex -4.15964412689209 -73.48975372314453 11.5
vertex -5.519067287445068 -61.621971130371094 11.5
vertex -5.535104751586914 -61.56211471557617 11.5
endloop
endfacet
facet normal -0.23486372260303623 0.9720283081294722 0
outer loop
vertex -55.104366302490234 34.424652099609375 5.300000190734863
vertex -55.104366302490234 34.424652099609375 10.5
vertex -54.47588348388672 34.576507568359375 10.5
endloop
endfacet
facet normal 0 0 1
outer loop
vertex -4.15964412689209 -73.48975372314453 11.5
vertex -5.605248928070068 -61.26251220703125 11.5
vertex -5.774446487426758 -60.11884307861328 11.5
endloop
endfacet
facet normal -0.9987967199434067 0.0490419435819178 0
outer loop
vertex -8.71985149383545 38.31562805175781 5.300000190734863
vertex -8.73557186126709 37.99546432495117 5.300000190734863
vertex -8.71985149383545 38.31562805175781 10.5
endloop
endfacet
facet normal 0 0 1
outer loop
vertex -69.01204681396484 33.76356887817383 11.5
vertex -68.88516235351562 33.359230041503906 11.5
vertex -55.653873443603516 34.08324432373047 11.5
endloop
endfacet
facet normal 0 0 1
outer loop
vertex -63.3421516418457 68.29290771484375 11.5
vertex -62.153533935546875 62.26611328125 11.5
vertex -61.957061767578125 68.4151382446289 11.5
endloop
endfacet
facet normal 0 0 1
outer loop
vertex -72.30321502685547 43.75157928466797 11.5
vertex -70.58314514160156 35.605674743652344 11.5
vertex -55.653873443603516 34.08324432373047 11.5
endloop
endfacet
facet normal 0 0 1
outer loop
vertex 32.373619079589844 37.85795211791992 11.5
vertex 25.849172592163086 43.818199157714844 11.5
vertex 32.33696746826172 37.7274284362793 11.5
endloop
endfacet
facet normal 0 0 1
outer loop
vertex -70.58314514160156 35.605674743652344 11.5
vertex -70.52099609375 35.56733322143555 11.5
vertex -55.653873443603516 34.08324432373047 11.5
endloop
endfacet
facet normal 0 0 1
outer loop
vertex -59.22726821899414 67.8699722290039 11.5
vertex -61.472408294677734 62.14581298828125 11.5
vertex -61.40632629394531 62.11476516723633 11.5
endloop
endfacet
facet normal 0 0 1
outer loop
vertex -55.653873443603516 34.08324432373047 11.5
vertex -70.22938537597656 35.36500549316406 11.5
vertex -70.0888671875 35.253780364990234 11.5
endloop
endfacet
facet normal 0 0 1
outer loop
vertex -62.06671142578125 62.27370834350586 11.5
vertex -62.029170989990234 62.270423889160156 11.5
vertex -61.957061767578125 68.4151382446289 11.5
endloop
endfacet
facet normal 0 0 1
outer loop
vertex -5.528940200805664 44.42186737060547 11.5
vertex -4.828948020935059 34.96625518798828 11.5
vertex -4.528996467590332 35.03487777709961 11.5
endloop
endfacet
facet normal -0.2580809087257567 -0.9661233071152395 0
outer loop
vertex -8.735245704650879 34.09629821777344 10.5
vertex -8.608565330505371 34.06245803833008 5.300000190734863
vertex -8.608565330505371 34.06245803833008 10.5
endloop
endfacet
facet normal 0 0 1
outer loop
vertex -4.528996467590332 35.03487777709961 11.5
vertex -3.073580503463745 42.118621826171875 11.5
vertex -3.2158725261688232 42.24790954589844 11.5
endloop
endfacet
facet normal 0 0 1
outer loop
vertex -62.153533935546875 62.26611328125 11.5
vertex -62.06671142578125 62.27370834350586 11.5
vertex -61.957061767578125 68.4151382446289 11.5
endloop
endfacet
facet normal 0 0 1
outer loop
vertex -2.577798366546631 41.74861145019531 11.5
vertex -4.4179558753967285 35.048980712890625 11.5
vertex -2.2054319381713867 41.54631805419922 11.5
endloop
endfacet
facet normal 0.10272962076507947 -0.9947093168446061 0
outer loop
vertex -5.632370471954346 33.76523971557617 5.300000190734863
vertex -5.898500919342041 33.737754821777344 10.5
vertex -5.898500919342041 33.737754821777344 5.300000190734863
endloop
endfacet
facet normal 0 0 -1
outer loop
vertex 31.780282974243164 46.69660568237305 -5.699999809265137
vertex 31.86532211303711 48.10981369018555 -5.699999809265137
vertex 32.743038177490234 46.91414260864258 -5.699999809265137
endloop
endfacet
facet normal 0 0 1
outer loop
vertex -68.57762145996094 -67.77716827392578 11.5
vertex -68.3585433959961 -68.54548645019531 11.5
vertex -68.711669921875 -66.99105072021484 11.5
endloop
endfacet
facet normal 0 0 -1
outer loop
vertex 30.08992576599121 45.85245132446289 -5.699999809265137
vertex 29.34343719482422 46.96562576293945 -5.699999809265137
vertex 30.937286376953125 46.35861587524414 -5.699999809265137
endloop
endfacet
facet normal -0.11896300187677071 -0.9928986877745722 0
outer loop
vertex -8.608565330505371 34.06245803833008 10.5
vertex -5.898500919342041 33.737754821777344 5.300000190734863
vertex -5.898500919342041 33.737754821777344 10.5
endloop
endfacet
facet normal 0 0 1
outer loop
vertex -5.774446487426758 -60.11884307861328 11.5
vertex -5.605248928070068 -61.26251220703125 11.5
vertex -5.617840766906738 -61.15100860595703 11.5
endloop
endfacet
facet normal 0 0 1
outer loop
vertex -5.894392967224121 34.24083709716797 11.5
vertex -6.769930362701416 45.039764404296875 11.5
vertex -8.513823509216309 34.55467987060547 11.5
endloop
endfacet
facet normal 0 0 1
outer loop
vertex -5.528940200805664 44.42186737060547 11.5
vertex -4.528996467590332 35.03487777709961 11.5
vertex -4.420111656188965 43.57592010498047 11.5
endloop
endfacet
facet normal 0 0 1
outer loop
vertex -1.0175716876983643 41.21544647216797 11.5
vertex -1.4358115196228027 41.283695220947266 11.5
vertex -4.4179558753967285 35.048980712890625 11.5
endloop
endfacet
facet normal 0 0 1
outer loop
vertex -68.76313781738281 -66.09666442871094 11.5
vertex -68.711669921875 -66.99105072021484 11.5
vertex -61.67604064941406 -50.426090240478516 11.5
endloop
endfacet
facet normal 0 0 1
outer loop
vertex -61.67604064941406 -50.426090240478516 11.5
vertex -65.47444915771484 -72.27071380615234 11.5
vertex -64.7854995727539 -72.67524719238281 11.5
endloop
endfacet
facet normal 0 0 -1
outer loop
vertex -67.42153930664062 33.91304016113281 -5.699999809265137
vertex -68.76714324951172 32.587154388427734 -5.699999809265137
vertex -68.7813491821289 32.749488830566406 -5.699999809265137
endloop
endfacet
facet normal -0.973627495443668 -0.22814359538696266 0
outer loop
vertex -9.48354434967041 34.95933532714844 5.300000190734863
vertex -9.422505378723145 34.69884490966797 5.300000190734863
vertex -9.48354434967041 34.95933532714844 10.5
endloop
endfacet
facet normal 0 0 1
outer loop
vertex -78.8462905883789 44.67206954956055 11.5
vertex -72.69632720947266 44.593074798583984 11.5
vertex -72.70391845703125 44.67989730834961 11.5
endloop
endfacet
facet normal 0 0 -1
outer loop
vertex 28.74591827392578 44.52446365356445 -5.699999809265137
vertex 27.394418716430664 44.955291748046875 -5.699999809265137
vertex 28.28537940979004 46.055137634277344 -5.699999809265137
endloop
endfacet
facet normal 0.36281472051543306 -0.9318612979286715 0
outer loop
vertex -5.481804370880127 33.823856353759766 10.5
vertex -5.383052825927734 33.8623046875 5.300000190734863
vertex -5.383052825927734 33.8623046875 10.5
endloop
endfacet
facet normal 0.6827499539517221 0.7306521062577178 -2.8663046875455667e-7
outer loop
vertex -61.67436218261719 -49.926239013671875 10.5
vertex -62.04922103881836 -49.575958251953125 5.300000190734863
vertex -61.92549133300781 -49.69157409667969 10.5
endloop
endfacet
facet normal 0 0 -1
outer loop
vertex 26.907920837402344 44.451263427734375 -5.699999809265137
vertex 27.050363540649414 44.58509826660156 -5.699999809265137
vertex 28.075660705566406 43.4227409362793 -5.699999809265137
endloop
endfacet
facet normal -0.9616688889497718 -0.27421332576319435 0
outer loop
vertex -69.70531463623047 -68.03329467773438 -3.700000047683716
vertex -69.45172882080078 -68.92262268066406 -3.700000047683716
vertex -69.70531463623047 -68.03329467773438 9.5
endloop
endfacet
facet normal -0.9999999991799715 -0.0000404976151866602 0
outer loop
vertex -69.92183685302734 32.58710861206055 -3.700000047683716
vertex -69.91783905029297 -66.1298828125 -3.700000047683716
vertex -69.92183685302734 32.58710861206055 9.5
endloop
endfacet
facet normal 0 0 1
outer loop
vertex -72.48519134521484 43.933868408203125 11.5
vertex -77.71614074707031 40.70854568481445 11.5
vertex -72.4352035522461 43.86247634887695 11.5
endloop
endfacet
facet normal 0 0 1
outer loop
vertex -40.531776428222656 56.97654342651367 11.5
vertex -44.571598052978516 52.25666809082031 11.5
vertex -40.36317443847656 56.86814498901367 11.5
endloop
endfacet
facet normal 0 0 -1
outer loop
vertex 27.164735794067383 42.576168060302734 -5.699999809265137
vertex 25.849172592163086 43.818199157714844 -5.699999809265137
vertex 26.02825164794922 43.89657974243164 -5.699999809265137
endloop
endfacet
facet normal -0.8782938575566537 -0.4781212187074033 0
outer loop
vertex -9.422505378723145 34.69884490966797 5.300000190734863
vertex -9.294585227966309 34.46385955810547 5.300000190734863
vertex -9.422505378723145 34.69884490966797 10.5
endloop
endfacet
facet normal 0 0 -1
outer loop
vertex -78.3427734375 41.94981002807617 -5.699999809265137
vertex -76.76573944091797 41.73409652709961 -5.699999809265137
vertex -77.71614074707031 40.70854568481445 -5.699999809265137
endloop
endfacet
facet normal 0 0 -1
outer loop
vertex -76.2214584350586 40.910701751708984 -5.699999809265137
vertex -76.86663818359375 39.607749938964844 -5.699999809265137
vertex -77.71614074707031 40.70854568481445 -5.699999809265137
endloop
endfacet
facet normal 0 0 1
outer loop
vertex -6.769930362701416 45.039764404296875 11.5
vertex -5.750873565673828 34.25566101074219 11.5
vertex -5.627345085144043 34.30375289916992 11.5
endloop
endfacet
facet normal 0 0 -1
outer loop
vertex 25.849172592163086 43.818199157714844 -5.699999809265137
vertex 25.97098731994629 42.227691650390625 -5.699999809265137
vertex 25.445749282836914 43.6884651184082 -5.699999809265137
endloop
endfacet
facet normal -0.9748141491014518 -0.22301877658980293 0
outer loop
vertex 72.24714660644531 41.12702560424805 10.5
vertex 72.28215789794922 40.97399139404297 5.300000190734863
vertex 72.28215789794922 40.97399139404297 10.5
endloop
endfacet
facet normal 0 0 -1
outer loop
vertex 24.8350887298584 43.58749771118164 -5.699999809265137
vertex 25.255008697509766 43.64455032348633 -5.699999809265137
vertex 25.97098731994629 42.227691650390625 -5.699999809265137
endloop
endfacet
facet normal 0.5968863500228995 -0.8023257973892779 0
outer loop
vertex -5.383052825927734 33.8623046875 10.5
vertex -5.168393611907959 34.02199935913086 5.300000190734863
vertex -5.168393611907959 34.02199935913086 10.5
endloop
endfacet
facet normal 0 0 1
outer loop
vertex -72.52202606201172 44.01285934448242 11.5
vertex -77.71614074707031 40.70854568481445 11.5
vertex -72.48519134521484 43.933868408203125 11.5
endloop
endfacet
facet normal 0 0 -1
outer loop
vertex -68.61570739746094 36.01708984375 -5.699999809265137
vertex -75.82593536376953 38.68797302246094 -5.699999809265137
vertex -74.83355712890625 39.628658294677734 -5.699999809265137
endloop
endfacet
facet normal 0.32210726252904126 0.9467031802133286 -1.3104557592243165e-7
outer loop
vertex -1.2540884017944336 42.4224967956543 9.5
vertex -1.6552726030349731 42.55899429321289 -3.700000047683716
vertex -1.4117928743362427 42.47615432739258 9.5
endloop
endfacet
facet normal 0 0 1
outer loop
vertex -78.30111694335938 47.4018669128418 11.5
vertex -72.53816986083984 45.23613357543945 11.5
vertex -77.84327697753906 48.33803176879883 11.5
endloop
endfacet
facet normal 0 0 1
outer loop
vertex -64.6793212890625 67.91162872314453 11.5
vertex -62.63510513305664 62.08133316040039 11.5
vertex -62.254215240478516 62.23586654663086 11.5
endloop
endfacet
facet normal 0 0 1
outer loop
vertex -78.72405242919922 43.286983489990234 11.5
vertex -78.3427734375 41.94981002807617 11.5
vertex -72.68052673339844 44.53409957885742 11.5
endloop
endfacet
facet normal 0 0 1
outer loop
vertex 77.96296691894531 44.600006103515625 11.5
vertex 72.68338775634766 41.44495391845703 11.5
vertex 78.53234100341797 43.33145523071289 11.5
endloop
endfacet
facet normal 0 0 -1
outer loop
vertex 14.592066764831543 42.22399139404297 -5.699999809265137
vertex 14.62607192993164 43.569305419921875 -5.699999809265137
vertex 24.673168182373047 43.57332992553711 -5.699999809265137
endloop
endfacet
facet normal 0.6542918866358343 -0.7562421087737186 0
outer loop
vertex 0.7847892642021179 -72.87096405029297 -3.450000047683716
vertex 1.4841421842575073 -72.2658920288086 -3.450000047683716
vertex 0.7847892642021179 -72.87096405029297 9.5
endloop
endfacet
facet normal -0.9983485988002534 -0.057446281633893204 1.006946993188764e-7
outer loop
vertex -69.91444396972656 -66.18890380859375 -3.700000047683716
vertex -69.86077117919922 -67.12167358398438 -3.700000047683716
vertex -69.91387939453125 -66.19869232177734 9.5
endloop
endfacet
facet normal 0 0 -1
outer loop
vertex 13.74303913116455 42.16414260864258 -5.699999809265137
vertex 12.41700553894043 43.236732482910156 -5.699999809265137
vertex 13.801339149475098 43.52397155761719 -5.699999809265137
endloop
endfacet
facet normal 0 0 1
outer loop
vertex -75.82593536376953 38.68797302246094 11.5
vertex -70.58314514160156 35.605674743652344 11.5
vertex -72.30321502685547 43.75157928466797 11.5
endloop
endfacet
facet normal 0 0 -1
outer loop
vertex 11.937286376953125 41.60861587524414 -5.699999809265137
vertex 12.41700553894043 43.236732482910156 -5.699999809265137
vertex 12.78028392791748 41.94660568237305 -5.699999809265137
endloop
endfacet
facet normal 0.682745777561632 0.7306560088178881 2.773211983376829e-7
outer loop
vertex -42.67436218261719 -57.051239013671875 10.5
vertex -43.04922103881836 -56.700958251953125 5.300000190734863
vertex -42.925392150878906 -56.81666946411133 10.5
endloop
endfacet
facet normal 0.4625320120754896 -0.8866025816595613 0
outer loop
vertex 3.6672933101654053 -70.09447479248047 -3.450000047683716
vertex 3.291578531265259 -70.29048156738281 9.5
vertex 3.291578531265259 -70.29048156738281 -3.450000047683716
endloop
endfacet
facet normal 0 0 -1
outer loop
vertex -77.40303802490234 43.51263427734375 -5.699999809265137
vertex -78.72405242919922 43.286983489990234 -5.699999809265137
vertex -77.50337219238281 44.415306091308594 -5.699999809265137
endloop
endfacet
facet normal 0 0 1
outer loop
vertex -63.29659652709961 -73.24869537353516 11.5
vertex -62.514278411865234 -73.41080474853516 11.5
vertex -43.92127990722656 -50.521202087402344 11.5
endloop
endfacet
facet normal 0 0 -1
outer loop
vertex -77.27025604248047 46.29029083251953 -5.699999809265137
vertex -78.70508575439453 46.05535125732422 -5.699999809265137
vertex -78.30111694335938 47.4018669128418 -5.699999809265137
endloop
endfacet
facet normal 0.30615099168670146 -0.9519829674365237 0
outer loop
vertex 4.07071590423584 -69.96473693847656 -3.450000047683716
vertex 3.6672933101654053 -70.09447479248047 9.5
vertex 3.6672933101654053 -70.09447479248047 -3.450000047683716
endloop
endfacet
facet normal 0 0 1
outer loop
vertex -43.80772399902344 -50.589595794677734 11.5
vertex -62.514278411865234 -73.41080474853516 11.5
vertex -43.71636962890625 -50.68564987182617 11.5
endloop
endfacet
facet normal 0.000057284860611305584 -0.9999999983592223 0
outer loop
vertex 11.682159423828125 -69.90459442138672 -3.450000047683716
vertex 4.490253925323486 -69.9050064086914 9.5
vertex 4.490253925323486 -69.9050064086914 -3.450000047683716
endloop
endfacet
facet normal 0 0 -1
outer loop
vertex 10.28915786743164 40.434993743896484 -5.699999809265137
vertex 9.6309175491333 41.71470260620117 -5.699999809265137
vertex 9.734529495239258 41.77582550048828 -5.699999809265137
endloop
endfacet
facet normal 0 0 1
outer loop
vertex -43.482234954833984 -56.950958251953125 11.5
vertex -61.71122741699219 -73.48770141601562 11.5
vertex -43.43224334716797 -57.02235412597656 11.5
endloop
endfacet
facet normal 0 0 -1
outer loop
vertex 73.50497436523438 -68.74630737304688 -5.699999809265137
vertex 13.182159423828125 -67.40418243408203 -5.699999809265137
vertex 73.55442810058594 -67.40100860595703 -5.699999809265137
endloop
endfacet
facet normal 0.22299042961445517 -0.9748206339114667 -8.98351702295489e-7
outer loop
vertex -4.717792510986328 34.48037338256836 10.5
vertex -4.417840957641602 34.54899215698242 5.300000190734863
vertex -4.5708746910095215 34.513980865478516 10.5
endloop
endfacet
facet normal 0 0 1
outer loop
vertex -75.82593536376953 38.68797302246094 11.5
vertex -72.37357330322266 43.800846099853516 11.5
vertex -76.86663818359375 39.607749938964844 11.5
endloop
endfacet
facet normal 0 0 1
outer loop
vertex -61.71122741699219 -73.48770141601562 11.5
vertex -42.84537124633789 -57.52108383178711 11.5
vertex -42.92436218261719 -57.484249114990234 11.5
endloop
endfacet
facet normal 0 0 -1
outer loop
vertex 8.670280456542969 41.316314697265625 -5.699999809265137
vertex 9.564598083496094 40.023582458496094 -5.699999809265137
vertex 8.480073928833008 41.2722282409668 -5.699999809265137
endloop
endfacet
facet normal 0 0 1
outer loop
vertex -23.2452392578125 49.59607696533203 11.5
vertex -27.027204513549805 44.65510559082031 11.5
vertex -26.84017562866211 44.38080596923828 11.5
endloop
endfacet
facet normal 0 0 -1
outer loop
vertex -70.22938537597656 35.36500549316406 -5.699999809265137
vertex -70.52099609375 35.56733322143555 -5.699999809265137
vertex -68.61570739746094 36.01708984375 -5.699999809265137
endloop
endfacet
facet normal 0 0 1
outer loop
vertex -6.769930362701416 45.039764404296875 11.5
vertex -22.685768127441406 49.3651237487793 11.5
vertex -26.499469757080078 44.01921081542969 11.5
endloop
endfacet
facet normal 0 0 -1
outer loop
vertex -67.5924301147461 34.728538513183594 -5.699999809265137
vertex -69.39124298095703 34.482994079589844 -5.699999809265137
vertex -69.64788818359375 34.82020568847656 -5.699999809265137
endloop
endfacet
facet normal 0 0 1
outer loop
vertex -43.71636962890625 -50.68564987182617 11.5
vertex -62.514278411865234 -73.41080474853516 11.5
vertex -43.65375518798828 -50.802490234375 11.5
endloop
endfacet
facet normal 0 0 -1
outer loop
vertex -67.42153930664062 33.91304016113281 -5.699999809265137
vertex -68.88516235351562 33.359230041503906 -5.699999809265137
vertex -69.014892578125 33.76265335083008 -5.699999809265137
endloop
endfacet
facet normal -0.40965663648670125 -0.9122397931368231 -2.980384284363732e-7
outer loop
vertex -65.31591796875 -73.70284271240234 9.5
vertex -65.07730865478516 -73.80998992919922 -3.700000047683716
vertex -64.47229766845703 -74.08168029785156 -3.700000047683716
endloop
endfacet
facet normal 0.8566166952029542 -0.5159533287997754 0
outer loop
vertex 13.662056922912598 34.9230842590332 10.5
vertex 13.800097465515137 35.15226745605469 5.300000190734863
vertex 13.800097465515137 35.15226745605469 10.5
endloop
endfacet
facet normal 0 0 -1
outer loop
vertex -67.77001953125 35.10678482055664 -5.699999809265137
vertex -69.64788818359375 34.82020568847656 -5.699999809265137
vertex -68.00384521484375 35.453102111816406 -5.699999809265137
endloop
endfacet
facet normal -0.878203212030287 -0.47828769415408356 -6.758067375795062e-7
outer loop
vertex -45.01070022583008 52.017520904541016 10.5
vertex -44.787906646728516 51.60844802856445 5.300000190734863
vertex -44.84873962402344 51.72013854980469 10.5
endloop
endfacet
facet normal 0.6891452881252156 -0.7246231930145075 -5.226407093111106e-7
outer loop
vertex 13.468189239501953 34.738704681396484 10.5
vertex 13.662056922912598 34.9230842590332 5.300000190734863
vertex 13.555803298950195 34.82202911376953 10.5
endloop
endfacet
facet normal 0 0 -1
outer loop
vertex -0.8359745144844055 41.2010498046875 -5.699999809265137
vertex 7.897795677185059 41.19829177856445 -5.699999809265137
vertex -1.873273253440857 39.84899139404297 -5.699999809265137
endloop
endfacet
facet normal 0 0 -1
outer loop
vertex 75.16649627685547 -67.07319641113281 -5.699999809265137
vertex 74.38553619384766 -68.6796646118164 -5.699999809265137
vertex 74.49561309814453 -67.29426574707031 -5.699999809265137
endloop
endfacet
facet normal 0.2217911506916501 -0.9750941931295015 0
outer loop
vertex 13.113248825073242 34.585227966308594 10.5
vertex 13.23237419128418 34.61232376098633 5.300000190734863
vertex 13.23237419128418 34.61232376098633 10.5
endloop
endfacet
facet normal 0 0 -1
outer loop
vertex 76.51526641845703 -67.86053466796875 -5.699999809265137
vertex 76.35172271728516 -66.28568267822266 -5.699999809265137
vertex 77.39481353759766 -67.13653564453125 -5.699999809265137
endloop
endfacet
facet normal 0.0753153848211411 -0.997159762931273 3.018146486242988e-7
outer loop
vertex -4.116123676300049 -74.64445495605469 9.5
vertex -3.939603567123413 -74.6311264038086 -3.700000047683716
vertex -3.447172164916992 -74.59393310546875 -3.700000047683716
endloop
endfacet
facet normal 0 0 -1
outer loop
vertex 77.19103240966797 -65.1246566772461 -5.699999809265137
vertex 77.43501281738281 -64.47216033935547 -5.699999809265137
vertex 78.10069274902344 -66.24237823486328 -5.699999809265137
endloop
endfacet
facet normal 0.00022977318896994628 -0.9999999736020507 -4.231965880800818e-7
outer loop
vertex -4.417840957641602 34.54899215698242 10.5
vertex 12.971489906311035 34.5529899597168 5.300000190734863
vertex 10.17532730102539 34.552345275878906 10.5
endloop
endfacet
facet normal 0.5021734885964749 0.8647668976960474 0
outer loop
vertex -55.40283966064453 34.515533447265625 10.5
vertex -72.05217742919922 44.183868408203125 5.300000190734863
vertex -72.05217742919922 44.183868408203125 10.5
endloop
endfacet
facet normal 0.9562563534479185 0.2925299753708831 0
outer loop
vertex -72.05217742919922 44.183868408203125 10.5
vertex -72.20391845703125 44.67989730834961 5.300000190734863
vertex -72.20391845703125 44.67989730834961 10.5
endloop
endfacet
facet normal 0.37708890887866925 -0.9261770644972237 0
outer loop
vertex -1.646227240562439 -74.18489837646484 -3.700000047683716
vertex -1.3189551830291748 -74.05165100097656 -3.700000047683716
vertex -1.646227240562439 -74.18489837646484 9.5
endloop
endfacet
facet normal 0 0 -1
outer loop
vertex -76.69850158691406 47.63043975830078 -5.699999809265137
vertex -77.84327697753906 48.33803176879883 -5.699999809265137
vertex -67.93909454345703 65.3971176147461 -5.699999809265137
endloop
endfacet
facet normal 0 0 -1
outer loop
vertex -66.38717651367188 65.17576599121094 -5.699999809265137
vertex -67.0213851928711 66.43548583984375 -5.699999809265137
vertex -65.71842956542969 65.7903060913086 -5.699999809265137
endloop
endfacet
facet normal 0.6118987258533776 0.790936122135671 0
outer loop
vertex -40.553070068359375 58.44902801513672 -3.700000047683716
vertex -40.553070068359375 58.44902801513672 9.5
vertex -39.99692916870117 58.018775939941406 9.5
endloop
endfacet
facet normal 0.3770765935336909 -0.9261820785401014 -4.064613382231375e-7
outer loop
vertex -1.646227240562439 -74.18489837646484 9.5
vertex -0.8918659687042236 -73.87776947021484 -3.564180612564087
vertex -0.7897171974182129 -73.836181640625 -3.5438621044158936
endloop
endfacet
facet normal 0 0 -1
outer loop
vertex -64.06832885742188 66.71067810058594 -5.699999809265137
vertex -64.6793212890625 67.91162872314453 -5.699999809265137
vertex -63.3421516418457 68.29290771484375 -5.699999809265137
endloop
endfacet
facet normal 0.2703644417624393 0.9627580530073403 0
outer loop
vertex -43.72111892700195 -50.05807113647461 10.5
vertex -43.97869873046875 -49.98573684692383 5.300000190734863
vertex -43.97869873046875 -49.98573684692383 10.5
endloop
endfacet
facet normal 0 0 -1
outer loop
vertex -62.21382522583008 67.07222747802734 -5.699999809265137
vertex -61.957061767578125 68.4151382446289 -5.699999809265137
vertex -61.22795486450195 67.02447509765625 -5.699999809265137
endloop
endfacet
facet normal 0.5020917548560488 0.8648143556310646 0
outer loop
vertex -57.74687957763672 68.43136596679688 9.5
vertex -50.3886833190918 64.15936279296875 9.5
vertex -57.74687957763672 68.43136596679688 -3.700000047683716
endloop
endfacet
facet normal 0.9750970146450157 0.2217787456682994 4.1644150775992975e-7
outer loop
vertex -43.1218376159668 -50.88667678833008 10.5
vertex -43.18117141723633 -50.62579345703125 5.300000190734863
vertex -43.15407943725586 -50.74491882324219 10.5
endloop
endfacet
facet normal -0.5021025444083456 -0.8648080913697936 0
outer loop
vertex -57.12993621826172 59.05387878417969 10.5
vertex -45.01070022583008 52.017520904541016 5.300000190734863
vertex -45.01070022583008 52.017520904541016 10.5
endloop
endfacet
facet normal 0.4572160190668725 -0.88935567233174 0
outer loop
vertex 77.15343475341797 -68.830810546875 -3.700000047683716
vertex 75.91984558105469 -69.46499633789062 9.5
vertex 75.91984558105469 -69.46499633789062 -3.700000047683716
endloop
endfacet
facet normal 0.6355355049403281 -0.7720716430228869 4.267676168149492e-7
outer loop
vertex 77.15343475341797 -68.830810546875 9.5
vertex 77.53304290771484 -68.51834106445312 -3.700000047683716
vertex 78.22434997558594 -67.94928741455078 -3.700000047683716
endloop
endfacet
facet normal -0.5191758505191467 -0.8546674418963909 0
outer loop
vertex -44.33509826660156 51.242210388183594 5.300000190734863
vertex -44.60961151123047 51.408966064453125 10.5
vertex -44.60961151123047 51.408966064453125 5.300000190734863
endloop
endfacet
facet normal 0.8678409947830514 0.4968420350312196 0
outer loop
vertex -53.52621078491211 34.197235107421875 5.300000190734863
vertex -53.39328384399414 33.965049743652344 10.5
vertex -53.39328384399414 33.965049743652344 5.300000190734863
endloop
endfacet
facet normal 0.7306577989250637 -0.6827438618325188 0
outer loop
vertex 33.28220748901367 41.60537338256836 5.300000190734863
vertex 32.93193054199219 41.23051452636719 10.5
vertex 32.93193054199219 41.23051452636719 5.300000190734863
endloop
endfacet
facet normal -0.23486372260303623 0.9720283081294722 0
outer loop
vertex -54.47588348388672 34.576507568359375 5.300000190734863
vertex -55.104366302490234 34.424652099609375 5.300000190734863
vertex -54.47588348388672 34.576507568359375 10.5
endloop
endfacet
facet normal 0 0 -1
outer loop
vertex -64.13204193115234 -71.50090789794922 -5.699999809265137
vertex -65.47444915771484 -72.27071380615234 -5.699999809265137
vertex -64.69725799560547 -71.17432403564453 -5.699999809265137
endloop
endfacet
facet normal 0.8566135443263118 -0.5159585600382204 0
outer loop
vertex 32.66205596923828 37.2980842590332 5.300000190734863
vertex 32.80009841918945 37.52726745605469 5.300000190734863
vertex 32.66205596923828 37.2980842590332 10.5
endloop
endfacet
facet normal 0 0 1
outer loop
vertex 28.28537940979004 46.055137634277344 11.5
vertex 27.394418716430664 44.955291748046875 11.5
vertex 32.56778335571289 41.57078170776367 11.5
endloop
endfacet
facet normal 0.9711956659005627 -0.23828339962314332 0
outer loop
vertex 79.6926498413086 -65.61429595947266 9.5
vertex 79.6926498413086 -65.61429595947266 -3.700000047683716
vertex 79.85318756103516 -64.95997619628906 -3.700000047683716
endloop
endfacet
facet normal -0.49760032834487095 0.8674064290925428 0
outer loop
vertex 30.0703125 48.71381759643555 9.5
vertex 28.67354965209961 47.91254425048828 -3.700000047683716
vertex 28.67354965209961 47.91254425048828 9.5
endloop
endfacet
facet normal 0.37594162563527656 -0.9266433478500267 0
outer loop
vertex -62.06671142578125 61.77370834350586 5.300000190734863
vertex -62.44760513305664 61.619178771972656 10.5
vertex -62.44760513305664 61.619178771972656 5.300000190734863
endloop
endfacet
facet normal 0.9731755247375257 0.2300638999317875 1.3518098393262763e-7
outer loop
vertex 80.0012435913086 42.13700866699219 9.5
vertex 79.63079071044922 43.70404052734375 -3.700000047683716
vertex 79.71586608886719 43.34416198730469 9.5
endloop
endfacet
facet normal -0.7777733841107826 0.6285447979013596 0
outer loop
vertex 27.452980041503906 46.86220932006836 9.5
vertex 26.572481155395508 45.77266311645508 -3.700000047683716
vertex 26.572481155395508 45.77266311645508 9.5
endloop
endfacet
facet normal 0 0 -1
outer loop
vertex -58.291099548339844 67.4121322631836 -5.699999809265137
vertex -59.4152946472168 66.48646545410156 -5.699999809265137
vertex -59.22726821899414 67.8699722290039 -5.699999809265137
endloop
endfacet
facet normal 0 0 1
outer loop
vertex 27.050363540649414 44.58509826660156 11.5
vertex 26.950824737548828 44.48556137084961 11.5
vertex 32.46208190917969 41.40152359008789 11.5
endloop
endfacet
facet normal 0 0 -1
outer loop
vertex 78.86853790283203 -64.12728881835938 -5.699999809265137
vertex 77.56377410888672 -63.777626037597656 -5.699999809265137
vertex 77.58216094970703 40.96408462524414 -5.699999809265137
endloop
endfacet
facet normal -0.7313306541602587 0.6820230745990403 0
outer loop
vertex 26.20859718322754 45.370113372802734 9.5
vertex 26.43836212158203 45.61648941040039 9.5
vertex 26.20859718322754 45.370113372802734 -3.700000047683716
endloop
endfacet
facet normal 0 0 1
outer loop
vertex 71.69331359863281 -55.211891174316406 11.5
vertex 78.10069274902344 -66.24237823486328 11.5
vertex 78.60073852539062 -65.21878814697266 11.5
endloop
endfacet
facet normal -0.09531248003575378 -0.995447402502731 0
outer loop
vertex -61.76640701293945 -74.64239501953125 -3.700000047683716
vertex -62.68696975708008 -74.55425262451172 9.5
vertex -62.68696975708008 -74.55425262451172 -3.700000047683716
endloop
endfacet
facet normal -0.605629163806384 0.7957470175546874 0
outer loop
vertex 25.87138557434082 45.11346435546875 9.5
vertex 25.99267578125 45.20577621459961 9.5
vertex 25.87138557434082 45.11346435546875 -3.700000047683716
endloop
endfacet
facet normal 0 0 -1
outer loop
vertex -64.69725799560547 -71.17432403564453 -5.699999809265137
vertex -66.11536407470703 -71.79370880126953 -5.699999809265137
vertex -65.2236557006836 -70.78826141357422 -5.699999809265137
endloop
endfacet
facet normal 0 0 1
outer loop
vertex 26.5685977935791 44.197391510009766 11.5
vertex 26.405471801757812 44.08970260620117 11.5
vertex 32.432682037353516 41.239131927490234 11.5
endloop
endfacet
facet normal 0 0 -1
outer loop
vertex -67.67739868164062 -69.98829650878906 -5.699999809265137
vertex -68.05728149414062 -69.28544616699219 -5.699999809265137
vertex -66.51024627685547 -69.32209014892578 -5.699999809265137
endloop
endfacet
facet normal -0.3061637456955794 0.9519788657429289 6.77570893090353e-7
outer loop
vertex 25.495670318603516 44.917457580566406 9.5
vertex 25.092248916625977 44.787723541259766 -3.700000047683716
vertex 25.437110900878906 44.898624420166016 9.5
endloop
endfacet
facet normal -0.2742113168856157 0.9616694617652453 0
outer loop
vertex -65.10161590576172 68.99193572998047 9.5
vertex -64.16446685791016 69.2591552734375 9.5
vertex -65.10161590576172 68.99193572998047 -3.700000047683716
endloop
endfacet
facet normal 0.38012346505422423 0.924935755236638 0
outer loop
vertex 74.05363464355469 49.105743408203125 9.5
vertex 75.23188781738281 48.62151336669922 9.5
vertex 74.05363464355469 49.105743408203125 -3.700000047683716
endloop
endfacet
facet normal 0 0 1
outer loop
vertex 72.13211059570312 -55.09040069580078 11.5
vertex 78.86853790283203 -64.12728881835938 11.5
vertex 72.20350646972656 -55.040409088134766 11.5
endloop
endfacet
facet normal 0 0 1
outer loop
vertex 78.86853790283203 -64.12728881835938 11.5
vertex 71.99361419677734 -55.14479446411133 11.5
vertex 71.69331359863281 -55.211891174316406 11.5
endloop
endfacet
facet normal -0.054882646409997085 0.9984928117533122 0
outer loop
vertex 14.594130516052246 44.72399139404297 9.5
vertex 13.651516914367676 44.67218017578125 -3.700000047683716
vertex 13.651516914367676 44.67218017578125 9.5
endloop
endfacet
facet normal 0.6542918866358343 -0.7562421087737186 0
outer loop
vertex 0.7847892642021179 -72.87096405029297 9.5
vertex 1.4841421842575073 -72.2658920288086 -3.450000047683716
vertex 1.4841421842575073 -72.2658920288086 9.5
endloop
endfacet
facet normal -0.001300963050398464 -0.9999991537472127 0
outer loop
vertex 71.83867645263672 41.62422180175781 5.300000190734863
vertex 71.83867645263672 41.62422180175781 10.5
vertex 33.58216094970703 41.67399215698242 10.5
endloop
endfacet
facet normal -0.5067061715731406 -0.8621188176172069 0
outer loop
vertex -76.50711059570312 37.74895477294922 9.5
vertex -76.50711059570312 37.74895477294922 -3.700000047683716
vertex -74.70417022705078 36.68928527832031 -3.700000047683716
endloop
endfacet
facet normal -0.9999999991799715 -0.0000404976151866602 0
outer loop
vertex -69.91783905029297 -66.1298828125 -3.700000047683716
vertex -69.91783905029297 -66.1298828125 9.5
vertex -69.92183685302734 32.58710861206055 9.5
endloop
endfacet
facet normal -0.79167766475795 -0.6109390109686881 0
outer loop
vertex -78.6974105834961 40.0900764465332 -3.700000047683716
vertex -78.35961151123047 39.65234375 -3.700000047683716
vertex -78.6974105834961 40.0900764465332 9.5
endloop
endfacet
facet normal -0.6622330365641294 -0.7492979415980351 0
outer loop
vertex -77.71365356445312 38.815303802490234 9.5
vertex -77.71365356445312 38.815303802490234 -3.700000047683716
vertex -76.8970718383789 38.093605041503906 -3.700000047683716
endloop
endfacet
facet normal 0.7306559443360258 -0.6827458465684214 0
outer loop
vertex 14.282207489013672 36.85537338256836 5.300000190734863
vertex 13.931928634643555 36.48051452636719 10.5
vertex 13.931928634643555 36.48051452636719 5.300000190734863
endloop
endfacet
facet normal -0.6820087570245568 -0.7313440061570335 0
outer loop
vertex -70.8738784790039 34.41201400756836 -3.700000047683716
vertex -70.70587158203125 34.255340576171875 -3.700000047683716
vertex -70.8738784790039 34.41201400756836 9.5
endloop
endfacet
facet normal -0.26175365187301597 -0.9651347189542059 -5.709043522693908e-7
outer loop
vertex -26.68784523010254 43.55223846435547 10.5
vertex -8.991025924682617 38.7526969909668 5.300000190734863
vertex -10.740799903869629 39.22724914550781 10.5
endloop
endfacet
facet normal 0.6891526488285518 -0.7246161926237853 0
outer loop
vertex 13.662056922912598 34.9230842590332 5.300000190734863
vertex 13.468189239501953 34.738704681396484 10.5
vertex 13.468189239501953 34.738704681396484 5.300000190734863
endloop
endfacet
facet normal -0.961673997875029 -0.27419540807799575 0
outer loop
vertex -79.8646240234375 43.07602310180664 -3.700000047683716
vertex -79.8357162475586 42.97463607788086 -3.700000047683716
vertex -79.8646240234375 43.07602310180664 9.5
endloop
endfacet
facet normal -0.7562394890486605 -0.6542949145480355 0
outer loop
vertex -68.13780212402344 -71.3536376953125 9.5
vertex -67.53272247314453 -72.05299377441406 -3.700000047683716
vertex -67.53272247314453 -72.05299377441406 9.5
endloop
endfacet
facet normal -0.9948302894329257 0.10155144128372129 0
outer loop
vertex -79.84265899658203 46.281917572021484 -3.700000047683716
vertex -80.00617980957031 44.680015563964844 -3.700000047683716
vertex -79.84265899658203 46.281917572021484 9.5
endloop
endfacet
facet normal -0.5522625850955588 0.8336702208328965 0
outer loop
vertex 10.58813190460205 43.72637176513672 9.5
vertex 9.096832275390625 42.73846435546875 -3.700000047683716
vertex 9.096832275390625 42.73846435546875 9.5
endloop
endfacet
facet normal -0.8983206312285826 0.43934046422860284 -6.903197778762115e-7
outer loop
vertex -79.21943664550781 48.15243911743164 -3.700000047683716
vertex -79.37995147705078 47.82423400878906 -3.700000047683716
vertex -78.86251831054688 48.88225173950195 9.5
endloop
endfacet
facet normal 0.00022989973909879217 -0.9999999735730546 0
outer loop
vertex -4.417840957641602 34.54899215698242 10.5
vertex -4.417840957641602 34.54899215698242 5.300000190734863
vertex 12.971489906311035 34.5529899597168 5.300000190734863
endloop
endfacet
facet normal -0.6109469566694021 0.7916715329834688 0
outer loop
vertex -66.53905487060547 68.26626586914062 9.5
vertex -67.81382751464844 67.28250122070312 -3.700000047683716
vertex -67.81382751464844 67.28250122070312 9.5
endloop
endfacet
facet normal -0.680668190153339 -0.7325918474248051 2.984841927506478e-7
outer loop
vertex -67.53272247314453 -72.05299377441406 9.5
vertex -66.8552474975586 -72.68245697021484 -3.700000047683716
vertex -67.01829528808594 -72.53096008300781 9.5
endloop
endfacet
facet normal 0 0 1
outer loop
vertex 35.108638763427734 -55.26192092895508 11.5
vertex 34.99180221557617 -55.32453918457031 11.5
vertex 73.50497436523438 -68.74630737304688 11.5
endloop
endfacet
facet normal 0 0 1
outer loop
vertex 34.79069900512695 -55.659969329833984 11.5
vertex 34.73163604736328 -59.0411491394043 11.5
vertex 73.50497436523438 -68.74630737304688 11.5
endloop
endfacet
facet normal -0.974817556682662 -0.22300388154300116 0
outer loop
vertex 72.28215789794922 40.97399139404297 5.300000190734863
vertex 72.21353912353516 41.27394485473633 10.5
vertex 72.21353912353516 41.27394485473633 5.300000190734863
endloop
endfacet
facet normal 0 0 1
outer loop
vertex 34.24625778198242 -59.747657775878906 11.5
vertex 34.2035026550293 -59.790409088134766 11.5
vertex 73.50497436523438 -68.74630737304688 11.5
endloop
endfacet
facet normal 0.547748575324777 0.8366429932950356 0
outer loop
vertex 76.89017486572266 47.611656188964844 -3.700000047683716
vertex 75.91370391845703 48.25094985961914 -3.700000047683716
vertex 76.89017486572266 47.611656188964844 9.5
endloop
endfacet
facet normal 0 0 1
outer loop
vertex 33.993614196777344 -59.89479446411133 11.5
vertex 33.69331359863281 -59.961891174316406 11.5
vertex 73.50497436523438 -68.74630737304688 11.5
endloop
endfacet
facet normal -0.5970403055509723 -0.8022112399783397 1.2715358515760372e-7
outer loop
vertex -66.8552474975586 -72.68245697021484 9.5
vertex -66.1133804321289 -73.23458862304688 -3.700000047683716
vertex -66.58853149414062 -72.8809585571289 9.5
endloop
endfacet
facet normal -0.8648130834084291 0.5020939461550421 -2.51434912768855e-7
outer loop
vertex -72.14005279541016 60.46111297607422 -3.700000047683716
vertex -78.86251831054688 48.88225173950195 -3.700000047683716
vertex -68.88018035888672 66.07596588134766 9.5
endloop
endfacet
facet normal 0.5477572467172592 0.8366373160861807 -9.164217026783973e-7
outer loop
vertex 75.91370391845703 48.25094985961914 -3.700000047683716
vertex 75.5429916381836 48.49365997314453 -3.700000047683716
vertex 76.89017486572266 47.611656188964844 9.5
endloop
endfacet
facet normal -0.864813340074434 0.5020935040700102 0
outer loop
vertex -68.88018035888672 66.07596588134766 -3.700000047683716
vertex -72.14005279541016 60.46111297607422 -3.700000047683716
vertex -68.88018035888672 66.07596588134766 9.5
endloop
endfacet
facet normal 0.6957226752173928 0.7183104894043759 0
outer loop
vertex 78.04682159423828 46.491390228271484 -3.700000047683716
vertex 77.7423324584961 46.78630447387695 -3.700000047683716
vertex 78.04682159423828 46.491390228271484 9.5
endloop
endfacet
facet normal -0.4506633822417784 0.8926939654251063 0
outer loop
vertex -65.10161590576172 68.99193572998047 -3.700000047683716
vertex -66.53905487060547 68.26626586914062 -3.700000047683716
vertex -65.10161590576172 68.99193572998047 9.5
endloop
endfacet
facet normal -0.5063448897861341 -0.8623310574178932 -7.569045558356271e-8
outer loop
vertex -66.1133804321289 -73.23458862304688 9.5
vertex -65.31591796875 -73.70284271240234 -3.700000047683716
vertex -65.74412536621094 -73.45140838623047 9.5
endloop
endfacet
facet normal 0.9123183448081995 0.4094816695852722 -2.9197060431436326e-7
outer loop
vertex 79.40233612060547 44.2130241394043 -3.700000047683716
vertex 78.97142791748047 45.17308044433594 -3.700000047683716
vertex 79.63079071044922 43.70404052734375 9.5
endloop
endfacet
facet normal 0.97119641552866 -0.23828034426759262 0
outer loop
vertex 79.85318756103516 -64.95997619628906 9.5
vertex 80.02316284179688 -64.26718139648438 -3.700000047683716
vertex 80.02316284179688 -64.26718139648438 9.5
endloop
endfacet
facet normal 0.0033622646315947828 0.9999943475722987 0
outer loop
vertex -24.978700637817383 -57.11073684692383 5.300000190734863
vertex -42.67436218261719 -57.051239013671875 5.300000190734863
vertex -24.978700637817383 -57.11073684692383 10.5
endloop
endfacet
facet normal 0.8985134181931564 -0.4389460528662376 0
outer loop
vertex 79.54957580566406 -65.90716552734375 9.5
vertex 79.6926498413086 -65.61429595947266 -3.700000047683716
vertex 79.6926498413086 -65.61429595947266 9.5
endloop
endfacet
facet normal -0.926179510981828 -0.37708289995332134 5.051303176189681e-7
outer loop
vertex -69.45172882080078 -68.92262268066406 9.5
vertex -69.10301971435547 -69.77912902832031 -3.700000047683716
vertex -69.3184814453125 -69.2499008178711 9.5
endloop
endfacet
facet normal 0.6355355049403859 -0.7720716430229573 0
outer loop
vertex 77.53304290771484 -68.51834106445312 9.5
vertex 78.22434997558594 -67.94928741455078 -3.700000047683716
vertex 78.22434997558594 -67.94928741455078 9.5
endloop
endfacet
facet normal 0.6827478312892108 0.7306540897510115 0
outer loop
vertex -23.674362182617188 -59.426239013671875 5.300000190734863
vertex -24.04922103881836 -59.075958251953125 5.300000190734863
vertex -23.674362182617188 -59.426239013671875 10.5
endloop
endfacet
facet normal 0.4572160190668725 -0.88935567233174 0
outer loop
vertex 75.91984558105469 -69.46499633789062 9.5
vertex 77.15343475341797 -68.830810546875 -3.700000047683716
vertex 77.15343475341797 -68.830810546875 9.5
endloop
endfacet
facet normal 0.9123183448082384 0.40948166958528964 0
outer loop
vertex 79.40233612060547 44.2130241394043 9.5
vertex 78.97142791748047 45.17308044433594 -3.700000047683716
vertex 78.97142791748047 45.17308044433594 9.5
endloop
endfacet
facet normal 0.2873668523671376 0.957820594976222 0
outer loop
vertex -58.804901123046875 68.94879913330078 -3.700000047683716
vertex -58.92861557006836 68.98591613769531 -3.700000047683716
vertex -58.804901123046875 68.94879913330078 9.5
endloop
endfacet
facet normal 0.7246109396556658 0.6891581720703406 0
outer loop
vertex -24.307552337646484 -57.514976501464844 5.300000190734863
vertex -24.491933822631836 -57.321109771728516 5.300000190734863
vertex -24.307552337646484 -57.514976501464844 10.5
endloop
endfacet
facet normal 0.5020916920605841 0.8648143920886954 0
outer loop
vertex -40.553070068359375 58.44902801513672 -3.700000047683716
vertex -50.3886833190918 64.15936279296875 -3.700000047683716
vertex -40.553070068359375 58.44902801513672 9.5
endloop
endfacet
facet normal -0.9857697874125031 -0.16810094058246153 0
outer loop
vertex -69.86077117919922 -67.12167358398438 9.5
vertex -69.70531463623047 -68.03329467773438 -3.700000047683716
vertex -69.70531463623047 -68.03329467773438 9.5
endloop
endfacet
facet normal 0.25807892272947974 -0.9661238376330392 0
outer loop
vertex 74.57977294921875 -69.82296752929688 9.5
vertex 75.91984558105469 -69.46499633789062 -3.700000047683716
vertex 75.91984558105469 -69.46499633789062 9.5
endloop
endfacet
facet normal 0.19885183639168175 0.9800295644334696 0
outer loop
vertex 74.05363464355469 49.105743408203125 -3.700000047683716
vertex 72.55950164794922 49.40890884399414 -3.700000047683716
vertex 74.05363464355469 49.105743408203125 9.5
endloop
endfacet
facet normal -0.7200816480372261 -0.6938893428782378 0
outer loop
vertex -9.294585227966309 34.46385955810547 10.5
vertex -9.108939170837402 34.27120590209961 5.300000190734863
vertex -9.108939170837402 34.27120590209961 10.5
endloop
endfacet
facet normal 0 0 -1
outer loop
vertex -23.989013671875 48.42519760131836 -5.699999809265137
vertex -23.08452606201172 49.518348693847656 -5.699999809265137
vertex -23.61684799194336 48.235198974609375 -5.699999809265137
endloop
endfacet
facet normal 0.9976371003867293 0.06870382763688672 0
outer loop
vertex 80.08216094970703 40.96202087402344 -3.700000047683716
vertex 80.0012435913086 42.13700866699219 -3.700000047683716
vertex 80.08216094970703 40.96202087402344 9.5
endloop
endfacet
facet normal 0 0 -1
outer loop
vertex -23.275676727294922 48.11907958984375 -5.699999809265137
vertex -22.823152542114258 49.41062927246094 -5.699999809265137
vertex -22.685768127441406 49.3651237487793 -5.699999809265137
endloop
endfacet
facet normal 0.00005789018053175365 -0.9999999983243635 0
outer loop
vertex 4.490253925323486 -69.9050064086914 9.5
vertex 73.54864501953125 -69.90100860595703 -3.700000047683716
vertex 73.54864501953125 -69.90100860595703 9.5
endloop
endfacet
facet normal 0 0 1
outer loop
vertex -65.92058563232422 67.28498840332031 11.5
vertex -62.76899719238281 62.002201080322266 11.5
vertex -62.69760513305664 62.052188873291016 11.5
endloop
endfacet
facet normal -0.822854834440364 -0.5682516356669123 0
outer loop
vertex -68.6633071899414 -70.59268188476562 -3.700000047683716
vertex -68.13780212402344 -71.3536376953125 -3.700000047683716
vertex -68.6633071899414 -70.59268188476562 9.5
endloop
endfacet
facet normal -0.8648135540821026 0.5020931354584877 0.0000011604823917079092
outer loop
vertex -68.88018035888672 66.07596588134766 9.5
vertex -78.86251831054688 48.88225173950195 -3.700000047683716
vertex -72.14004516601562 60.46112060546875 9.5
endloop
endfacet
facet normal 0.3061633512054686 -0.9519789926141421 0
outer loop
vertex 3.8263957500457764 -70.0433120727539 9.5
vertex 4.07071590423584 -69.96473693847656 -3.450000047683716
vertex 4.07071590423584 -69.96473693847656 9.5
endloop
endfacet
facet normal 0.16809373542082695 -0.9857710160642142 0
outer loop
vertex -3.447172164916992 -74.59393310546875 9.5
vertex -2.535555601119995 -74.43848419189453 -3.700000047683716
vertex -2.535555601119995 -74.43848419189453 9.5
endloop
endfacet
facet normal 0.8647941721233214 -0.502126517783655 0
outer loop
vertex -72.1058578491211 44.98512268066406 5.300000190734863
vertex -62.44760513305664 61.619178771972656 5.300000190734863
vertex -72.1058578491211 44.98512268066406 10.5
endloop
endfacet
facet normal 0 0 1
outer loop
vertex 33.2629508972168 48.31059646606445 11.5
vertex 33.471004486083984 42.15987777709961 11.5
vertex 33.607933044433594 48.31927490234375 11.5
endloop
endfacet
facet normal -0.22301700992529375 0.9748145532787154 0
outer loop
vertex 14.882110595703125 -61.782386779785156 5.300000190734863
vertex 14.582159042358398 -61.851009368896484 5.300000190734863
vertex 14.882110595703125 -61.782386779785156 10.5
endloop
endfacet
facet normal 0.3770775713072766 -0.9261816804585402 0
outer loop
vertex -1.3189551830291748 -74.05165100097656 9.5
vertex -0.7897171974182129 -73.836181640625 -3.5438621044158936
vertex -0.7897171974182129 -73.836181640625 9.5
endloop
endfacet
facet normal -0.8566151197656988 0.5159559444261955 -2.6471966013685505e-7
outer loop
vertex 15.36422061920166 -60.07928466796875 5.300000190734863
vertex 15.48776912689209 -59.87416076660156 10.5
vertex 15.502262115478516 -59.850101470947266 5.300000190734863
endloop
endfacet
facet normal -0.4096429156298258 -0.9122459545943322 7.557028619339127e-7
outer loop
vertex -65.31591796875 -73.70284271240234 9.5
vertex -64.47229766845703 -74.08168029785156 -3.700000047683716
vertex -65.07730865478516 -73.80998992919922 9.5
endloop
endfacet
facet normal 0 0 -1
outer loop
vertex -22.685768127441406 49.3651237487793 -5.699999809265137
vertex -6.769930362701416 45.039764404296875 -5.699999809265137
vertex -23.275676727294922 48.11907958984375 -5.699999809265137
endloop
endfacet
facet normal -0.472370769552202 0.8813999410441667 0
outer loop
vertex 15.696128845214844 -59.66571807861328 5.300000190734863
vertex 15.931943893432617 -59.539337158203125 10.5
vertex 15.931943893432617 -59.539337158203125 5.300000190734863
endloop
endfacet
facet normal 0 0 1
outer loop
vertex -39.81887435913086 56.587928771972656 11.5
vertex -44.286415100097656 51.79766082763672 11.5
vertex -27.250350952148438 44.834251403808594 11.5
endloop
endfacet
facet normal 0 0 -1
outer loop
vertex -3.989259719848633 40.865352630615234 -5.699999809265137
vertex -2.742312431335449 41.854331970214844 -5.699999809265137
vertex -3.704188108444214 40.559837341308594 -5.699999809265137
endloop
endfacet
facet normal 0 0 -1
outer loop
vertex -2.742312431335449 41.854331970214844 -5.699999809265137
vertex -3.989259719848633 40.865352630615234 -5.699999809265137
vertex -3.073580503463745 42.118621826171875 -5.699999809265137
endloop
endfacet
facet normal 0 0 -1
outer loop
vertex -2.6189637184143066 39.95258331298828 -5.699999809265137
vertex -1.6260221004486084 41.32933807373047 -5.699999809265137
vertex -2.209458589553833 39.86943817138672 -5.699999809265137
endloop
endfacet
facet normal 0 0 1
outer loop
vertex 72.69942474365234 41.38509750366211 11.5
vertex 72.7680435180664 41.085147857666016 11.5
vertex 78.53234100341797 43.33145523071289 11.5
endloop
endfacet
facet normal 0 0 -1
outer loop
vertex -2.209458589553833 39.86943817138672 -5.699999809265137
vertex -1.0175716876983643 41.21544647216797 -5.699999809265137
vertex -1.873273253440857 39.84899139404297 -5.699999809265137
endloop
endfacet
facet normal -0.2029170050355402 -0.9791959400791073 0
outer loop
vertex -63.11930465698242 -74.46466064453125 9.5
vertex -62.68696975708008 -74.55425262451172 -3.700000047683716
vertex -62.68696975708008 -74.55425262451172 9.5
endloop
endfacet
facet normal 0 0 1
outer loop
vertex -8.252429962158203 37.866729736328125 11.5
vertex -8.79572868347168 34.666748046875 11.5
vertex -6.769930362701416 45.039764404296875 11.5
endloop
endfacet
facet normal 0 0 1
outer loop
vertex 72.08867645263672 42.05723571777344 11.5
vertex 72.17894744873047 41.98836898803711 11.5
vertex 76.16575622558594 46.705772399902344 11.5
endloop
endfacet
facet normal 0 0 1
outer loop
vertex -8.237710952758789 37.97101974487305 11.5
vertex -8.252429962158203 37.866729736328125 11.5
vertex -6.769930362701416 45.039764404296875 11.5
endloop
endfacet
facet normal 0 0 1
outer loop
vertex -8.220453262329102 38.291107177734375 11.5
vertex -8.237710952758789 37.97101974487305 11.5
vertex -6.769930362701416 45.039764404296875 11.5
endloop
endfacet
facet normal 0 0 -1
outer loop
vertex -62.514278411865234 -73.41080474853516 -5.699999809265137
vertex -61.62189483642578 -72.14656829833984 -5.699999809265137
vertex -61.71122741699219 -73.48770141601562 -5.699999809265137
endloop
endfacet
facet normal 0.9910121981434016 0.13377153333569664 0
outer loop
vertex -5.153631210327148 -60.21086502075195 5.300000190734863
vertex -5.117840766906738 -60.476009368896484 10.5
vertex -5.117840766906738 -60.476009368896484 5.300000190734863
endloop
endfacet
facet normal -0.6891684614920471 0.7246011535214975 0
outer loop
vertex 34.502262115478516 -55.100101470947266 5.300000190734863
vertex 34.502262115478516 -55.100101470947266 10.5
vertex 34.60851287841797 -54.999046325683594 10.5
endloop
endfacet
facet normal 0 0 1
outer loop
vertex 14.62607192993164 43.569305419921875 11.5
vertex 14.58204460144043 37.423980712890625 11.5
vertex 31.915292739868164 37.427978515625 11.5
endloop
endfacet
facet normal -0.9627590952182947 0.2703607304592338 0
outer loop
vertex 34.364219665527344 -55.32928466796875 10.5
vertex 34.29188537597656 -55.58686828613281 5.300000190734863
vertex 34.29188537597656 -55.58686828613281 10.5
endloop
endfacet
facet normal 0.7832793566435922 0.6216698878472404 0
outer loop
vertex -5.2584404945373535 -59.96470642089844 5.300000190734863
vertex -5.424766540527344 -59.75514221191406 5.300000190734863
vertex -5.2584404945373535 -59.96470642089844 10.5
endloop
endfacet
facet normal 0 0 1
outer loop
vertex 30.54958152770996 47.65754699707031 11.5
vertex 29.34343719482422 46.96562576293945 11.5
vertex 33.03220748901367 42.03838348388672 11.5
endloop
endfacet
facet normal 0.9562563534479185 0.2925299753708831 0
outer loop
vertex -72.20391845703125 44.67989730834961 5.300000190734863
vertex -72.05217742919922 44.183868408203125 10.5
vertex -72.05217742919922 44.183868408203125 5.300000190734863
endloop
endfacet
facet normal -0.7306577989250637 0.6827438618325188 0
outer loop
vertex 33.882110595703125 -59.407386779785156 5.300000190734863
vertex 34.23238754272461 -59.032527923583984 10.5
vertex 34.23238754272461 -59.032527923583984 5.300000190734863
endloop
endfacet
facet normal 0.22300691614200588 -0.9748168624684322 1.842066611624109e-7
outer loop
vertex 33.28220748901367 41.60537338256836 10.5
vertex 33.58216094970703 41.67399215698242 5.300000190734863
vertex 33.42913055419922 41.63898468017578 10.5
endloop
endfacet
facet normal 0.6827474655486427 0.7306544315111658 0
outer loop
vertex -23.925472259521484 -59.191593170166016 10.5
vertex -24.04922103881836 -59.075958251953125 5.300000190734863
vertex -24.04922103881836 -59.075958251953125 10.5
endloop
endfacet
facet normal -0.2217572963502932 0.9751018928888447 0
outer loop
vertex 35.19282913208008 -54.73000717163086 5.300000190734863
vertex 34.93194580078125 -54.789337158203125 5.300000190734863
vertex 35.19282913208008 -54.73000717163086 10.5
endloop
endfacet
facet normal 0.7306564628992146 -0.6827452916158203 -1.930665433505364e-7
outer loop
vertex 32.93193054199219 41.23051452636719 10.5
vertex 33.28220748901367 41.60537338256836 5.300000190734863
vertex 33.16654968261719 41.481597900390625 10.5
endloop
endfacet
facet normal 0.9748155818909843 0.22301251378015027 0
outer loop
vertex -24.08283233642578 -58.929039001464844 10.5
vertex -24.117841720581055 -58.77600860595703 5.300000190734863
vertex -24.117841720581055 -58.77600860595703 10.5
endloop
endfacet
facet normal 0 0 -1
outer loop
vertex -6.581567764282227 43.48320770263672 -5.699999809265137
vertex -5.528940200805664 44.42186737060547 -5.699999809265137
vertex -5.8148722648620605 42.99631881713867 -5.699999809265137
endloop
endfacet
facet normal 0.9748169401412384 0.22300657661529436 0
outer loop
vertex -62.11783981323242 -49.27600860595703 5.300000190734863
vertex -62.04922103881836 -49.575958251953125 10.5
vertex -62.04922103881836 -49.575958251953125 5.300000190734863
endloop
endfacet
facet normal -0.9578236886962931 0.2873565405071317 0
outer loop
vertex -79.84265899658203 46.281917572021484 9.5
vertex -79.48245239257812 47.482566833496094 9.5
vertex -79.84265899658203 46.281917572021484 -3.700000047683716
endloop
endfacet
facet normal 0 0 1
outer loop
vertex 72.00968933105469 42.09406661987305 11.5
vertex 72.08867645263672 42.05723571777344 11.5
vertex 75.00243377685547 47.467403411865234 11.5
endloop
endfacet
facet normal -0.9961288483446658 -0.08790516193904509 0
outer loop
vertex -79.88272857666016 43.28118133544922 9.5
vertex -79.8646240234375 43.07602310180664 -3.700000047683716
vertex -79.8646240234375 43.07602310180664 9.5
endloop
endfacet
facet normal 0 0 1
outer loop
vertex 28.28537940979004 46.055137634277344 11.5
vertex 32.918060302734375 41.945640563964844 11.5
vertex 32.9608154296875 41.98839569091797 11.5
endloop
endfacet
facet normal -0.7957477752183365 -0.605628168297238 0
outer loop
vertex -70.56395721435547 34.12299346923828 9.5
vertex -70.30731201171875 33.78578186035156 -3.700000047683716
vertex -70.30731201171875 33.78578186035156 9.5
endloop
endfacet
facet normal 0.2703607304592338 0.9627590952182947 0
outer loop
vertex -24.72111701965332 -57.18307113647461 10.5
vertex -24.978700637817383 -57.11073684692383 5.300000190734863
vertex -24.978700637817383 -57.11073684692383 10.5
endloop
endfacet
facet normal 0 0 1
outer loop
vertex 13.082724571228027 -62.34713363647461 11.5
vertex -4.675653457641602 -62.301124572753906 11.5
vertex 13.15182876586914 -62.431339263916016 11.5
endloop
endfacet
facet normal -0.9616705543465204 -0.27420748513280285 0
outer loop
vertex -79.8357162475586 42.97463607788086 9.5
vertex -79.42308807373047 41.52751159667969 -3.700000047683716
vertex -79.42308807373047 41.52751159667969 9.5
endloop
endfacet
facet normal 0 0 1
outer loop
vertex -61.71122741699219 -73.48770141601562 11.5
vertex -24.43224334716797 -59.39735412597656 11.5
vertex -24.48223304748535 -59.325958251953125 11.5
endloop
endfacet
facet normal -0.696389254741161 -0.71766427100765 3.2995008168370513e-7
outer loop
vertex -26.922378540039062 43.68098068237305 5.300000190734863
vertex -27.06503677368164 43.81941223144531 10.5
vertex -27.1143856048584 43.8672981262207 10.5
endloop
endfacet
facet normal 0 0 1
outer loop
vertex -61.71122741699219 -73.48770141601562 11.5
vertex -24.535104751586914 -59.18711471557617 11.5
vertex -24.60372543334961 -58.88716506958008 11.5
endloop
endfacet
facet normal 0 0 1
outer loop
vertex -61.71122741699219 -73.48770141601562 11.5
vertex -24.60372543334961 -58.88716506958008 11.5
vertex -24.617834091186523 -58.778621673583984 11.5
endloop
endfacet
facet normal -0.82299006119941 -0.5680436948654651 0.003704037065405622
outer loop
vertex -27.438703536987305 44.3710823059082 10.5
vertex -27.1143856048584 43.8672981262207 5.300000190734863
vertex -27.34545135498047 44.23597717285156 10.5
endloop
endfacet
facet normal 0 0 1
outer loop
vertex 15.72996997833252 -61.4351806640625 11.5
vertex 15.724793434143066 -61.494354248046875 11.5
vertex 33.582275390625 -59.976009368896484 11.5
endloop
endfacet
facet normal 0.46549120714005493 0.8850525046997463 0
outer loop
vertex -39.82710647583008 57.887393951416016 -3.700000047683716
vertex -39.384368896484375 57.654537200927734 9.5
vertex -39.384368896484375 57.654537200927734 -3.700000047683716
endloop
endfacet
facet normal 0.3772686519507929 0.9261038625634415 -5.528475945862294e-7
outer loop
vertex -37.262027740478516 56.789955139160156 -3.700000047683716
vertex -39.384368896484375 57.654537200927734 -3.700000047683716
vertex -23.909055709838867 51.350337982177734 9.5
endloop
endfacet
facet normal 0 0 1
outer loop
vertex -23.924362182617188 -59.859249114990234 11.5
vertex -61.71122741699219 -73.48770141601562 11.5
vertex -23.84537124633789 -59.89608383178711 11.5
endloop
endfacet
facet normal 0.3221008951214608 0.9467053466427379 8.487984126341774e-8
outer loop
vertex -1.6552726030349731 42.55899429321289 -3.700000047683716
vertex -1.2540884017944336 42.4224967956543 9.5
vertex -1.4117928743362427 42.47615432739258 -3.700000047683716
endloop
endfacet
facet normal -0.8229876512838334 -0.568047184059278 0.0037043915349568766
outer loop
vertex -27.1143856048584 43.8672981262207 5.300000190734863
vertex -27.250118255615234 44.09785842895508 10.5
vertex -27.34545135498047 44.23597717285156 10.5
endloop
endfacet
facet normal 0 0 1
outer loop
vertex -61.71122741699219 -73.48770141601562 11.5
vertex -24.716371536254883 -57.81064987182617 11.5
vertex -24.80772590637207 -57.714595794677734 11.5
endloop
endfacet
facet normal 0.7407838801143364 0.6717434353700441 0
outer loop
vertex -2.3604884147644043 43.02357482910156 -3.700000047683716
vertex -3.635711669921875 44.42986297607422 -3.700000047683716
vertex -2.3604884147644043 43.02357482910156 9.5
endloop
endfacet
facet normal 0.22175663328430878 -0.9751020436825887 -6.689772057143949e-7
outer loop
vertex 31.97149085998535 36.9279899597168 10.5
vertex 32.23237609863281 36.98732376098633 5.300000190734863
vertex 32.11324691772461 36.960227966308594 10.5
endloop
endfacet
facet normal 0 0 1
outer loop
vertex -8.227447509765625 38.4024543762207 11.5
vertex -8.220453262329102 38.291107177734375 11.5
vertex -6.769930362701416 45.039764404296875 11.5
endloop
endfacet
facet normal 0.37726865195085063 0.9261038625635831 0
outer loop
vertex -39.384368896484375 57.654537200927734 9.5
vertex -37.262027740478516 56.789955139160156 9.5
vertex -39.384368896484375 57.654537200927734 -3.700000047683716
endloop
endfacet
facet normal 0 0 1
outer loop
vertex 15.053120613098145 -62.252235412597656 11.5
vertex 14.99361515045166 -62.26979446411133 11.5
vertex 33.582275390625 -59.976009368896484 11.5
endloop
endfacet
facet normal 0 0 1
outer loop
vertex -8.56615924835205 39.016300201416016 11.5
vertex -8.28683853149414 38.56562805175781 11.5
vertex -6.769930362701416 45.039764404296875 11.5
endloop
endfacet
facet normal 0 0 1
outer loop
vertex 14.693315505981445 -62.336891174316406 11.5
vertex 14.212489128112793 -62.431339263916016 11.5
vertex 33.582275390625 -59.976009368896484 11.5
endloop
endfacet
facet normal 0 0 -1
outer loop
vertex 78.85576629638672 41.96335983276367 -5.699999809265137
vertex 77.40721893310547 42.410560607910156 -5.699999809265137
vertex 77.12318420410156 43.27323532104492 -5.699999809265137
endloop
endfacet
facet normal -0.7306602746837132 0.6827412123191282 3.577682324266897e-7
outer loop
vertex 34.23238754272461 -59.032527923583984 10.5
vertex 33.882110595703125 -59.407386779785156 5.300000190734863
vertex 33.99769973754883 -59.283687591552734 10.5
endloop
endfacet
facet normal -0.22302405941994546 0.9748129404761966 0
outer loop
vertex 33.58216094970703 -59.476009368896484 5.300000190734863
vertex 33.58216094970703 -59.476009368896484 10.5
vertex 33.735191345214844 -59.44099807739258 10.5
endloop
endfacet
facet normal 0 0 -1
outer loop
vertex 76.16575622558594 46.705772399902344 -5.699999809265137
vertex 74.69215393066406 46.10404586791992 -5.699999809265137
vertex 75.00243377685547 47.467403411865234 -5.699999809265137
endloop
endfacet
facet normal 0 0 1
outer loop
vertex 16.249025344848633 -59.9799919128418 11.5
vertex 15.991801261901855 -60.07453918457031 11.5
vertex 15.895747184753418 -60.1658935546875 11.5
endloop
endfacet
facet normal -0.4811820611827211 -0.8766206842163536 0
outer loop
vertex -26.777780532836914 43.60160446166992 10.5
vertex -26.68784523010254 43.55223846435547 5.300000190734863
vertex -26.68784523010254 43.55223846435547 10.5
endloop
endfacet
facet normal 0 0 -1
outer loop
vertex 77.12318420410156 43.27323532104492 -5.699999809265137
vertex 76.67159271240234 44.15089416503906 -5.699999809265137
vertex 77.96296691894531 44.600006103515625 -5.699999809265137
endloop
endfacet
facet normal 0 0 1
outer loop
vertex 13.801339149475098 43.52397155761719 11.5
vertex 14.470654487609863 37.411399841308594 11.5
vertex 14.58204460144043 37.423980712890625 11.5
endloop
endfacet
facet normal -0.95199764665332 -0.306105342595641 -9.725920856182824e-7
outer loop
vertex -70.1113052368164 33.41006851196289 9.5
vertex -69.98157501220703 33.00664520263672 -3.700000047683716
vertex -70.08103942871094 33.315940856933594 9.5
endloop
endfacet
facet normal -0.38419413062591046 0.923252332784814 0
outer loop
vertex 12.074823379516602 44.345027923583984 -3.700000047683716
vertex 11.578335762023926 44.138423919677734 -3.700000047683716
vertex 12.074823379516602 44.345027923583984 9.5
endloop
endfacet
facet normal 0 0 -1
outer loop
vertex 71.96610260009766 46.96128463745117 -5.699999809265137
vertex 72.35889434814453 48.27138137817383 -5.699999809265137
vertex 72.9425048828125 46.81684875488281 -5.699999809265137
endloop
endfacet
facet normal -0.22301379406885707 0.9748152889932407 -1.9520919352452242e-7
outer loop
vertex 14.882110595703125 -61.782386779785156 10.5
vertex 14.582159042358398 -61.851009368896484 5.300000190734863
vertex 14.73519229888916 -61.81599807739258 10.5
endloop
endfacet
facet normal 0.7306577989250637 -0.6827438618325188 0
outer loop
vertex -61.71779251098633 27.355371475219727 5.300000190734863
vertex -62.06806945800781 26.980512619018555 10.5
vertex -62.06806945800781 26.980512619018555 5.300000190734863
endloop
endfacet
facet normal 0 0 1
outer loop
vertex 14.171051979064941 37.34125518798828 11.5
vertex 12.41700553894043 43.236732482910156 11.5
vertex 14.111197471618652 37.325218200683594 11.5
endloop
endfacet
facet normal 0 0 -1
outer loop
vertex 77.56360626220703 41.434425354003906 -5.699999809265137
vertex 77.40721893310547 42.410560607910156 -5.699999809265137
vertex 78.85576629638672 41.96335983276367 -5.699999809265137
endloop
endfacet
facet normal 0.7050339746411334 0.7091735292590422 0
outer loop
vertex -53.60027313232422 34.270870208740234 10.5
vertex -53.715946197509766 34.385868072509766 5.300000190734863
vertex -53.715946197509766 34.385868072509766 10.5
endloop
endfacet
facet normal 0.9011257999798897 0.43355771543198707 0
outer loop
vertex -53.10247802734375 32.826900482177734 5.300000190734863
vertex -53.33560562133789 33.31144332885742 5.300000190734863
vertex -53.10247802734375 32.826900482177734 10.5
endloop
endfacet
facet normal -0.37670490997073286 -0.9263333151754514 0
outer loop
vertex -44.33509826660156 51.242210388183594 10.5
vertex -27.438703536987305 44.3710823059082 5.300000190734863
vertex -27.438703536987305 44.3710823059082 10.5
endloop
endfacet
facet normal 0 0 1
outer loop
vertex 14.032207489013672 37.28838348388672 11.5
vertex 9.732315063476562 41.77916717529297 11.5
vertex 13.960813522338867 37.23839569091797 11.5
endloop
endfacet
facet normal -0.998459537619929 0.05548469821309106 0
outer loop
vertex 15.291886329650879 -60.33686828613281 10.5
vertex 15.232389450073242 -61.407527923583984 5.300000190734863
vertex 15.232389450073242 -61.407527923583984 10.5
endloop
endfacet
facet normal 0 0 -1
outer loop
vertex 33.607933044433594 48.31927490234375 -5.699999809265137
vertex 72.35889434814453 48.27138137817383 -5.699999809265137
vertex 33.59206771850586 46.97399139404297 -5.699999809265137
endloop
endfacet
facet normal 0.6891581720703406 -0.7246109396556658 0
outer loop
vertex -44.58128356933594 27.798084259033203 5.300000190734863
vertex -44.775150299072266 27.61370277404785 10.5
vertex -44.775150299072266 27.61370277404785 5.300000190734863
endloop
endfacet
facet normal 0.9019802208493566 0.43177735141684553 0
outer loop
vertex -44.546653747558594 29.133447647094727 5.300000190734863
vertex -44.43113327026367 28.892126083374023 10.5
vertex -44.43113327026367 28.892126083374023 5.300000190734863
endloop
endfacet
facet normal 0 0 1
outer loop
vertex 8.670280456542969 41.316314697265625 11.5
vertex 13.462082862854004 36.65152359008789 11.5
vertex 13.567782402038574 36.82078170776367 11.5
endloop
endfacet
facet normal 0.37594162563527656 -0.9266433478500267 0
outer loop
vertex -62.44760513305664 61.619178771972656 10.5
vertex -62.06671142578125 61.77370834350586 5.300000190734863
vertex -62.06671142578125 61.77370834350586 10.5
endloop
endfacet
facet normal 0.7306616187675276 -0.6827397738963332 0
outer loop
vertex -61.833335876464844 27.231718063354492 10.5
vertex -61.71779251098633 27.355371475219727 5.300000190734863
vertex -61.71779251098633 27.355371475219727 10.5
endloop
endfacet
facet normal 0.22300821166065088 -0.9748165660943182 0
outer loop
vertex -61.57088088989258 27.388980865478516 10.5
vertex -61.41783905029297 27.423992156982422 5.300000190734863
vertex -61.41783905029297 27.423992156982422 10.5
endloop
endfacet
facet normal -0.02513662284971299 0.9996840251758109 0
outer loop
vertex 33.59413146972656 49.47399139404297 -3.700000047683716
vertex 33.1660041809082 49.463226318359375 -3.700000047683716
vertex 33.59413146972656 49.47399139404297 9.5
endloop
endfacet
facet normal 0 0 1
outer loop
vertex 9.674181938171387 41.73846435546875 11.5
vertex 9.629412651062012 41.717586517333984 11.5
vertex 13.918060302734375 37.195640563964844 11.5
endloop
endfacet
facet normal -0.6891618537875495 0.7246074380546395 -4.362718259803595e-9
outer loop
vertex 15.696128845214844 -59.66571807861328 10.5
vertex 15.502262115478516 -59.850101470947266 5.300000190734863
vertex 15.608514785766602 -59.749046325683594 10.5
endloop
endfacet
facet normal -0.3250677850106573 0.9456907185482287 0
outer loop
vertex 31.593135833740234 49.237266540527344 -3.700000047683716
vertex 30.0703125 48.71381759643555 -3.700000047683716
vertex 31.593135833740234 49.237266540527344 9.5
endloop
endfacet
facet normal 0.2619953716274436 0.9650691297755812 0
outer loop
vertex -22.38439178466797 50.47525405883789 9.5
vertex -17.214017868041992 49.07160949707031 9.5
vertex -22.38439178466797 50.47525405883789 -3.700000047683716
endloop
endfacet
facet normal 0.0033622642691930925 0.9999943475735171 0
outer loop
vertex -43.97869873046875 -49.98573684692383 5.300000190734863
vertex -61.67436218261719 -49.926239013671875 5.300000190734863
vertex -43.97869873046875 -49.98573684692383 10.5
endloop
endfacet
facet normal 0 0 1
outer loop
vertex 14.580866813659668 -62.350894927978516 11.5
vertex 14.212489128112793 -62.431339263916016 11.5
vertex 14.693315505981445 -62.336891174316406 11.5
endloop
endfacet
facet normal 0.9748169401412384 0.22300657661529436 0
outer loop
vertex -43.11783981323242 -56.40100860595703 5.300000190734863
vertex -43.04922103881836 -56.700958251953125 10.5
vertex -43.04922103881836 -56.700958251953125 5.300000190734863
endloop
endfacet
facet normal 0 0 1
outer loop
vertex 2.2571544647216797 -69.63105773925781 11.5
vertex 2.592254877090454 -69.37163543701172 11.5
vertex -4.675653457641602 -62.301124572753906 11.5
endloop
endfacet
facet normal 0.6189279342192511 0.7854477781769393 0
outer loop
vertex -2.0276389122009277 42.76129150390625 9.5
vertex -2.3604884147644043 43.02357482910156 -3.700000047683716
vertex -2.3604884147644043 43.02357482910156 9.5
endloop
endfacet
facet normal 0 0 1
outer loop
vertex -68.76714324951172 32.587154388427734 11.5
vertex -62.56806945800781 26.980838775634766 11.5
vertex -62.53791809082031 27.15152359008789 11.5
endloop
endfacet
facet normal 0.0028348528765304018 0.9999959817965112 0
outer loop
vertex -6.117840766906738 -59.476009368896484 10.5
vertex -23.674362182617188 -59.426239013671875 5.300000190734863
vertex -23.674362182617188 -59.426239013671875 10.5
endloop
endfacet
facet normal 0.9750988096755828 0.22177085329064639 0
outer loop
vertex -43.18117141723633 -50.62579345703125 5.300000190734863
vertex -43.1218376159668 -50.88667678833008 10.5
vertex -43.1218376159668 -50.88667678833008 5.300000190734863
endloop
endfacet
facet normal 0 0 1
outer loop
vertex 13.828476905822754 -62.6365966796875 11.5
vertex 4.490187168121338 -68.75031280517578 11.5
vertex 13.969171524047852 -62.59391784667969 11.5
endloop
endfacet
facet normal 0 0 1
outer loop
vertex 13.535841941833496 -62.6365966796875 11.5
vertex 13.395146369934082 -62.59391784667969 11.5
vertex 4.490187168121338 -68.75031280517578 11.5
endloop
endfacet
facet normal 0.5191592525157867 0.8546775242904482 0
outer loop
vertex -23.04690170288086 50.826637268066406 9.5
vertex -23.909055709838867 51.350337982177734 -3.700000047683716
vertex -23.909055709838867 51.350337982177734 9.5
endloop
endfacet
facet normal 0 0 1
outer loop
vertex -44.9063720703125 28.227428436279297 11.5
vertex -44.87069320678711 28.3544864654541 11.5
vertex -53.29146194458008 32.36543273925781 11.5
endloop
endfacet
facet normal 0 0 1
outer loop
vertex -68.76714324951172 32.587154388427734 11.5
vertex -62.0391845703125 27.738393783569336 11.5
vertex -61.96779251098633 27.78838539123535 11.5
endloop
endfacet
facet normal 0.9200736654347985 0.39174538947300025 -1.472544548319248e-7
outer loop
vertex -5.153631210327148 -60.21086502075195 10.5
vertex -5.2584404945373535 -59.96470642089844 5.300000190734863
vertex -5.23268461227417 -60.02519607543945 10.5
endloop
endfacet
facet normal 0 0 1
outer loop
vertex -68.76714324951172 32.587154388427734 11.5
vertex -61.828948974609375 27.84125518798828 11.5
vertex -61.528995513916016 27.909875869750977 11.5
endloop
endfacet
facet normal -0.30616374569564975 0.9519788657431474 0
outer loop
vertex 25.495670318603516 44.917457580566406 -3.700000047683716
vertex 25.437110900878906 44.898624420166016 -3.700000047683716
vertex 25.495670318603516 44.917457580566406 9.5
endloop
endfacet
facet normal 0 0 1
outer loop
vertex -68.8384017944336 33.16940689086914 11.5
vertex -68.7813491821289 32.749488830566406 11.5
vertex -55.653873443603516 34.08324432373047 11.5
endloop
endfacet
facet normal 0.7832862687207439 0.6216611788049882 -5.720696388415638e-7
outer loop
vertex -5.2584404945373535 -59.96470642089844 10.5
vertex -5.424766540527344 -59.75514221191406 5.300000190734863
vertex -5.315843105316162 -59.89237976074219 10.5
endloop
endfacet
facet normal 0.9011242130288215 0.43356101380680806 0
outer loop
vertex -53.248294830322266 33.129974365234375 10.5
vertex -53.33560562133789 33.31144332885742 5.300000190734863
vertex -53.33560562133789 33.31144332885742 10.5
endloop
endfacet
facet normal 0 0 1
outer loop
vertex 8.670280456542969 41.316314697265625 11.5
vertex 8.480073928833008 41.2722282409668 11.5
vertex 13.336965560913086 35.3524284362793 11.5
endloop
endfacet
facet normal 0.00024757493342075895 -0.9999999693533258 0
outer loop
vertex -47.868141174316406 27.42734718322754 10.5
vertex -45.2718505859375 27.427989959716797 5.300000190734863
vertex -45.2718505859375 27.427989959716797 10.5
endloop
endfacet
facet normal 0.3789802680882333 0.9254047527432264 -1.366193643790908e-7
outer loop
vertex -45.00719451904297 29.511646270751953 10.5
vertex -53.10247802734375 32.826900482177734 5.300000190734863
vertex -47.817657470703125 30.662612915039062 10.5
endloop
endfacet
facet normal 0.8566154421589525 -0.515955409172946 0
outer loop
vertex -44.58128356933594 27.798084259033203 10.5
vertex -44.443241119384766 28.02726936340332 5.300000190734863
vertex -44.443241119384766 28.02726936340332 10.5
endloop
endfacet
facet normal 0 0 1
outer loop
vertex -8.79572868347168 34.666748046875 11.5
vertex -8.252429962158203 37.866729736328125 11.5
vertex -8.887709617614746 34.762203216552734 11.5
endloop
endfacet
facet normal 0.9999238348035571 -0.003110120989519587 -0.01194369035011503
outer loop
vertex -44.370361328125 28.461315155029297 10.5
vertex -44.43113327026367 28.892126083374023 5.300000190734863
vertex -44.37006378173828 28.556978225708008 10.5
endloop
endfacet
facet normal 0 0 1
outer loop
vertex -23.675779342651367 -59.92611312866211 11.5
vertex -4.15964412689209 -73.48975372314453 11.5
vertex -6.1472086906433105 -59.97592544555664 11.5
endloop
endfacet
facet normal 0.7552159838626997 0.6554760237554799 0
outer loop
vertex -44.722023010253906 29.33550262451172 5.300000190734863
vertex -44.722023010253906 29.33550262451172 10.5
vertex -44.619964599609375 29.217914581298828 10.5
endloop
endfacet
facet normal 0.6065532239822968 0.7950428834199333 0
outer loop
vertex -4.915912628173828 45.406551361083984 -3.700000047683716
vertex -4.915912628173828 45.406551361083984 9.5
vertex -4.151412010192871 44.823299407958984 9.5
endloop
endfacet
facet normal 0 0 1
outer loop
vertex -44.974769592285156 28.113876342773438 11.5
vertex -44.9063720703125 28.227428436279297 11.5
vertex -53.29146194458008 32.36543273925781 11.5
endloop
endfacet
facet normal 0 0 1
outer loop
vertex -61.417964935302734 27.923980712890625 11.5
vertex -53.29146194458008 32.36543273925781 11.5
vertex -53.35247802734375 32.39388656616211 11.5
endloop
endfacet
facet normal 0 0 1
outer loop
vertex -61.417964935302734 27.923980712890625 11.5
vertex -55.24953842163086 33.947879791259766 11.5
vertex -55.548011779785156 34.038761138916016 11.5
endloop
endfacet
facet normal 0 0 1
outer loop
vertex -55.104366302490234 33.924652099609375 11.5
vertex -61.417964935302734 27.923980712890625 11.5
vertex -55.01754379272461 33.932247161865234 11.5
endloop
endfacet
facet normal 0 0 -1
outer loop
vertex -4.15964412689209 -73.48975372314453 -5.699999809265137
vertex -3.690922975540161 -72.1058349609375 -5.699999809265137
vertex -3.5880112648010254 -73.44657897949219 -5.699999809265137
endloop
endfacet
facet normal 0 0 1
outer loop
vertex -53.82810974121094 33.64826583862305 11.5
vertex -53.86073684692383 33.77519989013672 11.5
vertex -61.417964935302734 27.923980712890625 11.5
endloop
endfacet
facet normal -0.1409594575970166 0.9900153692311827 0
outer loop
vertex 25.092248916625977 44.787723541259766 -3.700000047683716
vertex 24.672710418701172 44.727989196777344 -3.700000047683716
vertex 25.092248916625977 44.787723541259766 9.5
endloop
endfacet
facet normal 0 0 1
outer loop
vertex -54.13602828979492 34.048892974853516 11.5
vertex -61.417964935302734 27.923980712890625 11.5
vertex -54.02060317993164 33.98370361328125 11.5
endloop
endfacet
facet normal 0 0 -1
outer loop
vertex -3.690922975540161 -72.1058349609375 -5.699999809265137
vertex -4.15964412689209 -73.48975372314453 -5.699999809265137
vertex -4.2453999519348145 -72.14778900146484 -5.699999809265137
endloop
endfacet
facet normal 0 0 1
outer loop
vertex 3.3147077560424805 -68.99806213378906 11.5
vertex 3.7172138690948486 -68.865478515625 11.5
vertex -4.675653457641602 -62.301124572753906 11.5
endloop
endfacet
facet normal -0.2031628426693158 0.9791449634034961 -2.98442907010039e-7
outer loop
vertex 13.210260391235352 44.58061981201172 -3.700000047683716
vertex 12.074823379516602 44.345027923583984 -3.700000047683716
vertex 13.651516914367676 44.67218017578125 9.5
endloop
endfacet
facet normal 0 0 1
outer loop
vertex -55.01754379272461 33.932247161865234 11.5
vertex -61.417964935302734 27.923980712890625 11.5
vertex -54.13602828979492 34.048892974853516 11.5
endloop
endfacet
facet normal 0.8678368631054342 0.4968492518212339 0
outer loop
vertex -53.47076416015625 34.10038757324219 10.5
vertex -53.52621078491211 34.197235107421875 5.300000190734863
vertex -53.52621078491211 34.197235107421875 10.5
endloop
endfacet
facet normal 0.9685104656989493 0.24897284557076632 0
outer loop
vertex -53.357452392578125 33.82566452026367 10.5
vertex -53.39328384399414 33.965049743652344 5.300000190734863
vertex -53.39328384399414 33.965049743652344 10.5
endloop
endfacet
facet normal 0 0 1
outer loop
vertex 3.9083361625671387 -68.82424926757812 11.5
vertex 4.327874660491943 -68.76451110839844 11.5
vertex -4.675653457641602 -62.301124572753906 11.5
endloop
endfacet
facet normal 0 0 -1
outer loop
vertex -2.791682004928589 -73.310791015625 -5.699999809265137
vertex -3.0482075214385986 -71.99159240722656 -5.699999809265137
vertex -2.4217095375061035 -71.80819702148438 -5.699999809265137
endloop
endfacet
facet normal -0.4625315506397625 0.886602822385975 0
outer loop
vertex 9.096832275390625 42.73846435546875 -3.700000047683716
vertex 8.72111701965332 42.542457580566406 -3.700000047683716
vertex 9.096832275390625 42.73846435546875 9.5
endloop
endfacet
facet normal 0.49179003684008626 0.8707138219098318 1.9935875327658037e-8
outer loop
vertex -53.715946197509766 34.385868072509766 10.5
vertex -53.94890213012695 34.5174446105957 5.300000190734863
vertex -53.82203674316406 34.4457893371582 10.5
endloop
endfacet
facet normal -0.3061351396194894 0.9519880652036325 0
outer loop
vertex 8.72111701965332 42.542457580566406 -3.700000047683716
vertex 8.584863662719727 42.49864196777344 -3.700000047683716
vertex 8.72111701965332 42.542457580566406 9.5
endloop
endfacet
facet normal 0 0 -1
outer loop
vertex -2.791682004928589 -73.310791015625 -5.699999809265137
vertex -2.4217095375061035 -71.80819702148438 -5.699999809265137
vertex -2.0233662128448486 -73.09171295166016 -5.699999809265137
endloop
endfacet
facet normal -0.1409594575970166 0.9900153692311827 0
outer loop
vertex 8.317694664001465 42.412723541259766 -3.700000047683716
vertex 7.89815616607666 42.352989196777344 -3.700000047683716
vertex 8.317694664001465 42.412723541259766 9.5
endloop
endfacet
facet normal 0.4917906563469233 0.8707134720043457 0
outer loop
vertex -53.94890213012695 34.5174446105957 5.300000190734863
vertex -53.94890213012695 34.5174446105957 10.5
vertex -53.82203674316406 34.4457893371582 10.5
endloop
endfacet
facet normal 0 0 1
outer loop
vertex -3.5880112648010254 -73.44657897949219 11.5
vertex -2.791682004928589 -73.310791015625 11.5
vertex -2.0233662128448486 -73.09171295166016 11.5
endloop
endfacet
facet normal -0.6806681901533693 -0.7325918474248377 0
outer loop
vertex -67.53272247314453 -72.05299377441406 9.5
vertex -67.53272247314453 -72.05299377441406 -3.700000047683716
vertex -67.01829528808594 -72.53096008300781 -3.700000047683716
endloop
endfacet
facet normal 0 0 1
outer loop
vertex -4.15964412689209 -73.48975372314453 11.5
vertex -3.5880112648010254 -73.44657897949219 11.5
vertex -4.675653457641602 -62.301124572753906 11.5
endloop
endfacet
facet normal 0 0 1
outer loop
vertex -4.675653457641602 -62.301124572753906 11.5
vertex -2.0233662128448486 -73.09171295166016 11.5
vertex -1.2834031581878662 -72.79044342041016 11.5
endloop
endfacet
facet normal 0 0 1
outer loop
vertex 8.670280456542969 41.316314697265625 11.5
vertex 13.336965560913086 35.3524284362793 11.5
vertex 13.376241683959961 35.49229049682617 11.5
endloop
endfacet
facet normal 0 0 1
outer loop
vertex -4.924361705780029 -62.234249114990234 11.5
vertex -4.15964412689209 -73.48975372314453 11.5
vertex -4.845371723175049 -62.27108383178711 11.5
endloop
endfacet
facet normal 0 0 1
outer loop
vertex -4.761185646057129 -62.293643951416016 11.5
vertex -4.15964412689209 -73.48975372314453 11.5
vertex -4.675653457641602 -62.301124572753906 11.5
endloop
endfacet
facet normal 0 0 1
outer loop
vertex 8.480073928833008 41.2722282409668 11.5
vertex 13.268570899963379 35.23887634277344 11.5
vertex 13.336965560913086 35.3524284362793 11.5
endloop
endfacet
facet normal 0 0 1
outer loop
vertex -4.675653457641602 -62.301124572753906 11.5
vertex 0.0768570825457573 -71.9565658569336 11.5
vertex 1.2274223566055298 -70.84577941894531 11.5
endloop
endfacet
facet normal 0 0 -1
outer loop
vertex -1.8188477754592896 -71.55781555175781 -5.699999809265137
vertex -2.0233662128448486 -73.09171295166016 -5.699999809265137
vertex -2.4217095375061035 -71.80819702148438 -5.699999809265137
endloop
endfacet
facet normal 0 0 1
outer loop
vertex 8.480073928833008 41.2722282409668 11.5
vertex 13.055678367614746 35.084903717041016 11.5
vertex 13.172516822814941 35.14752197265625 11.5
endloop
endfacet
facet normal 0 0 1
outer loop
vertex -4.675653457641602 -62.301124572753906 11.5
vertex 1.8235795497894287 -70.07202911376953 11.5
vertex 2.109898090362549 -69.75959777832031 11.5
endloop
endfacet
facet normal 0 0 -1
outer loop
vertex -61.62189483642578 -72.14656829833984 -5.699999809265137
vertex -62.514278411865234 -73.41080474853516 -5.699999809265137
vertex -63.29659652709961 -73.24869537353516 -5.699999809265137
endloop
endfacet
facet normal 0 0 1
outer loop
vertex -4.675653457641602 -62.301124572753906 11.5
vertex 2.109898090362549 -69.75959777832031 11.5
vertex 2.2571544647216797 -69.63105773925781 11.5
endloop
endfacet
facet normal 0 0 1
outer loop
vertex -69.28643798828125 34.318363189697266 11.5
vertex -69.0904312133789 33.942649841308594 11.5
vertex -55.653873443603516 34.08324432373047 11.5
endloop
endfacet
facet normal -0.022549572116469255 0.9997457260710666 0
outer loop
vertex -54.42294692993164 34.577701568603516 10.5
vertex -54.47588348388672 34.576507568359375 5.300000190734863
vertex -54.47588348388672 34.576507568359375 10.5
endloop
endfacet
facet normal 0 0 1
outer loop
vertex -69.39124298095703 34.482994079589844 11.5
vertex -69.28643798828125 34.318363189697266 11.5
vertex -55.653873443603516 34.08324432373047 11.5
endloop
endfacet
facet normal -0.8497357476000763 -0.5272088383653478 0
outer loop
vertex -8.991025924682617 38.7526969909668 5.300000190734863
vertex -8.71985149383545 38.31562805175781 5.300000190734863
vertex -8.991025924682617 38.7526969909668 10.5
endloop
endfacet
facet normal 0 0 1
outer loop
vertex -4.15964412689209 -73.48975372314453 11.5
vertex -5.48223352432251 -61.700958251953125 11.5
vertex -5.519067287445068 -61.621971130371094 11.5
endloop
endfacet
facet normal 0 0 1
outer loop
vertex -4.15964412689209 -73.48975372314453 11.5
vertex -5.535104751586914 -61.56211471557617 11.5
vertex -5.605248928070068 -61.26251220703125 11.5
endloop
endfacet
facet normal 0 0 1
outer loop
vertex 32.56778335571289 41.57078170776367 11.5
vertex 27.050363540649414 44.58509826660156 11.5
vertex 32.46208190917969 41.40152359008789 11.5
endloop
endfacet
facet normal 0 0 1
outer loop
vertex -4.15964412689209 -73.48975372314453 11.5
vertex -5.881435871124268 -60.04058074951172 11.5
vertex -6.0100178718566895 -59.99170684814453 11.5
endloop
endfacet
facet normal 0.2912837301686912 0.9566367066650816 0
outer loop
vertex -55.104366302490234 34.424652099609375 10.5
vertex -55.40283966064453 34.515533447265625 5.300000190734863
vertex -55.40283966064453 34.515533447265625 10.5
endloop
endfacet
facet normal 0 0 1
outer loop
vertex -5.881435871124268 -60.04058074951172 11.5
vertex -4.15964412689209 -73.48975372314453 11.5
vertex -5.774446487426758 -60.11884307861328 11.5
endloop
endfacet
facet normal 0 0 1
outer loop
vertex -69.0904312133789 33.942649841308594 11.5
vertex -69.01204681396484 33.76356887817383 11.5
vertex -55.653873443603516 34.08324432373047 11.5
endloop
endfacet
facet normal 0 0 1
outer loop
vertex -61.957061767578125 68.4151382446289 11.5
vertex -61.80610275268555 62.25543975830078 11.5
vertex -60.57378005981445 68.27394104003906 11.5
endloop
endfacet
facet normal 0 0 1
outer loop
vertex 32.432682037353516 41.239131927490234 11.5
vertex 26.02825164794922 43.89657974243164 11.5
vertex 32.373619079589844 37.85795211791992 11.5
endloop
endfacet
facet normal 0 0 1
outer loop
vertex -64.6793212890625 67.91162872314453 11.5
vertex -62.254215240478516 62.23586654663086 11.5
vertex -63.3421516418457 68.29290771484375 11.5
endloop
endfacet
facet normal 0.7131273929826825 -0.7010344651853594 0
outer loop
vertex -4.717792510986328 34.48037338256836 5.300000190734863
vertex -5.168393611907959 34.02199935913086 10.5
vertex -5.168393611907959 34.02199935913086 5.300000190734863
endloop
endfacet
facet normal 0 0 1
outer loop
vertex 25.849172592163086 43.818199157714844 11.5
vertex 32.26856994628906 37.61387634277344 11.5
vertex 32.33696746826172 37.7274284362793 11.5
endloop
endfacet
facet normal 0 0 1
outer loop
vertex -70.52099609375 35.56733322143555 11.5
vertex -70.22938537597656 35.36500549316406 11.5
vertex -55.653873443603516 34.08324432373047 11.5
endloop
endfacet
facet normal 0 0 1
outer loop
vertex -61.65886688232422 62.22022247314453 11.5
vertex -61.472408294677734 62.14581298828125 11.5
vertex -59.22726821899414 67.8699722290039 11.5
endloop
endfacet
facet normal 0 0 1
outer loop
vertex -69.77894592285156 34.964759826660156 11.5
vertex -69.64788818359375 34.82020568847656 11.5
vertex -55.653873443603516 34.08324432373047 11.5
endloop
endfacet
facet normal -0.37670490997073286 -0.9263333151754514 0
outer loop
vertex -44.33509826660156 51.242210388183594 10.5
vertex -44.33509826660156 51.242210388183594 5.300000190734863
vertex -27.438703536987305 44.3710823059082 5.300000190734863
endloop
endfacet
facet normal 0 0 1
outer loop
vertex -2.742312431335449 41.854331970214844 11.5
vertex -4.528996467590332 35.03487777709961 11.5
vertex -4.4179558753967285 35.048980712890625 11.5
endloop
endfacet
facet normal 0 0 1
outer loop
vertex -4.528996467590332 35.03487777709961 11.5
vertex -2.742312431335449 41.854331970214844 11.5
vertex -3.073580503463745 42.118621826171875 11.5
endloop
endfacet
facet normal 0.3627972311470482 -0.9318681071224808 0
outer loop
vertex -5.383052825927734 33.8623046875 5.300000190734863
vertex -5.632370471954346 33.76523971557617 10.5
vertex -5.632370471954346 33.76523971557617 5.300000190734863
endloop
endfacet
facet normal 0 0 1
outer loop
vertex -62.029170989990234 62.270423889160156 11.5
vertex -61.80610275268555 62.25543975830078 11.5
vertex -61.957061767578125 68.4151382446289 11.5
endloop
endfacet
facet normal 0 0 -1
outer loop
vertex 33.2629508972168 48.31059646606445 -5.699999809265137
vertex 33.607933044433594 48.31927490234375 -5.699999809265137
vertex 33.59206771850586 46.97399139404297 -5.699999809265137
endloop
endfacet
facet normal -0.8797272192787663 -0.47547872682176806 0
outer loop
vertex -69.10301971435547 -69.77912902832031 -3.700000047683716
vertex -68.6633071899414 -70.59268188476562 -3.700000047683716
vertex -69.10301971435547 -69.77912902832031 9.5
endloop
endfacet
facet normal 0 0 -1
outer loop
vertex 32.743038177490234 46.91414260864258 -5.699999809265137
vertex 31.86532211303711 48.10981369018555 -5.699999809265137
vertex 33.2629508972168 48.31059646606445 -5.699999809265137
endloop
endfacet
facet normal 0 0 1
outer loop
vertex -8.975824356079102 35.15185546875 11.5
vertex -8.887709617614746 34.762203216552734 11.5
vertex -8.252429962158203 37.866729736328125 11.5
endloop
endfacet
facet normal 0 0 -1
outer loop
vertex 31.780282974243164 46.69660568237305 -5.699999809265137
vertex 30.54958152770996 47.65754699707031 -5.699999809265137
vertex 31.86532211303711 48.10981369018555 -5.699999809265137
endloop
endfacet
facet normal 0 0 -1
outer loop
vertex 30.937286376953125 46.35861587524414 -5.699999809265137
vertex 29.34343719482422 46.96562576293945 -5.699999809265137
vertex 30.54958152770996 47.65754699707031 -5.699999809265137
endloop
endfacet
facet normal -0.966285543639223 0.25747281051375354 0
outer loop
vertex -8.73557186126709 37.99546432495117 5.300000190734863
vertex -9.4733304977417 35.2266845703125 5.300000190734863
vertex -8.73557186126709 37.99546432495117 10.5
endloop
endfacet
facet normal 0 0 1
outer loop
vertex -1.6260221004486084 41.32933807373047 11.5
vertex -4.4179558753967285 35.048980712890625 11.5
vertex -1.4358115196228027 41.283695220947266 11.5
endloop
endfacet
facet normal 0 0 1
outer loop
vertex -5.774446487426758 -60.11884307861328 11.5
vertex -5.617840766906738 -61.15100860595703 11.5
vertex -5.617840766906738 -60.50960159301758 11.5
endloop
endfacet
facet normal 0 0 1
outer loop
vertex -5.692038059234619 -60.22267532348633 11.5
vertex -5.617840766906738 -60.50960159301758 11.5
vertex -5.640108585357666 -60.34463882446289 11.5
endloop
endfacet
facet normal 0 0 1
outer loop
vertex -67.22340393066406 -70.64570617675781 11.5
vertex -66.7006607055664 -71.24989318847656 11.5
vertex -61.67604064941406 -50.426090240478516 11.5
endloop
endfacet
facet normal 0 0 1
outer loop
vertex -4.420111656188965 43.57592010498047 11.5
vertex -4.528996467590332 35.03487777709961 11.5
vertex -3.2158725261688232 42.24790954589844 11.5
endloop
endfacet
facet normal 0 0 1
outer loop
vertex -68.711669921875 -66.99105072021484 11.5
vertex -68.3585433959961 -68.54548645019531 11.5
vertex -61.67604064941406 -50.426090240478516 11.5
endloop
endfacet
facet normal 0 0 1
outer loop
vertex -1.0175716876983643 41.21544647216797 11.5
vertex -4.4179558753967285 35.048980712890625 11.5
vertex -0.8359745144844055 41.2010498046875 11.5
endloop
endfacet
facet normal 0.10272277861620355 -0.9947100234507373 0
outer loop
vertex -5.777431488037109 33.75025939941406 10.5
vertex -5.632370471954346 33.76523971557617 5.300000190734863
vertex -5.632370471954346 33.76523971557617 10.5
endloop
endfacet
facet normal 0 0 1
outer loop
vertex -72.53816986083984 45.23613357543945 11.5
vertex -78.30111694335938 47.4018669128418 11.5
vertex -72.58065795898438 45.13766098022461 11.5
endloop
endfacet
facet normal 0 0 1
outer loop
vertex -68.05728149414062 -69.28544616699219 11.5
vertex -67.67739868164062 -69.98829650878906 11.5
vertex -61.67604064941406 -50.426090240478516 11.5
endloop
endfacet
facet normal 0 0 1
outer loop
vertex -72.58065795898438 45.13766098022461 11.5
vertex -78.70508575439453 46.05535125732422 11.5
vertex -72.6799545288086 44.83283615112305 11.5
endloop
endfacet
facet normal -0.9992710191649071 0.03817630491715711 0
outer loop
vertex -9.4733304977417 35.2266845703125 5.300000190734863
vertex -9.48354434967041 34.95933532714844 5.300000190734863
vertex -9.4733304977417 35.2266845703125 10.5
endloop
endfacet
facet normal 0 0 -1
outer loop
vertex -67.42153930664062 33.91304016113281 -5.699999809265137
vertex -67.41783905029297 -66.1335220336914 -5.699999809265137
vertex -68.76714324951172 32.587154388427734 -5.699999809265137
endloop
endfacet
facet normal 0 0 1
outer loop
vertex -61.67604064941406 -50.426090240478516 11.5
vertex -66.7006607055664 -71.24989318847656 11.5
vertex -65.47444915771484 -72.27071380615234 11.5
endloop
endfacet
facet normal 0 0 1
outer loop
vertex -78.70508575439453 46.05535125732422 11.5
vertex -72.69632720947266 44.7667236328125 11.5
vertex -72.6799545288086 44.83283615112305 11.5
endloop
endfacet
facet normal 0.36278576021506326 -0.9318725729330044 -6.333422411770401e-7
outer loop
vertex -5.632370471954346 33.76523971557617 10.5
vertex -5.383052825927734 33.8623046875 5.300000190734863
vertex -5.481804370880127 33.823856353759766 10.5
endloop
endfacet
facet normal 0 0 1
outer loop
vertex -61.67604064941406 -50.426090240478516 11.5
vertex -64.7854995727539 -72.67524719238281 11.5
vertex -64.05667114257812 -73.00253295898438 11.5
endloop
endfacet
facet normal 0 0 -1
outer loop
vertex -67.42153930664062 33.91304016113281 -5.699999809265137
vertex -68.7813491821289 32.749488830566406 -5.699999809265137
vertex -68.8384017944336 33.16940689086914 -5.699999809265137
endloop
endfacet
facet normal 0 0 -1
outer loop
vertex -67.42153930664062 33.91304016113281 -5.699999809265137
vertex -68.8384017944336 33.16940689086914 -5.699999809265137
vertex -68.88516235351562 33.359230041503906 -5.699999809265137
endloop
endfacet
facet normal 0 0 -1
outer loop
vertex 29.39384651184082 45.26905059814453 -5.699999809265137
vertex 29.34343719482422 46.96562576293945 -5.699999809265137
vertex 30.08992576599121 45.85245132446289 -5.699999809265137
endloop
endfacet
facet normal 0 0 -1
outer loop
vertex 28.74591827392578 44.52446365356445 -5.699999809265137
vertex 28.28537940979004 46.055137634277344 -5.699999809265137
vertex 29.39384651184082 45.26905059814453 -5.699999809265137
endloop
endfacet
facet normal 0 0 -1
outer loop
vertex 28.075660705566406 43.4227409362793 -5.699999809265137
vertex 27.394418716430664 44.955291748046875 -5.699999809265137
vertex 28.74591827392578 44.52446365356445 -5.699999809265137
endloop
endfacet
facet normal -0.2580988343936111 -0.966118518446189 0
outer loop
vertex -8.608565330505371 34.06245803833008 5.300000190734863
vertex -8.878856658935547 34.134666442871094 10.5
vertex -8.878856658935547 34.134666442871094 5.300000190734863
endloop
endfacet
facet normal 0 0 -1
outer loop
vertex 28.075660705566406 43.4227409362793 -5.699999809265137
vertex 27.050363540649414 44.58509826660156 -5.699999809265137
vertex 27.342086791992188 44.892494201660156 -5.699999809265137
endloop
endfacet
facet normal 0.6827435229542569 0.7306581155807483 0
outer loop
vertex -61.92549133300781 -49.69157409667969 10.5
vertex -62.04922103881836 -49.575958251953125 5.300000190734863
vertex -62.04922103881836 -49.575958251953125 10.5
endloop
endfacet
facet normal 0 0 -1
outer loop
vertex 28.075660705566406 43.4227409362793 -5.699999809265137
vertex 26.5685977935791 44.197391510009766 -5.699999809265137
vertex 26.907920837402344 44.451263427734375 -5.699999809265137
endloop
endfacet
facet normal 0.9748170147159236 0.2230062506306377 0
outer loop
vertex -62.08283233642578 -49.42903518676758 10.5
vertex -62.11783981323242 -49.27600860595703 5.300000190734863
vertex -62.11783981323242 -49.27600860595703 10.5
endloop
endfacet
facet normal 0 0 1
outer loop
vertex -40.36317443847656 56.86814498901367 11.5
vertex -44.286415100097656 51.79766082763672 11.5
vertex -39.921871185302734 56.632564544677734 11.5
endloop
endfacet
facet normal 0 0 -1
outer loop
vertex 27.817134857177734 43.09445571899414 -5.699999809265137
vertex 26.5685977935791 44.197391510009766 -5.699999809265137
vertex 28.075660705566406 43.4227409362793 -5.699999809265137
endloop
endfacet
facet normal 0 0 1
outer loop
vertex -68.76313781738281 -66.09666442871094 11.5
vertex -61.92436218261719 -50.359249114990234 11.5
vertex -62.01462936401367 -50.29038619995117 11.5
endloop
endfacet
facet normal 0 0 1
outer loop
vertex -72.68052673339844 44.53409957885742 11.5
vertex -77.71614074707031 40.70854568481445 11.5
vertex -72.52202606201172 44.01285934448242 11.5
endloop
endfacet
facet normal -0.5103396831775003 -0.8599729110700456 0
outer loop
vertex -8.878856658935547 34.134666442871094 5.300000190734863
vertex -9.108939170837402 34.27120590209961 10.5
vertex -9.108939170837402 34.27120590209961 5.300000190734863
endloop
endfacet
facet normal 0 0 -1
outer loop
vertex 27.511049270629883 42.809993743896484 -5.699999809265137
vertex 26.02825164794922 43.89657974243164 -5.699999809265137
vertex 26.405471801757812 44.08970260620117 -5.699999809265137
endloop
endfacet
facet normal 0 0 1
outer loop
vertex -61.92436218261719 -50.359249114990234 11.5
vertex -68.76313781738281 -66.09666442871094 11.5
vertex -61.84537124633789 -50.39608383178711 11.5
endloop
endfacet
facet normal 0 0 -1
outer loop
vertex 26.02825164794922 43.89657974243164 -5.699999809265137
vertex 27.511049270629883 42.809993743896484 -5.699999809265137
vertex 27.164735794067383 42.576168060302734 -5.699999809265137
endloop
endfacet
facet normal -0.9519976466537703 -0.30610534259578576 0
outer loop
vertex -70.1113052368164 33.41006851196289 -3.700000047683716
vertex -70.08103942871094 33.315940856933594 -3.700000047683716
vertex -70.1113052368164 33.41006851196289 9.5
endloop
endfacet
facet normal 0 0 1
outer loop
vertex -68.76313781738281 -66.09666442871094 11.5
vertex -62.389488220214844 -49.94010543823242 11.5
vertex -62.53662872314453 -49.68746566772461 11.5
endloop
endfacet
facet normal 0 0 -1
outer loop
vertex 27.164735794067383 42.576168060302734 -5.699999809265137
vertex 26.786489486694336 42.398582458496094 -5.699999809265137
vertex 25.849172592163086 43.818199157714844 -5.699999809265137
endloop
endfacet
facet normal 0 0 1
outer loop
vertex -68.76313781738281 -66.09666442871094 11.5
vertex -62.53662872314453 -49.68746566772461 11.5
vertex -62.60372543334961 -49.38716506958008 11.5
endloop
endfacet
facet normal -0.9900140235287905 -0.1409689086867571 0
outer loop
vertex -69.98157501220703 33.00664520263672 -3.700000047683716
vertex -69.92183685302734 32.58710861206055 -3.700000047683716
vertex -69.98157501220703 33.00664520263672 9.5
endloop
endfacet
facet normal 0 0 1
outer loop
vertex -44.759647369384766 52.44992446899414 11.5
vertex -44.571598052978516 52.25666809082031 11.5
vertex -40.531776428222656 56.97654342651367 11.5
endloop
endfacet
facet normal 0 0 -1
outer loop
vertex -76.86663818359375 39.607749938964844 -5.699999809265137
vertex -75.60691833496094 40.2419548034668 -5.699999809265137
vertex -75.82593536376953 38.68797302246094 -5.699999809265137
endloop
endfacet
facet normal 0 0 -1
outer loop
vertex -75.60691833496094 40.2419548034668 -5.699999809265137
vertex -74.83355712890625 39.628658294677734 -5.699999809265137
vertex -75.82593536376953 38.68797302246094 -5.699999809265137
endloop
endfacet
facet normal 0 0 1
outer loop
vertex -5.894392967224121 34.24083709716797 11.5
vertex -5.750873565673828 34.25566101074219 11.5
vertex -6.769930362701416 45.039764404296875 11.5
endloop
endfacet
facet normal 0 0 -1
outer loop
vertex -76.2214584350586 40.910701751708984 -5.699999809265137
vertex -77.71614074707031 40.70854568481445 -5.699999809265137
vertex -76.76573944091797 41.73409652709961 -5.699999809265137
endloop
endfacet
facet normal 0 0 1
outer loop
vertex -44.571598052978516 52.25666809082031 11.5
vertex -44.37651062011719 51.898460388183594 11.5
vertex -40.36317443847656 56.86814498901367 11.5
endloop
endfacet
facet normal 0 0 1
outer loop
vertex -6.769930362701416 45.039764404296875 11.5
vertex -5.627345085144043 34.30375289916992 11.5
vertex -5.497855186462402 34.40008544921875 11.5
endloop
endfacet
facet normal 0 0 -1
outer loop
vertex 26.3853702545166 42.28148651123047 -5.699999809265137
vertex 25.97098731994629 42.227691650390625 -5.699999809265137
vertex 25.849172592163086 43.818199157714844 -5.699999809265137
endloop
endfacet
facet normal 0 0 1
outer loop
vertex 72.35889434814453 48.27138137817383 11.5
vertex 71.8393325805664 42.12416458129883 11.5
vertex 72.00968933105469 42.09406661987305 11.5
endloop
endfacet
facet normal 0 0 -1
outer loop
vertex -75.82593536376953 38.68797302246094 -5.699999809265137
vertex -68.61570739746094 36.01708984375 -5.699999809265137
vertex -70.58314514160156 35.605674743652344 -5.699999809265137
endloop
endfacet
facet normal 0 0 -1
outer loop
vertex 24.673168182373047 43.57332992553711 -5.699999809265137
vertex 24.8350887298584 43.58749771118164 -5.699999809265137
vertex 25.97098731994629 42.227691650390625 -5.699999809265137
endloop
endfacet
facet normal 0 0 -1
outer loop
vertex 25.97098731994629 42.227691650390625 -5.699999809265137
vertex 14.592066764831543 42.22399139404297 -5.699999809265137
vertex 24.673168182373047 43.57332992553711 -5.699999809265137
endloop
endfacet
facet normal 0 0 1
outer loop
vertex 7.897795677185059 41.19829177856445 11.5
vertex 12.915292739868164 35.052978515625 11.5
vertex 8.06053638458252 41.21249771118164 11.5
endloop
endfacet
facet normal 0 0 -1
outer loop
vertex -66.11536407470703 -71.79370880126953 -5.699999809265137
vertex -64.69725799560547 -71.17432403564453 -5.699999809265137
vertex -65.47444915771484 -72.27071380615234 -5.699999809265137
endloop
endfacet
facet normal 0 0 1
outer loop
vertex 7.897795677185059 41.19829177856445 11.5
vertex -0.8359745144844055 41.2010498046875 11.5
vertex 12.915292739868164 35.052978515625 11.5
endloop
endfacet
facet normal 0 0 -1
outer loop
vertex 13.182159423828125 -68.74980163574219 -5.699999809265137
vertex 13.182159423828125 -67.40418243408203 -5.699999809265137
vertex 73.50497436523438 -68.74630737304688 -5.699999809265137
endloop
endfacet
facet normal 0 0 1
outer loop
vertex -0.8359745144844055 41.2010498046875 11.5
vertex -4.4179558753967285 35.048980712890625 11.5
vertex 12.915292739868164 35.052978515625 11.5
endloop
endfacet
facet normal 0 0 1
outer loop
vertex -78.30111694335938 47.4018669128418 11.5
vertex -78.70508575439453 46.05535125732422 11.5
vertex -72.58065795898438 45.13766098022461 11.5
endloop
endfacet
facet normal 0 0 -1
outer loop
vertex -67.22340393066406 -70.64570617675781 -5.699999809265137
vertex -66.13554382324219 -69.85662841796875 -5.699999809265137
vertex -66.7006607055664 -71.24989318847656 -5.699999809265137
endloop
endfacet
facet normal 0 0 1
outer loop
vertex -78.72405242919922 43.286983489990234 11.5
vertex -72.69632720947266 44.593074798583984 11.5
vertex -78.8462905883789 44.67206954956055 11.5
endloop
endfacet
facet normal 0.00005778439765340867 -0.9999999973803826 -0.00004359126085218661
outer loop
vertex 11.682159423828125 -69.90459442138672 -3.450000047683716
vertex 12.256184577941895 -69.90455627441406 -3.564180612564087
vertex 73.54864501953125 -69.90100860595703 -3.700000047683716
endloop
endfacet
facet normal 0.3221008951214619 0.9467053466427412 0
outer loop
vertex -1.6552726030349731 42.55899429321289 -3.700000047683716
vertex -1.6552726030349731 42.55899429321289 9.5
vertex -1.4117928743362427 42.47615432739258 9.5
endloop
endfacet
facet normal 0.5682512523552624 -0.822855099149708 -1.634672486249549e-10
outer loop
vertex 0.02383269928395748 -73.39646911621094 9.5
vertex 0.023832695558667183 -73.39646911621094 -3.450000047683716
vertex 0.7847892642021179 -72.87096405029297 -3.450000047683716
endloop
endfacet
facet normal 0.22300829169432473 -0.9748165477850407 1.8590672022331046e-7
outer loop
vertex 14.282207489013672 36.85537338256836 10.5
vertex 14.582159042358398 36.92399215698242 5.300000190734863
vertex 14.429129600524902 36.88898468017578 10.5
endloop
endfacet
facet normal 0 0 -1
outer loop
vertex 14.592066764831543 42.22399139404297 -5.699999809265137
vertex 13.74303913116455 42.16414260864258 -5.699999809265137
vertex 14.62607192993164 43.569305419921875 -5.699999809265137
endloop
endfacet
facet normal -0.2617520714953521 -0.9651351475663353 0
outer loop
vertex -10.740799903869629 39.22724914550781 10.5
vertex -8.991025924682617 38.7526969909668 5.300000190734863
vertex -8.991025924682617 38.7526969909668 10.5
endloop
endfacet
facet normal 0 0 -1
outer loop
vertex 13.74303913116455 42.16414260864258 -5.699999809265137
vertex 13.801339149475098 43.52397155761719 -5.699999809265137
vertex 14.62607192993164 43.569305419921875 -5.699999809265137
endloop
endfacet
facet normal 0.7306661840012723 -0.6827348881938133 0
outer loop
vertex 14.166701316833496 36.73175811767578 10.5
vertex 14.282207489013672 36.85537338256836 5.300000190734863
vertex 14.282207489013672 36.85537338256836 10.5
endloop
endfacet
facet normal 0.7325901342962078 -0.6806700339605559 0
outer loop
vertex 2.11361026763916 -71.58840942382812 -3.450000047683716
vertex 1.4841421842575073 -72.2658920288086 9.5
vertex 1.4841421842575073 -72.2658920288086 -3.450000047683716
endloop
endfacet
facet normal 0.73132879587573 -0.6820250672247722 0
outer loop
vertex 2.9543662071228027 -70.54712677001953 -3.450000047683716
vertex 2.6653459072113037 -70.85704040527344 9.5
vertex 2.6653459072113037 -70.85704040527344 -3.450000047683716
endloop
endfacet
facet normal 0.605627354876293 -0.7957483942965544 0
outer loop
vertex 3.291578531265259 -70.29048156738281 -3.450000047683716
vertex 2.9543662071228027 -70.54712677001953 9.5
vertex 2.9543662071228027 -70.54712677001953 -3.450000047683716
endloop
endfacet
facet normal -0.8497394243085451 -0.5272029123357592 -6.898294084544808e-7
outer loop
vertex -8.991025924682617 38.7526969909668 10.5
vertex -8.71985149383545 38.31562805175781 5.300000190734863
vertex -8.937501907348633 38.66642761230469 10.5
endloop
endfacet
facet normal 0 0 1
outer loop
vertex -72.4352035522461 43.86247634887695 11.5
vertex -76.86663818359375 39.607749938964844 11.5
vertex -72.37357330322266 43.800846099853516 11.5
endloop
endfacet
facet normal 0 0 -1
outer loop
vertex 12.78028392791748 41.94660568237305 -5.699999809265137
vertex 12.41700553894043 43.236732482910156 -5.699999809265137
vertex 13.74303913116455 42.16414260864258 -5.699999809265137
endloop
endfacet
facet normal 0.6827519946231653 0.7306501993690887 0
outer loop
vertex -43.04922103881836 -56.700958251953125 5.300000190734863
vertex -43.04922103881836 -56.700958251953125 10.5
vertex -42.925392150878906 -56.81666946411133 10.5
endloop
endfacet
facet normal -0.8497348434145546 -0.5272102956954108 0
outer loop
vertex -8.937501907348633 38.66642761230469 10.5
vertex -8.71985149383545 38.31562805175781 5.300000190734863
vertex -8.71985149383545 38.31562805175781 10.5
endloop
endfacet
facet normal 0 0 -1
outer loop
vertex 11.089925765991211 41.10245132446289 -5.699999809265137
vertex 11.133742332458496 42.702728271484375 -5.699999809265137
vertex 11.937286376953125 41.60861587524414 -5.699999809265137
endloop
endfacet
facet normal 0 0 -1
outer loop
vertex -77.1418228149414 42.5608024597168 -5.699999809265137
vertex -78.3427734375 41.94981002807617 -5.699999809265137
vertex -78.72405242919922 43.286983489990234 -5.699999809265137
endloop
endfacet
facet normal -0.9983496314121492 -0.05742833324436483 0
outer loop
vertex -69.91783905029297 -66.1298828125 -3.700000047683716
vertex -69.91444396972656 -66.18890380859375 -3.700000047683716
vertex -69.91783905029297 -66.1298828125 9.5
endloop
endfacet
facet normal 0 0 -1
outer loop
vertex -78.8462905883789 44.67206954956055 -5.699999809265137
vertex -77.50337219238281 44.415306091308594 -5.699999809265137
vertex -78.72405242919922 43.286983489990234 -5.699999809265137
endloop
endfacet
facet normal 0 0 -1
outer loop
vertex -78.70508575439453 46.05535125732422 -5.699999809265137
vertex -77.45561981201172 45.40117645263672 -5.699999809265137
vertex -78.8462905883789 44.67206954956055 -5.699999809265137
endloop
endfacet
facet normal 0 0 -1
outer loop
vertex -77.45561981201172 45.40117645263672 -5.699999809265137
vertex -78.70508575439453 46.05535125732422 -5.699999809265137
vertex -77.27025604248047 46.29029083251953 -5.699999809265137
endloop
endfacet
facet normal 0 0 1
outer loop
vertex -62.514278411865234 -73.41080474853516 11.5
vertex -61.71122741699219 -73.48770141601562 11.5
vertex -43.60372543334961 -56.51216506958008 11.5
endloop
endfacet
facet normal 0 0 -1
outer loop
vertex -77.27025604248047 46.29029083251953 -5.699999809265137
vertex -78.30111694335938 47.4018669128418 -5.699999809265137
vertex -76.91761016845703 47.213836669921875 -5.699999809265137
endloop
endfacet
facet normal 0 0 1
outer loop
vertex -22.685768127441406 49.3651237487793 11.5
vertex -26.622615814208984 44.08680725097656 11.5
vertex -26.499469757080078 44.01921081542969 11.5
endloop
endfacet
facet normal 0 0 -1
outer loop
vertex 10.28915786743164 40.434993743896484 -5.699999809265137
vertex 9.734529495239258 41.77582550048828 -5.699999809265137
vertex 11.089925765991211 41.10245132446289 -5.699999809265137
endloop
endfacet
facet normal 0 0 1
outer loop
vertex -43.92127990722656 -50.521202087402344 11.5
vertex -62.514278411865234 -73.41080474853516 11.5
vertex -43.80772399902344 -50.589595794677734 11.5
endloop
endfacet
facet normal 0.14095079164359753 -0.9900166030602936 0
outer loop
vertex 4.490253925323486 -69.9050064086914 -3.450000047683716
vertex 4.07071590423584 -69.96473693847656 9.5
vertex 4.07071590423584 -69.96473693847656 -3.450000047683716
endloop
endfacet
facet normal 0.7131273929826825 -0.7010344651853594 0
outer loop
vertex -5.168393611907959 34.02199935913086 10.5
vertex -4.717792510986328 34.48037338256836 5.300000190734863
vertex -4.717792510986328 34.48037338256836 10.5
endloop
endfacet
facet normal 0 0 -1
outer loop
vertex -76.91761016845703 47.213836669921875 -5.699999809265137
vertex -77.84327697753906 48.33803176879883 -5.699999809265137
vertex -76.69850158691406 47.63043975830078 -5.699999809265137
endloop
endfacet
facet normal 0.9984595485716723 -0.055484501133671205 0
outer loop
vertex 13.872431755065918 35.40985107421875 10.5
vertex 13.931928634643555 36.48051452636719 5.300000190734863
vertex 13.931928634643555 36.48051452636719 10.5
endloop
endfacet
facet normal 0.00005796206803294213 -0.9999999983201286 3.7609357354969714e-7
outer loop
vertex 4.490253925323486 -69.9050064086914 9.5
vertex 11.682159423828125 -69.90459442138672 -3.450000047683716
vertex 73.54864501953125 -69.90100860595703 -3.700000047683716
endloop
endfacet
facet normal 0 0 -1
outer loop
vertex -64.7854995727539 -72.67524719238281 -5.699999809265137
vertex -65.47444915771484 -72.27071380615234 -5.699999809265137
vertex -64.13204193115234 -71.50090789794922 -5.699999809265137
endloop
endfacet
facet normal 0 0 1
outer loop
vertex -61.71122741699219 -73.48770141601562 11.5
vertex -43.482234954833984 -56.950958251953125 11.5
vertex -43.519065856933594 -56.871971130371094 11.5
endloop
endfacet
facet normal 0 0 1
outer loop
vertex -58.291099548339844 67.4121322631836 11.5
vertex -59.22726821899414 67.8699722290039 11.5
vertex -44.759647369384766 52.44992446899414 11.5
endloop
endfacet
facet normal 0 0 -1
outer loop
vertex 9.253698348999023 41.52157974243164 -5.699999809265137
vertex 9.94284439086914 40.201168060302734 -5.699999809265137
vertex 9.07461929321289 41.443199157714844 -5.699999809265137
endloop
endfacet
facet normal 0 0 1
outer loop
vertex -61.71122741699219 -73.48770141601562 11.5
vertex -43.519065856933594 -56.871971130371094 11.5
vertex -43.53510665893555 -56.81211471557617 11.5
endloop
endfacet
facet normal 0 0 -1
outer loop
vertex 73.50497436523438 -68.74630737304688 -5.699999809265137
vertex 73.93830871582031 -67.3841781616211 -5.699999809265137
vertex 74.38553619384766 -68.6796646118164 -5.699999809265137
endloop
endfacet
facet normal 0 0 1
outer loop
vertex -27.027204513549805 44.65510559082031 11.5
vertex -23.2452392578125 49.59607696533203 11.5
vertex -27.250350952148438 44.834251403808594 11.5
endloop
endfacet
facet normal 0 0 1
outer loop
vertex -78.3427734375 41.94981002807617 11.5
vertex -77.71614074707031 40.70854568481445 11.5
vertex -72.68052673339844 44.53409957885742 11.5
endloop
endfacet
facet normal 0 0 1
outer loop
vertex -43.43224334716797 -57.02235412597656 11.5
vertex -61.71122741699219 -73.48770141601562 11.5
vertex -43.390594482421875 -57.066287994384766 11.5
endloop
endfacet
facet normal 0 0 -1
outer loop
vertex 9.253698348999023 41.52157974243164 -5.699999809265137
vertex 10.28915786743164 40.434993743896484 -5.699999809265137
vertex 9.94284439086914 40.201168060302734 -5.699999809265137
endloop
endfacet
facet normal 0 0 1
outer loop
vertex -59.22726821899414 67.8699722290039 11.5
vertex -61.40632629394531 62.11476516723633 11.5
vertex -44.759647369384766 52.44992446899414 11.5
endloop
endfacet
facet normal 0 0 -1
outer loop
vertex 9.94284439086914 40.201168060302734 -5.699999809265137
vertex 8.670280456542969 41.316314697265625 -5.699999809265137
vertex 9.07461929321289 41.443199157714844 -5.699999809265137
endloop
endfacet
facet normal 0 0 1
outer loop
vertex -42.84537124633789 -57.52108383178711 11.5
vertex -61.71122741699219 -73.48770141601562 11.5
vertex -42.67604064941406 -57.551090240478516 11.5
endloop
endfacet
facet normal 0 0 -1
outer loop
vertex 9.564598083496094 40.023582458496094 -5.699999809265137
vertex 8.670280456542969 41.316314697265625 -5.699999809265137
vertex 9.94284439086914 40.201168060302734 -5.699999809265137
endloop
endfacet
facet normal 0 0 -1
outer loop
vertex 8.480073928833008 41.2722282409668 -5.699999809265137
vertex 9.163479804992676 39.90648651123047 -5.699999809265137
vertex 8.749096870422363 39.852691650390625 -5.699999809265137
endloop
endfacet
facet normal 0 0 1
outer loop
vertex -43.0157356262207 -57.41656494140625 11.5
vertex -61.71122741699219 -73.48770141601562 11.5
vertex -42.92436218261719 -57.484249114990234 11.5
endloop
endfacet
facet normal 0 0 1
outer loop
vertex -76.86663818359375 39.607749938964844 11.5
vertex -72.4352035522461 43.86247634887695 11.5
vertex -77.71614074707031 40.70854568481445 11.5
endloop
endfacet
facet normal 0.2230194369302422 -0.974813998027992 0
outer loop
vertex -4.5708746910095215 34.513980865478516 10.5
vertex -4.417840957641602 34.54899215698242 5.300000190734863
vertex -4.417840957641602 34.54899215698242 10.5
endloop
endfacet
facet normal 0 0 -1
outer loop
vertex -70.52099609375 35.56733322143555 -5.699999809265137
vertex -70.58314514160156 35.605674743652344 -5.699999809265137
vertex -68.61570739746094 36.01708984375 -5.699999809265137
endloop
endfacet
facet normal 0 0 1
outer loop
vertex -62.514278411865234 -73.41080474853516 11.5
vertex -43.60372543334961 -56.51216506958008 11.5
vertex -43.6178092956543 -56.401371002197266 11.5
endloop
endfacet
facet normal 0 0 -1
outer loop
vertex -70.0888671875 35.253780364990234 -5.699999809265137
vertex -70.13165283203125 35.296566009521484 -5.699999809265137
vertex -68.61570739746094 36.01708984375 -5.699999809265137
endloop
endfacet
facet normal 0 0 1
outer loop
vertex -26.81954574584961 44.351341247558594 11.5
vertex -26.717748641967773 44.17912292480469 11.5
vertex -23.2452392578125 49.59607696533203 11.5
endloop
endfacet
facet normal 0 0 -1
outer loop
vertex -69.64788818359375 34.82020568847656 -5.699999809265137
vertex -69.77894592285156 34.964759826660156 -5.699999809265137
vertex -68.00384521484375 35.453102111816406 -5.699999809265137
endloop
endfacet
facet normal 0 0 1
outer loop
vertex -62.514278411865234 -73.41080474853516 11.5
vertex -43.62179946899414 -50.942996978759766 11.5
vertex -43.65375518798828 -50.802490234375 11.5
endloop
endfacet
facet normal 0 0 -1
outer loop
vertex -69.77894592285156 34.964759826660156 -5.699999809265137
vertex -70.0888671875 35.253780364990234 -5.699999809265137
vertex -68.00384521484375 35.453102111816406 -5.699999809265137
endloop
endfacet
facet normal 0 0 1
outer loop
vertex -6.769930362701416 45.039764404296875 11.5
vertex -26.499469757080078 44.01921081542969 11.5
vertex -8.860647201538086 39.233428955078125 11.5
endloop
endfacet
facet normal 0 0 -1
outer loop
vertex -68.2883071899414 35.759185791015625 -5.699999809265137
vertex -70.0888671875 35.253780364990234 -5.699999809265137
vertex -68.61570739746094 36.01708984375 -5.699999809265137
endloop
endfacet
facet normal 0 0 1
outer loop
vertex -42.67604064941406 -57.551090240478516 11.5
vertex -61.71122741699219 -73.48770141601562 11.5
vertex -25.048397064208984 -57.610504150390625 11.5
endloop
endfacet
facet normal 0 0 -1
outer loop
vertex -61.62189483642578 -72.14656829833984 -5.699999809265137
vertex -4.2453999519348145 -72.14778900146484 -5.699999809265137
vertex -61.71122741699219 -73.48770141601562 -5.699999809265137
endloop
endfacet
facet normal 0 0 -1
outer loop
vertex -69.0904312133789 33.942649841308594 -5.699999809265137
vertex -69.28355407714844 34.31986999511719 -5.699999809265137
vertex -67.47533416748047 34.327423095703125 -5.699999809265137
endloop
endfacet
facet normal 0.9627590952182947 -0.2703607304592338 0
outer loop
vertex 13.800097465515137 35.15226745605469 10.5
vertex 13.872431755065918 35.40985107421875 5.300000190734863
vertex 13.872431755065918 35.40985107421875 10.5
endloop
endfacet
facet normal 0 0 -1
outer loop
vertex -67.47533416748047 34.327423095703125 -5.699999809265137
vertex -69.28355407714844 34.31986999511719 -5.699999809265137
vertex -69.39124298095703 34.482994079589844 -5.699999809265137
endloop
endfacet
facet normal 0 0 -1
outer loop
vertex -67.42153930664062 33.91304016113281 -5.699999809265137
vertex -69.0904312133789 33.942649841308594 -5.699999809265137
vertex -67.47533416748047 34.327423095703125 -5.699999809265137
endloop
endfacet
facet normal 0 0 -1
outer loop
vertex -67.5924301147461 34.728538513183594 -5.699999809265137
vertex -69.64788818359375 34.82020568847656 -5.699999809265137
vertex -67.77001953125 35.10678482055664 -5.699999809265137
endloop
endfacet
facet normal 0 0 1
outer loop
vertex -23.2452392578125 49.59607696533203 11.5
vertex -26.622615814208984 44.08680725097656 11.5
vertex -23.08452606201172 49.518348693847656 11.5
endloop
endfacet
facet normal 0 0 -1
outer loop
vertex 8.06053638458252 41.21249771118164 -5.699999809265137
vertex 8.480073928833008 41.2722282409668 -5.699999809265137
vertex 8.749096870422363 39.852691650390625 -5.699999809265137
endloop
endfacet
facet normal 0.6891587181183912 -0.7246104203235114 0
outer loop
vertex 13.555803298950195 34.82202911376953 10.5
vertex 13.662056922912598 34.9230842590332 5.300000190734863
vertex 13.662056922912598 34.9230842590332 10.5
endloop
endfacet
facet normal 0 0 -1
outer loop
vertex 7.897795677185059 41.19829177856445 -5.699999809265137
vertex 8.06053638458252 41.21249771118164 -5.699999809265137
vertex 8.749096870422363 39.852691650390625 -5.699999809265137
endloop
endfacet
facet normal -0.000035294174450128935 -0.9999999993771606 0
outer loop
vertex -16.65374183654785 -74.64401245117188 -3.700000047683716
vertex -4.116123676300049 -74.64445495605469 -3.700000047683716
vertex -4.116123676300049 -74.64445495605469 9.5
endloop
endfacet
facet normal 0 0 -1
outer loop
vertex -1.873273253440857 39.84899139404297 -5.699999809265137
vertex 7.897795677185059 41.19829177856445 -5.699999809265137
vertex 8.749096870422363 39.852691650390625 -5.699999809265137
endloop
endfacet
facet normal 0 0 1
outer loop
vertex 72.73236846923828 -54.28279113769531 11.5
vertex 78.86853790283203 -64.12728881835938 11.5
vertex 78.92743682861328 40.922630310058594 11.5
endloop
endfacet
facet normal -0.30809675793824576 -0.9513550271838279 0
outer loop
vertex -64.47229766845703 -74.08168029785156 9.5
vertex -64.47229766845703 -74.08168029785156 -3.700000047683716
vertex -64.07109832763672 -74.21160888671875 -3.700000047683716
endloop
endfacet
facet normal 0 0 -1
outer loop
vertex 74.38553619384766 -68.6796646118164 -5.699999809265137
vertex 73.93830871582031 -67.3841781616211 -5.699999809265137
vertex 74.49561309814453 -67.29426574707031 -5.699999809265137
endloop
endfacet
facet normal 0 0 -1
outer loop
vertex 75.50211334228516 -68.38139343261719 -5.699999809265137
vertex 75.16649627685547 -67.07319641113281 -5.699999809265137
vertex 75.80934143066406 -66.72283935546875 -5.699999809265137
endloop
endfacet
facet normal 0 0 -1
outer loop
vertex 76.51526641845703 -67.86053466796875 -5.699999809265137
vertex 75.80934143066406 -66.72283935546875 -5.699999809265137
vertex 76.35172271728516 -66.28568267822266 -5.699999809265137
endloop
endfacet
facet normal 0.22175237780627033 -0.9751030114487355 -9.341872529744438e-7
outer loop
vertex 12.971489906311035 34.5529899597168 10.5
vertex 13.23237419128418 34.61232376098633 5.300000190734863
vertex 13.113248825073242 34.585227966308594 10.5
endloop
endfacet
facet normal 0 0 -1
outer loop
vertex 76.35172271728516 -66.28568267822266 -5.699999809265137
vertex 76.81637573242188 -65.75365447998047 -5.699999809265137
vertex 77.39481353759766 -67.13653564453125 -5.699999809265137
endloop
endfacet
facet normal 0.2619959001451555 0.9650689862942858 -2.2227506982149833e-7
outer loop
vertex -6.3573479652404785 46.12425231933594 9.5
vertex -22.38439178466797 50.47525405883789 -3.700000047683716
vertex -17.214017868041992 49.07160949707031 9.5
endloop
endfacet
facet normal 0 0 -1
outer loop
vertex 77.39481353759766 -67.13653564453125 -5.699999809265137
vertex 77.19103240966797 -65.1246566772461 -5.699999809265137
vertex 78.10069274902344 -66.24237823486328 -5.699999809265137
endloop
endfacet
facet normal 0.00023056020402279585 -0.9999999734209959 0
outer loop
vertex 10.17532730102539 34.552345275878906 10.5
vertex 12.971489906311035 34.5529899597168 5.300000190734863
vertex 12.971489906311035 34.5529899597168 10.5
endloop
endfacet
facet normal 0 0 -1
outer loop
vertex 78.10069274902344 -66.24237823486328 -5.699999809265137
vertex 77.43501281738281 -64.47216033935547 -5.699999809265137
vertex 77.56377410888672 -63.777626037597656 -5.699999809265137
endloop
endfacet
facet normal 0.16809373542082695 -0.9857710160642142 0
outer loop
vertex -2.535555601119995 -74.43848419189453 -3.700000047683716
vertex -3.447172164916992 -74.59393310546875 9.5
vertex -3.447172164916992 -74.59393310546875 -3.700000047683716
endloop
endfacet
facet normal 0 0 -1
outer loop
vertex 78.60073852539062 -65.21878814697266 -5.699999809265137
vertex 78.10069274902344 -66.24237823486328 -5.699999809265137
vertex 78.86853790283203 -64.12728881835938 -5.699999809265137
endloop
endfacet
facet normal 0 0 1
outer loop
vertex 78.53234100341797 43.33145523071289 11.5
vertex 72.7680435180664 41.085147857666016 11.5
vertex 78.85576629638672 41.96335983276367 11.5
endloop
endfacet
facet normal 0.8647979833128071 -0.5021199530686958 0.000028078321809885185
outer loop
vertex -72.1058578491211 44.98512268066406 10.5
vertex -62.44760513305664 61.619178771972656 5.300000190734863
vertex -71.80302429199219 45.506690979003906 10.5
endloop
endfacet
facet normal -0.1422010486790473 0.9898377956789585 0
outer loop
vertex 33.1660041809082 49.463226318359375 9.5
vertex 31.593135833740234 49.237266540527344 -3.700000047683716
vertex 31.593135833740234 49.237266540527344 9.5
endloop
endfacet
facet normal 0.27421322378462365 -0.9616689180282599 0
outer loop
vertex -2.535555601119995 -74.43848419189453 9.5
vertex -2.535555601119995 -74.43848419189453 -3.700000047683716
vertex -1.646227240562439 -74.18489837646484 -3.700000047683716
endloop
endfacet
facet normal 0.952075598931624 -0.30586280244317193 7.738951826114659e-7
outer loop
vertex -72.20391845703125 44.67989730834961 10.5
vertex -72.1058578491211 44.98512268066406 5.300000190734863
vertex -72.16521453857422 44.80037307739258 10.5
endloop
endfacet
facet normal -0.3250677850106573 0.9456907185482287 0
outer loop
vertex 31.593135833740234 49.237266540527344 9.5
vertex 30.0703125 48.71381759643555 -3.700000047683716
vertex 30.0703125 48.71381759643555 9.5
endloop
endfacet
facet normal 0 0 1
outer loop
vertex -22.823152542114258 49.41062927246094 11.5
vertex -26.622615814208984 44.08680725097656 11.5
vertex -22.685768127441406 49.3651237487793 11.5
endloop
endfacet
facet normal -0.8781996036642324 -0.4782943195606497 0
outer loop
vertex -44.787906646728516 51.60844802856445 5.300000190734863
vertex -45.01070022583008 52.017520904541016 10.5
vertex -45.01070022583008 52.017520904541016 5.300000190734863
endloop
endfacet
facet normal -0.9999998635242772 0.0005224475352650221 0
outer loop
vertex 72.23239135742188 -54.282527923583984 5.300000190734863
vertex 72.23239135742188 -54.282527923583984 10.5
vertex 72.28215789794922 40.97399139404297 10.5
endloop
endfacet
facet normal 0.6119004613763889 0.7909347794650003 -1.1688501254796055e-7
outer loop
vertex -39.82710647583008 57.887393951416016 9.5
vertex -40.553070068359375 58.44902801513672 -3.700000047683716
vertex -39.99692916870117 58.018775939941406 9.5
endloop
endfacet
facet normal 0 0 -1
outer loop
vertex -66.38717651367188 65.17576599121094 -5.699999809265137
vertex -67.93909454345703 65.3971176147461 -5.699999809265137
vertex -67.0213851928711 66.43548583984375 -5.699999809265137
endloop
endfacet
facet normal 0 0 -1
outer loop
vertex -65.71842956542969 65.7903060913086 -5.699999809265137
vertex -67.0213851928711 66.43548583984375 -5.699999809265137
vertex -65.92058563232422 67.28498840332031 -5.699999809265137
endloop
endfacet
facet normal 0.3770751278530674 -0.9261826752613859 -5.051221798742627e-7
outer loop
vertex -1.646227240562439 -74.18489837646484 9.5
vertex -1.095133900642395 -73.96052551269531 -3.700000047683716
vertex -0.8918659687042236 -73.87776947021484 -3.564180612564087
endloop
endfacet
facet normal 0 0 -1
outer loop
vertex -64.89503479003906 66.33458709716797 -5.699999809265137
vertex -65.92058563232422 67.28498840332031 -5.699999809265137
vertex -64.6793212890625 67.91162872314453 -5.699999809265137
endloop
endfacet
facet normal 0.97481858858713 0.2229993707273737 -4.374072982876625e-7
outer loop
vertex -43.082828521728516 -56.554046630859375 10.5
vertex -43.04922103881836 -56.700958251953125 10.5
vertex -43.11783981323242 -56.40100860595703 5.300000190734863
endloop
endfacet
facet normal 0 0 1
outer loop
vertex -24.429893493652344 50.315673828125 11.5
vertex -27.250350952148438 44.834251403808594 11.5
vertex -23.2452392578125 49.59607696533203 11.5
endloop
endfacet
facet normal 0 0 -1
outer loop
vertex -64.89503479003906 66.33458709716797 -5.699999809265137
vertex -64.6793212890625 67.91162872314453 -5.699999809265137
vertex -64.06832885742188 66.71067810058594 -5.699999809265137
endloop
endfacet
facet normal 0.9999997372583416 0.0007249022281059943 -8.658901704602908e-8
outer loop
vertex -43.11783981323242 -56.40100860595703 10.5
vertex -43.1218376159668 -50.88667678833008 5.300000190734863
vertex -43.121192932128906 -51.775394439697266 10.5
endloop
endfacet
facet normal 0 0 -1
outer loop
vertex -64.06832885742188 66.71067810058594 -5.699999809265137
vertex -63.3421516418457 68.29290771484375 -5.699999809265137
vertex -63.11649703979492 66.97189331054688 -5.699999809265137
endloop
endfacet
facet normal 0.4754805300895742 -0.8797262446384884 0
outer loop
vertex -0.7897171974182129 -73.836181640625 -3.5438621044158936
vertex -0.3178407847881317 -73.58113861083984 -3.450000047683716
vertex -0.7897171974182129 -73.836181640625 9.5
endloop
endfacet
facet normal 0 0 -1
outer loop
vertex -62.21382522583008 67.07222747802734 -5.699999809265137
vertex -63.3421516418457 68.29290771484375 -5.699999809265137
vertex -61.957061767578125 68.4151382446289 -5.699999809265137
endloop
endfacet
facet normal 0 0 -1
outer loop
vertex -61.22795486450195 67.02447509765625 -5.699999809265137
vertex -61.957061767578125 68.4151382446289 -5.699999809265137
vertex -60.57378005981445 68.27394104003906 -5.699999809265137
endloop
endfacet
facet normal -0.9748211058744836 -0.22298836637986708 -9.418015861314064e-7
outer loop
vertex 72.21353912353516 41.27394485473633 10.5
vertex 72.28215789794922 40.97399139404297 5.300000190734863
vertex 72.24714660644531 41.12702560424805 10.5
endloop
endfacet
facet normal 0 0 -1
outer loop
vertex -60.33884048461914 66.83910369873047 -5.699999809265137
vertex -60.57378005981445 68.27394104003906 -5.699999809265137
vertex -59.22726821899414 67.8699722290039 -5.699999809265137
endloop
endfacet
facet normal 0.43933223576012526 0.8983246554681719 0
outer loop
vertex -57.74687957763672 68.43136596679688 9.5
vertex -58.804901123046875 68.94879913330078 -3.700000047683716
vertex -58.804901123046875 68.94879913330078 9.5
endloop
endfacet
facet normal 0.2873668523671376 0.957820594976222 0
outer loop
vertex -58.804901123046875 68.94879913330078 9.5
vertex -58.92861557006836 68.98591613769531 -3.700000047683716
vertex -58.92861557006836 68.98591613769531 9.5
endloop
endfacet
facet normal 0.2873594641290474 0.9578228115760591 0
outer loop
vertex -58.92861557006836 68.98591613769531 9.5
vertex -60.34721374511719 69.41151428222656 -3.700000047683716
vertex -60.34721374511719 69.41151428222656 9.5
endloop
endfacet
facet normal 0.07546588826038232 -0.9971483839976234 0
outer loop
vertex 73.54864501953125 -69.90100860595703 -3.700000047683716
vertex 73.9112548828125 -69.87356567382812 -3.700000047683716
vertex 73.54864501953125 -69.90100860595703 9.5
endloop
endfacet
facet normal 0.8814015317633613 0.47236780140606555 0
outer loop
vertex -43.18117141723633 -50.62579345703125 10.5
vertex -43.307552337646484 -50.389976501464844 5.300000190734863
vertex -43.307552337646484 -50.389976501464844 10.5
endloop
endfacet
facet normal 0.07547116581828689 -0.9971479845689944 1.4580727545731216e-7
outer loop
vertex 73.54864501953125 -69.90100860595703 9.5
vertex 73.9112548828125 -69.87356567382812 -3.700000047683716
vertex 74.57977294921875 -69.82296752929688 -3.700000047683716
endloop
endfacet
facet normal -0.5021020819943228 -0.864808359843318 0.0000014409962966336452
outer loop
vertex -61.65732192993164 61.68244934082031 10.5
vertex -45.01070022583008 52.017520904541016 5.300000190734863
vertex -57.12993621826172 59.05387878417969 10.5
endloop
endfacet
facet normal -0.20290002951707792 -0.9791994577316558 0
outer loop
vertex -63.59251022338867 -74.36660766601562 9.5
vertex -63.59251022338867 -74.36660766601562 -3.700000047683716
vertex -63.11930465698242 -74.46466064453125 -3.700000047683716
endloop
endfacet
facet normal 0.6355266588534099 -0.7720789246486537 0
outer loop
vertex 77.15343475341797 -68.830810546875 9.5
vertex 77.15343475341797 -68.830810546875 -3.700000047683716
vertex 77.53304290771484 -68.51834106445312 -3.700000047683716
endloop
endfacet
facet normal 0.5159417958396285 0.8566236415753297 0
outer loop
vertex -43.4919319152832 -50.196109771728516 10.5
vertex -43.72111892700195 -50.05807113647461 5.300000190734863
vertex -43.72111892700195 -50.05807113647461 10.5
endloop
endfacet
facet normal 0 0 1
outer loop
vertex -54.41078186035156 34.07784652709961 11.5
vertex -55.01754379272461 33.932247161865234 11.5
vertex -54.26460266113281 34.081146240234375 11.5
endloop
endfacet
facet normal -0.7455917371250398 -0.6664030023423256 0
outer loop
vertex -44.60961151123047 51.408966064453125 5.300000190734863
vertex -44.787906646728516 51.60844802856445 10.5
vertex -44.787906646728516 51.60844802856445 5.300000190734863
endloop
endfacet
facet normal 0.9685133667453995 0.2489615601563652 0
outer loop
vertex -53.39328384399414 33.965049743652344 5.300000190734863
vertex -53.32667541503906 33.705928802490234 10.5
vertex -53.32667541503906 33.705928802490234 5.300000190734863
endloop
endfacet
facet normal 0.22300388154300116 -0.974817556682662 0
outer loop
vertex 33.58216094970703 41.67399215698242 5.300000190734863
vertex 33.28220748901367 41.60537338256836 10.5
vertex 33.28220748901367 41.60537338256836 5.300000190734863
endloop
endfacet
facet normal 0.49179037421718286 0.8707136313549496 0
outer loop
vertex -53.715946197509766 34.385868072509766 5.300000190734863
vertex -53.94890213012695 34.5174446105957 5.300000190734863
vertex -53.715946197509766 34.385868072509766 10.5
endloop
endfacet
facet normal -0.022556548193477504 0.9997455686991542 0
outer loop
vertex -54.20840835571289 34.582542419433594 5.300000190734863
vertex -54.47588348388672 34.576507568359375 5.300000190734863
vertex -54.20840835571289 34.582542419433594 10.5
endloop
endfacet
facet normal 0 0 1
outer loop
vertex -44.048397064208984 -50.485504150390625 11.5
vertex -61.67604064941406 -50.426090240478516 11.5
vertex -43.92127990722656 -50.521202087402344 11.5
endloop
endfacet
facet normal 0.2912837301686912 0.9566367066650816 0
outer loop
vertex -55.104366302490234 34.424652099609375 5.300000190734863
vertex -55.40283966064453 34.515533447265625 5.300000190734863
vertex -55.104366302490234 34.424652099609375 10.5
endloop
endfacet
facet normal 0 0 1
outer loop
vertex 4.327874660491943 -68.76451110839844 11.5
vertex 4.490187168121338 -68.75031280517578 11.5
vertex -4.675653457641602 -62.301124572753906 11.5
endloop
endfacet
facet normal 0.8985134181930318 -0.4389460528661767 5.269704915012892e-7
outer loop
vertex 79.08380126953125 -66.86058044433594 9.5
vertex 79.54957580566406 -65.90716552734375 -3.700000047683716
vertex 79.6926498413086 -65.61429595947266 -3.700000047683716
endloop
endfacet
facet normal 0.9627590952182947 -0.2703607304592338 0
outer loop
vertex 32.872432708740234 37.78485107421875 5.300000190734863
vertex 32.80009841918945 37.52726745605469 10.5
vertex 32.80009841918945 37.52726745605469 5.300000190734863
endloop
endfacet
facet normal 0.6891544288563295 -0.7246144997084355 0
outer loop
vertex 32.46818923950195 37.113704681396484 10.5
vertex 32.46818923950195 37.113704681396484 5.300000190734863
vertex 32.66205596923828 37.2980842590332 5.300000190734863
endloop
endfacet
facet normal 0.9731766348559433 0.23005920405509062 0
outer loop
vertex 79.71586608886719 43.34416198730469 9.5
vertex 79.63079071044922 43.70404052734375 -3.700000047683716
vertex 79.63079071044922 43.70404052734375 9.5
endloop
endfacet
facet normal -0.730643005221929 0.6827596933916561 0
outer loop
vertex 71.88211059570312 -54.657386779785156 5.300000190734863
vertex 71.88211059570312 -54.657386779785156 10.5
vertex 71.99769592285156 -54.533695220947266 10.5
endloop
endfacet
facet normal 0.22176931165220876 -0.9750991602956622 0
outer loop
vertex 32.23237609863281 36.98732376098633 5.300000190734863
vertex 31.97149085998535 36.9279899597168 10.5
vertex 31.97149085998535 36.9279899597168 5.300000190734863
endloop
endfacet
facet normal 0.9711964155286475 -0.23828034426758957 1.6056993167393727e-7
outer loop
vertex 79.6926498413086 -65.61429595947266 9.5
vertex 79.85318756103516 -64.95997619628906 -3.700000047683716
vertex 80.02316284179688 -64.26718139648438 -3.700000047683716
endloop
endfacet
facet normal -0.07535114534283417 -0.9971570612975287 0
outer loop
vertex -61.84378433227539 61.75686264038086 5.300000190734863
vertex -62.06671142578125 61.77370834350586 10.5
vertex -62.06671142578125 61.77370834350586 5.300000190734863
endloop
endfacet
facet normal 0.10154675205473997 0.9948307680943193 0
outer loop
vertex -60.34721374511719 69.41151428222656 9.5
vertex -61.94911575317383 69.57502746582031 -3.700000047683716
vertex -61.94911575317383 69.57502746582031 9.5
endloop
endfacet
facet normal 0 0 1
outer loop
vertex 27.342086791992188 44.892494201660156 11.5
vertex 27.050363540649414 44.58509826660156 11.5
vertex 32.56778335571289 41.57078170776367 11.5
endloop
endfacet
facet normal 0 0 -1
outer loop
vertex -59.4152946472168 66.48646545410156 -5.699999809265137
vertex -58.291099548339844 67.4121322631836 -5.699999809265137
vertex -58.998695373535156 66.26734924316406 -5.699999809265137
endloop
endfacet
facet normal -0.7777689393360918 0.6285502979110031 0
outer loop
vertex 26.572481155395508 45.77266311645508 9.5
vertex 26.497617721557617 45.68002700805664 -3.700000047683716
vertex 26.497617721557617 45.68002700805664 9.5
endloop
endfacet
facet normal 0.6957226752173068 0.7183104894042871 -4.974057274361825e-7
outer loop
vertex 76.89017486572266 47.611656188964844 -3.700000047683716
vertex 77.7423324584961 46.78630447387695 9.5
vertex 78.04682159423828 46.491390228271484 9.5
endloop
endfacet
facet normal 0 0 -1
outer loop
vertex -58.291099548339844 67.4121322631836 -5.699999809265137
vertex -41.19906234741211 57.48887634277344 -5.699999809265137
vertex -58.998695373535156 66.26734924316406 -5.699999809265137
endloop
endfacet
facet normal -0.7313202213804116 0.6820342614560894 -3.903985236899257e-7
outer loop
vertex 26.497617721557617 45.68002700805664 9.5
vertex 26.20859718322754 45.370113372802734 -3.700000047683716
vertex 26.43836212158203 45.61648941040039 9.5
endloop
endfacet
facet normal -0.22302405941994546 0.9748129404761966 0
outer loop
vertex 71.58216094970703 -54.726009368896484 5.300000190734863
vertex 71.58216094970703 -54.726009368896484 10.5
vertex 71.73519134521484 -54.69099807739258 10.5
endloop
endfacet
facet normal 0 0 1
outer loop
vertex 26.950824737548828 44.48556137084961 11.5
vertex 26.907920837402344 44.451263427734375 11.5
vertex 32.432682037353516 41.239131927490234 11.5
endloop
endfacet
facet normal 0 0 1
outer loop
vertex 71.69331359863281 -55.211891174316406 11.5
vertex 78.60073852539062 -65.21878814697266 11.5
vertex 78.86853790283203 -64.12728881835938 11.5
endloop
endfacet
facet normal -0.08790724747734713 0.9961286643004074 2.0616336200323864e-7
outer loop
vertex -61.94911575317383 69.57502746582031 9.5
vertex -63.5531120300293 69.43347930908203 -3.700000047683716
vertex -62.749671936035156 69.50437927246094 9.5
endloop
endfacet
facet normal 0 0 1
outer loop
vertex 33.607933044433594 48.31927490234375 11.5
vertex 33.58280944824219 42.17393493652344 11.5
vertex 71.8393325805664 42.12416458129883 11.5
endloop
endfacet
facet normal 0 0 1
outer loop
vertex 71.69331359863281 -55.211891174316406 11.5
vertex 77.39481353759766 -67.13653564453125 11.5
vertex 78.10069274902344 -66.24237823486328 11.5
endloop
endfacet
facet normal 0 0 -1
outer loop
vertex -58.998695373535156 66.26734924316406 -5.699999809265137
vertex -41.19906234741211 57.48887634277344 -5.699999809265137
vertex -42.226627349853516 56.5693244934082 -5.699999809265137
endloop
endfacet
facet normal 0 0 1
outer loop
vertex 26.907920837402344 44.451263427734375 11.5
vertex 26.5685977935791 44.197391510009766 11.5
vertex 32.432682037353516 41.239131927490234 11.5
endloop
endfacet
facet normal 0 0 -1
outer loop
vertex -65.7049789428711 -70.3472900390625 -5.699999809265137
vertex -65.2236557006836 -70.78826141357422 -5.699999809265137
vertex -66.11536407470703 -71.79370880126953 -5.699999809265137
endloop
endfacet
facet normal -0.4625315506397625 0.886602822385975 0
outer loop
vertex 25.87138557434082 45.11346435546875 9.5
vertex 25.495670318603516 44.917457580566406 -3.700000047683716
vertex 25.495670318603516 44.917457580566406 9.5
endloop
endfacet
facet normal 0 0 -1
outer loop
vertex -68.57762145996094 -67.77716827392578 -5.699999809265137
vertex -67.2584228515625 -67.52064514160156 -5.699999809265137
vertex -68.3585433959961 -68.54548645019531 -5.699999809265137
endloop
endfacet
facet normal 0.38011882532388375 0.9249376620260179 4.840986118851567e-7
outer loop
vertex 75.5429916381836 48.49365997314453 9.5
vertex 74.05363464355469 49.105743408203125 -3.700000047683716
vertex 75.23188781738281 48.62151336669922 9.5
endloop
endfacet
facet normal 0 0 -1
outer loop
vertex -68.76313781738281 -66.09666442871094 -5.699999809265137
vertex -67.41783905029297 -66.1335220336914 -5.699999809265137
vertex -68.711669921875 -66.99105072021484 -5.699999809265137
endloop
endfacet
facet normal 0 0 -1
outer loop
vertex -66.13554382324219 -69.85662841796875 -5.699999809265137
vertex -67.67739868164062 -69.98829650878906 -5.699999809265137
vertex -66.51024627685547 -69.32209014892578 -5.699999809265137
endloop
endfacet
facet normal -0.27421387200668285 0.961668733191978 1.9615290013141844e-7
outer loop
vertex -63.5531120300293 69.43347930908203 9.5
vertex -65.10161590576172 68.99193572998047 -3.700000047683716
vertex -64.16446685791016 69.2591552734375 9.5
endloop
endfacet
facet normal -0.3061402416220684 0.9519864245143319 0
outer loop
vertex 25.092248916625977 44.787723541259766 -3.700000047683716
vertex 25.092248916625977 44.787723541259766 9.5
vertex 25.437110900878906 44.898624420166016 9.5
endloop
endfacet
facet normal 0 0 1
outer loop
vertex 72.59771728515625 -54.6239013671875 11.5
vertex 78.86853790283203 -64.12728881835938 11.5
vertex 72.6654052734375 -54.532527923583984 11.5
endloop
endfacet
facet normal 0 0 1
outer loop
vertex 72.20350646972656 -55.040409088134766 11.5
vertex 78.86853790283203 -64.12728881835938 11.5
vertex 72.24625396728516 -54.997657775878906 11.5
endloop
endfacet
facet normal -0.1409594575970166 0.9900153692311827 0
outer loop
vertex 25.092248916625977 44.787723541259766 9.5
vertex 24.672710418701172 44.727989196777344 -3.700000047683716
vertex 24.672710418701172 44.727989196777344 9.5
endloop
endfacet
facet normal 0 0 1
outer loop
vertex 72.0531234741211 -55.127235412597656 11.5
vertex 78.86853790283203 -64.12728881835938 11.5
vertex 72.13211059570312 -55.09040069580078 11.5
endloop
endfacet
facet normal 0 0 1
outer loop
vertex 71.99361419677734 -55.14479446411133 11.5
vertex 78.86853790283203 -64.12728881835938 11.5
vertex 72.0531234741211 -55.127235412597656 11.5
endloop
endfacet
facet normal -0.0003966632659045174 0.9999999213291236 0
outer loop
vertex 24.672710418701172 44.727989196777344 9.5
vertex 24.672710418701172 44.727989196777344 -3.700000047683716
vertex 14.594130516052246 44.72399139404297 9.5
endloop
endfacet
facet normal 0.5682512542388568 -0.8228550978489264 0
outer loop
vertex 0.02383269928395748 -73.39646911621094 9.5
vertex 0.7847892642021179 -72.87096405029297 -3.450000047683716
vertex 0.7847892642021179 -72.87096405029297 9.5
endloop
endfacet
facet normal 0 0 1
outer loop
vertex 71.58221435546875 -55.226009368896484 11.5
vertex 73.50497436523438 -68.74630737304688 11.5
vertex 71.69331359863281 -55.211891174316406 11.5
endloop
endfacet
facet normal 0 0 1
outer loop
vertex 71.69331359863281 -55.211891174316406 11.5
vertex 75.50211334228516 -68.38139343261719 11.5
vertex 77.39481353759766 -67.13653564453125 11.5
endloop
endfacet
facet normal 0 0 1
outer loop
vertex 73.50497436523438 -68.74630737304688 11.5
vertex 74.38553619384766 -68.6796646118164 11.5
vertex 71.69331359863281 -55.211891174316406 11.5
endloop
endfacet
facet normal -0.20317140194195407 0.9791431874002653 7.679490049423472e-7
outer loop
vertex 13.651516914367676 44.67218017578125 9.5
vertex 12.074823379516602 44.345027923583984 -3.700000047683716
vertex 13.210260391235352 44.58061981201172 9.5
endloop
endfacet
facet normal 0 0 1
outer loop
vertex 72.68338775634766 41.44495391845703 11.5
vertex 72.69942474365234 41.38509750366211 11.5
vertex 78.53234100341797 43.33145523071289 11.5
endloop
endfacet
facet normal -0.38419413062590413 0.9232523327847988 1.8160875834973277e-7
outer loop
vertex 12.074823379516602 44.345027923583984 9.5
vertex 10.58813190460205 43.72637176513672 -3.700000047683716
vertex 11.578335762023926 44.138423919677734 9.5
endloop
endfacet
facet normal -0.7916718164531196 -0.6109465893461207 4.0097390271838187e-7
outer loop
vertex -78.35961151123047 39.65234375 -3.700000047683716
vertex -77.71365356445312 38.815303802490234 -3.700000047683716
vertex -78.6974105834961 40.0900764465332 9.5
endloop
endfacet
facet normal -0.38419206701630193 0.923253191514517 0
outer loop
vertex 10.58813190460205 43.72637176513672 9.5
vertex 11.578335762023926 44.138423919677734 9.5
vertex 10.58813190460205 43.72637176513672 -3.700000047683716
endloop
endfacet
facet normal -0.8926915781109637 -0.4506681111081163 0
outer loop
vertex -79.42308807373047 41.52751159667969 -3.700000047683716
vertex -78.6974105834961 40.0900764465332 -3.700000047683716
vertex -79.42308807373047 41.52751159667969 9.5
endloop
endfacet
facet normal 0.2230052290712182 -0.9748172484147445 0
outer loop
vertex 14.582159042358398 36.92399215698242 5.300000190734863
vertex 14.282207489013672 36.85537338256836 10.5
vertex 14.282207489013672 36.85537338256836 5.300000190734863
endloop
endfacet
facet normal -0.6622337836787654 -0.7492972812939465 -8.231975740938277e-8
outer loop
vertex -76.8970718383789 38.093605041503906 -3.700000047683716
vertex -76.50711059570312 37.74895477294922 -3.700000047683716
vertex -77.71365356445312 38.815303802490234 9.5
endloop
endfacet
facet normal 0 0 1
outer loop
vertex 25.849172592163086 43.818199157714844 11.5
vertex 32.373619079589844 37.85795211791992 11.5
vertex 26.02825164794922 43.89657974243164 11.5
endloop
endfacet
facet normal -0.5602069932459168 -0.8283526572169425 0
outer loop
vertex -70.8738784790039 34.41201400756836 -3.700000047683716
vertex -71.16786193847656 34.61083221435547 9.5
vertex -71.16786193847656 34.61083221435547 -3.700000047683716
endloop
endfacet
facet normal 0.9984595485716723 -0.055484501133671205 0
outer loop
vertex 13.931928634643555 36.48051452636719 5.300000190734863
vertex 13.872431755065918 35.40985107421875 10.5
vertex 13.872431755065918 35.40985107421875 5.300000190734863
endloop
endfacet
facet normal -0.6820254222313212 -0.7313284648022601 -3.9657477559964757e-7
outer loop
vertex -70.8738784790039 34.41201400756836 9.5
vertex -70.70587158203125 34.255340576171875 -3.700000047683716
vertex -70.56395721435547 34.12299346923828 -3.700000047683716
endloop
endfacet
facet normal -0.8866018594759973 -0.46253339638744345 0
outer loop
vertex -70.30731201171875 33.78578186035156 -3.700000047683716
vertex -70.1113052368164 33.41006851196289 -3.700000047683716
vertex -70.30731201171875 33.78578186035156 9.5
endloop
endfacet
facet normal 0.8566166952029542 -0.5159533287997754 0
outer loop
vertex 13.662056922912598 34.9230842590332 5.300000190734863
vertex 13.800097465515137 35.15226745605469 5.300000190734863
vertex 13.662056922912598 34.9230842590332 10.5
endloop
endfacet
facet normal -0.8797272192787663 -0.47547872682176806 0
outer loop
vertex -69.10301971435547 -69.77912902832031 9.5
vertex -68.6633071899414 -70.59268188476562 -3.700000047683716
vertex -68.6633071899414 -70.59268188476562 9.5
endloop
endfacet
facet normal -0.4506633822417784 0.8926939654251063 0
outer loop
vertex -65.10161590576172 68.99193572998047 9.5
vertex -66.53905487060547 68.26626586914062 -3.700000047683716
vertex -66.53905487060547 68.26626586914062 9.5
endloop
endfacet
facet normal 0.472370769552202 -0.8813999410441667 0
outer loop
vertex 13.468189239501953 34.738704681396484 5.300000190734863
vertex 13.23237419128418 34.61232376098633 10.5
vertex 13.23237419128418 34.61232376098633 5.300000190734863
endloop
endfacet
facet normal -0.9961287052157369 -0.08790678384071936 2.5404376267856443e-8
outer loop
vertex -79.88272857666016 43.28117752075195 -3.700000047683716
vertex -79.8646240234375 43.07602310180664 -3.700000047683716
vertex -79.88272857666016 43.28118133544922 9.5
endloop
endfacet
facet normal 0.19886476512482013 0.9800269410540968 0
outer loop
vertex 72.55950164794922 49.40890884399414 9.5
vertex 72.4755630493164 49.425941467285156 -3.700000047683716
vertex 72.4755630493164 49.425941467285156 9.5
endloop
endfacet
facet normal 0.22177008246881766 -0.9750989849865365 0
outer loop
vertex 13.23237419128418 34.61232376098633 5.300000190734863
vertex 12.971489906311035 34.5529899597168 10.5
vertex 12.971489906311035 34.5529899597168 5.300000190734863
endloop
endfacet
facet normal -0.957823688696276 0.2873565405071266 -1.888251420245023e-7
outer loop
vertex -79.48245239257812 47.482566833496094 -3.700000047683716
vertex -79.84265899658203 46.281917572021484 -3.700000047683716
vertex -79.37995147705078 47.82423400878906 9.5
endloop
endfacet
facet normal -0.822854834440364 -0.5682516356669123 0
outer loop
vertex -68.6633071899414 -70.59268188476562 9.5
vertex -68.13780212402344 -71.3536376953125 -3.700000047683716
vertex -68.13780212402344 -71.3536376953125 9.5
endloop
endfacet
facet normal -0.898325558912908 0.4393303884365517 0
outer loop
vertex -78.86251831054688 48.88225173950195 -3.700000047683716
vertex -79.21943664550781 48.15243911743164 -3.700000047683716
vertex -78.86251831054688 48.88225173950195 9.5
endloop
endfacet
facet normal 0.6957186997087184 0.7183143398788653 0
outer loop
vertex 77.7423324584961 46.78630447387695 9.5
vertex 76.89017486572266 47.611656188964844 -3.700000047683716
vertex 76.89017486572266 47.611656188964844 9.5
endloop
endfacet
facet normal 0 0 1
outer loop
vertex 71.58221435546875 -55.226009368896484 11.5
vertex 35.24899673461914 -55.22999954223633 11.5
vertex 73.50497436523438 -68.74630737304688 11.5
endloop
endfacet
facet normal -0.3061351396194787 0.9519880652035991 -2.649922321282402e-7
outer loop
vertex 8.72111701965332 42.542457580566406 9.5
vertex 8.317694664001465 42.412723541259766 -3.700000047683716
vertex 8.584863662719727 42.49864196777344 9.5
endloop
endfacet
facet normal 0.7325887333062744 -0.6806715418119718 -1.469823587878192e-7
outer loop
vertex 1.4841421842575073 -72.2658920288086 9.5
vertex 2.11361026763916 -71.58840942382812 -3.450000047683716
vertex 1.962070345878601 -71.75151062011719 9.5
endloop
endfacet
facet normal -0.6827401526617732 -0.7306612648439621 0
outer loop
vertex 72.21353912353516 41.27394485473633 5.300000190734863
vertex 71.83867645263672 41.62422180175781 10.5
vertex 71.83867645263672 41.62422180175781 5.300000190734863
endloop
endfacet
facet normal 0 0 1
outer loop
vertex 35.24899673461914 -55.22999954223633 11.5
vertex 35.108638763427734 -55.26192092895508 11.5
vertex 73.50497436523438 -68.74630737304688 11.5
endloop
endfacet
facet normal -0.1409594575970166 0.9900153692311827 0
outer loop
vertex 8.317694664001465 42.412723541259766 9.5
vertex 7.89815616607666 42.352989196777344 -3.700000047683716
vertex 7.89815616607666 42.352989196777344 9.5
endloop
endfacet
facet normal 0 0 1
outer loop
vertex 34.895748138427734 -55.4158935546875 11.5
vertex 73.50497436523438 -68.74630737304688 11.5
vertex 34.99180221557617 -55.32453918457031 11.5
endloop
endfacet
facet normal -0.6806811587743868 -0.732579797762372 0
outer loop
vertex -67.01829528808594 -72.53096008300781 9.5
vertex -66.8552474975586 -72.68245697021484 -3.700000047683716
vertex -66.8552474975586 -72.68245697021484 9.5
endloop
endfacet
facet normal 0 0 1
outer loop
vertex 34.827354431152344 -55.52944564819336 11.5
vertex 34.79069900512695 -55.659969329833984 11.5
vertex 73.50497436523438 -68.74630737304688 11.5
endloop
endfacet
facet normal 0.0003127312902131613 0.9999999510995689 0
outer loop
vertex 7.89815616607666 42.352989196777344 9.5
vertex -0.8356136679649353 42.35572052001953 -3.700000047683716
vertex -0.8356136679649353 42.35572052001953 9.5
endloop
endfacet
facet normal 0 0 1
outer loop
vertex 34.73163604736328 -59.0411491394043 11.5
vertex 34.70223617553711 -59.20354080200195 11.5
vertex 73.50497436523438 -68.74630737304688 11.5
endloop
endfacet
facet normal 0.5477572467174893 0.8366373160865321 0
outer loop
vertex 75.91370391845703 48.25094985961914 9.5
vertex 75.5429916381836 48.49365997314453 -3.700000047683716
vertex 75.5429916381836 48.49365997314453 9.5
endloop
endfacet
facet normal 0 0 1
outer loop
vertex 34.59771728515625 -59.3739013671875 11.5
vertex 34.24625778198242 -59.747657775878906 11.5
vertex 73.50497436523438 -68.74630737304688 11.5
endloop
endfacet
facet normal 0 0 1
outer loop
vertex 34.2035026550293 -59.790409088134766 11.5
vertex 34.132110595703125 -59.84040069580078 11.5
vertex 73.50497436523438 -68.74630737304688 11.5
endloop
endfacet
facet normal 0 0 1
outer loop
vertex 34.05311965942383 -59.877235412597656 11.5
vertex 33.993614196777344 -59.89479446411133 11.5
vertex 73.50497436523438 -68.74630737304688 11.5
endloop
endfacet
facet normal -0.7306540897510115 0.6827478312892108 0
outer loop
vertex 72.23239135742188 -54.282527923583984 5.300000190734863
vertex 71.88211059570312 -54.657386779785156 5.300000190734863
vertex 72.23239135742188 -54.282527923583984 10.5
endloop
endfacet
facet normal 0 0 1
outer loop
vertex -68.76313781738281 -66.09666442871094 11.5
vertex -62.61781311035156 -49.27568054199219 11.5
vertex -62.56806945800781 26.980838775634766 11.5
endloop
endfacet
facet normal -0.22301835753310587 0.9748142449734901 0
outer loop
vertex 71.88211059570312 -54.657386779785156 5.300000190734863
vertex 71.58216094970703 -54.726009368896484 5.300000190734863
vertex 71.88211059570312 -54.657386779785156 10.5
endloop
endfacet
facet normal 0 0 1
outer loop
vertex 75.00243377685547 47.467403411865234 11.5
vertex 72.08867645263672 42.05723571777344 11.5
vertex 76.16575622558594 46.705772399902344 11.5
endloop
endfacet
facet normal -0.7492956978847624 0.6622355752535399 0
outer loop
vertex -67.81382751464844 67.28250122070312 -3.700000047683716
vertex -68.56124877929688 66.43682098388672 -3.700000047683716
vertex -67.81382751464844 67.28250122070312 9.5
endloop
endfacet
facet normal -0.00003585653089310192 -0.9999999993571544 -1.151765012559375e-8
outer loop
vertex -61.76640701293945 -74.64239501953125 9.5
vertex -16.65374183654785 -74.64401245117188 -3.700000047683716
vertex -16.657981872558594 -74.64401245117188 9.5
endloop
endfacet
facet normal 0.8187094858832942 0.57420795686294 0
outer loop
vertex 78.97142791748047 45.17308044433594 -3.700000047683716
vertex 78.04682159423828 46.491390228271484 -3.700000047683716
vertex 78.97142791748047 45.17308044433594 9.5
endloop
endfacet
facet normal -0.2742138720066881 0.9616687331919965 0
outer loop
vertex -63.5531120300293 69.43347930908203 -3.700000047683716
vertex -64.16446685791016 69.2591552734375 -3.700000047683716
vertex -63.5531120300293 69.43347930908203 9.5
endloop
endfacet
facet normal 0.9123155160741067 0.4094879718995863 0
outer loop
vertex 79.63079071044922 43.70404052734375 -3.700000047683716
vertex 79.40233612060547 44.2130241394043 -3.700000047683716
vertex 79.63079071044922 43.70404052734375 9.5
endloop
endfacet
facet normal -0.08790388652009365 0.9961289608954356 -2.0542340929559174e-7
outer loop
vertex -62.749671936035156 69.50437927246094 -3.700000047683716
vertex -63.5531120300293 69.43347930908203 -3.700000047683716
vertex -61.94911575317383 69.57502746582031 9.5
endloop
endfacet
facet normal 0.9731766348558433 0.23005920405506697 -4.534428747174155e-7
outer loop
vertex 80.0012435913086 42.13700866699219 9.5
vertex 79.71586608886719 43.34416198730469 -3.700000047683716
vertex 79.63079071044922 43.70404052734375 -3.700000047683716
endloop
endfacet
facet normal 0.10154675205473997 0.9948307680943193 0
outer loop
vertex -60.34721374511719 69.41151428222656 -3.700000047683716
vertex -61.94911575317383 69.57502746582031 -3.700000047683716
vertex -60.34721374511719 69.41151428222656 9.5
endloop
endfacet
facet normal 0.6957186997087074 0.718314339878854 1.7773174024519643e-7
outer loop
vertex 77.7423324584961 46.78630447387695 -3.700000047683716
vertex 76.89017486572266 47.611656188964844 -3.700000047683716
vertex 78.04682159423828 46.491390228271484 9.5
endloop
endfacet
facet normal 0.9711956659005485 -0.23828339962313985 -1.7001156630840495e-7
outer loop
vertex 79.6926498413086 -65.61429595947266 9.5
vertex 80.02316284179688 -64.26718139648438 -3.700000047683716
vertex 79.85318756103516 -64.95997619628906 9.5
endloop
endfacet
facet normal -0.9261839110787294 -0.377072092389384 0
outer loop
vertex -69.10301971435547 -69.77912902832031 9.5
vertex -69.3184814453125 -69.2499008178711 9.5
vertex -69.10301971435547 -69.77912902832031 -3.700000047683716
endloop
endfacet
facet normal 0.3801234650542212 0.9249357552366305 -1.2782025176771363e-7
outer loop
vertex 75.23188781738281 48.62151336669922 -3.700000047683716
vertex 74.05363464355469 49.105743408203125 -3.700000047683716
vertex 75.5429916381836 48.49365997314453 9.5
endloop
endfacet
facet normal 0.8985105406918654 -0.4389519430024037 -1.6187404153295303e-7
outer loop
vertex 79.08380126953125 -66.86058044433594 9.5
vertex 79.6926498413086 -65.61429595947266 -3.700000047683716
vertex 79.54957580566406 -65.90716552734375 9.5
endloop
endfacet
facet normal 0.0012358055790241715 0.999999236391994 0
outer loop
vertex 72.4755630493164 49.425941467285156 9.5
vertex 33.59413146972656 49.47399139404297 -3.700000047683716
vertex 33.59413146972656 49.47399139404297 9.5
endloop
endfacet
facet normal 0.9748155925732984 0.22301246708641456 0
outer loop
vertex -24.117841720581055 -58.77600860595703 5.300000190734863
vertex -24.04922103881836 -59.075958251953125 10.5
vertex -24.04922103881836 -59.075958251953125 5.300000190734863
endloop
endfacet
facet normal 0.6355266588532179 -0.7720789246484205 -7.771968251748027e-7
outer loop
vertex 77.15343475341797 -68.830810546875 9.5
vertex 78.22434997558594 -67.94928741455078 -3.700000047683716
vertex 77.53304290771484 -68.51834106445312 9.5
endloop
endfacet
facet normal -0.7492956978847434 0.6622355752535231 2.2531008482436678e-7
outer loop
vertex -67.81382751464844 67.28250122070312 9.5
vertex -68.88018035888672 66.07596588134766 -3.700000047683716
vertex -68.56124877929688 66.43682098388672 9.5
endloop
endfacet
facet normal 0.9999863214539356 0.0052303828756705235 0
outer loop
vertex -24.12183952331543 -58.01167678833008 5.300000190734863
vertex -24.117841720581055 -58.77600860595703 10.5
vertex -24.117841720581055 -58.77600860595703 5.300000190734863
endloop
endfacet
facet normal -0.7562394890486605 -0.6542949145480355 0
outer loop
vertex -67.53272247314453 -72.05299377441406 -3.700000047683716
vertex -68.13780212402344 -71.3536376953125 9.5
vertex -68.13780212402344 -71.3536376953125 -3.700000047683716
endloop
endfacet
facet normal 0.2873594641290474 0.9578228115760591 0
outer loop
vertex -58.92861557006836 68.98591613769531 -3.700000047683716
vertex -60.34721374511719 69.41151428222656 -3.700000047683716
vertex -58.92861557006836 68.98591613769531 9.5
endloop
endfacet
facet normal 0.5159480975035977 0.8566198460708188 -1.570953044189969e-7
outer loop
vertex -24.491933822631836 -57.321109771728516 5.300000190734863
vertex -24.72111701965332 -57.18307113647461 5.300000190734863
vertex -24.515993118286133 -57.306617736816406 10.5
endloop
endfacet
facet normal 0.43933223576012526 0.8983246554681719 0
outer loop
vertex -57.74687957763672 68.43136596679688 -3.700000047683716
vertex -58.804901123046875 68.94879913330078 -3.700000047683716
vertex -57.74687957763672 68.43136596679688 9.5
endloop
endfacet
facet normal 0.7325945526916379 -0.6806652785081219 0
outer loop
vertex 1.962070345878601 -71.75151062011719 9.5
vertex 2.11361026763916 -71.58840942382812 -3.450000047683716
vertex 2.11361026763916 -71.58840942382812 9.5
endloop
endfacet
facet normal 0.2703607304592338 0.9627590952182947 0
outer loop
vertex -24.72111701965332 -57.18307113647461 5.300000190734863
vertex -24.978700637817383 -57.11073684692383 5.300000190734863
vertex -24.72111701965332 -57.18307113647461 10.5
endloop
endfacet
facet normal 0.6118987258533771 0.7909361221356704 3.5691964564656106e-8
outer loop
vertex -39.99692916870117 58.018775939941406 -3.700000047683716
vertex -40.553070068359375 58.44902801513672 -3.700000047683716
vertex -39.82710647583008 57.887393951416016 9.5
endloop
endfacet
facet normal 0 0 1
outer loop
vertex 72.78215789794922 40.973731994628906 11.5
vertex 72.73236846923828 -54.28279113769531 11.5
vertex 78.92743682861328 40.922630310058594 11.5
endloop
endfacet
facet normal 0.5020917548560478 0.8648143556310628 -6.256190753053048e-8
outer loop
vertex -50.3886833190918 64.15936279296875 -3.700000047683716
vertex -57.74687957763672 68.43136596679688 -3.700000047683716
vertex -40.553070068359375 58.44902801513672 9.5
endloop
endfacet
facet normal 0.07546622481601369 -0.9971483585264331 -2.4237374478464727e-7
outer loop
vertex 73.54864501953125 -69.90100860595703 9.5
vertex 74.57977294921875 -69.82296752929688 -3.700000047683716
vertex 73.9113540649414 -69.8735580444336 9.5
endloop
endfacet
facet normal 0.19886476512482013 0.9800269410540968 0
outer loop
vertex 72.55950164794922 49.40890884399414 -3.700000047683716
vertex 72.4755630493164 49.425941467285156 -3.700000047683716
vertex 72.55950164794922 49.40890884399414 9.5
endloop
endfacet
facet normal -0.00010986194333781187 0.9999999939651767 0
outer loop
vertex 71.58216094970703 -54.726009368896484 5.300000190734863
vertex 35.19282913208008 -54.73000717163086 5.300000190734863
vertex 71.58216094970703 -54.726009368896484 10.5
endloop
endfacet
facet normal 0.8187094858832942 0.57420795686294 0
outer loop
vertex 78.97142791748047 45.17308044433594 9.5
vertex 78.04682159423828 46.491390228271484 -3.700000047683716
vertex 78.04682159423828 46.491390228271484 9.5
endloop
endfacet
facet normal 0 0 -1
outer loop
vertex -24.453489303588867 48.756309509277344 -5.699999809265137
vertex -23.24422264099121 49.59775161743164 -5.699999809265137
vertex -23.989013671875 48.42519760131836 -5.699999809265137
endloop
endfacet
facet normal 0 0 -1
outer loop
vertex -23.275676727294922 48.11907958984375 -5.699999809265137
vertex -23.61684799194336 48.235198974609375 -5.699999809265137
vertex -22.823152542114258 49.41062927246094 -5.699999809265137
endloop
endfacet
facet normal -0.9983483768098633 -0.057450139435005994 9.782443665347948e-8
outer loop
vertex -69.91783905029297 -66.1298828125 9.5
vertex -69.91444396972656 -66.18890380859375 -3.700000047683716
vertex -69.91387939453125 -66.19869232177734 9.5
endloop
endfacet
facet normal 0 0 -1
outer loop
vertex -22.823152542114258 49.41062927246094 -5.699999809265137
vertex -23.61684799194336 48.235198974609375 -5.699999809265137
vertex -23.08452606201172 49.518348693847656 -5.699999809265137
endloop
endfacet
facet normal 0 0 -1
outer loop
vertex -25.3046875 49.25598907470703 -5.699999809265137
vertex -24.429893493652344 50.315673828125 -5.699999809265137
vertex -24.453489303588867 48.756309509277344 -5.699999809265137
endloop
endfacet
facet normal -0.00003528224252041725 -0.9999999993775817 -1.1333180173174257e-8
outer loop
vertex -16.657981872558594 -74.64401245117188 9.5
vertex -16.65374183654785 -74.64401245117188 -3.700000047683716
vertex -4.116123676300049 -74.64445495605469 9.5
endloop
endfacet
facet normal 0.7983156097508067 -0.6022393105968736 0
outer loop
vertex 2.11361026763916 -71.58840942382812 9.5
vertex 2.6653459072113037 -70.85704040527344 -3.450000047683716
vertex 2.6653459072113037 -70.85704040527344 9.5
endloop
endfacet
facet normal 0 0 1
outer loop
vertex 25.445749282836914 43.6884651184082 11.5
vertex 31.915292739868164 37.427978515625 11.5
vertex 25.849172592163086 43.818199157714844 11.5
endloop
endfacet
facet normal 0.73132879587573 -0.6820250672247722 0
outer loop
vertex 2.6653459072113037 -70.85704040527344 9.5
vertex 2.9543662071228027 -70.54712677001953 -3.450000047683716
vertex 2.9543662071228027 -70.54712677001953 9.5
endloop
endfacet
facet normal 0.0012358055790241715 0.999999236391994 0
outer loop
vertex 72.4755630493164 49.425941467285156 -3.700000047683716
vertex 33.59413146972656 49.47399139404297 -3.700000047683716
vertex 72.4755630493164 49.425941467285156 9.5
endloop
endfacet
facet normal 0 0 1
outer loop
vertex 4.490187168121338 -68.75031280517578 11.5
vertex 13.15182876586914 -62.431339263916016 11.5
vertex -4.675653457641602 -62.301124572753906 11.5
endloop
endfacet
facet normal 0.0028348528765304018 0.9999959817965112 0
outer loop
vertex -6.117840766906738 -59.476009368896484 5.300000190734863
vertex -23.674362182617188 -59.426239013671875 5.300000190734863
vertex -6.117840766906738 -59.476009368896484 10.5
endloop
endfacet
facet normal 0.605627354876293 -0.7957483942965544 0
outer loop
vertex 2.9543662071228027 -70.54712677001953 9.5
vertex 3.291578531265259 -70.29048156738281 -3.450000047683716
vertex 3.291578531265259 -70.29048156738281 9.5
endloop
endfacet
facet normal 0 0 1
outer loop
vertex 25.849172592163086 43.818199157714844 11.5
vertex 31.915292739868164 37.427978515625 11.5
vertex 32.05567932128906 37.459903717041016 11.5
endloop
endfacet
facet normal 0.4625320120754896 -0.8866025816595613 0
outer loop
vertex 3.291578531265259 -70.29048156738281 9.5
vertex 3.6672933101654053 -70.09447479248047 -3.450000047683716
vertex 3.6672933101654053 -70.09447479248047 9.5
endloop
endfacet
facet normal 0.07530434478430334 -0.9971605967227839 -2.608651992280905e-7
outer loop
vertex -4.116123676300049 -74.64445495605469 9.5
vertex -3.447172164916992 -74.59393310546875 -3.700000047683716
vertex -3.9395294189453125 -74.63111877441406 9.5
endloop
endfacet
facet normal 0.9999998428286029 -0.0005606627947789391 0
outer loop
vertex 80.02316284179688 -64.26718139648438 9.5
vertex 80.08216094970703 40.96202087402344 -3.700000047683716
vertex 80.08216094970703 40.96202087402344 9.5
endloop
endfacet
facet normal 0.14095079164359753 -0.9900166030602936 0
outer loop
vertex 4.07071590423584 -69.96473693847656 9.5
vertex 4.490253925323486 -69.9050064086914 -3.450000047683716
vertex 4.490253925323486 -69.9050064086914 9.5
endloop
endfacet
facet normal 0 0 1
outer loop
vertex 25.255008697509766 43.64455032348633 11.5
vertex 31.915292739868164 37.427978515625 11.5
vertex 25.445749282836914 43.6884651184082 11.5
endloop
endfacet
facet normal 0.002584749906160467 0.9999966595283819 0
outer loop
vertex 14.582159042358398 -61.851009368896484 5.300000190734863
vertex 14.42719554901123 -61.850608825683594 5.300000190734863
vertex 14.582159042358398 -61.851009368896484 10.5
endloop
endfacet
facet normal 0.27421322378462365 -0.9616689180282599 0
outer loop
vertex -2.535555601119995 -74.43848419189453 9.5
vertex -1.646227240562439 -74.18489837646484 -3.700000047683716
vertex -1.646227240562439 -74.18489837646484 9.5
endloop
endfacet
facet normal 0 0 -1
outer loop
vertex -40.810455322265625 55.538291931152344 -5.699999809265137
vertex -39.81887435913086 56.587928771972656 -5.699999809265137
vertex -24.429893493652344 50.315673828125 -5.699999809265137
endloop
endfacet
facet normal 0.5021734885964749 0.8647668976960474 0
outer loop
vertex -55.40283966064453 34.515533447265625 5.300000190734863
vertex -72.05217742919922 44.183868408203125 5.300000190734863
vertex -55.40283966064453 34.515533447265625 10.5
endloop
endfacet
facet normal 0.377088908878615 -0.9261770644970906 5.362577143066101e-7
outer loop
vertex -1.646227240562439 -74.18489837646484 9.5
vertex -0.7897171974182129 -73.836181640625 -3.5438621044158936
vertex -1.3189551830291748 -74.05165100097656 9.5
endloop
endfacet
facet normal -0.7306559443360258 0.6827458465684214 0
outer loop
vertex 14.882110595703125 -61.782386779785156 5.300000190734863
vertex 15.232389450073242 -61.407527923583984 10.5
vertex 15.232389450073242 -61.407527923583984 5.300000190734863
endloop
endfacet
facet normal 0 0 1
outer loop
vertex 24.673168182373047 43.57332992553711 11.5
vertex 31.915292739868164 37.427978515625 11.5
vertex 24.8350887298584 43.58749771118164 11.5
endloop
endfacet
facet normal -0.9627590952182947 0.2703607304592338 0
outer loop
vertex 15.291886329650879 -60.33686828613281 5.300000190734863
vertex 15.36422061920166 -60.07928466796875 10.5
vertex 15.36422061920166 -60.07928466796875 5.300000190734863
endloop
endfacet
facet normal 0 0 1
outer loop
vertex 31.86532211303711 48.10981369018555 11.5
vertex 33.471004486083984 42.15987777709961 11.5
vertex 33.2629508972168 48.31059646606445 11.5
endloop
endfacet
facet normal -0.6891619152291804 0.7246073796185409 0
outer loop
vertex 15.502262115478516 -59.850101470947266 5.300000190734863
vertex 15.696128845214844 -59.66571807861328 10.5
vertex 15.696128845214844 -59.66571807861328 5.300000190734863
endloop
endfacet
facet normal 0.4754800655623945 -0.8797264957091955 -1.367800207590304e-10
outer loop
vertex -0.7897171974182129 -73.836181640625 9.5
vertex 0.023832695558667183 -73.39646911621094 -3.450000047683716
vertex 0.02383269928395748 -73.39646911621094 9.5
endloop
endfacet
facet normal -0.40965663648671946 -0.9122397931368638 0
outer loop
vertex -65.07730865478516 -73.80998992919922 9.5
vertex -64.47229766845703 -74.08168029785156 -3.700000047683716
vertex -64.47229766845703 -74.08168029785156 9.5
endloop
endfacet
facet normal -0.22175379628134906 0.9751026888665498 -1.8467981301988017e-7
outer loop
vertex 35.19282913208008 -54.73000717163086 10.5
vertex 34.93194580078125 -54.789337158203125 5.300000190734863
vertex 35.05107116699219 -54.762245178222656 10.5
endloop
endfacet
facet normal 0 0 -1
outer loop
vertex -5.0760111808776855 42.34186935424805 -5.699999809265137
vertex -4.420111656188965 43.57592010498047 -5.699999809265137
vertex -4.49875545501709 41.64068603515625 -5.699999809265137
endloop
endfacet
facet normal 0.44571441427968117 0.895175212404432 -3.024519992296572e-8
outer loop
vertex -4.915912628173828 45.406551361083984 9.5
vertex -6.3573479652404785 46.12425231933594 -3.700000047683716
vertex -6.124331474304199 46.00823211669922 9.5
endloop
endfacet
facet normal 0 0 -1
outer loop
vertex -3.2158725261688232 42.24790954589844 -5.699999809265137
vertex -4.49875545501709 41.64068603515625 -5.699999809265137
vertex -4.420111656188965 43.57592010498047 -5.699999809265137
endloop
endfacet
facet normal 0 0 1
outer loop
vertex -62.83062744140625 61.94057083129883 11.5
vertex -67.93909454345703 65.3971176147461 11.5
vertex -62.87990951538086 61.87018585205078 11.5
endloop
endfacet
facet normal 0 0 -1
outer loop
vertex -3.704188108444214 40.559837341308594 -5.699999809265137
vertex -2.742312431335449 41.854331970214844 -5.699999809265137
vertex -3.3753879070281982 40.301963806152344 -5.699999809265137
endloop
endfacet
facet normal -0.3081107987557199 -0.9513504799442277 0
outer loop
vertex -64.07109832763672 -74.21160888671875 9.5
vertex -63.59251022338867 -74.36660766601562 -3.700000047683716
vertex -63.59251022338867 -74.36660766601562 9.5
endloop
endfacet
facet normal 0 0 -1
outer loop
vertex -3.010734796524048 40.09791946411133 -5.699999809265137
vertex -2.2054319381713867 41.54631805419922 -5.699999809265137
vertex -2.6189637184143066 39.95258331298828 -5.699999809265137
endloop
endfacet
facet normal 0 0 -1
outer loop
vertex -2.5788614749908447 41.74665451049805 -5.699999809265137
vertex -3.3753879070281982 40.301963806152344 -5.699999809265137
vertex -2.742312431335449 41.854331970214844 -5.699999809265137
endloop
endfacet
facet normal 0 0 -1
outer loop
vertex -3.989259719848633 40.865352630615234 -5.699999809265137
vertex -3.2158725261688232 42.24790954589844 -5.699999809265137
vertex -3.073580503463745 42.118621826171875 -5.699999809265137
endloop
endfacet
facet normal 0 0 1
outer loop
vertex -67.93909454345703 65.3971176147461 11.5
vertex -62.83062744140625 61.94057083129883 11.5
vertex -67.0213851928711 66.43548583984375 11.5
endloop
endfacet
facet normal 0 0 1
outer loop
vertex 72.5965576171875 41.5953369140625 11.5
vertex 72.64655303955078 41.52394485473633 11.5
vertex 77.96296691894531 44.600006103515625 11.5
endloop
endfacet
facet normal 0 0 -1
outer loop
vertex -1.6260221004486084 41.32933807373047 -5.699999809265137
vertex -2.6189637184143066 39.95258331298828 -5.699999809265137
vertex -2.0266032218933105 41.46760940551758 -5.699999809265137
endloop
endfacet
facet normal 0 0 1
outer loop
vertex -6.769930362701416 45.039764404296875 11.5
vertex -8.79572868347168 34.666748046875 11.5
vertex -8.68308162689209 34.59989929199219 11.5
endloop
endfacet
facet normal 0 0 1
outer loop
vertex -6.769930362701416 45.039764404296875 11.5
vertex -8.68308162689209 34.59989929199219 11.5
vertex -8.513823509216309 34.55467987060547 11.5
endloop
endfacet
facet normal 0 0 1
outer loop
vertex -44.286415100097656 51.79766082763672 11.5
vertex -44.10969543457031 51.690311431884766 11.5
vertex -27.250350952148438 44.834251403808594 11.5
endloop
endfacet
facet normal 0 0 1
outer loop
vertex 31.86532211303711 48.10981369018555 11.5
vertex 33.171051025390625 42.09125518798828 11.5
vertex 33.471004486083984 42.15987777709961 11.5
endloop
endfacet
facet normal 0 0 1
outer loop
vertex 72.5538101196289 41.638092041015625 11.5
vertex 72.5965576171875 41.5953369140625 11.5
vertex 77.16455078125 45.738399505615234 11.5
endloop
endfacet
facet normal 0 0 -1
outer loop
vertex -63.5346794128418 -71.76414489746094 -5.699999809265137
vertex -64.7854995727539 -72.67524719238281 -5.699999809265137
vertex -64.13204193115234 -71.50090789794922 -5.699999809265137
endloop
endfacet
facet normal 0 0 -1
outer loop
vertex -1.0175716876983643 41.21544647216797 -5.699999809265137
vertex -2.209458589553833 39.86943817138672 -5.699999809265137
vertex -1.4358115196228027 41.283695220947266 -5.699999809265137
endloop
endfacet
facet normal -0.09531248003575378 -0.995447402502731 0
outer loop
vertex -62.68696975708008 -74.55425262451172 9.5
vertex -61.76640701293945 -74.64239501953125 -3.700000047683716
vertex -61.76640701293945 -74.64239501953125 9.5
endloop
endfacet
facet normal -0.22176146138529748 0.9751009456688354 0
outer loop
vertex 34.93194580078125 -54.789337158203125 5.300000190734863
vertex 34.93194580078125 -54.789337158203125 10.5
vertex 35.05107116699219 -54.762245178222656 10.5
endloop
endfacet
facet normal 1 0 0
outer loop
vertex -5.117840766906738 -60.476009368896484 5.300000190734863
vertex -5.117840766906738 -61.15100860595703 10.5
vertex -5.117840766906738 -61.15100860595703 5.300000190734863
endloop
endfacet
facet normal -0.47236780140606555 0.8814015317633613 0
outer loop
vertex 34.93194580078125 -54.789337158203125 10.5
vertex 34.696128845214844 -54.91571807861328 5.300000190734863
vertex 34.696128845214844 -54.91571807861328 10.5
endloop
endfacet
facet normal 0 0 1
outer loop
vertex 14.62607192993164 43.569305419921875 11.5
vertex 31.915292739868164 37.427978515625 11.5
vertex 24.673168182373047 43.57332992553711 11.5
endloop
endfacet
facet normal -0.689153976433374 0.7246149299909235 -5.636984157376427e-7
outer loop
vertex 34.696128845214844 -54.91571807861328 10.5
vertex 34.502262115478516 -55.100101470947266 5.300000190734863
vertex 34.60851287841797 -54.999046325683594 10.5
endloop
endfacet
facet normal 0.9200725442319879 0.3917480227780052 0
outer loop
vertex -5.2584404945373535 -59.96470642089844 5.300000190734863
vertex -5.153631210327148 -60.21086502075195 10.5
vertex -5.153631210327148 -60.21086502075195 5.300000190734863
endloop
endfacet
facet normal 0 0 1
outer loop
vertex 30.54958152770996 47.65754699707031 11.5
vertex 33.11119842529297 42.075218200683594 11.5
vertex 31.86532211303711 48.10981369018555 11.5
endloop
endfacet
facet normal -0.8566135443263118 0.5159585600382204 0
outer loop
vertex 34.364219665527344 -55.32928466796875 5.300000190734863
vertex 34.364219665527344 -55.32928466796875 10.5
vertex 34.502262115478516 -55.100101470947266 10.5
endloop
endfacet
facet normal 0.3552837303116234 0.9347585094428708 0
outer loop
vertex -5.6407036781311035 -59.5971794128418 5.300000190734863
vertex -5.890794277191162 -59.50212478637695 5.300000190734863
vertex -5.6407036781311035 -59.5971794128418 10.5
endloop
endfacet
facet normal 0 0 1
outer loop
vertex -8.981331825256348 35.007694244384766 11.5
vertex -8.887709617614746 34.762203216552734 11.5
vertex -8.975824356079102 35.15185546875 11.5
endloop
endfacet
facet normal 0.5904126542781777 0.8071015411137542 0
outer loop
vertex -5.424766540527344 -59.75514221191406 5.300000190734863
vertex -5.6407036781311035 -59.5971794128418 5.300000190734863
vertex -5.424766540527344 -59.75514221191406 10.5
endloop
endfacet
facet normal -0.6963954490367071 -0.7176582602889507 0
outer loop
vertex -27.06503677368164 43.81941223144531 10.5
vertex -26.922378540039062 43.68098068237305 5.300000190734863
vertex -26.922378540039062 43.68098068237305 10.5
endloop
endfacet
facet normal 0.9520717594761299 -0.30587475346622917 0
outer loop
vertex -72.1058578491211 44.98512268066406 5.300000190734863
vertex -72.20391845703125 44.67989730834961 10.5
vertex -72.20391845703125 44.67989730834961 5.300000190734863
endloop
endfacet
facet normal 0.0033622646315947828 0.9999943475722987 0
outer loop
vertex -24.978700637817383 -57.11073684692383 10.5
vertex -42.67436218261719 -57.051239013671875 5.300000190734863
vertex -42.67436218261719 -57.051239013671875 10.5
endloop
endfacet
facet normal -0.22301835753310587 0.9748142449734901 0
outer loop
vertex 33.58216094970703 -59.476009368896484 5.300000190734863
vertex 33.882110595703125 -59.407386779785156 10.5
vertex 33.882110595703125 -59.407386779785156 5.300000190734863
endloop
endfacet
facet normal -0.9998509505258812 0.017264898855535532 0
outer loop
vertex 34.29188537597656 -55.58686828613281 5.300000190734863
vertex 34.23238754272461 -59.032527923583984 5.300000190734863
vertex 34.29188537597656 -55.58686828613281 10.5
endloop
endfacet
facet normal 0 0 1
outer loop
vertex 29.34343719482422 46.96562576293945 11.5
vertex 28.28537940979004 46.055137634277344 11.5
vertex 32.9608154296875 41.98839569091797 11.5
endloop
endfacet
facet normal -0.8566135443263118 0.5159585600382204 0
outer loop
vertex 34.502262115478516 -55.100101470947266 5.300000190734863
vertex 34.364219665527344 -55.32928466796875 5.300000190734863
vertex 34.502262115478516 -55.100101470947266 10.5
endloop
endfacet
facet normal 0.6827480115284985 0.7306539213292984 -2.4338304583765922e-8
outer loop
vertex -23.674362182617188 -59.426239013671875 10.5
vertex -24.04922103881836 -59.075958251953125 5.300000190734863
vertex -23.925472259521484 -59.191593170166016 10.5
endloop
endfacet
facet normal -0.8983206312287968 0.43934046422870754 0
outer loop
vertex -79.37995147705078 47.82423400878906 9.5
vertex -79.21943664550781 48.15243911743164 9.5
vertex -79.37995147705078 47.82423400878906 -3.700000047683716
endloop
endfacet
facet normal -0.9578256965541441 0.28734984778163425 6.635499660642572e-7
outer loop
vertex -79.37995147705078 47.82423400878906 9.5
vertex -79.84265899658203 46.281917572021484 -3.700000047683716
vertex -79.48245239257812 47.482566833496094 9.5
endloop
endfacet
facet normal -0.5522625850955588 0.8336702208328965 0
outer loop
vertex 10.58813190460205 43.72637176513672 -3.700000047683716
vertex 9.096832275390625 42.73846435546875 -3.700000047683716
vertex 10.58813190460205 43.72637176513672 9.5
endloop
endfacet
facet normal -0.47236780140606555 0.8814015317633613 0
outer loop
vertex 34.93194580078125 -54.789337158203125 5.300000190734863
vertex 34.696128845214844 -54.91571807861328 5.300000190734863
vertex 34.93194580078125 -54.789337158203125 10.5
endloop
endfacet
facet normal 0.0025844404826673405 0.9999966603281191 0
outer loop
vertex 12.93750286102295 -61.84675598144531 10.5
vertex -4.674361705780029 -61.801239013671875 5.300000190734863
vertex -4.674361705780029 -61.801239013671875 10.5
endloop
endfacet
facet normal 0 0 1
outer loop
vertex 33.03220748901367 42.03838348388672 11.5
vertex 33.11119842529297 42.075218200683594 11.5
vertex 30.54958152770996 47.65754699707031 11.5
endloop
endfacet
facet normal 0 0 -1
outer loop
vertex -64.05667114257812 -73.00253295898438 -5.699999809265137
vertex -63.5346794128418 -71.76414489746094 -5.699999809265137
vertex -62.91225051879883 -71.96092224121094 -5.699999809265137
endloop
endfacet
facet normal 0 0 -1
outer loop
vertex -6.581567764282227 43.48320770263672 -5.699999809265137
vertex -6.769930362701416 45.039764404296875 -5.699999809265137
vertex -5.528940200805664 44.42186737060547 -5.699999809265137
endloop
endfacet
facet normal 0.9999863123863771 0.005232116196628653 0
outer loop
vertex -24.12118148803711 -58.13744354248047 10.5
vertex -24.12183952331543 -58.01167678833008 5.300000190734863
vertex -24.12183952331543 -58.01167678833008 10.5
endloop
endfacet
facet normal 0 0 -1
outer loop
vertex -5.0760111808776855 42.34186935424805 -5.699999809265137
vertex -5.8148722648620605 42.99631881713867 -5.699999809265137
vertex -5.528940200805664 44.42186737060547 -5.699999809265137
endloop
endfacet
facet normal 0 0 1
outer loop
vertex 29.34343719482422 46.96562576293945 11.5
vertex 32.9608154296875 41.98839569091797 11.5
vertex 33.03220748901367 42.03838348388672 11.5
endloop
endfacet
facet normal 0.9751026888664233 0.22175379628132028 -5.423453608430205e-7
outer loop
vertex -24.12183952331543 -58.01167678833008 10.5
vertex -24.181171417236328 -57.75079345703125 5.300000190734863
vertex -24.154077529907227 -57.86991882324219 10.5
endloop
endfacet
facet normal -0.9948302894329257 0.10155144128372129 0
outer loop
vertex -79.84265899658203 46.281917572021484 9.5
vertex -80.00617980957031 44.680015563964844 -3.700000047683716
vertex -80.00617980957031 44.680015563964844 9.5
endloop
endfacet
facet normal -0.9961283109134339 -0.087911251821074 2.5405667479400388e-8
outer loop
vertex -80.00617980957031 44.680015563964844 9.5
vertex -79.88272857666016 43.28117752075195 -3.700000047683716
vertex -79.88272857666016 43.28118133544922 9.5
endloop
endfacet
facet normal 0.5159451751829596 0.8566216061981072 0
outer loop
vertex -24.72111701965332 -57.18307113647461 5.300000190734863
vertex -24.72111701965332 -57.18307113647461 10.5
vertex -24.515993118286133 -57.306617736816406 10.5
endloop
endfacet
facet normal -0.961673997875029 -0.27419540807799575 0
outer loop
vertex -79.8646240234375 43.07602310180664 9.5
vertex -79.8357162475586 42.97463607788086 -3.700000047683716
vertex -79.8357162475586 42.97463607788086 9.5
endloop
endfacet
facet normal 0.7245999458610842 0.6891697312400192 8.20767452155595e-7
outer loop
vertex -24.307552337646484 -57.514976501464844 10.5
vertex -24.491933822631836 -57.321109771728516 5.300000190734863
vertex -24.390880584716797 -57.427364349365234 10.5
endloop
endfacet
facet normal -0.6820151525056912 -0.7313380420521269 0
outer loop
vertex -70.70598602294922 34.25544357299805 9.5
vertex -70.56395721435547 34.12299346923828 -3.700000047683716
vertex -70.56395721435547 34.12299346923828 9.5
endloop
endfacet
facet normal 0 0 1
outer loop
vertex 32.56778335571289 41.57078170776367 11.5
vertex 32.918060302734375 41.945640563964844 11.5
vertex 28.28537940979004 46.055137634277344 11.5
endloop
endfacet
facet normal -0.8866018594759973 -0.46253339638744345 0
outer loop
vertex -70.30731201171875 33.78578186035156 9.5
vertex -70.1113052368164 33.41006851196289 -3.700000047683716
vertex -70.1113052368164 33.41006851196289 9.5
endloop
endfacet
facet normal -0.6820174335896481 -0.7313359148023485 -4.5888946088700884e-8
outer loop
vertex -70.8738784790039 34.41201400756836 9.5
vertex -70.56395721435547 34.12299346923828 -3.700000047683716
vertex -70.70598602294922 34.25544357299805 9.5
endloop
endfacet
facet normal 0.9998509508558329 -0.017264879747247112 0
outer loop
vertex 32.872432708740234 37.78485107421875 10.5
vertex 32.93193054199219 41.23051452636719 5.300000190734863
vertex 32.93193054199219 41.23051452636719 10.5
endloop
endfacet
facet normal 0 0 1
outer loop
vertex 33.582275390625 -59.976009368896484 11.5
vertex 4.490187168121338 -68.75031280517578 11.5
vertex 73.50497436523438 -68.74630737304688 11.5
endloop
endfacet
facet normal -0.506707067674997 -0.8621182909370418 0
outer loop
vertex -74.70417022705078 36.68928527832031 9.5
vertex -71.16786193847656 34.61083221435547 -3.700000047683716
vertex -71.16786193847656 34.61083221435547 9.5
endloop
endfacet
facet normal -0.3841920670163003 0.9232531915145132 -9.105860670824494e-8
outer loop
vertex 11.578335762023926 44.138423919677734 -3.700000047683716
vertex 10.58813190460205 43.72637176513672 -3.700000047683716
vertex 12.074823379516602 44.345027923583984 9.5
endloop
endfacet
facet normal -0.6622330365641289 -0.7492979415980345 3.9312100871172606e-8
outer loop
vertex -77.71365356445312 38.815303802490234 9.5
vertex -76.50711059570312 37.74895477294922 -3.700000047683716
vertex -76.8970718383789 38.093605041503906 9.5
endloop
endfacet
facet normal 0.8814015317633613 0.47236780140606555 0
outer loop
vertex -24.181171417236328 -57.75079345703125 10.5
vertex -24.307552337646484 -57.514976501464844 5.300000190734863
vertex -24.307552337646484 -57.514976501464844 10.5
endloop
endfacet
facet normal -0.8926915781109637 -0.4506681111081163 0
outer loop
vertex -79.42308807373047 41.52751159667969 9.5
vertex -78.6974105834961 40.0900764465332 -3.700000047683716
vertex -78.6974105834961 40.0900764465332 9.5
endloop
endfacet
facet normal 0.9627590952182947 -0.2703607304592338 0
outer loop
vertex 32.80009841918945 37.52726745605469 10.5
vertex 32.872432708740234 37.78485107421875 5.300000190734863
vertex 32.872432708740234 37.78485107421875 10.5
endloop
endfacet
facet normal 0 0 1
outer loop
vertex -61.71122741699219 -73.48770141601562 11.5
vertex -24.48223304748535 -59.325958251953125 11.5
vertex -24.519067764282227 -59.246971130371094 11.5
endloop
endfacet
facet normal -0.7916718164531832 -0.6109465893461699 0
outer loop
vertex -77.71365356445312 38.815303802490234 9.5
vertex -78.35961151123047 39.65234375 9.5
vertex -77.71365356445312 38.815303802490234 -3.700000047683716
endloop
endfacet
facet normal -0.680681158774085 -0.7325797977620472 -9.417230187692339e-7
outer loop
vertex -66.8552474975586 -72.68245697021484 -3.700000047683716
vertex -67.53272247314453 -72.05299377441406 9.5
vertex -67.01829528808594 -72.53096008300781 -3.700000047683716
endloop
endfacet
facet normal 0 0 1
outer loop
vertex -61.71122741699219 -73.48770141601562 11.5
vertex -24.519067764282227 -59.246971130371094 11.5
vertex -24.535104751586914 -59.18711471557617 11.5
endloop
endfacet
facet normal 0.6891554703607057 -0.7246135091701745 0
outer loop
vertex 32.55580139160156 37.19702911376953 10.5
vertex 32.66205596923828 37.2980842590332 5.300000190734863
vertex 32.66205596923828 37.2980842590332 10.5
endloop
endfacet
facet normal 0.5191615842583238 0.8546761079089478 0
outer loop
vertex -22.645767211914062 50.58297348022461 -3.700000047683716
vertex -23.04690170288086 50.826637268066406 -3.700000047683716
vertex -22.645767211914062 50.58297348022461 9.5
endloop
endfacet
facet normal 0.38103483139425603 0.9245606833866292 0
outer loop
vertex -22.38439178466797 50.47525405883789 -3.700000047683716
vertex -22.645767211914062 50.58297348022461 -3.700000047683716
vertex -22.38439178466797 50.47525405883789 9.5
endloop
endfacet
facet normal 0 0 -1
outer loop
vertex -3.5880112648010254 -73.44657897949219 -5.699999809265137
vertex -3.0482075214385986 -71.99159240722656 -5.699999809265137
vertex -2.791682004928589 -73.310791015625 -5.699999809265137
endloop
endfacet
facet normal 0 0 1
outer loop
vertex 16.249025344848633 -59.9799919128418 11.5
vertex 15.72996997833252 -61.4351806640625 11.5
vertex 33.582275390625 -59.976009368896484 11.5
endloop
endfacet
facet normal 0 0 1
outer loop
vertex -61.71122741699219 -73.48770141601562 11.5
vertex -24.617834091186523 -58.778621673583984 11.5
vertex -24.621545791625977 -58.06910705566406 11.5
endloop
endfacet
facet normal 0 0 1
outer loop
vertex 15.724793434143066 -61.494354248046875 11.5
vertex 15.702235221862793 -61.57854080200195 11.5
vertex 33.582275390625 -59.976009368896484 11.5
endloop
endfacet
facet normal -0.8782938575566537 -0.4781212187074033 0
outer loop
vertex -9.422505378723145 34.69884490966797 10.5
vertex -9.294585227966309 34.46385955810547 5.300000190734863
vertex -9.294585227966309 34.46385955810547 10.5
endloop
endfacet
facet normal 0 0 1
outer loop
vertex -61.71122741699219 -73.48770141601562 11.5
vertex -24.014631271362305 -59.79038619995117 11.5
vertex -24.389490127563477 -59.44010543823242 11.5
endloop
endfacet
facet normal 0 0 1
outer loop
vertex -24.014631271362305 -59.79038619995117 11.5
vertex -61.71122741699219 -73.48770141601562 11.5
vertex -23.924362182617188 -59.859249114990234 11.5
endloop
endfacet
facet normal -0.5103432537272257 -0.8599707921639334 -2.1362218944913705e-7
outer loop
vertex -9.108939170837402 34.27120590209961 10.5
vertex -8.878856658935547 34.134666442871094 5.300000190734863
vertex -9.03081226348877 34.2248420715332 10.5
endloop
endfacet
facet normal 0 0 1
outer loop
vertex -61.71122741699219 -73.48770141601562 11.5
vertex -23.675779342651367 -59.92611312866211 11.5
vertex -23.84537124633789 -59.89608383178711 11.5
endloop
endfacet
facet normal 0.37726818322280115 0.9261040535100616 0
outer loop
vertex -23.909055709838867 51.350337982177734 -3.700000047683716
vertex -37.262027740478516 56.789955139160156 -3.700000047683716
vertex -23.909055709838867 51.350337982177734 9.5
endloop
endfacet
facet normal 0.47237373773028246 -0.8813983502949856 0
outer loop
vertex 32.23237609863281 36.98732376098633 10.5
vertex 32.23237609863281 36.98732376098633 5.300000190734863
vertex 32.46818923950195 37.113704681396484 10.5
endloop
endfacet
facet normal 0.26199590014516194 0.9650689862943095 0
outer loop
vertex -6.3573479652404785 46.12425231933594 -3.700000047683716
vertex -17.214017868041992 49.07160949707031 -3.700000047683716
vertex -6.3573479652404785 46.12425231933594 9.5
endloop
endfacet
facet normal 0.322107262529044 0.9467031802133367 0
outer loop
vertex -1.2540884017944336 42.4224967956543 -3.700000047683716
vertex -1.4117928743362427 42.47615432739258 -3.700000047683716
vertex -1.2540884017944336 42.4224967956543 9.5
endloop
endfacet
facet normal -0.5970403055509772 -0.8022112399783462 0
outer loop
vertex -66.8552474975586 -72.68245697021484 -3.700000047683716
vertex -66.58853149414062 -72.8809585571289 -3.700000047683716
vertex -66.8552474975586 -72.68245697021484 9.5
endloop
endfacet
facet normal 0.1575770621684848 0.987506693384075 0
outer loop
vertex -0.8356136679649353 42.35572052001953 -3.700000047683716
vertex -1.2540884017944336 42.4224967956543 -3.700000047683716
vertex -0.8356136679649353 42.35572052001953 9.5
endloop
endfacet
facet normal 0 0 1
outer loop
vertex -61.71122741699219 -73.48770141601562 11.5
vertex -24.621545791625977 -58.06910705566406 11.5
vertex -24.65375328063965 -57.927490234375 11.5
endloop
endfacet
facet normal 0.44571304131195155 0.8951758960139766 1.5685111966087738e-7
outer loop
vertex -6.124331474304199 46.00823211669922 -3.700000047683716
vertex -6.3573479652404785 46.12425231933594 -3.700000047683716
vertex -4.915912628173828 45.406551361083984 9.5
endloop
endfacet
facet normal 0.22178439794738358 -0.9750957290579815 0
outer loop
vertex 32.11324691772461 36.960227966308594 10.5
vertex 32.23237609863281 36.98732376098633 5.300000190734863
vertex 32.23237609863281 36.98732376098633 10.5
endloop
endfacet
facet normal 0.6065521591525205 0.7950436957975426 0
outer loop
vertex -3.635711669921875 44.42986297607422 -3.700000047683716
vertex -4.151412010192871 44.823299407958984 -3.700000047683716
vertex -3.635711669921875 44.42986297607422 9.5
endloop
endfacet
facet normal 0 0 1
outer loop
vertex -61.71122741699219 -73.48770141601562 11.5
vertex -24.65375328063965 -57.927490234375 11.5
vertex -24.716371536254883 -57.81064987182617 11.5
endloop
endfacet
facet normal 0.3772681832227997 0.926104053510058 8.787043380436208e-8
outer loop
vertex -23.909055709838867 51.350337982177734 9.5
vertex -39.384368896484375 57.654537200927734 -3.700000047683716
vertex -37.262027740478516 56.789955139160156 9.5
endloop
endfacet
facet normal 0.6065532239822955 0.7950428834199316 -6.581454718197184e-8
outer loop
vertex -4.151412010192871 44.823299407958984 -3.700000047683716
vertex -4.915912628173828 45.406551361083984 -3.700000047683716
vertex -3.635711669921875 44.42986297607422 9.5
endloop
endfacet
facet normal 0 0 1
outer loop
vertex -8.28683853149414 38.56562805175781 11.5
vertex -8.250004768371582 38.48664093017578 11.5
vertex -6.769930362701416 45.039764404296875 11.5
endloop
endfacet
facet normal 0.4773752599407857 0.8786995283920821 0
outer loop
vertex -1.6552726030349731 42.55899429321289 -3.700000047683716
vertex -2.0276389122009277 42.76129150390625 -3.700000047683716
vertex -1.6552726030349731 42.55899429321289 9.5
endloop
endfacet
facet normal 0 0 1
outer loop
vertex -6.769930362701416 45.039764404296875 11.5
vertex -8.250004768371582 38.48664093017578 11.5
vertex -8.227447509765625 38.4024543762207 11.5
endloop
endfacet
facet normal 0 0 1
outer loop
vertex 15.59771728515625 -61.7489013671875 11.5
vertex 15.246257781982422 -62.122657775878906 11.5
vertex 33.582275390625 -59.976009368896484 11.5
endloop
endfacet
facet normal 0 0 1
outer loop
vertex 15.20350456237793 -62.165409088134766 11.5
vertex 15.132110595703125 -62.21540069580078 11.5
vertex 33.582275390625 -59.976009368896484 11.5
endloop
endfacet
facet normal 0 0 1
outer loop
vertex -8.860647201538086 39.233428955078125 11.5
vertex -8.56615924835205 39.016300201416016 11.5
vertex -6.769930362701416 45.039764404296875 11.5
endloop
endfacet
facet normal 0 0 1
outer loop
vertex 15.132110595703125 -62.21540069580078 11.5
vertex 15.053120613098145 -62.252235412597656 11.5
vertex 33.582275390625 -59.976009368896484 11.5
endloop
endfacet
facet normal 0.00022977318896994628 -0.9999999736020507 -4.231544479268208e-7
outer loop
vertex 14.582159042358398 36.92399215698242 10.5
vertex 31.97149085998535 36.9279899597168 5.300000190734863
vertex 29.17532730102539 36.927345275878906 10.5
endloop
endfacet
facet normal 0 0 1
outer loop
vertex -6.769930362701416 45.039764404296875 11.5
vertex -5.497855186462402 34.40008544921875 11.5
vertex -5.07301139831543 34.829566955566406 11.5
endloop
endfacet
facet normal 0 0 1
outer loop
vertex 14.212489128112793 -62.431339263916016 11.5
vertex 14.098836898803711 -62.52460861206055 11.5
vertex 33.582275390625 -59.976009368896484 11.5
endloop
endfacet
facet normal -0.9998509505258812 0.017264898855535532 0
outer loop
vertex 34.29188537597656 -55.58686828613281 10.5
vertex 34.23238754272461 -59.032527923583984 5.300000190734863
vertex 34.23238754272461 -59.032527923583984 10.5
endloop
endfacet
facet normal 0 0 -1
outer loop
vertex 78.85576629638672 41.96335983276367 -5.699999809265137
vertex 77.12318420410156 43.27323532104492 -5.699999809265137
vertex 78.53234100341797 43.33145523071289 -5.699999809265137
endloop
endfacet
facet normal 0 0 1
outer loop
vertex 13.801339149475098 43.52397155761719 11.5
vertex 14.58204460144043 37.423980712890625 11.5
vertex 14.62607192993164 43.569305419921875 11.5
endloop
endfacet
facet normal 0 0 -1
outer loop
vertex 77.96296691894531 44.600006103515625 -5.699999809265137
vertex 76.67159271240234 44.15089416503906 -5.699999809265137
vertex 77.16455078125 45.738399505615234 -5.699999809265137
endloop
endfacet
facet normal -0.7306527721499297 0.6827492413394708 0
outer loop
vertex 33.882110595703125 -59.407386779785156 5.300000190734863
vertex 33.882110595703125 -59.407386779785156 10.5
vertex 33.99769973754883 -59.283687591552734 10.5
endloop
endfacet
facet normal 0 0 1
outer loop
vertex -53.29146194458008 32.36543273925781 11.5
vertex -45.32805252075195 27.927976608276367 11.5
vertex -45.187660217285156 27.95990562438965 11.5
endloop
endfacet
facet normal -0.2230124184504245 0.9748156036998806 -3.60512526806911e-7
outer loop
vertex 33.882110595703125 -59.407386779785156 10.5
vertex 33.58216094970703 -59.476009368896484 5.300000190734863
vertex 33.735191345214844 -59.44099807739258 10.5
endloop
endfacet
facet normal 0 0 -1
outer loop
vertex 77.16455078125 45.738399505615234 -5.699999809265137
vertex 75.43121337890625 45.576148986816406 -5.699999809265137
vertex 76.16575622558594 46.705772399902344 -5.699999809265137
endloop
endfacet
facet normal 0 0 1
outer loop
vertex 11.133742332458496 42.702728271484375 11.5
vertex 14.111197471618652 37.325218200683594 11.5
vertex 12.41700553894043 43.236732482910156 11.5
endloop
endfacet
facet normal 0 0 1
outer loop
vertex 15.991801261901855 -60.07453918457031 11.5
vertex 16.249025344848633 -59.9799919128418 11.5
vertex 16.108640670776367 -60.01192092895508 11.5
endloop
endfacet
facet normal 0 0 -1
outer loop
vertex 74.69215393066406 46.10404586791992 -5.699999809265137
vertex 76.16575622558594 46.705772399902344 -5.699999809265137
vertex 75.43121337890625 45.576148986816406 -5.699999809265137
endloop
endfacet
facet normal 0 0 1
outer loop
vertex 15.895747184753418 -60.1658935546875 11.5
vertex 15.827352523803711 -60.27944564819336 11.5
vertex 16.249025344848633 -59.9799919128418 11.5
endloop
endfacet
facet normal 0 0 1
outer loop
vertex 72.7680435180664 41.085147857666016 11.5
vertex 72.78215789794922 40.973731994628906 11.5
vertex 78.92743682861328 40.922630310058594 11.5
endloop
endfacet
facet normal 0 0 1
outer loop
vertex 15.788076400756836 -60.419307708740234 11.5
vertex 15.72996997833252 -61.4351806640625 11.5
vertex 16.249025344848633 -59.9799919128418 11.5
endloop
endfacet
facet normal -0.9519855501797518 -0.30614296047591083 0
outer loop
vertex -69.98157501220703 33.00664520263672 -3.700000047683716
vertex -69.98157501220703 33.00664520263672 9.5
vertex -70.08103942871094 33.315940856933594 9.5
endloop
endfacet
facet normal -0.6827378103694142 -0.730663453507754 3.162839425290425e-7
outer loop
vertex 71.83867645263672 41.62422180175781 10.5
vertex 72.21353912353516 41.27394485473633 5.300000190734863
vertex 72.0897445678711 41.38962173461914 10.5
endloop
endfacet
facet normal 0.002584749906160467 0.9999966595283819 0
outer loop
vertex 14.582159042358398 -61.851009368896484 10.5
vertex 14.42719554901123 -61.850608825683594 5.300000190734863
vertex 14.42719554901123 -61.850608825683594 10.5
endloop
endfacet
facet normal 0 0 -1
outer loop
vertex 72.9425048828125 46.81684875488281 -5.699999809265137
vertex 72.35889434814453 48.27138137817383 -5.699999809265137
vertex 73.71633911132812 47.99595260620117 -5.699999809265137
endloop
endfacet
facet normal -0.22302009727448951 0.97481384695319 0
outer loop
vertex 14.582159042358398 -61.851009368896484 5.300000190734863
vertex 14.582159042358398 -61.851009368896484 10.5
vertex 14.73519229888916 -61.81599807739258 10.5
endloop
endfacet
facet normal -0.4812079407886736 -0.8766064782566834 -5.824580142332687e-7
outer loop
vertex -26.922378540039062 43.68098068237305 10.5
vertex -26.68784523010254 43.55223846435547 5.300000190734863
vertex -26.777780532836914 43.60160446166992 10.5
endloop
endfacet
facet normal 0 0 1
outer loop
vertex 12.41700553894043 43.236732482910156 11.5
vertex 14.171051979064941 37.34125518798828 11.5
vertex 14.470654487609863 37.411399841308594 11.5
endloop
endfacet
facet normal 0 0 -1
outer loop
vertex 73.80908966064453 46.54497528076172 -5.699999809265137
vertex 75.00243377685547 47.467403411865234 -5.699999809265137
vertex 74.69215393066406 46.10404586791992 -5.699999809265137
endloop
endfacet
facet normal 0.7050583754586613 0.7091492700372952 -0.0000010792838923013108
outer loop
vertex -53.52621078491211 34.197235107421875 10.5
vertex -53.715946197509766 34.385868072509766 5.300000190734863
vertex -53.60027313232422 34.270870208740234 10.5
endloop
endfacet
facet normal -0.7306510234081743 0.6827511127728665 0
outer loop
vertex 14.882110595703125 -61.782386779785156 5.300000190734863
vertex 14.882110595703125 -61.782386779785156 10.5
vertex 14.997735977172852 -61.65864944458008 10.5
endloop
endfacet
facet normal 0 0 1
outer loop
vertex -6.769930362701416 45.039764404296875 11.5
vertex -5.039186000823975 34.86339569091797 11.5
vertex -4.967792510986328 34.91338348388672 11.5
endloop
endfacet
facet normal 0.2230097719503853 -0.9748162091464405 0
outer loop
vertex -61.41783905029297 27.423992156982422 5.300000190734863
vertex -61.71779251098633 27.355371475219727 10.5
vertex -61.71779251098633 27.355371475219727 5.300000190734863
endloop
endfacet
facet normal -0.5063431547452555 -0.8623320761995451 6.527004753166749e-8
outer loop
vertex -65.74412536621094 -73.45140838623047 -3.700000047683716
vertex -65.31591796875 -73.70284271240234 -3.700000047683716
vertex -66.1133804321289 -73.23458862304688 9.5
endloop
endfacet
facet normal 0 0 -1
outer loop
vertex 78.92743682861328 40.922630310058594 -5.699999809265137
vertex 77.56360626220703 41.434425354003906 -5.699999809265137
vertex 78.85576629638672 41.96335983276367 -5.699999809265137
endloop
endfacet
facet normal 0.7407838801143364 0.6717434353700441 0
outer loop
vertex -2.3604884147644043 43.02357482910156 9.5
vertex -3.635711669921875 44.42986297607422 -3.700000047683716
vertex -3.635711669921875 44.42986297607422 9.5
endloop
endfacet
facet normal 0.46549120714005493 0.8850525046997463 0
outer loop
vertex -39.384368896484375 57.654537200927734 9.5
vertex -39.82710647583008 57.887393951416016 -3.700000047683716
vertex -39.82710647583008 57.887393951416016 9.5
endloop
endfacet
facet normal 0.00024760346018164913 -0.9999999693462627 0
outer loop
vertex -45.2718505859375 27.427989959716797 5.300000190734863
vertex -61.41783905029297 27.423992156982422 10.5
vertex -61.41783905029297 27.423992156982422 5.300000190734863
endloop
endfacet
facet normal 0 0 1
outer loop
vertex -6.769930362701416 45.039764404296875 11.5
vertex -4.967792510986328 34.91338348388672 11.5
vertex -4.888802528381348 34.950218200683594 11.5
endloop
endfacet
facet normal 0.9997438678608664 -0.02263180670195227 0
outer loop
vertex -53.33560562133789 33.31144332885742 5.300000190734863
vertex -53.32667541503906 33.705928802490234 5.300000190734863
vertex -53.33560562133789 33.31144332885742 10.5
endloop
endfacet
facet normal -0.5970425787996674 -0.8022095481233303 -7.13748263254821e-8
outer loop
vertex -66.8552474975586 -72.68245697021484 9.5
vertex -66.58853149414062 -72.8809585571289 -3.700000047683716
vertex -66.1133804321289 -73.23458862304688 -3.700000047683716
endloop
endfacet
facet normal 0 0 1
outer loop
vertex -6.769930362701416 45.039764404296875 11.5
vertex -4.828948020935059 34.96625518798828 11.5
vertex -5.528940200805664 44.42186737060547 11.5
endloop
endfacet
facet normal 0 0 1
outer loop
vertex -67.93909454345703 65.3971176147461 11.5
vertex -77.84327697753906 48.33803176879883 11.5
vertex -62.87990951538086 61.87018585205078 11.5
endloop
endfacet
facet normal 0.22176099166503965 -0.9751010524944265 0
outer loop
vertex -45.010963439941406 27.487321853637695 5.300000190734863
vertex -45.2718505859375 27.427989959716797 10.5
vertex -45.2718505859375 27.427989959716797 5.300000190734863
endloop
endfacet
facet normal 0 0 1
outer loop
vertex 14.032207489013672 37.28838348388672 11.5
vertex 11.133742332458496 42.702728271484375 11.5
vertex 9.732315063476562 41.77916717529297 11.5
endloop
endfacet
facet normal 0.47237373773028246 -0.8813983502949856 0
outer loop
vertex -44.775150299072266 27.61370277404785 5.300000190734863
vertex -45.010963439941406 27.487321853637695 10.5
vertex -45.010963439941406 27.487321853637695 5.300000190734863
endloop
endfacet
facet normal 0 0 1
outer loop
vertex -72.53816986083984 45.23613357543945 11.5
vertex -62.87990951538086 61.87018585205078 11.5
vertex -77.84327697753906 48.33803176879883 11.5
endloop
endfacet
facet normal 0.8566154421589525 -0.515955409172946 0
outer loop
vertex -44.443241119384766 28.02726936340332 5.300000190734863
vertex -44.58128356933594 27.798084259033203 10.5
vertex -44.58128356933594 27.798084259033203 5.300000190734863
endloop
endfacet
facet normal 0.9951181520383887 0.09869074669745989 0
outer loop
vertex -44.43113327026367 28.892126083374023 5.300000190734863
vertex -44.370906829833984 28.28485107421875 10.5
vertex -44.370906829833984 28.28485107421875 5.300000190734863
endloop
endfacet
facet normal 0.5255108106127185 0.8507869227539663 0
outer loop
vertex -44.722023010253906 29.33550262451172 5.300000190734863
vertex -45.00719451904297 29.511646270751953 5.300000190734863
vertex -44.722023010253906 29.33550262451172 10.5
endloop
endfacet
facet normal 0 0 1
outer loop
vertex 13.918060302734375 37.195640563964844 11.5
vertex 8.670280456542969 41.316314697265625 11.5
vertex 13.567782402038574 36.82078170776367 11.5
endloop
endfacet
facet normal 0.999999787010905 -0.0006526700120142072 0
outer loop
vertex -62.11783981323242 -49.27600860595703 10.5
vertex -62.06806945800781 26.980512619018555 5.300000190734863
vertex -62.06806945800781 26.980512619018555 10.5
endloop
endfacet
facet normal -0.07536093502276701 -0.9971563214824917 0
outer loop
vertex -61.95573806762695 61.765323638916016 10.5
vertex -61.84378433227539 61.75686264038086 5.300000190734863
vertex -61.84378433227539 61.75686264038086 10.5
endloop
endfacet
facet normal -0.9627590952182947 0.2703607304592338 0
outer loop
vertex 15.36422061920166 -60.07928466796875 10.5
vertex 15.291886329650879 -60.33686828613281 5.300000190734863
vertex 15.291886329650879 -60.33686828613281 10.5
endloop
endfacet
facet normal -0.6963938570203387 -0.7176598051335576 0
outer loop
vertex -26.922378540039062 43.68098068237305 5.300000190734863
vertex -27.1143856048584 43.8672981262207 10.5
vertex -27.1143856048584 43.8672981262207 5.300000190734863
endloop
endfacet
facet normal -0.856618085765025 0.5159510200980947 0
outer loop
vertex 15.36422061920166 -60.07928466796875 5.300000190734863
vertex 15.36422061920166 -60.07928466796875 10.5
vertex 15.48776912689209 -59.87416076660156 10.5
endloop
endfacet
facet normal 0 0 1
outer loop
vertex 8.670280456542969 41.316314697265625 11.5
vertex 13.432699203491211 36.50825500488281 11.5
vertex 13.462082862854004 36.65152359008789 11.5
endloop
endfacet
facet normal 0.7306559186513827 -0.6827458740553694 -2.7171464087627113e-7
outer loop
vertex -62.06806945800781 26.980512619018555 10.5
vertex -61.71779251098633 27.355371475219727 5.300000190734863
vertex -61.833335876464844 27.231718063354492 10.5
endloop
endfacet
facet normal 0.8678439513922088 0.49683687064454457 -3.061746284526003e-7
outer loop
vertex -53.39328384399414 33.965049743652344 10.5
vertex -53.52621078491211 34.197235107421875 5.300000190734863
vertex -53.47076416015625 34.10038757324219 10.5
endloop
endfacet
facet normal 0 0 1
outer loop
vertex 9.732315063476562 41.77916717529297 11.5
vertex 9.674181938171387 41.73846435546875 11.5
vertex 13.918060302734375 37.195640563964844 11.5
endloop
endfacet
facet normal -0.4811980170157861 -0.8766119257802024 0
outer loop
vertex -26.922378540039062 43.68098068237305 5.300000190734863
vertex -26.68784523010254 43.55223846435547 5.300000190734863
vertex -26.922378540039062 43.68098068237305 10.5
endloop
endfacet
facet normal -0.719557515554159 0.6944317992090039 0.0012075002575045815
outer loop
vertex 15.608514785766602 -59.749046325683594 10.5
vertex 15.502262115478516 -59.850101470947266 5.300000190734863
vertex 15.48776912689209 -59.87416076660156 10.5
endloop
endfacet
facet normal 0 0 1
outer loop
vertex 9.629412651062012 41.717586517333984 11.5
vertex 9.253698348999023 41.52157974243164 11.5
vertex 13.918060302734375 37.195640563964844 11.5
endloop
endfacet
facet normal -0.472370769552202 0.8813999410441667 0
outer loop
vertex 15.931943893432617 -59.539337158203125 10.5
vertex 15.696128845214844 -59.66571807861328 5.300000190734863
vertex 15.696128845214844 -59.66571807861328 10.5
endloop
endfacet
facet normal -0.22176146138529748 0.9751009456688354 0
outer loop
vertex 15.931943893432617 -59.539337158203125 5.300000190734863
vertex 15.931943893432617 -59.539337158203125 10.5
vertex 16.051069259643555 -59.512245178222656 10.5
endloop
endfacet
facet normal 0 0 1
outer loop
vertex 13.969171524047852 -62.59391784667969 11.5
vertex 4.490187168121338 -68.75031280517578 11.5
vertex 33.582275390625 -59.976009368896484 11.5
endloop
endfacet
facet normal -0.00023056295631928886 0.9999999734203613 0
outer loop
vertex 16.192829132080078 -59.48000717163086 5.300000190734863
vertex 16.192829132080078 -59.48000717163086 10.5
vertex 18.98895835876465 -59.47936248779297 10.5
endloop
endfacet
facet normal 0 0 1
outer loop
vertex 9.253698348999023 41.52157974243164 11.5
vertex 9.07461929321289 41.443199157714844 11.5
vertex 13.918060302734375 37.195640563964844 11.5
endloop
endfacet
facet normal 0 0 1
outer loop
vertex -68.7813491821289 32.749488830566406 11.5
vertex -68.76714324951172 32.587154388427734 11.5
vertex -61.417964935302734 27.923980712890625 11.5
endloop
endfacet
facet normal -0.49760032834487095 0.8674064290925428 0
outer loop
vertex 30.0703125 48.71381759643555 -3.700000047683716
vertex 28.67354965209961 47.91254425048828 -3.700000047683716
vertex 30.0703125 48.71381759643555 9.5
endloop
endfacet
facet normal 0 0 1
outer loop
vertex 1.2274223566055298 -70.84577941894531 11.5
vertex 0.0768570825457573 -71.9565658569336 11.5
vertex 0.6810476183891296 -71.43383026123047 11.5
endloop
endfacet
facet normal 0 0 1
outer loop
vertex 14.27905559539795 -62.35022735595703 11.5
vertex 14.212489128112793 -62.431339263916016 11.5
vertex 14.580866813659668 -62.350894927978516 11.5
endloop
endfacet
facet normal -0.7777733841107826 0.6285447979013596 0
outer loop
vertex 27.452980041503906 46.86220932006836 -3.700000047683716
vertex 26.572481155395508 45.77266311645508 -3.700000047683716
vertex 27.452980041503906 46.86220932006836 9.5
endloop
endfacet
facet normal -0.7777689393360918 0.6285502979110031 0
outer loop
vertex 26.572481155395508 45.77266311645508 -3.700000047683716
vertex 26.497617721557617 45.68002700805664 -3.700000047683716
vertex 26.572481155395508 45.77266311645508 9.5
endloop
endfacet
facet normal 0 0 1
outer loop
vertex 2.7142281532287598 -69.29048156738281 11.5
vertex 2.7589974403381348 -69.26959991455078 11.5
vertex -4.675653457641602 -62.301124572753906 11.5
endloop
endfacet
facet normal -0.40964291562994276 -0.9122459545945927 0
outer loop
vertex -65.31591796875 -73.70284271240234 9.5
vertex -65.31591796875 -73.70284271240234 -3.700000047683716
vertex -65.07730865478516 -73.80998992919922 -3.700000047683716
endloop
endfacet
facet normal -0.7313202213804675 0.6820342614561414 0
outer loop
vertex 26.497617721557617 45.68002700805664 -3.700000047683716
vertex 26.43836212158203 45.61648941040039 -3.700000047683716
vertex 26.497617721557617 45.68002700805664 9.5
endloop
endfacet
facet normal 0 0 1
outer loop
vertex -68.76714324951172 32.587154388427734 11.5
vertex -62.53791809082031 27.15152359008789 11.5
vertex -62.50108337402344 27.230512619018555 11.5
endloop
endfacet
facet normal 0.2703644417624393 0.9627580530073403 0
outer loop
vertex -43.72111892700195 -50.05807113647461 5.300000190734863
vertex -43.97869873046875 -49.98573684692383 5.300000190734863
vertex -43.72111892700195 -50.05807113647461 10.5
endloop
endfacet
facet normal 0.6827505910676109 0.7306515109112057 0
outer loop
vertex -5.049220561981201 -61.450958251953125 5.300000190734863
vertex -5.049220561981201 -61.450958251953125 10.5
vertex -4.92539119720459 -61.56666946411133 10.5
endloop
endfacet
facet normal 0 0 1
outer loop
vertex 3.3147077560424805 -68.99806213378906 11.5
vertex -4.675653457641602 -62.301124572753906 11.5
vertex 3.1347124576568604 -69.07359313964844 11.5
endloop
endfacet
facet normal 0 0 1
outer loop
vertex -44.968502044677734 28.8566837310791 11.5
vertex -53.29146194458008 32.36543273925781 11.5
vertex -44.911033630371094 28.73662567138672 11.5
endloop
endfacet
facet normal 0.9748154998566185 0.22301287236228745 1.1399094439352546e-7
outer loop
vertex -5.049220561981201 -61.450958251953125 10.5
vertex -5.117840766906738 -61.15100860595703 5.300000190734863
vertex -5.082827568054199 -61.30405807495117 10.5
endloop
endfacet
facet normal 0 0 1
outer loop
vertex 13.828476905822754 -62.6365966796875 11.5
vertex 13.682159423828125 -62.65100860595703 11.5
vertex 4.490187168121338 -68.75031280517578 11.5
endloop
endfacet
facet normal 0.8814015317633613 0.47236780140606555 0
outer loop
vertex -43.307552337646484 -50.389976501464844 5.300000190734863
vertex -43.18117141723633 -50.62579345703125 10.5
vertex -43.18117141723633 -50.62579345703125 5.300000190734863
endloop
endfacet
facet normal 0 0 1
outer loop
vertex 13.265481948852539 -62.52460861206055 11.5
vertex 4.490187168121338 -68.75031280517578 11.5
vertex 13.395146369934082 -62.59391784667969 11.5
endloop
endfacet
facet normal 0.9748163418157365 0.2230091920280087 0
outer loop
vertex -5.082827568054199 -61.30405807495117 10.5
vertex -5.117840766906738 -61.15100860595703 5.300000190734863
vertex -5.117840766906738 -61.15100860595703 10.5
endloop
endfacet
facet normal 0 0 1
outer loop
vertex 13.15182876586914 -62.431339263916016 11.5
vertex 4.490187168121338 -68.75031280517578 11.5
vertex 13.265481948852539 -62.52460861206055 11.5
endloop
endfacet
facet normal 0 0 1
outer loop
vertex -44.87069320678711 28.3544864654541 11.5
vertex -44.870201110839844 28.512563705444336 11.5
vertex -53.29146194458008 32.36543273925781 11.5
endloop
endfacet
facet normal 0.9910120059743373 0.13377295696333613 7.39124331921144e-8
outer loop
vertex -5.117840766906738 -60.476009368896484 10.5
vertex -5.153631210327148 -60.21086502075195 5.300000190734863
vertex -5.143796920776367 -60.283721923828125 10.5
endloop
endfacet
facet normal 0 0 1
outer loop
vertex -45.049652099609375 28.950180053710938 11.5
vertex -45.23485565185547 29.0645751953125 11.5
vertex -53.29146194458008 32.36543273925781 11.5
endloop
endfacet
facet normal 0.7246144997084355 0.6891544288563295 0
outer loop
vertex -43.307552337646484 -50.389976501464844 5.300000190734863
vertex -43.4919319152832 -50.196109771728516 5.300000190734863
vertex -43.307552337646484 -50.389976501464844 10.5
endloop
endfacet
facet normal 0.9910127053157741 0.13376777602513565 0
outer loop
vertex -5.143796920776367 -60.283721923828125 10.5
vertex -5.153631210327148 -60.21086502075195 5.300000190734863
vertex -5.153631210327148 -60.21086502075195 10.5
endloop
endfacet
facet normal 0.5191615842583125 0.8546761079089291 -2.0849099733554302e-7
outer loop
vertex -22.645767211914062 50.58297348022461 9.5
vertex -23.909055709838867 51.350337982177734 -3.700000047683716
vertex -23.04690170288086 50.826637268066406 9.5
endloop
endfacet
facet normal 0 0 1
outer loop
vertex -68.76714324951172 32.587154388427734 11.5
vertex -62.43221664428711 27.320781707763672 11.5
vertex -62.081939697265625 27.695640563964844 11.5
endloop
endfacet
facet normal 0 0 1
outer loop
vertex -62.0391845703125 27.738393783569336 11.5
vertex -68.76714324951172 32.587154388427734 11.5
vertex -62.081939697265625 27.695640563964844 11.5
endloop
endfacet
facet normal 0 0 1
outer loop
vertex -61.88880157470703 27.825218200683594 11.5
vertex -68.76714324951172 32.587154388427734 11.5
vertex -61.96779251098633 27.78838539123535 11.5
endloop
endfacet
facet normal 0.11426892231849314 0.9934498544930037 0
outer loop
vertex -5.890794277191162 -59.50212478637695 10.5
vertex -6.117840766906738 -59.476009368896484 5.300000190734863
vertex -6.117840766906738 -59.476009368896484 10.5
endloop
endfacet
facet normal 0.3552837303116234 0.9347585094428708 0
outer loop
vertex -5.6407036781311035 -59.5971794128418 10.5
vertex -5.890794277191162 -59.50212478637695 5.300000190734863
vertex -5.890794277191162 -59.50212478637695 10.5
endloop
endfacet
facet normal 0 0 1
outer loop
vertex -55.653873443603516 34.08324432373047 11.5
vertex -68.7813491821289 32.749488830566406 11.5
vertex -61.417964935302734 27.923980712890625 11.5
endloop
endfacet
facet normal 0 0 1
outer loop
vertex 9.07461929321289 41.443199157714844 11.5
vertex 8.670280456542969 41.316314697265625 11.5
vertex 13.918060302734375 37.195640563964844 11.5
endloop
endfacet
facet normal 0.901126750181917 0.43355574048387996 -2.2662794875738034e-7
outer loop
vertex -53.10247802734375 32.826900482177734 10.5
vertex -53.33560562133789 33.31144332885742 5.300000190734863
vertex -53.248294830322266 33.129974365234375 10.5
endloop
endfacet
facet normal 0.7832757138644891 0.6216744775765489 0
outer loop
vertex -5.315843105316162 -59.89237976074219 10.5
vertex -5.424766540527344 -59.75514221191406 5.300000190734863
vertex -5.424766540527344 -59.75514221191406 10.5
endloop
endfacet
facet normal -0.2581146465475688 -0.9661142940857713 -8.805620370213222e-7
outer loop
vertex -8.878856658935547 34.134666442871094 10.5
vertex -8.608565330505371 34.06245803833008 5.300000190734863
vertex -8.735245704650879 34.09629821777344 10.5
endloop
endfacet
facet normal 0.3789801529687548 0.9254047998880162 0
outer loop
vertex -53.10247802734375 32.826900482177734 5.300000190734863
vertex -53.10247802734375 32.826900482177734 10.5
vertex -47.817657470703125 30.662612915039062 10.5
endloop
endfacet
facet normal 0.5904126542781777 0.8071015411137542 0
outer loop
vertex -5.424766540527344 -59.75514221191406 10.5
vertex -5.6407036781311035 -59.5971794128418 5.300000190734863
vertex -5.6407036781311035 -59.5971794128418 10.5
endloop
endfacet
facet normal 0.22176205716339562 -0.9751008101743425 0
outer loop
vertex -45.13414764404297 27.459306716918945 10.5
vertex -45.010963439941406 27.487321853637695 5.300000190734863
vertex -45.010963439941406 27.487321853637695 10.5
endloop
endfacet
facet normal 0.9200691027449829 0.39175610547130213 0
outer loop
vertex -5.23268461227417 -60.02519607543945 10.5
vertex -5.2584404945373535 -59.96470642089844 5.300000190734863
vertex -5.2584404945373535 -59.96470642089844 10.5
endloop
endfacet
facet normal 0.47237373773028246 -0.8813983502949856 0
outer loop
vertex -45.010963439941406 27.487321853637695 10.5
vertex -44.775150299072266 27.61370277404785 5.300000190734863
vertex -44.775150299072266 27.61370277404785 10.5
endloop
endfacet
facet normal 0.6891564798353756 -0.7246125490915121 -1.2015735631675083e-7
outer loop
vertex -44.775150299072266 27.61370277404785 10.5
vertex -44.58128356933594 27.798084259033203 5.300000190734863
vertex -44.67165756225586 27.71213150024414 10.5
endloop
endfacet
facet normal 0.6891601099373088 -0.7246090965970523 0
outer loop
vertex -44.67165756225586 27.71213150024414 10.5
vertex -44.58128356933594 27.798084259033203 5.300000190734863
vertex -44.58128356933594 27.798084259033203 10.5
endloop
endfacet
facet normal 0.9627585741181826 -0.27036258609860236 0
outer loop
vertex -44.443241119384766 28.02726936340332 10.5
vertex -44.370906829833984 28.28485107421875 5.300000190734863
vertex -44.370906829833984 28.28485107421875 10.5
endloop
endfacet
facet normal 0 0 -1
outer loop
vertex -4.15964412689209 -73.48975372314453 -5.699999809265137
vertex -61.71122741699219 -73.48770141601562 -5.699999809265137
vertex -4.2453999519348145 -72.14778900146484 -5.699999809265137
endloop
endfacet
facet normal 0.9999239127786492 -0.003091055135808099 -0.011942111688626484
outer loop
vertex -44.370906829833984 28.28485107421875 10.5
vertex -44.43113327026367 28.892126083374023 5.300000190734863
vertex -44.370361328125 28.461315155029297 10.5
endloop
endfacet
facet normal -0.731330654160255 0.682023074599037 1.0068080656556202e-7
outer loop
vertex 26.43836212158203 45.61648941040039 -3.700000047683716
vertex 26.20859718322754 45.370113372802734 -3.700000047683716
vertex 26.497617721557617 45.68002700805664 9.5
endloop
endfacet
facet normal 0.9838008588059453 0.1792648047238624 0
outer loop
vertex -44.37006378173828 28.556978225708008 10.5
vertex -44.43113327026367 28.892126083374023 5.300000190734863
vertex -44.43113327026367 28.892126083374023 10.5
endloop
endfacet
facet normal 0 0 1
outer loop
vertex -45.070823669433594 28.02252197265625 11.5
vertex -44.974769592285156 28.113876342773438 11.5
vertex -53.29146194458008 32.36543273925781 11.5
endloop
endfacet
facet normal 0.9019802208493566 0.43177735141684553 0
outer loop
vertex -44.43113327026367 28.892126083374023 10.5
vertex -44.546653747558594 29.133447647094727 5.300000190734863
vertex -44.546653747558594 29.133447647094727 10.5
endloop
endfacet
facet normal -0.6056291638063731 0.7957470175546731 -1.8980196828957686e-7
outer loop
vertex 25.99267578125 45.20577621459961 -3.700000047683716
vertex 25.87138557434082 45.11346435546875 -3.700000047683716
vertex 26.20859718322754 45.370113372802734 9.5
endloop
endfacet
facet normal 0 0 1
outer loop
vertex -55.653873443603516 34.08324432373047 11.5
vertex -61.417964935302734 27.923980712890625 11.5
vertex -55.548011779785156 34.038761138916016 11.5
endloop
endfacet
facet normal -0.7455917371250398 -0.6664030023423256 0
outer loop
vertex -44.787906646728516 51.60844802856445 10.5
vertex -44.60961151123047 51.408966064453125 5.300000190734863
vertex -44.60961151123047 51.408966064453125 10.5
endloop
endfacet
facet normal 0 0 1
outer loop
vertex -61.417964935302734 27.923980712890625 11.5
vertex -53.42387008666992 32.443878173828125 11.5
vertex -53.48550033569336 32.5055046081543 11.5
endloop
endfacet
facet normal -0.4625315506397625 0.886602822385975 0
outer loop
vertex 25.87138557434082 45.11346435546875 -3.700000047683716
vertex 25.495670318603516 44.917457580566406 -3.700000047683716
vertex 25.87138557434082 45.11346435546875 9.5
endloop
endfacet
facet normal 0 0 1
outer loop
vertex -53.42387008666992 32.443878173828125 11.5
vertex -61.417964935302734 27.923980712890625 11.5
vertex -53.35247802734375 32.39388656616211 11.5
endloop
endfacet
facet normal -0.973627495443668 -0.22814359538696266 0
outer loop
vertex -9.48354434967041 34.95933532714844 10.5
vertex -9.422505378723145 34.69884490966797 5.300000190734863
vertex -9.422505378723145 34.69884490966797 10.5
endloop
endfacet
facet normal 0 0 1
outer loop
vertex -53.535491943359375 32.576900482177734 11.5
vertex -61.417964935302734 27.923980712890625 11.5
vertex -53.48550033569336 32.5055046081543 11.5
endloop
endfacet
facet normal 0 0 1
outer loop
vertex -55.24953842163086 33.947879791259766 11.5
vertex -61.417964935302734 27.923980712890625 11.5
vertex -55.19118881225586 33.932247161865234 11.5
endloop
endfacet
facet normal 0.9685167437307669 0.24894842259525385 -6.979140428464923e-7
outer loop
vertex -53.32667541503906 33.705928802490234 10.5
vertex -53.39328384399414 33.965049743652344 5.300000190734863
vertex -53.357452392578125 33.82566452026367 10.5
endloop
endfacet
facet normal 0 0 1
outer loop
vertex 72.17894744873047 41.98836898803711 11.5
vertex 72.5538101196289 41.638092041015625 11.5
vertex 76.16575622558594 46.705772399902344 11.5
endloop
endfacet
facet normal 0 0 -1
outer loop
vertex -64.05667114257812 -73.00253295898438 -5.699999809265137
vertex -62.27212905883789 -72.08889770507812 -5.699999809265137
vertex -63.29659652709961 -73.24869537353516 -5.699999809265137
endloop
endfacet
facet normal 0 0 -1
outer loop
vertex -61.62189483642578 -72.14656829833984 -5.699999809265137
vertex -63.29659652709961 -73.24869537353516 -5.699999809265137
vertex -62.27212905883789 -72.08889770507812 -5.699999809265137
endloop
endfacet
facet normal -0.9261839110786843 -0.37707209238936557 -3.1237732896108804e-7
outer loop
vertex -69.3184814453125 -69.2499008178711 -3.700000047683716
vertex -69.10301971435547 -69.77912902832031 -3.700000047683716
vertex -69.45172882080078 -68.92262268066406 9.5
endloop
endfacet
facet normal -0.11896300187677071 -0.9928986877745722 0
outer loop
vertex -8.608565330505371 34.06245803833008 5.300000190734863
vertex -5.898500919342041 33.737754821777344 5.300000190734863
vertex -8.608565330505371 34.06245803833008 10.5
endloop
endfacet
facet normal 0.10273781876131588 -0.9947084701539378 4.2403994039557765e-7
outer loop
vertex -5.898500919342041 33.737754821777344 10.5
vertex -5.632370471954346 33.76523971557617 5.300000190734863
vertex -5.777431488037109 33.75025939941406 10.5
endloop
endfacet
facet normal 0 0 1
outer loop
vertex -67.67739868164062 -69.98829650878906 11.5
vertex -67.22340393066406 -70.64570617675781 11.5
vertex -61.67604064941406 -50.426090240478516 11.5
endloop
endfacet
facet normal 0.7730173408837032 0.6343848916021635 0
outer loop
vertex 13.05855655670166 -62.317684173583984 5.300000190734863
vertex 13.05855655670166 -62.317684173583984 11.441227912902832
vertex 13.082724571228027 -62.34713363647461 11.5
endloop
endfacet
facet normal 0.7730175566604948 0.6343846286714699 -2.0900104405986614e-9
outer loop
vertex 13.15182876586914 -62.431339263916016 11.5
vertex 13.05855655670166 -62.317684173583984 5.300000190734863
vertex 13.082724571228027 -62.34713363647461 11.5
endloop
endfacet
facet normal 0.4714081508281799 0.8819151633421187 0
outer loop
vertex 13.395146369934082 -62.59391784667969 11.5
vertex 13.265481948852539 -62.52460861206055 5.300000190734863
vertex 13.265481948852539 -62.52460861206055 11.5
endloop
endfacet
facet normal 0.2902803041466764 0.9569416622890411 0
outer loop
vertex 13.535841941833496 -62.6365966796875 11.5
vertex 13.395146369934082 -62.59391784667969 5.300000190734863
vertex 13.395146369934082 -62.59391784667969 11.5
endloop
endfacet
facet normal 0.6343794304811786 0.7730218225783638 0
outer loop
vertex 13.265481948852539 -62.52460861206055 11.5
vertex 13.15182876586914 -62.431339263916016 5.300000190734863
vertex 13.15182876586914 -62.431339263916016 11.5
endloop
endfacet
facet normal 0.09802328462763397 0.9951841214925055 0
outer loop
vertex 13.682159423828125 -62.65100860595703 11.5
vertex 13.535841941833496 -62.6365966796875 5.300000190734863
vertex 13.535841941833496 -62.6365966796875 11.5
endloop
endfacet
facet normal -0.09802328462763397 0.9951841214925055 0
outer loop
vertex 13.828476905822754 -62.6365966796875 11.5
vertex 13.682159423828125 -62.65100860595703 5.300000190734863
vertex 13.682159423828125 -62.65100860595703 11.5
endloop
endfacet
facet normal -0.7730175007500122 0.6343846968001396 0
outer loop
vertex 14.305761337280273 -62.317684173583984 11.434781074523926
vertex 14.212489128112793 -62.431339263916016 5.300000190734863
vertex 14.212489128112793 -62.431339263916016 11.5
endloop
endfacet
facet normal -0.29028210596386006 0.9569411157209133 0
outer loop
vertex 13.969171524047852 -62.59391784667969 11.5
vertex 13.828476905822754 -62.6365966796875 5.300000190734863
vertex 13.828476905822754 -62.6365966796875 11.5
endloop
endfacet
facet normal -0.471405454157962 0.881916604781952 0
outer loop
vertex 14.098836898803711 -62.52460861206055 11.5
vertex 13.969171524047852 -62.59391784667969 5.300000190734863
vertex 13.969171524047852 -62.59391784667969 11.5
endloop
endfacet
facet normal -0.6343826113995858 0.7730192121505403 0
outer loop
vertex 14.212489128112793 -62.431339263916016 11.5
vertex 14.098836898803711 -62.52460861206055 5.300000190734863
vertex 14.098836898803711 -62.52460861206055 11.5
endloop
endfacet
facet normal -0.7730121135409755 0.6343912609363694 0.00001914359022522344
outer loop
vertex 14.212489128112793 -62.431339263916016 11.5
vertex 14.27905559539795 -62.35022735595703 11.5
vertex 14.305761337280273 -62.317684173583984 11.434781074523926
endloop
endfacet
facet normal -0.9569409536158847 0.29028264035715434 0
outer loop
vertex 14.41774845123291 -62.047325134277344 10.893484115600586
vertex 14.375068664550781 -62.18802261352539 5.300000190734863
vertex 14.375068664550781 -62.18802261352539 11.175093650817871
endloop
endfacet
facet normal -0.8819162323750104 0.47140615086511845 0
outer loop
vertex 14.375068664550781 -62.18802261352539 11.175093650817871
vertex 14.305761337280273 -62.317684173583984 5.300000190734863
vertex 14.305761337280273 -62.317684173583984 11.434781074523926
endloop
endfacet
facet normal 0.9569427553947635 0.29027670057632554 0
outer loop
vertex 12.989249229431152 -62.18802261352539 11.182256698608398
vertex 12.989249229431152 -62.18802261352539 5.300000190734863
vertex 12.94657039642334 -62.047325134277344 10.90108871459961
endloop
endfacet
facet normal 0.8819162323750103 0.4714061508651184 0
outer loop
vertex 13.05855655670166 -62.317684173583984 5.300000190734863
vertex 12.989249229431152 -62.18802261352539 11.182256698608398
vertex 13.05855655670166 -62.317684173583984 11.441227912902832
endloop
endfacet
facet normal -0.9951846919156185 0.09801749321838116 0
outer loop
vertex 14.432159423828125 -61.90100860595703 10.600774765014648
vertex 14.41774845123291 -62.047325134277344 5.300000190734863
vertex 14.41774845123291 -62.047325134277344 10.893484115600586
endloop
endfacet
facet normal 0.9951846919156185 0.09801749321838116 0
outer loop
vertex 12.94657039642334 -62.047325134277344 10.90108871459961
vertex 12.94657039642334 -62.047325134277344 5.300000190734863
vertex 12.932159423828125 -61.90100860595703 10.608529090881348
endloop
endfacet
facet normal -0.9951848620210983 -0.09801576609937589 0
outer loop
vertex 14.42719554901123 -61.850608825683594 10.5
vertex 14.432159423828125 -61.90100860595703 5.300000190734863
vertex 14.432159423828125 -61.90100860595703 10.600774765014648
endloop
endfacet
facet normal 0.9951846907588929 -0.09801750496277031 0
outer loop
vertex 12.932159423828125 -61.90100860595703 10.608529090881348
vertex 12.93750286102295 -61.84675598144531 5.300000190734863
vertex 12.93750286102295 -61.84675598144531 10.5
endloop
endfacet
facet normal -0.8819162323750104 0.47140615086511845 0
outer loop
vertex 14.375068664550781 -62.18802261352539 5.300000190734863
vertex 14.305761337280273 -62.317684173583984 5.300000190734863
vertex 14.375068664550781 -62.18802261352539 11.175093650817871
endloop
endfacet
facet normal -0.7730175007500121 0.6343846968001395 0
outer loop
vertex 14.305761337280273 -62.317684173583984 5.300000190734863
vertex 14.212489128112793 -62.431339263916016 5.300000190734863
vertex 14.305761337280273 -62.317684173583984 11.434781074523926
endloop
endfacet
facet normal -0.6343826113995858 0.7730192121505403 0
outer loop
vertex 14.212489128112793 -62.431339263916016 5.300000190734863
vertex 14.098836898803711 -62.52460861206055 5.300000190734863
vertex 14.212489128112793 -62.431339263916016 11.5
endloop
endfacet
facet normal -0.471405454157962 0.881916604781952 0
outer loop
vertex 14.098836898803711 -62.52460861206055 5.300000190734863
vertex 13.969171524047852 -62.59391784667969 5.300000190734863
vertex 14.098836898803711 -62.52460861206055 11.5
endloop
endfacet
facet normal -0.29028210596386006 0.9569411157209133 0
outer loop
vertex 13.969171524047852 -62.59391784667969 5.300000190734863
vertex 13.828476905822754 -62.6365966796875 5.300000190734863
vertex 13.969171524047852 -62.59391784667969 11.5
endloop
endfacet
facet normal 0.8819162323750104 0.47140615086511845 0
outer loop
vertex 12.989249229431152 -62.18802261352539 5.300000190734863
vertex 12.989249229431152 -62.18802261352539 11.182256698608398
vertex 13.05855655670166 -62.317684173583984 5.300000190734863
endloop
endfacet
facet normal -0.09802328462763397 0.9951841214925055 0
outer loop
vertex 13.828476905822754 -62.6365966796875 5.300000190734863
vertex 13.682159423828125 -62.65100860595703 5.300000190734863
vertex 13.828476905822754 -62.6365966796875 11.5
endloop
endfacet
facet normal 0.09802328462763397 0.9951841214925055 0
outer loop
vertex 13.682159423828125 -62.65100860595703 5.300000190734863
vertex 13.535841941833496 -62.6365966796875 5.300000190734863
vertex 13.682159423828125 -62.65100860595703 11.5
endloop
endfacet
facet normal 0.2902803041466764 0.9569416622890411 0
outer loop
vertex 13.535841941833496 -62.6365966796875 5.300000190734863
vertex 13.395146369934082 -62.59391784667969 5.300000190734863
vertex 13.535841941833496 -62.6365966796875 11.5
endloop
endfacet
facet normal 0.6343794304811786 0.7730218225783638 0
outer loop
vertex 13.265481948852539 -62.52460861206055 5.300000190734863
vertex 13.15182876586914 -62.431339263916016 5.300000190734863
vertex 13.265481948852539 -62.52460861206055 11.5
endloop
endfacet
facet normal 0.4714081508281799 0.8819151633421187 0
outer loop
vertex 13.395146369934082 -62.59391784667969 5.300000190734863
vertex 13.265481948852539 -62.52460861206055 5.300000190734863
vertex 13.395146369934082 -62.59391784667969 11.5
endloop
endfacet
facet normal 0.7730175007500122 0.6343846968001396 0
outer loop
vertex 13.15182876586914 -62.431339263916016 5.300000190734863
vertex 13.05855655670166 -62.317684173583984 5.300000190734863
vertex 13.15182876586914 -62.431339263916016 11.5
endloop
endfacet
facet normal -0.9951846919156184 0.09801749321838116 0
outer loop
vertex 14.432159423828125 -61.90100860595703 5.300000190734863
vertex 14.41774845123291 -62.047325134277344 5.300000190734863
vertex 14.432159423828125 -61.90100860595703 10.600774765014648
endloop
endfacet
facet normal -0.9569409536158848 0.29028264035715434 0
outer loop
vertex 14.41774845123291 -62.047325134277344 5.300000190734863
vertex 14.375068664550781 -62.18802261352539 5.300000190734863
vertex 14.41774845123291 -62.047325134277344 10.893484115600586
endloop
endfacet
facet normal -0.9951848620210982 -0.09801576609937587 0
outer loop
vertex 14.42719554901123 -61.850608825683594 5.300000190734863
vertex 14.432159423828125 -61.90100860595703 5.300000190734863
vertex 14.42719554901123 -61.850608825683594 10.5
endloop
endfacet
facet normal 0.9569427553947636 0.29027670057632554 0
outer loop
vertex 12.94657039642334 -62.047325134277344 5.300000190734863
vertex 12.94657039642334 -62.047325134277344 10.90108871459961
vertex 12.989249229431152 -62.18802261352539 5.300000190734863
endloop
endfacet
facet normal 0.9951846919156185 0.09801749321838117 0
outer loop
vertex 12.932159423828125 -61.90100860595703 5.300000190734863
vertex 12.932159423828125 -61.90100860595703 10.608529090881348
vertex 12.94657039642334 -62.047325134277344 5.300000190734863
endloop
endfacet
facet normal 0.9951846907588928 -0.0980175049627703 0
outer loop
vertex 12.932159423828125 -61.90100860595703 5.300000190734863
vertex 12.93750286102295 -61.84675598144531 5.300000190734863
vertex 12.932159423828125 -61.90100860595703 10.608529090881348
endloop
endfacet
facet normal -0.6176007289873032 -0.7864917924265654 0
outer loop
vertex -42.226627349853516 56.5693244934082 -5.699999809265137
vertex -41.174644470214844 55.74324417114258 -5.699999809265137
vertex -41.174644470214844 55.74324417114258 0
endloop
endfacet
facet normal -0.4249808761984567 0.9052023281375231 0
outer loop
vertex 2.378100633621216 -67.57559967041016 -3.450000047683716
vertex 1.999854326248169 -67.75318145751953 -3.450000047683716
vertex 2.378100633621216 -67.57559967041016 0
endloop
endfacet
facet normal -0.35671185267872146 -0.9342144583330502 0
outer loop
vertex -59.4152946472168 66.48646545410156 0
vertex -60.33884048461914 66.83910369873047 -5.699999809265137
vertex -59.4152946472168 66.48646545410156 -5.699999809265137
endloop
endfacet
facet normal -0.5005676658835444 -0.8656974135754503 8.222464970916478e-7
outer loop
vertex -58.998695373535156 66.26734924316406 -5.699999809265137
vertex -42.226627349853516 56.5693244934082 -5.699999809265137
vertex -50.68920135498047 61.46259689331055 -2.8499999046325684
endloop
endfacet
facet normal 0.5914011569531261 0.8063774994098631 0
outer loop
vertex -64.69725799560547 -71.17432403564453 -5.699999809265137
vertex -65.2236557006836 -70.78826141357422 -5.699999809265137
vertex -65.2236557006836 -70.78826141357422 0
endloop
endfacet
facet normal 0.6755234908531071 0.7373384659066907 0
outer loop
vertex -65.2236557006836 -70.78826141357422 -5.699999809265137
vertex -65.7049789428711 -70.3472900390625 -5.699999809265137
vertex -65.7049789428711 -70.3472900390625 0
endloop
endfacet
facet normal 0.998163795062302 0.060572586430024195 0
outer loop
vertex -67.41783905029297 -66.1335220336914 -5.699999809265137
vertex -67.41783905029297 -66.1335220336914 -1
vertex -67.37266540527344 -66.8779296875 -5.699999809265137
endloop
endfacet
facet normal 0.8188534317179749 0.5740026632026162 0
outer loop
vertex -66.13554382324219 -69.85662841796875 -5.699999809265137
vertex -66.51024627685547 -69.32209014892578 -5.699999809265137
vertex -66.51024627685547 -69.32209014892578 0
endloop
endfacet
facet normal 0.9235168435688668 0.38355787000737895 0
outer loop
vertex -66.82464599609375 -68.75 -5.699999809265137
vertex -67.07502746582031 -68.14714050292969 -5.699999809265137
vertex -67.07502746582031 -68.14714050292969 0
endloop
endfacet
facet normal 0.8763774860875949 0.4816248559603081 0
outer loop
vertex -66.51024627685547 -69.32209014892578 -5.699999809265137
vertex -66.82464599609375 -68.75 -5.699999809265137
vertex -66.82464599609375 -68.75 0
endloop
endfacet
facet normal 0.7516376320563027 0.6595762807111806 0
outer loop
vertex -65.7049789428711 -70.3472900390625 -5.699999809265137
vertex -66.13554382324219 -69.85662841796875 -5.699999809265137
vertex -66.13554382324219 -69.85662841796875 0
endloop
endfacet
facet normal 0.9597246491133413 0.2809423390738285 0
outer loop
vertex -67.07502746582031 -68.14714050292969 -5.699999809265137
vertex -67.2584228515625 -67.52064514160156 -5.699999809265137
vertex -67.2584228515625 -67.52064514160156 0
endloop
endfacet
facet normal 0.9845672517459302 0.1750066478436357 0
outer loop
vertex -67.2584228515625 -67.52064514160156 -5.699999809265137
vertex -67.37266540527344 -66.8779296875 -5.699999809265137
vertex -67.37266540527344 -66.8779296875 0
endloop
endfacet
facet normal 0.5002943436360694 0.8658553976997282 0
outer loop
vertex -64.13204193115234 -71.50090789794922 -5.699999809265137
vertex -64.69725799560547 -71.17432403564453 -5.699999809265137
vertex -64.69725799560547 -71.17432403564453 0
endloop
endfacet
facet normal 0.40324869835225335 0.915090425737923 0
outer loop
vertex -63.5346794128418 -71.76414489746094 -5.699999809265137
vertex -64.13204193115234 -71.50090789794922 -5.699999809265137
vertex -64.13204193115234 -71.50090789794922 0
endloop
endfacet
facet normal 0.30143899041570765 0.9534854666208389 0
outer loop
vertex -62.91225051879883 -71.96092224121094 -5.699999809265137
vertex -63.5346794128418 -71.76414489746094 -5.699999809265137
vertex -63.5346794128418 -71.76414489746094 0
endloop
endfacet
facet normal 0.19604421223546628 0.9805950575283232 0
outer loop
vertex -62.27212905883789 -72.08889770507812 -5.699999809265137
vertex -62.91225051879883 -71.96092224121094 -5.699999809265137
vertex -62.91225051879883 -71.96092224121094 0
endloop
endfacet
facet normal 0.0883452367943779 0.9960899151862472 0
outer loop
vertex -61.62189483642578 -72.14656829833984 -5.699999809265137
vertex -62.27212905883789 -72.08889770507812 -5.699999809265137
vertex -62.27212905883789 -72.08889770507812 0
endloop
endfacet
facet normal 0.7516376320563027 0.6595762807111806 0
outer loop
vertex -65.7049789428711 -70.3472900390625 0
vertex -65.7049789428711 -70.3472900390625 -5.699999809265137
vertex -66.13554382324219 -69.85662841796875 0
endloop
endfacet
facet normal 0.6755234908531071 0.7373384659066907 0
outer loop
vertex -65.2236557006836 -70.78826141357422 0
vertex -65.2236557006836 -70.78826141357422 -5.699999809265137
vertex -65.7049789428711 -70.3472900390625 0
endloop
endfacet
facet normal 0.998164147837528 0.06056677282906309 9.2417561079503e-7
outer loop
vertex -67.41783905029297 -66.1335220336914 -1
vertex -67.41783905029297 -66.13353729248047 0
vertex -67.37266540527344 -66.8779296875 -5.699999809265137
endloop
endfacet
facet normal 0.8188534317179749 0.5740026632026162 0
outer loop
vertex -66.13554382324219 -69.85662841796875 0
vertex -66.13554382324219 -69.85662841796875 -5.699999809265137
vertex -66.51024627685547 -69.32209014892578 0
endloop
endfacet
facet normal 0.8763774860875949 0.4816248559603081 0
outer loop
vertex -66.51024627685547 -69.32209014892578 0
vertex -66.51024627685547 -69.32209014892578 -5.699999809265137
vertex -66.82464599609375 -68.75 0
endloop
endfacet
facet normal 0.9235168435688668 0.38355787000737895 0
outer loop
vertex -66.82464599609375 -68.75 0
vertex -66.82464599609375 -68.75 -5.699999809265137
vertex -67.07502746582031 -68.14714050292969 0
endloop
endfacet
facet normal 0.9597246491133413 0.2809423390738285 0
outer loop
vertex -67.07502746582031 -68.14714050292969 0
vertex -67.07502746582031 -68.14714050292969 -5.699999809265137
vertex -67.2584228515625 -67.52064514160156 0
endloop
endfacet
facet normal 0.9845672517459302 0.1750066478436357 0
outer loop
vertex -67.2584228515625 -67.52064514160156 0
vertex -67.2584228515625 -67.52064514160156 -5.699999809265137
vertex -67.37266540527344 -66.8779296875 0
endloop
endfacet
facet normal 0.9981637199905427 0.06057382351017232 0
outer loop
vertex -67.37266540527344 -66.8779296875 0
vertex -67.37266540527344 -66.8779296875 -5.699999809265137
vertex -67.41783905029297 -66.13353729248047 0
endloop
endfacet
facet normal 0.5002943436360694 0.8658553976997282 0
outer loop
vertex -64.13204193115234 -71.50090789794922 0
vertex -64.13204193115234 -71.50090789794922 -5.699999809265137
vertex -64.69725799560547 -71.17432403564453 0
endloop
endfacet
facet normal 0.5914011569531261 0.8063774994098631 0
outer loop
vertex -64.69725799560547 -71.17432403564453 0
vertex -64.69725799560547 -71.17432403564453 -5.699999809265137
vertex -65.2236557006836 -70.78826141357422 0
endloop
endfacet
facet normal 0.40324869835225335 0.915090425737923 0
outer loop
vertex -63.5346794128418 -71.76414489746094 0
vertex -63.5346794128418 -71.76414489746094 -5.699999809265137
vertex -64.13204193115234 -71.50090789794922 0
endloop
endfacet
facet normal 0.30143899041570765 0.9534854666208389 0
outer loop
vertex -62.91225051879883 -71.96092224121094 0
vertex -62.91225051879883 -71.96092224121094 -5.699999809265137
vertex -63.5346794128418 -71.76414489746094 0
endloop
endfacet
facet normal 0.19604421223546628 0.9805950575283232 0
outer loop
vertex -62.27212905883789 -72.08889770507812 0
vertex -62.27212905883789 -72.08889770507812 -5.699999809265137
vertex -62.91225051879883 -71.96092224121094 0
endloop
endfacet
facet normal 0.0883452367943779 0.9960899151862472 0
outer loop
vertex -61.62189483642578 -72.14656829833984 -5.699999809265137
vertex -62.27212905883789 -72.08889770507812 0
vertex -61.62189483642578 -72.14656829833984 0
endloop
endfacet
facet normal 0.999999999317631 0.00003694236105745984 0
outer loop
vertex -67.41783905029297 -66.1335220336914 -1
vertex -67.41783905029297 -66.1335220336914 -5.699999809265137
vertex -67.41854095458984 -47.13353729248047 -1
endloop
endfacet
facet normal 0.9999999993409405 0.000036172143205790215 0.0000031136442636963562
outer loop
vertex -67.41854095458984 -47.13353729248047 -1
vertex -67.41783905029297 -66.1335220336914 -5.699999809265137
vertex -67.41858673095703 -45.86802291870117 -1
endloop
endfacet
facet normal 0.9999999993008382 0.000037343878468956376 -0.0000019386538070121143
outer loop
vertex -67.41858673095703 -45.86802291870117 -1
vertex -67.41783905029297 -66.1335220336914 -5.699999809265137
vertex -67.41929626464844 -26.868022918701172 -1
endloop
endfacet
facet normal 0.9999999993149732 0.00003617214320485092 0.000007850446589467898
outer loop
vertex -67.41929626464844 -26.868022918701172 -1
vertex -67.41783905029297 -66.1335220336914 -5.699999809265137
vertex -67.41934204101562 -25.602508544921875 -1
endloop
endfacet
facet normal 0.0000212753171343144 0.9999999997730106 -0.0000011575187572465631
outer loop
vertex -4.2453999519348145 -72.14778900146484 -5.699999809265137
vertex -61.62189483642578 -72.14656829833984 -5.699999809265137
vertex -56.39742660522461 -72.14667510986328 -1.9500000476837158
endloop
endfacet
facet normal 0.000020444477540754478 0.9999999997910116 0
outer loop
vertex -56.39742660522461 -72.14667510986328 -1.9500000476837158
vertex -61.62189483642578 -72.14656829833984 -5.699999809265137
vertex -61.62189483642578 -72.14656829833984 0
endloop
endfacet
facet normal 0.9999999993457881 0.00003617214320596556 0
outer loop
vertex -67.41858673095703 -45.86802291870117 -1
vertex -67.41858673095703 -45.86802291870117 0
vertex -67.41854095458984 -47.13353729248047 -1
endloop
endfacet
facet normal 0.9999999993457881 0.00003617214320596556 0
outer loop
vertex -67.41854095458984 -47.13353729248047 0
vertex -67.41854095458984 -47.13353729248047 -1
vertex -67.41858673095703 -45.86802291870117 0
endloop
endfacet
facet normal 0.000020444477540754478 0.9999999997910116 0
outer loop
vertex -56.39742660522461 -72.14667510986328 -0.44999998807907104
vertex -56.39742660522461 -72.14667510986328 -1.9500000476837158
vertex -61.62189483642578 -72.14656829833984 0
endloop
endfacet
facet normal 0.00002044447754075448 0.9999999997910117 0
outer loop
vertex -56.39742660522461 -72.14667510986328 -0.44999998807907104
vertex -61.62189483642578 -72.14656829833984 0
vertex -56.39742660522461 -72.14667510986328 0
endloop
endfacet
facet normal 0.9999999993169016 0.000036942333243499195 0.0000012086201832341525
outer loop
vertex -67.41934204101562 -25.602508544921875 -1
vertex -67.41783905029297 -66.1335220336914 -5.699999809265137
vertex -67.4200439453125 -6.602509498596191 -1
endloop
endfacet
facet normal 0.999999999285685 0.00003617215683321273 0.000010963808125111423
outer loop
vertex -67.4200439453125 -6.602509498596191 -1
vertex -67.41783905029297 -66.1335220336914 -5.699999809265137
vertex -67.42008972167969 -5.336995601654053 -1
endloop
endfacet
facet normal 0.9999999993160408 0.000036985342264132826 5.2072881741865744e-8
outer loop
vertex -67.41783905029297 -66.1335220336914 -5.699999809265137
vertex -67.42153930664062 33.91304016113281 -5.699999809265137
vertex -67.42083740234375 14.928518295288086 -1
endloop
endfacet
facet normal 0.9999999993171308 0.00003694233231637726 0.0000010012557955473274
outer loop
vertex -67.42008972167969 -5.336995601654053 -1
vertex -67.41783905029297 -66.1335220336914 -5.699999809265137
vertex -67.42079162597656 13.663003921508789 -1
endloop
endfacet
facet normal 0.9999999992466997 0.00003617214320238132 0.000014077514925661122
outer loop
vertex -67.42079162597656 13.663003921508789 -1
vertex -67.41783905029297 -66.1335220336914 -5.699999809265137
vertex -67.42083740234375 14.928518295288086 -1
endloop
endfacet
facet normal 0.9999999993457881 0.00003617214320596556 0
outer loop
vertex -67.41929626464844 -26.868022918701172 3.233763083698715e-14
vertex -67.41929626464844 -26.868022918701172 -1
vertex -67.41934204101562 -25.602508544921875 -1
endloop
endfacet
facet normal 0.9999999993457881 0.00003617214320596556 0
outer loop
vertex -67.41929626464844 -26.868022918701172 3.233763083698715e-14
vertex -67.41934204101562 -25.602508544921875 -1
vertex -67.41934204101562 -25.602508544921875 0
endloop
endfacet
facet normal 0.9999999993457874 0.000036172156835386765 0
outer loop
vertex -67.4200439453125 -6.602509498596191 2.5584057577543798e-14
vertex -67.4200439453125 -6.602509498596191 -1
vertex -67.42008972167969 -5.336995601654053 -1
endloop
endfacet
facet normal 0.9999999993457874 0.000036172156835386765 0
outer loop
vertex -67.4200439453125 -6.602509498596191 2.5584057577543798e-14
vertex -67.42008972167969 -5.336995601654053 -1
vertex -67.42008972167969 -5.336995601654053 0
endloop
endfacet
facet normal 0.000020980834956030198 0.9999999997661055 -0.000005252943658454702
outer loop
vertex -4.2453999519348145 -72.14778900146484 -5.699999809265137
vertex -56.39742660522461 -72.14667510986328 -1.9500000476837158
vertex -48.39742660522461 -72.14684295654297 -1.9500000476837158
endloop
endfacet
facet normal 0.00002142698746507795 0.9999999997704421 0
outer loop
vertex -4.2453999519348145 -72.14778900146484 -5.699999809265137
vertex -48.39742660522461 -72.14684295654297 -1.9500000476837158
vertex -48.39742660522461 -72.14684295654297 -0.44999998807907104
endloop
endfacet
facet normal -0.07544850495738763 0.9971496994432155 0
outer loop
vertex -3.690922975540161 -72.1058349609375 -5.699999809265137
vertex -4.2453999519348145 -72.14778900146484 -5.699999809265137
vertex -4.2453999519348145 -72.14778900146484 0
endloop
endfacet
facet normal -0.1750066478436357 0.9845672517459302 0
outer loop
vertex -3.0482075214385986 -71.99159240722656 -5.699999809265137
vertex -3.690922975540161 -72.1058349609375 -5.699999809265137
vertex -3.690922975540161 -72.1058349609375 0
endloop
endfacet
facet normal -0.2809412558360189 0.9597249662112999 0
outer loop
vertex -2.4217095375061035 -71.80819702148438 -5.699999809265137
vertex -3.0482075214385986 -71.99159240722656 -5.699999809265137
vertex -3.0482075214385986 -71.99159240722656 0
endloop
endfacet
facet normal -0.38355664096498954 0.9235173540175918 0
outer loop
vertex -1.8188477754592896 -71.55781555175781 -5.699999809265137
vertex -2.4217095375061035 -71.80819702148438 -5.699999809265137
vertex -2.4217095375061035 -71.80819702148438 0
endloop
endfacet
facet normal 0.00002142698746507795 0.9999999997704421 0
outer loop
vertex -4.2453999519348145 -72.14778900146484 -5.699999809265137
vertex -48.39742660522461 -72.14684295654297 -0.44999998807907104
vertex -4.2453999519348145 -72.14778900146484 0
endloop
endfacet
facet normal -0.38484100947082833 0.922982866605171 -0.00015931972540482542
outer loop
vertex -1.817840814590454 -71.55726623535156 -4.949999809265137
vertex -1.8188477754592896 -71.55781555175781 -5.699999809265137
vertex -2.4217095375061035 -71.80819702148438 0
endloop
endfacet
facet normal -0.4816353994262834 0.8763716917033323 -7.23768117280672e-7
outer loop
vertex -1.7036601305007935 -71.49451446533203 -4.375974655151367
vertex -1.817840814590454 -71.55726623535156 -4.949999809265137
vertex -1.8188477754592896 -71.55781555175781 0
endloop
endfacet
facet normal -0.48163992361887775 0.8763692052871491 -8.788247593895876e-7
outer loop
vertex -1.3785009384155273 -71.31581115722656 -3.8893399238586426
vertex -1.7036601305007935 -71.49451446533203 -4.375974655151367
vertex -1.8188477754592896 -71.55781555175781 0
endloop
endfacet
facet normal -0.48160404496541454 0.8763889227126854 0.000004410184584422987
outer loop
vertex -1.2467602491378784 -71.24341583251953 -3.8013134002685547
vertex -1.3785009384155273 -71.31581115722656 -3.8893399238586426
vertex -1.8188477754592896 -71.55781555175781 0
endloop
endfacet
facet normal -0.5740093115223448 0.8188487713159517 0
outer loop
vertex -0.8918659687042236 -70.99463653564453 -3.564180612564087
vertex -1.2467602491378784 -71.24341583251953 -3.8013134002685547
vertex -1.2467602491378784 -71.24341583251953 0
endloop
endfacet
facet normal -0.5739880347454863 0.8188636858226351 0.0000031596117377977012
outer loop
vertex -0.712221086025238 -70.86871337890625 -3.528447151184082
vertex -0.8918659687042236 -70.99463653564453 -3.564180612564087
vertex -1.2467602491378784 -71.24341583251953 0
endloop
endfacet
facet normal -0.6630520764569965 -0.7485732722359685 0
outer loop
vertex -5.8148722648620605 42.99631881713867 0
vertex -5.8148722648620605 42.99631881713867 -5.699999809265137
vertex -5.0760111808776855 42.34186935424805 0
endloop
endfacet
facet normal -0.39737089751272475 -0.9176580898188234 0
outer loop
vertex -7.487320899963379 43.875423431396484 0
vertex -7.487320899963379 43.875423431396484 -5.699999809265137
vertex -6.581567764282227 43.48320770263672 0
endloop
endfacet
facet normal -0.5360851081272514 -0.8441639395545115 0
outer loop
vertex -6.581567764282227 43.48320770263672 0
vertex -6.581567764282227 43.48320770263672 -5.699999809265137
vertex -5.8148722648620605 42.99631881713867 0
endloop
endfacet
facet normal -0.060707778551385136 -0.9981555818725636 0
outer loop
vertex -2.209458589553833 39.86943817138672 0
vertex -2.209458589553833 39.86943817138672 -5.699999809265137
vertex -1.873273253440857 39.84899139404297 0
endloop
endfacet
facet normal -0.6171266358678754 -0.7868638480082809 0
outer loop
vertex -3.704188108444214 40.559837341308594 0
vertex -3.704188108444214 40.559837341308594 -5.699999809265137
vertex -3.3753879070281982 40.301963806152344 0
endloop
endfacet
facet normal -0.7720325380790511 -0.6355830080699283 0
outer loop
vertex -5.0760111808776855 42.34186935424805 0
vertex -5.0760111808776855 42.34186935424805 -5.699999809265137
vertex -4.49875545501709 41.64068603515625 0
endloop
endfacet
facet normal -0.8357099682604303 -0.5491710561839094 0
outer loop
vertex -4.49875545501709 41.64068603515625 0
vertex -4.49875545501709 41.64068603515625 -5.699999809265137
vertex -3.989259719848633 40.865352630615234 0
endloop
endfacet
facet normal -0.7311459761174756 -0.6822210503987867 0
outer loop
vertex -3.989259719848633 40.865352630615234 0
vertex -3.989259719848633 40.865352630615234 -5.699999809265137
vertex -3.704188108444214 40.559837341308594 0
endloop
endfacet
facet normal -0.19897813188763164 -0.9800039301097258 0
outer loop
vertex -2.6189637184143066 39.95258331298828 0
vertex -2.6189637184143066 39.95258331298828 -5.699999809265137
vertex -2.209458589553833 39.86943817138672 0
endloop
endfacet
facet normal -0.3478104389589885 -0.9375648769824709 0
outer loop
vertex -3.010734796524048 40.09791946411133 0
vertex -3.010734796524048 40.09791946411133 -5.699999809265137
vertex -2.6189637184143066 39.95258331298828 0
endloop
endfacet
facet normal -0.488309298485703 -0.8726706303138662 0
outer loop
vertex -3.3753879070281982 40.301963806152344 0
vertex -3.3753879070281982 40.301963806152344 -5.699999809265137
vertex -3.010734796524048 40.09791946411133 0
endloop
endfacet
facet normal -0.25957108289207165 -0.9657240045304027 0
outer loop
vertex -23.275676727294922 48.11907958984375 0
vertex -23.275676727294922 48.11907958984375 -5.699999809265137
vertex -7.487320899963379 43.875423431396484 0
endloop
endfacet
facet normal -0.6595771093614422 0.7516369048991701 0
outer loop
vertex -0.3178407847881317 -70.52263641357422 -3.450000047683716
vertex -0.712221086025238 -70.86871337890625 -3.528447151184082
vertex -0.712221086025238 -70.86871337890625 0
endloop
endfacet
facet normal -0.6595739821910663 0.7516396490450853 0
outer loop
vertex -0.22155974805355072 -70.43814849853516 -3.450000047683716
vertex -0.3178407847881317 -70.52263641357422 -3.450000047683716
vertex -0.22155974805355072 -70.43814849853516 0
endloop
endfacet
facet normal -0.07544850495738763 0.9971496994432155 0
outer loop
vertex -3.690922975540161 -72.1058349609375 0
vertex -3.690922975540161 -72.1058349609375 -5.699999809265137
vertex -4.2453999519348145 -72.14778900146484 0
endloop
endfacet
facet normal -0.1750066478436357 0.9845672517459302 0
outer loop
vertex -3.0482075214385986 -71.99159240722656 0
vertex -3.0482075214385986 -71.99159240722656 -5.699999809265137
vertex -3.690922975540161 -72.1058349609375 0
endloop
endfacet
facet normal -0.2809412558360189 0.9597249662112999 0
outer loop
vertex -2.4217095375061035 -71.80819702148438 0
vertex -2.4217095375061035 -71.80819702148438 -5.699999809265137
vertex -3.0482075214385986 -71.99159240722656 0
endloop
endfacet
facet normal -0.38355664085025076 0.9235173537413269 0.00002445994145735039
outer loop
vertex -1.817840814590454 -71.55726623535156 -4.949999809265137
vertex -2.4217095375061035 -71.80819702148438 0
vertex -1.8188477754592896 -71.55781555175781 0
endloop
endfacet
facet normal 0.00002142698746507795 0.9999999997704422 0
outer loop
vertex -4.2453999519348145 -72.14778900146484 0
vertex -48.39742660522461 -72.14684295654297 -0.44999998807907104
vertex -48.39742660522461 -72.14684295654297 0
endloop
endfacet
facet normal -0.4816265517067933 0.8763765541655159 0
outer loop
vertex -1.2467602491378784 -71.24341583251953 0
vertex -1.2467602491378784 -71.24341583251953 -3.8013134002685547
vertex -1.8188477754592896 -71.55781555175781 0
endloop
endfacet
facet normal -0.6630520764569965 -0.7485732722359685 0
outer loop
vertex -5.8148722648620605 42.99631881713867 -5.699999809265137
vertex -5.0760111808776855 42.34186935424805 -5.699999809265137
vertex -5.0760111808776855 42.34186935424805 0
endloop
endfacet
facet normal -0.5360851081272514 -0.8441639395545115 0
outer loop
vertex -6.581567764282227 43.48320770263672 -5.699999809265137
vertex -5.8148722648620605 42.99631881713867 -5.699999809265137
vertex -5.8148722648620605 42.99631881713867 0
endloop
endfacet
facet normal -0.39737089751272475 -0.9176580898188234 0
outer loop
vertex -7.487320899963379 43.875423431396484 -5.699999809265137
vertex -6.581567764282227 43.48320770263672 -5.699999809265137
vertex -6.581567764282227 43.48320770263672 0
endloop
endfacet
facet normal -0.5740020194508301 0.8188538829769136 0
outer loop
vertex -0.712221086025238 -70.86871337890625 0
vertex -0.712221086025238 -70.86871337890625 -3.528447151184082
vertex -1.2467602491378784 -71.24341583251953 0
endloop
endfacet
facet normal -0.6595764957286576 0.7516374433743229 1.241618907917209e-7
outer loop
vertex -0.22155974805355072 -70.43814849853516 0
vertex -0.3178407847881317 -70.52263641357422 -3.450000047683716
vertex -0.712221086025238 -70.86871337890625 0
endloop
endfacet
facet normal -0.7373420596203798 0.6755195682693258 0
outer loop
vertex -0.22155974805355072 -70.43814849853516 -3.450000047683716
vertex -0.22155974805355072 -70.43814849853516 0
vertex 0.2194139063358307 -69.95681762695312 0
endloop
endfacet
facet normal -0.00033105738054921903 -0.9999999452005038 0
outer loop
vertex 66.3545150756836 46.96314239501953 -1.0499999523162842
vertex 66.3545150756836 46.96314239501953 -2.8499999046325684
vertex 71.96610260009766 46.96128463745117 0
endloop
endfacet
facet normal -0.0003311290025763294 -0.9999999451767171 3.8277460595024577e-7
outer loop
vertex 33.59206771850586 46.97399139404297 0
vertex 66.3545150756836 46.96314239501953 -1.0499999523162842
vertex 71.96610260009766 46.96128463745117 0
endloop
endfacet
facet normal -0.0003306072183700058 -0.9999999452105933 0.00001666365911579771
outer loop
vertex 33.59206771850586 46.97399139404297 0
vertex 62.7545166015625 46.964332580566406 -1.0499999523162842
vertex 66.3545150756836 46.96314239501953 -1.0499999523162842
endloop
endfacet
facet normal -0.7028096271637406 -0.7113779782689116 0
outer loop
vertex 75.43121337890625 45.576148986816406 0
vertex 75.43121337890625 45.576148986816406 -5.699999809265137
vertex 76.13336181640625 44.8824577331543 0
endloop
endfacet
facet normal -0.8891954471908634 -0.45752754747123214 0
outer loop
vertex 76.67159271240234 44.15089416503906 0
vertex 76.67159271240234 44.15089416503906 -5.699999809265137
vertex 77.12318420410156 43.27323532104492 0
endloop
endfacet
facet normal -0.949840731632363 -0.3127340476061044 0
outer loop
vertex 77.12318420410156 43.27323532104492 0
vertex 77.12318420410156 43.27323532104492 -5.699999809265137
vertex 77.40721893310547 42.410560607910156 0
endloop
endfacet
facet normal -0.805484660902931 -0.592616622320105 0
outer loop
vertex 76.13336181640625 44.8824577331543 0
vertex 76.13336181640625 44.8824577331543 -5.699999809265137
vertex 76.67159271240234 44.15089416503906 0
endloop
endfacet
facet normal -0.060707778551385136 -0.9981555818725636 0
outer loop
vertex -2.209458589553833 39.86943817138672 -5.699999809265137
vertex -1.873273253440857 39.84899139404297 -5.699999809265137
vertex -1.873273253440857 39.84899139404297 0
endloop
endfacet
facet normal -0.19897813188763164 -0.9800039301097258 0
outer loop
vertex -2.6189637184143066 39.95258331298828 -5.699999809265137
vertex -2.209458589553833 39.86943817138672 -5.699999809265137
vertex -2.209458589553833 39.86943817138672 0
endloop
endfacet
facet normal -0.6171266358678754 -0.7868638480082809 0
outer loop
vertex -3.704188108444214 40.559837341308594 -5.699999809265137
vertex -3.3753879070281982 40.301963806152344 -5.699999809265137
vertex -3.3753879070281982 40.301963806152344 0
endloop
endfacet
facet normal -0.7720325380790511 -0.6355830080699283 0
outer loop
vertex -5.0760111808776855 42.34186935424805 -5.699999809265137
vertex -4.49875545501709 41.64068603515625 -5.699999809265137
vertex -4.49875545501709 41.64068603515625 0
endloop
endfacet
facet normal -0.8357099682604303 -0.5491710561839094 0
outer loop
vertex -4.49875545501709 41.64068603515625 -5.699999809265137
vertex -3.989259719848633 40.865352630615234 -5.699999809265137
vertex -3.989259719848633 40.865352630615234 0
endloop
endfacet
facet normal -0.7311459761174756 -0.6822210503987867 0
outer loop
vertex -3.989259719848633 40.865352630615234 -5.699999809265137
vertex -3.704188108444214 40.559837341308594 -5.699999809265137
vertex -3.704188108444214 40.559837341308594 0
endloop
endfacet
facet normal -0.3478104389589885 -0.9375648769824709 0
outer loop
vertex -3.010734796524048 40.09791946411133 -5.699999809265137
vertex -2.6189637184143066 39.95258331298828 -5.699999809265137
vertex -2.6189637184143066 39.95258331298828 0
endloop
endfacet
facet normal -0.488309298485703 -0.8726706303138662 0
outer loop
vertex -3.3753879070281982 40.301963806152344 -5.699999809265137
vertex -3.010734796524048 40.09791946411133 -5.699999809265137
vertex -3.010734796524048 40.09791946411133 0
endloop
endfacet
facet normal -0.5812362071652315 -0.8137348901701192 0
outer loop
vertex 74.69215393066406 46.10404586791992 0
vertex 74.69215393066406 46.10404586791992 -5.699999809265137
vertex 75.43121337890625 45.576148986816406 0
endloop
endfacet
facet normal -0.4467250132909466 -0.8946713153444698 0
outer loop
vertex 73.80908966064453 46.54497528076172 0
vertex 73.80908966064453 46.54497528076172 -5.699999809265137
vertex 74.69215393066406 46.10404586791992 0
endloop
endfacet
facet normal -0.29934382334547077 -0.9541453114829604 0
outer loop
vertex 72.9425048828125 46.81684875488281 0
vertex 72.9425048828125 46.81684875488281 -5.699999809265137
vertex 73.80908966064453 46.54497528076172 0
endloop
endfacet
facet normal -0.1463342138237353 -0.9892352085649747 0
outer loop
vertex 71.96610260009766 46.96128463745117 0
vertex 71.96610260009766 46.96128463745117 -5.699999809265137
vertex 72.9425048828125 46.81684875488281 0
endloop
endfacet
facet normal -0.00033105738054921903 -0.9999999452005038 0
outer loop
vertex 66.3545150756836 46.96314239501953 -2.8499999046325684
vertex 71.96610260009766 46.96128463745117 -5.699999809265137
vertex 71.96610260009766 46.96128463745117 0
endloop
endfacet
facet normal -0.9874081518146938 -0.15819336816027005 0
outer loop
vertex 77.40721893310547 42.410560607910156 0
vertex 77.40721893310547 42.410560607910156 -5.699999809265137
vertex 77.56360626220703 41.434425354003906 0
endloop
endfacet
facet normal -0.9992229408065283 -0.03941464912888617 0
outer loop
vertex 77.56360626220703 41.434425354003906 0
vertex 77.56360626220703 41.434425354003906 -5.699999809265137
vertex 77.58216094970703 40.96403503417969 0
endloop
endfacet
facet normal -0.9992229408065284 -0.039414649128886176 0
outer loop
vertex 77.56360626220703 41.434425354003906 -5.699999809265137
vertex 77.58216094970703 40.96403503417969 -1
vertex 77.58216094970703 40.96403503417969 0
endloop
endfacet
facet normal -0.9999999846040709 0.00017547608913261062 1.8514992338942668e-9
outer loop
vertex 77.58216094970703 40.96408462524414 -5.699999809265137
vertex 77.57882690429688 21.96403694152832 -1
vertex 77.58216094970703 40.96403503417969 -1
endloop
endfacet
facet normal -0.7028096271637406 -0.7113779782689116 0
outer loop
vertex 75.43121337890625 45.576148986816406 -5.699999809265137
vertex 76.13336181640625 44.8824577331543 -5.699999809265137
vertex 76.13336181640625 44.8824577331543 0
endloop
endfacet
facet normal -0.25957108289207165 -0.9657240045304027 0
outer loop
vertex -23.275676727294922 48.11907958984375 -5.699999809265137
vertex -7.487320899963379 43.875423431396484 -5.699999809265137
vertex -7.487320899963379 43.875423431396484 0
endloop
endfacet
facet normal -0.3755090385759431 -0.9268187319793288 0
outer loop
vertex -40.810455322265625 55.538291931152344 0
vertex -40.810455322265625 55.538291931152344 -5.699999809265137
vertex -25.3046875 49.25598907470703 0
endloop
endfacet
facet normal -0.5812362071652315 -0.8137348901701192 0
outer loop
vertex 74.69215393066406 46.10404586791992 -5.699999809265137
vertex 75.43121337890625 45.576148986816406 -5.699999809265137
vertex 75.43121337890625 45.576148986816406 0
endloop
endfacet
facet normal -0.805484660902931 -0.592616622320105 0
outer loop
vertex 76.13336181640625 44.8824577331543 -5.699999809265137
vertex 76.67159271240234 44.15089416503906 -5.699999809265137
vertex 76.67159271240234 44.15089416503906 0
endloop
endfacet
facet normal -0.8891954471908634 -0.45752754747123214 0
outer loop
vertex 76.67159271240234 44.15089416503906 -5.699999809265137
vertex 77.12318420410156 43.27323532104492 -5.699999809265137
vertex 77.12318420410156 43.27323532104492 0
endloop
endfacet
facet normal -0.949840731632363 -0.3127340476061044 0
outer loop
vertex 77.12318420410156 43.27323532104492 -5.699999809265137
vertex 77.40721893310547 42.410560607910156 -5.699999809265137
vertex 77.40721893310547 42.410560607910156 0
endloop
endfacet
facet normal -0.4467250132909466 -0.8946713153444698 0
outer loop
vertex 73.80908966064453 46.54497528076172 -5.699999809265137
vertex 74.69215393066406 46.10404586791992 -5.699999809265137
vertex 74.69215393066406 46.10404586791992 0
endloop
endfacet
facet normal -0.29934382334547077 -0.9541453114829604 0
outer loop
vertex 72.9425048828125 46.81684875488281 -5.699999809265137
vertex 73.80908966064453 46.54497528076172 -5.699999809265137
vertex 73.80908966064453 46.54497528076172 0
endloop
endfacet
facet normal -0.1463342138237353 -0.9892352085649747 0
outer loop
vertex 71.96610260009766 46.96128463745117 -5.699999809265137
vertex 72.9425048828125 46.81684875488281 -5.699999809265137
vertex 72.9425048828125 46.81684875488281 0
endloop
endfacet
facet normal -0.9874081518146938 -0.15819336816027005 0
outer loop
vertex 77.40721893310547 42.410560607910156 -5.699999809265137
vertex 77.56360626220703 41.434425354003906 -5.699999809265137
vertex 77.56360626220703 41.434425354003906 0
endloop
endfacet
facet normal -0.9992227771280475 -0.03941879841318786 -4.159192025751984e-7
outer loop
vertex 77.56360626220703 41.434425354003906 -5.699999809265137
vertex 77.58216094970703 40.96408462524414 -5.699999809265137
vertex 77.58216094970703 40.96403503417969 -1
endloop
endfacet
facet normal -0.32220405801754476 -0.946670240895438 0
outer loop
vertex -23.61684799194336 48.235198974609375 0
vertex -23.61684799194336 48.235198974609375 -5.699999809265137
vertex -23.275676727294922 48.11907958984375 0
endloop
endfacet
facet normal -0.45469473016629436 -0.8906473501667205 0
outer loop
vertex -23.989013671875 48.42519760131836 0
vertex -23.989013671875 48.42519760131836 -5.699999809265137
vertex -23.61684799194336 48.235198974609375 0
endloop
endfacet
facet normal -0.5804759605251558 -0.8142773847113758 0
outer loop
vertex -24.453489303588867 48.756309509277344 0
vertex -24.453489303588867 48.756309509277344 -5.699999809265137
vertex -23.989013671875 48.42519760131836 0
endloop
endfacet
facet normal -0.5062482162909023 -0.8623878150242383 0
outer loop
vertex -25.3046875 49.25598907470703 0
vertex -25.3046875 49.25598907470703 -5.699999809265137
vertex -24.453489303588867 48.756309509277344 0
endloop
endfacet
facet normal -0.0003312071968138789 -0.9999999451508949 0
outer loop
vertex 62.7545166015625 46.964332580566406 -1.0499999523162842
vertex 33.59206771850586 46.97399139404297 -5.699999809265137
vertex 62.7545166015625 46.964332580566406 -2.8499999046325684
endloop
endfacet
facet normal -0.00033120719681387897 -0.999999945150895 0
outer loop
vertex 33.59206771850586 46.97399139404297 0
vertex 33.59206771850586 46.97399139404297 -5.699999809265137
vertex 62.7545166015625 46.964332580566406 -1.0499999523162842
endloop
endfacet
facet normal -0.00033060721840967654 -0.9999999453305869 -0.000006139242759503766
outer loop
vertex 33.59206771850586 46.97399139404297 -5.699999809265137
vertex 66.3545150756836 46.96314239501953 -2.8499999046325684
vertex 62.7545166015625 46.964332580566406 -2.8499999046325684
endloop
endfacet
facet normal -0.0003311290025763503 -0.9999999451767803 -1.4102222155950702e-7
outer loop
vertex 33.59206771850586 46.97399139404297 -5.699999809265137
vertex 71.96610260009766 46.96128463745117 -5.699999809265137
vertex 66.3545150756836 46.96314239501953 -2.8499999046325684
endloop
endfacet
facet normal -0.9999999845093406 0.0001760151094280391 0
outer loop
vertex 77.57882690429688 21.96403694152832 -1
vertex 77.57839965820312 19.536710739135742 0
vertex 77.57882690429688 21.96403694152832 0
endloop
endfacet
facet normal -0.9999999845093406 0.0001760151094280391 0
outer loop
vertex 77.57882690429688 21.96403694152832 -1
vertex 77.57839965820312 19.536710739135742 -1
vertex 77.57839965820312 19.536710739135742 0
endloop
endfacet
facet normal -0.32220405801754476 -0.946670240895438 0
outer loop
vertex -23.61684799194336 48.235198974609375 -5.699999809265137
vertex -23.275676727294922 48.11907958984375 -5.699999809265137
vertex -23.275676727294922 48.11907958984375 0
endloop
endfacet
facet normal -0.45469473016629436 -0.8906473501667205 0
outer loop
vertex -23.989013671875 48.42519760131836 -5.699999809265137
vertex -23.61684799194336 48.235198974609375 -5.699999809265137
vertex -23.61684799194336 48.235198974609375 0
endloop
endfacet
facet normal -0.5804759605251558 -0.8142773847113758 0
outer loop
vertex -24.453489303588867 48.756309509277344 -5.699999809265137
vertex -23.989013671875 48.42519760131836 -5.699999809265137
vertex -23.989013671875 48.42519760131836 0
endloop
endfacet
facet normal -0.5062482162909023 -0.8623878150242383 0
outer loop
vertex -25.3046875 49.25598907470703 -5.699999809265137
vertex -24.453489303588867 48.756309509277344 -5.699999809265137
vertex -24.453489303588867 48.756309509277344 0
endloop
endfacet
facet normal -0.999999984509345 0.0001760150834950198 0
outer loop
vertex 77.57506561279297 0.5367107391357422 -1
vertex 77.57463836669922 -1.8906158208847046 -1
vertex 77.57506561279297 0.5367107391357422 0
endloop
endfacet
facet normal -0.999999984509345 0.0001760150834950198 0
outer loop
vertex 77.57463836669922 -1.8906158208847046 -1
vertex 77.57463836669922 -1.8906158208847046 0
vertex 77.57506561279297 0.5367107391357422 0
endloop
endfacet
facet normal -0.9999999845069625 0.00017601510942762054 0.000002180875339033589
outer loop
vertex 77.58216094970703 40.96408462524414 -5.699999809265137
vertex 77.57839965820312 19.536710739135742 -1
vertex 77.57882690429688 21.96403694152832 -1
endloop
endfacet
facet normal -0.9999999846040357 0.00017547607151712662 -2.7660714624044985e-7
outer loop
vertex 77.58216094970703 40.96408462524414 -5.699999809265137
vertex 77.57506561279297 0.5367107391357422 -1
vertex 77.57839965820312 19.536710739135742 -1
endloop
endfacet
facet normal -0.9999999844998414 0.00017601508349334704 0.000004359741857027584
outer loop
vertex 77.58216094970703 40.96408462524414 -5.699999809265137
vertex 77.57463836669922 -1.8906158208847046 -1
vertex 77.57506561279297 0.5367107391357422 -1
endloop
endfacet
facet normal -0.9999999846039196 0.00017547607482000806 -5.549511119397874e-7
outer loop
vertex 77.58216094970703 40.96408462524414 -5.699999809265137
vertex 77.57130432128906 -20.890615463256836 -1
vertex 77.57463836669922 -1.8906158208847046 -1
endloop
endfacet
facet normal -0.9999999844879608 0.00017601510942427594 0.000006539054504296244
outer loop
vertex 77.58216094970703 40.96408462524414 -5.699999809265137
vertex 77.57087707519531 -23.317941665649414 -1
vertex 77.57130432128906 -20.890615463256836 -1
endloop
endfacet
facet normal 0.8543212286425627 -0.5197453590852562 0
outer loop
vertex 28.075660705566406 43.4227409362793 -5.699999809265137
vertex 28.74591827392578 44.52446365356445 -5.699999809265137
vertex 28.74591827392578 44.52446365356445 0
endloop
endfacet
facet normal 0.7856348725389973 -0.6186904290924771 0
outer loop
vertex 27.817134857177734 43.09445571899414 -5.699999809265137
vertex 28.075660705566406 43.4227409362793 -5.699999809265137
vertex 28.075660705566406 43.4227409362793 0
endloop
endfacet
facet normal -0.3755090385759431 -0.9268187319793288 0
outer loop
vertex -40.810455322265625 55.538291931152344 -5.699999809265137
vertex -25.3046875 49.25598907470703 -5.699999809265137
vertex -25.3046875 49.25598907470703 0
endloop
endfacet
facet normal -0.500567997421913 -0.8656972218710401 0.0000013336452423624168
outer loop
vertex -42.226627349853516 56.5693244934082 0
vertex -53.80570983886719 63.26464080810547 -1.0499999523162842
vertex -50.68920135498047 61.46259689331055 -1.0499999523162842
endloop
endfacet
facet normal -0.5005678734116404 -0.8656972935779271 0
outer loop
vertex -50.68920135498047 61.46259689331055 -1.0499999523162842
vertex -50.68920135498047 61.46259689331055 -2.8499999046325684
vertex -42.226627349853516 56.5693244934082 0
endloop
endfacet
facet normal -0.5005676658805686 -0.8656974135703037 -0.0000035448614396381658
outer loop
vertex -58.998695373535156 66.26734924316406 0
vertex -53.80570983886719 63.26464080810547 -1.0499999523162842
vertex -42.226627349853516 56.5693244934082 0
endloop
endfacet
facet normal -0.5005671287234176 -0.8656977241748954 0
outer loop
vertex -58.998695373535156 66.26734924316406 0
vertex -53.80570983886719 63.26464080810547 -2.8499999046325684
vertex -53.80570983886719 63.26464080810547 -1.0499999523162842
endloop
endfacet
facet normal 0.7856281475559274 -0.6186989686170826 0
outer loop
vertex -67.01224517822266 64.38204956054688 -1
vertex -66.38717651367188 65.17576599121094 0
vertex -67.01224517822266 64.38204956054688 0
endloop
endfacet
facet normal 0.2802268028078689 -0.9599338201084904 0
outer loop
vertex 26.3853702545166 42.28148651123047 -5.699999809265137
vertex 26.786489486694336 42.398582458496094 -5.699999809265137
vertex 26.786489486694336 42.398582458496094 0
endloop
endfacet
facet normal 0.6807590034996345 -0.7325074601355159 0
outer loop
vertex 27.511049270629883 42.809993743896484 -5.699999809265137
vertex 27.817134857177734 43.09445571899414 -5.699999809265137
vertex 27.817134857177734 43.09445571899414 0
endloop
endfacet
facet normal 0.9916777037229562 0.1287452210052773 -0.0000026584223180201053
outer loop
vertex -67.42354583740234 33.92851638793945 2.0198854185928504e-14
vertex -67.42153930664062 33.91304016113281 -1
vertex -67.47533416748047 34.327423095703125 0
endloop
endfacet
facet normal 0.8656917162923999 -0.5005775188147376 0
outer loop
vertex -76.69850158691406 47.63043975830078 0
vertex -76.5230712890625 47.9338264465332 -1
vertex -76.5230712890625 47.9338264465332 0
endloop
endfacet
facet normal -0.6176007289873032 -0.7864917924265654 0
outer loop
vertex -42.226627349853516 56.5693244934082 0
vertex -42.226627349853516 56.5693244934082 -5.699999809265137
vertex -41.174644470214844 55.74324417114258 0
endloop
endfacet
facet normal -0.4904354528028277 -0.8714775192935761 0
outer loop
vertex -41.174644470214844 55.74324417114258 0
vertex -41.174644470214844 55.74324417114258 -5.699999809265137
vertex -40.810455322265625 55.538291931152344 0
endloop
endfacet
facet normal -0.5005678734116404 -0.8656972935779271 0
outer loop
vertex -50.68920135498047 61.46259689331055 -2.8499999046325684
vertex -42.226627349853516 56.5693244934082 -5.699999809265137
vertex -42.226627349853516 56.5693244934082 0
endloop
endfacet
facet normal -0.4655025873619737 -0.8850465192063681 0
outer loop
vertex -59.4152946472168 66.48646545410156 0
vertex -59.4152946472168 66.48646545410156 -5.699999809265137
vertex -58.998695373535156 66.26734924316406 0
endloop
endfacet
facet normal -0.5005671287234176 -0.8656977241748955 0
outer loop
vertex -58.998695373535156 66.26734924316406 0
vertex -58.998695373535156 66.26734924316406 -5.699999809265137
vertex -53.80570983886719 63.26464080810547 -2.8499999046325684
endloop
endfacet
facet normal -0.9999999845093406 0.00017601510942803913 0
outer loop
vertex 77.57130432128906 -20.890615463256836 3.8963317050350803e-16
vertex 77.57087707519531 -23.317941665649414 -1
vertex 77.57087707519531 -23.317941665649414 0
endloop
endfacet
facet normal -0.9999999845093406 0.00017601510942803913 0
outer loop
vertex 77.57087707519531 -23.317941665649414 -1
vertex 77.57130432128906 -20.890615463256836 3.8963317050350803e-16
vertex 77.57130432128906 -20.890615463256836 -1
endloop
endfacet
facet normal 0.4249883565126626 -0.9051988161882814 0
outer loop
vertex 26.786489486694336 42.398582458496094 -5.699999809265137
vertex 27.164735794067383 42.576168060302734 -5.699999809265137
vertex 27.164735794067383 42.576168060302734 0
endloop
endfacet
facet normal -0.9999999844713369 0.0001760151094213499 0.000008718215517056965
outer loop
vertex 77.58216094970703 40.96408462524414 -5.699999809265137
vertex 77.5671157836914 -44.745269775390625 -1
vertex 77.56754302978516 -42.31794357299805 -1
endloop
endfacet
facet normal -0.4904354528028277 -0.8714775192935761 0
outer loop
vertex -41.174644470214844 55.74324417114258 -5.699999809265137
vertex -40.810455322265625 55.538291931152344 -5.699999809265137
vertex -40.810455322265625 55.538291931152344 0
endloop
endfacet
facet normal 0.12873891195893872 -0.9916785227822716 0
outer loop
vertex 25.97098731994629 42.227691650390625 -5.699999809265137
vertex 26.3853702545166 42.28148651123047 -5.699999809265137
vertex 26.3853702545166 42.28148651123047 0
endloop
endfacet
facet normal -0.5005679974212418 -0.8656972218698792 0.000002112074016103446
outer loop
vertex -58.998695373535156 66.26734924316406 -5.699999809265137
vertex -50.68920135498047 61.46259689331055 -2.8499999046325684
vertex -53.80570983886719 63.26464080810547 -2.8499999046325684
endloop
endfacet
facet normal -0.4655025873619737 -0.8850465192063681 0
outer loop
vertex -59.4152946472168 66.48646545410156 -5.699999809265137
vertex -58.998695373535156 66.26734924316406 -5.699999809265137
vertex -58.998695373535156 66.26734924316406 0
endloop
endfacet
facet normal 0.0003251851644530972 -0.999999947127303 0
outer loop
vertex 25.97098731994629 42.227691650390625 0
vertex 14.592066764831543 42.22399139404297 -5.699999809265137
vertex 25.97098731994629 42.227691650390625 -5.699999809265137
endloop
endfacet
facet normal -0.999999984592039 0.00017554458888107216 1.37786752798609e-7
outer loop
vertex 77.58216094970703 40.96408462524414 -5.699999809265137
vertex 77.56377410888672 -63.777626037597656 -5.699999809265137
vertex 77.5671157836914 -44.745269775390625 -1
endloop
endfacet
facet normal 0.5595782135560988 -0.8287775473028725 0
outer loop
vertex 27.164735794067383 42.576168060302734 -5.699999809265137
vertex 27.511049270629883 42.809993743896484 -5.699999809265137
vertex 27.511049270629883 42.809993743896484 0
endloop
endfacet
facet normal -0.35671185267872146 -0.9342144583330502 0
outer loop
vertex -60.33884048461914 66.83910369873047 0
vertex -60.33884048461914 66.83910369873047 -5.699999809265137
vertex -59.4152946472168 66.48646545410156 0
endloop
endfacet
facet normal -0.20410117953559442 -0.9789497987701816 0
outer loop
vertex -61.22795486450195 67.02447509765625 0
vertex -61.22795486450195 67.02447509765625 -5.699999809265137
vertex -60.33884048461914 66.83910369873047 0
endloop
endfacet
facet normal -0.04838005500682021 -0.9988289995177037 0
outer loop
vertex -62.21382522583008 67.07222747802734 0
vertex -62.21382522583008 67.07222747802734 -5.699999809265137
vertex -61.22795486450195 67.02447509765625 0
endloop
endfacet
facet normal 0.11047209319271721 -0.9938792263779437 0
outer loop
vertex -63.11649703979492 66.97189331054688 0
vertex -63.11649703979492 66.97189331054688 -5.699999809265137
vertex -62.21382522583008 67.07222747802734 0
endloop
endfacet
facet normal 0.2646491881096017 -0.9643447553820825 0
outer loop
vertex -64.06832885742188 66.71067810058594 0
vertex -64.06832885742188 66.71067810058594 -5.699999809265137
vertex -63.11649703979492 66.97189331054688 0
endloop
endfacet
facet normal 0.4140908914679766 -0.9102355374315246 0
outer loop
vertex -64.89503479003906 66.33458709716797 0
vertex -64.89503479003906 66.33458709716797 -5.699999809265137
vertex -64.06832885742188 66.71067810058594 0
endloop
endfacet
facet normal 0.5514352019167515 -0.8342177282262895 0
outer loop
vertex -65.71842956542969 65.7903060913086 0
vertex -65.71842956542969 65.7903060913086 -5.699999809265137
vertex -64.89503479003906 66.33458709716797 0
endloop
endfacet
facet normal 0.6766347674726482 -0.7363188110100374 0
outer loop
vertex -66.38717651367188 65.17576599121094 0
vertex -66.38717651367188 65.17576599121094 -5.699999809265137
vertex -65.71842956542969 65.7903060913086 0
endloop
endfacet
facet normal -0.9999999845093406 0.0001760151094280391 0
outer loop
vertex 77.5671157836914 -44.745269775390625 0
vertex 77.56754302978516 -42.31794357299805 4.327653110815146e-15
vertex 77.56754302978516 -42.31794357299805 -1
endloop
endfacet
facet normal -0.9999999845093406 0.0001760151094280391 0
outer loop
vertex 77.5671157836914 -44.745269775390625 -1
vertex 77.5671157836914 -44.745269775390625 0
vertex 77.56754302978516 -42.31794357299805 -1
endloop
endfacet
facet normal 0.7860615020113281 -0.6181478895860674 -0.0007082767722256727
outer loop
vertex -67.01224517822266 64.38204956054688 -1
vertex -67.00047302246094 64.40240478515625 -5.699999809265137
vertex -66.38717651367188 65.17576599121094 0
endloop
endfacet
facet normal 0.8656961249267902 -0.5005698945068275 4.036148199715103e-7
outer loop
vertex -76.5230712890625 47.9338264465332 -1
vertex -67.00047302246094 64.40240478515625 -5.699999809265137
vertex -67.01224517822266 64.38204956054688 -1
endloop
endfacet
facet normal 0.999999999316519 0.00003697245057606986 0
outer loop
vertex -67.42153930664062 33.91304016113281 -5.699999809265137
vertex -67.42153930664062 33.91304016113281 -1
vertex -67.42083740234375 14.928518295288086 -1
endloop
endfacet
facet normal -0.20410117953559442 -0.9789497987701816 0
outer loop
vertex -61.22795486450195 67.02447509765625 -5.699999809265137
vertex -60.33884048461914 66.83910369873047 -5.699999809265137
vertex -60.33884048461914 66.83910369873047 0
endloop
endfacet
facet normal -0.04838005500682021 -0.9988289995177037 0
outer loop
vertex -62.21382522583008 67.07222747802734 -5.699999809265137
vertex -61.22795486450195 67.02447509765625 -5.699999809265137
vertex -61.22795486450195 67.02447509765625 0
endloop
endfacet
facet normal 0.0003251851644530972 -0.999999947127303 0
outer loop
vertex 14.592066764831543 42.22399139404297 0
vertex 14.592066764831543 42.22399139404297 -5.699999809265137
vertex 25.97098731994629 42.227691650390625 0
endloop
endfacet
facet normal 0.11047209319271721 -0.9938792263779437 0
outer loop
vertex -63.11649703979492 66.97189331054688 -5.699999809265137
vertex -62.21382522583008 67.07222747802734 -5.699999809265137
vertex -62.21382522583008 67.07222747802734 0
endloop
endfacet
facet normal 0.2646491881096017 -0.9643447553820825 0
outer loop
vertex -64.06832885742188 66.71067810058594 -5.699999809265137
vertex -63.11649703979492 66.97189331054688 -5.699999809265137
vertex -63.11649703979492 66.97189331054688 0
endloop
endfacet
facet normal 0.4140908914679766 -0.9102355374315246 0
outer loop
vertex -64.89503479003906 66.33458709716797 -5.699999809265137
vertex -64.06832885742188 66.71067810058594 -5.699999809265137
vertex -64.06832885742188 66.71067810058594 0
endloop
endfacet
facet normal -0.7373420596203798 0.6755195682693258 0
outer loop
vertex 0.2194139063358307 -69.95681762695312 -3.450000047683716
vertex -0.22155974805355072 -70.43814849853516 -3.450000047683716
vertex 0.2194139063358307 -69.95681762695312 0
endloop
endfacet
facet normal -0.806372040009319 0.5914086007923876 0
outer loop
vertex 0.6054784059524536 -69.43042755126953 -3.450000047683716
vertex 0.2194139063358307 -69.95681762695312 -3.450000047683716
vertex 0.6054784059524536 -69.43042755126953 0
endloop
endfacet
facet normal -0.8642808191049767 0.5030096079869953 0
outer loop
vertex 1.088928461074829 -68.5997543334961 -3.450000047683716
vertex 0.6054784059524536 -69.43042755126953 -3.450000047683716
vertex 1.088928461074829 -68.5997543334961 0
endloop
endfacet
facet normal -0.7856344565375077 0.6186909573454384 0
outer loop
vertex 1.3474546670913696 -68.27146911621094 -3.450000047683716
vertex 1.088928461074829 -68.5997543334961 -3.450000047683716
vertex 1.3474546670913696 -68.27146911621094 0
endloop
endfacet
facet normal -0.6807585767179056 0.7325078567667458 0
outer loop
vertex 1.6535406112670898 -67.98700714111328 -3.450000047683716
vertex 1.3474546670913696 -68.27146911621094 -3.450000047683716
vertex 1.6535406112670898 -67.98700714111328 0
endloop
endfacet
facet normal 0.0703163334160347 -0.9975247431792983 0
outer loop
vertex 32.743038177490234 46.91414260864258 0
vertex 32.743038177490234 46.91414260864258 -5.699999809265137
vertex 33.59206771850586 46.97399139404297 0
endloop
endfacet
facet normal -0.5595779489454632 0.8287777259639575 0
outer loop
vertex 1.999854326248169 -67.75318145751953 -3.450000047683716
vertex 1.6535406112670898 -67.98700714111328 -3.450000047683716
vertex 1.999854326248169 -67.75318145751953 0
endloop
endfacet
facet normal 0.2203963970215885 -0.975410389620647 0
outer loop
vertex 31.780282974243164 46.69660568237305 0
vertex 31.780282974243164 46.69660568237305 -5.699999809265137
vertex 32.743038177490234 46.91414260864258 0
endloop
endfacet
facet normal 0.3721415123727048 -0.9281760041979947 0
outer loop
vertex 30.937286376953125 46.35861587524414 0
vertex 30.937286376953125 46.35861587524414 -5.699999809265137
vertex 31.780282974243164 46.69660568237305 0
endloop
endfacet
facet normal 0.5128172619026008 -0.8584977902678138 0
outer loop
vertex 30.08992576599121 45.85245132446289 0
vertex 30.08992576599121 45.85245132446289 -5.699999809265137
vertex 30.937286376953125 46.35861587524414 0
endloop
endfacet
facet normal 0.6423487131703293 -0.7664125068710856 0
outer loop
vertex 29.39384651184082 45.26905059814453 0
vertex 29.39384651184082 45.26905059814453 -5.699999809265137
vertex 30.08992576599121 45.85245132446289 0
endloop
endfacet
facet normal 0.7543740425174742 -0.6564448217297811 0
outer loop
vertex 28.74591827392578 44.52446365356445 0
vertex 28.74591827392578 44.52446365356445 -5.699999809265137
vertex 29.39384651184082 45.26905059814453 0
endloop
endfacet
facet normal 0.5514352019167515 -0.8342177282262895 0
outer loop
vertex -65.71842956542969 65.7903060913086 -5.699999809265137
vertex -64.89503479003906 66.33458709716797 -5.699999809265137
vertex -64.89503479003906 66.33458709716797 0
endloop
endfacet
facet normal 0.6766347674726482 -0.7363188110100374 0
outer loop
vertex -66.38717651367188 65.17576599121094 -5.699999809265137
vertex -65.71842956542969 65.7903060913086 -5.699999809265137
vertex -65.71842956542969 65.7903060913086 0
endloop
endfacet
facet normal 0.8543212286425627 -0.5197453590852562 0
outer loop
vertex 28.075660705566406 43.4227409362793 0
vertex 28.075660705566406 43.4227409362793 -5.699999809265137
vertex 28.74591827392578 44.52446365356445 0
endloop
endfacet
facet normal 0.7856348725389973 -0.6186904290924771 0
outer loop
vertex 27.817134857177734 43.09445571899414 0
vertex 27.817134857177734 43.09445571899414 -5.699999809265137
vertex 28.075660705566406 43.4227409362793 0
endloop
endfacet
facet normal 0.6807590034996345 -0.7325074601355159 0
outer loop
vertex 27.511049270629883 42.809993743896484 0
vertex 27.511049270629883 42.809993743896484 -5.699999809265137
vertex 27.817134857177734 43.09445571899414 0
endloop
endfacet
facet normal 0.5595782135560988 -0.8287775473028725 0
outer loop
vertex 27.164735794067383 42.576168060302734 0
vertex 27.164735794067383 42.576168060302734 -5.699999809265137
vertex 27.511049270629883 42.809993743896484 0
endloop
endfacet
facet normal 0.4249883565126626 -0.9051988161882814 0
outer loop
vertex 26.786489486694336 42.398582458496094 0
vertex 26.786489486694336 42.398582458496094 -5.699999809265137
vertex 27.164735794067383 42.576168060302734 0
endloop
endfacet
facet normal 0.2802268028078689 -0.9599338201084904 0
outer loop
vertex 26.3853702545166 42.28148651123047 0
vertex 26.3853702545166 42.28148651123047 -5.699999809265137
vertex 26.786489486694336 42.398582458496094 0
endloop
endfacet
facet normal -0.000051879882742682075 0.9999999986542389 0
outer loop
vertex 73.55442810058594 -67.40100860595703 0
vertex 68.55442810058594 -67.4012680053711 -0.44999998807907104
vertex 68.55442810058594 -67.4012680053711 0
endloop
endfacet
facet normal -0.00005187988274268207 0.9999999986542388 0
outer loop
vertex 73.55442810058594 -67.40100860595703 0
vertex 68.55442810058594 -67.4012680053711 -1.9500000476837158
vertex 68.55442810058594 -67.4012680053711 -0.44999998807907104
endloop
endfacet
facet normal -0.000052537789863094515 0.9999999986198903 0
outer loop
vertex 60.55442428588867 -67.40169525146484 -0.44999998807907104
vertex 3.1936018466949463 -67.40470886230469 0
vertex 60.55442428588867 -67.40169525146484 0
endloop
endfacet
facet normal 0.12873891195893872 -0.9916785227822716 0
outer loop
vertex 25.97098731994629 42.227691650390625 0
vertex 25.97098731994629 42.227691650390625 -5.699999809265137
vertex 26.3853702545166 42.28148651123047 0
endloop
endfacet
facet normal 0.0703163334160347 -0.9975247431792983 0
outer loop
vertex 32.743038177490234 46.91414260864258 -5.699999809265137
vertex 33.59206771850586 46.97399139404297 -5.699999809265137
vertex 33.59206771850586 46.97399139404297 0
endloop
endfacet
facet normal 0.7835267463428965 -0.6213580592261713 0
outer loop
vertex -67.00047302246094 64.40240478515625 -5.699999809265137
vertex -66.38717651367188 65.17576599121094 -5.699999809265137
vertex -66.38717651367188 65.17576599121094 0
endloop
endfacet
facet normal 0.2203963970215885 -0.975410389620647 0
outer loop
vertex 31.780282974243164 46.69660568237305 -5.699999809265137
vertex 32.743038177490234 46.91414260864258 -5.699999809265137
vertex 32.743038177490234 46.91414260864258 0
endloop
endfacet
facet normal 0.3721415123727048 -0.9281760041979947 0
outer loop
vertex 30.937286376953125 46.35861587524414 -5.699999809265137
vertex 31.780282974243164 46.69660568237305 -5.699999809265137
vertex 31.780282974243164 46.69660568237305 0
endloop
endfacet
facet normal 0.5128172619026008 -0.8584977902678138 0
outer loop
vertex 30.08992576599121 45.85245132446289 -5.699999809265137
vertex 30.937286376953125 46.35861587524414 -5.699999809265137
vertex 30.937286376953125 46.35861587524414 0
endloop
endfacet
facet normal 0.6423487131703293 -0.7664125068710856 0
outer loop
vertex 29.39384651184082 45.26905059814453 -5.699999809265137
vertex 30.08992576599121 45.85245132446289 -5.699999809265137
vertex 30.08992576599121 45.85245132446289 0
endloop
endfacet
facet normal -0.000052537789863094515 0.9999999986198903 0
outer loop
vertex 60.55442428588867 -67.40169525146484 -1.9500000476837158
vertex 3.1936018466949463 -67.40470886230469 0
vertex 60.55442428588867 -67.40169525146484 -0.44999998807907104
endloop
endfacet
facet normal -0.9846683112225385 0.17443434013974288 -0.0009888650900095263
outer loop
vertex 77.56378173828125 -63.745269775390625 8.270318735674898e-15
vertex 77.56377410888672 -63.777626037597656 -5.699999809265137
vertex 77.43501281738281 -64.47216033935547 0
endloop
endfacet
facet normal -0.9366618182078393 0.35023511861545875 0
outer loop
vertex 77.43501281738281 -64.47216033935547 0
vertex 77.43501281738281 -64.47216033935547 -5.699999809265137
vertex 77.19103240966797 -65.1246566772461 0
endloop
endfacet
facet normal -0.859140829535286 0.5117392256075552 0
outer loop
vertex 77.19103240966797 -65.1246566772461 0
vertex 77.19103240966797 -65.1246566772461 -5.699999809265137
vertex 76.81637573242188 -65.75365447998047 0
endloop
endfacet
facet normal -0.9999999722007267 0.0002357934383873442 0
outer loop
vertex 77.56378173828125 -63.745269775390625 -1
vertex 77.56377410888672 -63.777626037597656 -5.699999809265137
vertex 77.56378173828125 -63.745269775390625 8.270318735674898e-15
endloop
endfacet
facet normal -0.9999999846039878 0.00017547607151711822 4.1524355572798436e-7
outer loop
vertex 77.56377410888672 -63.777626037597656 -5.699999809265137
vertex 77.56378173828125 -63.745269775390625 -1
vertex 77.5671157836914 -44.745269775390625 -1
endloop
endfacet
facet normal -0.7531879097365972 0.6578054215545929 0
outer loop
vertex 76.81637573242188 -65.75365447998047 0
vertex 76.81637573242188 -65.75365447998047 -5.699999809265137
vertex 76.35172271728516 -66.28568267822266 0
endloop
endfacet
facet normal -0.6275370752016265 0.7785866806254703 0
outer loop
vertex 76.35172271728516 -66.28568267822266 0
vertex 76.35172271728516 -66.28568267822266 -5.699999809265137
vertex 75.80934143066406 -66.72283935546875 0
endloop
endfacet
facet normal 0.7543740425174742 -0.6564448217297811 0
outer loop
vertex 28.74591827392578 44.52446365356445 -5.699999809265137
vertex 29.39384651184082 45.26905059814453 -5.699999809265137
vertex 29.39384651184082 45.26905059814453 0
endloop
endfacet
facet normal 0.9999999993457881 0.00003617214320596556 0
outer loop
vertex -67.42079162597656 13.663003921508789 1.8829406892191536e-14
vertex -67.42079162597656 13.663003921508789 -1
vertex -67.42083740234375 14.928518295288086 -1
endloop
endfacet
facet normal 0.8656959961664623 -0.5005701171873427 -6.375265799963768e-7
outer loop
vertex -76.5230712890625 47.9338264465332 -1
vertex -76.69850158691406 47.63043975830078 -5.699999809265137
vertex -67.00047302246094 64.40240478515625 -5.699999809265137
endloop
endfacet
facet normal 0.6188017191182549 0.7855472184511204 0
outer loop
vertex -68.2883071899414 35.759185791015625 0
vertex -68.2883071899414 35.759185791015625 -5.699999809265137
vertex -68.61570739746094 36.01708984375 0
endloop
endfacet
facet normal -0.47855128863853047 0.8780596017027555 0
outer loop
vertex 75.80934143066406 -66.72283935546875 0
vertex 75.80934143066406 -66.72283935546875 -5.699999809265137
vertex 75.16649627685547 -67.07319641113281 0
endloop
endfacet
facet normal 0.7325053447563581 0.6807612796739902 0
outer loop
vertex -68.00384521484375 35.453102111816406 0
vertex -68.00384521484375 35.453102111816406 -5.699999809265137
vertex -68.2883071899414 35.759185791015625 0
endloop
endfacet
facet normal 0.828780405849818 0.5595739798091143 0
outer loop
vertex -67.77001953125 35.10678482055664 0
vertex -67.77001953125 35.10678482055664 -5.699999809265137
vertex -68.00384521484375 35.453102111816406 0
endloop
endfacet
facet normal 0.9051953042044764 0.42499583673980323 0
outer loop
vertex -67.5924301147461 34.728538513183594 0
vertex -67.5924301147461 34.728538513183594 -5.699999809265137
vertex -67.77001953125 35.10678482055664 0
endloop
endfacet
facet normal 0.9599331032178041 0.2802292585484899 0
outer loop
vertex -67.47533416748047 34.327423095703125 0
vertex -67.47533416748047 34.327423095703125 -5.699999809265137
vertex -67.5924301147461 34.728538513183594 0
endloop
endfacet
facet normal 0.9916785227822718 0.12873891195893872 0
outer loop
vertex -67.42153930664062 33.91304016113281 -1
vertex -67.42153930664062 33.91304016113281 -5.699999809265137
vertex -67.47533416748047 34.327423095703125 0
endloop
endfacet
facet normal 0.885054952858823 -0.46548655235147945 0
outer loop
vertex -76.91761016845703 47.213836669921875 0
vertex -76.91761016845703 47.213836669921875 -5.699999809265137
vertex -76.69850158691406 47.63043975830078 0
endloop
endfacet
facet normal 0.8656917162923999 -0.5005775188147376 0
outer loop
vertex -76.69850158691406 47.63043975830078 0
vertex -76.69850158691406 47.63043975830078 -5.699999809265137
vertex -76.5230712890625 47.9338264465332 -1
endloop
endfacet
facet normal 0.9342118864854387 -0.35671858817465324 0
outer loop
vertex -77.27025604248047 46.29029083251953 0
vertex -77.27025604248047 46.29029083251953 -5.699999809265137
vertex -76.91761016845703 47.213836669921875 0
endloop
endfacet
facet normal -0.3129661947711369 0.9497642659789189 0
outer loop
vertex 75.16649627685547 -67.07319641113281 0
vertex 75.16649627685547 -67.07319641113281 -5.699999809265137
vertex 74.49561309814453 -67.29426574707031 0
endloop
endfacet
facet normal -0.15927493023124498 0.9872342663217439 0
outer loop
vertex 74.49561309814453 -67.29426574707031 0
vertex 74.49561309814453 -67.29426574707031 -5.699999809265137
vertex 73.93830871582031 -67.3841781616211 0
endloop
endfacet
facet normal -0.04380083599604659 0.9990402828545241 0
outer loop
vertex 73.93830871582031 -67.3841781616211 0
vertex 73.93830871582031 -67.3841781616211 -5.699999809265137
vertex 73.55442810058594 -67.40100860595703 0
endloop
endfacet
facet normal -0.00005187988274268207 0.9999999986542388 0
outer loop
vertex 73.55442810058594 -67.40100860595703 0
vertex 73.55442810058594 -67.40100860595703 -5.699999809265137
vertex 68.55442810058594 -67.4012680053711 -1.9500000476837158
endloop
endfacet
facet normal 0.9789514771528126 -0.20409312918451267 0
outer loop
vertex -77.45561981201172 45.40117645263672 0
vertex -77.45561981201172 45.40117645263672 -5.699999809265137
vertex -77.27025604248047 46.29029083251953 0
endloop
endfacet
facet normal -0.00005340573617663878 0.9999999985718442 -0.0000020344713803233228
outer loop
vertex 60.55442428588867 -67.40169525146484 -1.9500000476837158
vertex 68.55442810058594 -67.4012680053711 -1.9500000476837158
vertex 73.55442810058594 -67.40100860595703 -5.699999809265137
endloop
endfacet
facet normal 0.9988289995177037 -0.04838005500682021 0
outer loop
vertex -77.50337219238281 44.415306091308594 0
vertex -77.50337219238281 44.415306091308594 -5.699999809265137
vertex -77.45561981201172 45.40117645263672 0
endloop
endfacet
facet normal -0.9832455287919204 0.18228612155262036 0
outer loop
vertex 77.56377410888672 -63.777626037597656 -5.699999809265137
vertex 77.43501281738281 -64.47216033935547 -5.699999809265137
vertex 77.43501281738281 -64.47216033935547 0
endloop
endfacet
facet normal -0.9366618182078393 0.35023511861545875 0
outer loop
vertex 77.43501281738281 -64.47216033935547 -5.699999809265137
vertex 77.19103240966797 -65.1246566772461 -5.699999809265137
vertex 77.19103240966797 -65.1246566772461 0
endloop
endfacet
facet normal -0.859140829535286 0.5117392256075552 0
outer loop
vertex 77.19103240966797 -65.1246566772461 -5.699999809265137
vertex 76.81637573242188 -65.75365447998047 -5.699999809265137
vertex 76.81637573242188 -65.75365447998047 0
endloop
endfacet
facet normal 0.9938792263779437 0.11047209319271721 0
outer loop
vertex -77.40303802490234 43.51263427734375 0
vertex -77.40303802490234 43.51263427734375 -5.699999809265137
vertex -77.50337219238281 44.415306091308594 0
endloop
endfacet
facet normal 0.9643447553820825 0.2646491881096017 0
outer loop
vertex -77.1418228149414 42.5608024597168 0
vertex -77.1418228149414 42.5608024597168 -5.699999809265137
vertex -77.40303802490234 43.51263427734375 0
endloop
endfacet
facet normal 0.502260743412833 0.8647162225992919 0
outer loop
vertex -68.61570739746094 36.01708984375 0
vertex -68.61570739746094 36.01708984375 -5.699999809265137
vertex -74.83355712890625 39.628658294677734 0
endloop
endfacet
facet normal 0.7363188110100374 0.6766347674726482 0
outer loop
vertex -75.60691833496094 40.2419548034668 0
vertex -75.60691833496094 40.2419548034668 -5.699999809265137
vertex -76.2214584350586 40.910701751708984 0
endloop
endfacet
facet normal -0.7531879097365972 0.6578054215545929 0
outer loop
vertex 76.81637573242188 -65.75365447998047 -5.699999809265137
vertex 76.35172271728516 -66.28568267822266 -5.699999809265137
vertex 76.35172271728516 -66.28568267822266 0
endloop
endfacet
facet normal -0.6275370752016265 0.7785866806254703 0
outer loop
vertex 76.35172271728516 -66.28568267822266 -5.699999809265137
vertex 75.80934143066406 -66.72283935546875 -5.699999809265137
vertex 75.80934143066406 -66.72283935546875 0
endloop
endfacet
facet normal -0.47855128863853047 0.8780596017027555 0
outer loop
vertex 75.80934143066406 -66.72283935546875 -5.699999809265137
vertex 75.16649627685547 -67.07319641113281 -5.699999809265137
vertex 75.16649627685547 -67.07319641113281 0
endloop
endfacet
facet normal -0.3129661947711369 0.9497642659789189 0
outer loop
vertex 75.16649627685547 -67.07319641113281 -5.699999809265137
vertex 74.49561309814453 -67.29426574707031 -5.699999809265137
vertex 74.49561309814453 -67.29426574707031 0
endloop
endfacet
facet normal -0.15927493023124498 0.9872342663217439 0
outer loop
vertex 74.49561309814453 -67.29426574707031 -5.699999809265137
vertex 73.93830871582031 -67.3841781616211 -5.699999809265137
vertex 73.93830871582031 -67.3841781616211 0
endloop
endfacet
facet normal -0.04380083599604659 0.9990402828545241 0
outer loop
vertex 73.93830871582031 -67.3841781616211 -5.699999809265137
vertex 73.55442810058594 -67.40100860595703 -5.699999809265137
vertex 73.55442810058594 -67.40100860595703 0
endloop
endfacet
facet normal 0.9102387036445599 0.4140839315736257 0
outer loop
vertex -76.76573944091797 41.73409652709961 0
vertex -76.76573944091797 41.73409652709961 -5.699999809265137
vertex -77.1418228149414 42.5608024597168 0
endloop
endfacet
facet normal 0.8342177282262895 0.5514352019167515 0
outer loop
vertex -76.2214584350586 40.910701751708984 0
vertex -76.2214584350586 40.910701751708984 -5.699999809265137
vertex -76.76573944091797 41.73409652709961 0
endloop
endfacet
facet normal 0.6213580592261713 0.7835267463428965 0
outer loop
vertex -74.83355712890625 39.628658294677734 0
vertex -74.83355712890625 39.628658294677734 -5.699999809265137
vertex -75.60691833496094 40.2419548034668 0
endloop
endfacet
facet normal 0.9916785227822716 0.12873891195893872 0
outer loop
vertex -67.42153930664062 33.91304016113281 -5.699999809265137
vertex -67.47533416748047 34.327423095703125 -5.699999809265137
vertex -67.47533416748047 34.327423095703125 0
endloop
endfacet
facet normal 0.6188017191182549 0.7855472184511204 0
outer loop
vertex -68.2883071899414 35.759185791015625 -5.699999809265137
vertex -68.61570739746094 36.01708984375 -5.699999809265137
vertex -68.61570739746094 36.01708984375 0
endloop
endfacet
facet normal 0.828780405849818 0.5595739798091143 0
outer loop
vertex -67.77001953125 35.10678482055664 -5.699999809265137
vertex -68.00384521484375 35.453102111816406 -5.699999809265137
vertex -68.00384521484375 35.453102111816406 0
endloop
endfacet
facet normal 0.9051953042044764 0.42499583673980323 0
outer loop
vertex -67.5924301147461 34.728538513183594 -5.699999809265137
vertex -67.77001953125 35.10678482055664 -5.699999809265137
vertex -67.77001953125 35.10678482055664 0
endloop
endfacet
facet normal 0.7325053447563581 0.6807612796739902 0
outer loop
vertex -68.00384521484375 35.453102111816406 -5.699999809265137
vertex -68.2883071899414 35.759185791015625 -5.699999809265137
vertex -68.2883071899414 35.759185791015625 0
endloop
endfacet
facet normal 0.9599331032178041 0.2802292585484899 0
outer loop
vertex -67.47533416748047 34.327423095703125 -5.699999809265137
vertex -67.5924301147461 34.728538513183594 -5.699999809265137
vertex -67.5924301147461 34.728538513183594 0
endloop
endfacet
facet normal 0.9999999993457881 0.00003617214320596556 0
outer loop
vertex -67.42079162597656 13.663003921508789 1.8829406892191536e-14
vertex -67.42083740234375 14.928518295288086 -1
vertex -67.42083740234375 14.928518295288086 0
endloop
endfacet
facet normal 0.885054952858823 -0.46548655235147945 0
outer loop
vertex -76.91761016845703 47.213836669921875 -5.699999809265137
vertex -76.69850158691406 47.63043975830078 -5.699999809265137
vertex -76.69850158691406 47.63043975830078 0
endloop
endfacet
facet normal 0.9342118864854387 -0.35671858817465324 0
outer loop
vertex -77.27025604248047 46.29029083251953 -5.699999809265137
vertex -76.91761016845703 47.213836669921875 -5.699999809265137
vertex -76.91761016845703 47.213836669921875 0
endloop
endfacet
facet normal 0.9789514771528126 -0.20409312918451267 0
outer loop
vertex -77.45561981201172 45.40117645263672 -5.699999809265137
vertex -77.27025604248047 46.29029083251953 -5.699999809265137
vertex -77.27025604248047 46.29029083251953 0
endloop
endfacet
facet normal 0.9988289995177037 -0.04838005500682021 0
outer loop
vertex -77.50337219238281 44.415306091308594 -5.699999809265137
vertex -77.45561981201172 45.40117645263672 -5.699999809265137
vertex -77.45561981201172 45.40117645263672 0
endloop
endfacet
facet normal 0.9938792263779437 0.11047209319271721 0
outer loop
vertex -77.40303802490234 43.51263427734375 -5.699999809265137
vertex -77.50337219238281 44.415306091308594 -5.699999809265137
vertex -77.50337219238281 44.415306091308594 0
endloop
endfacet
facet normal -0.00005250023908727906 0.9999999986212524 0.0000011045863258658125
outer loop
vertex 73.55442810058594 -67.40100860595703 -5.699999809265137
vertex 3.1936018466949463 -67.40470886230469 0
vertex 60.55442428588867 -67.40169525146484 -1.9500000476837158
endloop
endfacet
facet normal 0.9643447553820825 0.2646491881096017 0
outer loop
vertex -77.1418228149414 42.5608024597168 -5.699999809265137
vertex -77.40303802490234 43.51263427734375 -5.699999809265137
vertex -77.40303802490234 43.51263427734375 0
endloop
endfacet
facet normal 0.0003483456215520488 -0.9999999393276622 0
outer loop
vertex -1.873273253440857 39.84899139404297 -5.699999809265137
vertex 8.749096870422363 39.852691650390625 -5.699999809265137
vertex 8.749096870422363 39.852691650390625 0
endloop
endfacet
facet normal 0.12873891195893872 -0.9916785227822716 0
outer loop
vertex 8.749096870422363 39.852691650390625 -5.699999809265137
vertex 9.163479804992676 39.90648651123047 -5.699999809265137
vertex 9.163479804992676 39.90648651123047 0
endloop
endfacet
facet normal 0.280227416739161 -0.9599336408875858 0
outer loop
vertex 9.163479804992676 39.90648651123047 -5.699999809265137
vertex 9.564598083496094 40.023582458496094 -5.699999809265137
vertex 9.564598083496094 40.023582458496094 0
endloop
endfacet
facet normal 0.4249883565126626 -0.9051988161882814 0
outer loop
vertex 9.564598083496094 40.023582458496094 -5.699999809265137
vertex 9.94284439086914 40.201168060302734 -5.699999809265137
vertex 9.94284439086914 40.201168060302734 0
endloop
endfacet
facet normal 0.502260743412833 0.8647162225992919 0
outer loop
vertex -68.61570739746094 36.01708984375 -5.699999809265137
vertex -74.83355712890625 39.628658294677734 -5.699999809265137
vertex -74.83355712890625 39.628658294677734 0
endloop
endfacet
facet normal 0.5595782135560988 -0.8287775473028725 0
outer loop
vertex 9.94284439086914 40.201168060302734 -5.699999809265137
vertex 10.28915786743164 40.434993743896484 -5.699999809265137
vertex 10.28915786743164 40.434993743896484 0
endloop
endfacet
facet normal 0.6402698796367933 -0.7681500382281358 0
outer loop
vertex 10.28915786743164 40.434993743896484 -5.699999809265137
vertex 11.089925765991211 41.10245132446289 -5.699999809265137
vertex 11.089925765991211 41.10245132446289 0
endloop
endfacet
facet normal 0.5128172619026008 -0.8584977902678138 0
outer loop
vertex 11.089925765991211 41.10245132446289 -5.699999809265137
vertex 11.937286376953125 41.60861587524414 -5.699999809265137
vertex 11.937286376953125 41.60861587524414 0
endloop
endfacet
facet normal 0.37214114967678724 -0.9281761496166764 0
outer loop
vertex 11.937286376953125 41.60861587524414 -5.699999809265137
vertex 12.78028392791748 41.94660568237305 -5.699999809265137
vertex 12.78028392791748 41.94660568237305 0
endloop
endfacet
facet normal 0.2203963970215885 -0.975410389620647 0
outer loop
vertex 12.78028392791748 41.94660568237305 -5.699999809265137
vertex 13.74303913116455 42.16414260864258 -5.699999809265137
vertex 13.74303913116455 42.16414260864258 0
endloop
endfacet
facet normal 0.07031649060129559 -0.9975247320991686 0
outer loop
vertex 13.74303913116455 42.16414260864258 -5.699999809265137
vertex 14.592066764831543 42.22399139404297 -5.699999809265137
vertex 14.592066764831543 42.22399139404297 0
endloop
endfacet
facet normal 0.7363188110100374 0.6766347674726482 0
outer loop
vertex -75.60691833496094 40.2419548034668 -5.699999809265137
vertex -76.2214584350586 40.910701751708984 -5.699999809265137
vertex -76.2214584350586 40.910701751708984 0
endloop
endfacet
facet normal 0.8342177282262895 0.5514352019167515 0
outer loop
vertex -76.2214584350586 40.910701751708984 -5.699999809265137
vertex -76.76573944091797 41.73409652709961 -5.699999809265137
vertex -76.76573944091797 41.73409652709961 0
endloop
endfacet
facet normal 0.9102387036445599 0.4140839315736257 0
outer loop
vertex -76.76573944091797 41.73409652709961 -5.699999809265137
vertex -77.1418228149414 42.5608024597168 -5.699999809265137
vertex -77.1418228149414 42.5608024597168 0
endloop
endfacet
facet normal 0.6213580592261713 0.7835267463428965 0
outer loop
vertex -74.83355712890625 39.628658294677734 -5.699999809265137
vertex -75.60691833496094 40.2419548034668 -5.699999809265137
vertex -75.60691833496094 40.2419548034668 0
endloop
endfacet
facet normal 0.0003483456215520488 -0.9999999393276622 0
outer loop
vertex -1.873273253440857 39.84899139404297 0
vertex -1.873273253440857 39.84899139404297 -5.699999809265137
vertex 8.749096870422363 39.852691650390625 0
endloop
endfacet
facet normal -0.12873898480232507 0.9916785133257989 0
outer loop
vertex 3.1936018466949463 -67.40470886230469 0
vertex 2.779219150543213 -67.45850372314453 -3.450000047683716
vertex 2.779219150543213 -67.45850372314453 0
endloop
endfacet
facet normal -0.28022726325609654 0.9599336856929224 0
outer loop
vertex 2.779219150543213 -67.45850372314453 0
vertex 2.378100633621216 -67.57559967041016 -3.450000047683716
vertex 2.378100633621216 -67.57559967041016 0
endloop
endfacet
facet normal -0.4249808761984567 0.9052023281375231 0
outer loop
vertex 2.378100633621216 -67.57559967041016 0
vertex 1.999854326248169 -67.75318145751953 -3.450000047683716
vertex 1.999854326248169 -67.75318145751953 0
endloop
endfacet
facet normal -0.5595779489454632 0.8287777259639575 0
outer loop
vertex 1.999854326248169 -67.75318145751953 0
vertex 1.6535406112670898 -67.98700714111328 -3.450000047683716
vertex 1.6535406112670898 -67.98700714111328 0
endloop
endfacet
facet normal -0.6807585767179056 0.7325078567667458 0
outer loop
vertex 1.6535406112670898 -67.98700714111328 0
vertex 1.3474546670913696 -68.27146911621094 -3.450000047683716
vertex 1.3474546670913696 -68.27146911621094 0
endloop
endfacet
facet normal -0.7856344565375077 0.6186909573454384 0
outer loop
vertex 1.3474546670913696 -68.27146911621094 0
vertex 1.088928461074829 -68.5997543334961 -3.450000047683716
vertex 1.088928461074829 -68.5997543334961 0
endloop
endfacet
facet normal -0.8642808191049767 0.5030096079869953 0
outer loop
vertex 1.088928461074829 -68.5997543334961 0
vertex 0.6054784059524536 -69.43042755126953 -3.450000047683716
vertex 0.6054784059524536 -69.43042755126953 0
endloop
endfacet
facet normal -0.806372040009319 0.5914086007923876 0
outer loop
vertex 0.6054784059524536 -69.43042755126953 0
vertex 0.2194139063358307 -69.95681762695312 -3.450000047683716
vertex 0.2194139063358307 -69.95681762695312 0
endloop
endfacet
facet normal -0.00005248052689279084 0.9999999986219889 0.0000013479137540420846
outer loop
vertex 73.55442810058594 -67.40100860595703 -5.699999809265137
vertex 11.682159423828125 -67.40425872802734 -3.450000047683716
vertex 3.1936018466949463 -67.40470886230469 0
endloop
endfacet
facet normal 0.12873891195893872 -0.9916785227822716 0
outer loop
vertex 8.749096870422363 39.852691650390625 0
vertex 8.749096870422363 39.852691650390625 -5.699999809265137
vertex 9.163479804992676 39.90648651123047 0
endloop
endfacet
facet normal 0.280227416739161 -0.9599336408875858 0
outer loop
vertex 9.163479804992676 39.90648651123047 0
vertex 9.163479804992676 39.90648651123047 -5.699999809265137
vertex 9.564598083496094 40.023582458496094 0
endloop
endfacet
facet normal -0.000052825636915906744 0.9999999985671549 -0.000008668462369997382
outer loop
vertex 12.742819786071777 -67.40420532226562 -3.8893399238586426
vertex 12.256184577941895 -67.40422821044922 -3.564180612564087
vertex 73.55442810058594 -67.40100860595703 -5.699999809265137
endloop
endfacet
facet normal -0.00005238756181526971 0.9999999986201497 0.000003904340801804202
outer loop
vertex 12.256184577941895 -67.40422821044922 -3.564180612564087
vertex 11.682159423828125 -67.40425872802734 -3.450000047683716
vertex 73.55442810058594 -67.40100860595703 -5.699999809265137
endloop
endfacet
facet normal -0.000052682027322218227 0.9999999986049088 -0.000003845286823519251
outer loop
vertex 73.55442810058594 -67.40100860595703 -5.699999809265137
vertex 13.067978858947754 -67.40419006347656 -4.375974655151367
vertex 12.742819786071777 -67.40420532226562 -3.8893399238586426
endloop
endfacet
facet normal -0.000052535665657123814 0.999999998615966 0.0000028410645908223088
outer loop
vertex 73.55442810058594 -67.40100860595703 -5.699999809265137
vertex 13.182159423828125 -67.40418243408203 -4.949999809265137
vertex 13.067978858947754 -67.40419006347656 -4.375974655151367
endloop
endfacet
facet normal 0.4249883565126626 -0.9051988161882814 0
outer loop
vertex 9.564598083496094 40.023582458496094 0
vertex 9.564598083496094 40.023582458496094 -5.699999809265137
vertex 9.94284439086914 40.201168060302734 0
endloop
endfacet
facet normal 0.5595782135560988 -0.8287775473028725 0
outer loop
vertex 9.94284439086914 40.201168060302734 0
vertex 9.94284439086914 40.201168060302734 -5.699999809265137
vertex 10.28915786743164 40.434993743896484 0
endloop
endfacet
facet normal 0.6402698796367933 -0.7681500382281358 0
outer loop
vertex 10.28915786743164 40.434993743896484 0
vertex 10.28915786743164 40.434993743896484 -5.699999809265137
vertex 11.089925765991211 41.10245132446289 0
endloop
endfacet
facet normal 0.5128172619026008 -0.8584977902678138 0
outer loop
vertex 11.089925765991211 41.10245132446289 0
vertex 11.089925765991211 41.10245132446289 -5.699999809265137
vertex 11.937286376953125 41.60861587524414 0
endloop
endfacet
facet normal 0.37214114967678724 -0.9281761496166764 0
outer loop
vertex 11.937286376953125 41.60861587524414 0
vertex 11.937286376953125 41.60861587524414 -5.699999809265137
vertex 12.78028392791748 41.94660568237305 0
endloop
endfacet
facet normal -0.00005257095998176561 0.999999998618147 0
outer loop
vertex 13.182159423828125 -67.40418243408203 -5.699999809265137
vertex 13.182159423828125 -67.40418243408203 -4.949999809265137
vertex 73.55442810058594 -67.40100860595703 -5.699999809265137
endloop
endfacet
facet normal 0.2203963970215885 -0.975410389620647 0
outer loop
vertex 12.78028392791748 41.94660568237305 0
vertex 12.78028392791748 41.94660568237305 -5.699999809265137
vertex 13.74303913116455 42.16414260864258 0
endloop
endfacet
facet normal -0.0000530283587783453 0.9999999985939966 0
outer loop
vertex 11.682159423828125 -67.40425872802734 -3.450000047683716
vertex 3.1936018466949463 -67.40470886230469 -3.450000047683716
vertex 3.1936018466949463 -67.40470886230469 0
endloop
endfacet
facet normal -0.12873898480232507 0.9916785133257989 0
outer loop
vertex 3.1936018466949463 -67.40470886230469 -3.450000047683716
vertex 2.779219150543213 -67.45850372314453 -3.450000047683716
vertex 3.1936018466949463 -67.40470886230469 0
endloop
endfacet
facet normal -0.28022726325609654 0.9599336856929224 0
outer loop
vertex 2.779219150543213 -67.45850372314453 -3.450000047683716
vertex 2.378100633621216 -67.57559967041016 -3.450000047683716
vertex 2.779219150543213 -67.45850372314453 0
endloop
endfacet
facet normal 0.07031649060129559 -0.9975247320991686 0
outer loop
vertex 13.74303913116455 42.16414260864258 0
vertex 13.74303913116455 42.16414260864258 -5.699999809265137
vertex 14.592066764831543 42.22399139404297 0
endloop
endfacet
facet normal -0.9999999846037296 0.00017547605390159864 -8.33622941138426e-7
outer loop
vertex 77.58216094970703 40.96408462524414 -5.699999809265137
vertex 77.56754302978516 -42.31794357299805 -1
vertex 77.57087707519531 -23.317941665649414 -1
endloop
endfacet
facet normal 0.8714238685433682 0.20402135457278406 0.44608937244816416
outer loop
vertex -5.535104751586914 -61.56211471557617 11.5
vertex -5.049220561981201 -61.450958251953125 10.5
vertex -5.605248928070068 -61.26251220703125 11.5
endloop
endfacet
facet normal 0.8719017767073881 0.199468842739879 0.4472130057931157
outer loop
vertex -5.049220561981201 -61.450958251953125 10.5
vertex -5.082827568054199 -61.30405807495117 10.5
vertex -5.605248928070068 -61.26251220703125 11.5
endloop
endfacet
facet normal 0.8719023230473005 0.19946550365368879 0.44721342993798957
outer loop
vertex -5.605248928070068 -61.26251220703125 11.5
vertex -5.082827568054199 -61.30405807495117 10.5
vertex -5.117840766906738 -61.15100860595703 10.5
endloop
endfacet
facet normal 0.8646108493829578 0.23165713384501482 0.4458509296480082
outer loop
vertex -5.519067287445068 -61.621971130371094 11.5
vertex -5.049220561981201 -61.450958251953125 10.5
vertex -5.535104751586914 -61.56211471557617 11.5
endloop
endfacet
facet normal 0.8112367443131197 0.378300936631962 0.4458512599731332
outer loop
vertex -5.519067287445068 -61.621971130371094 11.5
vertex -5.48223352432251 -61.700958251953125 11.5
vertex -5.049220561981201 -61.450958251953125 10.5
endloop
endfacet
facet normal 0.7332349814393476 0.5134035650255018 0.4458511426617017
outer loop
vertex -5.4322428703308105 -61.77235412597656 11.5
vertex -5.049220561981201 -61.450958251953125 10.5
vertex -5.48223352432251 -61.700958251953125 11.5
endloop
endfacet
facet normal 0.6493445141856631 0.6155791068805543 0.4465580198239911
outer loop
vertex -5.390593528747559 -61.816287994384766 11.5
vertex -5.049220561981201 -61.450958251953125 10.5
vertex -5.4322428703308105 -61.77235412597656 11.5
endloop
endfacet
facet normal 0.6106639366138958 0.6535202442985939 0.4472145422625766
outer loop
vertex -5.0157341957092285 -62.16656494140625 11.5
vertex -5.049220561981201 -61.450958251953125 10.5
vertex -5.390593528747559 -61.816287994384766 11.5
endloop
endfacet
facet normal 0.6106674444052456 0.6535184907238627 0.4472123149305832
outer loop
vertex -4.92539119720459 -61.56666946411133 10.5
vertex -5.0157341957092285 -62.16656494140625 11.5
vertex -4.674361705780029 -61.801239013671875 10.5
endloop
endfacet
facet normal 0.6106716038302453 0.6535155528923638 0.44721092831368053
outer loop
vertex -4.92539119720459 -61.56666946411133 10.5
vertex -5.049220561981201 -61.450958251953125 10.5
vertex -5.0157341957092285 -62.16656494140625 11.5
endloop
endfacet
facet normal 0.0779881432441377 0.8917035445100686 0.44585046621206076
outer loop
vertex -4.674361705780029 -61.801239013671875 10.5
vertex -4.761185646057129 -62.293643951416016 11.5
vertex -4.675653457641602 -62.301124572753906 11.5
endloop
endfacet
facet normal 0.2316950860917216 0.8646009288252354 0.4458504468490413
outer loop
vertex -4.761185646057129 -62.293643951416016 11.5
vertex -4.674361705780029 -61.801239013671875 10.5
vertex -4.845371723175049 -62.27108383178711 11.5
endloop
endfacet
facet normal 0.3782981443702101 0.8112391363854441 0.445849276732232
outer loop
vertex -4.924361705780029 -62.234249114990234 11.5
vertex -4.845371723175049 -62.27108383178711 11.5
vertex -4.674361705780029 -61.801239013671875 10.5
endloop
endfacet
facet normal 0.533082168772482 0.7196519144488006 0.44488709058254694
outer loop
vertex -4.924361705780029 -62.234249114990234 11.5
vertex -4.674361705780029 -61.801239013671875 10.5
vertex -5.0157341957092285 -62.16656494140625 11.5
endloop
endfacet
facet normal 0.002311698109660434 0.8944645484586352 0.447132897025638
outer loop
vertex 12.93750286102295 -61.84675598144531 10.5
vertex -4.674361705780029 -61.801239013671875 10.5
vertex -4.675653457641602 -62.301124572753906 11.5
endloop
endfacet
facet normal 0.0023181229715110423 0.894418432017051 0.44722510525913983
outer loop
vertex 12.932159423828125 -61.90100860595703 10.608529090881348
vertex 12.93750286102295 -61.84675598144531 10.5
vertex -4.675653457641602 -62.301124572753906 11.5
endloop
endfacet
facet normal 0.0023172399768503337 0.8944297695761967 0.4472024348041513
outer loop
vertex 13.05855655670166 -62.317684173583984 11.441227912902832
vertex 12.989249229431152 -62.18802261352539 11.182256698608398
vertex -4.675653457641602 -62.301124572753906 11.5
endloop
endfacet
facet normal 0.002317296202268155 0.8944198954916908 0.4472221826865746
outer loop
vertex 13.05855655670166 -62.317684173583984 11.441227912902832
vertex -4.675653457641602 -62.301124572753906 11.5
vertex 13.082724571228027 -62.34713363647461 11.5
endloop
endfacet
facet normal 0.002311876112705149 0.8944263367370772 0.4472093283686422
outer loop
vertex 14.582159042358398 -61.851009368896484 10.5
vertex 14.42719554901123 -61.850608825683594 10.5
vertex 14.432159423828125 -61.90100860595703 10.600774765014648
endloop
endfacet
facet normal 0.002312636266201298 0.8944258818823784 0.4472102341543964
outer loop
vertex 14.582159042358398 -61.851009368896484 10.5
vertex 14.432159423828125 -61.90100860595703 10.600774765014648
vertex 14.41774845123291 -62.047325134277344 10.893484115600586
endloop
endfacet
facet normal 0.0020806645189830925 0.8944651212680338 0.4471328859188518
outer loop
vertex 14.41774845123291 -62.047325134277344 10.893484115600586
vertex 14.580866813659668 -62.350894927978516 11.5
vertex 14.582159042358398 -61.851009368896484 10.5
endloop
endfacet
facet normal 0.0019040790697731514 0.8944464457833813 0.4471710300414962
outer loop
vertex 14.580866813659668 -62.350894927978516 11.5
vertex 14.41774845123291 -62.047325134277344 10.893484115600586
vertex 14.375068664550781 -62.18802261352539 11.175093650817871
endloop
endfacet
facet normal 0.001978564110839749 0.8944651759841179 0.4471332399137422
outer loop
vertex 14.580866813659668 -62.350894927978516 11.5
vertex 14.375068664550781 -62.18802261352539 11.175093650817871
vertex 14.305761337280273 -62.317684173583984 11.434781074523926
endloop
endfacet
facet normal 0.0019784546326946 0.8944649921687506 0.4471336081103981
outer loop
vertex 14.580866813659668 -62.350894927978516 11.5
vertex 14.305761337280273 -62.317684173583984 11.434781074523926
vertex 14.27905559539795 -62.35022735595703 11.5
endloop
endfacet
facet normal 0.00231724114614675 0.8944255464822064 0.4472108811215096
outer loop
vertex 12.94657039642334 -62.047325134277344 10.90108871459961
vertex 12.932159423828125 -61.90100860595703 10.608529090881348
vertex -4.675653457641602 -62.301124572753906 11.5
endloop
endfacet
facet normal 0.0023176073144978997 0.8944211005033984 0.44721977110882
outer loop
vertex 12.989249229431152 -62.18802261352539 11.182256698608398
vertex 12.94657039642334 -62.047325134277344 10.90108871459961
vertex -4.675653457641602 -62.301124572753906 11.5
endloop
endfacet
facet normal -0.11071454994972509 0.889026375587172 0.44426837828025334
outer loop
vertex 14.582159042358398 -61.851009368896484 10.5
vertex 14.580866813659668 -62.350894927978516 11.5
vertex 14.693315505981445 -62.336891174316406 11.5
endloop
endfacet
facet normal -0.19960007707358188 0.8724456735608647 0.4460923177069397
outer loop
vertex 14.73519229888916 -61.81599807739258 10.5
vertex 14.582159042358398 -61.851009368896484 10.5
vertex 14.693315505981445 -62.336891174316406 11.5
endloop
endfacet
facet normal -0.19959435489549715 0.8724466105840941 0.4460930454223382
outer loop
vertex 14.882110595703125 -61.782386779785156 10.5
vertex 14.73519229888916 -61.81599807739258 10.5
vertex 14.693315505981445 -62.336891174316406 11.5
endloop
endfacet
facet normal -0.19503567982941666 0.8729063635574155 0.44720863593455634
outer loop
vertex 14.882110595703125 -61.782386779785156 10.5
vertex 14.693315505981445 -62.336891174316406 11.5
vertex 14.99361515045166 -62.26979446411133 11.5
endloop
endfacet
facet normal -0.5134193727503318 0.7332239809774006 0.4458510305071733
outer loop
vertex 14.882110595703125 -61.782386779785156 10.5
vertex 15.132110595703125 -62.21540069580078 11.5
vertex 15.20350456237793 -62.165409088134766 11.5
endloop
endfacet
facet normal -0.6329220921818449 0.6329503299837627 0.4458514382634673
outer loop
vertex 14.882110595703125 -61.782386779785156 10.5
vertex 15.20350456237793 -62.165409088134766 11.5
vertex 15.246257781982422 -62.122657775878906 11.5
endloop
endfacet
facet normal -0.25323675884003755 0.858188181869595 0.4465245664815675
outer loop
vertex 14.882110595703125 -61.782386779785156 10.5
vertex 14.99361515045166 -62.26979446411133 11.5
vertex 15.053120613098145 -62.252235412597656 11.5
endloop
endfacet
facet normal -0.3782976224166575 0.8112380170853483 0.4458517562030415
outer loop
vertex 14.882110595703125 -61.782386779785156 10.5
vertex 15.053120613098145 -62.252235412597656 11.5
vertex 15.132110595703125 -62.21540069580078 11.5
endloop
endfacet
facet normal -0.6539431111392084 0.6110588272141293 0.4460555089641486
outer loop
vertex 15.232389450073242 -61.407527923583984 10.5
vertex 14.997735977172852 -61.65864944458008 10.5
vertex 15.246257781982422 -62.122657775878906 11.5
endloop
endfacet
facet normal -0.653936061046983 0.6110654184531423 0.44605681525232027
outer loop
vertex 14.997735977172852 -61.65864944458008 10.5
vertex 14.882110595703125 -61.782386779785156 10.5
vertex 15.246257781982422 -62.122657775878906 11.5
endloop
endfacet
facet normal -0.6515931887519529 0.6127215830011195 0.4472120057608741
outer loop
vertex 15.59771728515625 -61.7489013671875 11.5
vertex 15.232389450073242 -61.407527923583984 10.5
vertex 15.246257781982422 -62.122657775878906 11.5
endloop
endfacet
facet normal -0.7654472470519141 0.46960965897498 0.4399514520694856
outer loop
vertex 15.232389450073242 -61.407527923583984 10.5
vertex 15.59771728515625 -61.7489013671875 11.5
vertex 15.702235221862793 -61.57854080200195 11.5
endloop
endfacet
facet normal -0.8646059200900105 0.23167552260873972 0.4458509337988134
outer loop
vertex 15.724793434143066 -61.494354248046875 11.5
vertex 15.232389450073242 -61.407527923583984 10.5
vertex 15.702235221862793 -61.57854080200195 11.5
endloop
endfacet
facet normal -0.8917018655423682 0.0780066678404457 0.4458505834477403
outer loop
vertex 15.232389450073242 -61.407527923583984 10.5
vertex 15.724793434143066 -61.494354248046875 11.5
vertex 15.72996997833252 -61.4351806640625 11.5
endloop
endfacet
facet normal -0.8929361704656669 0.05107462113957926 0.44727662419307995
outer loop
vertex 15.291886329650879 -60.33686828613281 10.5
vertex 15.72996997833252 -61.4351806640625 11.5
vertex 15.788076400756836 -60.419307708740234 11.5
endloop
endfacet
facet normal -0.893638978271557 0.04965978805615519 0.4460305841127772
outer loop
vertex 15.291886329650879 -60.33686828613281 10.5
vertex 15.232389450073242 -61.407527923583984 10.5
vertex 15.72996997833252 -61.4351806640625 11.5
endloop
endfacet
facet normal -0.8611174407220629 0.24181936421760744 0.4472137613867406
outer loop
vertex 15.827352523803711 -60.27944564819336 11.5
vertex 15.36422061920166 -60.07928466796875 10.5
vertex 15.788076400756836 -60.419307708740234 11.5
endloop
endfacet
facet normal -0.8611179522649091 0.24181799968673667 0.4472135142351977
outer loop
vertex 15.36422061920166 -60.07928466796875 10.5
vertex 15.291886329650879 -60.33686828613281 10.5
vertex 15.788076400756836 -60.419307708740234 11.5
endloop
endfacet
facet normal -0.7661823771909634 0.4614805426852698 0.447213901399446
outer loop
vertex 15.48776912689209 -59.87416076660156 10.5
vertex 15.36422061920166 -60.07928466796875 10.5
vertex 15.827352523803711 -60.27944564819336 11.5
endloop
endfacet
facet normal -0.7661793320087993 0.4614848922773126 0.4472146301300386
outer loop
vertex 15.895747184753418 -60.1658935546875 11.5
vertex 15.48776912689209 -59.87416076660156 10.5
vertex 15.827352523803711 -60.27944564819336 11.5
endloop
endfacet
facet normal -0.6164011031077878 0.6481117327649114 0.44721455917709846
outer loop
vertex 15.895747184753418 -60.1658935546875 11.5
vertex 15.991801261901855 -60.07453918457031 11.5
vertex 15.696128845214844 -59.66571807861328 10.5
endloop
endfacet
facet normal -0.6164050479618398 0.6481085396018841 0.4472137495004767
outer loop
vertex 15.696128845214844 -59.66571807861328 10.5
vertex 15.608514785766602 -59.749046325683594 10.5
vertex 15.895747184753418 -60.1658935546875 11.5
endloop
endfacet
facet normal -0.6445812124883032 0.6220735402643192 0.44445423950067753
outer loop
vertex 15.608514785766602 -59.749046325683594 10.5
vertex 15.48776912689209 -59.87416076660156 10.5
vertex 15.895747184753418 -60.1658935546875 11.5
endloop
endfacet
facet normal -0.42250214185778545 0.7883467851006182 0.44721503390103484
outer loop
vertex 16.108640670776367 -60.01192092895508 11.5
vertex 15.696128845214844 -59.66571807861328 10.5
vertex 15.991801261901855 -60.07453918457031 11.5
endloop
endfacet
facet normal -0.42250097315738355 0.7883475372217494 0.447214812184778
outer loop
vertex 15.931943893432617 -59.539337158203125 10.5
vertex 15.696128845214844 -59.66571807861328 10.5
vertex 16.108640670776367 -60.01192092895508 11.5
endloop
endfacet
facet normal -0.19834021840116176 0.8721595108407021 0.44721241643617954
outer loop
vertex 16.192829132080078 -59.48000717163086 10.5
vertex 16.051069259643555 -59.512245178222656 10.5
vertex 16.249025344848633 -59.9799919128418 11.5
endloop
endfacet
facet normal -0.1983621736548114 0.8721536861016385 0.4472140381095647
outer loop
vertex 16.249025344848633 -59.9799919128418 11.5
vertex 16.051069259643555 -59.512245178222656 10.5
vertex 16.108640670776367 -60.01192092895508 11.5
endloop
endfacet
facet normal -0.19834936852785504 0.8721563053207346 0.4472146096606043
outer loop
vertex 16.051069259643555 -59.512245178222656 10.5
vertex 15.931943893432617 -59.539337158203125 10.5
vertex 16.108640670776367 -60.01192092895508 11.5
endloop
endfacet
facet normal -0.0002055149167947595 0.8944272209944787 0.44721348828910884
outer loop
vertex 33.58216094970703 -59.476009368896484 10.5
vertex 18.98895835876465 -59.47936248779297 10.5
vertex 16.249025344848633 -59.9799919128418 11.5
endloop
endfacet
facet normal -0.00020622196835634918 0.8944279955773246 0.44721193879415744
outer loop
vertex 18.98895835876465 -59.47936248779297 10.5
vertex 16.192829132080078 -59.48000717163086 10.5
vertex 16.249025344848633 -59.9799919128418 11.5
endloop
endfacet
facet normal -0.00020550649600901402 0.8944271627054386 0.44721360487107137
outer loop
vertex 33.58216094970703 -59.476009368896484 10.5
vertex 16.249025344848633 -59.9799919128418 11.5
vertex 33.582275390625 -59.976009368896484 11.5
endloop
endfacet
facet normal -0.11299489692762725 0.8886937205537352 0.4443597915165978
outer loop
vertex 33.58216094970703 -59.476009368896484 10.5
vertex 33.582275390625 -59.976009368896484 11.5
vertex 33.69331359863281 -59.961891174316406 11.5
endloop
endfacet
facet normal -0.1996036909425905 0.8724451586242058 0.4460917077858311
outer loop
vertex 33.735191345214844 -59.44099807739258 10.5
vertex 33.58216094970703 -59.476009368896484 10.5
vertex 33.69331359863281 -59.961891174316406 11.5
endloop
endfacet
facet normal -0.19959312302992352 0.8724468891583786 0.4460930517695043
outer loop
vertex 33.882110595703125 -59.407386779785156 10.5
vertex 33.735191345214844 -59.44099807739258 10.5
vertex 33.69331359863281 -59.961891174316406 11.5
endloop
endfacet
facet normal -0.19503510625579526 0.8729065685751728 0.4472084859057438
outer loop
vertex 33.882110595703125 -59.407386779785156 10.5
vertex 33.69331359863281 -59.961891174316406 11.5
vertex 33.993614196777344 -59.89479446411133 11.5
endloop
endfacet
facet normal -0.6329080686534745 0.632964543005991 0.44585116791430063
outer loop
vertex 33.882110595703125 -59.407386779785156 10.5
vertex 34.2035026550293 -59.790409088134766 11.5
vertex 34.24625778198242 -59.747657775878906 11.5
endloop
endfacet
facet normal -0.3782939013393423 0.8112398317143498 0.44585161169332277
outer loop
vertex 33.882110595703125 -59.407386779785156 10.5
vertex 34.05311965942383 -59.877235412597656 11.5
vertex 34.132110595703125 -59.84040069580078 11.5
endloop
endfacet
facet normal -0.513428688715645 0.7332176962467223 0.4458506381226595
outer loop
vertex 33.882110595703125 -59.407386779785156 10.5
vertex 34.132110595703125 -59.84040069580078 11.5
vertex 34.2035026550293 -59.790409088134766 11.5
endloop
endfacet
facet normal -0.2532367861486032 0.85818827441496 0.44652437312850013
outer loop
vertex 33.882110595703125 -59.407386779785156 10.5
vertex 33.993614196777344 -59.89479446411133 11.5
vertex 34.05311965942383 -59.877235412597656 11.5
endloop
endfacet
facet normal -0.6515928265949816 0.6127212424490748 0.44721300001411457
outer loop
vertex 34.59771728515625 -59.3739013671875 11.5
vertex 34.23238754272461 -59.032527923583984 10.5
vertex 34.24625778198242 -59.747657775878906 11.5
endloop
endfacet
facet normal -0.6539448266766521 0.6110570113426639 0.4460554814726695
outer loop
vertex 34.23238754272461 -59.032527923583984 10.5
vertex 33.99769973754883 -59.283687591552734 10.5
vertex 34.24625778198242 -59.747657775878906 11.5
endloop
endfacet
facet normal -0.6539376261777047 0.6110637435103657 0.44605681525582175
outer loop
vertex 33.99769973754883 -59.283687591552734 10.5
vertex 33.882110595703125 -59.407386779785156 10.5
vertex 34.24625778198242 -59.747657775878906 11.5
endloop
endfacet
facet normal -0.7654447225156419 0.4696123950873525 0.43995292379216233
outer loop
vertex 34.23238754272461 -59.032527923583984 10.5
vertex 34.59771728515625 -59.3739013671875 11.5
vertex 34.70223617553711 -59.20354080200195 11.5
endloop
endfacet
facet normal -0.8826477610055617 0.15979718802137338 0.44203822085010985
outer loop
vertex 34.73163604736328 -59.0411491394043 11.5
vertex 34.23238754272461 -59.032527923583984 10.5
vertex 34.70223617553711 -59.20354080200195 11.5
endloop
endfacet
facet normal -0.8942933893968835 0.015442186564897988 0.44721457104518514
outer loop
vertex 34.29188537597656 -55.58686828613281 10.5
vertex 34.23238754272461 -59.032527923583984 10.5
vertex 34.79069900512695 -55.659969329833984 11.5
endloop
endfacet
facet normal -0.8945328957192565 0.015625835245004546 0.44672892423595967
outer loop
vertex 34.79069900512695 -55.659969329833984 11.5
vertex 34.23238754272461 -59.032527923583984 10.5
vertex 34.73163604736328 -59.0411491394043 11.5
endloop
endfacet
facet normal -0.8611145411697629 0.24182983475859984 0.4472136827139985
outer loop
vertex 34.827354431152344 -55.52944564819336 11.5
vertex 34.29188537597656 -55.58686828613281 10.5
vertex 34.79069900512695 -55.659969329833984 11.5
endloop
endfacet
facet normal -0.8611169222595644 0.24181771044200373 0.4472156539241469
outer loop
vertex 34.364219665527344 -55.32928466796875 10.5
vertex 34.29188537597656 -55.58686828613281 10.5
vertex 34.827354431152344 -55.52944564819336 11.5
endloop
endfacet
facet normal -0.7661817320748591 0.4614799030594332 0.4472156666609803
outer loop
vertex 34.895748138427734 -55.4158935546875 11.5
vertex 34.364219665527344 -55.32928466796875 10.5
vertex 34.827354431152344 -55.52944564819336 11.5
endloop
endfacet
facet normal -0.7661781135312117 0.461487165138467 0.44721437226258165
outer loop
vertex 34.502262115478516 -55.100101470947266 10.5
vertex 34.364219665527344 -55.32928466796875 10.5
vertex 34.895748138427734 -55.4158935546875 11.5
endloop
endfacet
facet normal -0.6164106498702906 0.6481025944976485 0.4472146439148686
outer loop
vertex 34.60851287841797 -54.999046325683594 10.5
vertex 34.502262115478516 -55.100101470947266 10.5
vertex 34.895748138427734 -55.4158935546875 11.5
endloop
endfacet
facet normal -0.6164009410600588 0.6481115623806698 0.44721502945312686
outer loop
vertex 34.99180221557617 -55.32453918457031 11.5
vertex 34.696128845214844 -54.91571807861328 10.5
vertex 34.895748138427734 -55.4158935546875 11.5
endloop
endfacet
facet normal -0.6163973039745688 0.6481145063947947 0.4472157759443585
outer loop
vertex 34.696128845214844 -54.91571807861328 10.5
vertex 34.60851287841797 -54.999046325683594 10.5
vertex 34.895748138427734 -55.4158935546875 11.5
endloop
endfacet
facet normal -0.4225106700959591 0.788343393463237 0.44721295557925356
outer loop
vertex 35.108638763427734 -55.26192092895508 11.5
vertex 34.93194580078125 -54.789337158203125 10.5
vertex 34.99180221557617 -55.32453918457031 11.5
endloop
endfacet
facet normal -0.42249824594727836 0.7883488248707774 0.4472151188145783
outer loop
vertex 34.93194580078125 -54.789337158203125 10.5
vertex 34.696128845214844 -54.91571807861328 10.5
vertex 34.99180221557617 -55.32453918457031 11.5
endloop
endfacet
facet normal -0.19835313888700015 0.8721564761243169 0.4472126043036896
outer loop
vertex 35.24899673461914 -55.22999954223633 11.5
vertex 35.19282913208008 -54.73000717163086 10.5
vertex 35.108638763427734 -55.26192092895508 11.5
endloop
endfacet
facet normal -0.19834254567294216 0.8721580096736722 0.44721431186628596
outer loop
vertex 35.19282913208008 -54.73000717163086 10.5
vertex 35.05107116699219 -54.762245178222656 10.5
vertex 35.108638763427734 -55.26192092895508 11.5
endloop
endfacet
facet normal -0.19834943564563118 0.8721566004423782 0.4472140043467484
outer loop
vertex 35.05107116699219 -54.762245178222656 10.5
vertex 34.93194580078125 -54.789337158203125 10.5
vertex 35.108638763427734 -55.26192092895508 11.5
endloop
endfacet
facet normal -0.00009819864422954474 0.894426766538335 0.44721443364096036
outer loop
vertex 41.040809631347656 -54.72936248779297 10.5
vertex 35.24899673461914 -55.22999954223633 11.5
vertex 71.58216094970703 -54.726009368896484 10.5
endloop
endfacet
facet normal -0.00009860208716907686 0.894427700930935 0.4472125647664991
outer loop
vertex 41.040809631347656 -54.72936248779297 10.5
vertex 35.19282913208008 -54.73000717163086 10.5
vertex 35.24899673461914 -55.22999954223633 11.5
endloop
endfacet
facet normal -0.00009822745520674054 0.8944271845865511 0.44721359753918766
outer loop
vertex 71.58216094970703 -54.726009368896484 10.5
vertex 35.24899673461914 -55.22999954223633 11.5
vertex 71.58221435546875 -55.226009368896484 11.5
endloop
endfacet
facet normal -0.11293395855237043 0.8887026773518606 0.44435737000001074
outer loop
vertex 71.58221435546875 -55.226009368896484 11.5
vertex 71.69331359863281 -55.211891174316406 11.5
vertex 71.58216094970703 -54.726009368896484 10.5
endloop
endfacet
facet normal -0.19503510625579526 0.8729065685751728 0.4472084859057438
outer loop
vertex 71.88211059570312 -54.657386779785156 10.5
vertex 71.69331359863281 -55.211891174316406 11.5
vertex 71.99361419677734 -55.14479446411133 11.5
endloop
endfacet
facet normal -0.1996036909425905 0.8724451586242058 0.4460917077858311
outer loop
vertex 71.73519134521484 -54.69099807739258 10.5
vertex 71.58216094970703 -54.726009368896484 10.5
vertex 71.69331359863281 -55.211891174316406 11.5
endloop
endfacet
facet normal -0.19959312302992352 0.8724468891583786 0.4460930517695043
outer loop
vertex 71.88211059570312 -54.657386779785156 10.5
vertex 71.73519134521484 -54.69099807739258 10.5
vertex 71.69331359863281 -55.211891174316406 11.5
endloop
endfacet
facet normal -0.6329648463917957 0.6329083669730046 0.4458503137239839
outer loop
vertex 71.88211059570312 -54.657386779785156 10.5
vertex 72.20350646972656 -55.040409088134766 11.5
vertex 72.24625396728516 -54.997657775878906 11.5
endloop
endfacet
facet normal -0.5134100570581702 0.7332302653873112 0.44585142282107815
outer loop
vertex 71.88211059570312 -54.657386779785156 10.5
vertex 72.13211059570312 -55.09040069580078 11.5
vertex 72.20350646972656 -55.040409088134766 11.5
endloop
endfacet
facet normal -0.3783087860488895 0.8112325729006117 0.4458521897033472
outer loop
vertex 71.88211059570312 -54.657386779785156 10.5
vertex 72.0531234741211 -55.127235412597656 11.5
vertex 72.13211059570312 -55.09040069580078 11.5
endloop
endfacet
facet normal -0.2532217986031315 0.8581924958090053 0.446524759503105
outer loop
vertex 71.88211059570312 -54.657386779785156 10.5
vertex 71.99361419677734 -55.14479446411133 11.5
vertex 72.0531234741211 -55.127235412597656 11.5
endloop
endfacet
facet normal -0.6539454896712461 0.6110589336067213 0.44605187612883196
outer loop
vertex 72.23239135742188 -54.282527923583984 10.5
vertex 71.99769592285156 -54.533695220947266 10.5
vertex 72.24625396728516 -54.997657775878906 11.5
endloop
endfacet
facet normal -0.6539296123801681 0.6110737781069883 0.4460548169926813
outer loop
vertex 71.99769592285156 -54.533695220947266 10.5
vertex 71.88211059570312 -54.657386779785156 10.5
vertex 72.24625396728516 -54.997657775878906 11.5
endloop
endfacet
facet normal -0.6515902342148682 0.6127254550935176 0.4472110054060108
outer loop
vertex 72.59771728515625 -54.6239013671875 11.5
vertex 72.23239135742188 -54.282527923583984 10.5
vertex 72.24625396728516 -54.997657775878906 11.5
endloop
endfacet
facet normal -0.883478645492872 0.15592773395128995 0.44176014390492024
outer loop
vertex 72.73236846923828 -54.28279113769531 11.5
vertex 72.23239135742188 -54.282527923583984 10.5
vertex 72.70223236083984 -54.45354080200195 11.5
endloop
endfacet
facet normal -0.8112637048587359 0.37824494381851814 0.445849709716855
outer loop
vertex 72.70223236083984 -54.45354080200195 11.5
vertex 72.23239135742188 -54.282527923583984 10.5
vertex 72.6654052734375 -54.532527923583984 11.5
endloop
endfacet
facet normal -0.7196396846011671 0.5330975895947526 0.44488839534808877
outer loop
vertex 72.23239135742188 -54.282527923583984 10.5
vertex 72.59771728515625 -54.6239013671875 11.5
vertex 72.6654052734375 -54.532527923583984 11.5
endloop
endfacet
facet normal -0.8944270447476722 0.0004675061624885924 0.4472136436446607
outer loop
vertex 72.28215789794922 40.97399139404297 10.5
vertex 72.73236846923828 -54.28279113769531 11.5
vertex 72.78215789794922 40.973731994628906 11.5
endloop
endfacet
facet normal -0.8944352327955257 0.0004672955466027161 0.44719726739872395
outer loop
vertex 72.28215789794922 40.97399139404297 10.5
vertex 72.23239135742188 -54.282527923583984 10.5
vertex 72.73236846923828 -54.28279113769531 11.5
endloop
endfacet
facet normal -0.888751804761816 -0.11258882040670797 0.44434669690686457
outer loop
vertex 72.7680435180664 41.085147857666016 11.5
vertex 72.28215789794922 40.97399139404297 10.5
vertex 72.78215789794922 40.973731994628906 11.5
endloop
endfacet
facet normal -0.8724474429539133 -0.19958774772802992 0.44609437369241783
outer loop
vertex 72.21353912353516 41.27394485473633 10.5
vertex 72.7680435180664 41.085147857666016 11.5
vertex 72.69942474365234 41.38509750366211 11.5
endloop
endfacet
facet normal -0.8724491690683198 -0.19957099183392785 0.4460984942929314
outer loop
vertex 72.21353912353516 41.27394485473633 10.5
vertex 72.24714660644531 41.12702560424805 10.5
vertex 72.7680435180664 41.085147857666016 11.5
endloop
endfacet
facet normal -0.8724446487009965 -0.19959859874312003 0.44609498353240623
outer loop
vertex 72.28215789794922 40.97399139404297 10.5
vertex 72.7680435180664 41.085147857666016 11.5
vertex 72.24714660644531 41.12702560424805 10.5
endloop
endfacet
facet normal -0.7331997456424555 -0.513455296093509 0.4458495171056771
outer loop
vertex 72.21353912353516 41.27394485473633 10.5
vertex 72.64655303955078 41.52394485473633 11.5
vertex 72.5965576171875 41.5953369140625 11.5
endloop
endfacet
facet normal -0.8112398317143498 -0.3782939013393423 0.44585161169332277
outer loop
vertex 72.21353912353516 41.27394485473633 10.5
vertex 72.68338775634766 41.44495391845703 11.5
vertex 72.64655303955078 41.52394485473633 11.5
endloop
endfacet
facet normal -0.8646123879441857 -0.23165065827017758 0.44585131056939414
outer loop
vertex 72.21353912353516 41.27394485473633 10.5
vertex 72.69942474365234 41.38509750366211 11.5
vertex 72.68338775634766 41.44495391845703 11.5
endloop
endfacet
facet normal -0.6329929714764958 -0.6328800176985735 0.445850626621977
outer loop
vertex 72.21353912353516 41.27394485473633 10.5
vertex 72.5965576171875 41.5953369140625 11.5
vertex 72.5538101196289 41.638092041015625 11.5
endloop
endfacet
facet normal -0.6110598606832518 -0.6539412544154098 0.4460568152549235
outer loop
vertex 72.5538101196289 41.638092041015625 11.5
vertex 72.0897445678711 41.38962173461914 10.5
vertex 72.21353912353516 41.27394485473633 10.5
endloop
endfacet
facet normal -0.6110556091071508 -0.6539452271842731 0.446056815239492
outer loop
vertex 72.17894744873047 41.98836898803711 11.5
vertex 71.83867645263672 41.62422180175781 10.5
vertex 72.5538101196289 41.638092041015625 11.5
endloop
endfacet
facet normal -0.611053913962025 -0.6539476154299199 0.4460556361096806
outer loop
vertex 71.83867645263672 41.62422180175781 10.5
vertex 72.0897445678711 41.38962173461914 10.5
vertex 72.5538101196289 41.638092041015625 11.5
endloop
endfacet
facet normal -0.1560834561283606 -0.8834442311508655 0.4417739752059671
outer loop
vertex 71.8393325805664 42.12416458129883 11.5
vertex 71.83867645263672 41.62422180175781 10.5
vertex 72.00968933105469 42.09406661987305 11.5
endloop
endfacet
facet normal -0.543391503348552 -0.7122814233224469 0.4442756442551739
outer loop
vertex 72.08867645263672 42.05723571777344 11.5
vertex 71.83867645263672 41.62422180175781 10.5
vertex 72.17894744873047 41.98836898803711 11.5
endloop
endfacet
facet normal -0.3782768657850394 -0.8112481390932186 0.44585095001540287
outer loop
vertex 72.00968933105469 42.09406661987305 11.5
vertex 71.83867645263672 41.62422180175781 10.5
vertex 72.08867645263672 42.05723571777344 11.5
endloop
endfacet
facet normal -0.0011636429314089353 -0.8944467549470037 0.4471729514403831
outer loop
vertex 33.58280944824219 42.17393493652344 11.5
vertex 33.58216094970703 41.67399215698242 10.5
vertex 71.8393325805664 42.12416458129883 11.5
endloop
endfacet
facet normal -0.00116364315885113 -0.8944467513957898 0.44717295854301964
outer loop
vertex 71.8393325805664 42.12416458129883 11.5
vertex 33.58216094970703 41.67399215698242 10.5
vertex 71.83867645263672 41.62422180175781 10.5
endloop
endfacet
facet normal 0.11175742822273232 -0.888873395869759 0.44431336166269353
outer loop
vertex 33.471004486083984 42.15987777709961 11.5
vertex 33.58216094970703 41.67399215698242 10.5
vertex 33.58280944824219 42.17393493652344 11.5
endloop
endfacet
facet normal 0.19958806013964275 -0.8724474107681695 0.446094296862907
outer loop
vertex 33.42913055419922 41.63898468017578 10.5
vertex 33.471004486083984 42.15987777709961 11.5
vertex 33.28220748901367 41.60537338256836 10.5
endloop
endfacet
facet normal 0.19958266035264915 -0.8724482949446305 0.44609498353463484
outer loop
vertex 33.471004486083984 42.15987777709961 11.5
vertex 33.42913055419922 41.63898468017578 10.5
vertex 33.58216094970703 41.67399215698242 10.5
endloop
endfacet
facet normal 0.19959610785788423 -0.8724465816317358 0.44609231771807367
outer loop
vertex 33.171051025390625 42.09125518798828 11.5
vertex 33.28220748901367 41.60537338256836 10.5
vertex 33.471004486083984 42.15987777709961 11.5
endloop
endfacet
facet normal 0.6329367974285491 -0.6329367974285491 0.4458497739393655
outer loop
vertex 33.28220748901367 41.60537338256836 10.5
vertex 32.9608154296875 41.98839569091797 11.5
vertex 32.918060302734375 41.945640563964844 11.5
endloop
endfacet
facet normal 0.5134027197577236 -0.7332365613755949 0.44584951767100267
outer loop
vertex 32.9608154296875 41.98839569091797 11.5
vertex 33.28220748901367 41.60537338256836 10.5
vertex 33.03220748901367 42.03838348388672 11.5
endloop
endfacet
facet normal 0.3782944232887592 -0.8112409510190903 0.4458491322165683
outer loop
vertex 33.03220748901367 42.03838348388672 11.5
vertex 33.28220748901367 41.60537338256836 10.5
vertex 33.11119842529297 42.075218200683594 11.5
endloop
endfacet
facet normal 0.23166471002758718 -0.8646097289088589 0.4458491659787908
outer loop
vertex 33.11119842529297 42.075218200683594 11.5
vertex 33.28220748901367 41.60537338256836 10.5
vertex 33.171051025390625 42.09125518798828 11.5
endloop
endfacet
facet normal 0.6539416093583007 -0.6110608438464438 0.446054948036167
outer loop
vertex 32.56778335571289 41.57078170776367 11.5
vertex 32.93193054199219 41.23051452636719 10.5
vertex 33.16654968261719 41.481597900390625 10.5
endloop
endfacet
facet normal 0.6539446990593311 -0.6110564715005966 0.44605640810265434
outer loop
vertex 32.56778335571289 41.57078170776367 11.5
vertex 33.16654968261719 41.481597900390625 10.5
vertex 33.28220748901367 41.60537338256836 10.5
endloop
endfacet
facet normal 0.6539428051084284 -0.611059564181986 0.4460549480373933
outer loop
vertex 32.56778335571289 41.57078170776367 11.5
vertex 33.28220748901367 41.60537338256836 10.5
vertex 32.918060302734375 41.945640563964844 11.5
endloop
endfacet
facet normal 0.8826479988408722 -0.15979723107978863 0.4420377303821884
outer loop
vertex 32.432682037353516 41.239131927490234 11.5
vertex 32.93193054199219 41.23051452636719 10.5
vertex 32.46208190917969 41.40152359008789 11.5
endloop
endfacet
facet normal 0.7619357357895166 -0.4758277507999034 0.4393653219083101
outer loop
vertex 32.46208190917969 41.40152359008789 11.5
vertex 32.93193054199219 41.23051452636719 10.5
vertex 32.56778335571289 41.57078170776367 11.5
endloop
endfacet
facet normal 0.8945360328146682 -0.015446359302759316 0.4467288842021356
outer loop
vertex 32.872432708740234 37.78485107421875 10.5
vertex 32.93193054199219 41.23051452636719 10.5
vertex 32.432682037353516 41.239131927490234 11.5
endloop
endfacet
facet normal 0.8942856497792535 -0.015621516315715336 0.4472238196103783
outer loop
vertex 32.373619079589844 37.85795211791992 11.5
vertex 32.872432708740234 37.78485107421875 10.5
vertex 32.432682037353516 41.239131927490234 11.5
endloop
endfacet
facet normal 0.8611204903023912 -0.24180633828692352 0.4472149326058323
outer loop
vertex 32.33696746826172 37.7274284362793 11.5
vertex 32.872432708740234 37.78485107421875 10.5
vertex 32.373619079589844 37.85795211791992 11.5
endloop
endfacet
facet normal 0.8611181872891558 -0.24181806568593348 0.447213026004109
outer loop
vertex 32.33696746826172 37.7274284362793 11.5
vertex 32.80009841918945 37.52726745605469 10.5
vertex 32.872432708740234 37.78485107421875 10.5
endloop
endfacet
facet normal 0.7661718673233672 -0.46149970037652344 0.4472121378882774
outer loop
vertex 32.26856994628906 37.61387634277344 11.5
vertex 32.80009841918945 37.52726745605469 10.5
vertex 32.33696746826172 37.7274284362793 11.5
endloop
endfacet
facet normal 0.7661781135312117 -0.461487165138467 0.44721437226258165
outer loop
vertex 32.26856994628906 37.61387634277344 11.5
vertex 32.66205596923828 37.2980842590332 10.5
vertex 32.80009841918945 37.52726745605469 10.5
endloop
endfacet
facet normal 0.6163972052136664 -0.6481158546052409 0.4472139582058003
outer loop
vertex 32.46818923950195 37.113704681396484 10.5
vertex 32.55580139160156 37.19702911376953 10.5
vertex 32.26856994628906 37.61387634277344 11.5
endloop
endfacet
facet normal 0.6164016225964506 -0.6481122789785629 0.44721305157349356
outer loop
vertex 32.172515869140625 37.52252197265625 11.5
vertex 32.46818923950195 37.113704681396484 10.5
vertex 32.26856994628906 37.61387634277344 11.5
endloop
endfacet
facet normal 0.6163993285965954 -0.6481139594099721 0.44721377810125174
outer loop
vertex 32.26856994628906 37.61387634277344 11.5
vertex 32.55580139160156 37.19702911376953 10.5
vertex 32.66205596923828 37.2980842590332 10.5
endloop
endfacet
facet normal 0.4225109337864172 -0.7883438854712388 0.4472118391445381
outer loop
vertex 32.172515869140625 37.52252197265625 11.5
vertex 32.05567932128906 37.459903717041016 11.5
vertex 32.23237609863281 36.98732376098633 10.5
endloop
endfacet
facet normal 0.4225040469597364 -0.7883468961940847 0.4472130382309955
outer loop
vertex 32.46818923950195 37.113704681396484 10.5
vertex 32.172515869140625 37.52252197265625 11.5
vertex 32.23237609863281 36.98732376098633 10.5
endloop
endfacet
facet normal 0.1983369137264146 -0.8721586725418385 0.4472155169082786
outer loop
vertex 32.05567932128906 37.459903717041016 11.5
vertex 31.915292739868164 37.427978515625 11.5
vertex 31.97149085998535 36.9279899597168 10.5
endloop
endfacet
facet normal 0.1983450957843337 -0.8721574880953417 0.44721419805002555
outer loop
vertex 31.97149085998535 36.9279899597168 10.5
vertex 32.11324691772461 36.960227966308594 10.5
vertex 32.05567932128906 37.459903717041016 11.5
endloop
endfacet
facet normal 0.1983700527840183 -0.8721523832735616 0.44721308400885634
outer loop
vertex 32.11324691772461 36.960227966308594 10.5
vertex 32.23237609863281 36.98732376098633 10.5
vertex 32.05567932128906 37.459903717041016 11.5
endloop
endfacet
facet normal 0.00020621912160227333 -0.8944266306903097 0.44721466857165393
outer loop
vertex 31.915292739868164 37.427978515625 11.5
vertex 29.17532730102539 36.927345275878906 10.5
vertex 31.97149085998535 36.9279899597168 10.5
endloop
endfacet
facet normal 0.0002055150874367915 -0.8944258594003998 0.4472162114675687
outer loop
vertex 31.915292739868164 37.427978515625 11.5
vertex 14.582159042358398 36.92399215698242 10.5
vertex 29.17532730102539 36.927345275878906 10.5
endloop
endfacet
facet normal 0.0002062948442127696 -0.8944312568682176 0.44720541608927056
outer loop
vertex 14.58204460144043 37.423980712890625 11.5
vertex 14.582159042358398 36.92399215698242 10.5
vertex 31.915292739868164 37.427978515625 11.5
endloop
endfacet
facet normal 0.10050878835112101 -0.8898974369465801 0.44495003672333466
outer loop
vertex 14.470654487609863 37.411399841308594 11.5
vertex 14.582159042358398 36.92399215698242 10.5
vertex 14.58204460144043 37.423980712890625 11.5
endloop
endfacet
facet normal 0.19945934922026604 -0.8719038235243421 0.4472132495043732
outer loop
vertex 14.470654487609863 37.411399841308594 11.5
vertex 14.429129600524902 36.88898468017578 10.5
vertex 14.582159042358398 36.92399215698242 10.5
endloop
endfacet
facet normal 0.20402287653794338 -0.8714244453128961 0.4460875496584659
outer loop
vertex 14.171051979064941 37.34125518798828 11.5
vertex 14.282207489013672 36.85537338256836 10.5
vertex 14.470654487609863 37.411399841308594 11.5
endloop
endfacet
facet normal 0.19946479561888716 -0.871902932364378 0.44721255778780916
outer loop
vertex 14.282207489013672 36.85537338256836 10.5
vertex 14.429129600524902 36.88898468017578 10.5
vertex 14.470654487609863 37.411399841308594 11.5
endloop
endfacet
facet normal 0.6329508204439592 -0.632922583879878 0.44585004397682626
outer loop
vertex 14.282207489013672 36.85537338256836 10.5
vertex 13.960813522338867 37.23839569091797 11.5
vertex 13.918060302734375 37.195640563964844 11.5
endloop
endfacet
facet normal 0.2316578314571349 -0.8646116090576059 0.44584909398516814
outer loop
vertex 14.111197471618652 37.325218200683594 11.5
vertex 14.282207489013672 36.85537338256836 10.5
vertex 14.171051979064941 37.34125518798828 11.5
endloop
endfacet
facet normal 0.3782981443702101 -0.8112391363854441 0.445849276732232
outer loop
vertex 14.032207489013672 37.28838348388672 11.5
vertex 14.282207489013672 36.85537338256836 10.5
vertex 14.111197471618652 37.325218200683594 11.5
endloop
endfacet
facet normal 0.5133934038561917 -0.7332428456860924 0.44584990986554496
outer loop
vertex 13.960813522338867 37.23839569091797 11.5
vertex 14.282207489013672 36.85537338256836 10.5
vertex 14.032207489013672 37.28838348388672 11.5
endloop
endfacet
facet normal 0.6539421570887335 -0.6110606223442056 0.44605444847288106
outer loop
vertex 13.567782402038574 36.82078170776367 11.5
vertex 13.931928634643555 36.48051452636719 10.5
vertex 13.918060302734375 37.195640563964844 11.5
endloop
endfacet
facet normal 0.6539503098069747 -0.6110515327333077 0.44605494801384854
outer loop
vertex 13.918060302734375 37.195640563964844 11.5
vertex 14.166701316833496 36.73175811767578 10.5
vertex 14.282207489013672 36.85537338256836 10.5
endloop
endfacet
facet normal 0.6539356478684085 -0.6110652424208998 0.44605766213799286
outer loop
vertex 14.166701316833496 36.73175811767578 10.5
vertex 13.918060302734375 37.195640563964844 11.5
vertex 13.931928634643555 36.48051452636719 10.5
endloop
endfacet
facet normal 0.7619400700167048 -0.4758218713107475 0.4393641729650669
outer loop
vertex 13.462082862854004 36.65152359008789 11.5
vertex 13.931928634643555 36.48051452636719 10.5
vertex 13.567782402038574 36.82078170776367 11.5
endloop
endfacet
facet normal 0.8780693998607151 -0.18008757541276255 0.4433538025214134
outer loop
vertex 13.432699203491211 36.50825500488281 11.5
vertex 13.931928634643555 36.48051452636719 10.5
vertex 13.462082862854004 36.65152359008789 11.5
endloop
endfacet
facet normal 0.8930494139388386 -0.049627082767159464 0.447213480252461
outer loop
vertex 13.432699203491211 36.50825500488281 11.5
vertex 13.376241683959961 35.49229049682617 11.5
vertex 13.872431755065918 35.40985107421875 10.5
endloop
endfacet
facet normal 0.893049526863555 -0.049626855245732154 0.4472132799987046
outer loop
vertex 13.872431755065918 35.40985107421875 10.5
vertex 13.931928634643555 36.48051452636719 10.5
vertex 13.432699203491211 36.50825500488281 11.5
endloop
endfacet
facet normal 0.8611175903281835 -0.24181940623006157 0.4472134506004076
outer loop
vertex 13.336965560913086 35.3524284362793 11.5
vertex 13.872431755065918 35.40985107421875 10.5
vertex 13.376241683959961 35.49229049682617 11.5
endloop
endfacet
facet normal 0.8611178710321065 -0.2418179768750489 0.4472136829852043
outer loop
vertex 13.800097465515137 35.15226745605469 10.5
vertex 13.872431755065918 35.40985107421875 10.5
vertex 13.336965560913086 35.3524284362793 11.5
endloop
endfacet
facet normal 0.7661810580748459 -0.46148256226011436 0.44721407734679947
outer loop
vertex 13.268570899963379 35.23887634277344 11.5
vertex 13.662056922912598 34.9230842590332 10.5
vertex 13.800097465515137 35.15226745605469 10.5
endloop
endfacet
facet normal 0.7661797666328163 -0.4614851540599127 0.447213615383948
outer loop
vertex 13.268570899963379 35.23887634277344 11.5
vertex 13.800097465515137 35.15226745605469 10.5
vertex 13.336965560913086 35.3524284362793 11.5
endloop
endfacet
facet normal 0.6164021588909457 -0.6481111182367099 0.44721399456249467
outer loop
vertex 13.268570899963379 35.23887634277344 11.5
vertex 13.555803298950195 34.82202911376953 10.5
vertex 13.662056922912598 34.9230842590332 10.5
endloop
endfacet
facet normal 0.6163897851105826 -0.6481221622271348 0.44721504406868223
outer loop
vertex 13.468189239501953 34.738704681396484 10.5
vertex 13.555803298950195 34.82202911376953 10.5
vertex 13.268570899963379 35.23887634277344 11.5
endloop
endfacet
facet normal 0.6164017846438212 -0.6481124493624277 0.4472125812959053
outer loop
vertex 13.172516822814941 35.14752197265625 11.5
vertex 13.468189239501953 34.738704681396484 10.5
vertex 13.268570899963379 35.23887634277344 11.5
endloop
endfacet
facet normal 0.4225015066836562 -0.7883485327321738 0.44721255325523823
outer loop
vertex 13.468189239501953 34.738704681396484 10.5
vertex 13.172516822814941 35.14752197265625 11.5
vertex 13.23237419128418 34.61232376098633 10.5
endloop
endfacet
facet normal 0.422505574111124 -0.788346754594125 0.44721184506443906
outer loop
vertex 13.055678367614746 35.084903717041016 11.5
vertex 13.23237419128418 34.61232376098633 10.5
vertex 13.172516822814941 35.14752197265625 11.5
endloop
endfacet
facet normal 0.19833867528917704 -0.8721604939641328 0.44721118350592987
outer loop
vertex 12.915292739868164 35.052978515625 11.5
vertex 13.23237419128418 34.61232376098633 10.5
vertex 13.055678367614746 35.084903717041016 11.5
endloop
endfacet
facet normal 0.19834118169230344 -0.8721578793235252 0.4472151710069684
outer loop
vertex 12.915292739868164 35.052978515625 11.5
vertex 12.971489906311035 34.5529899597168 10.5
vertex 13.113248825073242 34.585227966308594 10.5
endloop
endfacet
facet normal 0.19837557944574608 -0.8721487533340502 0.44721771156498974
outer loop
vertex 12.915292739868164 35.052978515625 11.5
vertex 13.113248825073242 34.585227966308594 10.5
vertex 13.23237419128418 34.61232376098633 10.5
endloop
endfacet
facet normal 0.0002055150874367915 -0.8944258594003998 0.4472162114675687
outer loop
vertex 12.915292739868164 35.052978515625 11.5
vertex -4.417840957641602 34.54899215698242 10.5
vertex 10.17532730102539 34.552345275878906 10.5
endloop
endfacet
facet normal 0.0002062191919542503 -0.8944266307673822 0.447214668417477
outer loop
vertex 12.915292739868164 35.052978515625 11.5
vertex 10.17532730102539 34.552345275878906 10.5
vertex 12.971489906311035 34.5529899597168 10.5
endloop
endfacet
facet normal 0.0002062948385285297 -0.8944312568288719 0.44720541616796655
outer loop
vertex -4.4179558753967285 35.048980712890625 11.5
vertex -4.417840957641602 34.54899215698242 10.5
vertex 12.915292739868164 35.052978515625 11.5
endloop
endfacet
facet normal 0.1128724454940383 -0.8887102214549365 0.44435791129416496
outer loop
vertex -4.528996467590332 35.03487777709961 11.5
vertex -4.417840957641602 34.54899215698242 10.5
vertex -4.4179558753967285 35.048980712890625 11.5
endloop
endfacet
facet normal 0.19959733088400078 -0.8724463797917852 0.44609216524412404
outer loop
vertex -4.717792510986328 34.48037338256836 10.5
vertex -4.528996467590332 35.03487777709961 11.5
vertex -4.828948020935059 34.96625518798828 11.5
endloop
endfacet
facet normal 0.19959920668761705 -0.8724445875775002 0.4460948310577017
outer loop
vertex -4.528996467590332 35.03487777709961 11.5
vertex -4.5708746910095215 34.513980865478516 10.5
vertex -4.417840957641602 34.54899215698242 10.5
endloop
endfacet
facet normal 0.19957287334132393 -0.8724488994370314 0.44609817988577427
outer loop
vertex -4.717792510986328 34.48037338256836 10.5
vertex -4.5708746910095215 34.513980865478516 10.5
vertex -4.528996467590332 35.03487777709961 11.5
endloop
endfacet
facet normal 0.2316578314571349 -0.8646116090576059 0.44584909398516814
outer loop
vertex -4.888802528381348 34.950218200683594 11.5
vertex -4.717792510986328 34.48037338256836 10.5
vertex -4.828948020935059 34.96625518798828 11.5
endloop
endfacet
facet normal 0.3782981443702101 -0.8112391363854441 0.445849276732232
outer loop
vertex -4.888802528381348 34.950218200683594 11.5
vertex -4.967792510986328 34.91338348388672 11.5
vertex -4.717792510986328 34.48037338256836 10.5
endloop
endfacet
facet normal 0.632968311682588 -0.6329058570961286 0.44584895700125726
outer loop
vertex -5.039186000823975 34.86339569091797 11.5
vertex -5.07301139831543 34.829566955566406 11.5
vertex -4.717792510986328 34.48037338256836 10.5
endloop
endfacet
facet normal 0.5133957328059646 -0.73324127463854 0.44584981182352834
outer loop
vertex -4.967792510986328 34.91338348388672 11.5
vertex -5.039186000823975 34.86339569091797 11.5
vertex -4.717792510986328 34.48037338256836 10.5
endloop
endfacet
facet normal 0.6358495098552075 -0.6289833449536525 0.4472978343204972
outer loop
vertex -5.497855186462402 34.40008544921875 11.5
vertex -5.168393611907959 34.02199935913086 10.5
vertex -5.07301139831543 34.829566955566406 11.5
endloop
endfacet
facet normal 0.6383215957788841 -0.627497194633753 0.4458618744511228
outer loop
vertex -5.168393611907959 34.02199935913086 10.5
vertex -4.717792510986328 34.48037338256836 10.5
vertex -5.07301139831543 34.829566955566406 11.5
endloop
endfacet
facet normal 0.5338715222494576 -0.7176221985572135 0.4472131235428566
outer loop
vertex -5.383052825927734 33.8623046875 10.5
vertex -5.168393611907959 34.02199935913086 10.5
vertex -5.497855186462402 34.40008544921875 11.5
endloop
endfacet
facet normal 0.5338683736758446 -0.7176241216658039 0.4472137962899761
outer loop
vertex -5.627345085144043 34.30375289916992 11.5
vertex -5.383052825927734 33.8623046875 10.5
vertex -5.497855186462402 34.40008544921875 11.5
endloop
endfacet
facet normal 0.3244851204304591 -0.8334913252238852 0.44721540379973734
outer loop
vertex -5.627345085144043 34.30375289916992 11.5
vertex -5.632370471954346 33.76523971557617 10.5
vertex -5.481804370880127 33.823856353759766 10.5
endloop
endfacet
facet normal 0.3244924992662684 -0.8334891119509097 0.447214174841557
outer loop
vertex -5.750873565673828 34.25566101074219 11.5
vertex -5.632370471954346 33.76523971557617 10.5
vertex -5.627345085144043 34.30375289916992 11.5
endloop
endfacet
facet normal 0.3245111785220836 -0.833481639279541 0.4472145480617749
outer loop
vertex -5.481804370880127 33.823856353759766 10.5
vertex -5.383052825927734 33.8623046875 10.5
vertex -5.627345085144043 34.30375289916992 11.5
endloop
endfacet
facet normal 0.09189528780108404 -0.8896946575188457 0.4472121112653144
outer loop
vertex -5.894392967224121 34.24083709716797 11.5
vertex -5.898500919342041 33.737754821777344 10.5
vertex -5.750873565673828 34.25566101074219 11.5
endloop
endfacet
facet normal 0.09187804834789129 -0.8896957116804732 0.447213556200121
outer loop
vertex -5.750873565673828 34.25566101074219 11.5
vertex -5.777431488037109 33.75025939941406 10.5
vertex -5.632370471954346 33.76523971557617 10.5
endloop
endfacet
facet normal 0.09189154420014173 -0.8896947438972005 0.44721270865909923
outer loop
vertex -5.898500919342041 33.737754821777344 10.5
vertex -5.777431488037109 33.75025939941406 10.5
vertex -5.750873565673828 34.25566101074219 11.5
endloop
endfacet
facet normal -0.10640381061912557 -0.8880761436011918 0.4472124688022066
outer loop
vertex -8.608565330505371 34.06245803833008 10.5
vertex -5.898500919342041 33.737754821777344 10.5
vertex -5.894392967224121 34.24083709716797 11.5
endloop
endfacet
facet normal -0.1064034459345454 -0.8880766410562818 0.44721156772096854
outer loop
vertex -8.513823509216309 34.55467987060547 11.5
vertex -8.608565330505371 34.06245803833008 10.5
vertex -5.894392967224121 34.24083709716797 11.5
endloop
endfacet
facet normal -0.23086045255894022 -0.8641199831314474 0.4472137142320083
outer loop
vertex -8.68308162689209 34.59989929199219 11.5
vertex -8.878856658935547 34.134666442871094 10.5
vertex -8.513823509216309 34.55467987060547 11.5
endloop
endfacet
facet normal -0.2308347632381682 -0.8641276332989188 0.4472121928682043
outer loop
vertex -8.735245704650879 34.09629821777344 10.5
vertex -8.608565330505371 34.06245803833008 10.5
vertex -8.513823509216309 34.55467987060547 11.5
endloop
endfacet
facet normal -0.23086463095387022 -0.8641184177135229 0.44721458198812203
outer loop
vertex -8.735245704650879 34.09629821777344 10.5
vertex -8.513823509216309 34.55467987060547 11.5
vertex -8.878856658935547 34.134666442871094 10.5
endloop
endfacet
facet normal -0.4564601025120925 -0.7691842226190753 0.44721337914751486
outer loop
vertex -9.03081226348877 34.2248420715332 10.5
vertex -8.878856658935547 34.134666442871094 10.5
vertex -8.79572868347168 34.666748046875 11.5
endloop
endfacet
facet normal -0.4564609316283279 -0.7691838162378234 0.4472132318422805
outer loop
vertex -8.79572868347168 34.666748046875 11.5
vertex -8.878856658935547 34.134666442871094 10.5
vertex -8.68308162689209 34.59989929199219 11.5
endloop
endfacet
facet normal -0.45646496489452565 -0.7691813981835061 0.4472132740788296
outer loop
vertex -8.79572868347168 34.666748046875 11.5
vertex -9.108939170837402 34.27120590209961 10.5
vertex -9.03081226348877 34.2248420715332 10.5
endloop
endfacet
facet normal -0.6440607080616015 -0.620633594410746 0.447213311317973
outer loop
vertex -9.294585227966309 34.46385955810547 10.5
vertex -9.108939170837402 34.27120590209961 10.5
vertex -8.79572868347168 34.666748046875 11.5
endloop
endfacet
facet normal -0.6440673293468788 -0.6206255230006106 0.4472149767932619
outer loop
vertex -8.887709617614746 34.762203216552734 11.5
vertex -9.294585227966309 34.46385955810547 10.5
vertex -8.79572868347168 34.666748046875 11.5
endloop
endfacet
facet normal -0.7855657433588463 -0.4276532907756026 0.44721261805751955
outer loop
vertex -8.951089859008789 34.87862777709961 11.5
vertex -9.422505378723145 34.69884490966797 10.5
vertex -8.887709617614746 34.762203216552734 11.5
endloop
endfacet
facet normal -0.7855696618677287 -0.4276444846792448 0.44721415572010426
outer loop
vertex -9.422505378723145 34.69884490966797 10.5
vertex -9.294585227966309 34.46385955810547 10.5
vertex -8.887709617614746 34.762203216552734 11.5
endloop
endfacet
facet normal -0.8708391073289439 -0.20405788238248587 0.44721318158581125
outer loop
vertex -9.48354434967041 34.95933532714844 10.5
vertex -9.422505378723145 34.69884490966797 10.5
vertex -8.951089859008789 34.87862777709961 11.5
endloop
endfacet
facet normal -0.8708404027745434 -0.20404932916876178 0.44721456166056284
outer loop
vertex -8.981331825256348 35.007694244384766 11.5
vertex -9.48354434967041 34.95933532714844 10.5
vertex -8.951089859008789 34.87862777709961 11.5
endloop
endfacet
facet normal -0.8937751439108249 0.03414537493110141 0.4472136910896165
outer loop
vertex -8.975824356079102 35.15185546875 11.5
vertex -9.4733304977417 35.2266845703125 10.5
vertex -8.981331825256348 35.007694244384766 11.5
endloop
endfacet
facet normal -0.8937750790756 0.034145921668639334 0.44721377892100356
outer loop
vertex -9.4733304977417 35.2266845703125 10.5
vertex -9.48354434967041 34.95933532714844 10.5
vertex -8.981331825256348 35.007694244384766 11.5
endloop
endfacet
facet normal -0.8642725802451434 0.23029056882498708 0.44721265740882843
outer loop
vertex -8.73557186126709 37.99546432495117 10.5
vertex -8.975824356079102 35.15185546875 11.5
vertex -8.252429962158203 37.866729736328125 11.5
endloop
endfacet
facet normal -0.8642722540712064 0.23029073317881904 0.4472132031309427
outer loop
vertex -8.73557186126709 37.99546432495117 10.5
vertex -9.4733304977417 35.2266845703125 10.5
vertex -8.975824356079102 35.15185546875 11.5
endloop
endfacet
facet normal -0.8869264837088652 0.12517670132011618 0.4446259168587034
outer loop
vertex -8.73557186126709 37.99546432495117 10.5
vertex -8.252429962158203 37.866729736328125 11.5
vertex -8.237710952758789 37.97101974487305 11.5
endloop
endfacet
facet normal -0.8931321261155063 0.04815371102678557 0.4472093753654369
outer loop
vertex -8.71985149383545 38.31562805175781 10.5
vertex -8.237710952758789 37.97101974487305 11.5
vertex -8.220453262329102 38.291107177734375 11.5
endloop
endfacet
facet normal -0.8939006760070889 0.043891440215244 0.44611111049815927
outer loop
vertex -8.71985149383545 38.31562805175781 10.5
vertex -8.73557186126709 37.99546432495117 10.5
vertex -8.237710952758789 37.97101974487305 11.5
endloop
endfacet
facet normal -0.8646082097635456 -0.23166634176375395 0.44585126410415876
outer loop
vertex -8.250004768371582 38.48664093017578 11.5
vertex -8.71985149383545 38.31562805175781 10.5
vertex -8.227447509765625 38.4024543762207 11.5
endloop
endfacet
facet normal -0.8937809560766514 -0.05614263534093461 0.4449759623301935
outer loop
vertex -8.71985149383545 38.31562805175781 10.5
vertex -8.220453262329102 38.291107177734375 11.5
vertex -8.227447509765625 38.4024543762207 11.5
endloop
endfacet
facet normal -0.8112367443131197 -0.378300936631962 0.4458512599731332
outer loop
vertex -8.71985149383545 38.31562805175781 10.5
vertex -8.250004768371582 38.48664093017578 11.5
vertex -8.28683853149414 38.56562805175781 11.5
endloop
endfacet
facet normal -0.7601052817256251 -0.4715912981601701 0.44703647300014965
outer loop
vertex -8.991025924682617 38.7526969909668 10.5
vertex -8.937501907348633 38.66642761230469 10.5
vertex -8.28683853149414 38.56562805175781 11.5
endloop
endfacet
facet normal -0.7601023162135838 -0.47159860513596336 0.44703380691012484
outer loop
vertex -8.937501907348633 38.66642761230469 10.5
vertex -8.71985149383545 38.31562805175781 10.5
vertex -8.28683853149414 38.56562805175781 11.5
endloop
endfacet
facet normal -0.7602491266266804 -0.4711924870463298 0.4472123719380581
outer loop
vertex -8.28683853149414 38.56562805175781 11.5
vertex -8.56615924835205 39.016300201416016 11.5
vertex -8.991025924682617 38.7526969909668 10.5
endloop
endfacet
facet normal -0.5382545972215097 -0.7300253511122017 0.42112346800364503
outer loop
vertex -8.991025924682617 38.7526969909668 10.5
vertex -8.56615924835205 39.016300201416016 11.5
vertex -8.860647201538086 39.233428955078125 11.5
endloop
endfacet
facet normal -0.2343872601365672 -0.8638745792155399 0.4458512349100843
outer loop
vertex -26.499469757080078 44.01921081542969 11.5
vertex -8.991025924682617 38.7526969909668 10.5
vertex -8.860647201538086 39.233428955078125 11.5
endloop
endfacet
facet normal -0.2341157206439491 -0.8632340875105889 0.4472323104462882
outer loop
vertex -26.499469757080078 44.01921081542969 11.5
vertex -10.740799903869629 39.22724914550781 10.5
vertex -8.991025924682617 38.7526969909668 10.5
endloop
endfacet
facet normal -0.23411965879666616 -0.8632430129532369 0.44721302077684444
outer loop
vertex -26.499469757080078 44.01921081542969 11.5
vertex -26.68784523010254 43.55223846435547 10.5
vertex -10.740799903869629 39.22724914550781 10.5
endloop
endfacet
facet normal -0.43040574169069745 -0.7840611707831955 0.4472124528563192
outer loop
vertex -26.922378540039062 43.68098068237305 10.5
vertex -26.777780532836914 43.60160446166992 10.5
vertex -26.622615814208984 44.08680725097656 11.5
endloop
endfacet
facet normal -0.4303822297730536 -0.7840732129765484 0.4472139677919359
outer loop
vertex -26.777780532836914 43.60160446166992 10.5
vertex -26.68784523010254 43.55223846435547 10.5
vertex -26.499469757080078 44.01921081542969 11.5
endloop
endfacet
facet normal -0.43038643150061995 -0.7840708116085221 0.4472141343514489
outer loop
vertex -26.499469757080078 44.01921081542969 11.5
vertex -26.622615814208984 44.08680725097656 11.5
vertex -26.777780532836914 43.60160446166992 10.5
endloop
endfacet
facet normal -0.6228752184396787 -0.6418932608776396 0.4472130408357889
outer loop
vertex -26.922378540039062 43.68098068237305 10.5
vertex -26.717748641967773 44.17912292480469 11.5
vertex -27.06503677368164 43.81941223144531 10.5
endloop
endfacet
facet normal -0.6228696753723098 -0.6418986342271875 0.4472130486455699
outer loop
vertex -27.1143856048584 43.8672981262207 10.5
vertex -27.06503677368164 43.81941223144531 10.5
vertex -26.717748641967773 44.17912292480469 11.5
endloop
endfacet
facet normal -0.62288063272615 -0.641888787571946 0.4472119204181483
outer loop
vertex -26.717748641967773 44.17912292480469 11.5
vertex -26.922378540039062 43.68098068237305 10.5
vertex -26.622615814208984 44.08680725097656 11.5
endloop
endfacet
facet normal -0.7708872833270991 -0.45382736386007905 0.44696031167920963
outer loop
vertex -27.1143856048584 43.8672981262207 10.5
vertex -26.81954574584961 44.351341247558594 11.5
vertex -27.250118255615234 44.09785842895508 10.5
endloop
endfacet
facet normal -0.7699373632241142 -0.4551048488529903 0.44729859519340703
outer loop
vertex -26.81954574584961 44.351341247558594 11.5
vertex -27.1143856048584 43.8672981262207 10.5
vertex -26.717748641967773 44.17912292480469 11.5
endloop
endfacet
facet normal -0.7332469750258884 -0.5133867997074061 0.4458507233386212
outer loop
vertex -27.250118255615234 44.09785842895508 10.5
vertex -26.81954574584961 44.351341247558594 11.5
vertex -26.84017562866211 44.38080596923828 11.5
endloop
endfacet
facet normal -0.7366659906509994 -0.5084611478798037 0.4458592595370588
outer loop
vertex -27.438703536987305 44.3710823059082 10.5
vertex -27.34545135498047 44.23597717285156 10.5
vertex -26.84017562866211 44.38080596923828 11.5
endloop
endfacet
facet normal -0.7366640437130889 -0.5084644161746017 0.44585874913979384
outer loop
vertex -27.34545135498047 44.23597717285156 10.5
vertex -27.250118255615234 44.09785842895508 10.5
vertex -26.84017562866211 44.38080596923828 11.5
endloop
endfacet
facet normal -0.7389943539027022 -0.5038770711806891 0.44720827590542034
outer loop
vertex -27.027204513549805 44.65510559082031 11.5
vertex -27.438703536987305 44.3710823059082 10.5
vertex -26.84017562866211 44.38080596923828 11.5
endloop
endfacet
facet normal -0.5645835427056356 -0.703252868401691 0.4320657662795648
outer loop
vertex -27.250350952148438 44.834251403808594 11.5
vertex -27.438703536987305 44.3710823059082 10.5
vertex -27.027204513549805 44.65510559082031 11.5
endloop
endfacet
facet normal -0.33693480320552804 -0.8285369396316443 0.44721524801227536
outer loop
vertex -27.250350952148438 44.834251403808594 11.5
vertex -44.33509826660156 51.242210388183594 10.5
vertex -27.438703536987305 44.3710823059082 10.5
endloop
endfacet
facet normal -0.33693489548926414 -0.8285373010067241 0.44721450897989845
outer loop
vertex -44.10969543457031 51.690311431884766 11.5
vertex -44.33509826660156 51.242210388183594 10.5
vertex -27.250350952148438 44.834251403808594 11.5
endloop
endfacet
facet normal -0.4643629053730746 -0.7644389308948885 0.4472138336922918
outer loop
vertex -44.286415100097656 51.79766082763672 11.5
vertex -44.60961151123047 51.408966064453125 10.5
vertex -44.10969543457031 51.690311431884766 11.5
endloop
endfacet
facet normal -0.4643647970535657 -0.7644374691304547 0.4472143681131295
outer loop
vertex -44.33509826660156 51.242210388183594 10.5
vertex -44.10969543457031 51.690311431884766 11.5
vertex -44.60961151123047 51.408966064453125 10.5
endloop
endfacet
facet normal -0.6668775415314997 -0.596048981960124 0.44721354597686636
outer loop
vertex -44.787906646728516 51.60844802856445 10.5
vertex -44.60961151123047 51.408966064453125 10.5
vertex -44.286415100097656 51.79766082763672 11.5
endloop
endfacet
facet normal -0.6668721221674975 -0.5960560771023296 0.4472121707033477
outer loop
vertex -44.37651062011719 51.898460388183594 11.5
vertex -44.787906646728516 51.60844802856445 10.5
vertex -44.286415100097656 51.79766082763672 11.5
endloop
endfacet
facet normal -0.7854880961988638 -0.42779330288711737 0.4472150944845394
outer loop
vertex -45.01070022583008 52.017520904541016 10.5
vertex -44.37651062011719 51.898460388183594 11.5
vertex -44.571598052978516 52.25666809082031 11.5
endloop
endfacet
facet normal -0.7854881505916791 -0.42779314762844795 0.4472151474650748
outer loop
vertex -45.01070022583008 52.017520904541016 10.5
vertex -44.84873962402344 51.72013854980469 10.5
vertex -44.37651062011719 51.898460388183594 11.5
endloop
endfacet
facet normal -0.7854769312247507 -0.42781517887363296 0.44721377800674894
outer loop
vertex -44.37651062011719 51.898460388183594 11.5
vertex -44.84873962402344 51.72013854980469 10.5
vertex -44.787906646728516 51.60844802856445 10.5
endloop
endfacet
facet normal -0.6457446150212821 -0.6283457993740574 0.4338149934937621
outer loop
vertex -44.759647369384766 52.44992446899414 11.5
vertex -45.01070022583008 52.017520904541016 10.5
vertex -44.571598052978516 52.25666809082031 11.5
endloop
endfacet
facet normal -0.44910857459526266 -0.7735426249616437 0.44713901148575824
outer loop
vertex -61.40632629394531 62.11476516723633 11.5
vertex -61.65732192993164 61.68244934082031 10.5
vertex -44.759647369384766 52.44992446899414 11.5
endloop
endfacet
facet normal -0.4490950327139895 -0.7735103131071221 0.44720850518359195
outer loop
vertex -44.759647369384766 52.44992446899414 11.5
vertex -61.65732192993164 61.68244934082031 10.5
vertex -57.12993621826172 59.05387878417969 10.5
endloop
endfacet
facet normal -0.44909410025637375 -0.7735077545679412 0.44721386688941095
outer loop
vertex -44.759647369384766 52.44992446899414 11.5
vertex -57.12993621826172 59.05387878417969 10.5
vertex -45.01070022583008 52.017520904541016 10.5
endloop
endfacet
facet normal -0.3806489005303493 -0.8101708937077332 0.44579091232757223
outer loop
vertex -61.472408294677734 62.14581298828125 11.5
vertex -61.65732192993164 61.68244934082031 10.5
vertex -61.40632629394531 62.11476516723633 11.5
endloop
endfacet
facet normal -0.3316598194542304 -0.8310878865530262 0.446424337356748
outer loop
vertex -61.65886688232422 62.22022247314453 11.5
vertex -61.65732192993164 61.68244934082031 10.5
vertex -61.472408294677734 62.14581298828125 11.5
endloop
endfacet
facet normal -0.3316689152776047 -0.8310850760634294 0.4464228118983401
outer loop
vertex -61.84378433227539 61.75686264038086 10.5
vertex -61.65732192993164 61.68244934082031 10.5
vertex -61.65886688232422 62.22022247314453 11.5
endloop
endfacet
facet normal -0.20859437095036534 -0.8720880562793817 0.44266331506312034
outer loop
vertex -61.80610275268555 62.25543975830078 11.5
vertex -61.84378433227539 61.75686264038086 10.5
vertex -61.65886688232422 62.22022247314453 11.5
endloop
endfacet
facet normal -0.06740489520046333 -0.8918840686849403 0.4472129114068725
outer loop
vertex -61.80610275268555 62.25543975830078 11.5
vertex -61.95573806762695 61.765323638916016 10.5
vertex -61.84378433227539 61.75686264038086 10.5
endloop
endfacet
facet normal -0.06738736519504358 -0.8918861878475945 0.44721132693476706
outer loop
vertex -62.06671142578125 61.77370834350586 10.5
vertex -61.95573806762695 61.765323638916016 10.5
vertex -61.80610275268555 62.25543975830078 11.5
endloop
endfacet
facet normal -0.05999130999320529 -0.8930885547766477 0.4458630687243088
outer loop
vertex -62.029170989990234 62.270423889160156 11.5
vertex -62.06671142578125 61.77370834350586 10.5
vertex -61.80610275268555 62.25543975830078 11.5
endloop
endfacet
facet normal 0.2576954462761094 -0.8577823071718192 0.4447500089618296
outer loop
vertex -62.153533935546875 62.26611328125 11.5
vertex -62.254215240478516 62.23586654663086 11.5
vertex -62.06671142578125 61.77370834350586 10.5
endloop
endfacet
facet normal 0.0780043261152452 -0.8917018896951184 0.4458509448475592
outer loop
vertex -62.153533935546875 62.26611328125 11.5
vertex -62.06671142578125 61.77370834350586 10.5
vertex -62.06671142578125 62.27370834350586 11.5
endloop
endfacet
facet normal -0.07801591592650643 -0.8917010785513936 0.4458505392756968
outer loop
vertex -62.06671142578125 62.27370834350586 11.5
vertex -62.06671142578125 61.77370834350586 10.5
vertex -62.029170989990234 62.270423889160156 11.5
endloop
endfacet
facet normal 0.3364316413850383 -0.8292280061469589 0.446312294807692
outer loop
vertex -62.63510513305664 62.08133316040039 11.5
vertex -62.44760513305664 61.619178771972656 10.5
vertex -62.254215240478516 62.23586654663086 11.5
endloop
endfacet
facet normal 0.3364209494703227 -0.8292304274028549 0.4463158556748407
outer loop
vertex -62.44760513305664 61.619178771972656 10.5
vertex -62.06671142578125 61.77370834350586 10.5
vertex -62.254215240478516 62.23586654663086 11.5
endloop
endfacet
facet normal 0.7332394436663454 -0.5133987519768856 0.4458493464394048
outer loop
vertex -62.44760513305664 61.619178771972656 10.5
vertex -62.83062744140625 61.94057083129883 11.5
vertex -62.87990951538086 61.87018585205078 11.5
endloop
endfacet
facet normal 0.3782897009233302 -0.8112432539172568 0.4458489488033795
outer loop
vertex -62.69760513305664 62.052188873291016 11.5
vertex -62.44760513305664 61.619178771972656 10.5
vertex -62.63510513305664 62.08133316040039 11.5
endloop
endfacet
facet normal 0.5134027197577236 -0.7332365613755949 0.44584951767100267
outer loop
vertex -62.76899719238281 62.002201080322266 11.5
vertex -62.44760513305664 61.619178771972656 10.5
vertex -62.69760513305664 62.052188873291016 11.5
endloop
endfacet
facet normal 0.6329367974285492 -0.6329367974285492 0.4458497739393656
outer loop
vertex -62.83062744140625 61.94057083129883 11.5
vertex -62.44760513305664 61.619178771972656 10.5
vertex -62.76899719238281 62.002201080322266 11.5
endloop
endfacet
facet normal 0.77357753013377 -0.4491554335473828 0.44703154406260726
outer loop
vertex -72.1058578491211 44.98512268066406 10.5
vertex -71.80302429199219 45.506690979003906 10.5
vertex -62.87990951538086 61.87018585205078 11.5
endloop
endfacet
facet normal 0.7735288424681332 -0.4491352698478749 0.44713604109777005
outer loop
vertex -62.87990951538086 61.87018585205078 11.5
vertex -71.80302429199219 45.506690979003906 10.5
vertex -62.44760513305664 61.619178771972656 10.5
endloop
endfacet
facet normal 0.7735261202560414 -0.449133892884917 0.4471421334918865
outer loop
vertex -72.53816986083984 45.23613357543945 11.5
vertex -72.1058578491211 44.98512268066406 10.5
vertex -62.87990951538086 61.87018585205078 11.5
endloop
endfacet
facet normal 0.8224303993357033 -0.3548551091578625 0.4446190389008068
outer loop
vertex -72.53816986083984 45.23613357543945 11.5
vertex -72.58065795898438 45.13766098022461 11.5
vertex -72.1058578491211 44.98512268066406 10.5
endloop
endfacet
facet normal 0.852005781206957 -0.27371447837774004 0.44628077834063673
outer loop
vertex -72.20391845703125 44.67989730834961 10.5
vertex -72.16521453857422 44.80037307739258 10.5
vertex -72.58065795898438 45.13766098022461 11.5
endloop
endfacet
facet normal 0.850444320685002 -0.27703190753654955 0.4472111130341978
outer loop
vertex -72.6799545288086 44.83283615112305 11.5
vertex -72.20391845703125 44.67989730834961 10.5
vertex -72.58065795898438 45.13766098022461 11.5
endloop
endfacet
facet normal 0.8519987353711127 -0.27373170742653496 0.4462836623442298
outer loop
vertex -72.58065795898438 45.13766098022461 11.5
vertex -72.16521453857422 44.80037307739258 10.5
vertex -72.1058578491211 44.98512268066406 10.5
endloop
endfacet
facet normal 0.8646123204035244 0.23164451688948243 0.44585463236515943
outer loop
vertex -72.68052673339844 44.53409957885742 11.5
vertex -72.20391845703125 44.67989730834961 10.5
vertex -72.69632720947266 44.593074798583984 11.5
endloop
endfacet
facet normal 0.8917046141443395 0.07796538585884165 0.4458523070721698
outer loop
vertex -72.69632720947266 44.593074798583984 11.5
vertex -72.20391845703125 44.67989730834961 10.5
vertex -72.70391845703125 44.67989730834961 11.5
endloop
endfacet
facet normal 0.891704852279747 -0.07796198128538713 0.4458524261398735
outer loop
vertex -72.70391845703125 44.67989730834961 11.5
vertex -72.20391845703125 44.67989730834961 10.5
vertex -72.69632720947266 44.7667236328125 11.5
endloop
endfacet
facet normal 0.8686020493677664 -0.215108187403292 0.4463843047713331
outer loop
vertex -72.69632720947266 44.7667236328125 11.5
vertex -72.20391845703125 44.67989730834961 10.5
vertex -72.6799545288086 44.83283615112305 11.5
endloop
endfacet
facet normal 0.855845343541225 0.2618130759233017 0.44607472604304976
outer loop
vertex -72.05217742919922 44.183868408203125 10.5
vertex -72.20391845703125 44.67989730834961 10.5
vertex -72.68052673339844 44.53409957885742 11.5
endloop
endfacet
facet normal 0.8559855700593256 0.2602912795372144 0.44669581780792544
outer loop
vertex -72.68052673339844 44.53409957885742 11.5
vertex -72.52202606201172 44.01285934448242 11.5
vertex -72.05217742919922 44.183868408203125 10.5
endloop
endfacet
facet normal 0.5134220524395874 0.7332215513120982 0.44585194040196974
outer loop
vertex -72.05217742919922 44.183868408203125 10.5
vertex -72.37357330322266 43.800846099853516 11.5
vertex -72.30321502685547 43.75157928466797 11.5
endloop
endfacet
facet normal 0.6329361160792808 0.6329361160792808 0.44585170844682276
outer loop
vertex -72.4352035522461 43.86247634887695 11.5
vertex -72.37357330322266 43.800846099853516 11.5
vertex -72.05217742919922 44.183868408203125 10.5
endloop
endfacet
facet normal 0.7332356469736245 0.5134020795053367 0.44585175873463373
outer loop
vertex -72.05217742919922 44.183868408203125 10.5
vertex -72.48519134521484 43.933868408203125 11.5
vertex -72.4352035522461 43.86247634887695 11.5
endloop
endfacet
facet normal 0.8112398317143498 0.3782939013393423 0.44585161169332277
outer loop
vertex -72.05217742919922 44.183868408203125 10.5
vertex -72.52202606201172 44.01285934448242 11.5
vertex -72.48519134521484 43.933868408203125 11.5
endloop
endfacet
facet normal 0.44917671110642954 0.7735038981576923 0.44713756466490906
outer loop
vertex -72.30321502685547 43.75157928466797 11.5
vertex -55.40283966064453 34.515533447265625 10.5
vertex -72.05217742919922 44.183868408203125 10.5
endloop
endfacet
facet normal 0.44917697828420144 0.7735045354760293 0.44713619376816954
outer loop
vertex -55.40283966064453 34.515533447265625 10.5
vertex -72.30321502685547 43.75157928466797 11.5
vertex -55.653873443603516 34.08324432373047 11.5
endloop
endfacet
facet normal 0.3470757767396129 0.8259754635366604 0.44418795440218023
outer loop
vertex -55.548011779785156 34.038761138916016 11.5
vertex -55.40283966064453 34.515533447265625 10.5
vertex -55.653873443603516 34.08324432373047 11.5
endloop
endfacet
facet normal 0.2607003698809753 0.8561945534166029 0.44605627878516263
outer loop
vertex -55.24953842163086 33.947879791259766 11.5
vertex -55.40283966064453 34.515533447265625 10.5
vertex -55.548011779785156 34.038761138916016 11.5
endloop
endfacet
facet normal 0.2607003698809753 0.8561945534166029 0.44605627878516263
outer loop
vertex -55.104366302490234 34.424652099609375 10.5
vertex -55.40283966064453 34.515533447265625 10.5
vertex -55.24953842163086 33.947879791259766 11.5
endloop
endfacet
facet normal -0.0780043261152452 0.8917018896951184 0.4458509448475592
outer loop
vertex -55.104366302490234 33.924652099609375 11.5
vertex -55.01754379272461 33.932247161865234 11.5
vertex -55.104366302490234 34.424652099609375 10.5
endloop
endfacet
facet normal 0.0780043261152452 0.8917018896951184 0.4458509448475592
outer loop
vertex -55.104366302490234 33.924652099609375 11.5
vertex -55.104366302490234 34.424652099609375 10.5
vertex -55.19118881225586 33.932247161865234 11.5
endloop
endfacet
facet normal 0.23164159477096805 0.8646144054701628 0.44585210712235
outer loop
vertex -55.104366302490234 34.424652099609375 10.5
vertex -55.24953842163086 33.947879791259766 11.5
vertex -55.19118881225586 33.932247161865234 11.5
endloop
endfacet
facet normal -0.20869603882587395 0.8697071693461719 0.44727553361016575
outer loop
vertex -54.41078186035156 34.07784652709961 11.5
vertex -54.47588348388672 34.576507568359375 10.5
vertex -55.01754379272461 33.932247161865234 11.5
endloop
endfacet
facet normal -0.21015056260225837 0.8697481822852158 0.44651409882501736
outer loop
vertex -54.47588348388672 34.576507568359375 10.5
vertex -55.104366302490234 34.424652099609375 10.5
vertex -55.01754379272461 33.932247161865234 11.5
endloop
endfacet
facet normal -0.020184822058181267 0.8941992847046314 0.44721383273799237
outer loop
vertex -54.26460266113281 34.081146240234375 11.5
vertex -54.20840835571289 34.582542419433594 10.5
vertex -54.41078186035156 34.07784652709961 11.5
endloop
endfacet
facet normal -0.020168932225637263 0.8941989536586846 0.4472152115576921
outer loop
vertex -54.42294692993164 34.577701568603516 10.5
vertex -54.47588348388672 34.576507568359375 10.5
vertex -54.41078186035156 34.07784652709961 11.5
endloop
endfacet
facet normal -0.02017671134390619 0.8941987753989632 0.44721521708718665
outer loop
vertex -54.20840835571289 34.582542419433594 10.5
vertex -54.42294692993164 34.577701568603516 10.5
vertex -54.41078186035156 34.07784652709961 11.5
endloop
endfacet
facet normal 0.21762678360145374 0.8675471012758129 0.44721427764240745
outer loop
vertex -54.13602828979492 34.048892974853516 11.5
vertex -53.94890213012695 34.5174446105957 10.5
vertex -54.26460266113281 34.081146240234375 11.5
endloop
endfacet
facet normal 0.21762967956824728 0.8675464941528187 0.4472140461279985
outer loop
vertex -54.09260940551758 34.55349349975586 10.5
vertex -54.20840835571289 34.582542419433594 10.5
vertex -54.26460266113281 34.081146240234375 11.5
endloop
endfacet
facet normal 0.21762394275956887 0.8675480604908443 0.4472137992910709
outer loop
vertex -53.94890213012695 34.5174446105957 10.5
vertex -54.09260940551758 34.55349349975586 10.5
vertex -54.26460266113281 34.081146240234375 11.5
endloop
endfacet
facet normal 0.4398484598585933 0.7788012580257074 0.44721575649522793
outer loop
vertex -54.02060317993164 33.98370361328125 11.5
vertex -53.94890213012695 34.5174446105957 10.5
vertex -54.13602828979492 34.048892974853516 11.5
endloop
endfacet
facet normal 0.439871395725829 0.7787906200837892 0.4472117231152581
outer loop
vertex -53.82203674316406 34.4457893371582 10.5
vertex -53.94890213012695 34.5174446105957 10.5
vertex -54.02060317993164 33.98370361328125 11.5
endloop
endfacet
facet normal 0.43987083481704886 0.7787909210018428 0.4472117507875369
outer loop
vertex -53.715946197509766 34.385868072509766 10.5
vertex -53.82203674316406 34.4457893371582 10.5
vertex -54.02060317993164 33.98370361328125 11.5
endloop
endfacet
facet normal 0.6306249727586352 0.6342798744414941 0.4472149199340886
outer loop
vertex -54.02060317993164 33.98370361328125 11.5
vertex -53.926597595214844 33.89023971557617 11.5
vertex -53.52621078491211 34.197235107421875 10.5
endloop
endfacet
facet normal 0.6306230790308736 0.6342820846181635 0.4472144556318115
outer loop
vertex -53.52621078491211 34.197235107421875 10.5
vertex -53.60027313232422 34.270870208740234 10.5
vertex -54.02060317993164 33.98370361328125 11.5
endloop
endfacet
facet normal 0.630602084147326 0.6343046174483967 0.4472121015275546
outer loop
vertex -53.715946197509766 34.385868072509766 10.5
vertex -54.02060317993164 33.98370361328125 11.5
vertex -53.60027313232422 34.270870208740234 10.5
endloop
endfacet
facet normal 0.7762166193805733 0.44439532703232365 0.447214213894447
outer loop
vertex -53.47076416015625 34.10038757324219 10.5
vertex -53.52621078491211 34.197235107421875 10.5
vertex -53.926597595214844 33.89023971557617 11.5
endloop
endfacet
facet normal 0.776222763974684 0.4443841411322455 0.44721466411294997
outer loop
vertex -53.47076416015625 34.10038757324219 10.5
vertex -53.926597595214844 33.89023971557617 11.5
vertex -53.39328384399414 33.965049743652344 10.5
endloop
endfacet
facet normal 0.7762203843481494 0.44438919440829 0.44721377306111915
outer loop
vertex -53.926597595214844 33.89023971557617 11.5
vertex -53.86073684692383 33.77519989013672 11.5
vertex -53.39328384399414 33.965049743652344 10.5
endloop
endfacet
facet normal 0.8662668404653017 0.22266601468312902 0.44721539219418244
outer loop
vertex -53.32667541503906 33.705928802490234 10.5
vertex -53.357452392578125 33.82566452026367 10.5
vertex -53.86073684692383 33.77519989013672 11.5
endloop
endfacet
facet normal 0.8662618929923587 0.22268803089513192 0.44721401324795745
outer loop
vertex -53.86073684692383 33.77519989013672 11.5
vertex -53.357452392578125 33.82566452026367 10.5
vertex -53.39328384399414 33.965049743652344 10.5
endloop
endfacet
facet normal 0.8662669969210499 0.22266511268717476 0.4472155382334042
outer loop
vertex -53.86073684692383 33.77519989013672 11.5
vertex -53.82810974121094 33.64826583862305 11.5
vertex -53.32667541503906 33.705928802490234 10.5
endloop
endfacet
facet normal 0.894197786239961 -0.020242496205350916 0.44721422208034634
outer loop
vertex -53.82810974121094 33.64826583862305 11.5
vertex -53.33560562133789 33.31144332885742 10.5
vertex -53.32667541503906 33.705928802490234 10.5
endloop
endfacet
facet normal 0.8945567107143783 -0.017883796197090636 0.4465965306061537
outer loop
vertex -53.82810974121094 33.64826583862305 11.5
vertex -53.834617614746094 33.32273864746094 11.5
vertex -53.33560562133789 33.31144332885742 10.5
endloop
endfacet
facet normal 0.8786839553019824 0.19383081342451075 0.43628445131823823
outer loop
vertex -53.78448486328125 33.09547424316406 11.5
vertex -53.33560562133789 33.31144332885742 10.5
vertex -53.834617614746094 33.32273864746094 11.5
endloop
endfacet
facet normal 0.8065946645795514 0.3880696988016497 0.4458777365419784
outer loop
vertex -53.10247802734375 32.826900482177734 10.5
vertex -53.78448486328125 33.09547424316406 11.5
vertex -53.551361083984375 32.610931396484375 11.5
endloop
endfacet
facet normal 0.8065937613997677 0.3880734374190502 0.4458761164726556
outer loop
vertex -53.10247802734375 32.826900482177734 10.5
vertex -53.248294830322266 33.129974365234375 10.5
vertex -53.78448486328125 33.09547424316406 11.5
endloop
endfacet
facet normal 0.8065918697693479 0.38807834006602415 0.4458752713411976
outer loop
vertex -53.248294830322266 33.129974365234375 10.5
vertex -53.33560562133789 33.31144332885742 10.5
vertex -53.78448486328125 33.09547424316406 11.5
endloop
endfacet
facet normal 0.3783054613918729 0.8112341942570058 0.44585206060897453
outer loop
vertex -53.10247802734375 32.826900482177734 10.5
vertex -53.35247802734375 32.39388656616211 11.5
vertex -53.29146194458008 32.36543273925781 11.5
endloop
endfacet
facet normal 0.6329168676158927 0.6329560453854759 0.445850741052727
outer loop
vertex -53.42387008666992 32.443878173828125 11.5
vertex -53.10247802734375 32.826900482177734 10.5
vertex -53.48550033569336 32.5055046081543 11.5
endloop
endfacet
facet normal 0.7332302653873112 0.5134100570581702 0.44585142282107815
outer loop
vertex -53.535491943359375 32.576900482177734 11.5
vertex -53.48550033569336 32.5055046081543 11.5
vertex -53.10247802734375 32.826900482177734 10.5
endloop
endfacet
facet normal 0.8112399294237342 0.3782937009755335 0.44585160391189377
outer loop
vertex -53.10247802734375 32.826900482177734 10.5
vertex -53.551361083984375 32.610931396484375 11.5
vertex -53.535491943359375 32.576900482177734 11.5
endloop
endfacet
facet normal 0.513428688715645 0.7332176962467223 0.4458506381226595
outer loop
vertex -53.42387008666992 32.443878173828125 11.5
vertex -53.35247802734375 32.39388656616211 11.5
vertex -53.10247802734375 32.826900482177734 10.5
endloop
endfacet
facet normal 0.3391509898840699 0.8281484931115672 0.44625853427995743
outer loop
vertex -45.00719451904297 29.511646270751953 10.5
vertex -47.817657470703125 30.662612915039062 10.5
vertex -53.29146194458008 32.36543273925781 11.5
endloop
endfacet
facet normal 0.33915098308451636 0.828148770257704 0.4462580251305951
outer loop
vertex -47.817657470703125 30.662612915039062 10.5
vertex -53.10247802734375 32.826900482177734 10.5
vertex -53.29146194458008 32.36543273925781 11.5
endloop
endfacet
facet normal 0.3390961524108653 0.8276528626214907 0.44721866957294953
outer loop
vertex -45.00719451904297 29.511646270751953 10.5
vertex -53.29146194458008 32.36543273925781 11.5
vertex -45.23485565185547 29.0645751953125 11.5
endloop
endfacet
facet normal 0.4700290008803495 0.7609679869528134 0.44721411109713793
outer loop
vertex -45.23485565185547 29.0645751953125 11.5
vertex -45.049652099609375 28.950180053710938 11.5
vertex -45.00719451904297 29.511646270751953 10.5
endloop
endfacet
facet normal 0.4700311520459485 0.7609669475332307 0.4472136188314436
outer loop
vertex -44.722023010253906 29.33550262451172 10.5
vertex -45.00719451904297 29.511646270751953 10.5
vertex -45.049652099609375 28.950180053710938 11.5
endloop
endfacet
facet normal 0.6754800249522924 0.5862823219898455 0.44721334373277105
outer loop
vertex -45.049652099609375 28.950180053710938 11.5
vertex -44.968502044677734 28.8566837310791 11.5
vertex -44.619964599609375 29.217914581298828 10.5
endloop
endfacet
facet normal 0.6754855944202041 0.5862754774734189 0.44721390435014224
outer loop
vertex -44.619964599609375 29.217914581298828 10.5
vertex -44.722023010253906 29.33550262451172 10.5
vertex -45.049652099609375 28.950180053710938 11.5
endloop
endfacet
facet normal 0.6754887213335573 0.5862726542435726 0.44721288245907254
outer loop
vertex -44.619964599609375 29.217914581298828 10.5
vertex -44.968502044677734 28.8566837310791 11.5
vertex -44.546653747558594 29.133447647094727 10.5
endloop
endfacet
facet normal 0.8067558899401065 0.38619352547471975 0.4472130308123342
outer loop
vertex -44.43113327026367 28.892126083374023 10.5
vertex -44.546653747558594 29.133447647094727 10.5
vertex -44.968502044677734 28.8566837310791 11.5
endloop
endfacet
facet normal 0.8067630858901215 0.3861747839839441 0.4472162334486559
outer loop
vertex -44.911033630371094 28.73662567138672 11.5
vertex -44.43113327026367 28.892126083374023 10.5
vertex -44.968502044677734 28.8566837310791 11.5
endloop
endfacet
facet normal 0.8799374863309363 0.1603391786502152 0.44721512490005044
outer loop
vertex -44.37006378173828 28.556978225708008 10.5
vertex -44.43113327026367 28.892126083374023 10.5
vertex -44.911033630371094 28.73662567138672 11.5
endloop
endfacet
facet normal 0.8799361814300697 0.16035747594813218 0.4472111319251926
outer loop
vertex -44.911033630371094 28.73662567138672 11.5
vertex -44.870201110839844 28.512563705444336 11.5
vertex -44.37006378173828 28.556978225708008 10.5
endloop
endfacet
facet normal 0.8944244136579088 -0.0027649255529319907 0.44721060300421395
outer loop
vertex -44.370906829833984 28.28485107421875 10.5
vertex -44.370361328125 28.461315155029297 10.5
vertex -44.870201110839844 28.512563705444336 11.5
endloop
endfacet
facet normal 0.8944240217482166 -0.002781978813532485 0.44721128106704416
outer loop
vertex -44.370361328125 28.461315155029297 10.5
vertex -44.37006378173828 28.556978225708008 10.5
vertex -44.870201110839844 28.512563705444336 11.5
endloop
endfacet
facet normal 0.8944225960321086 -0.0027843460239904924 0.44721411776061126
outer loop
vertex -44.870201110839844 28.512563705444336 11.5
vertex -44.87069320678711 28.3544864654541 11.5
vertex -44.370906829833984 28.28485107421875 10.5
endloop
endfacet
facet normal 0.8611178540169682 -0.2418197627177168 0.44721275010039524
outer loop
vertex -44.9063720703125 28.227428436279297 11.5
vertex -44.443241119384766 28.02726936340332 10.5
vertex -44.370906829833984 28.28485107421875 10.5
endloop
endfacet
facet normal 0.8611199576103648 -0.2418090509203555 0.4472144916012008
outer loop
vertex -44.87069320678711 28.3544864654541 11.5
vertex -44.9063720703125 28.227428436279297 11.5
vertex -44.370906829833984 28.28485107421875 10.5
endloop
endfacet
facet normal 0.766179887084632 -0.461484392745139 0.44721419463119755
outer loop
vertex -44.974769592285156 28.113876342773438 11.5
vertex -44.58128356933594 27.798084259033203 10.5
vertex -44.443241119384766 28.02726936340332 10.5
endloop
endfacet
facet normal 0.7661721689301599 -0.46149988204783043 0.447211433694056
outer loop
vertex -44.9063720703125 28.227428436279297 11.5
vertex -44.974769592285156 28.113876342773438 11.5
vertex -44.443241119384766 28.02726936340332 10.5
endloop
endfacet
facet normal 0.6164012818284431 -0.6481119206798145 0.44721404051413033
outer loop
vertex -44.974769592285156 28.113876342773438 11.5
vertex -45.070823669433594 28.02252197265625 11.5
vertex -44.775150299072266 27.61370277404785 10.5
endloop
endfacet
facet normal 0.6164000542589723 -0.6481129143317863 0.447214292466033
outer loop
vertex -44.775150299072266 27.61370277404785 10.5
vertex -44.67165756225586 27.71213150024414 10.5
vertex -44.974769592285156 28.113876342773438 11.5
endloop
endfacet
facet normal 0.6164033718073728 -0.6481099006518938 0.44721408732450957
outer loop
vertex -44.67165756225586 27.71213150024414 10.5
vertex -44.58128356933594 27.798084259033203 10.5
vertex -44.974769592285156 28.113876342773438 11.5
endloop
endfacet
facet normal 0.42250376284545393 -0.7883463660675347 0.4472142411524313
outer loop
vertex -45.070823669433594 28.02252197265625 11.5
vertex -45.010963439941406 27.487321853637695 10.5
vertex -44.775150299072266 27.61370277404785 10.5
endloop
endfacet
facet normal 0.4225002229238846 -0.7883479135954636 0.44721485748904555
outer loop
vertex -45.187660217285156 27.95990562438965 11.5
vertex -45.010963439941406 27.487321853637695 10.5
vertex -45.070823669433594 28.02252197265625 11.5
endloop
endfacet
facet normal 0.1983498981357321 -0.8721561697438808 0.44721463916918863
outer loop
vertex -45.187660217285156 27.95990562438965 11.5
vertex -45.13414764404297 27.459306716918945 10.5
vertex -45.010963439941406 27.487321853637695 10.5
endloop
endfacet
facet normal 0.19834808293239437 -0.872156537876067 0.4472147263195573
outer loop
vertex -45.2718505859375 27.427989959716797 10.5
vertex -45.13414764404297 27.459306716918945 10.5
vertex -45.187660217285156 27.95990562438965 11.5
endloop
endfacet
facet normal 0.19835191633893168 -0.8721559829177661 0.44721410839263426
outer loop
vertex -45.32805252075195 27.927976608276367 11.5
vertex -45.2718505859375 27.427989959716797 10.5
vertex -45.187660217285156 27.95990562438965 11.5
endloop
endfacet
facet normal 0.000221437703773116 -0.894426967735254 0.4472139872066415
outer loop
vertex -45.32805252075195 27.927976608276367 11.5
vertex -47.868141174316406 27.42734718322754 10.5
vertex -45.2718505859375 27.427989959716797 10.5
endloop
endfacet
facet normal 0.00022146811553894357 -0.8944269986209124 0.4472139254203296
outer loop
vertex -45.32805252075195 27.927976608276367 11.5
vertex -61.41783905029297 27.423992156982422 10.5
vertex -47.868141174316406 27.42734718322754 10.5
endloop
endfacet
facet normal 0.00022213009126562778 -0.8944312520925236 0.44720541805575553
outer loop
vertex -61.417964935302734 27.923980712890625 11.5
vertex -61.41783905029297 27.423992156982422 10.5
vertex -45.32805252075195 27.927976608276367 11.5
endloop
endfacet
facet normal 0.11289750541190009 -0.8887071785040607 0.44435763090907027
outer loop
vertex -61.528995513916016 27.909875869750977 11.5
vertex -61.41783905029297 27.423992156982422 10.5
vertex -61.417964935302734 27.923980712890625 11.5
endloop
endfacet
facet normal 0.19959068788018214 -0.8724471400453958 0.4460936506364165
outer loop
vertex -61.828948974609375 27.84125518798828 11.5
vertex -61.71779251098633 27.355371475219727 10.5
vertex -61.528995513916016 27.909875869750977 11.5
endloop
endfacet
facet normal 0.1995921834699696 -0.8724469859594199 0.446093282832205
outer loop
vertex -61.71779251098633 27.355371475219727 10.5
vertex -61.57088088989258 27.388980865478516 10.5
vertex -61.528995513916016 27.909875869750977 11.5
endloop
endfacet
facet normal 0.19958929144235524 -0.8724474595092448 0.446093650635607
outer loop
vertex -61.528995513916016 27.909875869750977 11.5
vertex -61.57088088989258 27.388980865478516 10.5
vertex -61.41783905029297 27.423992156982422 10.5
endloop
endfacet
facet normal 0.23166453969475603 -0.8646090931995057 0.4458504872765592
outer loop
vertex -61.88880157470703 27.825218200683594 11.5
vertex -61.71779251098633 27.355371475219727 10.5
vertex -61.828948974609375 27.84125518798828 11.5
endloop
endfacet
facet normal 0.3782779417940396 -0.8112476143886054 0.4458509918132536
outer loop
vertex -61.96779251098633 27.78838539123535 11.5
vertex -61.71779251098633 27.355371475219727 10.5
vertex -61.88880157470703 27.825218200683594 11.5
endloop
endfacet
facet normal 0.513428688715645 -0.7332176962467223 0.4458506381226595
outer loop
vertex -62.0391845703125 27.738393783569336 11.5
vertex -61.71779251098633 27.355371475219727 10.5
vertex -61.96779251098633 27.78838539123535 11.5
endloop
endfacet
facet normal 0.6329224334822007 -0.6329506700395722 0.4458504710005654
outer loop
vertex -61.71779251098633 27.355371475219727 10.5
vertex -62.0391845703125 27.738393783569336 11.5
vertex -62.081939697265625 27.695640563964844 11.5
endloop
endfacet
facet normal 0.653942465137341 -0.6110592465049921 0.4460558816458415
outer loop
vertex -62.43221664428711 27.320781707763672 11.5
vertex -62.06806945800781 26.980512619018555 10.5
vertex -62.081939697265625 27.695640563964844 11.5
endloop
endfacet
facet normal 0.6539458839193808 -0.6110555877844863 0.4460558816362093
outer loop
vertex -62.081939697265625 27.695640563964844 11.5
vertex -61.833335876464844 27.231718063354492 10.5
vertex -61.71779251098633 27.355371475219727 10.5
endloop
endfacet
facet normal 0.6539404134155601 -0.6110607027746017 0.4460568946070627
outer loop
vertex -61.833335876464844 27.231718063354492 10.5
vertex -62.081939697265625 27.695640563964844 11.5
vertex -62.06806945800781 26.980512619018555 10.5
endloop
endfacet
facet normal 0.8834478566145036 -0.15606051892278378 0.4417748284780278
outer loop
vertex -62.56806945800781 26.980838775634766 11.5
vertex -62.06806945800781 26.980512619018555 10.5
vertex -62.53791809082031 27.15152359008789 11.5
endloop
endfacet
facet normal 0.8112362024067259 -0.378301343560686 0.44585190070795205
outer loop
vertex -62.53791809082031 27.15152359008789 11.5
vertex -62.06806945800781 26.980512619018555 10.5
vertex -62.50108337402344 27.230512619018555 11.5
endloop
endfacet
facet normal 0.7122760710523591 -0.5433989017139578 0.444275176239095
outer loop
vertex -62.50108337402344 27.230512619018555 11.5
vertex -62.06806945800781 26.980512619018555 10.5
vertex -62.43221664428711 27.320781707763672 11.5
endloop
endfacet
facet normal 0.8944365156047006 -0.0005834588239003291 0.44719456518245293
outer loop
vertex -62.61781311035156 -49.27568054199219 11.5
vertex -62.11783981323242 -49.27600860595703 10.5
vertex -62.56806945800781 26.980838775634766 11.5
endloop
endfacet
facet normal 0.8944269624377001 -0.0005837657806557899 0.44721367161792175
outer loop
vertex -62.56806945800781 26.980838775634766 11.5
vertex -62.11783981323242 -49.27600860595703 10.5
vertex -62.06806945800781 26.980512619018555 10.5
endloop
endfacet
facet normal 0.8887924002267761 0.11231173084816028 0.44433562136409555
outer loop
vertex -62.61781311035156 -49.27568054199219 11.5
vertex -62.60372543334961 -49.38716506958008 11.5
vertex -62.11783981323242 -49.27600860595703 10.5
endloop
endfacet
facet normal 0.872447114448341 0.19958799235114455 0.44609490671829355
outer loop
vertex -62.04922103881836 -49.575958251953125 10.5
vertex -62.08283233642578 -49.42903518676758 10.5
vertex -62.60372543334961 -49.38716506958008 11.5
endloop
endfacet
facet normal 0.8729062781389292 0.19503504136309577 0.4472090811087562
outer loop
vertex -62.60372543334961 -49.38716506958008 11.5
vertex -62.53662872314453 -49.68746566772461 11.5
vertex -62.04922103881836 -49.575958251953125 10.5
endloop
endfacet
facet normal 0.872447213377944 0.19958738818819374 0.4460949835464144
outer loop
vertex -62.60372543334961 -49.38716506958008 11.5
vertex -62.08283233642578 -49.42903518676758 10.5
vertex -62.11783981323242 -49.27600860595703 10.5
endloop
endfacet
facet normal 0.779848149355456 0.45419313306967823 0.4307498831331472
outer loop
vertex -62.53662872314453 -49.68746566772461 11.5
vertex -62.389488220214844 -49.94010543823242 11.5
vertex -62.04922103881836 -49.575958251953125 10.5
endloop
endfacet
facet normal 0.6110592608840208 0.6539430885169993 0.4460549480374833
outer loop
vertex -61.92549133300781 -49.69157409667969 10.5
vertex -62.04922103881836 -49.575958251953125 10.5
vertex -62.389488220214844 -49.94010543823242 11.5
endloop
endfacet
facet normal 0.6110631168701705 0.6539394853794328 0.4460549480306153
outer loop
vertex -62.01462936401367 -50.29038619995117 11.5
vertex -61.67436218261719 -49.926239013671875 10.5
vertex -62.389488220214844 -49.94010543823242 11.5
endloop
endfacet
facet normal 0.6110646530646794 0.6539373210311784 0.44605601659153565
outer loop
vertex -61.92549133300781 -49.69157409667969 10.5
vertex -62.389488220214844 -49.94010543823242 11.5
vertex -61.67436218261719 -49.926239013671875 10.5
endloop
endfacet
facet normal 0.5433875602005687 0.7122856102939318 0.444273754331127
outer loop
vertex -61.67436218261719 -49.926239013671875 10.5
vertex -62.01462936401367 -50.29038619995117 11.5
vertex -61.92436218261719 -50.359249114990234 11.5
endloop
endfacet
facet normal 0.1565347230842662 0.883348566359966 0.4418056029281711
outer loop
vertex -61.67604064941406 -50.426090240478516 11.5
vertex -61.67436218261719 -49.926239013671875 10.5
vertex -61.84537124633789 -50.39608383178711 11.5
endloop
endfacet
facet normal 0.3782944232887592 0.8112409510190903 0.4458491322165683
outer loop
vertex -61.84537124633789 -50.39608383178711 11.5
vertex -61.67436218261719 -49.926239013671875 10.5
vertex -61.92436218261719 -50.359249114990234 11.5
endloop
endfacet
facet normal 0.0030146472836322514 0.8944223319015245 0.44721315286739305
outer loop
vertex -43.97869873046875 -49.98573684692383 10.5
vertex -61.67604064941406 -50.426090240478516 11.5
vertex -44.048397064208984 -50.485504150390625 11.5
endloop
endfacet
facet normal 0.0030074761478037105 0.8944743504613468 0.44710914937403373
outer loop
vertex -43.97869873046875 -49.98573684692383 10.5
vertex -61.67436218261719 -49.926239013671875 10.5
vertex -61.67604064941406 -50.426090240478516 11.5
endloop
endfacet
facet normal 0.241821360010877 0.8611171654896345 0.4472132121724349
outer loop
vertex -43.72111892700195 -50.05807113647461 10.5
vertex -43.97869873046875 -49.98573684692383 10.5
vertex -43.92127990722656 -50.521202087402344 11.5
endloop
endfacet
facet normal 0.24182480859338215 0.8611164882194137 0.447212651504224
outer loop
vertex -44.048397064208984 -50.485504150390625 11.5
vertex -43.92127990722656 -50.521202087402344 11.5
vertex -43.97869873046875 -49.98573684692383 10.5
endloop
endfacet
facet normal 0.46146894544262285 0.7661892781491436 0.4472140454428594
outer loop
vertex -43.80772399902344 -50.589595794677734 11.5
vertex -43.72111892700195 -50.05807113647461 10.5
vertex -43.92127990722656 -50.521202087402344 11.5
endloop
endfacet
facet normal 0.4614724146089039 0.7661875495966105 0.4472134271219607
outer loop
vertex -43.80772399902344 -50.589595794677734 11.5
vertex -43.4919319152832 -50.196109771728516 10.5
vertex -43.72111892700195 -50.05807113647461 10.5
endloop
endfacet
facet normal 0.648125908883804 0.6163874246546983 0.4472128676157382
outer loop
vertex -43.3908805847168 -50.302364349365234 10.5
vertex -43.4919319152832 -50.196109771728516 10.5
vertex -43.80772399902344 -50.589595794677734 11.5
endloop
endfacet
facet normal 0.648102948399854 0.6164131495121876 0.4472106856772115
outer loop
vertex -43.307552337646484 -50.389976501464844 10.5
vertex -43.3908805847168 -50.302364349365234 10.5
vertex -43.80772399902344 -50.589595794677734 11.5
endloop
endfacet
facet normal 0.6481122789785629 0.6164016225964506 0.44721305157349356
outer loop
vertex -43.71636962890625 -50.68564987182617 11.5
vertex -43.307552337646484 -50.389976501464844 10.5
vertex -43.80772399902344 -50.589595794677734 11.5
endloop
endfacet
facet normal 0.7883584555325168 0.42247920889061774 0.4472161263254519
outer loop
vertex -43.71636962890625 -50.68564987182617 11.5
vertex -43.65375518798828 -50.802490234375 11.5
vertex -43.18117141723633 -50.62579345703125 10.5
endloop
endfacet
facet normal 0.788349885131859 0.422498814170929 0.447212712964137
outer loop
vertex -43.307552337646484 -50.389976501464844 10.5
vertex -43.71636962890625 -50.68564987182617 11.5
vertex -43.18117141723633 -50.62579345703125 10.5
endloop
endfacet
facet normal 0.8721563053207346 0.19834936852785504 0.4472146096606043
outer loop
vertex -43.65375518798828 -50.802490234375 11.5
vertex -43.15407943725586 -50.74491882324219 10.5
vertex -43.18117141723633 -50.62579345703125 10.5
endloop
endfacet
facet normal 0.872154450915441 0.19835576345447423 0.4472153897763114
outer loop
vertex -43.65375518798828 -50.802490234375 11.5
vertex -43.62179946899414 -50.942996978759766 11.5
vertex -43.1218376159668 -50.88667678833008 10.5
endloop
endfacet
facet normal 0.8721531274097327 0.19836490495054118 0.44721391618931666
outer loop
vertex -43.1218376159668 -50.88667678833008 10.5
vertex -43.15407943725586 -50.74491882324219 10.5
vertex -43.65375518798828 -50.802490234375 11.5
endloop
endfacet
facet normal 0.8944260338174852 0.0006488247502496223 0.4472154391967771
outer loop
vertex -43.62179946899414 -50.942996978759766 11.5
vertex -43.121192932128906 -51.775394439697266 10.5
vertex -43.1218376159668 -50.88667678833008 10.5
endloop
endfacet
facet normal 0.894425883197855 0.0006483714859599964 0.4472157410916494
outer loop
vertex -43.11783981323242 -56.40100860595703 10.5
vertex -43.121192932128906 -51.775394439697266 10.5
vertex -43.62179946899414 -50.942996978759766 11.5
endloop
endfacet
facet normal 0.894437823194058 0.0006538507513285423 0.44719185247393567
outer loop
vertex -43.62179946899414 -50.942996978759766 11.5
vertex -43.6178092956543 -56.401371002197266 11.5
vertex -43.11783981323242 -56.40100860595703 10.5
endloop
endfacet
facet normal 0.8886960202111828 0.1129687958483572 0.44436182872224445
outer loop
vertex -43.60372543334961 -56.51216506958008 11.5
vertex -43.11783981323242 -56.40100860595703 10.5
vertex -43.6178092956543 -56.401371002197266 11.5
endloop
endfacet
facet normal 0.8724471466344866 0.19958767993973225 0.44609498354679755
outer loop
vertex -43.60372543334961 -56.51216506958008 11.5
vertex -43.53510665893555 -56.81211471557617 11.5
vertex -43.04922103881836 -56.700958251953125 10.5
endloop
endfacet
facet normal 0.872445730319993 0.19959387090275924 0.446094983545508
outer loop
vertex -43.082828521728516 -56.554046630859375 10.5
vertex -43.11783981323242 -56.40100860595703 10.5
vertex -43.60372543334961 -56.51216506958008 11.5
endloop
endfacet
facet normal 0.872447829708952 0.19958104953614114 0.44609661408958473
outer loop
vertex -43.60372543334961 -56.51216506958008 11.5
vertex -43.04922103881836 -56.700958251953125 10.5
vertex -43.082828521728516 -56.554046630859375 10.5
endloop
endfacet
facet normal 0.8645986488167602 0.23170207878876276 0.4458512343250814
outer loop
vertex -43.519065856933594 -56.871971130371094 11.5
vertex -43.04922103881836 -56.700958251953125 10.5
vertex -43.53510665893555 -56.81211471557617 11.5
endloop
endfacet
facet normal 0.8112481390932186 0.3782768657850394 0.44585095001540287
outer loop
vertex -43.519065856933594 -56.871971130371094 11.5
vertex -43.482234954833984 -56.950958251953125 11.5
vertex -43.04922103881836 -56.700958251953125 10.5
endloop
endfacet
facet normal 0.7332302653873112 0.5134100570581702 0.44585142282107815
outer loop
vertex -43.482234954833984 -56.950958251953125 11.5
vertex -43.43224334716797 -57.02235412597656 11.5
vertex -43.04922103881836 -56.700958251953125 10.5
endloop
endfacet
facet normal 0.6493479881217905 0.6155753524627688 0.44655814376464015
outer loop
vertex -43.390594482421875 -57.066287994384766 11.5
vertex -43.04922103881836 -56.700958251953125 10.5
vertex -43.43224334716797 -57.02235412597656 11.5
endloop
endfacet
facet normal 0.6106663375188752 0.6535185475397555 0.4472137433518916
outer loop
vertex -42.67436218261719 -57.051239013671875 10.5
vertex -42.925392150878906 -56.81666946411133 10.5
vertex -43.390594482421875 -57.066287994384766 11.5
endloop
endfacet
facet normal 0.610664952617244 0.6535205002977328 0.4472127808276284
outer loop
vertex -43.0157356262207 -57.41656494140625 11.5
vertex -42.67436218261719 -57.051239013671875 10.5
vertex -43.390594482421875 -57.066287994384766 11.5
endloop
endfacet
facet normal 0.6106715459803371 0.6535129744525013 0.44721477519445796
outer loop
vertex -42.925392150878906 -56.81666946411133 10.5
vertex -43.04922103881836 -56.700958251953125 10.5
vertex -43.390594482421875 -57.066287994384766 11.5
endloop
endfacet
facet normal 0.3782944232887592 0.8112409510190903 0.4458491322165683
outer loop
vertex -42.84537124633789 -57.52108383178711 11.5
vertex -42.67436218261719 -57.051239013671875 10.5
vertex -42.92436218261719 -57.484249114990234 11.5
endloop
endfacet
facet normal 0.5330785159123745 0.7196544942596577 0.4448872944516807
outer loop
vertex -42.92436218261719 -57.484249114990234 11.5
vertex -42.67436218261719 -57.051239013671875 10.5
vertex -43.0157356262207 -57.41656494140625 11.5
endloop
endfacet
facet normal 0.1565347230842662 0.883348566359966 0.4418056029281711
outer loop
vertex -42.67604064941406 -57.551090240478516 11.5
vertex -42.67436218261719 -57.051239013671875 10.5
vertex -42.84537124633789 -57.52108383178711 11.5
endloop
endfacet
facet normal 0.0030074764719645606 0.8944743504602571 0.4471091493740331
outer loop
vertex -24.978700637817383 -57.11073684692383 10.5
vertex -42.67436218261719 -57.051239013671875 10.5
vertex -42.67604064941406 -57.551090240478516 11.5
endloop
endfacet
facet normal 0.0030146472913843217 0.8944223342015033 0.4472131482674041
outer loop
vertex -24.978700637817383 -57.11073684692383 10.5
vertex -42.67604064941406 -57.551090240478516 11.5
vertex -25.048397064208984 -57.610504150390625 11.5
endloop
endfacet
facet normal 0.24182146956543804 0.8611175188142631 0.44721247259929947
outer loop
vertex -24.978700637817383 -57.11073684692383 10.5
vertex -25.048397064208984 -57.610504150390625 11.5
vertex -24.92127799987793 -57.646202087402344 11.5
endloop
endfacet
facet normal 0.24181806568593348 0.8611181872891558 0.447213026004109
outer loop
vertex -24.72111701965332 -57.18307113647461 10.5
vertex -24.978700637817383 -57.11073684692383 10.5
vertex -24.92127799987793 -57.646202087402344 11.5
endloop
endfacet
facet normal 0.46147538062992927 0.7661856352003136 0.44721364635390276
outer loop
vertex -24.515993118286133 -57.306617736816406 10.5
vertex -24.72111701965332 -57.18307113647461 10.5
vertex -24.92127799987793 -57.646202087402344 11.5
endloop
endfacet
facet normal 0.461480215287961 0.7661822504588508 0.4472144563624792
outer loop
vertex -24.80772590637207 -57.714595794677734 11.5
vertex -24.515993118286133 -57.306617736816406 10.5
vertex -24.92127799987793 -57.646202087402344 11.5
endloop
endfacet
facet normal 0.6481119206798145 0.6164012818284431 0.44721404051413033
outer loop
vertex -24.716371536254883 -57.81064987182617 11.5
vertex -24.307552337646484 -57.514976501464844 10.5
vertex -24.80772590637207 -57.714595794677734 11.5
endloop
endfacet
facet normal 0.6481025901133175 0.6164128087445163 0.44721167460622674
outer loop
vertex -24.307552337646484 -57.514976501464844 10.5
vertex -24.390880584716797 -57.427364349365234 10.5
vertex -24.80772590637207 -57.714595794677734 11.5
endloop
endfacet
facet normal 0.6220812045535485 0.6445742364497838 0.44445362935449645
outer loop
vertex -24.390880584716797 -57.427364349365234 10.5
vertex -24.515993118286133 -57.306617736816406 10.5
vertex -24.80772590637207 -57.714595794677734 11.5
endloop
endfacet
facet normal 0.7883493550016747 0.4224985300592948 0.447213915890571
outer loop
vertex -24.307552337646484 -57.514976501464844 10.5
vertex -24.716371536254883 -57.81064987182617 11.5
vertex -24.181171417236328 -57.75079345703125 10.5
endloop
endfacet
facet normal 0.7883488093740479 0.42249977817999274 0.44721369857863047
outer loop
vertex -24.65375328063965 -57.927490234375 11.5
vertex -24.181171417236328 -57.75079345703125 10.5
vertex -24.716371536254883 -57.81064987182617 11.5
endloop
endfacet
facet normal 0.8721577145616003 0.19834247855978268 0.44721491715890727
outer loop
vertex -24.12183952331543 -58.01167678833008 10.5
vertex -24.154077529907227 -57.86991882324219 10.5
vertex -24.65375328063965 -57.927490234375 11.5
endloop
endfacet
facet normal 0.8721535759633532 0.1983627120942653 0.4472140140748535
outer loop
vertex -24.154077529907227 -57.86991882324219 10.5
vertex -24.181171417236328 -57.75079345703125 10.5
vertex -24.65375328063965 -57.927490234375 11.5
endloop
endfacet
facet normal 0.8721563501368379 0.19835190346420975 0.44721339795238024
outer loop
vertex -24.65375328063965 -57.927490234375 11.5
vertex -24.621545791625977 -58.06910705566406 11.5
vertex -24.12183952331543 -58.01167678833008 10.5
endloop
endfacet
facet normal 0.8944149804976425 0.004679747160540002 0.4472135313560127
outer loop
vertex -24.621545791625977 -58.06910705566406 11.5
vertex -24.12118148803711 -58.13744354248047 10.5
vertex -24.12183952331543 -58.01167678833008 10.5
endloop
endfacet
facet normal 0.8944152391203428 0.00467897539000561 0.4472130221925563
outer loop
vertex -24.621545791625977 -58.06910705566406 11.5
vertex -24.617834091186523 -58.778621673583984 11.5
vertex -24.117841720581055 -58.77600860595703 10.5
endloop
endfacet
facet normal 0.894414937538791 0.004677891214934714 0.4472136366897393
outer loop
vertex -24.117841720581055 -58.77600860595703 10.5
vertex -24.12118148803711 -58.13744354248047 10.5
vertex -24.621545791625977 -58.06910705566406 11.5
endloop
endfacet
facet normal 0.8883267210587228 0.11546623946846442 0.44445830422669486
outer loop
vertex -24.60372543334961 -58.88716506958008 11.5
vertex -24.117841720581055 -58.77600860595703 10.5
vertex -24.617834091186523 -58.778621673583984 11.5
endloop
endfacet
facet normal 0.87244657866075 0.19959314178031293 0.4460936506356211
outer loop
vertex -24.60372543334961 -58.88716506958008 11.5
vertex -24.08283233642578 -58.929039001464844 10.5
vertex -24.117841720581055 -58.77600860595703 10.5
endloop
endfacet
facet normal 0.8724465928320377 0.1995930552381753 0.4460936616412066
outer loop
vertex -24.08283233642578 -58.929039001464844 10.5
vertex -24.60372543334961 -58.88716506958008 11.5
vertex -24.04922103881836 -59.075958251953125 10.5
endloop
endfacet
facet normal 0.8724465882212566 0.19959309999005564 0.4460936506356583
outer loop
vertex -24.60372543334961 -58.88716506958008 11.5
vertex -24.535104751586914 -59.18711471557617 11.5
vertex -24.04922103881836 -59.075958251953125 10.5
endloop
endfacet
facet normal 0.8112331325440841 0.37830904703205237 0.4458509499781433
outer loop
vertex -24.04922103881836 -59.075958251953125 10.5
vertex -24.519067764282227 -59.246971130371094 11.5
vertex -24.48223304748535 -59.325958251953125 11.5
endloop
endfacet
facet normal 0.7332396975047805 0.5133970728762233 0.44585086246997857
outer loop
vertex -24.43224334716797 -59.39735412597656 11.5
vertex -24.04922103881836 -59.075958251953125 10.5
vertex -24.48223304748535 -59.325958251953125 11.5
endloop
endfacet
facet normal 0.6329222425863963 0.6329504803950242 0.4458510112213664
outer loop
vertex -24.04922103881836 -59.075958251953125 10.5
vertex -24.43224334716797 -59.39735412597656 11.5
vertex -24.389490127563477 -59.44010543823242 11.5
endloop
endfacet
facet normal 0.8646126830124993 0.23165073732614536 0.4458506972857403
outer loop
vertex -24.04922103881836 -59.075958251953125 10.5
vertex -24.535104751586914 -59.18711471557617 11.5
vertex -24.519067764282227 -59.246971130371094 11.5
endloop
endfacet
facet normal 0.6110627991894827 0.6539391454080948 0.4460558816444915
outer loop
vertex -24.014631271362305 -59.79038619995117 11.5
vertex -23.674362182617188 -59.426239013671875 10.5
vertex -24.389490127563477 -59.44010543823242 11.5
endloop
endfacet
facet normal 0.6110624718496122 0.653939451284974 0.44605588164505694
outer loop
vertex -23.925472259521484 -59.191593170166016 10.5
vertex -24.04922103881836 -59.075958251953125 10.5
vertex -24.389490127563477 -59.44010543823242 11.5
endloop
endfacet
facet normal 0.6110629296305649 0.653938961629484 0.44605597237820227
outer loop
vertex -23.674362182617188 -59.426239013671875 10.5
vertex -23.925472259521484 -59.191593170166016 10.5
vertex -24.389490127563477 -59.44010543823242 11.5
endloop
endfacet
facet normal 0.3782944232887592 0.8112409510190903 0.4458491322165683
outer loop
vertex -23.84537124633789 -59.89608383178711 11.5
vertex -23.674362182617188 -59.426239013671875 10.5
vertex -23.924362182617188 -59.859249114990234 11.5
endloop
endfacet
facet normal 0.5433801616750555 0.7122909625414179 0.44427422227697494
outer loop
vertex -23.674362182617188 -59.426239013671875 10.5
vertex -24.014631271362305 -59.79038619995117 11.5
vertex -23.924362182617188 -59.859249114990234 11.5
endloop
endfacet
facet normal 0.15641717855077136 0.8833735664914785 0.441797247929796
outer loop
vertex -23.675779342651367 -59.92611312866211 11.5
vertex -23.674362182617188 -59.426239013671875 10.5
vertex -23.84537124633789 -59.89608383178711 11.5
endloop
endfacet
facet normal 0.0025356951276766736 0.8944679139190846 0.4471249503432574
outer loop
vertex -23.674362182617188 -59.426239013671875 10.5
vertex -23.675779342651367 -59.92611312866211 11.5
vertex -6.117840766906738 -59.476009368896484 10.5
endloop
endfacet
facet normal 0.002541756310330946 0.8944244685537741 0.44721181729372683
outer loop
vertex -6.117840766906738 -59.476009368896484 10.5
vertex -23.675779342651367 -59.92611312866211 11.5
vertex -6.1472086906433105 -59.97592544555664 11.5
endloop
endfacet
facet normal 0.10221426147804688 0.8885685632659194 0.4472115306273276
outer loop
vertex -6.0100178718566895 -59.99170684814453 11.5
vertex -6.117840766906738 -59.476009368896484 10.5
vertex -6.1472086906433105 -59.97592544555664 11.5
endloop
endfacet
facet normal 0.102205281096198 0.8885689964803494 0.4472127223256867
outer loop
vertex -5.890794277191162 -59.50212478637695 10.5
vertex -6.117840766906738 -59.476009368896484 10.5
vertex -6.0100178718566895 -59.99170684814453 11.5
endloop
endfacet
facet normal 0.31778849875860987 0.8360675091833017 0.44721537333233374
outer loop
vertex -6.0100178718566895 -59.99170684814453 11.5
vertex -5.881435871124268 -60.04058074951172 11.5
vertex -5.6407036781311035 -59.5971794128418 10.5
endloop
endfacet
facet normal 0.31777553037476447 0.8360736948184831 0.4472130243268938
outer loop
vertex -5.6407036781311035 -59.5971794128418 10.5
vertex -5.890794277191162 -59.50212478637695 10.5
vertex -6.0100178718566895 -59.99170684814453 11.5
endloop
endfacet
facet normal 0.5280813440556505 0.7218938542938537 0.4472128768194652
outer loop
vertex -5.424766540527344 -59.75514221191406 10.5
vertex -5.6407036781311035 -59.5971794128418 10.5
vertex -5.774446487426758 -60.11884307861328 11.5
endloop
endfacet
facet normal 0.5280684336383514 0.7219018001848425 0.44721529522660747
outer loop
vertex -5.774446487426758 -60.11884307861328 11.5
vertex -5.6407036781311035 -59.5971794128418 10.5
vertex -5.881435871124268 -60.04058074951172 11.5
endloop
endfacet
facet normal 0.7005922049605514 0.5560303983225283 0.44721444351653417
outer loop
vertex -5.2584404945373535 -59.96470642089844 10.5
vertex -5.315843105316162 -59.89237976074219 10.5
vertex -5.774446487426758 -60.11884307861328 11.5
endloop
endfacet
facet normal 0.70058327690764 0.556042699858014 0.44721313492781434
outer loop
vertex -5.774446487426758 -60.11884307861328 11.5
vertex -5.315843105316162 -59.89237976074219 10.5
vertex -5.424766540527344 -59.75514221191406 10.5
endloop
endfacet
facet normal 0.7005887558465931 0.5560355383724409 0.44721345602317547
outer loop
vertex -5.692038059234619 -60.22267532348633 11.5
vertex -5.2584404945373535 -59.96470642089844 10.5
vertex -5.774446487426758 -60.11884307861328 11.5
endloop
endfacet
facet normal 0.8229346206803138 0.3503972267880626 0.44721403549640887
outer loop
vertex -5.23268461227417 -60.02519607543945 10.5
vertex -5.2584404945373535 -59.96470642089844 10.5
vertex -5.692038059234619 -60.22267532348633 11.5
endloop
endfacet
facet normal 0.8229379082944692 0.3503895203807272 0.4472140238177777
outer loop
vertex -5.640108585357666 -60.34463882446289 11.5
vertex -5.23268461227417 -60.02519607543945 10.5
vertex -5.692038059234619 -60.22267532348633 11.5
endloop
endfacet
facet normal 0.8229388078265513 0.35038768730774483 0.4472138047468398
outer loop
vertex -5.640108585357666 -60.34463882446289 11.5
vertex -5.153631210327148 -60.21086502075195 10.5
vertex -5.23268461227417 -60.02519607543945 10.5
endloop
endfacet
facet normal 0.8863881025786641 0.11965081283623459 0.44721338821039786
outer loop
vertex -5.617840766906738 -60.50960159301758 11.5
vertex -5.117840766906738 -60.476009368896484 10.5
vertex -5.640108585357666 -60.34463882446289 11.5
endloop
endfacet
facet normal 0.886388137142689 0.11965017720064956 0.44721348976586867
outer loop
vertex -5.117840766906738 -60.476009368896484 10.5
vertex -5.143796920776367 -60.283721923828125 10.5
vertex -5.640108585357666 -60.34463882446289 11.5
endloop
endfacet
facet normal 0.886388751489679 0.11964554172157665 0.4472135122944278
outer loop
vertex -5.143796920776367 -60.283721923828125 10.5
vertex -5.153631210327148 -60.21086502075195 10.5
vertex -5.640108585357666 -60.34463882446289 11.5
endloop
endfacet
facet normal 0.894427190999916 0 0.447213595499958
outer loop
vertex -5.617840766906738 -61.15100860595703 11.5
vertex -5.117840766906738 -61.15100860595703 10.5
vertex -5.617840766906738 -60.50960159301758 11.5
endloop
endfacet
facet normal 0.894427190999916 0 0.447213595499958
outer loop
vertex -5.117840766906738 -60.476009368896484 10.5
vertex -5.617840766906738 -60.50960159301758 11.5
vertex -5.117840766906738 -61.15100860595703 10.5
endloop
endfacet
facet normal 0.8898992797544782 0.10049422802119615 0.4449496398772391
outer loop
vertex -5.605248928070068 -61.26251220703125 11.5
vertex -5.117840766906738 -61.15100860595703 10.5
vertex -5.617840766906738 -61.15100860595703 11.5
endloop
endfacet
facet normal 0.14557121050025132 -0.85370316348349 0.4999999313317684
outer loop
vertex -3.5880112648010254 -73.44657897949219 11.5
vertex -2.535555601119995 -74.43848419189453 9.5
vertex -2.791682004928589 -73.310791015625 11.5
endloop
endfacet
facet normal 0.14557337970624745 -0.8537023587801666 0.5000006737336262
outer loop
vertex -3.5880112648010254 -73.44657897949219 11.5
vertex -3.447172164916992 -74.59393310546875 9.5
vertex -2.535555601119995 -74.43848419189453 9.5
endloop
endfacet
facet normal 0.23747373986523443 -0.8328301850107862 0.5000001058093074
outer loop
vertex -2.791682004928589 -73.310791015625 11.5
vertex -2.535555601119995 -74.43848419189453 9.5
vertex -2.0233662128448486 -73.09171295166016 11.5
endloop
endfacet
facet normal 0.23747570013042105 -0.8328300015968501 0.4999994802874869
outer loop
vertex -2.0233662128448486 -73.09171295166016 11.5
vertex -2.535555601119995 -74.43848419189453 9.5
vertex -1.646227240562439 -74.18489837646484 9.5
endloop
endfacet
facet normal 0.32656552712175896 -0.8020938061411891 0.5000004826453954
outer loop
vertex -2.0233662128448486 -73.09171295166016 11.5
vertex -0.7897171974182129 -73.836181640625 9.5
vertex -1.2834031581878662 -72.79044342041016 11.5
endloop
endfacet
facet normal 0.32655917326108647 -0.802097888801874 0.4999980831349378
outer loop
vertex -2.0233662128448486 -73.09171295166016 11.5
vertex -1.3189551830291748 -74.05165100097656 9.5
vertex -0.7897171974182129 -73.836181640625 9.5
endloop
endfacet
facet normal 0.3265687405260424 -0.8020932738551695 0.49999923774694927
outer loop
vertex -2.0233662128448486 -73.09171295166016 11.5
vertex -1.646227240562439 -74.18489837646484 9.5
vertex -1.3189551830291748 -74.05165100097656 9.5
endloop
endfacet
facet normal 0.4117777342389388 -0.7618653428185789 0.500000296996887
outer loop
vertex -0.7897171974182129 -73.836181640625 9.5
vertex 0.02383269928395748 -73.39646911621094 9.5
vertex -1.2834031581878662 -72.79044342041016 11.5
endloop
endfacet
facet normal 0.41177412212993153 -0.7618682636929955 0.4999988211201546
outer loop
vertex -1.2834031581878662 -72.79044342041016 11.5
vertex 0.02383269928395748 -73.39646911621094 9.5
vertex -0.5805546045303345 -72.41056823730469 11.5
endloop
endfacet
facet normal 0.49212319819184464 -0.7126119949153936 0.49999890250292905
outer loop
vertex -0.5805546045303345 -72.41056823730469 11.5
vertex 0.02383269928395748 -73.39646911621094 9.5
vertex 0.0768570825457573 -71.9565658569336 11.5
endloop
endfacet
facet normal 0.4921200190655893 -0.7126134142616752 0.500000008649202
outer loop
vertex 0.0768570825457573 -71.9565658569336 11.5
vertex 0.02383269928395748 -73.39646911621094 9.5
vertex 0.7847892642021179 -72.87096405029297 9.5
endloop
endfacet
facet normal 0.5666336571135633 -0.654925180199012 0.49999930696692013
outer loop
vertex 1.4841421842575073 -72.2658920288086 9.5
vertex 0.6810476183891296 -71.43383026123047 11.5
vertex 0.7847892642021179 -72.87096405029297 9.5
endloop
endfacet
facet normal 0.5666314707786418 -0.654926457600368 0.5000001114582541
outer loop
vertex 0.0768570825457573 -71.9565658569336 11.5
vertex 0.7847892642021179 -72.87096405029297 9.5
vertex 0.6810476183891296 -71.43383026123047 11.5
endloop
endfacet
facet normal 0.6344418075698305 -0.5894779015662264 0.49999939637224006
outer loop
vertex 0.6810476183891296 -71.43383026123047 11.5
vertex 1.4841421842575073 -72.2658920288086 9.5
vertex 1.2274223566055298 -70.84577941894531 11.5
endloop
endfacet
facet normal 0.6344457189889341 -0.5894736323485329 0.4999994664221567
outer loop
vertex 1.2274223566055298 -70.84577941894531 11.5
vertex 1.962070345878601 -71.75151062011719 9.5
vertex 2.11361026763916 -71.58840942382812 9.5
endloop
endfacet
facet normal 0.6344404872671388 -0.5894788781518425 0.49999992032907437
outer loop
vertex 1.2274223566055298 -70.84577941894531 11.5
vertex 1.4841421842575073 -72.2658920288086 9.5
vertex 1.962070345878601 -71.75151062011719 9.5
endloop
endfacet
facet normal 0.6913618298662149 -0.5215547168388581 0.499999497546925
outer loop
vertex 2.11361026763916 -71.58840942382812 9.5
vertex 2.6653459072113037 -70.85704040527344 9.5
vertex 1.7435308694839478 -70.16163635253906 11.5
endloop
endfacet
facet normal 0.6913621115665926 -0.5215544654065608 0.4999993703042626
outer loop
vertex 1.7435308694839478 -70.16163635253906 11.5
vertex 1.2274223566055298 -70.84577941894531 11.5
vertex 2.11361026763916 -71.58840942382812 9.5
endloop
endfacet
facet normal 0.6464031115172598 -0.5774501784995016 0.49871265150555244
outer loop
vertex 1.7435308694839478 -70.16163635253906 11.5
vertex 2.6653459072113037 -70.85704040527344 9.5
vertex 1.8235795497894287 -70.07202911376953 11.5
endloop
endfacet
facet normal 0.6333496138399953 -0.5906513122305751 0.4999992940085301
outer loop
vertex 2.6653459072113037 -70.85704040527344 9.5
vertex 2.9543662071228027 -70.54712677001953 9.5
vertex 2.109898090362549 -69.75959777832031 11.5
endloop
endfacet
facet normal 0.6389890572613911 -0.5855827939096461 0.49878429824641807
outer loop
vertex 2.109898090362549 -69.75959777832031 11.5
vertex 1.8235795497894287 -70.07202911376953 11.5
vertex 2.6653459072113037 -70.85704040527344 9.5
endloop
endfacet
facet normal 0.5702541913753569 -0.6532872192780536 0.4980220540767105
outer loop
vertex 2.109898090362549 -69.75959777832031 11.5
vertex 2.9543662071228027 -70.54712677001953 9.5
vertex 2.2571544647216797 -69.63105773925781 11.5
endloop
endfacet
facet normal 0.5244887507054463 -0.6891384245444395 0.49999978219980057
outer loop
vertex 2.592254877090454 -69.37163543701172 11.5
vertex 2.9543662071228027 -70.54712677001953 9.5
vertex 3.291578531265259 -70.29048156738281 9.5
endloop
endfacet
facet normal 0.5305492542906773 -0.6853199295336558 0.4988527668116026
outer loop
vertex 2.2571544647216797 -69.63105773925781 11.5
vertex 2.9543662071228027 -70.54712677001953 9.5
vertex 2.592254877090454 -69.37163543701172 11.5
endloop
endfacet
facet normal 0.479964266680143 -0.7213804382218153 0.49924399451680346
outer loop
vertex 2.592254877090454 -69.37163543701172 11.5
vertex 3.291578531265259 -70.29048156738281 9.5
vertex 2.7142281532287598 -69.29048156738281 11.5
endloop
endfacet
facet normal 0.36642308335066315 -0.7855939543667122 0.4985742300302586
outer loop
vertex 2.7142281532287598 -69.29048156738281 11.5
vertex 3.291578531265259 -70.29048156738281 9.5
vertex 2.7589974403381348 -69.26959991455078 11.5
endloop
endfacet
facet normal 0.40084589194276293 -0.7683602840179905 0.49894392957165395
outer loop
vertex 2.7589974403381348 -69.26959991455078 11.5
vertex 3.291578531265259 -70.29048156738281 9.5
vertex 3.1347124576568604 -69.07359313964844 11.5
endloop
endfacet
facet normal 0.4008461014478153 -0.7683601980262508 0.49894389368259495
outer loop
vertex 3.291578531265259 -70.29048156738281 9.5
vertex 3.6672933101654053 -70.09447479248047 9.5
vertex 3.1347124576568604 -69.07359313964844 11.5
endloop
endfacet
facet normal 0.3356269695196088 -0.7998208925936751 0.49763548617611714
outer loop
vertex 3.1347124576568604 -69.07359313964844 11.5
vertex 3.6672933101654053 -70.09447479248047 9.5
vertex 3.3147077560424805 -68.99806213378906 11.5
endloop
endfacet
facet normal 0.2711212617895935 -0.8230878502180033 0.49901868925835274
outer loop
vertex 3.3147077560424805 -68.99806213378906 11.5
vertex 3.6672933101654053 -70.09447479248047 9.5
vertex 3.7172138690948486 -68.865478515625 11.5
endloop
endfacet
facet normal 0.26511762830584185 -0.8244452551426316 0.5000026644271875
outer loop
vertex 3.6672933101654053 -70.09447479248047 9.5
vertex 3.8263957500457764 -70.0433120727539 9.5
vertex 3.7172138690948486 -68.865478515625 11.5
endloop
endfacet
facet normal 0.26514525389506327 -0.8244380351391147 0.49999992055287196
outer loop
vertex 3.7172138690948486 -68.865478515625 11.5
vertex 3.8263957500457764 -70.0433120727539 9.5
vertex 4.07071590423584 -69.96473693847656 9.5
endloop
endfacet
facet normal 0.20834065136040347 -0.8411119381049589 0.49912411339069024
outer loop
vertex 3.7172138690948486 -68.865478515625 11.5
vertex 4.07071590423584 -69.96473693847656 9.5
vertex 3.870204210281372 -68.82758331298828 11.5
endloop
endfacet
facet normal 0.07550453797333308 -0.8635561563101382 0.4985677783855405
outer loop
vertex 3.870204210281372 -68.82758331298828 11.5
vertex 4.07071590423584 -69.96473693847656 9.5
vertex 3.9083361625671387 -68.82424926757812 11.5
endloop
endfacet
facet normal 0.12213840120494449 -0.8578812765371722 0.4991211539476682
outer loop
vertex 4.07071590423584 -69.96473693847656 9.5
vertex 4.490253925323486 -69.9050064086914 9.5
vertex 4.327874660491943 -68.76451110839844 11.5
endloop
endfacet
facet normal 0.12215375364526167 -0.8578805076008337 0.49911871849181194
outer loop
vertex 3.9083361625671387 -68.82424926757812 11.5
vertex 4.07071590423584 -69.96473693847656 9.5
vertex 4.327874660491943 -68.76451110839844 11.5
endloop
endfacet
facet normal 0.0755392320104462 -0.8635512271951848 0.4985710605690648
outer loop
vertex 4.327874660491943 -68.76451110839844 11.5
vertex 4.490253925323486 -69.9050064086914 9.5
vertex 4.490187168121338 -68.75031280517578 11.5
endloop
endfacet
facet normal 0.000050134332011379786 -0.8660247984521904 0.5000010459512977
outer loop
vertex 73.50497436523438 -68.74630737304688 11.5
vertex 4.490253925323486 -69.9050064086914 9.5
vertex 73.54864501953125 -69.90100860595703 9.5
endloop
endfacet
facet normal 0.00005026185428603542 -0.8660267022500403 0.4999977484585965
outer loop
vertex 4.490187168121338 -68.75031280517578 11.5
vertex 4.490253925323486 -69.9050064086914 9.5
vertex 73.50497436523438 -68.74630737304688 11.5
endloop
endfacet
facet normal 0.06535565931788921 -0.8635551381216735 0.500001161217433
outer loop
vertex 73.50497436523438 -68.74630737304688 11.5
vertex 73.9113540649414 -69.8735580444336 9.5
vertex 74.38553619384766 -68.6796646118164 11.5
endloop
endfacet
facet normal 0.06535977640329295 -0.8635553265674707 0.500000297585372
outer loop
vertex 73.9113540649414 -69.8735580444336 9.5
vertex 74.57977294921875 -69.82296752929688 9.5
vertex 74.38553619384766 -68.6796646118164 11.5
endloop
endfacet
facet normal 0.0653556174443611 -0.8635551442252282 0.5000011561492751
outer loop
vertex 73.50497436523438 -68.74630737304688 11.5
vertex 73.54864501953125 -69.90100860595703 9.5
vertex 73.9113540649414 -69.8735580444336 9.5
endloop
endfacet
facet normal 0.22350280914180018 -0.8366874342395703 0.50000063169093
outer loop
vertex 75.50211334228516 -68.38139343261719 11.5
vertex 74.57977294921875 -69.82296752929688 9.5
vertex 75.91984558105469 -69.46499633789062 9.5
endloop
endfacet
facet normal 0.2235042608050076 -0.8366874428273301 0.4999999684170694
outer loop
vertex 74.38553619384766 -68.6796646118164 11.5
vertex 74.57977294921875 -69.82296752929688 9.5
vertex 75.50211334228516 -68.38139343261719 11.5
endloop
endfacet
facet normal 0.3959605398002699 -0.7702043178837139 0.5000005596340488
outer loop
vertex 75.50211334228516 -68.38139343261719 11.5
vertex 75.91984558105469 -69.46499633789062 9.5
vertex 77.15343475341797 -68.830810546875 9.5
endloop
endfacet
facet normal 0.3959598894030923 -0.7702049139178709 0.5000001565606316
outer loop
vertex 75.50211334228516 -68.38139343261719 11.5
vertex 77.15343475341797 -68.830810546875 9.5
vertex 76.51526641845703 -67.86053466796875 11.5
endloop
endfacet
facet normal 0.5503809498813422 -0.6686384056620779 0.500003492469189
outer loop
vertex 77.53304290771484 -68.51834106445312 9.5
vertex 77.39481353759766 -67.13653564453125 11.5
vertex 77.15343475341797 -68.830810546875 9.5
endloop
endfacet
facet normal 0.5503872384420538 -0.6686355841821967 0.5000003433253444
outer loop
vertex 76.51526641845703 -67.86053466796875 11.5
vertex 77.15343475341797 -68.830810546875 9.5
vertex 77.39481353759766 -67.13653564453125 11.5
endloop
endfacet
facet normal 0.5503896640820294 -0.6686333791697852 0.5000006219312784
outer loop
vertex 77.39481353759766 -67.13653564453125 11.5
vertex 77.53304290771484 -68.51834106445312 9.5
vertex 78.22434997558594 -67.94928741455078 9.5
endloop
endfacet
facet normal 0.6797408342026594 -0.5366112485709286 0.5000007662240349
outer loop
vertex 77.39481353759766 -67.13653564453125 11.5
vertex 78.22434997558594 -67.94928741455078 9.5
vertex 78.10069274902344 -66.24237823486328 11.5
endloop
endfacet
facet normal 0.6797458066158799 -0.5366075803984531 0.49999794304281353
outer loop
vertex 78.22434997558594 -67.94928741455078 9.5
vertex 79.08380126953125 -66.86058044433594 9.5
vertex 78.10069274902344 -66.24237823486328 11.5
endloop
endfacet
facet normal 0.7781376640540386 -0.3801369873992263 0.4999976465860261
outer loop
vertex 78.10069274902344 -66.24237823486328 11.5
vertex 79.08380126953125 -66.86058044433594 9.5
vertex 78.60073852539062 -65.21878814697266 11.5
endloop
endfacet
facet normal 0.7781322212994549 -0.38014317582647855 0.5000014120461413
outer loop
vertex 79.08380126953125 -66.86058044433594 9.5
vertex 79.54957580566406 -65.90716552734375 9.5
vertex 78.60073852539062 -65.21878814697266 11.5
endloop
endfacet
facet normal 0.7781349364024296 -0.38013818382146985 0.5000009819499371
outer loop
vertex 78.60073852539062 -65.21878814697266 11.5
vertex 79.54957580566406 -65.90716552734375 9.5
vertex 79.6926498413086 -65.61429595947266 9.5
endloop
endfacet
facet normal 0.8410798189236074 -0.20635894680066783 0.5000007232742281
outer loop
vertex 78.60073852539062 -65.21878814697266 11.5
vertex 79.85318756103516 -64.95997619628906 9.5
vertex 78.86853790283203 -64.12728881835938 11.5
endloop
endfacet
facet normal 0.8410806376566373 -0.2063567994003945 0.5000002323002757
outer loop
vertex 80.02316284179688 -64.26718139648438 9.5
vertex 78.86853790283203 -64.12728881835938 11.5
vertex 79.85318756103516 -64.95997619628906 9.5
endloop
endfacet
facet normal 0.8410797644724959 -0.20635939046010818 0.5000006317634245
outer loop
vertex 78.60073852539062 -65.21878814697266 11.5
vertex 79.6926498413086 -65.61429595947266 9.5
vertex 79.85318756103516 -64.95997619628906 9.5
endloop
endfacet
facet normal 0.8660247701427815 -0.00048555895220641986 0.5000008617309039
outer loop
vertex 78.86853790283203 -64.12728881835938 11.5
vertex 80.02316284179688 -64.26718139648438 9.5
vertex 78.92743682861328 40.922630310058594 11.5
endloop
endfacet
facet normal 0.8660250208447919 -0.00048554808484960096 0.5000004275136523
outer loop
vertex 78.92743682861328 40.922630310058594 11.5
vertex 80.02316284179688 -64.26718139648438 9.5
vertex 80.08216094970703 40.96202087402344 9.5
endloop
endfacet
facet normal 0.8639790568952858 0.05949849359451299 0.5000001185063023
outer loop
vertex 78.92743682861328 40.922630310058594 11.5
vertex 80.0012435913086 42.13700866699219 9.5
vertex 78.85576629638672 41.96335983276367 11.5
endloop
endfacet
facet normal 0.8639788167889806 0.0594992424475607 0.500000444287882
outer loop
vertex 78.92743682861328 40.922630310058594 11.5
vertex 80.08216094970703 40.96202087402344 9.5
vertex 80.0012435913086 42.13700866699219 9.5
endloop
endfacet
facet normal 0.8427946169568452 0.19924129290278544 0.5000001408309712
outer loop
vertex 78.53234100341797 43.33145523071289 11.5
vertex 78.85576629638672 41.96335983276367 11.5
vertex 79.71586608886719 43.34416198730469 9.5
endloop
endfacet
facet normal 0.8427946798321096 0.19924117073971118 0.5000000835289541
outer loop
vertex 78.85576629638672 41.96335983276367 11.5
vertex 80.0012435913086 42.13700866699219 9.5
vertex 79.71586608886719 43.34416198730469 9.5
endloop
endfacet
facet normal 0.8427953728721533 0.1992370405532623 0.5000005611365509
outer loop
vertex 79.71586608886719 43.34416198730469 9.5
vertex 79.63079071044922 43.70404052734375 9.5
vertex 78.53234100341797 43.33145523071289 11.5
endloop
endfacet
facet normal 0.7900907999098131 0.35462149995356074 0.5000001196685439
outer loop
vertex 79.40233612060547 44.2130241394043 9.5
vertex 78.97142791748047 45.17308044433594 9.5
vertex 77.96296691894531 44.600006103515625 11.5
endloop
endfacet
facet normal 0.7900881787589313 0.3546268809874679 0.5000004450662972
outer loop
vertex 79.63079071044922 43.70404052734375 9.5
vertex 79.40233612060547 44.2130241394043 9.5
vertex 78.53234100341797 43.33145523071289 11.5
endloop
endfacet
facet normal 0.7900905087875724 0.35462279813622744 0.4999996589657112
outer loop
vertex 78.53234100341797 43.33145523071289 11.5
vertex 79.40233612060547 44.2130241394043 9.5
vertex 77.96296691894531 44.600006103515625 11.5
endloop
endfacet
facet normal 0.7090237949315709 0.49727908577439006 0.49999876907070534
outer loop
vertex 78.97142791748047 45.17308044433594 9.5
vertex 78.04682159423828 46.491390228271484 9.5
vertex 77.16455078125 45.738399505615234 11.5
endloop
endfacet
facet normal 0.7090245022192956 0.49727677931827835 0.5000000600035167
outer loop
vertex 77.96296691894531 44.600006103515625 11.5
vertex 78.97142791748047 45.17308044433594 9.5
vertex 77.16455078125 45.738399505615234 11.5
endloop
endfacet
facet normal 0.6025089997692401 0.6220793576727116 0.5000001779545449
outer loop
vertex 77.16455078125 45.738399505615234 11.5
vertex 76.89017486572266 47.611656188964844 9.5
vertex 76.16575622558594 46.705772399902344 11.5
endloop
endfacet
facet normal 0.6025103098983832 0.6220787161622474 0.49999939736372107
outer loop
vertex 77.7423324584961 46.78630447387695 9.5
vertex 76.89017486572266 47.611656188964844 9.5
vertex 77.16455078125 45.738399505615234 11.5
endloop
endfacet
facet normal 0.6025139795039305 0.6220756156254525 0.49999883294518926
outer loop
vertex 78.04682159423828 46.491390228271484 9.5
vertex 77.7423324584961 46.78630447387695 9.5
vertex 77.16455078125 45.738399505615234 11.5
endloop
endfacet
facet normal 0.47436719176302805 0.7245529586524364 0.4999987774853648
outer loop
vertex 76.16575622558594 46.705772399902344 11.5
vertex 75.91370391845703 48.25094985961914 9.5
vertex 75.00243377685547 47.467403411865234 11.5
endloop
endfacet
facet normal 0.4743641744882086 0.7245540759652819 0.5000000209642166
outer loop
vertex 76.89017486572266 47.611656188964844 9.5
vertex 75.91370391845703 48.25094985961914 9.5
vertex 76.16575622558594 46.705772399902344 11.5
endloop
endfacet
facet normal 0.47437184662062926 0.7245494075378035 0.4999995071701094
outer loop
vertex 75.91370391845703 48.25094985961914 9.5
vertex 75.5429916381836 48.49365997314453 9.5
vertex 75.00243377685547 47.467403411865234 11.5
endloop
endfacet
facet normal 0.32919672774935305 0.8010182269564525 0.4999993145221894
outer loop
vertex 75.23188781738281 48.62151336669922 9.5
vertex 74.05363464355469 49.105743408203125 9.5
vertex 75.00243377685547 47.467403411865234 11.5
endloop
endfacet
facet normal 0.32919626256076906 0.8010182623073905 0.49999956416587976
outer loop
vertex 75.00243377685547 47.467403411865234 11.5
vertex 74.05363464355469 49.105743408203125 9.5
vertex 73.71633911132812 47.99595260620117 11.5
endloop
endfacet
facet normal 0.3291926286550897 0.8010196812667737 0.49999968346232826
outer loop
vertex 75.5429916381836 48.49365997314453 9.5
vertex 75.23188781738281 48.62151336669922 9.5
vertex 75.00243377685547 47.467403411865234 11.5
endloop
endfacet
facet normal 0.17220952893779418 0.848730949757601 0.49999965306646316
outer loop
vertex 74.05363464355469 49.105743408203125 9.5
vertex 72.35889434814453 48.27138137817383 11.5
vertex 73.71633911132812 47.99595260620117 11.5
endloop
endfacet
facet normal 0.17222191062972084 0.8487280899208012 0.500000242878378
outer loop
vertex 72.55950164794922 49.40890884399414 9.5
vertex 72.4755630493164 49.425941467285156 9.5
vertex 72.35889434814453 48.27138137817383 11.5
endloop
endfacet
facet normal 0.17221069945798173 0.8487302900645927 0.5000003697189286
outer loop
vertex 74.05363464355469 49.105743408203125 9.5
vertex 72.55950164794922 49.40890884399414 9.5
vertex 72.35889434814453 48.27138137817383 11.5
endloop
endfacet
facet normal 0.0010703463816467923 0.866024205477246 0.5000009298852636
outer loop
vertex 72.4755630493164 49.425941467285156 9.5
vertex 33.607933044433594 48.31927490234375 11.5
vertex 72.35889434814453 48.27138137817383 11.5
endloop
endfacet
facet normal 0.0010702394854074698 0.8660251145727327 0.49999935551631375
outer loop
vertex 72.4755630493164 49.425941467285156 9.5
vertex 33.59413146972656 49.47399139404297 9.5
vertex 33.607933044433594 48.31927490234375 11.5
endloop
endfacet
facet normal -0.021768963299507983 0.8657521332626081 0.49999935598769313
outer loop
vertex 33.59413146972656 49.47399139404297 9.5
vertex 33.1660041809082 49.463226318359375 9.5
vertex 33.607933044433594 48.31927490234375 11.5
endloop
endfacet
facet normal -0.021778995767885424 0.8657509812170191 0.5000009138642758
outer loop
vertex 33.607933044433594 48.31927490234375 11.5
vertex 33.1660041809082 49.463226318359375 9.5
vertex 33.2629508972168 48.31059646606445 11.5
endloop
endfacet
facet normal -0.1231497184655046 0.8572246618202372 0.5000000260090463
outer loop
vertex 33.1660041809082 49.463226318359375 9.5
vertex 31.593135833740234 49.237266540527344 9.5
vertex 31.86532211303711 48.10981369018555 11.5
endloop
endfacet
facet normal -0.12314851282142607 0.8572244580976951 0.5000006722285324
outer loop
vertex 33.2629508972168 48.31059646606445 11.5
vertex 33.1660041809082 49.463226318359375 9.5
vertex 31.86532211303711 48.10981369018555 11.5
endloop
endfacet
facet normal -0.28151697897184136 0.8189922422447335 0.4999998976935009
outer loop
vertex 31.593135833740234 49.237266540527344 9.5
vertex 30.0703125 48.71381759643555 9.5
vertex 30.54958152770996 47.65754699707031 11.5
endloop
endfacet
facet normal -0.28151667551332593 0.818992247401425 0.5000000601042843
outer loop
vertex 31.86532211303711 48.10981369018555 11.5
vertex 31.593135833740234 49.237266540527344 9.5
vertex 30.54958152770996 47.65754699707031 11.5
endloop
endfacet
facet normal -0.43093462727738135 0.751196180803027 0.4999996449601244
outer loop
vertex 30.0703125 48.71381759643555 9.5
vertex 28.67354965209961 47.91254425048828 9.5
vertex 29.34343719482422 46.96562576293945 11.5
endloop
endfacet
facet normal -0.4309340574115121 0.7511963003234747 0.4999999565431736
outer loop
vertex 30.0703125 48.71381759643555 9.5
vertex 29.34343719482422 46.96562576293945 11.5
vertex 30.54958152770996 47.65754699707031 11.5
endloop
endfacet
facet normal -0.5648819392131882 0.6564366020762494 0.49999938220495416
outer loop
vertex 29.34343719482422 46.96562576293945 11.5
vertex 27.452980041503906 46.86220932006836 9.5
vertex 28.28537940979004 46.055137634277344 11.5
endloop
endfacet
facet normal -0.5648821305490395 0.6564362872717756 0.49999957933904793
outer loop
vertex 28.67354965209961 47.91254425048828 9.5
vertex 27.452980041503906 46.86220932006836 9.5
vertex 29.34343719482422 46.96562576293945 11.5
endloop
endfacet
facet normal -0.673569252540037 0.5443418127614159 0.49999645289968975
outer loop
vertex 26.572481155395508 45.77266311645508 9.5
vertex 26.497617721557617 45.68002700805664 9.5
vertex 28.28537940979004 46.055137634277344 11.5
endloop
endfacet
facet normal -0.6735717649834959 0.5443359692459091 0.4999994300018099
outer loop
vertex 27.452980041503906 46.86220932006836 9.5
vertex 26.572481155395508 45.77266311645508 9.5
vertex 28.28537940979004 46.055137634277344 11.5
endloop
endfacet
facet normal -0.6731739738527212 0.5453232657449121 0.4994590441313881
outer loop
vertex 28.28537940979004 46.055137634277344 11.5
vertex 26.497617721557617 45.68002700805664 9.5
vertex 27.394418716430664 44.955291748046875 11.5
endloop
endfacet
facet normal -0.665554309116151 0.5546353292194094 0.4994167730449191
outer loop
vertex 26.497617721557617 45.68002700805664 9.5
vertex 27.342086791992188 44.892494201660156 11.5
vertex 27.394418716430664 44.955291748046875 11.5
endloop
endfacet
facet normal -0.6338473165609282 0.5911303609389515 0.49880103815519006
outer loop
vertex 26.497617721557617 45.68002700805664 9.5
vertex 26.43836212158203 45.61648941040039 9.5
vertex 27.050363540649414 44.58509826660156 11.5
endloop
endfacet
facet normal -0.6338570648772521 0.5911213235554796 0.49879936060826385
outer loop
vertex 26.43836212158203 45.61648941040039 9.5
vertex 26.20859718322754 45.370113372802734 9.5
vertex 27.050363540649414 44.58509826660156 11.5
endloop
endfacet
facet normal -0.6281827346937303 0.596154629589747 0.49998610925846537
outer loop
vertex 26.497617721557617 45.68002700805664 9.5
vertex 27.050363540649414 44.58509826660156 11.5
vertex 27.342086791992188 44.892494201660156 11.5
endloop
endfacet
facet normal -0.5407977889187826 0.6764934636825212 0.4998943339300632
outer loop
vertex 26.907920837402344 44.451263427734375 11.5
vertex 26.950824737548828 44.48556137084961 11.5
vertex 26.20859718322754 45.370113372802734 9.5
endloop
endfacet
facet normal -0.6129486818369626 0.6129604272989991 0.49857138706483967
outer loop
vertex 26.950824737548828 44.48556137084961 11.5
vertex 27.050363540649414 44.58509826660156 11.5
vertex 26.20859718322754 45.370113372802734 9.5
endloop
endfacet
facet normal -0.5188076472540362 0.6934338843100389 0.49998807309917204
outer loop
vertex 26.20859718322754 45.370113372802734 9.5
vertex 26.5685977935791 44.197391510009766 11.5
vertex 26.907920837402344 44.451263427734375 11.5
endloop
endfacet
facet normal -0.5248925011250032 0.6896524557782728 0.49886606669700045
outer loop
vertex 26.20859718322754 45.370113372802734 9.5
vertex 25.99267578125 45.20577621459961 9.5
vertex 26.5685977935791 44.197391510009766 11.5
endloop
endfacet
facet normal -0.5248859737311948 0.6896570923496924 0.49886652478596244
outer loop
vertex 25.99267578125 45.20577621459961 9.5
vertex 25.87138557434082 45.11346435546875 9.5
vertex 26.5685977935791 44.197391510009766 11.5
endloop
endfacet
facet normal -0.47774995414349747 0.7236904857974251 0.4980231541627084
outer loop
vertex 25.87138557434082 45.11346435546875 9.5
vertex 26.405471801757812 44.08970260620117 11.5
vertex 26.5685977935791 44.197391510009766 11.5
endloop
endfacet
facet normal -0.39466129374554243 0.7708781395591535 0.4999893570556407
outer loop
vertex 25.87138557434082 45.11346435546875 9.5
vertex 26.02825164794922 43.89657974243164 11.5
vertex 26.405471801757812 44.08970260620117 11.5
endloop
endfacet
facet normal -0.4008459755433374 0.7683609318482468 0.498942864765099
outer loop
vertex 25.87138557434082 45.11346435546875 9.5
vertex 25.495670318603516 44.917457580566406 9.5
vertex 26.02825164794922 43.89657974243164 11.5
endloop
endfacet
facet normal -0.3476897447222456 0.7943797742304696 0.4980688865092134
outer loop
vertex 25.849172592163086 43.818199157714844 11.5
vertex 26.02825164794922 43.89657974243164 11.5
vertex 25.495670318603516 44.917457580566406 9.5
endloop
endfacet
facet normal -0.2651252697186733 0.8244445625004155 0.4999997547200389
outer loop
vertex 25.437110900878906 44.898624420166016 9.5
vertex 25.092248916625977 44.787723541259766 9.5
vertex 25.445749282836914 43.6884651184082 11.5
endloop
endfacet
facet normal -0.2651270548993821 0.8244438734124542 0.4999999443530461
outer loop
vertex 25.495670318603516 44.917457580566406 9.5
vertex 25.445749282836914 43.6884651184082 11.5
vertex 25.849172592163086 43.818199157714844 11.5
endloop
endfacet
facet normal -0.26514613829891504 0.8244396129282245 0.4999968499700091
outer loop
vertex 25.495670318603516 44.917457580566406 9.5
vertex 25.437110900878906 44.898624420166016 9.5
vertex 25.445749282836914 43.6884651184082 11.5
endloop
endfacet
facet normal -0.1944791214922847 0.8447053329826679 0.49864894638836776
outer loop
vertex 25.445749282836914 43.6884651184082 11.5
vertex 25.092248916625977 44.787723541259766 9.5
vertex 25.255008697509766 43.64455032348633 11.5
endloop
endfacet
facet normal -0.11659230577017655 0.8581454080655355 0.49999269279783376
outer loop
vertex 25.092248916625977 44.787723541259766 9.5
vertex 24.8350887298584 43.58749771118164 11.5
vertex 25.255008697509766 43.64455032348633 11.5
endloop
endfacet
facet normal -0.12214601384028105 0.8578809329553093 0.4991198815662003
outer loop
vertex 25.092248916625977 44.787723541259766 9.5
vertex 24.672710418701172 44.727989196777344 9.5
vertex 24.8350887298584 43.58749771118164 11.5
endloop
endfacet
facet normal -0.07555922087253773 0.8635499377399496 0.4985702650283753
outer loop
vertex 24.672710418701172 44.727989196777344 9.5
vertex 24.673168182373047 43.57332992553711 11.5
vertex 24.8350887298584 43.58749771118164 11.5
endloop
endfacet
facet normal -0.00034690171216080655 0.8660330548484948 0.49998662739015926
outer loop
vertex 24.672710418701172 44.727989196777344 9.5
vertex 14.62607192993164 43.569305419921875 11.5
vertex 24.673168182373047 43.57332992553711 11.5
endloop
endfacet
facet normal -0.00034352061266287843 0.866025707861996 0.4999993553153019
outer loop
vertex 14.594130516052246 44.72399139404297 9.5
vertex 14.62607192993164 43.569305419921875 11.5
vertex 24.672710418701172 44.727989196777344 9.5
endloop
endfacet
facet normal -0.047531898717170375 0.8647203877296229 0.49999936964867403
outer loop
vertex 14.62607192993164 43.569305419921875 11.5
vertex 14.594130516052246 44.72399139404297 9.5
vertex 13.801339149475098 43.52397155761719 11.5
endloop
endfacet
facet normal -0.0475297644331933 0.8647201116421942 0.500000050014434
outer loop
vertex 14.594130516052246 44.72399139404297 9.5
vertex 13.651516914367676 44.67218017578125 9.5
vertex 13.801339149475098 43.52397155761719 11.5
endloop
endfacet
facet normal -0.17595160678088237 0.8479629290585498 0.4999999030136612
outer loop
vertex 13.651516914367676 44.67218017578125 9.5
vertex 13.210260391235352 44.58061981201172 9.5
vertex 13.801339149475098 43.52397155761719 11.5
endloop
endfacet
facet normal -0.17594418055058586 0.8479644011807312 0.5000000196605864
outer loop
vertex 13.210260391235352 44.58061981201172 9.5
vertex 12.074823379516602 44.345027923583984 9.5
vertex 12.41700553894043 43.236732482910156 11.5
endloop
endfacet
facet normal -0.17594640496892755 0.8479644432069606 0.4999991656345234
outer loop
vertex 13.801339149475098 43.52397155761719 11.5
vertex 13.210260391235352 44.58061981201172 9.5
vertex 12.41700553894043 43.236732482910156 11.5
endloop
endfacet
facet normal -0.3327200336240025 0.7995605825748177 0.5000002540177962
outer loop
vertex 11.578335762023926 44.138423919677734 9.5
vertex 10.58813190460205 43.72637176513672 9.5
vertex 11.133742332458496 42.702728271484375 11.5
endloop
endfacet
facet normal -0.33272095828064174 0.7995602930676519 0.5000001016703719
outer loop
vertex 12.41700553894043 43.236732482910156 11.5
vertex 12.074823379516602 44.345027923583984 9.5
vertex 11.133742332458496 42.702728271484375 11.5
endloop
endfacet
facet normal -0.33272197566491335 0.7995602111384427 0.49999955567368826
outer loop
vertex 12.074823379516602 44.345027923583984 9.5
vertex 11.578335762023926 44.138423919677734 9.5
vertex 11.133742332458496 42.702728271484375 11.5
endloop
endfacet
facet normal -0.47868844612687234 0.7226060815322016 0.4986961223804708
outer loop
vertex 10.58813190460205 43.72637176513672 9.5
vertex 9.096832275390625 42.73846435546875 9.5
vertex 9.732315063476562 41.77916717529297 11.5
endloop
endfacet
facet normal -0.4765199307671696 0.723079423705059 0.5000848953887845
outer loop
vertex 10.58813190460205 43.72637176513672 9.5
vertex 9.732315063476562 41.77916717529297 11.5
vertex 11.133742332458496 42.702728271484375 11.5
endloop
endfacet
facet normal -0.49718388619868886 0.7100946145973167 0.4985717818170792
outer loop
vertex 9.096832275390625 42.73846435546875 9.5
vertex 9.674181938171387 41.73846435546875 11.5
vertex 9.732315063476562 41.77916717529297 11.5
endloop
endfacet
facet normal -0.36636868373772286 0.7856208427454624 0.4985718393774341
outer loop
vertex 9.096832275390625 42.73846435546875 9.5
vertex 9.629412651062012 41.717586517333984 11.5
vertex 9.674181938171387 41.73846435546875 11.5
endloop
endfacet
facet normal -0.4008459755433374 0.7683609318482468 0.498942864765099
outer loop
vertex 9.096832275390625 42.73846435546875 9.5
vertex 8.72111701965332 42.542457580566406 9.5
vertex 9.253698348999023 41.52157974243164 11.5
endloop
endfacet
facet normal -0.40084681356433965 0.7683605878803621 0.498942721209018
outer loop
vertex 9.096832275390625 42.73846435546875 9.5
vertex 9.253698348999023 41.52157974243164 11.5
vertex 9.629412651062012 41.717586517333984 11.5
endloop
endfacet
facet normal -0.3476897447222456 0.7943797742304696 0.4980688865092134
outer loop
vertex 8.72111701965332 42.542457580566406 9.5
vertex 9.07461929321289 41.443199157714844 11.5
vertex 9.253698348999023 41.52157974243164 11.5
endloop
endfacet
facet normal -0.2652923794311105 0.8249793843392307 0.49902802409388136
outer loop
vertex 8.72111701965332 42.542457580566406 9.5
vertex 8.584863662719727 42.49864196777344 9.5
vertex 8.670280456542969 41.316314697265625 11.5
endloop
endfacet
facet normal -0.26530286245238793 0.8249767016766097 0.49902688591432776
outer loop
vertex 8.584863662719727 42.49864196777344 9.5
vertex 8.317694664001465 42.412723541259766 9.5
vertex 8.670280456542969 41.316314697265625 11.5
endloop
endfacet
facet normal -0.2592992425634468 0.8263009805637826 0.4999905922368481
outer loop
vertex 8.72111701965332 42.542457580566406 9.5
vertex 8.670280456542969 41.316314697265625 11.5
vertex 9.07461929321289 41.443199157714844 11.5
endloop
endfacet
facet normal -0.19584110927089468 0.84493652936841 0.4977233380688627
outer loop
vertex 8.480073928833008 41.2722282409668 11.5
vertex 8.670280456542969 41.316314697265625 11.5
vertex 8.317694664001465 42.412723541259766 9.5
endloop
endfacet
facet normal -0.12214600673856071 0.8578808830770508 0.4991199690342625
outer loop
vertex 8.317694664001465 42.412723541259766 9.5
vertex 7.89815616607666 42.352989196777344 9.5
vertex 8.06053638458252 41.21249771118164 11.5
endloop
endfacet
facet normal -0.12213853726679491 0.8578812571656121 0.49912115394789325
outer loop
vertex 8.317694664001465 42.412723541259766 9.5
vertex 8.06053638458252 41.21249771118164 11.5
vertex 8.480073928833008 41.2722282409668 11.5
endloop
endfacet
facet normal -0.07538240253959938 0.863567767439076 0.4985661484975166
outer loop
vertex 7.89815616607666 42.352989196777344 9.5
vertex 7.897795677185059 41.19829177856445 11.5
vertex 8.06053638458252 41.21249771118164 11.5
endloop
endfacet
facet normal 0.0002734812228604772 0.8660259350848629 0.4999990049674193
outer loop
vertex 7.89815616607666 42.352989196777344 9.5
vertex -0.8359745144844055 41.2010498046875 11.5
vertex 7.897795677185059 41.19829177856445 11.5
endloop
endfacet
facet normal 0.00027083498730856234 0.8660309426664994 0.49999033289913136
outer loop
vertex 7.89815616607666 42.352989196777344 9.5
vertex -0.8356136679649353 42.35572052001953 9.5
vertex -0.8359745144844055 41.2010498046875 11.5
endloop
endfacet
facet normal 0.06849556641621048 0.8639917019509985 0.4988253164597195
outer loop
vertex -0.8356136679649353 42.35572052001953 9.5
vertex -1.0175716876983643 41.21544647216797 11.5
vertex -0.8359745144844055 41.2010498046875 11.5
endloop
endfacet
facet normal 0.13947425165127056 0.854721714489653 0.4999977239010056
outer loop
vertex -0.8356136679649353 42.35572052001953 9.5
vertex -1.4358115196228027 41.283695220947266 11.5
vertex -1.0175716876983643 41.21544647216797 11.5
endloop
endfacet
facet normal 0.13650978339501146 0.8554819017430874 0.49951556014550524
outer loop
vertex -0.8356136679649353 42.35572052001953 9.5
vertex -1.2540884017944336 42.4224967956543 9.5
vertex -1.4358115196228027 41.283695220947266 11.5
endloop
endfacet
facet normal 0.2022903751484619 0.8430185101536672 0.4983958222744103
outer loop
vertex -1.2540884017944336 42.4224967956543 9.5
vertex -1.6260221004486084 41.32933807373047 11.5
vertex -1.4358115196228027 41.283695220947266 11.5
endloop
endfacet
facet normal 0.27906616765317466 0.8202014022685586 0.4993913633494881
outer loop
vertex -1.2540884017944336 42.4224967956543 9.5
vertex -1.4117928743362427 42.47615432739258 9.5
vertex -2.0266032218933105 41.46760940551758 11.5
endloop
endfacet
facet normal 0.2790607555080218 0.8202035861402482 0.4993908008944181
outer loop
vertex -1.6552726030349731 42.55899429321289 9.5
vertex -2.0266032218933105 41.46760940551758 11.5
vertex -1.4117928743362427 42.47615432739258 9.5
endloop
endfacet
facet normal 0.28257249697428105 0.8186310659223713 0.49999596184421524
outer loop
vertex -1.2540884017944336 42.4224967956543 9.5
vertex -2.0266032218933105 41.46760940551758 11.5
vertex -1.6260221004486084 41.32933807373047 11.5
endloop
endfacet
facet normal 0.3493391486405379 0.7937103805421508 0.4979819183933673
outer loop
vertex -1.6552726030349731 42.55899429321289 9.5
vertex -2.2054319381713867 41.54631805419922 11.5
vertex -2.0266032218933105 41.46760940551758 11.5
endloop
endfacet
facet normal 0.4136186518780151 0.7613434227497736 0.4992752782326326
outer loop
vertex -1.6552726030349731 42.55899429321289 9.5
vertex -2.0276389122009277 42.76129150390625 9.5
vertex -2.2054319381713867 41.54631805419922 11.5
endloop
endfacet
facet normal 0.4136122224882529 0.7613461885986214 0.4992763868987601
outer loop
vertex -2.2054319381713867 41.54631805419922 11.5
vertex -2.0276389122009277 42.76129150390625 9.5
vertex -2.577798366546631 41.74861145019531 11.5
endloop
endfacet
facet normal 0.46872996545711404 0.7294011786115517 0.49826312338226675
outer loop
vertex -2.0276389122009277 42.76129150390625 9.5
vertex -2.742312431335449 41.854331970214844 11.5
vertex -2.577798366546631 41.74861145019531 11.5
endloop
endfacet
facet normal 0.5363036905309863 0.6805938443981026 0.4991696810607146
outer loop
vertex -2.0276389122009277 42.76129150390625 9.5
vertex -2.3604884147644043 43.02357482910156 9.5
vertex -3.073580503463745 42.118621826171875 11.5
endloop
endfacet
facet normal 0.5401008124922984 0.6769770041357122 0.49999324817100793
outer loop
vertex -2.742312431335449 41.854331970214844 11.5
vertex -2.0276389122009277 42.76129150390625 9.5
vertex -3.073580503463745 42.118621826171875 11.5
endloop
endfacet
facet normal 0.5830616476722263 0.641708442104972 0.4982463149336465
outer loop
vertex -3.073580503463745 42.118621826171875 11.5
vertex -2.3604884147644043 43.02357482910156 9.5
vertex -3.2158725261688232 42.24790954589844 11.5
endloop
endfacet
facet normal 0.6415378087957019 0.5817460768332963 0.5000007419741276
outer loop
vertex -4.420111656188965 43.57592010498047 11.5
vertex -3.2158725261688232 42.24790954589844 11.5
vertex -2.3604884147644043 43.02357482910156 9.5
endloop
endfacet
facet normal 0.641537541546234 0.5817467734457245 0.5000002743722279
outer loop
vertex -2.3604884147644043 43.02357482910156 9.5
vertex -3.635711669921875 44.42986297607422 9.5
vertex -4.420111656188965 43.57592010498047 11.5
endloop
endfacet
facet normal 0.5252907864878857 0.6885268644394688 0.5000003465759718
outer loop
vertex -4.420111656188965 43.57592010498047 11.5
vertex -3.635711669921875 44.42986297607422 9.5
vertex -5.528940200805664 44.42186737060547 11.5
endloop
endfacet
facet normal 0.52529057904803 0.688527436813791 0.4999997763179666
outer loop
vertex -4.151412010192871 44.823299407958984 9.5
vertex -4.915912628173828 45.406551361083984 9.5
vertex -5.528940200805664 44.42186737060547 11.5
endloop
endfacet
facet normal 0.5252897866104734 0.6885283104012143 0.49999940585841945
outer loop
vertex -4.151412010192871 44.823299407958984 9.5
vertex -5.528940200805664 44.42186737060547 11.5
vertex -3.635711669921875 44.42986297607422 9.5
endloop
endfacet
facet normal 0.3859994518401275 0.7752448969838996 0.4999997728794923
outer loop
vertex -6.769930362701416 45.039764404296875 11.5
vertex -5.528940200805664 44.42186737060547 11.5
vertex -4.915912628173828 45.406551361083984 9.5
endloop
endfacet
facet normal 0.38599996530270986 0.7752443938488724 0.5000001565921764
outer loop
vertex -4.915912628173828 45.406551361083984 9.5
vertex -6.124331474304199 46.00823211669922 9.5
vertex -6.769930362701416 45.039764404296875 11.5
endloop
endfacet
facet normal 0.38599879502565576 0.7752450235252771 0.5000000837380274
outer loop
vertex -6.124331474304199 46.00823211669922 9.5
vertex -6.3573479652404785 46.12425231933594 9.5
vertex -6.769930362701416 45.039764404296875 11.5
endloop
endfacet
facet normal 0.2271101423057477 0.8365681654479193 0.4985726504943544
outer loop
vertex -17.214017868041992 49.07160949707031 9.5
vertex -22.38439178466797 50.47525405883789 9.5
vertex -22.685768127441406 49.3651237487793 11.5
endloop
endfacet
facet normal 0.22711586003967646 0.8357084104010852 0.5000098388065273
outer loop
vertex -6.3573479652404785 46.12425231933594 9.5
vertex -22.685768127441406 49.3651237487793 11.5
vertex -6.769930362701416 45.039764404296875 11.5
endloop
endfacet
facet normal 0.22711045645650352 0.8365675106666861 0.4985736060654062
outer loop
vertex -6.3573479652404785 46.12425231933594 9.5
vertex -17.214017868041992 49.07160949707031 9.5
vertex -22.685768127441406 49.3651237487793 11.5
endloop
endfacet
facet normal 0.27266302403557574 0.8231890752895669 0.4980106641907208
outer loop
vertex -22.38439178466797 50.47525405883789 9.5
vertex -22.823152542114258 49.41062927246094 11.5
vertex -22.685768127441406 49.3651237487793 11.5
endloop
endfacet
facet normal 0.3302149500354065 0.8012489534147597 0.49895711381326785
outer loop
vertex -22.38439178466797 50.47525405883789 9.5
vertex -22.645767211914062 50.58297348022461 9.5
vertex -23.08452606201172 49.518348693847656 11.5
endloop
endfacet
facet normal 0.3302169579972054 0.8012479785952802 0.49895735032971444
outer loop
vertex -22.823152542114258 49.41062927246094 11.5
vertex -22.38439178466797 50.47525405883789 9.5
vertex -23.08452606201172 49.518348693847656 11.5
endloop
endfacet
facet normal 0.37749295952132955 0.780515232854025 0.49829211994035694
outer loop
vertex -23.08452606201172 49.518348693847656 11.5
vertex -22.645767211914062 50.58297348022461 9.5
vertex -23.2452392578125 49.59607696533203 11.5
endloop
endfacet
facet normal 0.4496044543373349 0.7401725171728887 0.5000004794617474
outer loop
vertex -23.2452392578125 49.59607696533203 11.5
vertex -23.909055709838867 51.350337982177734 9.5
vertex -24.429893493652344 50.315673828125 11.5
endloop
endfacet
facet normal 0.4496071993923288 0.7401713511092028 0.4999997372516946
outer loop
vertex -22.645767211914062 50.58297348022461 9.5
vertex -23.04690170288086 50.826637268066406 9.5
vertex -23.2452392578125 49.59607696533203 11.5
endloop
endfacet
facet normal 0.44960505539966444 0.7401723725337441 0.5000001530968096
outer loop
vertex -23.04690170288086 50.826637268066406 9.5
vertex -23.909055709838867 51.350337982177734 9.5
vertex -23.2452392578125 49.59607696533203 11.5
endloop
endfacet
facet normal 0.3269353250554579 0.8025476428446668 0.4990296325824259
outer loop
vertex -37.262027740478516 56.789955139160156 9.5
vertex -39.384368896484375 57.654537200927734 9.5
vertex -39.81887435913086 56.587928771972656 11.5
endloop
endfacet
facet normal 0.3269350008574147 0.8025480095933736 0.49902925516654506
outer loop
vertex -23.909055709838867 51.350337982177734 9.5
vertex -37.262027740478516 56.789955139160156 9.5
vertex -39.81887435913086 56.587928771972656 11.5
endloop
endfacet
facet normal 0.32686674100176144 0.8019677241868827 0.5000059029545543
outer loop
vertex -39.81887435913086 56.587928771972656 11.5
vertex -24.429893493652344 50.315673828125 11.5
vertex -23.909055709838867 51.350337982177734 9.5
endloop
endfacet
facet normal 0.34460634714289384 0.7951774525987637 0.4989381568765533
outer loop
vertex -39.384368896484375 57.654537200927734 9.5
vertex -39.921871185302734 56.632564544677734 11.5
vertex -39.81887435913086 56.587928771972656 11.5
endloop
endfacet
facet normal 0.40783791431779187 0.7639861570997757 0.4999933873611033
outer loop
vertex -39.384368896484375 57.654537200927734 9.5
vertex -40.36317443847656 56.86814498901367 11.5
vertex -39.921871185302734 56.632564544677734 11.5
endloop
endfacet
facet normal 0.4033956598681956 0.7669883634212943 0.49899979155890184
outer loop
vertex -39.82710647583008 57.887393951416016 9.5
vertex -40.36317443847656 56.86814498901367 11.5
vertex -39.384368896484375 57.654537200927734 9.5
endloop
endfacet
facet normal 0.4690998356669693 0.7296338167514326 0.49757395192067616
outer loop
vertex -39.82710647583008 57.887393951416016 9.5
vertex -40.531776428222656 56.97654342651367 11.5
vertex -40.36317443847656 56.86814498901367 11.5
endloop
endfacet
facet normal 0.5302756657548123 0.6854276033818046 0.49899571023262923
outer loop
vertex -40.531776428222656 56.97654342651367 11.5
vertex -39.82710647583008 57.887393951416016 9.5
vertex -39.99692916870117 58.018775939941406 9.5
endloop
endfacet
facet normal 0.5302741077254126 0.6854286971236317 0.49899586354539865
outer loop
vertex -40.531776428222656 56.97654342651367 11.5
vertex -39.99692916870117 58.018775939941406 9.5
vertex -40.553070068359375 58.44902801513672 9.5
endloop
endfacet
facet normal 0.527370166664808 0.6868711247075054 0.5000887574770895
outer loop
vertex -40.531776428222656 56.97654342651367 11.5
vertex -40.553070068359375 58.44902801513672 9.5
vertex -41.19906234741211 57.48887634277344 11.5
endloop
endfacet
facet normal 0.4348246138642991 0.7489518890016283 0.4999986231367597
outer loop
vertex -50.3886833190918 64.15936279296875 9.5
vertex -57.74687957763672 68.43136596679688 9.5
vertex -58.291099548339844 67.4121322631836 11.5
endloop
endfacet
facet normal 0.43482461736261957 0.7489520202701917 0.49999842346616424
outer loop
vertex -40.553070068359375 58.44902801513672 9.5
vertex -50.3886833190918 64.15936279296875 9.5
vertex -58.291099548339844 67.4121322631836 11.5
endloop
endfacet
facet normal 0.4348243537000302 0.7489511596717026 0.49999994185575947
outer loop
vertex -41.19906234741211 57.48887634277344 11.5
vertex -40.553070068359375 58.44902801513672 9.5
vertex -58.291099548339844 67.4121322631836 11.5
endloop
endfacet
facet normal 0.38047313081091866 0.777972767084139 0.49999857040434204
outer loop
vertex -58.291099548339844 67.4121322631836 11.5
vertex -57.74687957763672 68.43136596679688 9.5
vertex -59.22726821899414 67.8699722290039 11.5
endloop
endfacet
facet normal 0.380473227019478 0.7779726884501872 0.49999861954506714
outer loop
vertex -57.74687957763672 68.43136596679688 9.5
vertex -58.804901123046875 68.94879913330078 9.5
vertex -59.22726821899414 67.8699722290039 11.5
endloop
endfacet
facet normal 0.24885923426155168 0.8294994476726899 0.4999997478333928
outer loop
vertex -60.57378005981445 68.27394104003906 11.5
vertex -59.22726821899414 67.8699722290039 11.5
vertex -60.34721374511719 69.41151428222656 9.5
endloop
endfacet
facet normal 0.24886077596843156 0.8294994871720603 0.4999989149645017
outer loop
vertex -58.92861557006836 68.98591613769531 9.5
vertex -60.34721374511719 69.41151428222656 9.5
vertex -59.22726821899414 67.8699722290039 11.5
endloop
endfacet
facet normal 0.24886718876576477 0.8294976155048835 0.49999882822616454
outer loop
vertex -58.804901123046875 68.94879913330078 9.5
vertex -58.92861557006836 68.98591613769531 9.5
vertex -59.22726821899414 67.8699722290039 11.5
endloop
endfacet
facet normal 0.08794179605119753 0.8615487691762359 0.49999995883820075
outer loop
vertex -60.57378005981445 68.27394104003906 11.5
vertex -61.94911575317383 69.57502746582031 9.5
vertex -61.957061767578125 68.4151382446289 11.5
endloop
endfacet
facet normal 0.0879420784267698 0.8615488300596075 0.4999998042648632
outer loop
vertex -60.34721374511719 69.41151428222656 9.5
vertex -61.94911575317383 69.57502746582031 9.5
vertex -60.57378005981445 68.27394104003906 11.5
endloop
endfacet
facet normal -0.07612991196441064 0.8626727567366729 0.499999951288638
outer loop
vertex -61.94911575317383 69.57502746582031 9.5
vertex -62.749671936035156 69.50437927246094 9.5
vertex -61.957061767578125 68.4151382446289 11.5
endloop
endfacet
facet normal -0.07612862392029586 0.8626730680073649 0.49999961035461077
outer loop
vertex -61.957061767578125 68.4151382446289 11.5
vertex -62.749671936035156 69.50437927246094 9.5
vertex -63.3421516418457 68.29290771484375 11.5
endloop
endfacet
facet normal -0.07612699722497983 0.8626729675311297 0.5000000313845414
outer loop
vertex -62.749671936035156 69.50437927246094 9.5
vertex -63.5531120300293 69.43347930908203 9.5
vertex -63.3421516418457 68.29290771484375 11.5
endloop
endfacet
facet normal -0.23747619122557379 0.8328295950453878 0.49999992421752426
outer loop
vertex -63.5531120300293 69.43347930908203 9.5
vertex -64.16446685791016 69.2591552734375 9.5
vertex -63.3421516418457 68.29290771484375 11.5
endloop
endfacet
facet normal -0.23747258985349595 0.8328314596691925 0.49999852885139145
outer loop
vertex -63.3421516418457 68.29290771484375 11.5
vertex -65.10161590576172 68.99193572998047 9.5
vertex -64.6793212890625 67.91162872314453 11.5
endloop
endfacet
facet normal -0.23747405025874438 0.8328304779295533 0.49999947048505855
outer loop
vertex -64.16446685791016 69.2591552734375 9.5
vertex -65.10161590576172 68.99193572998047 9.5
vertex -63.3421516418457 68.29290771484375 11.5
endloop
endfacet
facet normal -0.39028892238914425 0.7730937630498791 0.5000005905933492
outer loop
vertex -64.6793212890625 67.91162872314453 11.5
vertex -66.53905487060547 68.26626586914062 9.5
vertex -65.92058563232422 67.28498840332031 11.5
endloop
endfacet
facet normal -0.39028629858387165 0.7730963669619942 0.49999861252594124
outer loop
vertex -65.10161590576172 68.99193572998047 9.5
vertex -66.53905487060547 68.26626586914062 9.5
vertex -64.6793212890625 67.91162872314453 11.5
endloop
endfacet
facet normal -0.5290958538702866 0.6856080076283081 0.49999923729263235
outer loop
vertex -66.53905487060547 68.26626586914062 9.5
vertex -67.81382751464844 67.28250122070312 9.5
vertex -67.0213851928711 66.43548583984375 11.5
endloop
endfacet
facet normal -0.529093914583344 0.6856087005527204 0.5000003392771682
outer loop
vertex -67.0213851928711 66.43548583984375 11.5
vertex -65.92058563232422 67.28498840332031 11.5
vertex -66.53905487060547 68.26626586914062 9.5
endloop
endfacet
facet normal -0.648911420697438 0.5735076094225026 0.5000029900139786
outer loop
vertex -67.0213851928711 66.43548583984375 11.5
vertex -68.88018035888672 66.07596588134766 9.5
vertex -67.93909454345703 65.3971176147461 11.5
endloop
endfacet
facet normal -0.648906900725523 0.5735180170626462 0.4999969182858294
outer loop
vertex -68.56124877929688 66.43682098388672 9.5
vertex -68.88018035888672 66.07596588134766 9.5
vertex -67.0213851928711 66.43548583984375 11.5
endloop
endfacet
facet normal -0.6489095585908752 0.5735132285345633 0.49999896146417866
outer loop
vertex -67.81382751464844 67.28250122070312 9.5
vertex -68.56124877929688 66.43682098388672 9.5
vertex -67.0213851928711 66.43548583984375 11.5
endloop
endfacet
facet normal -0.748948674100331 0.43482542787108125 0.5000027308326298
outer loop
vertex -68.88018035888672 66.07596588134766 9.5
vertex -77.84327697753906 48.33803176879883 11.5
vertex -67.93909454345703 65.3971176147461 11.5
endloop
endfacet
facet normal -0.7489526195056249 0.43482663663447446 0.49999576979091875
outer loop
vertex -68.88018035888672 66.07596588134766 9.5
vertex -72.14004516601562 60.46112060546875 9.5
vertex -77.84327697753906 48.33803176879883 11.5
endloop
endfacet
facet normal -0.7489496457330432 0.4348260558373798 0.500000729320725
outer loop
vertex -72.14004516601562 60.46112060546875 9.5
vertex -78.86251831054688 48.88225173950195 9.5
vertex -77.84327697753906 48.33803176879883 11.5
endloop
endfacet
facet normal -0.7779695448879574 0.3804805201226853 0.49999796102983773
outer loop
vertex -79.21943664550781 48.15243911743164 9.5
vertex -79.37995147705078 47.82423400878906 9.5
vertex -77.84327697753906 48.33803176879883 11.5
endloop
endfacet
facet normal -0.7779709987104949 0.3804738163287299 0.5000008002530066
outer loop
vertex -77.84327697753906 48.33803176879883 11.5
vertex -79.37995147705078 47.82423400878906 9.5
vertex -78.30111694335938 47.4018669128418 11.5
endloop
endfacet
facet normal -0.777972355207793 0.3804710815753096 0.5000007706167598
outer loop
vertex -78.86251831054688 48.88225173950195 9.5
vertex -79.21943664550781 48.15243911743164 9.5
vertex -77.84327697753906 48.33803176879883 11.5
endloop
endfacet
facet normal -0.8294996263339921 0.2488585828402013 0.49999977565848386
outer loop
vertex -78.30111694335938 47.4018669128418 11.5
vertex -79.84265899658203 46.281917572021484 9.5
vertex -78.70508575439453 46.05535125732422 11.5
endloop
endfacet
facet normal -0.829501022648632 0.24885215906224173 0.5000006563545037
outer loop
vertex -79.37995147705078 47.82423400878906 9.5
vertex -79.48245239257812 47.482566833496094 9.5
vertex -78.30111694335938 47.4018669128418 11.5
endloop
endfacet
facet normal -0.8294996127791493 0.24885805382894602 0.5000000614437071
outer loop
vertex -79.48245239257812 47.482566833496094 9.5
vertex -79.84265899658203 46.281917572021484 9.5
vertex -78.30111694335938 47.4018669128418 11.5
endloop
endfacet
facet normal -0.8615484010076333 0.08794651028131056 0.4999997640504741
outer loop
vertex -78.70508575439453 46.05535125732422 11.5
vertex -80.00617980957031 44.680015563964844 9.5
vertex -78.8462905883789 44.67206954956055 11.5
endloop
endfacet
facet normal -0.8615483189207285 0.08794612955727264 0.49999997246076144
outer loop
vertex -79.84265899658203 46.281917572021484 9.5
vertex -80.00617980957031 44.680015563964844 9.5
vertex -78.70508575439453 46.05535125732422 11.5
endloop
endfacet
facet normal -0.862672477946357 -0.0761335333285037 0.49999988089679553
outer loop
vertex -78.8462905883789 44.67206954956055 11.5
vertex -79.88272857666016 43.28118133544922 9.5
vertex -78.72405242919922 43.286983489990234 11.5
endloop
endfacet
facet normal -0.8626728437819104 -0.07612809945127363 0.5000000770751627
outer loop
vertex -79.88272857666016 43.28118133544922 9.5
vertex -79.8646240234375 43.07602310180664 9.5
vertex -78.72405242919922 43.286983489990234 11.5
endloop
endfacet
facet normal -0.8626725331942008 -0.07613338710875146 0.49999980783961256
outer loop
vertex -80.00617980957031 44.680015563964844 9.5
vertex -79.88272857666016 43.28118133544922 9.5
vertex -78.8462905883789 44.67206954956055 11.5
endloop
endfacet
facet normal -0.8328337740063888 -0.23746009253594755 0.5000006093267234
outer loop
vertex -79.8646240234375 43.07602310180664 9.5
vertex -79.8357162475586 42.97463607788086 9.5
vertex -78.72405242919922 43.286983489990234 11.5
endloop
endfacet
facet normal -0.8328304760378903 -0.2374704615256594 0.5000011780839033
outer loop
vertex -79.8357162475586 42.97463607788086 9.5
vertex -79.42308807373047 41.52751159667969 9.5
vertex -78.3427734375 41.94981002807617 11.5
endloop
endfacet
facet normal -0.8328304943005301 -0.23747163712681862 0.5000005893230957
outer loop
vertex -79.8357162475586 42.97463607788086 9.5
vertex -78.3427734375 41.94981002807617 11.5
vertex -78.72405242919922 43.286983489990234 11.5
endloop
endfacet
facet normal -0.7730952510658872 -0.3902849217925909 0.5000014125987288
outer loop
vertex -78.3427734375 41.94981002807617 11.5
vertex -79.42308807373047 41.52751159667969 9.5
vertex -77.71614074707031 40.70854568481445 11.5
endloop
endfacet
facet normal -0.7730943972093698 -0.39029044324120016 0.4999984229155814
outer loop
vertex -79.42308807373047 41.52751159667969 9.5
vertex -78.6974105834961 40.0900764465332 9.5
vertex -77.71614074707031 40.70854568481445 11.5
endloop
endfacet
facet normal -0.685607914740612 -0.5290952746254383 0.4999999776140612
outer loop
vertex -78.35961151123047 39.65234375 9.5
vertex -77.71365356445312 38.815303802490234 9.5
vertex -76.86663818359375 39.607749938964844 11.5
endloop
endfacet
facet normal -0.6856116332752163 -0.5290876726576001 0.5000029229509109
outer loop
vertex -78.6974105834961 40.0900764465332 9.5
vertex -78.35961151123047 39.65234375 9.5
vertex -76.86663818359375 39.607749938964844 11.5
endloop
endfacet
facet normal -0.6856087376388268 -0.5290957767252168 0.49999831792200455
outer loop
vertex -77.71614074707031 40.70854568481445 11.5
vertex -78.6974105834961 40.0900764465332 9.5
vertex -76.86663818359375 39.607749938964844 11.5
endloop
endfacet
facet normal -0.5735101527542661 -0.6489112984459731 0.5000002314368861
outer loop
vertex -76.86663818359375 39.607749938964844 11.5
vertex -76.50711059570312 37.74895477294922 9.5
vertex -75.82593536376953 38.68797302246094 11.5
endloop
endfacet
facet normal -0.5735114896147245 -0.6489107178615446 0.49999945152401354
outer loop
vertex -76.8970718383789 38.093605041503906 9.5
vertex -76.50711059570312 37.74895477294922 9.5
vertex -76.86663818359375 39.607749938964844 11.5
endloop
endfacet
facet normal -0.5735107212741684 -0.6489111524316479 0.49999976883336017
outer loop
vertex -76.86663818359375 39.607749938964844 11.5
vertex -77.71365356445312 38.815303802490234 9.5
vertex -76.8970718383789 38.093605041503906 9.5
endloop
endfacet
facet normal -0.43882037327064 -0.7466167230130482 0.5000001489198513
outer loop
vertex -76.50711059570312 37.74895477294922 9.5
vertex -74.70417022705078 36.68928527832031 9.5
vertex -75.82593536376953 38.68797302246094 11.5
endloop
endfacet
facet normal -0.4389361341102547 -0.7466020040600866 0.49992051138736743
outer loop
vertex -75.82593536376953 38.68797302246094 11.5
vertex -74.70417022705078 36.68928527832031 9.5
vertex -70.58314514160156 35.605674743652344 11.5
endloop
endfacet
facet normal -0.4388922968373439 -0.7467373182517668 0.49975687019489834
outer loop
vertex -74.70417022705078 36.68928527832031 9.5
vertex -71.16786193847656 34.61083221435547 9.5
vertex -70.58314514160156 35.605674743652344 11.5
endloop
endfacet
facet normal -0.45480650101520764 -0.7372109754790332 0.4996709159712583
outer loop
vertex -71.16786193847656 34.61083221435547 9.5
vertex -70.52099609375 35.56733322143555 11.5
vertex -70.58314514160156 35.605674743652344 11.5
endloop
endfacet
facet normal -0.485598432857209 -0.7180323649067263 0.49862178547780744
outer loop
vertex -71.16786193847656 34.61083221435547 9.5
vertex -70.8738784790039 34.41201400756836 9.5
vertex -70.22938537597656 35.36500549316406 11.5
endloop
endfacet
facet normal -0.4936903531914796 -0.711545567589311 0.4999727396665516
outer loop
vertex -71.16786193847656 34.61083221435547 9.5
vertex -70.22938537597656 35.36500549316406 11.5
vertex -70.52099609375 35.56733322143555 11.5
endloop
endfacet
facet normal -0.5383578321131098 -0.680143674030885 0.49756952004543237
outer loop
vertex -70.22938537597656 35.36500549316406 11.5
vertex -70.8738784790039 34.41201400756836 9.5
vertex -70.0888671875 35.253780364990234 11.5
endloop
endfacet
facet normal -0.5911158608016229 -0.633862825776639 0.49879851363773164
outer loop
vertex -70.0888671875 35.253780364990234 11.5
vertex -70.8738784790039 34.41201400756836 9.5
vertex -69.77894592285156 34.964759826660156 11.5
endloop
endfacet
facet normal -0.5911147897784904 -0.6338638245739684 0.49879851363210026
outer loop
vertex -70.70598602294922 34.25544357299805 9.5
vertex -70.56395721435547 34.12299346923828 9.5
vertex -69.77894592285156 34.964759826660156 11.5
endloop
endfacet
facet normal -0.5911166894334592 -0.6338618978497564 0.49879871083186655
outer loop
vertex -70.8738784790039 34.41201400756836 9.5
vertex -70.70598602294922 34.25544357299805 9.5
vertex -69.77894592285156 34.964759826660156 11.5
endloop
endfacet
facet normal -0.6426643161271581 -0.5826615096021703 0.4974818006771024
outer loop
vertex -69.77894592285156 34.964759826660156 11.5
vertex -70.56395721435547 34.12299346923828 9.5
vertex -69.64788818359375 34.82020568847656 11.5
endloop
endfacet
facet normal -0.6896582015672379 -0.5248854553840656 0.49886553673039497
outer loop
vertex -70.56395721435547 34.12299346923828 9.5
vertex -70.30731201171875 33.78578186035156 9.5
vertex -69.39124298095703 34.482994079589844 11.5
endloop
endfacet
facet normal -0.6896582015672379 -0.5248854553840656 0.49886553673039497
outer loop
vertex -69.39124298095703 34.482994079589844 11.5
vertex -69.64788818359375 34.82020568847656 11.5
vertex -70.56395721435547 34.12299346923828 9.5
endloop
endfacet
facet normal -0.7317398731967459 -0.46582990653213613 0.4975532696649389
outer loop
vertex -69.39124298095703 34.482994079589844 11.5
vertex -70.30731201171875 33.78578186035156 9.5
vertex -69.28643798828125 34.318363189697266 11.5
endloop
endfacet
facet normal -0.7683606591943299 -0.40084786823895646 0.49894176406745
outer loop
vertex -70.30731201171875 33.78578186035156 9.5
vertex -70.1113052368164 33.41006851196289 9.5
vertex -69.0904312133789 33.942649841308594 11.5
endloop
endfacet
facet normal -0.7683606591943299 -0.40084786823895646 0.49894176406745
outer loop
vertex -70.30731201171875 33.78578186035156 9.5
vertex -69.0904312133789 33.942649841308594 11.5
vertex -69.28643798828125 34.318363189697266 11.5
endloop
endfacet
facet normal -0.7943753301266522 -0.34770101786010116 0.49806810484633723
outer loop
vertex -70.1113052368164 33.41006851196289 9.5
vertex -69.01204681396484 33.76356887817383 11.5
vertex -69.0904312133789 33.942649841308594 11.5
endloop
endfacet
facet normal -0.8249772330915934 -0.2652991659549853 0.49902797258683584
outer loop
vertex -68.88516235351562 33.359230041503906 11.5
vertex -70.08103942871094 33.315940856933594 9.5
vertex -69.98157501220703 33.00664520263672 9.5
endloop
endfacet
facet normal -0.8263010827286108 -0.25929927462351104 0.49999040676921636
outer loop
vertex -70.1113052368164 33.41006851196289 9.5
vertex -68.88516235351562 33.359230041503906 11.5
vertex -69.01204681396484 33.76356887817383 11.5
endloop
endfacet
facet normal -0.824985425736576 -0.26526583050836855 0.4990321497528451
outer loop
vertex -70.1113052368164 33.41006851196289 9.5
vertex -70.08103942871094 33.315940856933594 9.5
vertex -68.88516235351562 33.359230041503906 11.5
endloop
endfacet
facet normal -0.841939173517007 -0.20740118544586064 0.4981196406217596
outer loop
vertex -68.88516235351562 33.359230041503906 11.5
vertex -69.98157501220703 33.00664520263672 9.5
vertex -68.8384017944336 33.16940689086914 11.5
endloop
endfacet
facet normal -0.8581452888785233 -0.11659281916139494 0.4999927776434318
outer loop
vertex -68.8384017944336 33.16940689086914 11.5
vertex -69.98157501220703 33.00664520263672 9.5
vertex -68.7813491821289 32.749488830566406 11.5
endloop
endfacet
facet normal -0.8578804176270047 -0.12215429618417055 0.49911874035730824
outer loop
vertex -69.98157501220703 33.00664520263672 9.5
vertex -69.92183685302734 32.58710861206055 9.5
vertex -68.7813491821289 32.749488830566406 11.5
endloop
endfacet
facet normal -0.8635495860371325 -0.07556946677011589 0.4985693213056509
outer loop
vertex -69.92183685302734 32.58710861206055 9.5
vertex -68.76714324951172 32.587154388427734 11.5
vertex -68.7813491821289 32.749488830566406 11.5
endloop
endfacet
facet normal -0.8660250207899378 -0.000035071948062730295 0.5000006621353079
outer loop
vertex -68.76313781738281 -66.09666442871094 11.5
vertex -69.92183685302734 32.58710861206055 9.5
vertex -69.91783905029297 -66.1298828125 9.5
endloop
endfacet
facet normal -0.8660267031869979 -0.00003515075949648516 0.4999977481264127
outer loop
vertex -69.92183685302734 32.58710861206055 9.5
vertex -68.76313781738281 -66.09666442871094 11.5
vertex -68.76714324951172 32.587154388427734 11.5
endloop
endfacet
facet normal -0.8645940475870054 -0.04974862300481203 0.5000022073813714
outer loop
vertex -69.91387939453125 -66.19869232177734 9.5
vertex -69.86077117919922 -67.12167358398438 9.5
vertex -68.711669921875 -66.99105072021484 11.5
endloop
endfacet
facet normal -0.8645946752481027 -0.049753522415304244 0.5000006345394948
outer loop
vertex -69.91783905029297 -66.1298828125 9.5
vertex -68.711669921875 -66.99105072021484 11.5
vertex -68.76313781738281 -66.09666442871094 11.5
endloop
endfacet
facet normal -0.8645946374444136 -0.049753256107511995 0.5000007264085355
outer loop
vertex -69.91783905029297 -66.1298828125 9.5
vertex -69.91387939453125 -66.19869232177734 9.5
vertex -68.711669921875 -66.99105072021484 11.5
endloop
endfacet
facet normal -0.8537014954397488 -0.145572849578567 0.5000023021442124
outer loop
vertex -68.711669921875 -66.99105072021484 11.5
vertex -69.86077117919922 -67.12167358398438 9.5
vertex -68.57762145996094 -67.77716827392578 11.5
endloop
endfacet
facet normal -0.8537016017273271 -0.14557967190676901 0.5000001343356958
outer loop
vertex -69.86077117919922 -67.12167358398438 9.5
vertex -69.70531463623047 -68.03329467773438 9.5
vertex -68.57762145996094 -67.77716827392578 11.5
endloop
endfacet
facet normal -0.8328303700508082 -0.23747305571728272 0.5000001225293152
outer loop
vertex -68.57762145996094 -67.77716827392578 11.5
vertex -69.70531463623047 -68.03329467773438 9.5
vertex -68.3585433959961 -68.54548645019531 11.5
endloop
endfacet
facet normal -0.8328301107778379 -0.237475826759379 0.49999923828614384
outer loop
vertex -69.70531463623047 -68.03329467773438 9.5
vertex -69.45172882080078 -68.92262268066406 9.5
vertex -68.3585433959961 -68.54548645019531 11.5
endloop
endfacet
facet normal -0.8020969056576124 -0.3265599920990446 0.4999991254939904
outer loop
vertex -68.3585433959961 -68.54548645019531 11.5
vertex -69.45172882080078 -68.92262268066406 9.5
vertex -68.05728149414062 -69.28544616699219 11.5
endloop
endfacet
facet normal -0.8020988987448922 -0.32655405307213087 0.4999998070543578
outer loop
vertex -69.3184814453125 -69.2499008178711 9.5
vertex -69.10301971435547 -69.77912902832031 9.5
vertex -68.05728149414062 -69.28544616699219 11.5
endloop
endfacet
facet normal -0.8020961185621668 -0.32656383221876223 0.4999978800696085
outer loop
vertex -69.45172882080078 -68.92262268066406 9.5
vertex -69.3184814453125 -69.2499008178711 9.5
vertex -68.05728149414062 -69.28544616699219 11.5
endloop
endfacet
facet normal -0.7618647575165644 -0.4117794495057181 0.49999977621894426
outer loop
vertex -68.05728149414062 -69.28544616699219 11.5
vertex -69.10301971435547 -69.77912902832031 9.5
vertex -67.67739868164062 -69.98829650878906 11.5
endloop
endfacet
facet normal -0.7618657242256301 -0.41177644231689675 0.5000007798023872
outer loop
vertex -69.10301971435547 -69.77912902832031 9.5
vertex -68.6633071899414 -70.59268188476562 9.5
vertex -67.67739868164062 -69.98829650878906 11.5
endloop
endfacet
facet normal -0.7126132397794788 -0.4921203864324315 0.49999989574857867
outer loop
vertex -68.6633071899414 -70.59268188476562 9.5
vertex -68.13780212402344 -71.3536376953125 9.5
vertex -67.22340393066406 -70.64570617675781 11.5
endloop
endfacet
facet normal -0.7126142932461513 -0.4921180268069989 0.5000007167523604
outer loop
vertex -67.67739868164062 -69.98829650878906 11.5
vertex -68.6633071899414 -70.59268188476562 9.5
vertex -67.22340393066406 -70.64570617675781 11.5
endloop
endfacet
facet normal -0.654920881883116 -0.5666382218404064 0.49999976402292834
outer loop
vertex -67.22340393066406 -70.64570617675781 11.5
vertex -68.13780212402344 -71.3536376953125 9.5
vertex -66.7006607055664 -71.24989318847656 11.5
endloop
endfacet
facet normal -0.65492231721155 -0.5666357652317198 0.5000006679780709
outer loop
vertex -67.53272247314453 -72.05299377441406 9.5
vertex -66.7006607055664 -71.24989318847656 11.5
vertex -68.13780212402344 -71.3536376953125 9.5
endloop
endfacet
facet normal -0.5894770811985338 -0.6344410522205239 0.5000013219972238
outer loop
vertex -66.7006607055664 -71.24989318847656 11.5
vertex -66.8552474975586 -72.68245697021484 9.5
vertex -66.11536407470703 -71.79370880126953 11.5
endloop
endfacet
facet normal -0.5894756403482438 -0.6344428234223126 0.500000773243354
outer loop
vertex -67.01829528808594 -72.53096008300781 9.5
vertex -66.7006607055664 -71.24989318847656 11.5
vertex -67.53272247314453 -72.05299377441406 9.5
endloop
endfacet
facet normal -0.5894883158775739 -0.6344339426207197 0.4999970978861287
outer loop
vertex -66.7006607055664 -71.24989318847656 11.5
vertex -67.01829528808594 -72.53096008300781 9.5
vertex -66.8552474975586 -72.68245697021484 9.5
endloop
endfacet
facet normal -0.517057484916878 -0.6947303521628747 0.5000012950734034
outer loop
vertex -66.11536407470703 -71.79370880126953 11.5
vertex -66.8552474975586 -72.68245697021484 9.5
vertex -65.47444915771484 -72.27071380615234 11.5
endloop
endfacet
facet normal -0.5170542397920528 -0.6947341157690073 0.49999942149938326
outer loop
vertex -65.47444915771484 -72.27071380615234 11.5
vertex -66.58853149414062 -72.8809585571289 9.5
vertex -66.1133804321289 -73.23458862304688 9.5
endloop
endfacet
facet normal -0.5170524390334076 -0.6947358066019255 0.49999893431364045
outer loop
vertex -66.8552474975586 -72.68245697021484 9.5
vertex -66.58853149414062 -72.8809585571289 9.5
vertex -65.47444915771484 -72.27071380615234 11.5
endloop
endfacet
facet normal -0.43850728733484773 -0.7468001759287552 0.5000008561862805
outer loop
vertex -64.7854995727539 -72.67524719238281 11.5
vertex -66.1133804321289 -73.23458862304688 9.5
vertex -65.74412536621094 -73.45140838623047 9.5
endloop
endfacet
facet normal -0.4385058675823763 -0.74680119929386 0.5000005728287517
outer loop
vertex -65.74412536621094 -73.45140838623047 9.5
vertex -65.31591796875 -73.70284271240234 9.5
vertex -64.7854995727539 -72.67524719238281 11.5
endloop
endfacet
facet normal -0.4385036259551193 -0.7468033576183767 0.49999931507366285
outer loop
vertex -65.47444915771484 -72.27071380615234 11.5
vertex -66.1133804321289 -73.23458862304688 9.5
vertex -64.7854995727539 -72.67524719238281 11.5
endloop
endfacet
facet normal -0.35476105958657206 -0.7900279221425549 0.5000004728359063
outer loop
vertex -64.7854995727539 -72.67524719238281 11.5
vertex -65.31591796875 -73.70284271240234 9.5
vertex -65.07730865478516 -73.80998992919922 9.5
endloop
endfacet
facet normal -0.3547726875305206 -0.7900220190719239 0.5000015495614911
outer loop
vertex -65.07730865478516 -73.80998992919922 9.5
vertex -64.47229766845703 -74.08168029785156 9.5
vertex -64.05667114257812 -73.00253295898438 11.5
endloop
endfacet
facet normal -0.35476681839532376 -0.7900256281058997 0.5000000115015378
outer loop
vertex -64.7854995727539 -72.67524719238281 11.5
vertex -65.07730865478516 -73.80998992919922 9.5
vertex -64.05667114257812 -73.00253295898438 11.5
endloop
endfacet
facet normal -0.2668313098825545 -0.8238938735904092 0.4999999371265472
outer loop
vertex -64.05667114257812 -73.00253295898438 11.5
vertex -64.07109832763672 -74.21160888671875 9.5
vertex -63.29659652709961 -73.24869537353516 11.5
endloop
endfacet
facet normal -0.2668193365580875 -0.8238967488105455 0.5000015889355902
outer loop
vertex -64.05667114257812 -73.00253295898438 11.5
vertex -64.47229766845703 -74.08168029785156 9.5
vertex -64.07109832763672 -74.21160888671875 9.5
endloop
endfacet
facet normal -0.26683177526702373 -0.8238936723081692 0.5000000204384075
outer loop
vertex -64.07109832763672 -74.21160888671875 9.5
vertex -63.59251022338867 -74.36660766601562 9.5
vertex -63.29659652709961 -73.24869537353516 11.5
endloop
endfacet
facet normal -0.17571660015660678 -0.8480117030900545 0.49999982785167907
outer loop
vertex -63.29659652709961 -73.24869537353516 11.5
vertex -63.59251022338867 -74.36660766601562 9.5
vertex -63.11930465698242 -74.46466064453125 9.5
endloop
endfacet
facet normal -0.17572205431011081 -0.8480110809939176 0.49999896613949296
outer loop
vertex -63.29659652709961 -73.24869537353516 11.5
vertex -63.11930465698242 -74.46466064453125 9.5
vertex -62.514278411865234 -73.41080474853516 11.5
endloop
endfacet
facet normal -0.17573124355280387 -0.848008377621284 0.5000003215233995
outer loop
vertex -63.11930465698242 -74.46466064453125 9.5
vertex -62.68696975708008 -74.55425262451172 9.5
vertex -62.514278411865234 -73.41080474853516 11.5
endloop
endfacet
facet normal -0.08254920172391893 -0.862081813717174 0.5000005757525201
outer loop
vertex -62.514278411865234 -73.41080474853516 11.5
vertex -62.68696975708008 -74.55425262451172 9.5
vertex -61.71122741699219 -73.48770141601562 11.5
endloop
endfacet
facet normal -0.08254310917718699 -0.8620835759819425 0.49999854314742675
outer loop
vertex -61.71122741699219 -73.48770141601562 11.5
vertex -62.68696975708008 -74.55425262451172 9.5
vertex -61.76640701293945 -74.64239501953125 9.5
endloop
endfacet
facet normal -0.00003055532389327705 -0.8660255610616869 0.49999972665408793
outer loop
vertex -4.15964412689209 -73.48975372314453 11.5
vertex -16.657981872558594 -74.64401245117188 9.5
vertex -4.116123676300049 -74.64445495605469 9.5
endloop
endfacet
facet normal -0.00003105262404782613 -0.8660242152382344 0.5000020576525009
outer loop
vertex -4.15964412689209 -73.48975372314453 11.5
vertex -61.76640701293945 -74.64239501953125 9.5
vertex -16.657981872558594 -74.64401245117188 9.5
endloop
endfacet
facet normal -0.00003088276497254758 -0.8660263347101338 0.4999983866321831
outer loop
vertex -61.71122741699219 -73.48770141601562 11.5
vertex -61.76640701293945 -74.64239501953125 9.5
vertex -4.15964412689209 -73.48975372314453 11.5
endloop
endfacet
facet normal 0.06521548532576464 -0.8635665372200482 0.4999997762674499
outer loop
vertex -4.15964412689209 -73.48975372314453 11.5
vertex -4.116123676300049 -74.64445495605469 9.5
vertex -3.9395294189453125 -74.63111877441406 9.5
endloop
endfacet
facet normal 0.06522147033769136 -0.8635655872261302 0.5000006363653736
outer loop
vertex -3.9395294189453125 -74.63111877441406 9.5
vertex -3.447172164916992 -74.59393310546875 9.5
vertex -3.5880112648010254 -73.44657897949219 11.5
endloop
endfacet
facet normal 0.06522407567100835 -0.8635656381259994 0.5000002086008546
outer loop
vertex -4.15964412689209 -73.48975372314453 11.5
vertex -3.9395294189453125 -74.63111877441406 9.5
vertex -3.5880112648010254 -73.44657897949219 11.5
endloop
endfacet
facet normal 0.1455712061618918 -0.8537031380411566 -0.49999997603525326
outer loop
vertex -3.5880112648010254 -73.44657897949219 -5.699999809265137
vertex -2.791682004928589 -73.310791015625 -5.699999809265137
vertex -2.535555601119995 -74.43848419189453 -3.700000047683716
endloop
endfacet
facet normal 0.14557337536781043 -0.8537023333377819 -0.5000007184371332
outer loop
vertex -3.447172164916992 -74.59393310546875 -3.700000047683716
vertex -3.5880112648010254 -73.44657897949219 -5.699999809265137
vertex -2.535555601119995 -74.43848419189453 -3.700000047683716
endloop
endfacet
facet normal 0.23747569305310742 -0.8328299767766301 -0.4999995249909583
outer loop
vertex -2.535555601119995 -74.43848419189453 -3.700000047683716
vertex -2.0233662128448486 -73.09171295166016 -5.699999809265137
vertex -1.646227240562439 -74.18489837646484 -3.700000047683716
endloop
endfacet
facet normal 0.23747373278796152 -0.8328301601904987 -0.5000001505127974
outer loop
vertex -2.791682004928589 -73.310791015625 -5.699999809265137
vertex -2.0233662128448486 -73.09171295166016 -5.699999809265137
vertex -2.535555601119995 -74.43848419189453 -3.700000047683716
endloop
endfacet
facet normal 0.3265644552669311 -0.8021035227179588 -0.4999855951921549
outer loop
vertex -1.3189551830291748 -74.05165100097656 -3.700000047683716
vertex -1.3785009384155273 -73.95787048339844 -3.8893399238586426
vertex -1.095133900642395 -73.96052551269531 -3.700000047683716
endloop
endfacet
facet normal 0.32656064904942184 -0.8020972744428138 -0.4999981048202382
outer loop
vertex -1.646227240562439 -74.18489837646484 -3.700000047683716
vertex -1.7036601305007935 -73.78690338134766 -4.375974655151367
vertex -1.3785009384155273 -73.95787048339844 -3.8893399238586426
endloop
endfacet
facet normal 0.3264694763214309 -0.8021279560975171 -0.5000084230062836
outer loop
vertex -1.7036601305007935 -73.78690338134766 -4.375974655151367
vertex -1.646227240562439 -74.18489837646484 -3.700000047683716
vertex -1.817840814590454 -73.47555541992188 -4.949999809265137
endloop
endfacet
facet normal 0.3265710219793416 -0.8020946660255509 -0.499995514316607
outer loop
vertex -1.817840814590454 -73.0080337524414 -5.699999809265137
vertex -1.817840814590454 -73.47555541992188 -4.949999809265137
vertex -2.0233662128448486 -73.09171295166016 -5.699999809265137
endloop
endfacet
facet normal 0.3266204107505242 -0.8020730235781789 -0.49999797212520447
outer loop
vertex -2.0233662128448486 -73.09171295166016 -5.699999809265137
vertex -1.817840814590454 -73.47555541992188 -4.949999809265137
vertex -1.646227240562439 -74.18489837646484 -3.700000047683716
endloop
endfacet
facet normal 0.32657157694919875 -0.8021002404617462 -0.49998620918993586
outer loop
vertex -1.646227240562439 -74.18489837646484 -3.700000047683716
vertex -1.3785009384155273 -73.95787048339844 -3.8893399238586426
vertex -1.3189551830291748 -74.05165100097656 -3.700000047683716
endloop
endfacet
facet normal 0.00005016361830773354 -0.8660247956328956 -0.5000010508315086
outer loop
vertex 13.182159423828125 -69.18281555175781 -4.949999809265137
vertex 13.182159423828125 -68.74980163574219 -5.699999809265137
vertex 73.54864501953125 -69.90100860595703 -3.700000047683716
endloop
endfacet
facet normal 0.00005015672426738218 -0.866024939973392 -0.5000008008277445
outer loop
vertex 13.067978858947754 -69.51423645019531 -4.375974655151367
vertex 13.182159423828125 -69.18281555175781 -4.949999809265137
vertex 73.54864501953125 -69.90100860595703 -3.700000047683716
endloop
endfacet
facet normal 0.000050101889194562335 -0.8660270691915392 -0.4999971129089784
outer loop
vertex 12.742819786071777 -69.79521179199219 -3.8893399238586426
vertex 13.067978858947754 -69.51423645019531 -4.375974655151367
vertex 73.54864501953125 -69.90100860595703 -3.700000047683716
endloop
endfacet
facet normal 0.00005018446883170335 -0.8660154922999698 -0.5000171642833475
outer loop
vertex 12.459452629089355 -69.90454864501953 -3.700000047683716
vertex 12.742819786071777 -69.79521179199219 -3.8893399238586426
vertex 73.54864501953125 -69.90100860595703 -3.700000047683716
endloop
endfacet
facet normal 0.00005016539858376151 -0.866024772347431 -0.5000010911628224
outer loop
vertex 73.54864501953125 -69.90100860595703 -3.700000047683716
vertex 13.182159423828125 -68.74980163574219 -5.699999809265137
vertex 73.50497436523438 -68.74630737304688 -5.699999809265137
endloop
endfacet
facet normal 0.06535565762102154 -0.8635551157006803 -0.5000012001626682
outer loop
vertex 73.54864501953125 -69.90100860595703 -3.700000047683716
vertex 73.50497436523438 -68.74630737304688 -5.699999809265137
vertex 74.38553619384766 -68.6796646118164 -5.699999809265137
endloop
endfacet
facet normal 0.06535993166005467 -0.8635552852503966 -0.5000003486493775
outer loop
vertex 73.9112548828125 -69.87356567382812 -3.700000047683716
vertex 74.38553619384766 -68.6796646118164 -5.699999809265137
vertex 74.57977294921875 -69.82296752929688 -3.700000047683716
endloop
endfacet
facet normal 0.06535531899636403 -0.8635550740225714 -0.5000013164070217
outer loop
vertex 73.54864501953125 -69.90100860595703 -3.700000047683716
vertex 74.38553619384766 -68.6796646118164 -5.699999809265137
vertex 73.9112548828125 -69.87356567382812 -3.700000047683716
endloop
endfacet
facet normal 0.22350289290645312 -0.8366877478142981 -0.5000000695198792
outer loop
vertex 74.57977294921875 -69.82296752929688 -3.700000047683716
vertex 74.38553619384766 -68.6796646118164 -5.699999809265137
vertex 75.91984558105469 -69.46499633789062 -3.700000047683716
endloop
endfacet
facet normal 0.2235041456181814 -0.8366870116258367 -0.5000007414675638
outer loop
vertex 74.38553619384766 -68.6796646118164 -5.699999809265137
vertex 75.50211334228516 -68.38139343261719 -5.699999809265137
vertex 75.91984558105469 -69.46499633789062 -3.700000047683716
endloop
endfacet
facet normal 0.395959877602559 -0.7702048909639582 -0.5000002012641231
outer loop
vertex 76.51526641845703 -67.86053466796875 -5.699999809265137
vertex 77.15343475341797 -68.830810546875 -3.700000047683716
vertex 75.50211334228516 -68.38139343261719 -5.699999809265137
endloop
endfacet
facet normal 0.3959605279996982 -0.770204294929782 -0.5000006043375523
outer loop
vertex 75.91984558105469 -69.46499633789062 -3.700000047683716
vertex 75.50211334228516 -68.38139343261719 -5.699999809265137
vertex 77.15343475341797 -68.830810546875 -3.700000047683716
endloop
endfacet
facet normal 0.5503896476790962 -0.6686333592429053 -0.5000006666347837
outer loop
vertex 77.53304290771484 -68.51834106445312 -3.700000047683716
vertex 77.39481353759766 -67.13653564453125 -5.699999809265137
vertex 78.22434997558594 -67.94928741455078 -3.700000047683716
endloop
endfacet
facet normal 0.5503809334784803 -0.6686383857348195 -0.5000035371727799
outer loop
vertex 77.15343475341797 -68.830810546875 -3.700000047683716
vertex 77.39481353759766 -67.13653564453125 -5.699999809265137
vertex 77.53304290771484 -68.51834106445312 -3.700000047683716
endloop
endfacet
facet normal 0.5503872220392113 -0.6686355642552735 -0.5000003880288416
outer loop
vertex 77.15343475341797 -68.830810546875 -3.700000047683716
vertex 76.51526641845703 -67.86053466796875 -5.699999809265137
vertex 77.39481353759766 -67.13653564453125 -5.699999809265137
endloop
endfacet
facet normal 0.6797446325191765 -0.5366066535384637 -0.5000005339393357
outer loop
vertex 78.22434997558594 -67.94928741455078 -3.700000047683716
vertex 77.39481353759766 -67.13653564453125 -5.699999809265137
vertex 79.08380126953125 -66.86058044433594 -3.700000047683716
endloop
endfacet
facet normal 0.6797422188190375 -0.5366123416356468 -0.49999771075403904
outer loop
vertex 77.39481353759766 -67.13653564453125 -5.699999809265137
vertex 78.10069274902344 -66.24237823486328 -5.699999809265137
vertex 79.08380126953125 -66.86058044433594 -3.700000047683716
endloop
endfacet
facet normal 0.778135416782374 -0.3801384184989673 -0.5000000559300221
outer loop
vertex 79.54957580566406 -65.90716552734375 -3.700000047683716
vertex 78.10069274902344 -66.24237823486328 -5.699999809265137
vertex 79.6926498413086 -65.61429595947266 -3.700000047683716
endloop
endfacet
facet normal 0.7781339598113987 -0.380144025146727 -0.4999980607297163
outer loop
vertex 79.08380126953125 -66.86058044433594 -3.700000047683716
vertex 78.10069274902344 -66.24237823486328 -5.699999809265137
vertex 79.54957580566406 -65.90716552734375 -3.700000047683716
endloop
endfacet
facet normal 0.7781358558441873 -0.38013610404981757 -0.5000011322461784
outer loop
vertex 78.10069274902344 -66.24237823486328 -5.699999809265137
vertex 78.60073852539062 -65.21878814697266 -5.699999809265137
vertex 79.6926498413086 -65.61429595947266 -3.700000047683716
endloop
endfacet
facet normal 0.8410798567359091 -0.20635895607791666 -0.5000006558391047
outer loop
vertex 79.6926498413086 -65.61429595947266 -3.700000047683716
vertex 78.60073852539062 -65.21878814697266 -5.699999809265137
vertex 78.86853790283203 -64.12728881835938 -5.699999809265137
endloop
endfacet
facet normal 0.8410796345159371 -0.20635935857519383 -0.5000008635302263
outer loop
vertex 79.6926498413086 -65.61429595947266 -3.700000047683716
vertex 78.86853790283203 -64.12728881835938 -5.699999809265137
vertex 79.85318756103516 -64.95997619628906 -3.700000047683716
endloop
endfacet
facet normal 0.8410806125904543 -0.2063567932504761 -0.5000002770037695
outer loop
vertex 79.85318756103516 -64.95997619628906 -3.700000047683716
vertex 78.86853790283203 -64.12728881835938 -5.699999809265137
vertex 80.02316284179688 -64.26718139648438 -3.700000047683716
endloop
endfacet
facet normal 0.8660247446711725 -0.00048554793000930336 -0.5000009058596174
outer loop
vertex 80.02316284179688 -64.26718139648438 -3.700000047683716
vertex 78.86853790283203 -64.12728881835938 -5.699999809265137
vertex 80.08216094970703 40.96202087402344 -3.700000047683716
endloop
endfacet
facet normal 0.8660249951244375 -0.0004855590783481435 -0.5000004720518765
outer loop
vertex 78.86853790283203 -64.12728881835938 -5.699999809265137
vertex 78.92743682861328 40.922630310058594 -5.699999809265137
vertex 80.08216094970703 40.96202087402344 -3.700000047683716
endloop
endfacet
facet normal 0.8639789630936958 0.059499252523062034 -0.500000190280703
outer loop
vertex 80.08216094970703 40.96202087402344 -3.700000047683716
vertex 78.85576629638672 41.96335983276367 -5.699999809265137
vertex 80.0012435913086 42.13700866699219 -3.700000047683716
endloop
endfacet
facet normal 0.8639788368977567 0.05949847844423652 -0.5000005004553699
outer loop
vertex 80.08216094970703 40.96202087402344 -3.700000047683716
vertex 78.92743682861328 40.922630310058594 -5.699999809265137
vertex 78.85576629638672 41.96335983276367 -5.699999809265137
endloop
endfacet
facet normal 0.8427966250333571 0.1992373365644894 -0.4999983325482911
outer loop
vertex 79.71586608886719 43.34416198730469 -3.700000047683716
vertex 78.85576629638672 41.96335983276367 -5.699999809265137
vertex 79.63079071044922 43.70404052734375 -3.700000047683716
endloop
endfacet
facet normal 0.8427946547148591 0.1992411648018588 -0.5000001282324434
outer loop
vertex 80.0012435913086 42.13700866699219 -3.700000047683716
vertex 78.85576629638672 41.96335983276367 -5.699999809265137
vertex 79.71586608886719 43.34416198730469 -3.700000047683716
endloop
endfacet
facet normal 0.8427942558510627 0.19924120753538807 -0.5000007835236798
outer loop
vertex 78.85576629638672 41.96335983276367 -5.699999809265137
vertex 78.53234100341797 43.33145523071289 -5.699999809265137
vertex 79.63079071044922 43.70404052734375 -3.700000047683716
endloop
endfacet
facet normal 0.790090776363258 0.35462148938501 -0.5000001643720344
outer loop
vertex 77.96296691894531 44.600006103515625 -5.699999809265137
vertex 78.97142791748047 45.17308044433594 -3.700000047683716
vertex 79.40233612060547 44.2130241394043 -3.700000047683716
endloop
endfacet
facet normal 0.7900899696261131 0.354622556139971 -0.5000006825724951
outer loop
vertex 78.53234100341797 43.33145523071289 -5.699999809265137
vertex 77.96296691894531 44.600006103515625 -5.699999809265137
vertex 79.63079071044922 43.70404052734375 -3.700000047683716
endloop
endfacet
facet normal 0.7900894402837156 0.35462744721616435 -0.49999805002930925
outer loop
vertex 79.63079071044922 43.70404052734375 -3.700000047683716
vertex 77.96296691894531 44.600006103515625 -5.699999809265137
vertex 79.40233612060547 44.2130241394043 -3.700000047683716
endloop
endfacet
facet normal 0.7090237738011164 0.49727907095438945 -0.4999988137741556
outer loop
vertex 77.16455078125 45.738399505615234 -5.699999809265137
vertex 78.04682159423828 46.491390228271484 -3.700000047683716
vertex 78.97142791748047 45.17308044433594 -3.700000047683716
endloop
endfacet
facet normal 0.7090244810887109 0.4972767644982699 -0.5000001047070054
outer loop
vertex 77.96296691894531 44.600006103515625 -5.699999809265137
vertex 77.16455078125 45.738399505615234 -5.699999809265137
vertex 78.97142791748047 45.17308044433594 -3.700000047683716
endloop
endfacet
facet normal 0.6025092297317663 0.622079595104751 -0.4999996054421872
outer loop
vertex 77.16455078125 45.738399505615234 -5.699999809265137
vertex 76.16575622558594 46.705772399902344 -5.699999809265137
vertex 77.7423324584961 46.78630447387695 -3.700000047683716
endloop
endfacet
facet normal 0.6025139615476961 0.6220755970862385 -0.49999887764864137
outer loop
vertex 77.7423324584961 46.78630447387695 -3.700000047683716
vertex 78.04682159423828 46.491390228271484 -3.700000047683716
vertex 77.16455078125 45.738399505615234 -5.699999809265137
endloop
endfacet
facet normal 0.6025100013623226 0.6220783976055135 -0.5000001654909032
outer loop
vertex 77.7423324584961 46.78630447387695 -3.700000047683716
vertex 76.16575622558594 46.705772399902344 -5.699999809265137
vertex 76.89017486572266 47.611656188964844 -3.700000047683716
endloop
endfacet
facet normal 0.4743668707696681 0.7245524683641267 -0.4999997925036011
outer loop
vertex 76.16575622558594 46.705772399902344 -5.699999809265137
vertex 75.00243377685547 47.467403411865234 -5.699999809265137
vertex 75.5429916381836 48.49365997314453 -3.700000047683716
endloop
endfacet
facet normal 0.4743727954254297 0.724550856729953 -0.49999650695995307
outer loop
vertex 75.91370391845703 48.25094985961914 -3.700000047683716
vertex 76.16575622558594 46.705772399902344 -5.699999809265137
vertex 75.5429916381836 48.49365997314453 -3.700000047683716
endloop
endfacet
facet normal 0.4743641603510515 0.724554054371883 -0.5000000656677042
outer loop
vertex 76.89017486572266 47.611656188964844 -3.700000047683716
vertex 76.16575622558594 46.705772399902344 -5.699999809265137
vertex 75.91370391845703 48.25094985961914 -3.700000047683716
endloop
endfacet
facet normal 0.3291962992676638 0.8010183516246046 -0.4999993969087124
outer loop
vertex 75.00243377685547 47.467403411865234 -5.699999809265137
vertex 73.71633911132812 47.99595260620117 -5.699999809265137
vertex 75.23188781738281 48.62151336669922 -3.700000047683716
endloop
endfacet
facet normal 0.329192618844396 0.8010196573945539 -0.49999972816580573
outer loop
vertex 75.5429916381836 48.49365997314453 -3.700000047683716
vertex 75.00243377685547 47.467403411865234 -5.699999809265137
vertex 75.23188781738281 48.62151336669922 -3.700000047683716
endloop
endfacet
facet normal 0.3291966671632023 0.801018079535148 -0.4999995905862955
outer loop
vertex 75.23188781738281 48.62151336669922 -3.700000047683716
vertex 73.71633911132812 47.99595260620117 -5.699999809265137
vertex 74.05363464355469 49.105743408203125 -3.700000047683716
endloop
endfacet
facet normal 0.17220943990040885 0.8487305109387674 -0.5000004286106228
outer loop
vertex 73.71633911132812 47.99595260620117 -5.699999809265137
vertex 72.35889434814453 48.27138137817383 -5.699999809265137
vertex 72.55950164794922 49.40890884399414 -3.700000047683716
endloop
endfacet
facet normal 0.17222190549710226 0.848728064626705 -0.5000002875818721
outer loop
vertex 72.55950164794922 49.40890884399414 -3.700000047683716
vertex 72.35889434814453 48.27138137817383 -5.699999809265137
vertex 72.4755630493164 49.425941467285156 -3.700000047683716
endloop
endfacet
facet normal 0.17221077055545458 0.8487306404643004 -0.49999975044169287
outer loop
vertex 72.55950164794922 49.40890884399414 -3.700000047683716
vertex 74.05363464355469 49.105743408203125 -3.700000047683716
vertex 73.71633911132812 47.99595260620117 -5.699999809265137
endloop
endfacet
facet normal 0.0010702383335412906 0.8660241824962643 -0.5000009699206457
outer loop
vertex 72.35889434814453 48.27138137817383 -5.699999809265137
vertex 33.59413146972656 49.47399139404297 -3.700000047683716
vertex 72.4755630493164 49.425941467285156 -3.700000047683716
endloop
endfacet
facet normal 0.0010703474736027368 0.866025088985889 -0.4999993996029083
outer loop
vertex 72.35889434814453 48.27138137817383 -5.699999809265137
vertex 33.607933044433594 48.31927490234375 -5.699999809265137
vertex 33.59413146972656 49.47399139404297 -3.700000047683716
endloop
endfacet
facet normal -0.021768962650743903 0.865752107461247 -0.49999940069116083
outer loop
vertex 33.607933044433594 48.31927490234375 -5.699999809265137
vertex 33.1660041809082 49.463226318359375 -3.700000047683716
vertex 33.59413146972656 49.47399139404297 -3.700000047683716
endloop
endfacet
facet normal -0.021778995118818312 0.8657509554155315 -0.50000095856779
outer loop
vertex 33.607933044433594 48.31927490234375 -5.699999809265137
vertex 33.2629508972168 48.31059646606445 -5.699999809265137
vertex 33.1660041809082 49.463226318359375 -3.700000047683716
endloop
endfacet
facet normal -0.12314966417652519 0.8572242839237011 -0.5000006872642346
outer loop
vertex 31.593135833740234 49.237266540527344 -3.700000047683716
vertex 33.1660041809082 49.463226318359375 -3.700000047683716
vertex 33.2629508972168 48.31059646606445 -5.699999809265137
endloop
endfacet
facet normal -0.12314856611637771 0.8572248290785133 -0.5000000230747933
outer loop
vertex 33.2629508972168 48.31059646606445 -5.699999809265137
vertex 31.86532211303711 48.10981369018555 -5.699999809265137
vertex 31.593135833740234 49.237266540527344 -3.700000047683716
endloop
endfacet
facet normal -0.2815166998366297 0.8189923181631202 -0.49999993050288655
outer loop
vertex 31.86532211303711 48.10981369018555 -5.699999809265137
vertex 30.54958152770996 47.65754699707031 -5.699999809265137
vertex 30.0703125 48.71381759643555 -3.700000047683716
endloop
endfacet
facet normal -0.2815169423173356 0.8189921356090487 -0.5000000929988189
outer loop
vertex 31.86532211303711 48.10981369018555 -5.699999809265137
vertex 30.0703125 48.71381759643555 -3.700000047683716
vertex 31.593135833740234 49.237266540527344 -3.700000047683716
endloop
endfacet
facet normal -0.4309345314754422 0.7511960138031011 -0.4999999784283718
outer loop
vertex 30.54958152770996 47.65754699707031 -5.699999809265137
vertex 28.67354965209961 47.91254425048828 -3.700000047683716
vertex 30.0703125 48.71381759643555 -3.700000047683716
endloop
endfacet
facet normal -0.4309341406385278 0.7511964454032736 -0.49999966684550917
outer loop
vertex 28.67354965209961 47.91254425048828 -3.700000047683716
vertex 30.54958152770996 47.65754699707031 -5.699999809265137
vertex 29.34343719482422 46.96562576293945 -5.699999809265137
endloop
endfacet
facet normal -0.5648821137142662 0.6564362677084801 -0.4999996240425223
outer loop
vertex 29.34343719482422 46.96562576293945 -5.699999809265137
vertex 27.452980041503906 46.86220932006836 -3.700000047683716
vertex 28.67354965209961 47.91254425048828 -3.700000047683716
endloop
endfacet
facet normal -0.5648819223784338 0.6564365825129599 -0.4999994269084226
outer loop
vertex 29.34343719482422 46.96562576293945 -5.699999809265137
vertex 28.28537940979004 46.055137634277344 -5.699999809265137
vertex 27.452980041503906 46.86220932006836 -3.700000047683716
endloop
endfacet
facet normal -0.673569232466391 0.5443417965389937 -0.4999964976030709
outer loop
vertex 26.497617721557617 45.68002700805664 -3.700000047683716
vertex 26.572481155395508 45.77266311645508 -3.700000047683716
vertex 28.28537940979004 46.055137634277344 -5.699999809265137
endloop
endfacet
facet normal -0.6735717449095361 0.5443359530234679 -0.49999947470527983
outer loop
vertex 26.572481155395508 45.77266311645508 -3.700000047683716
vertex 27.452980041503906 46.86220932006836 -3.700000047683716
vertex 28.28537940979004 46.055137634277344 -5.699999809265137
endloop
endfacet
facet normal -0.6731739538339582 0.5453232495281574 -0.49945908881870094
outer loop
vertex 28.28537940979004 46.055137634277344 -5.699999809265137
vertex 27.394418716430664 44.955291748046875 -5.699999809265137
vertex 26.497617721557617 45.68002700805664 -3.700000047683716
endloop
endfacet
facet normal -0.6655542893273306 0.5546353127285254 -0.49941681773096375
outer loop
vertex 27.394418716430664 44.955291748046875 -5.699999809265137
vertex 27.342086791992188 44.892494201660156 -5.699999809265137
vertex 26.497617721557617 45.68002700805664 -3.700000047683716
endloop
endfacet
facet normal -0.6333505696527131 0.5906489771163624 -0.5000008417512699
outer loop
vertex 26.20859718322754 45.370113372802734 -3.700000047683716
vertex 26.43836212158203 45.61648941040039 -3.700000047683716
vertex 27.342086791992188 44.892494201660156 -5.699999809265137
endloop
endfacet
facet normal -0.6333417168591697 0.5906588351844329 -0.5000004101042801
outer loop
vertex 26.497617721557617 45.68002700805664 -3.700000047683716
vertex 27.342086791992188 44.892494201660156 -5.699999809265137
vertex 26.43836212158203 45.61648941040039 -3.700000047683716
endloop
endfacet
facet normal -0.628684847799433 0.5966311422921985 -0.49878516637377096
outer loop
vertex 27.342086791992188 44.892494201660156 -5.699999809265137
vertex 27.050363540649414 44.58509826660156 -5.699999809265137
vertex 26.20859718322754 45.370113372802734 -3.700000047683716
endloop
endfacet
facet normal -0.5938006962252355 0.6319922157507241 -0.49798250209511946
outer loop
vertex 27.050363540649414 44.58509826660156 -5.699999809265137
vertex 26.907920837402344 44.451263427734375 -5.699999809265137
vertex 26.20859718322754 45.370113372802734 -3.700000047683716
endloop
endfacet
facet normal -0.5248859581592143 0.689657071889388 -0.49886656945543956
outer loop
vertex 26.5685977935791 44.197391510009766 -5.699999809265137
vertex 25.87138557434082 45.11346435546875 -3.700000047683716
vertex 25.99267578125 45.20577621459961 -3.700000047683716
endloop
endfacet
facet normal -0.5248924855528576 0.6896524353181436 -0.4988661113664638
outer loop
vertex 26.5685977935791 44.197391510009766 -5.699999809265137
vertex 25.99267578125 45.20577621459961 -3.700000047683716
vertex 26.20859718322754 45.370113372802734 -3.700000047683716
endloop
endfacet
facet normal -0.5188076317930991 0.693433863645082 -0.49998811780230346
outer loop
vertex 26.907920837402344 44.451263427734375 -5.699999809265137
vertex 26.5685977935791 44.197391510009766 -5.699999809265137
vertex 26.20859718322754 45.370113372802734 -3.700000047683716
endloop
endfacet
facet normal -0.47774994001780063 0.7236904643999716 -0.4980231988065829
outer loop
vertex 26.5685977935791 44.197391510009766 -5.699999809265137
vertex 26.405471801757812 44.08970260620117 -5.699999809265137
vertex 25.87138557434082 45.11346435546875 -3.700000047683716
endloop
endfacet
facet normal -0.4008459636476562 0.7683609090460303 -0.4989429094368812
outer loop
vertex 25.87138557434082 45.11346435546875 -3.700000047683716
vertex 26.02825164794922 43.89657974243164 -5.699999809265137
vertex 25.495670318603516 44.917457580566406 -3.700000047683716
endloop
endfacet
facet normal -0.39466128198421846 0.7708781165861697 -0.4999894017588104
outer loop
vertex 26.405471801757812 44.08970260620117 -5.699999809265137
vertex 26.02825164794922 43.89657974243164 -5.699999809265137
vertex 25.87138557434082 45.11346435546875 -3.700000047683716
endloop
endfacet
facet normal -0.3476897344401683 0.7943797507386228 -0.4980689311544827
outer loop
vertex 26.02825164794922 43.89657974243164 -5.699999809265137
vertex 25.849172592163086 43.818199157714844 -5.699999809265137
vertex 25.495670318603516 44.917457580566406 -3.700000047683716
endloop
endfacet
facet normal -0.26512704699798084 0.8244438488421143 -0.4999999890565314
outer loop
vertex 25.849172592163086 43.818199157714844 -5.699999809265137
vertex 25.445749282836914 43.6884651184082 -5.699999809265137
vertex 25.495670318603516 44.917457580566406 -3.700000047683716
endloop
endfacet
facet normal -0.2651252618173312 0.8244445379300738 -0.4999997994235185
outer loop
vertex 25.445749282836914 43.6884651184082 -5.699999809265137
vertex 25.092248916625977 44.787723541259766 -3.700000047683716
vertex 25.437110900878906 44.898624420166016 -3.700000047683716
endloop
endfacet
facet normal -0.2651461303970428 0.8244395883583157 -0.49999689467340214
outer loop
vertex 25.495670318603516 44.917457580566406 -3.700000047683716
vertex 25.445749282836914 43.6884651184082 -5.699999809265137
vertex 25.437110900878906 44.898624420166016 -3.700000047683716
endloop
endfacet
facet normal -0.19447911572763457 0.8447053079443467 -0.49864899105126403
outer loop
vertex 25.445749282836914 43.6884651184082 -5.699999809265137
vertex 25.255008697509766 43.64455032348633 -5.699999809265137
vertex 25.092248916625977 44.787723541259766 -3.700000047683716
endloop
endfacet
facet normal -0.12207443986344121 0.857378239923452 -0.5000003848376425
outer loop
vertex 25.092248916625977 44.787723541259766 -3.700000047683716
vertex 25.255008697509766 43.64455032348633 -5.699999809265137
vertex 24.672710418701172 44.727989196777344 -3.700000047683716
endloop
endfacet
facet normal -0.11666065651476624 0.8586484848099232 -0.4991122827131856
outer loop
vertex 24.8350887298584 43.58749771118164 -5.699999809265137
vertex 24.672710418701172 44.727989196777344 -3.700000047683716
vertex 25.255008697509766 43.64455032348633 -5.699999809265137
endloop
endfacet
facet normal -0.0755592186335569 0.8635499121511235 -0.4985703096888876
outer loop
vertex 24.8350887298584 43.58749771118164 -5.699999809265137
vertex 24.673168182373047 43.57332992553711 -5.699999809265137
vertex 24.672710418701172 44.727989196777344 -3.700000047683716
endloop
endfacet
facet normal -0.0003468987491213433 0.866025657680859 -0.4999994398993798
outer loop
vertex 24.673168182373047 43.57332992553711 -5.699999809265137
vertex 14.62607192993164 43.569305419921875 -5.699999809265137
vertex 14.594130516052246 44.72399139404297 -3.700000047683716
endloop
endfacet
facet normal -0.0003435235172389322 0.8660330303848383 -0.49998667209641384
outer loop
vertex 14.594130516052246 44.72399139404297 -3.700000047683716
vertex 24.672710418701172 44.727989196777344 -3.700000047683716
vertex 24.673168182373047 43.57332992553711 -5.699999809265137
endloop
endfacet
facet normal -0.04753187356438324 0.8647199301394901 -0.5000001634149882
outer loop
vertex 14.62607192993164 43.569305419921875 -5.699999809265137
vertex 13.801339149475098 43.52397155761719 -5.699999809265137
vertex 13.651516914367676 44.67218017578125 -3.700000047683716
endloop
endfacet
facet normal -0.04752978378361286 0.8647204636888993 -0.49999943933082347
outer loop
vertex 14.594130516052246 44.72399139404297 -3.700000047683716
vertex 14.62607192993164 43.569305419921875 -5.699999809265137
vertex 13.651516914367676 44.67218017578125 -3.700000047683716
endloop
endfacet
facet normal -0.1759516015371172 0.8479629037872916 -0.49999994771714523
outer loop
vertex 13.801339149475098 43.52397155761719 -5.699999809265137
vertex 13.210260391235352 44.58061981201172 -3.700000047683716
vertex 13.651516914367676 44.67218017578125 -3.700000047683716
endloop
endfacet
facet normal -0.1759443102238919 0.8479650261422784 -0.4999989141381845
outer loop
vertex 13.801339149475098 43.52397155761719 -5.699999809265137
vertex 12.074823379516602 44.345027923583984 -3.700000047683716
vertex 13.210260391235352 44.58061981201172 -3.700000047683716
endloop
endfacet
facet normal -0.17594628906459608 0.8479638846121322 -0.5000001537578765
outer loop
vertex 13.801339149475098 43.52397155761719 -5.699999809265137
vertex 12.41700553894043 43.236732482910156 -5.699999809265137
vertex 12.074823379516602 44.345027923583984 -3.700000047683716
endloop
endfacet
facet normal -0.33272185351180705 0.7995599175937699 -0.5000001063731003
outer loop
vertex 12.074823379516602 44.345027923583984 -3.700000047683716
vertex 12.41700553894043 43.236732482910156 -5.699999809265137
vertex 11.578335762023926 44.138423919677734 -3.700000047683716
endloop
endfacet
facet normal -0.33272002370816145 0.799560558746028 -0.5000002987212908
outer loop
vertex 11.578335762023926 44.138423919677734 -3.700000047683716
vertex 11.133742332458496 42.702728271484375 -5.699999809265137
vertex 10.58813190460205 43.72637176513672 -3.700000047683716
endloop
endfacet
facet normal -0.33272099178866926 0.7995603735906476 -0.4999999506067458
outer loop
vertex 12.41700553894043 43.236732482910156 -5.699999809265137
vertex 11.133742332458496 42.702728271484375 -5.699999809265137
vertex 11.578335762023926 44.138423919677734 -3.700000047683716
endloop
endfacet
facet normal -0.4782726070425825 0.7219799016731109 -0.5000003349326646
outer loop
vertex 11.133742332458496 42.702728271484375 -5.699999809265137
vertex 9.734529495239258 41.77582550048828 -5.699999809265137
vertex 10.58813190460205 43.72637176513672 -3.700000047683716
endloop
endfacet
facet normal -0.4782735047517461 0.72197970509974 -0.4999997600765165
outer loop
vertex 9.096832275390625 42.73846435546875 -3.700000047683716
vertex 10.58813190460205 43.72637176513672 -3.700000047683716
vertex 9.734529495239258 41.77582550048828 -5.699999809265137
endloop
endfacet
facet normal -0.4401755914220627 0.7461598503721213 -0.4994906669887745
outer loop
vertex 9.734529495239258 41.77582550048828 -5.699999809265137
vertex 9.6309175491333 41.71470260620117 -5.699999809265137
vertex 9.096832275390625 42.73846435546875 -3.700000047683716
endloop
endfacet
facet normal -0.39493991511223053 0.7714204106745397 -0.4989318725496181
outer loop
vertex 9.6309175491333 41.71470260620117 -5.699999809265137
vertex 9.253698348999023 41.52157974243164 -5.699999809265137
vertex 8.72111701965332 42.542457580566406 -3.700000047683716
endloop
endfacet
facet normal -0.4005639909110113 0.7678204100815824 -0.5000003070474994
outer loop
vertex 9.096832275390625 42.73846435546875 -3.700000047683716
vertex 9.6309175491333 41.71470260620117 -5.699999809265137
vertex 8.72111701965332 42.542457580566406 -3.700000047683716
endloop
endfacet
facet normal -0.3476897344401683 0.7943797507386228 -0.4980689311544827
outer loop
vertex 9.253698348999023 41.52157974243164 -5.699999809265137
vertex 9.07461929321289 41.443199157714844 -5.699999809265137
vertex 8.72111701965332 42.542457580566406 -3.700000047683716
endloop
endfacet
facet normal -0.26512080983751524 0.824445854586137 -0.49999998904683435
outer loop
vertex 8.72111701965332 42.542457580566406 -3.700000047683716
vertex 9.07461929321289 41.443199157714844 -5.699999809265137
vertex 8.584863662719727 42.49864196777344 -3.700000047683716
endloop
endfacet
facet normal -0.2653028545764918 0.8249766771859924 -0.4990269305886444
outer loop
vertex 8.584863662719727 42.49864196777344 -3.700000047683716
vertex 8.670280456542969 41.316314697265625 -5.699999809265137
vertex 8.317694664001465 42.412723541259766 -3.700000047683716
endloop
endfacet
facet normal -0.2593559163210459 0.8264815810970253 -0.4996625909317525
outer loop
vertex 9.07461929321289 41.443199157714844 -5.699999809265137
vertex 8.670280456542969 41.316314697265625 -5.699999809265137
vertex 8.584863662719727 42.49864196777344 -3.700000047683716
endloop
endfacet
facet normal -0.19584110348740416 0.844936504416129 -0.4977233827035744
outer loop
vertex 8.670280456542969 41.316314697265625 -5.699999809265137
vertex 8.480073928833008 41.2722282409668 -5.699999809265137
vertex 8.317694664001465 42.412723541259766 -3.700000047683716
endloop
endfacet
facet normal -0.12214590690541556 0.857880181908433 -0.49912119862314763
outer loop
vertex 8.317694664001465 42.412723541259766 -3.700000047683716
vertex 8.480073928833008 41.2722282409668 -5.699999809265137
vertex 7.89815616607666 42.352989196777344 -3.700000047683716
endloop
endfacet
facet normal -0.12213862983980894 0.857881907383434 -0.49912001370914344
outer loop
vertex 8.480073928833008 41.2722282409668 -5.699999809265137
vertex 8.06053638458252 41.21249771118164 -5.699999809265137
vertex 7.89815616607666 42.352989196777344 -3.700000047683716
endloop
endfacet
facet normal -0.07538240030589494 0.8635677418501442 -0.4985661931579042
outer loop
vertex 8.06053638458252 41.21249771118164 -5.699999809265137
vertex 7.897795677185059 41.19829177856445 -5.699999809265137
vertex 7.89815616607666 42.352989196777344 -3.700000047683716
endloop
endfacet
facet normal 0.0002734827957857686 0.8660309160268159 -0.4999903776003241
outer loop
vertex 7.897795677185059 41.19829177856445 -5.699999809265137
vertex -0.8359745144844055 41.2010498046875 -5.699999809265137
vertex -0.8356136679649353 42.35572052001953 -3.700000047683716
endloop
endfacet
facet normal 0.00027083341346938113 0.8660259101061081 -0.499999049673246
outer loop
vertex 7.897795677185059 41.19829177856445 -5.699999809265137
vertex -0.8356136679649353 42.35572052001953 -3.700000047683716
vertex 7.89815616607666 42.352989196777344 -3.700000047683716
endloop
endfacet
facet normal 0.06849556438446365 0.8639916763228813 -0.49882536112795167
outer loop
vertex -0.8359745144844055 41.2010498046875 -5.699999809265137
vertex -1.0175716876983643 41.21544647216797 -5.699999809265137
vertex -0.8356136679649353 42.35572052001953 -3.700000047683716
endloop
endfacet
facet normal 0.13646573109141596 0.8552058339952764 -0.5000000857381219
outer loop
vertex -0.8356136679649353 42.35572052001953 -3.700000047683716
vertex -1.0175716876983643 41.21544647216797 -5.699999809265137
vertex -1.2540884017944336 42.4224967956543 -3.700000047683716
endloop
endfacet
facet normal 0.13951926639866052 0.8549975724463077 -0.49951328852644206
outer loop
vertex -1.0175716876983643 41.21544647216797 -5.699999809265137
vertex -1.4358115196228027 41.283695220947266 -5.699999809265137
vertex -1.2540884017944336 42.4224967956543 -3.700000047683716
endloop
endfacet
facet normal 0.20229036915836066 0.8430184851907088 -0.4983958669296294
outer loop
vertex -1.4358115196228027 41.283695220947266 -5.699999809265137
vertex -1.6260221004486084 41.32933807373047 -5.699999809265137
vertex -1.2540884017944336 42.4224967956543 -3.700000047683716
endloop
endfacet
facet normal 0.27895313349667317 0.8198691843775601 -0.4999996698203526
outer loop
vertex -1.2540884017944336 42.4224967956543 -3.700000047683716
vertex -1.6260221004486084 41.32933807373047 -5.699999809265137
vertex -1.4117928743362427 42.47615432739258 -3.700000047683716
endloop
endfacet
facet normal 0.2789475514926862 0.8198708616796744 -0.5000000336848623
outer loop
vertex -1.6260221004486084 41.32933807373047 -5.699999809265137
vertex -1.6552726030349731 42.55899429321289 -3.700000047683716
vertex -1.4117928743362427 42.47615432739258 -3.700000047683716
endloop
endfacet
facet normal 0.2826870848883361 0.8189630346285587 -0.499387184406365
outer loop
vertex -1.6260221004486084 41.32933807373047 -5.699999809265137
vertex -2.0266032218933105 41.46760940551758 -5.699999809265137
vertex -1.6552726030349731 42.55899429321289 -3.700000047683716
endloop
endfacet
facet normal 0.34933913831329094 0.7937103570782957 -0.4979819630359834
outer loop
vertex -2.0266032218933105 41.46760940551758 -5.699999809265137
vertex -2.2054319381713867 41.54631805419922 -5.699999809265137
vertex -1.6552726030349731 42.55899429321289 -3.700000047683716
endloop
endfacet
facet normal 0.40960710303268705 0.7635125108497343 -0.4992701342170429
outer loop
vertex -2.2054319381713867 41.54631805419922 -5.699999809265137
vertex -2.5788614749908447 41.74665451049805 -5.699999809265137
vertex -1.6552726030349731 42.55899429321289 -3.700000047683716
endloop
endfacet
facet normal 0.413419043076324 0.7609760049662658 -0.5000002146873924
outer loop
vertex -1.6552726030349731 42.55899429321289 -3.700000047683716
vertex -2.5788614749908447 41.74665451049805 -5.699999809265137
vertex -2.0276389122009277 42.76129150390625 -3.700000047683716
endloop
endfacet
facet normal 0.4768545473656993 0.7238500240365406 -0.49864905831551887
outer loop
vertex -2.5788614749908447 41.74665451049805 -5.699999809265137
vertex -2.742312431335449 41.854331970214844 -5.699999809265137
vertex -2.0276389122009277 42.76129150390625 -3.700000047683716
endloop
endfacet
facet normal 0.5360072729778653 0.6802176770034201 -0.5000001152068898
outer loop
vertex -2.0276389122009277 42.76129150390625 -3.700000047683716
vertex -2.742312431335449 41.854331970214844 -5.699999809265137
vertex -2.3604884147644043 43.02357482910156 -3.700000047683716
endloop
endfacet
facet normal 0.5403994536717338 0.6773513290881832 -0.49916290672861835
outer loop
vertex -2.742312431335449 41.854331970214844 -5.699999809265137
vertex -3.073580503463745 42.118621826171875 -5.699999809265137
vertex -2.3604884147644043 43.02357482910156 -3.700000047683716
endloop
endfacet
facet normal 0.5830616304173113 0.6417084231144851 -0.4982463595843202
outer loop
vertex -3.073580503463745 42.118621826171875 -5.699999809265137
vertex -3.2158725261688232 42.24790954589844 -5.699999809265137
vertex -2.3604884147644043 43.02357482910156 -3.700000047683716
endloop
endfacet
facet normal 0.6415375224269017 0.5817467561082982 -0.500000319075723
outer loop
vertex -2.3604884147644043 43.02357482910156 -3.700000047683716
vertex -4.420111656188965 43.57592010498047 -5.699999809265137
vertex -3.635711669921875 44.42986297607422 -3.700000047683716
endloop
endfacet
facet normal 0.6415377896763259 0.5817460594958582 -0.5000007866776365
outer loop
vertex -2.3604884147644043 43.02357482910156 -3.700000047683716
vertex -3.2158725261688232 42.24790954589844 -5.699999809265137
vertex -4.420111656188965 43.57592010498047 -5.699999809265137
endloop
endfacet
facet normal 0.5252905633931627 0.68852741629409 -0.4999998210214468
outer loop
vertex -4.151412010192871 44.823299407958984 -3.700000047683716
vertex -5.528940200805664 44.42186737060547 -5.699999809265137
vertex -4.915912628173828 45.406551361083984 -3.700000047683716
endloop
endfacet
facet normal 0.5252909132566326 0.6885270306020781 -0.49999998458029754
outer loop
vertex -4.420111656188965 43.57592010498047 -5.699999809265137
vertex -5.528940200805664 44.42186737060547 -5.699999809265137
vertex -4.151412010192871 44.823299407958984 -3.700000047683716
endloop
endfacet
facet normal 0.5252894647250685 0.6885278884870258 -0.500000325024343
outer loop
vertex -3.635711669921875 44.42986297607422 -3.700000047683716
vertex -4.420111656188965 43.57592010498047 -5.699999809265137
vertex -4.151412010192871 44.823299407958984 -3.700000047683716
endloop
endfacet
facet normal 0.38599944033645633 0.7752448738798191 -0.49999981758297246
outer loop
vertex -5.528940200805664 44.42186737060547 -5.699999809265137
vertex -6.769930362701416 45.039764404296875 -5.699999809265137
vertex -4.915912628173828 45.406551361083984 -3.700000047683716
endloop
endfacet
facet normal 0.38599878352198985 0.7752450004211642 -0.5000001284415169
outer loop
vertex -6.3573479652404785 46.12425231933594 -3.700000047683716
vertex -6.124331474304199 46.00823211669922 -3.700000047683716
vertex -6.769930362701416 45.039764404296875 -5.699999809265137
endloop
endfacet
facet normal 0.38599995379900576 0.7752443707447716 -0.500000201295668
outer loop
vertex -4.915912628173828 45.406551361083984 -3.700000047683716
vertex -6.769930362701416 45.039764404296875 -5.699999809265137
vertex -6.124331474304199 46.00823211669922 -3.700000047683716
endloop
endfacet
facet normal 0.22726290788988446 0.8362494960176016 -0.4990374245562562
outer loop
vertex -6.769930362701416 45.039764404296875 -5.699999809265137
vertex -22.685768127441406 49.3651237487793 -5.699999809265137
vertex -17.214017868041992 49.07160949707031 -3.700000047683716
endloop
endfacet
facet normal 0.2268950979086125 0.8357742316291598 -0.5000000482897262
outer loop
vertex -6.769930362701416 45.039764404296875 -5.699999809265137
vertex -17.214017868041992 49.07160949707031 -3.700000047683716
vertex -6.3573479652404785 46.12425231933594 -3.700000047683716
endloop
endfacet
facet normal 0.22711013557592546 0.8365681406583835 -0.498572695154939
outer loop
vertex -22.38439178466797 50.47525405883789 -3.700000047683716
vertex -17.214017868041992 49.07160949707031 -3.700000047683716
vertex -22.685768127441406 49.3651237487793 -5.699999809265137
endloop
endfacet
facet normal 0.272663015974116 0.8231890509514461 -0.4980107088342142
outer loop
vertex -22.685768127441406 49.3651237487793 -5.699999809265137
vertex -22.823152542114258 49.41062927246094 -5.699999809265137
vertex -22.38439178466797 50.47525405883789 -3.700000047683716
endloop
endfacet
facet normal 0.3302170000844179 0.80124808071691 -0.4989571584842888
outer loop
vertex -22.823152542114258 49.41062927246094 -5.699999809265137
vertex -23.08452606201172 49.518348693847656 -5.699999809265137
vertex -22.645767211914062 50.58297348022461 -3.700000047683716
endloop
endfacet
facet normal 0.33021488834844515 0.80124880373464 -0.49895739500164954
outer loop
vertex -22.38439178466797 50.47525405883789 -3.700000047683716
vertex -22.823152542114258 49.41062927246094 -5.699999809265137
vertex -22.645767211914062 50.58297348022461 -3.700000047683716
endloop
endfacet
facet normal 0.38607348564184685 0.776477894122866 -0.49802544475445615
outer loop
vertex -23.08452606201172 49.518348693847656 -5.699999809265137
vertex -23.24422264099121 49.59775161743164 -5.699999809265137
vertex -22.645767211914062 50.58297348022461 -3.700000047683716
endloop
endfacet
facet normal 0.4497957023266143 0.7404862292987916 -0.49936356533828674
outer loop
vertex -23.04690170288086 50.826637268066406 -3.700000047683716
vertex -23.24422264099121 49.59775161743164 -5.699999809265137
vertex -23.909055709838867 51.350337982177734 -3.700000047683716
endloop
endfacet
facet normal 0.44854532396973523 0.7407865487470137 -0.500042379744331
outer loop
vertex -23.24422264099121 49.59775161743164 -5.699999809265137
vertex -24.429893493652344 50.315673828125 -5.699999809265137
vertex -23.909055709838867 51.350337982177734 -3.700000047683716
endloop
endfacet
facet normal 0.44979784712231974 0.7404852072664976 -0.49936314896437706
outer loop
vertex -22.645767211914062 50.58297348022461 -3.700000047683716
vertex -23.24422264099121 49.59775161743164 -5.699999809265137
vertex -23.04690170288086 50.826637268066406 -3.700000047683716
endloop
endfacet
facet normal 0.32693531534980685 0.8025476190196262 -0.4990296772568254
outer loop
vertex -37.262027740478516 56.789955139160156 -3.700000047683716
vertex -39.81887435913086 56.587928771972656 -5.699999809265137
vertex -39.384368896484375 57.654537200927734 -3.700000047683716
endloop
endfacet
facet normal 0.32672370403224593 0.8020293259222222 -0.5000005815838571
outer loop
vertex -23.909055709838867 51.350337982177734 -3.700000047683716
vertex -24.429893493652344 50.315673828125 -5.699999809265137
vertex -37.262027740478516 56.789955139160156 -3.700000047683716
endloop
endfacet
facet normal 0.3270501405097786 0.8024176949780704 -0.4991633483927023
outer loop
vertex -24.429893493652344 50.315673828125 -5.699999809265137
vertex -39.81887435913086 56.587928771972656 -5.699999809265137
vertex -37.262027740478516 56.789955139160156 -3.700000047683716
endloop
endfacet
facet normal 0.36633548279653383 0.78563690934013 -0.4985709184526501
outer loop
vertex -39.81887435913086 56.587928771972656 -5.699999809265137
vertex -39.920440673828125 56.63528823852539 -5.699999809265137
vertex -39.384368896484375 57.654537200927734 -3.700000047683716
endloop
endfacet
facet normal 0.40339837050610716 0.7669869087012025 -0.4989998362264171
outer loop
vertex -39.920440673828125 56.63528823852539 -5.699999809265137
vertex -40.36317443847656 56.86814498901367 -5.699999809265137
vertex -39.82710647583008 57.887393951416016 -3.700000047683716
endloop
endfacet
facet normal 0.40339549301493755 0.7669880461781505 -0.4990004140630132
outer loop
vertex -39.384368896484375 57.654537200927734 -3.700000047683716
vertex -39.920440673828125 56.63528823852539 -5.699999809265137
vertex -39.82710647583008 57.887393951416016 -3.700000047683716
endloop
endfacet
facet normal 0.46909982182204096 0.7296337952171511 -0.49757399655081047
outer loop
vertex -40.36317443847656 56.86814498901367 -5.699999809265137
vertex -40.531776428222656 56.97654342651367 -5.699999809265137
vertex -39.82710647583008 57.887393951416016 -3.700000047683716
endloop
endfacet
facet normal 0.530274091985422 0.685428676778227 -0.4989959082187798
outer loop
vertex -39.99692916870117 58.018775939941406 -3.700000047683716
vertex -40.531776428222656 56.97654342651367 -5.699999809265137
vertex -40.553070068359375 58.44902801513672 -3.700000047683716
endloop
endfacet
facet normal 0.530275650014785 0.6854275830364449 -0.4989957549060058
outer loop
vertex -39.82710647583008 57.887393951416016 -3.700000047683716
vertex -40.531776428222656 56.97654342651367 -5.699999809265137
vertex -39.99692916870117 58.018775939941406 -3.700000047683716
endloop
endfacet
facet normal 0.5273701509423696 0.6868711042298798 -0.5000888021832202
outer loop
vertex -40.531776428222656 56.97654342651367 -5.699999809265137
vertex -41.19906234741211 57.48887634277344 -5.699999809265137
vertex -40.553070068359375 58.44902801513672 -3.700000047683716
endloop
endfacet
facet normal 0.4348241659487107 0.7489512427443905 -0.49999998069864066
outer loop
vertex -40.553070068359375 58.44902801513672 -3.700000047683716
vertex -41.19906234741211 57.48887634277344 -5.699999809265137
vertex -50.3886833190918 64.15936279296875 -3.700000047683716
endloop
endfacet
facet normal 0.4348247236454941 0.7489517968740164 -0.4999986656640211
outer loop
vertex -41.19906234741211 57.48887634277344 -5.699999809265137
vertex -58.291099548339844 67.4121322631836 -5.699999809265137
vertex -57.74687957763672 68.43136596679688 -3.700000047683716
endloop
endfacet
facet normal 0.4348242975519497 0.748951344177982 -0.4999997143123658
outer loop
vertex -41.19906234741211 57.48887634277344 -5.699999809265137
vertex -57.74687957763672 68.43136596679688 -3.700000047683716
vertex -50.3886833190918 64.15936279296875 -3.700000047683716
endloop
endfacet
facet normal 0.3804732276720111 0.7779726897844543 -0.49999861697247044
outer loop
vertex -57.74687957763672 68.43136596679688 -3.700000047683716
vertex -58.291099548339844 67.4121322631836 -5.699999809265137
vertex -58.804901123046875 68.94879913330078 -3.700000047683716
endloop
endfacet
facet normal 0.3804731059197212 0.7779727161878413 -0.4999986685373406
outer loop
vertex -58.291099548339844 67.4121322631836 -5.699999809265137
vertex -59.22726821899414 67.8699722290039 -5.699999809265137
vertex -58.804901123046875 68.94879913330078 -3.700000047683716
endloop
endfacet
facet normal 0.24886646890667213 0.8294952161472029 -0.5000031670327995
outer loop
vertex -58.804901123046875 68.94879913330078 -3.700000047683716
vertex -60.57378005981445 68.27394104003906 -5.699999809265137
vertex -58.92861557006836 68.98591613769531 -3.700000047683716
endloop
endfacet
facet normal 0.24886064039062308 0.8294990352658803 -0.4999997321572708
outer loop
vertex -60.57378005981445 68.27394104003906 -5.699999809265137
vertex -60.34721374511719 69.41151428222656 -3.700000047683716
vertex -58.92861557006836 68.98591613769531 -3.700000047683716
endloop
endfacet
facet normal 0.2488594273222995 0.8295000911842081 -0.499998584156203
outer loop
vertex -59.22726821899414 67.8699722290039 -5.699999809265137
vertex -60.57378005981445 68.27394104003906 -5.699999809265137
vertex -58.804901123046875 68.94879913330078 -3.700000047683716
endloop
endfacet
facet normal 0.08794180315631163 0.8615488387836647 -0.49999983764810896
outer loop
vertex -60.57378005981445 68.27394104003906 -5.699999809265137
vertex -61.957061767578125 68.4151382446289 -5.699999809265137
vertex -60.34721374511719 69.41151428222656 -3.700000047683716
endloop
endfacet
facet normal 0.08794206740724175 0.8615487221037612 -0.4999999922215161
outer loop
vertex -60.34721374511719 69.41151428222656 -3.700000047683716
vertex -61.957061767578125 68.4151382446289 -5.699999809265137
vertex -61.94911575317383 69.57502746582031 -3.700000047683716
endloop
endfacet
facet normal -0.07612859691296256 0.8626727619661169 -0.5000001424937949
outer loop
vertex -61.957061767578125 68.4151382446289 -5.699999809265137
vertex -63.3421516418457 68.29290771484375 -5.699999809265137
vertex -63.5531120300293 69.43347930908203 -3.700000047683716
endloop
endfacet
facet normal -0.07612703760328106 0.8626734250990126 -0.49999923577310296
outer loop
vertex -63.5531120300293 69.43347930908203 -3.700000047683716
vertex -62.749671936035156 69.50437927246094 -3.700000047683716
vertex -61.957061767578125 68.4151382446289 -5.699999809265137
endloop
endfacet
facet normal -0.0761299096955626 0.8626727310270228 -0.4999999959921234
outer loop
vertex -62.749671936035156 69.50437927246094 -3.700000047683716
vertex -61.94911575317383 69.57502746582031 -3.700000047683716
vertex -61.957061767578125 68.4151382446289 -5.699999809265137
endloop
endfacet
facet normal -0.23747248594963286 0.8328310952717434 -0.49999918516470565
outer loop
vertex -63.3421516418457 68.29290771484375 -5.699999809265137
vertex -64.6793212890625 67.91162872314453 -5.699999809265137
vertex -64.16446685791016 69.2591552734375 -3.700000047683716
endloop
endfacet
facet normal -0.23747618414823296 0.8328295702251358 -0.4999999689210089
outer loop
vertex -63.5531120300293 69.43347930908203 -3.700000047683716
vertex -63.3421516418457 68.29290771484375 -5.699999809265137
vertex -64.16446685791016 69.2591552734375 -3.700000047683716
endloop
endfacet
facet normal -0.23747418133933954 0.8328309376341594 -0.49999864251477455
outer loop
vertex -64.16446685791016 69.2591552734375 -3.700000047683716
vertex -64.6793212890625 67.91162872314453 -5.699999809265137
vertex -65.10161590576172 68.99193572998047 -3.700000047683716
endloop
endfacet
facet normal -0.39028628695249656 0.773096343922052 -0.49999865722938686
outer loop
vertex -64.6793212890625 67.91162872314453 -5.699999809265137
vertex -66.53905487060547 68.26626586914062 -3.700000047683716
vertex -65.10161590576172 68.99193572998047 -3.700000047683716
endloop
endfacet
facet normal -0.39028891075759886 0.773093740009832 -0.5000006352968537
outer loop
vertex -64.6793212890625 67.91162872314453 -5.699999809265137
vertex -65.92058563232422 67.28498840332031 -5.699999809265137
vertex -66.53905487060547 68.26626586914062 -3.700000047683716
endloop
endfacet
facet normal -0.5290938988150931 0.6856086801199583 -0.5000003839806652
outer loop
vertex -65.92058563232422 67.28498840332031 -5.699999809265137
vertex -67.0213851928711 66.43548583984375 -5.699999809265137
vertex -66.53905487060547 68.26626586914062 -3.700000047683716
endloop
endfacet
facet normal -0.5290958381020473 0.6856079871956569 -0.49999928199609656
outer loop
vertex -66.53905487060547 68.26626586914062 -3.700000047683716
vertex -67.0213851928711 66.43548583984375 -5.699999809265137
vertex -67.81382751464844 67.28250122070312 -3.700000047683716
endloop
endfacet
facet normal -0.6489132411867287 0.5735092183700843 -0.49999878185558566
outer loop
vertex -67.0213851928711 66.43548583984375 -5.699999809265137
vertex -67.93909454345703 65.3971176147461 -5.699999809265137
vertex -67.81382751464844 67.28250122070312 -3.700000047683716
endloop
endfacet
facet normal -0.6489083154778511 0.5735121298579382 -0.5000018350061419
outer loop
vertex -67.81382751464844 67.28250122070312 -3.700000047683716
vertex -67.93909454345703 65.3971176147461 -5.699999809265137
vertex -68.56124877929688 66.43682098388672 -3.700000047683716
endloop
endfacet
facet normal -0.6489044552989143 0.5735158557414799 -0.5000025710997269
outer loop
vertex -68.88018035888672 66.07596588134766 -3.700000047683716
vertex -68.56124877929688 66.43682098388672 -3.700000047683716
vertex -67.93909454345703 65.3971176147461 -5.699999809265137
endloop
endfacet
facet normal -0.7489492547566546 0.43482562186568036 -0.5000016923657119
outer loop
vertex -67.93909454345703 65.3971176147461 -5.699999809265137
vertex -78.86251831054688 48.88225173950195 -3.700000047683716
vertex -72.14005279541016 60.46111297607422 -3.700000047683716
endloop
endfacet
facet normal -0.7489489483565448 0.4348249320686021 -0.500002751199592
outer loop
vertex -67.93909454345703 65.3971176147461 -5.699999809265137
vertex -72.14005279541016 60.46111297607422 -3.700000047683716
vertex -68.88018035888672 66.07596588134766 -3.700000047683716
endloop
endfacet
facet normal -0.7489496507143479 0.4348259948746991 -0.5000007748754839
outer loop
vertex -67.93909454345703 65.3971176147461 -5.699999809265137
vertex -77.84327697753906 48.33803176879883 -5.699999809265137
vertex -78.86251831054688 48.88225173950195 -3.700000047683716
endloop
endfacet
facet normal -0.7779709755250751 0.38047380498968875 -0.5000008449565174
outer loop
vertex -77.84327697753906 48.33803176879883 -5.699999809265137
vertex -78.30111694335938 47.4018669128418 -5.699999809265137
vertex -79.37995147705078 47.82423400878906 -3.700000047683716
endloop
endfacet
facet normal -0.7779695217028443 0.38048050878357315 -0.49999800573326386
outer loop
vertex -79.37995147705078 47.82423400878906 -3.700000047683716
vertex -79.21943664550781 48.15243911743164 -3.700000047683716
vertex -77.84327697753906 48.33803176879883 -5.699999809265137
endloop
endfacet
facet normal -0.7779723320223354 0.38047107023635135 -0.5000008153202696
outer loop
vertex -79.21943664550781 48.15243911743164 -3.700000047683716
vertex -78.86251831054688 48.88225173950195 -3.700000047683716
vertex -77.84327697753906 48.33803176879883 -5.699999809265137
endloop
endfacet
facet normal -0.8295009979275069 0.24885215164584898 -0.5000007010580102
outer loop
vertex -78.30111694335938 47.4018669128418 -5.699999809265137
vertex -79.48245239257812 47.482566833496094 -3.700000047683716
vertex -79.37995147705078 47.82423400878906 -3.700000047683716
endloop
endfacet
facet normal -0.8294995880581248 0.2488580464123952 -0.5000001061471957
outer loop
vertex -78.30111694335938 47.4018669128418 -5.699999809265137
vertex -79.84265899658203 46.281917572021484 -3.700000047683716
vertex -79.48245239257812 47.482566833496094 -3.700000047683716
endloop
endfacet
facet normal -0.8294996016129956 0.24885857542364326 -0.4999998203619641
outer loop
vertex -78.30111694335938 47.4018669128418 -5.699999809265137
vertex -78.70508575439453 46.05535125732422 -5.699999809265137
vertex -79.84265899658203 46.281917572021484 -3.700000047683716
endloop
endfacet
facet normal -0.8615484041813276 0.08794613826060307 -0.49999982401762383
outer loop
vertex -79.84265899658203 46.281917572021484 -3.700000047683716
vertex -78.8462905883789 44.67206954956055 -5.699999809265137
vertex -80.00617980957031 44.680015563964844 -3.700000047683716
endloop
endfacet
facet normal -0.8615482468618211 0.08794649454616876 -0.5000000324263622
outer loop
vertex -78.70508575439453 46.05535125732422 -5.699999809265137
vertex -78.8462905883789 44.67206954956055 -5.699999809265137
vertex -79.84265899658203 46.281917572021484 -3.700000047683716
endloop
endfacet
facet normal -0.8626724136099053 -0.0761331689357801 -0.5000000473842542
outer loop
vertex -80.00617980957031 44.680015563964844 -3.700000047683716
vertex -78.72405242919922 43.286983489990234 -5.699999809265137
vertex -79.88272857666016 43.28117752075195 -3.700000047683716
endloop
endfacet
facet normal -0.8626724978198153 -0.07613353508239828 -0.49999984634115435
outer loop
vertex -78.8462905883789 44.67206954956055 -5.699999809265137
vertex -78.72405242919922 43.286983489990234 -5.699999809265137
vertex -80.00617980957031 44.680015563964844 -3.700000047683716
endloop
endfacet
facet normal -0.8626726607035324 -0.07612949884155755 -0.5000001798807888
outer loop
vertex -78.72405242919922 43.286983489990234 -5.699999809265137
vertex -79.8646240234375 43.07602310180664 -3.700000047683716
vertex -79.88272857666016 43.28117752075195 -3.700000047683716
endloop
endfacet
facet normal -0.8328304512174878 -0.23747045444845385 -0.5000012227874254
outer loop
vertex -78.3427734375 41.94981002807617 -5.699999809265137
vertex -79.42308807373047 41.52751159667969 -3.700000047683716
vertex -79.8357162475586 42.97463607788086 -3.700000047683716
endloop
endfacet
facet normal -0.832830732921584 -0.23747170516675317 -0.5000001595464665
outer loop
vertex -78.72405242919922 43.286983489990234 -5.699999809265137
vertex -78.3427734375 41.94981002807617 -5.699999809265137
vertex -79.8646240234375 43.07602310180664 -3.700000047683716
endloop
endfacet
facet normal -0.8328302746739977 -0.23745909479567892 -0.5000069118374768
outer loop
vertex -79.8646240234375 43.07602310180664 -3.700000047683716
vertex -78.3427734375 41.94981002807617 -5.699999809265137
vertex -79.8357162475586 42.97463607788086 -3.700000047683716
endloop
endfacet
facet normal -0.7730952280257201 -0.3902849101611266 -0.5000014573022578
outer loop
vertex -78.3427734375 41.94981002807617 -5.699999809265137
vertex -77.71614074707031 40.70854568481445 -5.699999809265137
vertex -79.42308807373047 41.52751159667969 -3.700000047683716
endloop
endfacet
facet normal -0.7730943741695037 -0.3902904316097104 -0.49999846761902134
outer loop
vertex -79.42308807373047 41.52751159667969 -3.700000047683716
vertex -77.71614074707031 40.70854568481445 -5.699999809265137
vertex -78.6974105834961 40.0900764465332 -3.700000047683716
endloop
endfacet
facet normal -0.6856116128421557 -0.5290876568893722 -0.5000029676544848
outer loop
vertex -76.86663818359375 39.607749938964844 -5.699999809265137
vertex -78.35961151123047 39.65234375 -3.700000047683716
vertex -78.6974105834961 40.0900764465332 -3.700000047683716
endloop
endfacet
facet normal -0.685607894307903 -0.5290952588571697 -0.5000000223175475
outer loop
vertex -76.86663818359375 39.607749938964844 -5.699999809265137
vertex -77.71365356445312 38.815303802490234 -3.700000047683716
vertex -78.35961151123047 39.65234375 -3.700000047683716
endloop
endfacet
facet normal -0.685608717206229 -0.5290957609570378 -0.49999836262544134
outer loop
vertex -76.86663818359375 39.607749938964844 -5.699999809265137
vertex -78.6974105834961 40.0900764465332 -3.700000047683716
vertex -77.71614074707031 40.70854568481445 -5.699999809265137
endloop
endfacet
facet normal -0.5735111964800572 -0.6489103861886298 -0.500000218208489
outer loop
vertex -76.8970718383789 38.093605041503906 -3.700000047683716
vertex -75.82593536376953 38.68797302246094 -5.699999809265137
vertex -76.50711059570312 37.74895477294922 -3.700000047683716
endloop
endfacet
facet normal -0.5735103207690594 -0.6489114885501885 -0.4999997919989059
outer loop
vertex -76.86663818359375 39.607749938964844 -5.699999809265137
vertex -75.82593536376953 38.68797302246094 -5.699999809265137
vertex -77.71365356445312 38.815303802490234 -3.700000047683716
endloop
endfacet
facet normal -0.573510600095668 -0.6489110153216037 -0.5000000857721848
outer loop
vertex -77.71365356445312 38.815303802490234 -3.700000047683716
vertex -75.82593536376953 38.68797302246094 -5.699999809265137
vertex -76.8970718383789 38.093605041503906 -3.700000047683716
endloop
endfacet
facet normal -0.43882036019276427 -0.7466167007621197 -0.5000001936233427
outer loop
vertex -75.82593536376953 38.68797302246094 -5.699999809265137
vertex -74.70417022705078 36.68928527832031 -3.700000047683716
vertex -76.50711059570312 37.74895477294922 -3.700000047683716
endloop
endfacet
facet normal -0.4389839840759536 -0.7466833937601107 -0.4997569121159668
outer loop
vertex -75.82593536376953 38.68797302246094 -5.699999809265137
vertex -70.58314514160156 35.605674743652344 -5.699999809265137
vertex -71.16786193847656 34.61083221435547 -3.700000047683716
endloop
endfacet
facet normal -0.4388213317543061 -0.7466165772950925 -0.49999952530531316
outer loop
vertex -74.70417022705078 36.68928527832031 -3.700000047683716
vertex -75.82593536376953 38.68797302246094 -5.699999809265137
vertex -71.16786193847656 34.61083221435547 -3.700000047683716
endloop
endfacet
facet normal -0.45480648747875196 -0.7372109535373422 -0.49967096066491834
outer loop
vertex -70.58314514160156 35.605674743652344 -5.699999809265137
vertex -70.52099609375 35.56733322143555 -5.699999809265137
vertex -71.16786193847656 34.61083221435547 -3.700000047683716
endloop
endfacet
facet normal -0.49414289097366054 -0.7121978008180868 -0.4985951221282393
outer loop
vertex -70.22938537597656 35.36500549316406 -5.699999809265137
vertex -70.8738784790039 34.41201400756836 -3.700000047683716
vertex -70.52099609375 35.56733322143555 -5.699999809265137
endloop
endfacet
facet normal -0.48515364298347063 -0.7173746743061867 -0.4999995193637288
outer loop
vertex -71.16786193847656 34.61083221435547 -3.700000047683716
vertex -70.52099609375 35.56733322143555 -5.699999809265137
vertex -70.8738784790039 34.41201400756836 -3.700000047683716
endloop
endfacet
facet normal -0.4972349863670631 -0.7100585447145732 -0.4985721927769027
outer loop
vertex -70.22938537597656 35.36500549316406 -5.699999809265137
vertex -70.13165283203125 35.296566009521484 -5.699999809265137
vertex -70.8738784790039 34.41201400756836 -3.700000047683716
endloop
endfacet
facet normal -0.6129548427840107 -0.6129548427840107 -0.4985706784551788
outer loop
vertex -70.13165283203125 35.296566009521484 -5.699999809265137
vertex -70.0888671875 35.253780364990234 -5.699999809265137
vertex -70.8738784790039 34.41201400756836 -3.700000047683716
endloop
endfacet
facet normal -0.5911092291863326 -0.6338689749902476 -0.4987985582532816
outer loop
vertex -70.8738784790039 34.41201400756836 -3.700000047683716
vertex -70.0888671875 35.253780364990234 -5.699999809265137
vertex -70.70587158203125 34.255340576171875 -3.700000047683716
endloop
endfacet
facet normal -0.591115843269558 -0.6338628069767303 -0.4987985583051536
outer loop
vertex -69.77894592285156 34.964759826660156 -5.699999809265137
vertex -70.56395721435547 34.12299346923828 -3.700000047683716
vertex -70.0888671875 35.253780364990234 -5.699999809265137
endloop
endfacet
facet normal -0.5911243420793928 -0.6338562222297103 -0.49879685418202574
outer loop
vertex -70.70587158203125 34.255340576171875 -3.700000047683716
vertex -70.0888671875 35.253780364990234 -5.699999809265137
vertex -70.56395721435547 34.12299346923828 -3.700000047683716
endloop
endfacet
facet normal -0.6426642971667037 -0.5826614924119722 -0.4974818453044091
outer loop
vertex -70.56395721435547 34.12299346923828 -3.700000047683716
vertex -69.77894592285156 34.964759826660156 -5.699999809265137
vertex -69.64788818359375 34.82020568847656 -5.699999809265137
endloop
endfacet
facet normal -0.6896581811069817 -0.5248854398121623 -0.49886558139984233
outer loop
vertex -70.30731201171875 33.78578186035156 -3.700000047683716
vertex -70.56395721435547 34.12299346923828 -3.700000047683716
vertex -69.64788818359375 34.82020568847656 -5.699999809265137
endloop
endfacet
facet normal -0.6896581811069817 -0.5248854398121623 -0.49886558139984233
outer loop
vertex -69.64788818359375 34.82020568847656 -5.699999809265137
vertex -69.39124298095703 34.482994079589844 -5.699999809265137
vertex -70.30731201171875 33.78578186035156 -3.700000047683716
endloop
endfacet
facet normal -0.7236883286569726 -0.477754116224366 -0.4980222960835716
outer loop
vertex -70.30731201171875 33.78578186035156 -3.700000047683716
vertex -69.39124298095703 34.482994079589844 -5.699999809265137
vertex -69.28355407714844 34.31986999511719 -5.699999809265137
endloop
endfacet
facet normal -0.7708785382301495 -0.3946614978504495 -0.4999885812802005
outer loop
vertex -69.28355407714844 34.31986999511719 -5.699999809265137
vertex -69.0904312133789 33.942649841308594 -5.699999809265137
vertex -70.30731201171875 33.78578186035156 -3.700000047683716
endloop
endfacet
facet normal -0.7683606363922222 -0.4008478563432716 -0.49894180873919897
outer loop
vertex -69.0904312133789 33.942649841308594 -5.699999809265137
vertex -70.1113052368164 33.41006851196289 -3.700000047683716
vertex -70.30731201171875 33.78578186035156 -3.700000047683716
endloop
endfacet
facet normal -0.799810189864549 -0.33565415661116454 -0.49763435104349635
outer loop
vertex -69.014892578125 33.76265335083008 -5.699999809265137
vertex -70.1113052368164 33.41006851196289 -3.700000047683716
vertex -69.0904312133789 33.942649841308594 -5.699999809265137
endloop
endfacet
facet normal -0.8249772086008538 -0.26529915807916454 -0.4990280172611853
outer loop
vertex -69.98157501220703 33.00664520263672 -3.700000047683716
vertex -70.08103942871094 33.315940856933594 -3.700000047683716
vertex -68.88516235351562 33.359230041503906 -5.699999809265137
endloop
endfacet
facet normal -0.824985401245183 -0.2652658226334056 -0.49903219442732044
outer loop
vertex -70.08103942871094 33.315940856933594 -3.700000047683716
vertex -70.1113052368164 33.41006851196289 -3.700000047683716
vertex -68.88516235351562 33.359230041503906 -5.699999809265137
endloop
endfacet
facet normal -0.8249796545275829 -0.26529155208901745 -0.49902801725529405
outer loop
vertex -69.014892578125 33.76265335083008 -5.699999809265137
vertex -68.88516235351562 33.359230041503906 -5.699999809265137
vertex -70.1113052368164 33.41006851196289 -3.700000047683716
endloop
endfacet
facet normal -0.8419391486136321 -0.2074011793112257 -0.49811968526857603
outer loop
vertex -68.88516235351562 33.359230041503906 -5.699999809265137
vertex -68.8384017944336 33.16940689086914 -5.699999809265137
vertex -69.98157501220703 33.00664520263672 -3.700000047683716
endloop
endfacet
facet normal -0.8573770246213945 -0.1220826176412864 -0.5000004721209932
outer loop
vertex -69.98157501220703 33.00664520263672 -3.700000047683716
vertex -68.8384017944336 33.16940689086914 -5.699999809265137
vertex -69.92183685302734 32.58710861206055 -3.700000047683716
endloop
endfacet
facet normal -0.8586490674857575 -0.11666126557578639 -0.49911113794434075
outer loop
vertex -68.8384017944336 33.16940689086914 -5.699999809265137
vertex -68.7813491821289 32.749488830566406 -5.699999809265137
vertex -69.92183685302734 32.58710861206055 -3.700000047683716
endloop
endfacet
facet normal -0.8635495604484138 -0.07556946453083993 -0.49856936596613466
outer loop
vertex -68.7813491821289 32.749488830566406 -5.699999809265137
vertex -68.76714324951172 32.587154388427734 -5.699999809265137
vertex -69.92183685302734 32.58710861206055 -3.700000047683716
endloop
endfacet
facet normal -0.8660249944115941 -0.0000351506901397863 -0.5000007078183263
outer loop
vertex -68.76714324951172 32.587154388427734 -5.699999809265137
vertex -68.76313781738281 -66.09666442871094 -5.699999809265137
vertex -69.91783905029297 -66.1298828125 -3.700000047683716
endloop
endfacet
facet normal -0.8660266773807948 -0.0000350720151507094 -0.4999977928298631
outer loop
vertex -68.76714324951172 32.587154388427734 -5.699999809265137
vertex -69.91783905029297 -66.1298828125 -3.700000047683716
vertex -69.92183685302734 32.58710861206055 -3.700000047683716
endloop
endfacet
facet normal -0.864593932964428 -0.049749863556394165 -0.5000022821520144
outer loop
vertex -69.86077117919922 -67.12167358398438 -3.700000047683716
vertex -69.91444396972656 -66.18890380859375 -3.700000047683716
vertex -68.711669921875 -66.99105072021484 -5.699999809265137
endloop
endfacet
facet normal -0.8645918997026576 -0.049734151417745946 -0.5000073610971207
outer loop
vertex -69.91783905029297 -66.1298828125 -3.700000047683716
vertex -68.711669921875 -66.99105072021484 -5.699999809265137
vertex -69.91444396972656 -66.18890380859375 -3.700000047683716
endloop
endfacet
facet normal -0.8645946494811048 -0.04975352093252977 -0.5000006792430007
outer loop
vertex -68.76313781738281 -66.09666442871094 -5.699999809265137
vertex -68.711669921875 -66.99105072021484 -5.699999809265137
vertex -69.91783905029297 -66.1298828125 -3.700000047683716
endloop
endfacet
facet normal -0.8537004346917437 -0.14557947289501014 -0.5000021848739652
outer loop
vertex -68.711669921875 -66.99105072021484 -5.699999809265137
vertex -69.70531463623047 -68.03329467773438 -3.700000047683716
vertex -69.86077117919922 -67.12167358398438 -3.700000047683716
endloop
endfacet
facet normal -0.8537027938491798 -0.14557307098284214 -0.5000000207787287
outer loop
vertex -68.711669921875 -66.99105072021484 -5.699999809265137
vertex -68.57762145996094 -67.77716827392578 -5.699999809265137
vertex -69.70531463623047 -68.03329467773438 -3.700000047683716
endloop
endfacet
facet normal -0.8328303452305135 -0.23747304864002974 -0.5000001672328057
outer loop
vertex -68.57762145996094 -67.77716827392578 -5.699999809265137
vertex -68.3585433959961 -68.54548645019531 -5.699999809265137
vertex -69.70531463623047 -68.03329467773438 -3.700000047683716
endloop
endfacet
facet normal -0.8328300859576385 -0.23747581968206843 -0.499999282989608
outer loop
vertex -68.3585433959961 -68.54548645019531 -5.699999809265137
vertex -69.45172882080078 -68.92262268066406 -3.700000047683716
vertex -69.70531463623047 -68.03329467773438 -3.700000047683716
endloop
endfacet
facet normal -0.802096438421135 -0.3265598018717301 -0.4999999992736267
outer loop
vertex -68.3585433959961 -68.54548645019531 -5.699999809265137
vertex -68.05728149414062 -69.28544616699219 -5.699999809265137
vertex -69.10301971435547 -69.77912902832031 -3.700000047683716
endloop
endfacet
facet normal -0.8020998764770652 -0.3265544511307797 -0.49999797859806594
outer loop
vertex -68.3585433959961 -68.54548645019531 -5.699999809265137
vertex -69.10301971435547 -69.77912902832031 -3.700000047683716
vertex -69.3184814453125 -69.2499008178711 -3.700000047683716
endloop
endfacet
facet normal -0.8020954773158662 -0.32656357114300777 -0.49999907927091064
outer loop
vertex -69.45172882080078 -68.92262268066406 -3.700000047683716
vertex -68.3585433959961 -68.54548645019531 -5.699999809265137
vertex -69.3184814453125 -69.2499008178711 -3.700000047683716
endloop
endfacet
facet normal -0.7618641878720924 -0.4117791416192005 -0.5000008977645455
outer loop
vertex -68.05728149414062 -69.28544616699219 -5.699999809265137
vertex -67.67739868164062 -69.98829650878906 -5.699999809265137
vertex -68.6633071899414 -70.59268188476562 -3.700000047683716
endloop
endfacet
facet normal -0.7618661740375614 -0.4117766854331716 -0.4999998941910278
outer loop
vertex -69.10301971435547 -69.77912902832031 -3.700000047683716
vertex -68.05728149414062 -69.28544616699219 -5.699999809265137
vertex -68.6633071899414 -70.59268188476562 -3.700000047683716
endloop
endfacet
facet normal -0.7126142720085267 -0.4921180121406948 -0.5000007614558686
outer loop
vertex -67.67739868164062 -69.98829650878906 -5.699999809265137
vertex -67.22340393066406 -70.64570617675781 -5.699999809265137
vertex -68.6633071899414 -70.59268188476562 -3.700000047683716
endloop
endfacet
facet normal -0.7126132185419551 -0.4921203717661052 -0.4999999404520624
outer loop
vertex -68.6633071899414 -70.59268188476562 -3.700000047683716
vertex -67.22340393066406 -70.64570617675781 -5.699999809265137
vertex -68.13780212402344 -71.3536376953125 -3.700000047683716
endloop
endfacet
facet normal -0.6549222976932894 -0.5666357483446107 -0.5000007126815776
outer loop
vertex -68.13780212402344 -71.3536376953125 -3.700000047683716
vertex -66.7006607055664 -71.24989318847656 -5.699999809265137
vertex -67.53272247314453 -72.05299377441406 -3.700000047683716
endloop
endfacet
facet normal -0.6549208623649686 -0.5666382049532851 -0.49999980872640826
outer loop
vertex -67.22340393066406 -70.64570617675781 -5.699999809265137
vertex -66.7006607055664 -71.24989318847656 -5.699999809265137
vertex -68.13780212402344 -71.3536376953125 -3.700000047683716
endloop
endfacet
facet normal -0.5894867594672443 -0.6344322675416467 -0.5000010583136517
outer loop
vertex -67.01829528808594 -72.53096008300781 -3.700000047683716
vertex -66.11536407470703 -71.79370880126953 -5.699999809265137
vertex -66.8552474975586 -72.68245697021484 -3.700000047683716
endloop
endfacet
facet normal -0.5894758890074883 -0.63444309105012 -0.500000140497581
outer loop
vertex -67.53272247314453 -72.05299377441406 -3.700000047683716
vertex -66.11536407470703 -71.79370880126953 -5.699999809265137
vertex -67.01829528808594 -72.53096008300781 -3.700000047683716
endloop
endfacet
facet normal -0.5894772583184222 -0.6344412428507146 -0.5000008712946776
outer loop
vertex -66.7006607055664 -71.24989318847656 -5.699999809265137
vertex -66.11536407470703 -71.79370880126953 -5.699999809265137
vertex -67.53272247314453 -72.05299377441406 -3.700000047683716
endloop
endfacet
facet normal -0.5170581547884479 -0.694731252217753 -0.49999935175829835
outer loop
vertex -66.11536407470703 -71.79370880126953 -5.699999809265137
vertex -65.47444915771484 -72.27071380615234 -5.699999809265137
vertex -66.1133804321289 -73.23458862304688 -3.700000047683716
endloop
endfacet
facet normal -0.5170516692744073 -0.6947347723177801 -0.500001167431748
outer loop
vertex -66.11536407470703 -71.79370880126953 -5.699999809265137
vertex -66.58853149414062 -72.8809585571289 -3.700000047683716
vertex -66.8552474975586 -72.68245697021484 -3.700000047683716
endloop
endfacet
facet normal -0.5170537234726932 -0.6947334220223049 -0.5000009193673566
outer loop
vertex -66.58853149414062 -72.8809585571289 -3.700000047683716
vertex -66.11536407470703 -71.79370880126953 -5.699999809265137
vertex -66.1133804321289 -73.23458862304688 -3.700000047683716
endloop
endfacet
facet normal -0.43850322432957484 -0.7468026736210563 -0.5000006889245339
outer loop
vertex -65.47444915771484 -72.27071380615234 -5.699999809265137
vertex -64.7854995727539 -72.67524719238281 -5.699999809265137
vertex -65.31591796875 -73.70284271240234 -3.700000047683716
endloop
endfacet
facet normal -0.43850611953417895 -0.7468016283825503 -0.499999710976164
outer loop
vertex -65.74412536621094 -73.45140838623047 -3.700000047683716
vertex -65.47444915771484 -72.27071380615234 -5.699999809265137
vertex -65.31591796875 -73.70284271240234 -3.700000047683716
endloop
endfacet
facet normal -0.43850769190181177 -0.7468008649268373 -0.4999994722871951
outer loop
vertex -65.47444915771484 -72.27071380615234 -5.699999809265137
vertex -65.74412536621094 -73.45140838623047 -3.700000047683716
vertex -66.1133804321289 -73.23458862304688 -3.700000047683716
endloop
endfacet
facet normal -0.3547664059218063 -0.7900247095739715 -0.5000017554888042
outer loop
vertex -64.7854995727539 -72.67524719238281 -5.699999809265137
vertex -64.05667114257812 -73.00253295898438 -5.699999809265137
vertex -64.47229766845703 -74.08168029785156 -3.700000047683716
endloop
endfacet
facet normal -0.3547610490138472 -0.7900278985978404 -0.5000005175394073
outer loop
vertex -65.31591796875 -73.70284271240234 -3.700000047683716
vertex -64.7854995727539 -72.67524719238281 -5.699999809265137
vertex -65.07730865478516 -73.80998992919922 -3.700000047683716
endloop
endfacet
facet normal -0.35477316111498514 -0.7900230736687631 -0.49999954722323586
outer loop
vertex -65.07730865478516 -73.80998992919922 -3.700000047683716
vertex -64.7854995727539 -72.67524719238281 -5.699999809265137
vertex -64.47229766845703 -74.08168029785156 -3.700000047683716
endloop
endfacet
facet normal -0.26683179421646813 -0.8238937308181697 -0.49999991391373033
outer loop
vertex -64.07109832763672 -74.21160888671875 -3.700000047683716
vertex -64.05667114257812 -73.00253295898438 -5.699999809265137
vertex -63.59251022338867 -74.36660766601562 -3.700000047683716
endloop
endfacet
facet normal -0.26681932860620006 -0.8238967242563496 -0.5000016336391244
outer loop
vertex -64.47229766845703 -74.08168029785156 -3.700000047683716
vertex -64.05667114257812 -73.00253295898438 -5.699999809265137
vertex -64.07109832763672 -74.21160888671875 -3.700000047683716
endloop
endfacet
facet normal -0.2668312849915118 -0.823893796734445 -0.5000000770522736
outer loop
vertex -64.05667114257812 -73.00253295898438 -5.699999809265137
vertex -63.29659652709961 -73.24869537353516 -5.699999809265137
vertex -63.59251022338867 -74.36660766601562 -3.700000047683716
endloop
endfacet
facet normal -0.17573157339781675 -0.8480099693207938 -0.4999975060374542
outer loop
vertex -63.11930465698242 -74.46466064453125 -3.700000047683716
vertex -63.29659652709961 -73.24869537353516 -5.699999809265137
vertex -62.68696975708008 -74.55425262451172 -3.700000047683716
endloop
endfacet
facet normal -0.1757165949198469 -0.8480116778173502 -0.49999987255516076
outer loop
vertex -63.59251022338867 -74.36660766601562 -3.700000047683716
vertex -63.29659652709961 -73.24869537353516 -5.699999809265137
vertex -63.11930465698242 -74.46466064453125 -3.700000047683716
endloop
endfacet
facet normal -0.1757218639049952 -0.8480101621243509 -0.5000005914792367
outer loop
vertex -63.29659652709961 -73.24869537353516 -5.699999809265137
vertex -62.514278411865234 -73.41080474853516 -5.699999809265137
vertex -62.68696975708008 -74.55425262451172 -3.700000047683716
endloop
endfacet
facet normal -0.08254300295791027 -0.8620824666235137 -0.5000004734027846
outer loop
vertex -62.68696975708008 -74.55425262451172 -3.700000047683716
vertex -62.514278411865234 -73.41080474853516 -5.699999809265137
vertex -61.76640701293945 -74.64239501953125 -3.700000047683716
endloop
endfacet
facet normal -0.0825493182151966 -0.8620830302645159 -0.49999845898978124
outer loop
vertex -62.514278411865234 -73.41080474853516 -5.699999809265137
vertex -61.71122741699219 -73.48770141601562 -5.699999809265137
vertex -61.76640701293945 -74.64239501953125 -3.700000047683716
endloop
endfacet
facet normal -0.000030565656341919544 -0.8660255353492308 -0.4999997711887666
outer loop
vertex -16.65374183654785 -74.64401245117188 -3.700000047683716
vertex -4.15964412689209 -73.48975372314453 -5.699999809265137
vertex -4.116123676300049 -74.64445495605469 -3.700000047683716
endloop
endfacet
facet normal -0.000031049780475577125 -0.8660263069009244 -0.49999843478900713
outer loop
vertex -61.76640701293945 -74.64239501953125 -3.700000047683716
vertex -61.71122741699219 -73.48770141601562 -5.699999809265137
vertex -16.65374183654785 -74.64401245117188 -3.700000047683716
endloop
endfacet
facet normal -0.00003088270588029238 -0.8660246776224597 -0.5000012567935935
outer loop
vertex -16.65374183654785 -74.64401245117188 -3.700000047683716
vertex -61.71122741699219 -73.48770141601562 -5.699999809265137
vertex -4.15964412689209 -73.48975372314453 -5.699999809265137
endloop
endfacet
facet normal 0.06522500380940326 -0.8635652528395394 -0.5000007529656786
outer loop
vertex -3.939603567123413 -74.6311264038086 -3.700000047683716
vertex -3.5880112648010254 -73.44657897949219 -5.699999809265137
vertex -3.447172164916992 -74.59393310546875 -3.700000047683716
endloop
endfacet
facet normal 0.06522409865902656 -0.8635659424869644 -0.49999967993061634
outer loop
vertex -4.15964412689209 -73.48975372314453 -5.699999809265137
vertex -3.5880112648010254 -73.44657897949219 -5.699999809265137
vertex -4.116123676300049 -74.64445495605469 -3.700000047683716
endloop
endfacet
facet normal 0.0652054292339128 -0.8635648699695034 -0.5000039673372361
outer loop
vertex -4.116123676300049 -74.64445495605469 -3.700000047683716
vertex -3.5880112648010254 -73.44657897949219 -5.699999809265137
vertex -3.939603567123413 -74.6311264038086 -3.700000047683716
endloop
endfacet
facet normal -1 0 0
outer loop
vertex 68.55442810058594 -67.4012680053711 -1.9500000476837158
vertex 68.55442810058594 -67.90100860595703 -0.44999998807907104
vertex 68.55442810058594 -67.4012680053711 -0.44999998807907104
endloop
endfacet
facet normal 0 0 1
outer loop
vertex 68.55442810058594 -67.4012680053711 -1.9500000476837158
vertex 60.55442428588867 -67.40169525146484 -1.9500000476837158
vertex 60.55442428588867 -67.90100860595703 -1.9500000476837158
endloop
endfacet
facet normal 1 0 0
outer loop
vertex 60.55442428588867 -67.40169525146484 -1.9500000476837158
vertex 60.55442428588867 -67.40169525146484 -0.44999998807907104
vertex 60.55442428588867 -67.90100860595703 -1.9500000476837158
endloop
endfacet
facet normal 0 1 0
outer loop
vertex 60.55442428588867 -67.90100860595703 -1.9500000476837158
vertex 60.55442428588867 -67.90100860595703 -0.44999998807907104
vertex 68.55442810058594 -67.90100860595703 -1.9500000476837158
endloop
endfacet
facet normal 0 0 1
outer loop
vertex 68.55442810058594 -67.4012680053711 -1.9500000476837158
vertex 60.55442428588867 -67.90100860595703 -1.9500000476837158
vertex 68.55442810058594 -67.90100860595703 -1.9500000476837158
endloop
endfacet
facet normal -1 0 0
outer loop
vertex 68.55442810058594 -67.4012680053711 -1.9500000476837158
vertex 68.55442810058594 -67.90100860595703 -1.9500000476837158
vertex 68.55442810058594 -67.90100860595703 -0.44999998807907104
endloop
endfacet
facet normal 0 1 0
outer loop
vertex 68.55442810058594 -67.90100860595703 -0.44999998807907104
vertex 68.55442810058594 -67.90100860595703 -1.9500000476837158
vertex 60.55442428588867 -67.90100860595703 -0.44999998807907104
endloop
endfacet
facet normal 1 0 0
outer loop
vertex 60.55442428588867 -67.90100860595703 -0.44999998807907104
vertex 60.55442428588867 -67.90100860595703 -1.9500000476837158
vertex 60.55442428588867 -67.40169525146484 -0.44999998807907104
endloop
endfacet
facet normal 0 1 0
outer loop
vertex -48.39742660522461 -72.65100860595703 -1.9500000476837158
vertex -56.39742660522461 -72.65100860595703 -1.9500000476837158
vertex -56.39742660522461 -72.65100860595703 -0.44999998807907104
endloop
endfacet
facet normal 1 0 0
outer loop
vertex -56.39742660522461 -72.14667510986328 -1.9500000476837158
vertex -56.39742660522461 -72.14667510986328 -0.44999998807907104
vertex -56.39742660522461 -72.65100860595703 -1.9500000476837158
endloop
endfacet
facet normal -1 0 0
outer loop
vertex -48.39742660522461 -72.14684295654297 -1.9500000476837158
vertex -48.39742660522461 -72.65100860595703 -0.44999998807907104
vertex -48.39742660522461 -72.14684295654297 -0.44999998807907104
endloop
endfacet
facet normal 1 0 0
outer loop
vertex -56.39742660522461 -72.65100860595703 -0.44999998807907104
vertex -56.39742660522461 -72.65100860595703 -1.9500000476837158
vertex -56.39742660522461 -72.14667510986328 -0.44999998807907104
endloop
endfacet
facet normal 0 0 1
outer loop
vertex -56.39742660522461 -72.14667510986328 -1.9500000476837158
vertex -56.39742660522461 -72.65100860595703 -1.9500000476837158
vertex -48.39742660522461 -72.14684295654297 -1.9500000476837158
endloop
endfacet
facet normal 0 0 1
outer loop
vertex -48.39742660522461 -72.14684295654297 -1.9500000476837158
vertex -56.39742660522461 -72.65100860595703 -1.9500000476837158
vertex -48.39742660522461 -72.65100860595703 -1.9500000476837158
endloop
endfacet
facet normal 0 1 0
outer loop
vertex -48.39742660522461 -72.65100860595703 -0.44999998807907104
vertex -48.39742660522461 -72.65100860595703 -1.9500000476837158
vertex -56.39742660522461 -72.65100860595703 -0.44999998807907104
endloop
endfacet
facet normal -1 0 0
outer loop
vertex -48.39742660522461 -72.14684295654297 -1.9500000476837158
vertex -48.39742660522461 -72.65100860595703 -1.9500000476837158
vertex -48.39742660522461 -72.65100860595703 -0.44999998807907104
endloop
endfacet
facet normal -0.5005264646839019 -0.8657212358207662 0
outer loop
vertex -53.25498962402344 64.21717834472656 -2.8499999046325684
vertex -50.13839340209961 62.415283203125 -2.8499999046325684
vertex -50.13839340209961 62.415283203125 -1.0499999523162842
endloop
endfacet
facet normal 0 0 -1
outer loop
vertex -50.13839340209961 62.415283203125 -1.0499999523162842
vertex -50.68920135498047 61.46259689331055 -1.0499999523162842
vertex -53.25498962402344 64.21717834472656 -1.0499999523162842
endloop
endfacet
facet normal 0 0 -1
outer loop
vertex -53.80570983886719 63.26464080810547 -1.0499999523162842
vertex -53.25498962402344 64.21717834472656 -1.0499999523162842
vertex -50.68920135498047 61.46259689331055 -1.0499999523162842
endloop
endfacet
facet normal -0.5005264646839019 -0.8657212358207662 0
outer loop
vertex -53.25498962402344 64.21717834472656 -1.0499999523162842
vertex -53.25498962402344 64.21717834472656 -2.8499999046325684
vertex -50.13839340209961 62.415283203125 -1.0499999523162842
endloop
endfacet
facet normal -0.8657205849206753 0.5005275904928755 0
outer loop
vertex -50.13839340209961 62.415283203125 -1.0499999523162842
vertex -50.68920135498047 61.46259689331055 -2.8499999046325684
vertex -50.68920135498047 61.46259689331055 -1.0499999523162842
endloop
endfacet
facet normal 0 0 1
outer loop
vertex -50.68920135498047 61.46259689331055 -2.8499999046325684
vertex -50.13839340209961 62.415283203125 -2.8499999046325684
vertex -53.80570983886719 63.26464080810547 -2.8499999046325684
endloop
endfacet
facet normal 0 0 1
outer loop
vertex -53.80570983886719 63.26464080810547 -2.8499999046325684
vertex -50.13839340209961 62.415283203125 -2.8499999046325684
vertex -53.25498962402344 64.21717834472656 -2.8499999046325684
endloop
endfacet
facet normal 0.8657212634325814 -0.5005264169259154 0
outer loop
vertex -53.80570983886719 63.26464080810547 -2.8499999046325684
vertex -53.25498962402344 64.21717834472656 -2.8499999046325684
vertex -53.80570983886719 63.26464080810547 -1.0499999523162842
endloop
endfacet
facet normal 0.8657212634325814 -0.5005264169259154 0
outer loop
vertex -53.80570983886719 63.26464080810547 -1.0499999523162842
vertex -53.25498962402344 64.21717834472656 -2.8499999046325684
vertex -53.25498962402344 64.21717834472656 -1.0499999523162842
endloop
endfacet
facet normal -0.8657205849206753 0.5005275904928755 0
outer loop
vertex -50.13839340209961 62.415283203125 -2.8499999046325684
vertex -50.68920135498047 61.46259689331055 -2.8499999046325684
vertex -50.13839340209961 62.415283203125 -1.0499999523162842
endloop
endfacet
facet normal 0 0 -1
outer loop
vertex 66.3548583984375 48.063934326171875 -1.0499999523162842
vertex 66.3545150756836 46.96314239501953 -1.0499999523162842
vertex 62.75485610961914 48.065040588378906 -1.0499999523162842
endloop
endfacet
facet normal 0.9999999524307953 -0.0003084451444713485 0
outer loop
vertex 62.7545166015625 46.964332580566406 -1.0499999523162842
vertex 62.75485610961914 48.065040588378906 -2.8499999046325684
vertex 62.75485610961914 48.065040588378906 -1.0499999523162842
endloop
endfacet
facet normal -0.0003072948476269226 -0.9999999527849371 0
outer loop
vertex 62.75485610961914 48.065040588378906 -1.0499999523162842
vertex 62.75485610961914 48.065040588378906 -2.8499999046325684
vertex 66.3548583984375 48.063934326171875 -1.0499999523162842
endloop
endfacet
facet normal -0.0003072948476269226 -0.9999999527849371 0
outer loop
vertex 66.3548583984375 48.063934326171875 -1.0499999523162842
vertex 62.75485610961914 48.065040588378906 -2.8499999046325684
vertex 66.3548583984375 48.063934326171875 -2.8499999046325684
endloop
endfacet
facet normal -0.9999999513632359 0.0003118870401318632 0
outer loop
vertex 66.3548583984375 48.063934326171875 -2.8499999046325684
vertex 66.3545150756836 46.96314239501953 -2.8499999046325684
vertex 66.3548583984375 48.063934326171875 -1.0499999523162842
endloop
endfacet
facet normal -0.9999999513632359 0.0003118870401318632 0
outer loop
vertex 66.3548583984375 48.063934326171875 -1.0499999523162842
vertex 66.3545150756836 46.96314239501953 -2.8499999046325684
vertex 66.3545150756836 46.96314239501953 -1.0499999523162842
endloop
endfacet
facet normal 0 0 -1
outer loop
vertex 66.3545150756836 46.96314239501953 -1.0499999523162842
vertex 62.7545166015625 46.964332580566406 -1.0499999523162842
vertex 62.75485610961914 48.065040588378906 -1.0499999523162842
endloop
endfacet
facet normal 0.9999999524307953 -0.0003084451444713485 0
outer loop
vertex 62.7545166015625 46.964332580566406 -1.0499999523162842
vertex 62.7545166015625 46.964332580566406 -2.8499999046325684
vertex 62.75485610961914 48.065040588378906 -2.8499999046325684
endloop
endfacet
facet normal 0 0 1
outer loop
vertex 62.7545166015625 46.964332580566406 -2.8499999046325684
vertex 66.3548583984375 48.063934326171875 -2.8499999046325684
vertex 62.75485610961914 48.065040588378906 -2.8499999046325684
endloop
endfacet
facet normal 0 0 1
outer loop
vertex 66.3548583984375 48.063934326171875 -2.8499999046325684
vertex 62.7545166015625 46.964332580566406 -2.8499999046325684
vertex 66.3545150756836 46.96314239501953 -2.8499999046325684
endloop
endfacet
facet normal -1 0 0
outer loop
vertex 13.182159423828125 -69.18281555175781 -4.949999809265137
vertex 13.182159423828125 -67.40418243408203 -4.949999809265137
vertex 13.182159423828125 -68.74980163574219 -5.699999809265137
endloop
endfacet
facet normal 0.999998856950344 0.0006943504897087354 -0.0013431215145931455
outer loop
vertex -1.817840814590454 -71.55726623535156 -4.949999809265137
vertex -1.817840814590454 -73.0080337524414 -5.699999809265137
vertex -1.8188477754592896 -71.55781555175781 -5.699999809265137
endloop
endfacet
facet normal 0.19509028405922826 0 -0.9807852879533266
outer loop
vertex -0.3178407847881317 -70.52263641357422 -3.450000047683716
vertex -0.3178407847881317 -73.58113861083984 -3.450000047683716
vertex -0.712221086025238 -70.86871337890625 -3.528447151184082
endloop
endfacet
facet normal 0 0 -1
outer loop
vertex 1.4841421842575073 -72.2658920288086 -3.450000047683716
vertex -0.22155974805355072 -70.43814849853516 -3.450000047683716
vertex 2.11361026763916 -71.58840942382812 -3.450000047683716
endloop
endfacet
facet normal -0.9807853253427457 0 -0.1950900960897925
outer loop
vertex 13.067978858947754 -67.40419006347656 -4.375974655151367
vertex 13.182159423828125 -69.18281555175781 -4.949999809265137
vertex 13.067978858947754 -69.51423645019531 -4.375974655151367
endloop
endfacet
facet normal -0.8314695010489663 0 -0.5555703995223136
outer loop
vertex 13.067978858947754 -67.40419006347656 -4.375974655151367
vertex 13.067978858947754 -69.51423645019531 -4.375974655151367
vertex 12.742819786071777 -67.40420532226562 -3.8893399238586426
endloop
endfacet
facet normal -0.5555702292013726 2.2254454739961234e-8 -0.8314696148538046
outer loop
vertex 12.459452629089355 -69.90454864501953 -3.700000047683716
vertex 12.256184577941895 -67.40422821044922 -3.564180612564087
vertex 12.742819786071777 -69.79521179199219 -3.8893399238586426
endloop
endfacet
facet normal -0.5555704184514964 0 -0.831469488400885
outer loop
vertex 12.256184577941895 -67.40422821044922 -3.564180612564087
vertex 12.459452629089355 -69.90454864501953 -3.700000047683716
vertex 12.256184577941895 -69.90455627441406 -3.564180612564087
endloop
endfacet
facet normal -0.8314695010489662 0 -0.5555703995223135
outer loop
vertex 12.742819786071777 -67.40420532226562 -3.8893399238586426
vertex 13.067978858947754 -69.51423645019531 -4.375974655151367
vertex 12.742819786071777 -69.79521179199219 -3.8893399238586426
endloop
endfacet
facet normal -0.5555703047945764 0 -0.8314695643440364
outer loop
vertex 12.742819786071777 -69.79521179199219 -3.8893399238586426
vertex 12.256184577941895 -67.40422821044922 -3.564180612564087
vertex 12.742819786071777 -67.40420532226562 -3.8893399238586426
endloop
endfacet
facet normal -0.1950900960897925 0 -0.9807853253427458
outer loop
vertex 12.256184577941895 -67.40422821044922 -3.564180612564087
vertex 12.256184577941895 -69.90455627441406 -3.564180612564087
vertex 11.682159423828125 -67.40425872802734 -3.450000047683716
endloop
endfacet
facet normal 0 0 -1
outer loop
vertex 0.023832695558667183 -73.39646911621094 -3.450000047683716
vertex -0.22155974805355072 -70.43814849853516 -3.450000047683716
vertex 0.7847892642021179 -72.87096405029297 -3.450000047683716
endloop
endfacet
facet normal -0.1950900960897925 0 -0.9807853253427457
outer loop
vertex 12.256184577941895 -69.90455627441406 -3.564180612564087
vertex 11.682159423828125 -69.90459442138672 -3.450000047683716
vertex 11.682159423828125 -67.40425872802734 -3.450000047683716
endloop
endfacet
facet normal 0.5555703848467135 0 -0.8314695108548927
outer loop
vertex -1.3785009384155273 -73.95787048339844 -3.8893399238586426
vertex -1.3785009384155273 -71.31581115722656 -3.8893399238586426
vertex -1.095133900642395 -73.96052551269531 -3.700000047683716
endloop
endfacet
facet normal 0.9807852863698642 0 -0.19509029201983277
outer loop
vertex -1.7036601305007935 -73.78690338134766 -4.375974655151367
vertex -1.817840814590454 -71.55726623535156 -4.949999809265137
vertex -1.7036601305007935 -71.49451446533203 -4.375974655151367
endloop
endfacet
facet normal 0.8314694069599885 0 -0.5555705403363329
outer loop
vertex -1.7036601305007935 -71.49451446533203 -4.375974655151367
vertex -1.3785009384155273 -73.95787048339844 -3.8893399238586426
vertex -1.7036601305007935 -73.78690338134766 -4.375974655151367
endloop
endfacet
facet normal 0 0 -1
outer loop
vertex 0.7847892642021179 -72.87096405029297 -3.450000047683716
vertex -0.22155974805355072 -70.43814849853516 -3.450000047683716
vertex 1.4841421842575073 -72.2658920288086 -3.450000047683716
endloop
endfacet
facet normal 0 0 -1
outer loop
vertex 1.088928461074829 -68.5997543334961 -3.450000047683716
vertex 1.3474546670913696 -68.27146911621094 -3.450000047683716
vertex 3.291578531265259 -70.29048156738281 -3.450000047683716
endloop
endfacet
facet normal 0 0 -1
outer loop
vertex 11.682159423828125 -69.90459442138672 -3.450000047683716
vertex 3.1936018466949463 -67.40470886230469 -3.450000047683716
vertex 11.682159423828125 -67.40425872802734 -3.450000047683716
endloop
endfacet
facet normal 0 0 -1
outer loop
vertex 3.1936018466949463 -67.40470886230469 -3.450000047683716
vertex 11.682159423828125 -69.90459442138672 -3.450000047683716
vertex 4.490253925323486 -69.9050064086914 -3.450000047683716
endloop
endfacet
facet normal 0 0 -1
outer loop
vertex 4.07071590423584 -69.96473693847656 -3.450000047683716
vertex 3.1936018466949463 -67.40470886230469 -3.450000047683716
vertex 4.490253925323486 -69.9050064086914 -3.450000047683716
endloop
endfacet
facet normal 0 0 -1
outer loop
vertex 2.779219150543213 -67.45850372314453 -3.450000047683716
vertex 3.1936018466949463 -67.40470886230469 -3.450000047683716
vertex 4.07071590423584 -69.96473693847656 -3.450000047683716
endloop
endfacet
facet normal 0 0 -1
outer loop
vertex 0.023832695558667183 -73.39646911621094 -3.450000047683716
vertex -0.3178407847881317 -70.52263641357422 -3.450000047683716
vertex -0.22155974805355072 -70.43814849853516 -3.450000047683716
endloop
endfacet
facet normal -1 0 0
outer loop
vertex 13.182159423828125 -68.74980163574219 -5.699999809265137
vertex 13.182159423828125 -67.40418243408203 -4.949999809265137
vertex 13.182159423828125 -67.40418243408203 -5.699999809265137
endloop
endfacet
facet normal 0 0 -1
outer loop
vertex 2.779219150543213 -67.45850372314453 -3.450000047683716
vertex 3.6672933101654053 -70.09447479248047 -3.450000047683716
vertex 2.378100633621216 -67.57559967041016 -3.450000047683716
endloop
endfacet
facet normal 0 0 -1
outer loop
vertex 3.6672933101654053 -70.09447479248047 -3.450000047683716
vertex 1.999854326248169 -67.75318145751953 -3.450000047683716
vertex 2.378100633621216 -67.57559967041016 -3.450000047683716
endloop
endfacet
facet normal 0.19508971073330605 -8.665848770791201e-8 -0.9807854019947418
outer loop
vertex -0.3178407847881317 -73.58113861083984 -3.450000047683716
vertex -0.8918659687042236 -70.99463653564453 -3.564180612564087
vertex -0.712221086025238 -70.86871337890625 -3.528447151184082
endloop
endfacet
facet normal 0 0 -1
outer loop
vertex -0.3178407847881317 -73.58113861083984 -3.450000047683716
vertex -0.3178407847881317 -70.52263641357422 -3.450000047683716
vertex 0.023832695558667183 -73.39646911621094 -3.450000047683716
endloop
endfacet
facet normal 0.19509030103338368 4.9530824908383185e-8 -0.9807852845769565
outer loop
vertex -0.7897171974182129 -73.836181640625 -3.5438621044158936
vertex -0.8918659687042236 -70.99463653564453 -3.564180612564087
vertex -0.3178407847881317 -73.58113861083984 -3.450000047683716
endloop
endfacet
facet normal 0 0 -1
outer loop
vertex 2.11361026763916 -71.58840942382812 -3.450000047683716
vertex -0.22155974805355072 -70.43814849853516 -3.450000047683716
vertex 0.2194139063358307 -69.95681762695312 -3.450000047683716
endloop
endfacet
facet normal 0 0 -1
outer loop
vertex 3.6672933101654053 -70.09447479248047 -3.450000047683716
vertex 2.779219150543213 -67.45850372314453 -3.450000047683716
vertex 4.07071590423584 -69.96473693847656 -3.450000047683716
endloop
endfacet
facet normal 0 0 -1
outer loop
vertex 1.6535406112670898 -67.98700714111328 -3.450000047683716
vertex 3.6672933101654053 -70.09447479248047 -3.450000047683716
vertex 3.291578531265259 -70.29048156738281 -3.450000047683716
endloop
endfacet
facet normal 0 0 -1
outer loop
vertex 1.6535406112670898 -67.98700714111328 -3.450000047683716
vertex 1.999854326248169 -67.75318145751953 -3.450000047683716
vertex 3.6672933101654053 -70.09447479248047 -3.450000047683716
endloop
endfacet
facet normal 0 0 -1
outer loop
vertex 1.3474546670913696 -68.27146911621094 -3.450000047683716
vertex 1.6535406112670898 -67.98700714111328 -3.450000047683716
vertex 3.291578531265259 -70.29048156738281 -3.450000047683716
endloop
endfacet
facet normal 0 0 -1
outer loop
vertex 2.11361026763916 -71.58840942382812 -3.450000047683716
vertex 0.2194139063358307 -69.95681762695312 -3.450000047683716
vertex 2.6653459072113037 -70.85704040527344 -3.450000047683716
endloop
endfacet
facet normal 0 0 -1
outer loop
vertex 2.6653459072113037 -70.85704040527344 -3.450000047683716
vertex 0.6054784059524536 -69.43042755126953 -3.450000047683716
vertex 2.9543662071228027 -70.54712677001953 -3.450000047683716
endloop
endfacet
facet normal 0.5555706328858221 3.8441303544595665e-8 -0.8314693451203392
outer loop
vertex -0.8918659687042236 -73.87776947021484 -3.564180612564087
vertex -1.095133900642395 -73.96052551269531 -3.700000047683716
vertex -1.3785009384155273 -71.31581115722656 -3.8893399238586426
endloop
endfacet
facet normal 0 0 -1
outer loop
vertex 1.088928461074829 -68.5997543334961 -3.450000047683716
vertex 3.291578531265259 -70.29048156738281 -3.450000047683716
vertex 2.9543662071228027 -70.54712677001953 -3.450000047683716
endloop
endfacet
facet normal 0 0 -1
outer loop
vertex 0.6054784059524536 -69.43042755126953 -3.450000047683716
vertex 2.6653459072113037 -70.85704040527344 -3.450000047683716
vertex 0.2194139063358307 -69.95681762695312 -3.450000047683716
endloop
endfacet
facet normal -0.9807853253427457 0 -0.1950900960897925
outer loop
vertex 13.182159423828125 -67.40418243408203 -4.949999809265137
vertex 13.182159423828125 -69.18281555175781 -4.949999809265137
vertex 13.067978858947754 -67.40419006347656 -4.375974655151367
endloop
endfacet
facet normal 0.5555702505108993 0 -0.8314696006152341
outer loop
vertex -0.8918659687042236 -70.99463653564453 -3.564180612564087
vertex -0.8918659687042236 -73.87776947021484 -3.564180612564087
vertex -1.2467602491378784 -71.24341583251953 -3.8013134002685547
endloop
endfacet
facet normal 0.5555710844011468 1.6249545510610293e-7 -0.8314690434269381
outer loop
vertex -0.8918659687042236 -73.87776947021484 -3.564180612564087
vertex -1.3785009384155273 -71.31581115722656 -3.8893399238586426
vertex -1.2467602491378784 -71.24341583251953 -3.8013134002685547
endloop
endfacet
facet normal 0.8314694069599886 0 -0.555570540336333
outer loop
vertex -1.3785009384155273 -73.95787048339844 -3.8893399238586426
vertex -1.7036601305007935 -71.49451446533203 -4.375974655151367
vertex -1.3785009384155273 -71.31581115722656 -3.8893399238586426
endloop
endfacet
facet normal 0.19508897563930638 0 -0.9807855482132707
outer loop
vertex -0.8918659687042236 -73.87776947021484 -3.564180612564087
vertex -0.8918659687042236 -70.99463653564453 -3.564180612564087
vertex -0.7897171974182129 -73.836181640625 -3.5438621044158936
endloop
endfacet
facet normal 1 0 0
outer loop
vertex -1.817840814590454 -73.47555541992188 -4.949999809265137
vertex -1.817840814590454 -73.0080337524414 -5.699999809265137
vertex -1.817840814590454 -71.55726623535156 -4.949999809265137
endloop
endfacet
facet normal 0.9807852863698641 0 -0.19509029201983275
outer loop
vertex -1.7036601305007935 -73.78690338134766 -4.375974655151367
vertex -1.817840814590454 -73.47555541992188 -4.949999809265137
vertex -1.817840814590454 -71.55726623535156 -4.949999809265137
endloop
endfacet
facet normal 0 0 -1
outer loop
vertex 0.6054784059524536 -69.43042755126953 -3.450000047683716
vertex 1.088928461074829 -68.5997543334961 -3.450000047683716
vertex 2.9543662071228027 -70.54712677001953 -3.450000047683716
endloop
endfacet
facet normal -0.0001589457173932007 -0.9999999873677567 8.632778081024997e-7
outer loop
vertex 78.26854705810547 -44.74538040161133 6.300000190734863
vertex 75.26854705810547 -44.744903564453125 6.300000190734863
vertex 77.5671157836914 -44.745269775390625 5.300000190734863
endloop
endfacet
facet normal 0.00015764467780497862 0.9999999875740777 0
outer loop
vertex 78.2655258178711 -63.74538040161133 -1
vertex 77.56378173828125 -63.745269775390625 8.270318735674898e-15
vertex 77.56378173828125 -63.745269775390625 5.300000190734863
endloop
endfacet
facet normal -0.99999998735749 0.00015901264190415474 0
outer loop
vertex 78.2655258178711 -63.74538040161133 -1
vertex 78.2655258178711 -63.74538040161133 6.300000190734863
vertex 78.26854705810547 -44.74538040161133 -1
endloop
endfacet
facet normal 0 0 1
outer loop
vertex 77.5671157836914 -44.745269775390625 -1
vertex 78.2655258178711 -63.74538040161133 -1
vertex 78.26854705810547 -44.74538040161133 -1
endloop
endfacet
facet normal 0 0 1
outer loop
vertex 77.5671157836914 -44.745269775390625 -1
vertex 77.56378173828125 -63.745269775390625 -1
vertex 78.2655258178711 -63.74538040161133 -1
endloop
endfacet
facet normal 0.0001576446778049786 0.9999999875740777 0
outer loop
vertex 77.56378173828125 -63.745269775390625 -1
vertex 77.56378173828125 -63.745269775390625 8.270318735674898e-15
vertex 78.2655258178711 -63.74538040161133 -1
endloop
endfacet
facet normal 0.00015764467780497862 0.9999999875740778 0
outer loop
vertex 78.2655258178711 -63.74538040161133 6.300000190734863
vertex 78.2655258178711 -63.74538040161133 -1
vertex 77.56378173828125 -63.745269775390625 5.300000190734863
endloop
endfacet
facet normal 0.00015934297377347907 0.9999999873041981 -0.0000011917691711422514
outer loop
vertex 78.2655258178711 -63.74538040161133 6.300000190734863
vertex 77.56378173828125 -63.745269775390625 5.300000190734863
vertex 75.2655258178711 -63.744903564453125 5.300000190734863
endloop
endfacet
facet normal -0.00015771497987408244 -0.9999999875629926 0
outer loop
vertex 77.5671157836914 -44.745269775390625 0
vertex 77.5671157836914 -44.745269775390625 -1
vertex 78.26854705810547 -44.74538040161133 -1
endloop
endfacet
facet normal 0 0 -1
outer loop
vertex 78.26854705810547 -44.74538040161133 6.300000190734863
vertex 75.2655258178711 -63.744903564453125 6.300000190734863
vertex 75.26854705810547 -44.744903564453125 6.300000190734863
endloop
endfacet
facet normal 0.9999999873574897 -0.0001590126419041547 0
outer loop
vertex 75.26854705810547 -44.744903564453125 5.300000190734863
vertex 75.26854705810547 -44.744903564453125 6.300000190734863
vertex 75.2655258178711 -63.744903564453125 6.300000190734863
endloop
endfacet
facet normal -0.00015771497987408244 -0.9999999875629925 0
outer loop
vertex 77.5671157836914 -44.745269775390625 5.300000190734863
vertex 77.5671157836914 -44.745269775390625 0
vertex 78.26854705810547 -44.74538040161133 6.300000190734863
endloop
endfacet
facet normal -0.99999998735749 0.00015901264190415474 0
outer loop
vertex 78.26854705810547 -44.74538040161133 6.300000190734863
vertex 78.26854705810547 -44.74538040161133 -1
vertex 78.2655258178711 -63.74538040161133 6.300000190734863
endloop
endfacet
facet normal 0 0 -1
outer loop
vertex 78.2655258178711 -63.74538040161133 6.300000190734863
vertex 75.2655258178711 -63.744903564453125 6.300000190734863
vertex 78.26854705810547 -44.74538040161133 6.300000190734863
endloop
endfacet
facet normal 0.9999999873574897 -0.0001590126419041547 0
outer loop
vertex 75.2655258178711 -63.744903564453125 6.300000190734863
vertex 75.2655258178711 -63.744903564453125 5.300000190734863
vertex 75.26854705810547 -44.744903564453125 5.300000190734863
endloop
endfacet
facet normal -0.00015771497987408244 -0.9999999875629926 0
outer loop
vertex 77.5671157836914 -44.745269775390625 0
vertex 78.26854705810547 -44.74538040161133 -1
vertex 78.26854705810547 -44.74538040161133 6.300000190734863
endloop
endfacet
facet normal 0.00015894571739325989 0.9999999873681293 0
outer loop
vertex 78.2655258178711 -63.74538040161133 6.300000190734863
vertex 75.2655258178711 -63.744903564453125 5.300000190734863
vertex 75.2655258178711 -63.744903564453125 6.300000190734863
endloop
endfacet
facet normal -0.00015932128927701803 -0.9999999873083634 0
outer loop
vertex 75.26854705810547 -44.744903564453125 6.300000190734863
vertex 75.26854705810547 -44.744903564453125 5.300000190734863
vertex 77.5671157836914 -44.745269775390625 5.300000190734863
endloop
endfacet
facet normal -0.0001580381451653798 -0.9999999875119722 0
outer loop
vertex 77.58216094970703 40.96403503417969 0
vertex 78.28215789794922 40.963924407958984 -1
vertex 78.28215789794922 40.963924407958984 6.300000190734863
endloop
endfacet
facet normal 0.9999999874212603 -0.00015861109483875386 0
outer loop
vertex 75.28215789794922 40.96440124511719 5.300000190734863
vertex 75.28215789794922 40.96440124511719 6.300000190734863
vertex 75.27914428710938 21.964401245117188 6.300000190734863
endloop
endfacet
facet normal -0.00024224974819676143 -0.9999999706137543 0.000009356804002105862
outer loop
vertex 77.58216094970703 40.96408462524414 5.300000190734863
vertex 77.58216094970703 40.96403503417969 0
vertex 78.28215789794922 40.963924407958984 6.300000190734863
endloop
endfacet
facet normal -0.9999999874212578 0.0001586111107612106 0
outer loop
vertex 78.28215789794922 40.963924407958984 6.300000190734863
vertex 78.28215789794922 40.963924407958984 -1
vertex 78.27914428710938 21.963926315307617 6.300000190734863
endloop
endfacet
facet normal 0.9999999874212603 -0.00015861109483875386 0
outer loop
vertex 75.27914428710938 21.964401245117188 6.300000190734863
vertex 75.27914428710938 21.964401245117188 5.300000190734863
vertex 75.28215789794922 40.96440124511719 5.300000190734863
endloop
endfacet
facet normal 0.0001583099345396529 0.9999999874689823 0
outer loop
vertex 78.27914428710938 21.963926315307617 6.300000190734863
vertex 75.27914428710938 21.964401245117188 5.300000190734863
vertex 75.27914428710938 21.964401245117188 6.300000190734863
endloop
endfacet
facet normal -0.0001376606304086636 -0.9999999905247754 0
outer loop
vertex 75.28215789794922 40.96440124511719 6.300000190734863
vertex 75.28215789794922 40.96440124511719 5.300000190734863
vertex 77.58216094970703 40.96408462524414 5.300000190734863
endloop
endfacet
facet normal 0.0001579658338318074 0.9999999875233976 0
outer loop
vertex 77.57882690429688 21.96403694152832 -1
vertex 77.57882690429688 21.96403694152832 0
vertex 78.27914428710938 21.963926315307617 -1
endloop
endfacet
facet normal 0 0 1
outer loop
vertex 77.57882690429688 21.96403694152832 -1
vertex 78.27914428710938 21.963926315307617 -1
vertex 77.58216094970703 40.96403503417969 -1
endloop
endfacet
facet normal -0.0001580381451653798 -0.9999999875119722 0
outer loop
vertex 78.28215789794922 40.963924407958984 -1
vertex 77.58216094970703 40.96403503417969 0
vertex 77.58216094970703 40.96403503417969 -1
endloop
endfacet
facet normal 0.00015841472278534276 0.9999999874523384 -3.143647449743392e-7
outer loop
vertex 78.27914428710938 21.963926315307617 6.300000190734863
vertex 77.57882690429688 21.96403694152832 5.300000190734863
vertex 75.27914428710938 21.964401245117188 5.300000190734863
endloop
endfacet
facet normal 0.0001579658338318074 0.9999999875233976 0
outer loop
vertex 78.27914428710938 21.963926315307617 -1
vertex 77.57882690429688 21.96403694152832 0
vertex 77.57882690429688 21.96403694152832 5.300000190734863
endloop
endfacet
facet normal -0.9999999874212578 0.0001586111107612106 0
outer loop
vertex 78.27914428710938 21.963926315307617 -1
vertex 78.27914428710938 21.963926315307617 6.300000190734863
vertex 78.28215789794922 40.963924407958984 -1
endloop
endfacet
facet normal 0.0001579658338318074 0.9999999875233976 0
outer loop
vertex 78.27914428710938 21.963926315307617 6.300000190734863
vertex 78.27914428710938 21.963926315307617 -1
vertex 77.57882690429688 21.96403694152832 5.300000190734863
endloop
endfacet
facet normal -0.0001589457172027899 -0.9999999861697958 -0.00004895576596229353
outer loop
vertex 75.28215789794922 40.96440124511719 6.300000190734863
vertex 77.58216094970703 40.96408462524414 5.300000190734863
vertex 78.28215789794922 40.963924407958984 6.300000190734863
endloop
endfacet
facet normal 0 0 -1
outer loop
vertex 78.28215789794922 40.963924407958984 6.300000190734863
vertex 75.27914428710938 21.964401245117188 6.300000190734863
vertex 75.28215789794922 40.96440124511719 6.300000190734863
endloop
endfacet
facet normal 0 0 1
outer loop
vertex 77.58216094970703 40.96403503417969 -1
vertex 78.27914428710938 21.963926315307617 -1
vertex 78.28215789794922 40.963924407958984 -1
endloop
endfacet
facet normal 0 0 -1
outer loop
vertex 78.27914428710938 21.963926315307617 6.300000190734863
vertex 75.27914428710938 21.964401245117188 6.300000190734863
vertex 78.28215789794922 40.963924407958984 6.300000190734863
endloop
endfacet
facet normal 0.8657200333001414 -0.5005285445834253 0
outer loop
vertex -77.12908935546875 48.284202575683594 6.300000190734863
vertex -77.12908935546875 48.284202575683594 -1
vertex -67.61904907226562 64.73287963867188 6.300000190734863
endloop
endfacet
facet normal 0.5005309964138406 0.865718615734332 0
outer loop
vertex -74.53193664550781 46.782615661621094 5.300000190734863
vertex -76.5230712890625 47.9338264465332 5.300000190734863
vertex -74.53193664550781 46.782615661621094 6.300000190734863
endloop
endfacet
facet normal -0.47121824704562837 -0.8820166459037182 0
outer loop
vertex -67.61904907226562 64.73287963867188 6.300000190734863
vertex -67.61904907226562 64.73287963867188 -1
vertex -67.00047302246094 64.40240478515625 5.300000190734863
endloop
endfacet
facet normal -0.5005278768468335 -0.8657204193613554 0
outer loop
vertex -65.02188873291016 63.23129653930664 6.300000190734863
vertex -67.61904907226562 64.73287963867188 6.300000190734863
vertex -65.02188873291016 63.23129653930664 5.300000190734863
endloop
endfacet
facet normal 0 0 -1
outer loop
vertex -65.02188873291016 63.23129653930664 6.300000190734863
vertex -77.12908935546875 48.284202575683594 6.300000190734863
vertex -67.61904907226562 64.73287963867188 6.300000190734863
endloop
endfacet
facet normal 0 0 1
outer loop
vertex -67.61904907226562 64.73287963867188 -1
vertex -76.5230712890625 47.9338264465332 -1
vertex -67.01224517822266 64.38204956054688 -1
endloop
endfacet
facet normal -0.5005260212223331 -0.8657214922129058 0
outer loop
vertex -67.61904907226562 64.73287963867188 -1
vertex -67.01224517822266 64.38204956054688 -1
vertex -67.01224517822266 64.38204956054688 0
endloop
endfacet
facet normal 0 0 1
outer loop
vertex -77.12908935546875 48.284202575683594 -1
vertex -76.5230712890625 47.9338264465332 -1
vertex -67.61904907226562 64.73287963867188 -1
endloop
endfacet
facet normal -0.8657199096022808 0.5005287585326327 0
outer loop
vertex -65.02188873291016 63.23129653930664 5.300000190734863
vertex -74.53193664550781 46.782615661621094 5.300000190734863
vertex -65.02188873291016 63.23129653930664 6.300000190734863
endloop
endfacet
facet normal 0.5005264340346707 0.8657212535409631 0
outer loop
vertex -76.5230712890625 47.9338264465332 0
vertex -77.12908935546875 48.284202575683594 -1
vertex -77.12908935546875 48.284202575683594 6.300000190734863
endloop
endfacet
facet normal 0 0 -1
outer loop
vertex -74.53193664550781 46.782615661621094 6.300000190734863
vertex -77.12908935546875 48.284202575683594 6.300000190734863
vertex -65.02188873291016 63.23129653930664 6.300000190734863
endloop
endfacet
facet normal 0.5005264340346707 0.8657212535409632 0
outer loop
vertex -76.5230712890625 47.9338264465332 5.300000190734863
vertex -76.5230712890625 47.9338264465332 0
vertex -77.12908935546875 48.284202575683594 6.300000190734863
endloop
endfacet
facet normal -0.5091165225815992 -0.8601510207964468 -0.03066900482980353
outer loop
vertex -67.61904907226562 64.73287963867188 6.300000190734863
vertex -67.00047302246094 64.40240478515625 5.300000190734863
vertex -65.02188873291016 63.23129653930664 5.300000190734863
endloop
endfacet
facet normal 0.5005264340346707 0.8657212535409631 0
outer loop
vertex -76.5230712890625 47.9338264465332 -1
vertex -77.12908935546875 48.284202575683594 -1
vertex -76.5230712890625 47.9338264465332 0
endloop
endfacet
facet normal 0.5005299318327309 0.8657192312358104 0.0000028282962685154413
outer loop
vertex -74.53193664550781 46.782615661621094 6.300000190734863
vertex -76.5230712890625 47.9338264465332 5.300000190734863
vertex -77.12908935546875 48.284202575683594 6.300000190734863
endloop
endfacet
facet normal 0.8657200333001414 -0.5005285445834253 0
outer loop
vertex -77.12908935546875 48.284202575683594 -1
vertex -67.61904907226562 64.73287963867188 -1
vertex -67.61904907226562 64.73287963867188 6.300000190734863
endloop
endfacet
facet normal -0.5059906860980813 -0.8625275316740806 0.004436517351608064
outer loop
vertex -67.61904907226562 64.73287963867188 -1
vertex -67.01224517822266 64.38204956054688 0
vertex -67.00047302246094 64.40240478515625 5.300000190734863
endloop
endfacet
facet normal -0.8657199096022808 0.5005287585326327 0
outer loop
vertex -74.53193664550781 46.782615661621094 5.300000190734863
vertex -74.53193664550781 46.782615661621094 6.300000190734863
vertex -65.02188873291016 63.23129653930664 6.300000190734863
endloop
endfacet
facet normal 0 0 -1
outer loop
vertex -65.11784362792969 -66.1334457397461 6.300000190734863
vertex -68.11784362792969 -66.1335678100586 6.300000190734863
vertex -65.11859893798828 -47.133445739746094 6.300000190734863
endloop
endfacet
facet normal -0.000043596255040258234 0.9999999990496833 0
outer loop
vertex -67.41783905029297 -66.13353729248047 0
vertex -68.11784362792969 -66.1335678100586 -1
vertex -68.11784362792969 -66.1335678100586 6.300000190734863
endloop
endfacet
facet normal 0 0 1
outer loop
vertex -68.11784362792969 -66.1335678100586 -1
vertex -67.41783905029297 -66.1335220336914 -1
vertex -68.11859893798828 -47.13356399536133 -1
endloop
endfacet
facet normal 0 0 1
outer loop
vertex -68.11859893798828 -47.13356399536133 -1
vertex -67.41783905029297 -66.1335220336914 -1
vertex -67.41854095458984 -47.13353729248047 -1
endloop
endfacet
facet normal 0.000038143813045770795 -0.9999999992725247 0
outer loop
vertex -68.11859893798828 -47.13356399536133 -1
vertex -67.41854095458984 -47.13353729248047 0
vertex -67.41854095458984 -47.13353729248047 5.300000190734863
endloop
endfacet
facet normal -0.00004359625504025823 0.9999999990496833 0
outer loop
vertex -67.41783905029297 -66.13353729248047 0
vertex -68.11784362792969 -66.1335678100586 6.300000190734863
vertex -67.41783905029297 -66.13353729248047 5.300000190734863
endloop
endfacet
facet normal -0.00006539438247509273 0.9999999977453721 0.000015258789028097108
outer loop
vertex -67.41783905029297 -66.13353729248047 0
vertex -67.41783905029297 -66.1335220336914 -1
vertex -68.11784362792969 -66.1335678100586 -1
endloop
endfacet
facet normal 0.9999999992098435 0.00003975315296582594 0
outer loop
vertex -68.11784362792969 -66.1335678100586 -1
vertex -68.11859893798828 -47.13356399536133 -1
vertex -68.11859893798828 -47.13356399536133 6.300000190734863
endloop
endfacet
facet normal 0.9999999992098435 0.00003975315296582594 0
outer loop
vertex -68.11784362792969 -66.1335678100586 6.300000190734863
vertex -68.11784362792969 -66.1335678100586 -1
vertex -68.11859893798828 -47.13356399536133 6.300000190734863
endloop
endfacet
facet normal -0.00003980561587744208 0.9999999992077564 0
outer loop
vertex -65.11784362792969 -66.1334457397461 5.300000190734863
vertex -67.41783905029297 -66.13353729248047 5.300000190734863
vertex -65.11784362792969 -66.1334457397461 6.300000190734863
endloop
endfacet
facet normal -0.00004069010413289748 0.9999999991700884 0.0000020343189421301056
outer loop
vertex -65.11784362792969 -66.1334457397461 6.300000190734863
vertex -67.41783905029297 -66.13353729248047 5.300000190734863
vertex -68.11784362792969 -66.1335678100586 6.300000190734863
endloop
endfacet
facet normal -0.9999999992098431 -0.000039753160947207185 0
outer loop
vertex -65.11784362792969 -66.1334457397461 5.300000190734863
vertex -65.11784362792969 -66.1334457397461 6.300000190734863
vertex -65.11859893798828 -47.133445739746094 6.300000190734863
endloop
endfacet
facet normal 0.000038143813045770795 -0.9999999992725248 0
outer loop
vertex -68.11859893798828 -47.13356399536133 -1
vertex -67.41854095458984 -47.13353729248047 -1
vertex -67.41854095458984 -47.13353729248047 0
endloop
endfacet
facet normal 0.00003941853838081796 -0.9999999992226912 8.923816487707128e-7
outer loop
vertex -68.11859893798828 -47.13356399536133 6.300000190734863
vertex -67.41854095458984 -47.13353729248047 5.300000190734863
vertex -65.11859893798828 -47.133445739746094 6.300000190734863
endloop
endfacet
facet normal 0.00003980654018301931 -0.9999999992077196 0
outer loop
vertex -67.41854095458984 -47.13353729248047 5.300000190734863
vertex -65.11859893798828 -47.133445739746094 5.300000190734863
vertex -65.11859893798828 -47.133445739746094 6.300000190734863
endloop
endfacet
facet normal 0 0 -1
outer loop
vertex -65.11859893798828 -47.133445739746094 6.300000190734863
vertex -68.11784362792969 -66.1335678100586 6.300000190734863
vertex -68.11859893798828 -47.13356399536133 6.300000190734863
endloop
endfacet
facet normal -0.9999999992098431 -0.000039753160947207185 0
outer loop
vertex -65.11784362792969 -66.1334457397461 5.300000190734863
vertex -65.11859893798828 -47.133445739746094 6.300000190734863
vertex -65.11859893798828 -47.133445739746094 5.300000190734863
endloop
endfacet
facet normal 0.000038143813045770795 -0.9999999992725248 0
outer loop
vertex -68.11859893798828 -47.13356399536133 6.300000190734863
vertex -68.11859893798828 -47.13356399536133 -1
vertex -67.41854095458984 -47.13353729248047 5.300000190734863
endloop
endfacet
facet normal 0.00015931864522987252 0.9999999873081602 -0.0000011175680336328108
outer loop
vertex 78.26892852783203 -42.31805419921875 6.300000190734863
vertex 77.56754302978516 -42.31794357299805 5.300000190734863
vertex 75.26893615722656 -42.31757736206055 5.300000190734863
endloop
endfacet
facet normal 0 0 -1
outer loop
vertex 78.2719497680664 -23.31805419921875 6.300000190734863
vertex 75.26893615722656 -42.31757736206055 6.300000190734863
vertex 75.2719497680664 -23.317577362060547 6.300000190734863
endloop
endfacet
facet normal 0 0 -1
outer loop
vertex 78.26892852783203 -42.31805419921875 6.300000190734863
vertex 75.26893615722656 -42.31757736206055 6.300000190734863
vertex 78.2719497680664 -23.31805419921875 6.300000190734863
endloop
endfacet
facet normal 0.9999999874212603 -0.00015861109483875386 0
outer loop
vertex 75.2719497680664 -23.317577362060547 5.300000190734863
vertex 75.2719497680664 -23.317577362060547 6.300000190734863
vertex 75.26893615722656 -42.31757736206055 6.300000190734863
endloop
endfacet
facet normal 0.9999999874212603 -0.00015861109483875386 0
outer loop
vertex 75.26893615722656 -42.31757736206055 6.300000190734863
vertex 75.26893615722656 -42.31757736206055 5.300000190734863
vertex 75.2719497680664 -23.317577362060547 5.300000190734863
endloop
endfacet
facet normal 0 0 1
outer loop
vertex 77.57087707519531 -23.317941665649414 -1
vertex 78.26892852783203 -42.31805419921875 -1
vertex 78.2719497680664 -23.31805419921875 -1
endloop
endfacet
facet normal 0 0 1
outer loop
vertex 77.57087707519531 -23.317941665649414 -1
vertex 77.56754302978516 -42.31794357299805 -1
vertex 78.26892852783203 -42.31805419921875 -1
endloop
endfacet
facet normal -0.00015846676976838213 -0.9999999874441413 0
outer loop
vertex 75.2719497680664 -23.317577362060547 6.300000190734863
vertex 75.2719497680664 -23.317577362060547 5.300000190734863
vertex 77.57087707519531 -23.317941665649414 5.300000190734863
endloop
endfacet
facet normal -0.00015894571739316358 -0.9999999873675233 -0.00000110106580120678
outer loop
vertex 78.2719497680664 -23.31805419921875 6.300000190734863
vertex 75.2719497680664 -23.317577362060547 6.300000190734863
vertex 77.57087707519531 -23.317941665649414 5.300000190734863
endloop
endfacet
facet normal -0.00016051626176643693 -0.9999999871172648 0
outer loop
vertex 77.57087707519531 -23.317941665649414 5.300000190734863
vertex 77.57087707519531 -23.317941665649414 0
vertex 78.2719497680664 -23.31805419921875 6.300000190734863
endloop
endfacet
facet normal -0.99999998735749 0.00015901264190415474 0
outer loop
vertex 78.2719497680664 -23.31805419921875 6.300000190734863
vertex 78.2719497680664 -23.31805419921875 -1
vertex 78.26892852783203 -42.31805419921875 6.300000190734863
endloop
endfacet
facet normal -0.00016051626176643693 -0.9999999871172647 0
outer loop
vertex 77.57087707519531 -23.317941665649414 0
vertex 77.57087707519531 -23.317941665649414 -1
vertex 78.2719497680664 -23.31805419921875 -1
endloop
endfacet
facet normal 0.0001577252732415247 0.999999987561369 0
outer loop
vertex 77.56754302978516 -42.31794357299805 -1
vertex 77.56754302978516 -42.31794357299805 4.327653110815146e-15
vertex 78.26892852783203 -42.31805419921875 -1
endloop
endfacet
facet normal 0.00015772527324152473 0.999999987561369 0
outer loop
vertex 78.26892852783203 -42.31805419921875 -1
vertex 77.56754302978516 -42.31794357299805 4.327653110815146e-15
vertex 77.56754302978516 -42.31794357299805 5.300000190734863
endloop
endfacet
facet normal -0.99999998735749 0.00015901264190415474 0
outer loop
vertex 78.2719497680664 -23.31805419921875 -1
vertex 78.26892852783203 -42.31805419921875 -1
vertex 78.26892852783203 -42.31805419921875 6.300000190734863
endloop
endfacet
facet normal 0.00015772527324152473 0.999999987561369 0
outer loop
vertex 78.26892852783203 -42.31805419921875 6.300000190734863
vertex 78.26892852783203 -42.31805419921875 -1
vertex 77.56754302978516 -42.31794357299805 5.300000190734863
endloop
endfacet
facet normal 0.00015894612161414002 0.9999999873680651 0
outer loop
vertex 78.26892852783203 -42.31805419921875 6.300000190734863
vertex 75.26893615722656 -42.31757736206055 5.300000190734863
vertex 75.26893615722656 -42.31757736206055 6.300000190734863
endloop
endfacet
facet normal -0.00016051626176643693 -0.9999999871172647 0
outer loop
vertex 77.57087707519531 -23.317941665649414 0
vertex 78.2719497680664 -23.31805419921875 -1
vertex 78.2719497680664 -23.31805419921875 6.300000190734863
endloop
endfacet
facet normal 0 0 -1
outer loop
vertex 78.2723388671875 -20.89072608947754 6.300000190734863
vertex 75.2723388671875 -20.89025115966797 6.300000190734863
vertex 78.27535247802734 -1.890727162361145 6.300000190734863
endloop
endfacet
facet normal 0 0 1
outer loop
vertex 77.57130432128906 -20.890615463256836 -1
vertex 78.2723388671875 -20.89072608947754 -1
vertex 77.57463836669922 -1.8906158208847046 -1
endloop
endfacet
facet normal 0.0001578042337185123 0.9999999875489118 0
outer loop
vertex 78.2723388671875 -20.89072608947754 6.300000190734863
vertex 78.2723388671875 -20.89072608947754 -1
vertex 77.57130432128906 -20.890615463256836 5.300000190734863
endloop
endfacet
facet normal 0.0001584641403128548 0.9999999874444511 -4.6261733125637935e-7
outer loop
vertex 78.2723388671875 -20.89072608947754 6.300000190734863
vertex 77.57130432128906 -20.890615463256836 5.300000190734863
vertex 75.2723388671875 -20.89025115966797 5.300000190734863
endloop
endfacet
facet normal 0.999999987421261 -0.0001586110908581402 0
outer loop
vertex 75.2723388671875 -20.89025115966797 6.300000190734863
vertex 75.2723388671875 -20.89025115966797 5.300000190734863
vertex 75.27535247802734 -1.8902506828308105 5.300000190734863
endloop
endfacet
facet normal 0.0001583099345396529 0.9999999874689823 0
outer loop
vertex 78.2723388671875 -20.89072608947754 6.300000190734863
vertex 75.2723388671875 -20.89025115966797 5.300000190734863
vertex 75.2723388671875 -20.89025115966797 6.300000190734863
endloop
endfacet
facet normal 0.999999987421261 -0.0001586110908581402 0
outer loop
vertex 75.27535247802734 -1.8902506828308105 5.300000190734863
vertex 75.27535247802734 -1.8902506828308105 6.300000190734863
vertex 75.2723388671875 -20.89025115966797 6.300000190734863
endloop
endfacet
facet normal -0.9999999874212587 0.00015861110379513537 0
outer loop
vertex 78.27535247802734 -1.890727162361145 -1
vertex 78.2723388671875 -20.89072608947754 -1
vertex 78.2723388671875 -20.89072608947754 6.300000190734863
endloop
endfacet
facet normal 0 0 1
outer loop
vertex 77.57463836669922 -1.8906158208847046 -1
vertex 78.2723388671875 -20.89072608947754 -1
vertex 78.27535247802734 -1.890727162361145 -1
endloop
endfacet
facet normal -0.00015889714968605765 -0.9999999873758478 0
outer loop
vertex 77.57463836669922 -1.8906158208847046 5.300000190734863
vertex 77.57463836669922 -1.8906158208847046 0
vertex 78.27535247802734 -1.890727162361145 6.300000190734863
endloop
endfacet
facet normal -0.00015889714968605768 -0.9999999873758479 0
outer loop
vertex 77.57463836669922 -1.8906158208847046 0
vertex 78.27535247802734 -1.890727162361145 -1
vertex 78.27535247802734 -1.890727162361145 6.300000190734863
endloop
endfacet
facet normal -0.9999999874212587 0.00015861110379513537 0
outer loop
vertex 78.27535247802734 -1.890727162361145 -1
vertex 78.2723388671875 -20.89072608947754 6.300000190734863
vertex 78.27535247802734 -1.890727162361145 6.300000190734863
endloop
endfacet
facet normal -0.0001588049798804026 -0.9999999873904891 0
outer loop
vertex 75.27535247802734 -1.8902506828308105 6.300000190734863
vertex 75.27535247802734 -1.8902506828308105 5.300000190734863
vertex 77.57463836669922 -1.8906158208847046 5.300000190734863
endloop
endfacet
facet normal -0.00015882650810822304 -0.9999999873870689 -4.9499551684557766e-8
outer loop
vertex 78.27535247802734 -1.890727162361145 6.300000190734863
vertex 75.27535247802734 -1.8902506828308105 6.300000190734863
vertex 77.57463836669922 -1.8906158208847046 5.300000190734863
endloop
endfacet
facet normal 0.0001578042337185123 0.9999999875489118 0
outer loop
vertex 77.57130432128906 -20.890615463256836 -1
vertex 77.57130432128906 -20.890615463256836 3.8963317050350803e-16
vertex 78.2723388671875 -20.89072608947754 -1
endloop
endfacet
facet normal -0.00015889714968605765 -0.9999999873758478 0
outer loop
vertex 77.57463836669922 -1.8906158208847046 0
vertex 77.57463836669922 -1.8906158208847046 -1
vertex 78.27535247802734 -1.890727162361145 -1
endloop
endfacet
facet normal 0.0001578042337185123 0.9999999875489118 0
outer loop
vertex 78.2723388671875 -20.89072608947754 -1
vertex 77.57130432128906 -20.890615463256836 3.8963317050350803e-16
vertex 77.57130432128906 -20.890615463256836 5.300000190734863
endloop
endfacet
facet normal 0 0 -1
outer loop
vertex 78.27535247802734 -1.890727162361145 6.300000190734863
vertex 75.2723388671875 -20.89025115966797 6.300000190734863
vertex 75.27535247802734 -1.8902506828308105 6.300000190734863
endloop
endfacet
facet normal 0.00015882073319659372 0.9999999873879872 0
outer loop
vertex 77.57506561279297 0.5367107391357422 -1
vertex 77.57506561279297 0.5367107391357422 0
vertex 78.27574157714844 0.5365994572639465 -1
endloop
endfacet
facet normal -0.00015841735060109563 -0.9999999874519715 0
outer loop
vertex 75.27875518798828 19.53707504272461 6.300000190734863
vertex 75.27875518798828 19.53707504272461 5.300000190734863
vertex 77.57839965820312 19.536710739135742 5.300000190734863
endloop
endfacet
facet normal -0.00015795722974725724 -0.9999999875247567 0
outer loop
vertex 77.57839965820312 19.536710739135742 0
vertex 78.27875518798828 19.53660011291504 6.300000190734863
vertex 77.57839965820312 19.536710739135742 5.300000190734863
endloop
endfacet
facet normal 0 0 -1
outer loop
vertex 78.27875518798828 19.53660011291504 6.300000190734863
vertex 75.27574157714844 0.5370758771896362 6.300000190734863
vertex 75.27875518798828 19.53707504272461 6.300000190734863
endloop
endfacet
facet normal 0 0 -1
outer loop
vertex 78.27875518798828 19.53660011291504 6.300000190734863
vertex 78.27574157714844 0.5365994572639465 6.300000190734863
vertex 75.27574157714844 0.5370758771896362 6.300000190734863
endloop
endfacet
facet normal 0.9999999874212592 -0.00015861110180482828 0
outer loop
vertex 75.27875518798828 19.53707504272461 5.300000190734863
vertex 75.27875518798828 19.53707504272461 6.300000190734863
vertex 75.27574157714844 0.5370758771896362 6.300000190734863
endloop
endfacet
facet normal 0.9999999874212592 -0.00015861110180482828 0
outer loop
vertex 75.27574157714844 0.5370758771896362 6.300000190734863
vertex 75.27574157714844 0.5370758771896362 5.300000190734863
vertex 75.27875518798828 19.53707504272461 5.300000190734863
endloop
endfacet
facet normal 0.0001588066398940498 0.9999999873902254 0
outer loop
vertex 78.27574157714844 0.5365994572639465 6.300000190734863
vertex 75.27574157714844 0.5370758771896362 5.300000190734863
vertex 75.27574157714844 0.5370758771896362 6.300000190734863
endloop
endfacet
facet normal 0.00015880234522387812 0.9999999873909075 1.288401084001903e-8
outer loop
vertex 78.27574157714844 0.5365994572639465 6.300000190734863
vertex 77.57506561279297 0.5367107391357422 5.300000190734863
vertex 75.27574157714844 0.5370758771896362 5.300000190734863
endloop
endfacet
facet normal 0 0 1
outer loop
vertex 77.57839965820312 19.536710739135742 -1
vertex 77.57506561279297 0.5367107391357422 -1
vertex 78.27574157714844 0.5365994572639465 -1
endloop
endfacet
facet normal 0 0 1
outer loop
vertex 77.57839965820312 19.536710739135742 -1
vertex 78.27574157714844 0.5365994572639465 -1
vertex 78.27875518798828 19.53660011291504 -1
endloop
endfacet
facet normal -0.9999999874212612 0.0001586110893654101 0
outer loop
vertex 78.27875518798828 19.53660011291504 6.300000190734863
vertex 78.27875518798828 19.53660011291504 -1
vertex 78.27574157714844 0.5365994572639465 6.300000190734863
endloop
endfacet
facet normal 0.00015882073319659372 0.9999999873879871 0
outer loop
vertex 78.27574157714844 0.5365994572639465 6.300000190734863
vertex 78.27574157714844 0.5365994572639465 -1
vertex 77.57506561279297 0.5367107391357422 5.300000190734863
endloop
endfacet
facet normal 0.00015882073319659372 0.9999999873879872 0
outer loop
vertex 78.27574157714844 0.5365994572639465 -1
vertex 77.57506561279297 0.5367107391357422 0
vertex 77.57506561279297 0.5367107391357422 5.300000190734863
endloop
endfacet
facet normal -0.9999999874212612 0.0001586110893654101 0
outer loop
vertex 78.27875518798828 19.53660011291504 -1
vertex 78.27574157714844 0.5365994572639465 -1
vertex 78.27574157714844 0.5365994572639465 6.300000190734863
endloop
endfacet
facet normal -0.00015795722974725724 -0.9999999875247567 0
outer loop
vertex 78.27875518798828 19.53660011291504 -1
vertex 77.57839965820312 19.536710739135742 0
vertex 77.57839965820312 19.536710739135742 -1
endloop
endfacet
facet normal -0.00015795722974725726 -0.9999999875247568 0
outer loop
vertex 77.57839965820312 19.536710739135742 0
vertex 78.27875518798828 19.53660011291504 -1
vertex 78.27875518798828 19.53660011291504 6.300000190734863
endloop
endfacet
facet normal -0.00015830993453964807 -0.9999999874689518 2.4701875790612333e-7
outer loop
vertex 78.27875518798828 19.53660011291504 6.300000190734863
vertex 75.27875518798828 19.53707504272461 6.300000190734863
vertex 77.57839965820312 19.536710739135742 5.300000190734863
endloop
endfacet
facet normal 0 0 1
outer loop
vertex -68.12107849121094 14.928489685058594 -1
vertex -67.42083740234375 14.928518295288086 -1
vertex -68.12184143066406 33.928489685058594 -1
endloop
endfacet
facet normal -0.000040054321256925616 0.9999999991976675 5.625479384468553e-7
outer loop
vertex -65.12107849121094 14.928609848022461 6.300000190734863
vertex -67.42083740234375 14.928518295288086 5.300000190734863
vertex -68.12107849121094 14.928489685058594 6.300000190734863
endloop
endfacet
facet normal 0 0 1
outer loop
vertex -68.12184143066406 33.928489685058594 -1
vertex -67.42083740234375 14.928518295288086 -1
vertex -67.42153930664062 33.91304016113281 -1
endloop
endfacet
facet normal 0.9999999991937997 0.00004015470802683779 0
outer loop
vertex -68.12107849121094 14.928489685058594 -1
vertex -68.12184143066406 33.928489685058594 -1
vertex -68.12184143066406 33.928489685058594 6.300000190734863
endloop
endfacet
facet normal 0.00003824008213358865 -0.999999999268848 0
outer loop
vertex -68.12184143066406 33.928489685058594 -1
vertex -67.42354583740234 33.92851638793945 2.0198854185928504e-14
vertex -67.42354583740234 33.92851638793945 5.300000190734863
endloop
endfacet
facet normal -0.022053235592894987 -0.9996377753441139 0.01542637044009829
outer loop
vertex -68.12184143066406 33.928489685058594 -1
vertex -67.42153930664062 33.91304016113281 -1
vertex -67.42354583740234 33.92851638793945 2.0198854185928504e-14
endloop
endfacet
facet normal 0.00003824008213358865 -0.999999999268848 0
outer loop
vertex -68.12184143066406 33.928489685058594 6.300000190734863
vertex -68.12184143066406 33.928489685058594 -1
vertex -67.42354583740234 33.92851638793945 5.300000190734863
endloop
endfacet
facet normal 0.000039776060746332443 -0.9999999992083574 0.0000010725670982385158
outer loop
vertex -68.12184143066406 33.928489685058594 6.300000190734863
vertex -67.42354583740234 33.92851638793945 5.300000190734863
vertex -65.12184143066406 33.92860794067383 5.300000190734863
endloop
endfacet
facet normal -0.00004085768447920036 0.9999999991653248 0
outer loop
vertex -68.12107849121094 14.928489685058594 -1
vertex -67.42083740234375 14.928518295288086 0
vertex -67.42083740234375 14.928518295288086 -1
endloop
endfacet
facet normal 0.000039418538380833656 -0.9999999992230895 0
outer loop
vertex -65.12184143066406 33.92860794067383 6.300000190734863
vertex -68.12184143066406 33.928489685058594 6.300000190734863
vertex -65.12184143066406 33.92860794067383 5.300000190734863
endloop
endfacet
facet normal -0.00004085768447920037 0.9999999991653249 0
outer loop
vertex -67.42083740234375 14.928518295288086 0
vertex -68.12107849121094 14.928489685058594 6.300000190734863
vertex -67.42083740234375 14.928518295288086 5.300000190734863
endloop
endfacet
facet normal -0.00003980970955662308 0.9999999992075934 0
outer loop
vertex -65.12107849121094 14.928609848022461 5.300000190734863
vertex -67.42083740234375 14.928518295288086 5.300000190734863
vertex -65.12107849121094 14.928609848022461 6.300000190734863
endloop
endfacet
facet normal 0 0 -1
outer loop
vertex -65.12184143066406 33.92860794067383 6.300000190734863
vertex -68.12107849121094 14.928489685058594 6.300000190734863
vertex -68.12184143066406 33.928489685058594 6.300000190734863
endloop
endfacet
facet normal -0.9999999991937997 -0.000040154712057839634 0
outer loop
vertex -65.12107849121094 14.928609848022461 5.300000190734863
vertex -65.12184143066406 33.92860794067383 6.300000190734863
vertex -65.12184143066406 33.92860794067383 5.300000190734863
endloop
endfacet
facet normal 0 0 -1
outer loop
vertex -65.12107849121094 14.928609848022461 6.300000190734863
vertex -68.12107849121094 14.928489685058594 6.300000190734863
vertex -65.12184143066406 33.92860794067383 6.300000190734863
endloop
endfacet
facet normal -0.9999999991937997 -0.000040154712057839634 0
outer loop
vertex -65.12107849121094 14.928609848022461 5.300000190734863
vertex -65.12107849121094 14.928609848022461 6.300000190734863
vertex -65.12184143066406 33.92860794067383 6.300000190734863
endloop
endfacet
facet normal 0.9999999991937997 0.00004015470802683779 0
outer loop
vertex -68.12107849121094 14.928489685058594 6.300000190734863
vertex -68.12107849121094 14.928489685058594 -1
vertex -68.12184143066406 33.928489685058594 6.300000190734863
endloop
endfacet
facet normal -0.00004085768447920037 0.9999999991653249 0
outer loop
vertex -67.42083740234375 14.928518295288086 0
vertex -68.12107849121094 14.928489685058594 -1
vertex -68.12107849121094 14.928489685058594 6.300000190734863
endloop
endfacet
facet normal 0 0 -1
outer loop
vertex -65.12103271484375 13.66309642791748 6.300000190734863
vertex -68.12026977539062 -5.337023735046387 6.300000190734863
vertex -68.12103271484375 13.662976264953613 6.300000190734863
endloop
endfacet
facet normal 0.00004005432125692889 -0.9999999991977492 3.911263771942628e-7
outer loop
vertex -68.12103271484375 13.662976264953613 6.300000190734863
vertex -67.42079162597656 13.663003921508789 5.300000190734863
vertex -65.12103271484375 13.66309642791748 6.300000190734863
endloop
endfacet
facet normal 0 0 1
outer loop
vertex -68.12026977539062 -5.337023735046387 -1
vertex -67.42008972167969 -5.336995601654053 -1
vertex -68.12103271484375 13.662976264953613 -1
endloop
endfacet
facet normal 0.000040224394030503734 -0.999999999190999 0
outer loop
vertex -67.42079162597656 13.663003921508789 5.300000190734863
vertex -65.12103271484375 13.66309642791748 5.300000190734863
vertex -65.12103271484375 13.66309642791748 6.300000190734863
endloop
endfacet
facet normal -0.9999999991937997 -0.00004015470802683779 0
outer loop
vertex -65.12026977539062 -5.3369035720825195 5.300000190734863
vertex -65.12103271484375 13.66309642791748 6.300000190734863
vertex -65.12103271484375 13.66309642791748 5.300000190734863
endloop
endfacet
facet normal 0 0 -1
outer loop
vertex -65.12026977539062 -5.3369035720825195 6.300000190734863
vertex -68.12026977539062 -5.337023735046387 6.300000190734863
vertex -65.12103271484375 13.66309642791748 6.300000190734863
endloop
endfacet
facet normal -0.9999999991937997 -0.00004015470802683779 0
outer loop
vertex -65.12026977539062 -5.3369035720825195 5.300000190734863
vertex -65.12026977539062 -5.3369035720825195 6.300000190734863
vertex -65.12103271484375 13.66309642791748 6.300000190734863
endloop
endfacet
facet normal 0 0 1
outer loop
vertex -68.12103271484375 13.662976264953613 -1
vertex -67.42008972167969 -5.336995601654053 -1
vertex -67.42079162597656 13.663003921508789 -1
endloop
endfacet
facet normal 0.00003949576166538814 -0.9999999992200425 0
outer loop
vertex -68.12103271484375 13.662976264953613 6.300000190734863
vertex -68.12103271484375 13.662976264953613 -1
vertex -67.42079162597656 13.663003921508789 5.300000190734863
endloop
endfacet
facet normal -0.000040054321256931796 0.9999999991978218 8.815550238272996e-8
outer loop
vertex -65.12026977539062 -5.3369035720825195 6.300000190734863
vertex -67.42008972167969 -5.336995601654053 5.300000190734863
vertex -68.12026977539062 -5.337023735046387 6.300000190734863
endloop
endfacet
facet normal -0.00004018022530371736 0.9999999991927747 0
outer loop
vertex -67.42008972167969 -5.336995601654053 0
vertex -68.12026977539062 -5.337023735046387 6.300000190734863
vertex -67.42008972167969 -5.336995601654053 5.300000190734863
endloop
endfacet
facet normal -0.00004001598977694643 0.9999999991993603 0
outer loop
vertex -65.12026977539062 -5.3369035720825195 5.300000190734863
vertex -67.42008972167969 -5.336995601654053 5.300000190734863
vertex -65.12026977539062 -5.3369035720825195 6.300000190734863
endloop
endfacet
facet normal 0.00003949576166538814 -0.9999999992200425 0
outer loop
vertex -68.12103271484375 13.662976264953613 -1
vertex -67.42079162597656 13.663003921508789 -1
vertex -67.42079162597656 13.663003921508789 1.8829406892191536e-14
endloop
endfacet
facet normal 0.9999999991937997 0.00004015470802683779 0
outer loop
vertex -68.12026977539062 -5.337023735046387 6.300000190734863
vertex -68.12026977539062 -5.337023735046387 -1
vertex -68.12103271484375 13.662976264953613 6.300000190734863
endloop
endfacet
facet normal -0.00004018022530371736 0.9999999991927747 0
outer loop
vertex -67.42008972167969 -5.336995601654053 0
vertex -68.12026977539062 -5.337023735046387 -1
vertex -68.12026977539062 -5.337023735046387 6.300000190734863
endloop
endfacet
facet normal 0.9999999991937997 0.00004015470802683779 0
outer loop
vertex -68.12026977539062 -5.337023735046387 -1
vertex -68.12103271484375 13.662976264953613 -1
vertex -68.12103271484375 13.662976264953613 6.300000190734863
endloop
endfacet
facet normal 0.00003949576166538814 -0.9999999992200423 0
outer loop
vertex -68.12103271484375 13.662976264953613 -1
vertex -67.42079162597656 13.663003921508789 1.8829406892191536e-14
vertex -67.42079162597656 13.663003921508789 5.300000190734863
endloop
endfacet
facet normal -0.00004018022530371736 0.9999999991927748 0
outer loop
vertex -68.12026977539062 -5.337023735046387 -1
vertex -67.42008972167969 -5.336995601654053 0
vertex -67.42008972167969 -5.336995601654053 -1
endloop
endfacet
facet normal 0.9999999992098431 0.000039753160947207185 0
outer loop
vertex -68.11946105957031 -25.602537155151367 6.300000190734863
vertex -68.11946105957031 -25.602537155151367 -1
vertex -68.1202163696289 -6.602537155151367 6.300000190734863
endloop
endfacet
facet normal -0.00004005432125692551 0.9999999991976648 5.67437381959662e-7
outer loop
vertex -65.11946105957031 -25.6024169921875 6.300000190734863
vertex -67.41934204101562 -25.602508544921875 5.300000190734863
vertex -68.11946105957031 -25.602537155151367 6.300000190734863
endloop
endfacet
facet normal -0.00003980759658481384 0.9999999992076776 0
outer loop
vertex -65.11946105957031 -25.6024169921875 5.300000190734863
vertex -67.41934204101562 -25.602508544921875 5.300000190734863
vertex -65.11946105957031 -25.6024169921875 6.300000190734863
endloop
endfacet
facet normal 0.00003949963493807655 -0.9999999992198896 0
outer loop
vertex -68.1202163696289 -6.602537155151367 6.300000190734863
vertex -68.1202163696289 -6.602537155151367 -1
vertex -67.4200439453125 -6.602509498596191 5.300000190734863
endloop
endfacet
facet normal -0.999999999209843 -0.00003975316194488006 0
outer loop
vertex -65.11946105957031 -25.6024169921875 5.300000190734863
vertex -65.11946105957031 -25.6024169921875 6.300000190734863
vertex -65.1202163696289 -6.602417469024658 6.300000190734863
endloop
endfacet
facet normal -0.999999999209843 -0.00003975316194488006 0
outer loop
vertex -65.11946105957031 -25.6024169921875 5.300000190734863
vertex -65.1202163696289 -6.602417469024658 6.300000190734863
vertex -65.1202163696289 -6.602417469024658 5.300000190734863
endloop
endfacet
facet normal -0.00004086480828268505 0.9999999991650338 0
outer loop
vertex -67.41934204101562 -25.602508544921875 0
vertex -68.11946105957031 -25.602537155151367 6.300000190734863
vertex -67.41934204101562 -25.602508544921875 5.300000190734863
endloop
endfacet
facet normal 0.00004001585702883248 -0.9999999991993657 0
outer loop
vertex -67.4200439453125 -6.602509498596191 5.300000190734863
vertex -65.1202163696289 -6.602417469024658 5.300000190734863
vertex -65.1202163696289 -6.602417469024658 6.300000190734863
endloop
endfacet
facet normal 0.00003989537553791037 -0.9999999992041411 2.770866556216184e-7
outer loop
vertex -68.1202163696289 -6.602537155151367 6.300000190734863
vertex -67.4200439453125 -6.602509498596191 5.300000190734863
vertex -65.1202163696289 -6.602417469024658 6.300000190734863
endloop
endfacet
facet normal 0.000039499634938076545 -0.9999999992198894 0
outer loop
vertex -68.1202163696289 -6.602537155151367 -1
vertex -67.4200439453125 -6.602509498596191 2.5584057577543798e-14
vertex -67.4200439453125 -6.602509498596191 5.300000190734863
endloop
endfacet
facet normal 0.9999999992098431 0.000039753160947207185 0
outer loop
vertex -68.11946105957031 -25.602537155151367 -1
vertex -68.1202163696289 -6.602537155151367 -1
vertex -68.1202163696289 -6.602537155151367 6.300000190734863
endloop
endfacet
facet normal 0.000039499634938076545 -0.9999999992198894 0
outer loop
vertex -68.1202163696289 -6.602537155151367 -1
vertex -67.4200439453125 -6.602509498596191 -1
vertex -67.4200439453125 -6.602509498596191 2.5584057577543798e-14
endloop
endfacet
facet normal 0 0 1
outer loop
vertex -68.1202163696289 -6.602537155151367 -1
vertex -67.41934204101562 -25.602508544921875 -1
vertex -67.4200439453125 -6.602509498596191 -1
endloop
endfacet
facet normal 0 0 1
outer loop
vertex -68.11946105957031 -25.602537155151367 -1
vertex -67.41934204101562 -25.602508544921875 -1
vertex -68.1202163696289 -6.602537155151367 -1
endloop
endfacet
facet normal -0.00004086480828268505 0.9999999991650337 0
outer loop
vertex -67.41934204101562 -25.602508544921875 0
vertex -68.11946105957031 -25.602537155151367 -1
vertex -68.11946105957031 -25.602537155151367 6.300000190734863
endloop
endfacet
facet normal 0 0 -1
outer loop
vertex -65.11946105957031 -25.6024169921875 6.300000190734863
vertex -68.11946105957031 -25.602537155151367 6.300000190734863
vertex -65.1202163696289 -6.602417469024658 6.300000190734863
endloop
endfacet
facet normal 0 0 -1
outer loop
vertex -65.1202163696289 -6.602417469024658 6.300000190734863
vertex -68.11946105957031 -25.602537155151367 6.300000190734863
vertex -68.1202163696289 -6.602537155151367 6.300000190734863
endloop
endfacet
facet normal -0.00004086480828268505 0.9999999991650338 0
outer loop
vertex -68.11946105957031 -25.602537155151367 -1
vertex -67.41934204101562 -25.602508544921875 0
vertex -67.41934204101562 -25.602508544921875 -1
endloop
endfacet
facet normal 0.000040865253602885724 -0.9999999991650155 0
outer loop
vertex -68.1194076538086 -26.868051528930664 -1
vertex -67.41929626464844 -26.868022918701172 -1
vertex -67.41929626464844 -26.868022918701172 3.233763083698715e-14
endloop
endfacet
facet normal 0 0 1
outer loop
vertex -68.1194076538086 -26.868051528930664 -1
vertex -67.41858673095703 -45.86802291870117 -1
vertex -67.41929626464844 -26.868022918701172 -1
endloop
endfacet
facet normal -0.00003814339735016611 0.9999999992725406 0
outer loop
vertex -67.41858673095703 -45.86802291870117 0
vertex -68.11865234375 -45.86804962158203 -1
vertex -68.11865234375 -45.86804962158203 6.300000190734863
endloop
endfacet
facet normal 0 0 1
outer loop
vertex -68.11865234375 -45.86804962158203 -1
vertex -67.41858673095703 -45.86802291870117 -1
vertex -68.1194076538086 -26.868051528930664 -1
endloop
endfacet
facet normal 0.00004086525360288572 -0.9999999991650154 0
outer loop
vertex -68.1194076538086 -26.868051528930664 6.300000190734863
vertex -68.1194076538086 -26.868051528930664 -1
vertex -67.41929626464844 -26.868022918701172 5.300000190734863
endloop
endfacet
facet normal 0.9999999992098431 0.000039753164937899016 0
outer loop
vertex -68.11865234375 -45.86804962158203 -1
vertex -68.1194076538086 -26.868051528930664 -1
vertex -68.1194076538086 -26.868051528930664 6.300000190734863
endloop
endfacet
facet normal 0.000040865253602885724 -0.9999999991650155 0
outer loop
vertex -68.1194076538086 -26.868051528930664 -1
vertex -67.41929626464844 -26.868022918701172 3.233763083698715e-14
vertex -67.41929626464844 -26.868022918701172 5.300000190734863
endloop
endfacet
facet normal -0.00003814339735016611 0.9999999992725406 0
outer loop
vertex -67.41858673095703 -45.86802291870117 0
vertex -68.11865234375 -45.86804962158203 6.300000190734863
vertex -67.41858673095703 -45.86802291870117 5.300000190734863
endloop
endfacet
facet normal 0.9999999992098431 0.000039753164937899016 0
outer loop
vertex -68.11865234375 -45.86804962158203 6.300000190734863
vertex -68.11865234375 -45.86804962158203 -1
vertex -68.1194076538086 -26.868051528930664 6.300000190734863
endloop
endfacet
facet normal -0.000039806672230177344 0.9999999992077143 0
outer loop
vertex -65.11865234375 -45.8679313659668 5.300000190734863
vertex -67.41858673095703 -45.86802291870117 5.300000190734863
vertex -65.11865234375 -45.8679313659668 6.300000190734863
endloop
endfacet
facet normal -0.9999999992098431 -0.000039753160947207185 0
outer loop
vertex -65.1194076538086 -26.867931365966797 5.300000190734863
vertex -65.11865234375 -45.8679313659668 5.300000190734863
vertex -65.1194076538086 -26.867931365966797 6.300000190734863
endloop
endfacet
facet normal -0.000038143397350166114 0.9999999992725406 0
outer loop
vertex -68.11865234375 -45.86804962158203 -1
vertex -67.41858673095703 -45.86802291870117 0
vertex -67.41858673095703 -45.86802291870117 -1
endloop
endfacet
facet normal -0.00003941853838081795 0.999999999222691 -8.92682388351865e-7
outer loop
vertex -65.11865234375 -45.8679313659668 6.300000190734863
vertex -67.41858673095703 -45.86802291870117 5.300000190734863
vertex -68.11865234375 -45.86804962158203 6.300000190734863
endloop
endfacet
facet normal 0 0 -1
outer loop
vertex -65.1194076538086 -26.867931365966797 6.300000190734863
vertex -68.11865234375 -45.86804962158203 6.300000190734863
vertex -68.1194076538086 -26.868051528930664 6.300000190734863
endloop
endfacet
facet normal 0.000039807464531523186 -0.9999999992076829 0
outer loop
vertex -67.41929626464844 -26.868022918701172 5.300000190734863
vertex -65.1194076538086 -26.867931365966797 5.300000190734863
vertex -65.1194076538086 -26.867931365966797 6.300000190734863
endloop
endfacet
facet normal -0.9999999992098431 -0.000039753160947207185 0
outer loop
vertex -65.11865234375 -45.8679313659668 5.300000190734863
vertex -65.11865234375 -45.8679313659668 6.300000190734863
vertex -65.1194076538086 -26.867931365966797 6.300000190734863
endloop
endfacet
facet normal 0.000040054321256925494 -0.9999999991976645 -5.677429721792124e-7
outer loop
vertex -68.1194076538086 -26.868051528930664 6.300000190734863
vertex -67.41929626464844 -26.868022918701172 5.300000190734863
vertex -65.1194076538086 -26.867931365966797 6.300000190734863
endloop
endfacet
facet normal 0 0 -1
outer loop
vertex -65.11865234375 -45.8679313659668 6.300000190734863
vertex -68.11865234375 -45.86804962158203 6.300000190734863
vertex -65.1194076538086 -26.867931365966797 6.300000190734863
endloop
endfacet
facet normal 0 0 -1
outer loop
vertex -65.11784362792969 -66.1334457397461 5.300000190734863
vertex -62.04922103881836 -49.575958251953125 5.300000190734863
vertex -61.67436218261719 -49.926239013671875 5.300000190734863
endloop
endfacet
facet normal 0 0 -1
outer loop
vertex 73.554443359375 -67.40100860595703 5.300000190734863
vertex 14.305761337280273 -62.317684173583984 5.300000190734863
vertex 14.375068664550781 -62.18802261352539 5.300000190734863
endloop
endfacet
facet normal 0 0 -1
outer loop
vertex 12.971489906311035 34.5529899597168 5.300000190734863
vertex 9.163479804992676 39.90648651123047 5.300000190734863
vertex 9.564598083496094 40.023582458496094 5.300000190734863
endloop
endfacet
facet normal 0 0 -1
outer loop
vertex 12.971489906311035 34.5529899597168 5.300000190734863
vertex 9.564598083496094 40.023582458496094 5.300000190734863
vertex 9.94284439086914 40.201168060302734 5.300000190734863
endloop
endfacet
facet normal 0 0 -1
outer loop
vertex 12.971489906311035 34.5529899597168 5.300000190734863
vertex 9.94284439086914 40.201168060302734 5.300000190734863
vertex 10.28915786743164 40.434993743896484 5.300000190734863
endloop
endfacet
facet normal 0 0 -1
outer loop
vertex 10.28915786743164 40.434993743896484 5.300000190734863
vertex 11.089925765991211 41.10245132446289 5.300000190734863
vertex 12.971489906311035 34.5529899597168 5.300000190734863
endloop
endfacet
facet normal 0 0 -1
outer loop
vertex 11.089925765991211 41.10245132446289 5.300000190734863
vertex 11.937286376953125 41.60861587524414 5.300000190734863
vertex 12.971489906311035 34.5529899597168 5.300000190734863
endloop
endfacet
facet normal 0 0 -1
outer loop
vertex 11.937286376953125 41.60861587524414 5.300000190734863
vertex 12.78028392791748 41.94660568237305 5.300000190734863
vertex 12.971489906311035 34.5529899597168 5.300000190734863
endloop
endfacet
facet normal 0 0 -1
outer loop
vertex 13.74303913116455 42.16414260864258 5.300000190734863
vertex 12.971489906311035 34.5529899597168 5.300000190734863
vertex 12.78028392791748 41.94660568237305 5.300000190734863
endloop
endfacet
facet normal 0 0 -1
outer loop
vertex 13.931928634643555 36.48051452636719 5.300000190734863
vertex 13.74303913116455 42.16414260864258 5.300000190734863
vertex 14.282207489013672 36.85537338256836 5.300000190734863
endloop
endfacet
facet normal 0 0 -1
outer loop
vertex 14.282207489013672 36.85537338256836 5.300000190734863
vertex 14.592066764831543 42.22399139404297 5.300000190734863
vertex 14.582159042358398 36.92399215698242 5.300000190734863
endloop
endfacet
facet normal 0 0 -1
outer loop
vertex 14.592066764831543 42.22399139404297 5.300000190734863
vertex 14.282207489013672 36.85537338256836 5.300000190734863
vertex 13.74303913116455 42.16414260864258 5.300000190734863
endloop
endfacet
facet normal 0 0 -1
outer loop
vertex 13.931928634643555 36.48051452636719 5.300000190734863
vertex 12.971489906311035 34.5529899597168 5.300000190734863
vertex 13.74303913116455 42.16414260864258 5.300000190734863
endloop
endfacet
facet normal 0 0 -1
outer loop
vertex 13.872431755065918 35.40985107421875 5.300000190734863
vertex 12.971489906311035 34.5529899597168 5.300000190734863
vertex 13.931928634643555 36.48051452636719 5.300000190734863
endloop
endfacet
facet normal 0 0 -1
outer loop
vertex 13.800097465515137 35.15226745605469 5.300000190734863
vertex 12.971489906311035 34.5529899597168 5.300000190734863
vertex 13.872431755065918 35.40985107421875 5.300000190734863
endloop
endfacet
facet normal 0 0 -1
outer loop
vertex 13.662056922912598 34.9230842590332 5.300000190734863
vertex 12.971489906311035 34.5529899597168 5.300000190734863
vertex 13.800097465515137 35.15226745605469 5.300000190734863
endloop
endfacet
facet normal 0 0 -1
outer loop
vertex 13.23237419128418 34.61232376098633 5.300000190734863
vertex 13.662056922912598 34.9230842590332 5.300000190734863
vertex 13.468189239501953 34.738704681396484 5.300000190734863
endloop
endfacet
facet normal 0 0 -1
outer loop
vertex -65.11946105957031 -25.6024169921875 5.300000190734863
vertex -65.1194076538086 -26.867931365966797 5.300000190734863
vertex -67.41934204101562 -25.602508544921875 5.300000190734863
endloop
endfacet
facet normal 0 0 -1
outer loop
vertex -67.41929626464844 -26.868022918701172 5.300000190734863
vertex -67.41934204101562 -25.602508544921875 5.300000190734863
vertex -65.1194076538086 -26.867931365966797 5.300000190734863
endloop
endfacet
facet normal 0 0 -1
outer loop
vertex 12.971489906311035 34.5529899597168 5.300000190734863
vertex 13.662056922912598 34.9230842590332 5.300000190734863
vertex 13.23237419128418 34.61232376098633 5.300000190734863
endloop
endfacet
facet normal 0 0 -1
outer loop
vertex -62.11783981323242 -49.27600860595703 5.300000190734863
vertex -65.1194076538086 -26.867931365966797 5.300000190734863
vertex -65.11946105957031 -25.6024169921875 5.300000190734863
endloop
endfacet
facet normal 0.9999999993457875 0.00003617215683538677 0
outer loop
vertex -67.4200439453125 -6.602509498596191 5.300000190734863
vertex -67.42008972167969 -5.336995601654053 0
vertex -67.42008972167969 -5.336995601654053 5.300000190734863
endloop
endfacet
facet normal 0.999999999345788 0.00003617214320596556 0
outer loop
vertex -67.41929626464844 -26.868022918701172 5.300000190734863
vertex -67.41934204101562 -25.602508544921875 0
vertex -67.41934204101562 -25.602508544921875 5.300000190734863
endloop
endfacet
facet normal 0 0 -1
outer loop
vertex -62.06806945800781 26.980512619018555 5.300000190734863
vertex -62.11783981323242 -49.27600860595703 5.300000190734863
vertex -65.11946105957031 -25.6024169921875 5.300000190734863
endloop
endfacet
facet normal 0 0 -1
outer loop
vertex -67.4200439453125 -6.602509498596191 5.300000190734863
vertex -67.42008972167969 -5.336995601654053 5.300000190734863
vertex -65.1202163696289 -6.602417469024658 5.300000190734863
endloop
endfacet
facet normal 0.28022680280786894 -0.9599338201084905 0
outer loop
vertex 26.3853702545166 42.28148651123047 0
vertex 26.786489486694336 42.398582458496094 0
vertex 26.786489486694336 42.398582458496094 5.300000190734863
endloop
endfacet
facet normal 0.12873891195893875 -0.9916785227822718 0
outer loop
vertex 25.97098731994629 42.227691650390625 0
vertex 26.3853702545166 42.28148651123047 0
vertex 26.3853702545166 42.28148651123047 5.300000190734863
endloop
endfacet
facet normal 0.12873891195893875 -0.9916785227822718 0
outer loop
vertex 25.97098731994629 42.227691650390625 5.300000190734863
vertex 25.97098731994629 42.227691650390625 0
vertex 26.3853702545166 42.28148651123047 5.300000190734863
endloop
endfacet
facet normal 0.28022680280786894 -0.9599338201084905 0
outer loop
vertex 26.3853702545166 42.28148651123047 5.300000190734863
vertex 26.3853702545166 42.28148651123047 0
vertex 26.786489486694336 42.398582458496094 5.300000190734863
endloop
endfacet
facet normal 0.4249883565126626 -0.9051988161882814 0
outer loop
vertex 26.786489486694336 42.398582458496094 5.300000190734863
vertex 26.786489486694336 42.398582458496094 0
vertex 27.164735794067383 42.576168060302734 5.300000190734863
endloop
endfacet
facet normal 0.5595782135560988 -0.8287775473028725 0
outer loop
vertex 27.164735794067383 42.576168060302734 5.300000190734863
vertex 27.164735794067383 42.576168060302734 0
vertex 27.511049270629883 42.809993743896484 5.300000190734863
endloop
endfacet
facet normal 0.6807590034996346 -0.732507460135516 0
outer loop
vertex 27.511049270629883 42.809993743896484 5.300000190734863
vertex 27.511049270629883 42.809993743896484 0
vertex 27.817134857177734 43.09445571899414 5.300000190734863
endloop
endfacet
facet normal 0.7856348725389973 -0.6186904290924771 0
outer loop
vertex 27.817134857177734 43.09445571899414 5.300000190734863
vertex 27.817134857177734 43.09445571899414 0
vertex 28.075660705566406 43.4227409362793 5.300000190734863
endloop
endfacet
facet normal 0.8543212286425628 -0.5197453590852562 0
outer loop
vertex 28.075660705566406 43.4227409362793 5.300000190734863
vertex 28.075660705566406 43.4227409362793 0
vertex 28.74591827392578 44.52446365356445 5.300000190734863
endloop
endfacet
facet normal 0.7543740425174742 -0.6564448217297811 0
outer loop
vertex 28.74591827392578 44.52446365356445 5.300000190734863
vertex 28.74591827392578 44.52446365356445 0
vertex 29.39384651184082 45.26905059814453 5.300000190734863
endloop
endfacet
facet normal 0.6423487131703294 -0.7664125068710859 0
outer loop
vertex 29.39384651184082 45.26905059814453 5.300000190734863
vertex 29.39384651184082 45.26905059814453 0
vertex 30.08992576599121 45.85245132446289 5.300000190734863
endloop
endfacet
facet normal 0.5128172619026009 -0.8584977902678138 0
outer loop
vertex 30.08992576599121 45.85245132446289 5.300000190734863
vertex 30.08992576599121 45.85245132446289 0
vertex 30.937286376953125 46.35861587524414 5.300000190734863
endloop
endfacet
facet normal 0.3721415123727049 -0.9281760041979948 0
outer loop
vertex 30.937286376953125 46.35861587524414 5.300000190734863
vertex 30.937286376953125 46.35861587524414 0
vertex 31.780282974243164 46.69660568237305 5.300000190734863
endloop
endfacet
facet normal 0.22039639702158847 -0.9754103896206469 0
outer loop
vertex 31.780282974243164 46.69660568237305 5.300000190734863
vertex 31.780282974243164 46.69660568237305 0
vertex 32.743038177490234 46.91414260864258 5.300000190734863
endloop
endfacet
facet normal 0.0703163334160347 -0.9975247431792984 0
outer loop
vertex 32.743038177490234 46.91414260864258 5.300000190734863
vertex 32.743038177490234 46.91414260864258 0
vertex 33.59206771850586 46.97399139404297 5.300000190734863
endloop
endfacet
facet normal -0.0003311910869894072 -0.9999999451562304 0
outer loop
vertex 33.59206771850586 46.97399139404297 5.300000190734863
vertex 33.59206771850586 46.97399139404297 0
vertex 52.942501068115234 46.96758270263672 3.5999999046325684
endloop
endfacet
facet normal 0 0 -1
outer loop
vertex 14.592066764831543 42.22399139404297 5.300000190734863
vertex 31.97149085998535 36.9279899597168 5.300000190734863
vertex 14.582159042358398 36.92399215698242 5.300000190734863
endloop
endfacet
facet normal 0 0 -1
outer loop
vertex 31.97149085998535 36.9279899597168 5.300000190734863
vertex 14.592066764831543 42.22399139404297 5.300000190734863
vertex 25.97098731994629 42.227691650390625 5.300000190734863
endloop
endfacet
facet normal 0 0 -1
outer loop
vertex 31.97149085998535 36.9279899597168 5.300000190734863
vertex 25.97098731994629 42.227691650390625 5.300000190734863
vertex 26.3853702545166 42.28148651123047 5.300000190734863
endloop
endfacet
facet normal 0 0 -1
outer loop
vertex 31.97149085998535 36.9279899597168 5.300000190734863
vertex 26.3853702545166 42.28148651123047 5.300000190734863
vertex 26.786489486694336 42.398582458496094 5.300000190734863
endloop
endfacet
facet normal 0 0 -1
outer loop
vertex 31.97149085998535 36.9279899597168 5.300000190734863
vertex 26.786489486694336 42.398582458496094 5.300000190734863
vertex 27.164735794067383 42.576168060302734 5.300000190734863
endloop
endfacet
facet normal 0 0 -1
outer loop
vertex 31.97149085998535 36.9279899597168 5.300000190734863
vertex 27.164735794067383 42.576168060302734 5.300000190734863
vertex 27.511049270629883 42.809993743896484 5.300000190734863
endloop
endfacet
facet normal 0 0 -1
outer loop
vertex 31.97149085998535 36.9279899597168 5.300000190734863
vertex 27.511049270629883 42.809993743896484 5.300000190734863
vertex 27.817134857177734 43.09445571899414 5.300000190734863
endloop
endfacet
facet normal 0 0 -1
outer loop
vertex 31.97149085998535 36.9279899597168 5.300000190734863
vertex 27.817134857177734 43.09445571899414 5.300000190734863
vertex 28.075660705566406 43.4227409362793 5.300000190734863
endloop
endfacet
facet normal 0 0 -1
outer loop
vertex 31.97149085998535 36.9279899597168 5.300000190734863
vertex 28.075660705566406 43.4227409362793 5.300000190734863
vertex 28.74591827392578 44.52446365356445 5.300000190734863
endloop
endfacet
facet normal 0 0 -1
outer loop
vertex 31.97149085998535 36.9279899597168 5.300000190734863
vertex 28.74591827392578 44.52446365356445 5.300000190734863
vertex 29.39384651184082 45.26905059814453 5.300000190734863
endloop
endfacet
facet normal 0.0003251851644530972 -0.999999947127303 0
outer loop
vertex 14.592066764831543 42.22399139404297 0
vertex 25.97098731994629 42.227691650390625 0
vertex 25.97098731994629 42.227691650390625 5.300000190734863
endloop
endfacet
facet normal 0.6213580592261714 0.7835267463428967 0
outer loop
vertex -74.83355712890625 39.628658294677734 5.300000190734863
vertex -74.83355712890625 39.628658294677734 0
vertex -75.60691833496094 40.2419548034668 5.300000190734863
endloop
endfacet
facet normal 0 0 -1
outer loop
vertex -40.810455322265625 55.538291931152344 5.300000190734863
vertex -45.01070022583008 52.017520904541016 5.300000190734863
vertex -41.174644470214844 55.74324417114258 5.300000190734863
endloop
endfacet
facet normal 0 0 -1
outer loop
vertex -45.01070022583008 52.017520904541016 5.300000190734863
vertex -42.550289154052734 56.756473541259766 5.300000190734863
vertex -42.226627349853516 56.5693244934082 5.300000190734863
endloop
endfacet
facet normal 0 0 -1
outer loop
vertex -42.226627349853516 56.5693244934082 5.300000190734863
vertex -41.174644470214844 55.74324417114258 5.300000190734863
vertex -45.01070022583008 52.017520904541016 5.300000190734863
endloop
endfacet
facet normal 0 0 -1
outer loop
vertex -45.01070022583008 52.017520904541016 5.300000190734863
vertex -40.810455322265625 55.538291931152344 5.300000190734863
vertex -44.787906646728516 51.60844802856445 5.300000190734863
endloop
endfacet
facet normal 0 0 -1
outer loop
vertex -42.550289154052734 56.756473541259766 5.300000190734863
vertex -45.01070022583008 52.017520904541016 5.300000190734863
vertex -58.998695373535156 66.26734924316406 5.300000190734863
endloop
endfacet
facet normal 0.8342177282262895 0.5514352019167515 0
outer loop
vertex -76.2214584350586 40.910701751708984 5.300000190734863
vertex -76.2214584350586 40.910701751708984 0
vertex -76.76573944091797 41.73409652709961 5.300000190734863
endloop
endfacet
facet normal 0 0 -1
outer loop
vertex -45.01070022583008 52.017520904541016 5.300000190734863
vertex -59.4152946472168 66.48646545410156 5.300000190734863
vertex -58.998695373535156 66.26734924316406 5.300000190734863
endloop
endfacet
facet normal 0 0 -1
outer loop
vertex -59.4152946472168 66.48646545410156 5.300000190734863
vertex -45.01070022583008 52.017520904541016 5.300000190734863
vertex -61.65732192993164 61.68244934082031 5.300000190734863
endloop
endfacet
facet normal 0.07031649060129559 -0.9975247320991686 0
outer loop
vertex 14.592066764831543 42.22399139404297 0
vertex 14.592066764831543 42.22399139404297 5.300000190734863
vertex 13.74303913116455 42.16414260864258 0
endloop
endfacet
facet normal -0.000052537789863094515 0.9999999986198903 0
outer loop
vertex 3.1936018466949463 -67.40470886230469 0
vertex 3.1936018466949463 -67.40470886230469 5.300000190734863
vertex 60.55442428588867 -67.40169525146484 0
endloop
endfacet
facet normal 0.22039639702158847 -0.9754103896206469 0
outer loop
vertex 13.74303913116455 42.16414260864258 0
vertex 13.74303913116455 42.16414260864258 5.300000190734863
vertex 12.78028392791748 41.94660568237305 0
endloop
endfacet
facet normal -0.12873898480232504 0.9916785133257988 0
outer loop
vertex 3.1936018466949463 -67.40470886230469 0
vertex 2.779219150543213 -67.45850372314453 0
vertex 2.779219150543213 -67.45850372314453 5.300000190734863
endloop
endfacet
facet normal -0.28022726325609654 0.9599336856929225 0
outer loop
vertex 2.779219150543213 -67.45850372314453 0
vertex 2.378100633621216 -67.57559967041016 0
vertex 2.378100633621216 -67.57559967041016 5.300000190734863
endloop
endfacet
facet normal -0.4249808761984567 0.905202328137523 0
outer loop
vertex 2.378100633621216 -67.57559967041016 0
vertex 1.999854326248169 -67.75318145751953 0
vertex 1.999854326248169 -67.75318145751953 5.300000190734863
endloop
endfacet
facet normal -0.5595779489454631 0.8287777259639574 0
outer loop
vertex 1.999854326248169 -67.75318145751953 0
vertex 1.6535406112670898 -67.98700714111328 0
vertex 1.6535406112670898 -67.98700714111328 5.300000190734863
endloop
endfacet
facet normal -0.6807585767179056 0.7325078567667459 0
outer loop
vertex 1.6535406112670898 -67.98700714111328 0
vertex 1.3474546670913696 -68.27146911621094 0
vertex 1.3474546670913696 -68.27146911621094 5.300000190734863
endloop
endfacet
facet normal -0.7856344565375076 0.6186909573454383 0
outer loop
vertex 1.3474546670913696 -68.27146911621094 0
vertex 1.088928461074829 -68.5997543334961 0
vertex 1.088928461074829 -68.5997543334961 5.300000190734863
endloop
endfacet
facet normal -0.8642808191049766 0.5030096079869952 0
outer loop
vertex 1.088928461074829 -68.5997543334961 0
vertex 0.6054784059524536 -69.43042755126953 0
vertex 0.6054784059524536 -69.43042755126953 5.300000190734863
endloop
endfacet
facet normal -0.8063720400093187 0.5914086007923874 0
outer loop
vertex 0.6054784059524536 -69.43042755126953 0
vertex 0.2194139063358307 -69.95681762695312 0
vertex 0.2194139063358307 -69.95681762695312 5.300000190734863
endloop
endfacet
facet normal 0.37214114967678724 -0.9281761496166765 0
outer loop
vertex 11.937286376953125 41.60861587524414 0
vertex 12.78028392791748 41.94660568237305 0
vertex 12.78028392791748 41.94660568237305 5.300000190734863
endloop
endfacet
facet normal 0 0 -1
outer loop
vertex 32.23237609863281 36.98732376098633 5.300000190734863
vertex 32.93193054199219 41.23051452636719 5.300000190734863
vertex 32.46818923950195 37.113704681396484 5.300000190734863
endloop
endfacet
facet normal 0 0 -1
outer loop
vertex 32.46818923950195 37.113704681396484 5.300000190734863
vertex 32.93193054199219 41.23051452636719 5.300000190734863
vertex 32.66205596923828 37.2980842590332 5.300000190734863
endloop
endfacet
facet normal 0 0 -1
outer loop
vertex 32.66205596923828 37.2980842590332 5.300000190734863
vertex 32.93193054199219 41.23051452636719 5.300000190734863
vertex 32.80009841918945 37.52726745605469 5.300000190734863
endloop
endfacet
facet normal 0 0 -1
outer loop
vertex 32.80009841918945 37.52726745605469 5.300000190734863
vertex 32.93193054199219 41.23051452636719 5.300000190734863
vertex 32.872432708740234 37.78485107421875 5.300000190734863
endloop
endfacet
facet normal 0 0 -1
outer loop
vertex 31.97149085998535 36.9279899597168 5.300000190734863
vertex 33.59206771850586 46.97399139404297 5.300000190734863
vertex 32.23237609863281 36.98732376098633 5.300000190734863
endloop
endfacet
facet normal 0 0 -1
outer loop
vertex 32.93193054199219 41.23051452636719 5.300000190734863
vertex 32.23237609863281 36.98732376098633 5.300000190734863
vertex 33.59206771850586 46.97399139404297 5.300000190734863
endloop
endfacet
facet normal 0.5128172619026009 -0.8584977902678138 0
outer loop
vertex 11.089925765991211 41.10245132446289 0
vertex 11.937286376953125 41.60861587524414 0
vertex 11.937286376953125 41.60861587524414 5.300000190734863
endloop
endfacet
facet normal 0.6402698796367932 -0.7681500382281357 0
outer loop
vertex 10.28915786743164 40.434993743896484 0
vertex 11.089925765991211 41.10245132446289 0
vertex 11.089925765991211 41.10245132446289 5.300000190734863
endloop
endfacet
facet normal 0.5595782135560988 -0.8287775473028725 0
outer loop
vertex 9.94284439086914 40.201168060302734 0
vertex 10.28915786743164 40.434993743896484 0
vertex 10.28915786743164 40.434993743896484 5.300000190734863
endloop
endfacet
facet normal 0.4249883565126626 -0.9051988161882814 0
outer loop
vertex 9.564598083496094 40.023582458496094 0
vertex 9.94284439086914 40.201168060302734 0
vertex 9.94284439086914 40.201168060302734 5.300000190734863
endloop
endfacet
facet normal 0.280227416739161 -0.9599336408875858 0
outer loop
vertex 9.163479804992676 39.90648651123047 0
vertex 9.564598083496094 40.023582458496094 0
vertex 9.564598083496094 40.023582458496094 5.300000190734863
endloop
endfacet
facet normal 0.12873891195893875 -0.9916785227822718 0
outer loop
vertex 8.749096870422363 39.852691650390625 0
vertex 9.163479804992676 39.90648651123047 0
vertex 9.163479804992676 39.90648651123047 5.300000190734863
endloop
endfacet
facet normal 0.0003483456215520488 -0.9999999393276622 0
outer loop
vertex -1.873273253440857 39.84899139404297 0
vertex 8.749096870422363 39.852691650390625 0
vertex 8.749096870422363 39.852691650390625 5.300000190734863
endloop
endfacet
facet normal -0.000052537789863094515 0.9999999986198903 0
outer loop
vertex 60.55442428588867 -67.40169525146484 0
vertex 3.1936018466949463 -67.40470886230469 5.300000190734863
vertex 60.55442428588867 -67.40169525146484 1.350000023841858
endloop
endfacet
facet normal 0 0 -1
outer loop
vertex 31.97149085998535 36.9279899597168 5.300000190734863
vertex 29.39384651184082 45.26905059814453 5.300000190734863
vertex 30.08992576599121 45.85245132446289 5.300000190734863
endloop
endfacet
facet normal 0 0 -1
outer loop
vertex 30.08992576599121 45.85245132446289 5.300000190734863
vertex 30.937286376953125 46.35861587524414 5.300000190734863
vertex 31.97149085998535 36.9279899597168 5.300000190734863
endloop
endfacet
facet normal 0 0 -1
outer loop
vertex 30.937286376953125 46.35861587524414 5.300000190734863
vertex 31.780282974243164 46.69660568237305 5.300000190734863
vertex 31.97149085998535 36.9279899597168 5.300000190734863
endloop
endfacet
facet normal 0 0 -1
outer loop
vertex 31.780282974243164 46.69660568237305 5.300000190734863
vertex 32.743038177490234 46.91414260864258 5.300000190734863
vertex 31.97149085998535 36.9279899597168 5.300000190734863
endloop
endfacet
facet normal 0 0 -1
outer loop
vertex 33.59206771850586 46.97399139404297 5.300000190734863
vertex 31.97149085998535 36.9279899597168 5.300000190734863
vertex 32.743038177490234 46.91414260864258 5.300000190734863
endloop
endfacet
facet normal 0 0 -1
outer loop
vertex 33.28220748901367 41.60537338256836 5.300000190734863
vertex 32.93193054199219 41.23051452636719 5.300000190734863
vertex 33.59206771850586 46.97399139404297 5.300000190734863
endloop
endfacet
facet normal 0 0 -1
outer loop
vertex 33.58216094970703 41.67399215698242 5.300000190734863
vertex 33.28220748901367 41.60537338256836 5.300000190734863
vertex 33.59206771850586 46.97399139404297 5.300000190734863
endloop
endfacet
facet normal -0.00005340573617250722 0.9999999984944824 -0.000012604079092499634
outer loop
vertex 60.55442428588867 -67.40169525146484 1.350000023841858
vertex 3.1936018466949463 -67.40470886230469 5.300000190734863
vertex 68.55442810058594 -67.4012680053711 1.350000023841858
endloop
endfacet
facet normal 0.7363188110100375 0.6766347674726482 0
outer loop
vertex -75.60691833496094 40.2419548034668 5.300000190734863
vertex -75.60691833496094 40.2419548034668 0
vertex -76.2214584350586 40.910701751708984 5.300000190734863
endloop
endfacet
facet normal 0.502260743412833 0.8647162225992919 0
outer loop
vertex -68.61570739746094 36.01708984375 5.300000190734863
vertex -68.61570739746094 36.01708984375 0
vertex -74.83355712890625 39.628658294677734 5.300000190734863
endloop
endfacet
facet normal 0.9643447553820826 0.2646491881096017 0
outer loop
vertex -77.1418228149414 42.5608024597168 5.300000190734863
vertex -77.1418228149414 42.5608024597168 0
vertex -77.40303802490234 43.51263427734375 5.300000190734863
endloop
endfacet
facet normal 0.9938792263779436 0.1104720931927172 0
outer loop
vertex -77.40303802490234 43.51263427734375 5.300000190734863
vertex -77.40303802490234 43.51263427734375 0
vertex -77.50337219238281 44.415306091308594 5.300000190734863
endloop
endfacet
facet normal 0.9988289995177038 -0.048380055006820216 0
outer loop
vertex -77.50337219238281 44.415306091308594 5.300000190734863
vertex -77.50337219238281 44.415306091308594 0
vertex -77.45561981201172 45.40117645263672 5.300000190734863
endloop
endfacet
facet normal 0.9789514771528125 -0.20409312918451264 0
outer loop
vertex -77.45561981201172 45.40117645263672 5.300000190734863
vertex -77.45561981201172 45.40117645263672 0
vertex -77.27025604248047 46.29029083251953 5.300000190734863
endloop
endfacet
facet normal 0.9342118864854387 -0.35671858817465324 0
outer loop
vertex -77.27025604248047 46.29029083251953 5.300000190734863
vertex -77.27025604248047 46.29029083251953 0
vertex -76.91761016845703 47.213836669921875 5.300000190734863
endloop
endfacet
facet normal 0.885054952858823 -0.46548655235147945 0
outer loop
vertex -76.91761016845703 47.213836669921875 5.300000190734863
vertex -76.91761016845703 47.213836669921875 0
vertex -76.69850158691406 47.63043975830078 5.300000190734863
endloop
endfacet
facet normal 0.8656917162923999 -0.5005775188147376 0
outer loop
vertex -76.69850158691406 47.63043975830078 5.300000190734863
vertex -76.5230712890625 47.9338264465332 0
vertex -76.5230712890625 47.9338264465332 5.300000190734863
endloop
endfacet
facet normal 0 0 -1
outer loop
vertex -5.424766540527344 -59.75514221191406 5.300000190734863
vertex -5.2584404945373535 -59.96470642089844 5.300000190734863
vertex -5.153631210327148 -60.21086502075195 5.300000190734863
endloop
endfacet
facet normal 0.9599331032178042 0.28022925854848996 0
outer loop
vertex -67.47533416748047 34.327423095703125 0
vertex -67.5924301147461 34.728538513183594 5.300000190734863
vertex -67.47533416748047 34.327423095703125 5.300000190734863
endloop
endfacet
facet normal -0.000051879882742682075 0.9999999986542389 0
outer loop
vertex 73.55442810058594 -67.40100860595703 0
vertex 68.55442810058594 -67.4012680053711 0
vertex 68.55442810058594 -67.4012680053711 1.350000023841858
endloop
endfacet
facet normal -0.500567232459595 -0.8656976641921483 0
outer loop
vertex -42.550289154052734 56.756473541259766 5.300000190734863
vertex -42.550289154052734 56.756473541259766 3.5999999046325684
vertex -42.226627349853516 56.5693244934082 5.300000190734863
endloop
endfacet
facet normal 0.9051953042044764 0.42499583673980323 0
outer loop
vertex -67.5924301147461 34.728538513183594 5.300000190734863
vertex -67.5924301147461 34.728538513183594 0
vertex -67.77001953125 35.10678482055664 5.300000190734863
endloop
endfacet
facet normal -0.6176007289873032 -0.7864917924265654 0
outer loop
vertex -42.226627349853516 56.5693244934082 5.300000190734863
vertex -42.226627349853516 56.5693244934082 0
vertex -41.174644470214844 55.74324417114258 5.300000190734863
endloop
endfacet
facet normal -0.500567232459595 -0.8656976641921483 0
outer loop
vertex -42.226627349853516 56.5693244934082 0
vertex -42.226627349853516 56.5693244934082 5.300000190734863
vertex -42.550289154052734 56.756473541259766 3.5999999046325684
endloop
endfacet
facet normal -0.49043545280282774 -0.8714775192935761 0
outer loop
vertex -41.174644470214844 55.74324417114258 5.300000190734863
vertex -41.174644470214844 55.74324417114258 0
vertex -40.810455322265625 55.538291931152344 5.300000190734863
endloop
endfacet
facet normal 0.8287804058498179 0.5595739798091143 0
outer loop
vertex -67.77001953125 35.10678482055664 5.300000190734863
vertex -67.77001953125 35.10678482055664 0
vertex -68.00384521484375 35.453102111816406 5.300000190734863
endloop
endfacet
facet normal 0.7325053447563582 0.6807612796739902 0
outer loop
vertex -68.00384521484375 35.453102111816406 5.300000190734863
vertex -68.00384521484375 35.453102111816406 0
vertex -68.2883071899414 35.759185791015625 5.300000190734863
endloop
endfacet
facet normal 0.6188017191182549 0.7855472184511204 0
outer loop
vertex -68.2883071899414 35.759185791015625 5.300000190734863
vertex -68.2883071899414 35.759185791015625 0
vertex -68.61570739746094 36.01708984375 5.300000190734863
endloop
endfacet
facet normal 0.9916777037264601 0.1287452210057322 0
outer loop
vertex -67.42354583740234 33.92851638793945 5.300000190734863
vertex -67.47533416748047 34.327423095703125 0
vertex -67.47533416748047 34.327423095703125 5.300000190734863
endloop
endfacet
facet normal 0 0 -1
outer loop
vertex -74.83355712890625 39.628658294677734 5.300000190734863
vertex -75.60691833496094 40.2419548034668 5.300000190734863
vertex -74.53193664550781 46.782615661621094 5.300000190734863
endloop
endfacet
facet normal -0.46550258736197364 -0.885046519206368 0
outer loop
vertex -59.4152946472168 66.48646545410156 5.300000190734863
vertex -59.4152946472168 66.48646545410156 0
vertex -58.998695373535156 66.26734924316406 5.300000190734863
endloop
endfacet
facet normal -0.46551119572441874 -0.8850419914639506 8.638375735965653e-7
outer loop
vertex -59.4152946472168 66.48646545410156 0
vertex -58.998538970947266 66.26726531982422 3.5999999046325684
vertex -58.998695373535156 66.26734924316406 5.300000190734863
endloop
endfacet
facet normal 0 0 -1
outer loop
vertex -53.39328384399414 33.965049743652344 5.300000190734863
vertex -53.715946197509766 34.385868072509766 5.300000190734863
vertex -53.52621078491211 34.197235107421875 5.300000190734863
endloop
endfacet
facet normal 0 0 -1
outer loop
vertex -53.32667541503906 33.705928802490234 5.300000190734863
vertex -53.715946197509766 34.385868072509766 5.300000190734863
vertex -53.39328384399414 33.965049743652344 5.300000190734863
endloop
endfacet
facet normal 0 0 -1
outer loop
vertex -53.715946197509766 34.385868072509766 5.300000190734863
vertex -53.33560562133789 33.31144332885742 5.300000190734863
vertex -53.94890213012695 34.5174446105957 5.300000190734863
endloop
endfacet
facet normal 0 0 -1
outer loop
vertex -53.32667541503906 33.705928802490234 5.300000190734863
vertex -53.33560562133789 33.31144332885742 5.300000190734863
vertex -53.715946197509766 34.385868072509766 5.300000190734863
endloop
endfacet
facet normal 0 0 -1
outer loop
vertex -54.20840835571289 34.582542419433594 5.300000190734863
vertex -53.94890213012695 34.5174446105957 5.300000190734863
vertex -53.33560562133789 33.31144332885742 5.300000190734863
endloop
endfacet
facet normal 0 0 -1
outer loop
vertex -54.47588348388672 34.576507568359375 5.300000190734863
vertex -54.20840835571289 34.582542419433594 5.300000190734863
vertex -53.33560562133789 33.31144332885742 5.300000190734863
endloop
endfacet
facet normal 0 0 -1
outer loop
vertex -55.104366302490234 34.424652099609375 5.300000190734863
vertex -54.47588348388672 34.576507568359375 5.300000190734863
vertex -53.33560562133789 33.31144332885742 5.300000190734863
endloop
endfacet
facet normal 0 0 -1
outer loop
vertex -68.61570739746094 36.01708984375 5.300000190734863
vertex -74.83355712890625 39.628658294677734 5.300000190734863
vertex -72.05217742919922 44.183868408203125 5.300000190734863
endloop
endfacet
facet normal 0 0 -1
outer loop
vertex -77.1418228149414 42.5608024597168 5.300000190734863
vertex -77.40303802490234 43.51263427734375 5.300000190734863
vertex -76.5230712890625 47.9338264465332 5.300000190734863
endloop
endfacet
facet normal 0 0 -1
outer loop
vertex -2.209458589553833 39.86943817138672 5.300000190734863
vertex -1.873273253440857 39.84899139404297 5.300000190734863
vertex -4.417840957641602 34.54899215698242 5.300000190734863
endloop
endfacet
facet normal 0 0 -1
outer loop
vertex 8.749096870422363 39.852691650390625 5.300000190734863
vertex 12.971489906311035 34.5529899597168 5.300000190734863
vertex -4.417840957641602 34.54899215698242 5.300000190734863
endloop
endfacet
facet normal 0 0 -1
outer loop
vertex -65.1202163696289 -6.602417469024658 5.300000190734863
vertex -67.42008972167969 -5.336995601654053 5.300000190734863
vertex -65.12026977539062 -5.3369035720825195 5.300000190734863
endloop
endfacet
facet normal 0 0 -1
outer loop
vertex -1.873273253440857 39.84899139404297 5.300000190734863
vertex 8.749096870422363 39.852691650390625 5.300000190734863
vertex -4.417840957641602 34.54899215698242 5.300000190734863
endloop
endfacet
facet normal 0.0003251851644530972 -0.999999947127303 0
outer loop
vertex 14.592066764831543 42.22399139404297 5.300000190734863
vertex 14.592066764831543 42.22399139404297 0
vertex 25.97098731994629 42.227691650390625 5.300000190734863
endloop
endfacet
facet normal 0.07031649060129559 -0.9975247320991686 0
outer loop
vertex 13.74303913116455 42.16414260864258 5.300000190734863
vertex 13.74303913116455 42.16414260864258 0
vertex 14.592066764831543 42.22399139404297 5.300000190734863
endloop
endfacet
facet normal 0.22039639702158847 -0.9754103896206469 0
outer loop
vertex 12.78028392791748 41.94660568237305 5.300000190734863
vertex 12.78028392791748 41.94660568237305 0
vertex 13.74303913116455 42.16414260864258 5.300000190734863
endloop
endfacet
facet normal 0.37214114967678724 -0.9281761496166765 0
outer loop
vertex 11.937286376953125 41.60861587524414 5.300000190734863
vertex 11.937286376953125 41.60861587524414 0
vertex 12.78028392791748 41.94660568237305 5.300000190734863
endloop
endfacet
facet normal 0.999999999345788 0.00003617214320596556 0
outer loop
vertex -67.42079162597656 13.663003921508789 5.300000190734863
vertex -67.42079162597656 13.663003921508789 1.8829406892191536e-14
vertex -67.42083740234375 14.928518295288086 0
endloop
endfacet
facet normal 0.5128172619026009 -0.8584977902678138 0
outer loop
vertex 11.089925765991211 41.10245132446289 5.300000190734863
vertex 11.089925765991211 41.10245132446289 0
vertex 11.937286376953125 41.60861587524414 5.300000190734863
endloop
endfacet
facet normal 0.6402698796367932 -0.7681500382281357 0
outer loop
vertex 10.28915786743164 40.434993743896484 5.300000190734863
vertex 10.28915786743164 40.434993743896484 0
vertex 11.089925765991211 41.10245132446289 5.300000190734863
endloop
endfacet
facet normal 0.5595782135560988 -0.8287775473028725 0
outer loop
vertex 9.94284439086914 40.201168060302734 5.300000190734863
vertex 9.94284439086914 40.201168060302734 0
vertex 10.28915786743164 40.434993743896484 5.300000190734863
endloop
endfacet
facet normal 0.4249883565126626 -0.9051988161882814 0
outer loop
vertex 9.564598083496094 40.023582458496094 5.300000190734863
vertex 9.564598083496094 40.023582458496094 0
vertex 9.94284439086914 40.201168060302734 5.300000190734863
endloop
endfacet
facet normal 0 0 -1
outer loop
vertex -2.6189637184143066 39.95258331298828 5.300000190734863
vertex -2.209458589553833 39.86943817138672 5.300000190734863
vertex -4.417840957641602 34.54899215698242 5.300000190734863
endloop
endfacet
facet normal 0.280227416739161 -0.9599336408875858 0
outer loop
vertex 9.163479804992676 39.90648651123047 5.300000190734863
vertex 9.163479804992676 39.90648651123047 0
vertex 9.564598083496094 40.023582458496094 5.300000190734863
endloop
endfacet
facet normal 0.12873891195893875 -0.9916785227822718 0
outer loop
vertex 8.749096870422363 39.852691650390625 5.300000190734863
vertex 8.749096870422363 39.852691650390625 0
vertex 9.163479804992676 39.90648651123047 5.300000190734863
endloop
endfacet
facet normal 0 0 -1
outer loop
vertex 75.27875518798828 19.53707504272461 5.300000190734863
vertex 72.23239135742188 -54.282527923583984 5.300000190734863
vertex 75.27914428710938 21.964401245117188 5.300000190734863
endloop
endfacet
facet normal 0 0 -1
outer loop
vertex -3.010734796524048 40.09791946411133 5.300000190734863
vertex -2.6189637184143066 39.95258331298828 5.300000190734863
vertex -4.417840957641602 34.54899215698242 5.300000190734863
endloop
endfacet
facet normal -0.00005260270972965 0.9999999986151874 0.0000016062822828681519
outer loop
vertex 68.55442810058594 -67.4012680053711 1.350000023841858
vertex 54.554443359375 -67.40200805664062 3.5999999046325684
vertex 73.55442810058594 -67.40100860595703 3.5999999046325684
endloop
endfacet
facet normal 0 0 -1
outer loop
vertex 75.27535247802734 -1.8902506828308105 5.300000190734863
vertex 72.23239135742188 -54.282527923583984 5.300000190734863
vertex 75.27574157714844 0.5370758771896362 5.300000190734863
endloop
endfacet
facet normal 0.0003483456215520488 -0.9999999393276622 0
outer loop
vertex -1.873273253440857 39.84899139404297 5.300000190734863
vertex -1.873273253440857 39.84899139404297 0
vertex 8.749096870422363 39.852691650390625 5.300000190734863
endloop
endfacet
facet normal -0.7028096271637406 -0.7113779782689115 0
outer loop
vertex 75.43121337890625 45.576148986816406 0
vertex 76.13336181640625 44.8824577331543 0
vertex 76.13336181640625 44.8824577331543 5.300000190734863
endloop
endfacet
facet normal -0.5812362071652315 -0.8137348901701194 0
outer loop
vertex 75.43121337890625 45.576148986816406 0
vertex 75.43121337890625 45.576148986816406 5.300000190734863
vertex 74.69215393066406 46.10404586791992 0
endloop
endfacet
facet normal 0 0 -1
outer loop
vertex 77.57130432128906 -20.890615463256836 5.300000190734863
vertex 77.57087707519531 -23.317941665649414 5.300000190734863
vertex 75.2723388671875 -20.89025115966797 5.300000190734863
endloop
endfacet
facet normal 0 0 -1
outer loop
vertex 75.2719497680664 -23.317577362060547 5.300000190734863
vertex 75.2723388671875 -20.89025115966797 5.300000190734863
vertex 77.57087707519531 -23.317941665649414 5.300000190734863
endloop
endfacet
facet normal 0 0 -1
outer loop
vertex 75.2723388671875 -20.89025115966797 5.300000190734863
vertex 72.23239135742188 -54.282527923583984 5.300000190734863
vertex 75.27535247802734 -1.8902506828308105 5.300000190734863
endloop
endfacet
facet normal 0 0 -1
outer loop
vertex 75.2719497680664 -23.317577362060547 5.300000190734863
vertex 73.554443359375 -67.40100860595703 5.300000190734863
vertex 75.2723388671875 -20.89025115966797 5.300000190734863
endloop
endfacet
facet normal -0.8054846609029311 -0.5926166223201051 0
outer loop
vertex 76.13336181640625 44.8824577331543 0
vertex 76.67159271240234 44.15089416503906 0
vertex 76.67159271240234 44.15089416503906 5.300000190734863
endloop
endfacet
facet normal -0.9999999845093405 0.0001760151094280391 0
outer loop
vertex 77.57130432128906 -20.890615463256836 5.300000190734863
vertex 77.57087707519531 -23.317941665649414 0
vertex 77.57087707519531 -23.317941665649414 5.300000190734863
endloop
endfacet
facet normal -0.04380083599604659 0.9990402828545242 0
outer loop
vertex 73.93830871582031 -67.3841781616211 0
vertex 73.55442810058594 -67.40100860595703 0
vertex 73.55442810058594 -67.40100860595703 3.5999999046325684
endloop
endfacet
facet normal -0.000051879882742682075 0.9999999986542389 0
outer loop
vertex 73.55442810058594 -67.40100860595703 0
vertex 68.55442810058594 -67.4012680053711 1.350000023841858
vertex 73.55442810058594 -67.40100860595703 3.5999999046325684
endloop
endfacet
facet normal -0.159274930231245 0.987234266321744 0
outer loop
vertex 74.49561309814453 -67.29426574707031 0
vertex 73.93830871582031 -67.3841781616211 0
vertex 73.93830871582031 -67.3841781616211 5.300000190734863
endloop
endfacet
facet normal -0.3129661947711369 0.9497642659789189 0
outer loop
vertex 75.16649627685547 -67.07319641113281 0
vertex 74.49561309814453 -67.29426574707031 0
vertex 74.49561309814453 -67.29426574707031 5.300000190734863
endloop
endfacet
facet normal -0.4785512886385305 0.8780596017027557 0
outer loop
vertex 75.80934143066406 -66.72283935546875 0
vertex 75.16649627685547 -67.07319641113281 0
vertex 75.16649627685547 -67.07319641113281 5.300000190734863
endloop
endfacet
facet normal -0.6275370752016264 0.7785866806254703 0
outer loop
vertex 76.35172271728516 -66.28568267822266 0
vertex 75.80934143066406 -66.72283935546875 0
vertex 75.80934143066406 -66.72283935546875 5.300000190734863
endloop
endfacet
facet normal -0.7531879097365971 0.6578054215545929 0
outer loop
vertex 76.81637573242188 -65.75365447998047 0
vertex 76.35172271728516 -66.28568267822266 0
vertex 76.35172271728516 -66.28568267822266 5.300000190734863
endloop
endfacet
facet normal -0.859140829535286 0.5117392256075554 0
outer loop
vertex 77.19103240966797 -65.1246566772461 0
vertex 76.81637573242188 -65.75365447998047 0
vertex 76.81637573242188 -65.75365447998047 5.300000190734863
endloop
endfacet
facet normal -0.9366618182078394 0.3502351186154588 0
outer loop
vertex 77.43501281738281 -64.47216033935547 0
vertex 77.19103240966797 -65.1246566772461 0
vertex 77.19103240966797 -65.1246566772461 5.300000190734863
endloop
endfacet
facet normal -0.984668792653897 0.1744344254254786 0
outer loop
vertex 77.56378173828125 -63.745269775390625 8.270318735674898e-15
vertex 77.43501281738281 -64.47216033935547 0
vertex 77.43501281738281 -64.47216033935547 5.300000190734863
endloop
endfacet
facet normal 0 0 -1
outer loop
vertex -65.12184143066406 33.92860794067383 5.300000190734863
vertex -55.104366302490234 34.424652099609375 5.300000190734863
vertex -53.33560562133789 33.31144332885742 5.300000190734863
endloop
endfacet
facet normal 0 0 -1
outer loop
vertex -65.12184143066406 33.92860794067383 5.300000190734863
vertex -55.40283966064453 34.515533447265625 5.300000190734863
vertex -55.104366302490234 34.424652099609375 5.300000190734863
endloop
endfacet
facet normal -0.9999999845093404 0.0001760151094280391 0
outer loop
vertex 77.56754302978516 -42.31794357299805 4.327653110815146e-15
vertex 77.5671157836914 -44.745269775390625 0
vertex 77.56754302978516 -42.31794357299805 5.300000190734863
endloop
endfacet
facet normal -0.8891954471908633 -0.4575275474712321 0
outer loop
vertex 76.67159271240234 44.15089416503906 0
vertex 77.12318420410156 43.27323532104492 0
vertex 77.12318420410156 43.27323532104492 5.300000190734863
endloop
endfacet
facet normal 0 0 -1
outer loop
vertex -60.33884048461914 66.83910369873047 5.300000190734863
vertex -61.84378433227539 61.75686264038086 5.300000190734863
vertex -61.22795486450195 67.02447509765625 5.300000190734863
endloop
endfacet
facet normal 0 0 -1
outer loop
vertex -61.22795486450195 67.02447509765625 5.300000190734863
vertex -62.44760513305664 61.619178771972656 5.300000190734863
vertex -62.21382522583008 67.07222747802734 5.300000190734863
endloop
endfacet
facet normal 0 0 -1
outer loop
vertex -63.11649703979492 66.97189331054688 5.300000190734863
vertex -62.21382522583008 67.07222747802734 5.300000190734863
vertex -62.44760513305664 61.619178771972656 5.300000190734863
endloop
endfacet
facet normal 0 0 -1
outer loop
vertex -64.06832885742188 66.71067810058594 5.300000190734863
vertex -63.11649703979492 66.97189331054688 5.300000190734863
vertex -62.44760513305664 61.619178771972656 5.300000190734863
endloop
endfacet
facet normal 0 0 -1
outer loop
vertex -64.06832885742188 66.71067810058594 5.300000190734863
vertex -65.02188873291016 63.23129653930664 5.300000190734863
vertex -64.89503479003906 66.33458709716797 5.300000190734863
endloop
endfacet
facet normal 0 0 -1
outer loop
vertex -61.65732192993164 61.68244934082031 5.300000190734863
vertex -60.33884048461914 66.83910369873047 5.300000190734863
vertex -59.4152946472168 66.48646545410156 5.300000190734863
endloop
endfacet
facet normal 0.6213580592261714 0.7835267463428967 0
outer loop
vertex -74.83355712890625 39.628658294677734 0
vertex -75.60691833496094 40.2419548034668 0
vertex -75.60691833496094 40.2419548034668 5.300000190734863
endloop
endfacet
facet normal -0.949840731632363 -0.3127340476061044 0
outer loop
vertex 77.12318420410156 43.27323532104492 0
vertex 77.40721893310547 42.410560607910156 0
vertex 77.40721893310547 42.410560607910156 5.300000190734863
endloop
endfacet
facet normal 0.9102387036445599 0.4140839315736257 0
outer loop
vertex -76.76573944091797 41.73409652709961 0
vertex -77.1418228149414 42.5608024597168 0
vertex -77.1418228149414 42.5608024597168 5.300000190734863
endloop
endfacet
facet normal 0.8342177282262895 0.5514352019167515 0
outer loop
vertex -76.2214584350586 40.910701751708984 0
vertex -76.76573944091797 41.73409652709961 0
vertex -76.76573944091797 41.73409652709961 5.300000190734863
endloop
endfacet
facet normal 0.7363188110100375 0.6766347674726482 0
outer loop
vertex -76.2214584350586 40.910701751708984 0
vertex -76.2214584350586 40.910701751708984 5.300000190734863
vertex -75.60691833496094 40.2419548034668 0
endloop
endfacet
facet normal 0.502260743412833 0.8647162225992919 0
outer loop
vertex -68.61570739746094 36.01708984375 0
vertex -74.83355712890625 39.628658294677734 0
vertex -74.83355712890625 39.628658294677734 5.300000190734863
endloop
endfacet
facet normal 0 0 -1
outer loop
vertex -61.65732192993164 61.68244934082031 5.300000190734863
vertex -61.84378433227539 61.75686264038086 5.300000190734863
vertex -60.33884048461914 66.83910369873047 5.300000190734863
endloop
endfacet
facet normal 0.9643447553820826 0.2646491881096017 0
outer loop
vertex -77.1418228149414 42.5608024597168 0
vertex -77.40303802490234 43.51263427734375 0
vertex -77.40303802490234 43.51263427734375 5.300000190734863
endloop
endfacet
facet normal 0.9938792263779436 0.1104720931927172 0
outer loop
vertex -77.50337219238281 44.415306091308594 0
vertex -77.50337219238281 44.415306091308594 5.300000190734863
vertex -77.40303802490234 43.51263427734375 0
endloop
endfacet
facet normal 0.9988289995177038 -0.048380055006820216 0
outer loop
vertex -77.50337219238281 44.415306091308594 0
vertex -77.45561981201172 45.40117645263672 0
vertex -77.45561981201172 45.40117645263672 5.300000190734863
endloop
endfacet
facet normal 0.9789514771528125 -0.20409312918451264 0
outer loop
vertex -77.45561981201172 45.40117645263672 0
vertex -77.27025604248047 46.29029083251953 0
vertex -77.27025604248047 46.29029083251953 5.300000190734863
endloop
endfacet
facet normal 0.9342118864854387 -0.35671858817465324 0
outer loop
vertex -77.27025604248047 46.29029083251953 0
vertex -76.91761016845703 47.213836669921875 0
vertex -76.91761016845703 47.213836669921875 5.300000190734863
endloop
endfacet
facet normal 0.885054952858823 -0.46548655235147945 0
outer loop
vertex -76.91761016845703 47.213836669921875 0
vertex -76.69850158691406 47.63043975830078 0
vertex -76.69850158691406 47.63043975830078 5.300000190734863
endloop
endfacet
facet normal 0.8656917162923999 -0.5005775188147376 0
outer loop
vertex -76.69850158691406 47.63043975830078 5.300000190734863
vertex -76.69850158691406 47.63043975830078 0
vertex -76.5230712890625 47.9338264465332 0
endloop
endfacet
facet normal -0.44672501329094655 -0.8946713153444696 0
outer loop
vertex 73.80908966064453 46.54497528076172 0
vertex 74.69215393066406 46.10404586791992 0
vertex 74.69215393066406 46.10404586791992 5.300000190734863
endloop
endfacet
facet normal 0.9599331032178042 0.28022925854848996 0
outer loop
vertex -67.47533416748047 34.327423095703125 0
vertex -67.5924301147461 34.728538513183594 0
vertex -67.5924301147461 34.728538513183594 5.300000190734863
endloop
endfacet
facet normal 0.7325053447563582 0.6807612796739902 0
outer loop
vertex -68.00384521484375 35.453102111816406 0
vertex -68.2883071899414 35.759185791015625 0
vertex -68.2883071899414 35.759185791015625 5.300000190734863
endloop
endfacet
facet normal 0.9051953042044764 0.42499583673980323 0
outer loop
vertex -67.5924301147461 34.728538513183594 0
vertex -67.77001953125 35.10678482055664 0
vertex -67.77001953125 35.10678482055664 5.300000190734863
endloop
endfacet
facet normal 0.8287804058498179 0.5595739798091143 0
outer loop
vertex -67.77001953125 35.10678482055664 0
vertex -68.00384521484375 35.453102111816406 0
vertex -68.00384521484375 35.453102111816406 5.300000190734863
endloop
endfacet
facet normal 0.6188017191182549 0.7855472184511204 0
outer loop
vertex -68.2883071899414 35.759185791015625 0
vertex -68.61570739746094 36.01708984375 0
vertex -68.61570739746094 36.01708984375 5.300000190734863
endloop
endfacet
facet normal 0.9916777037264604 0.1287452210057322 0
outer loop
vertex -67.42354583740234 33.92851638793945 5.300000190734863
vertex -67.42354583740234 33.92851638793945 2.0198854185928504e-14
vertex -67.47533416748047 34.327423095703125 0
endloop
endfacet
facet normal 0 0 -1
outer loop
vertex 77.56754302978516 -42.31794357299805 5.300000190734863
vertex 77.5671157836914 -44.745269775390625 5.300000190734863
vertex 75.26893615722656 -42.31757736206055 5.300000190734863
endloop
endfacet
facet normal 0 0 -1
outer loop
vertex 75.26854705810547 -44.744903564453125 5.300000190734863
vertex 75.26893615722656 -42.31757736206055 5.300000190734863
vertex 77.5671157836914 -44.745269775390625 5.300000190734863
endloop
endfacet
facet normal 0 0 -1
outer loop
vertex 75.26893615722656 -42.31757736206055 5.300000190734863
vertex 74.49561309814453 -67.29426574707031 5.300000190734863
vertex 75.2719497680664 -23.317577362060547 5.300000190734863
endloop
endfacet
facet normal 0 0 -1
outer loop
vertex 73.554443359375 -67.40100860595703 5.300000190734863
vertex 72.23239135742188 -54.282527923583984 5.300000190734863
vertex 75.2723388671875 -20.89025115966797 5.300000190734863
endloop
endfacet
facet normal 0 0 -1
outer loop
vertex 75.26854705810547 -44.744903564453125 5.300000190734863
vertex 74.49561309814453 -67.29426574707031 5.300000190734863
vertex 75.26893615722656 -42.31757736206055 5.300000190734863
endloop
endfacet
facet normal 0 0 -1
outer loop
vertex 74.49561309814453 -67.29426574707031 5.300000190734863
vertex 73.93830871582031 -67.3841781616211 5.300000190734863
vertex 75.2719497680664 -23.317577362060547 5.300000190734863
endloop
endfacet
facet normal 0 0 -1
outer loop
vertex 73.554443359375 -67.40100860595703 5.300000190734863
vertex 75.2719497680664 -23.317577362060547 5.300000190734863
vertex 73.93830871582031 -67.3841781616211 5.300000190734863
endloop
endfacet
facet normal -0.9999999845093405 0.0001760151094280391 0
outer loop
vertex 77.56754302978516 -42.31794357299805 5.300000190734863
vertex 77.5671157836914 -44.745269775390625 0
vertex 77.5671157836914 -44.745269775390625 5.300000190734863
endloop
endfacet
facet normal 0 0 -1
outer loop
vertex 75.2655258178711 -63.744903564453125 5.300000190734863
vertex 75.16649627685547 -67.07319641113281 5.300000190734863
vertex 75.26854705810547 -44.744903564453125 5.300000190734863
endloop
endfacet
facet normal 0.7856281475559275 -0.6186989686170827 0
outer loop
vertex -67.01224517822266 64.38204956054688 0
vertex -66.38717651367188 65.17576599121094 0
vertex -66.38717651367188 65.17576599121094 5.300000190734863
endloop
endfacet
facet normal 0 0 -1
outer loop
vertex 77.56378173828125 -63.745269775390625 5.300000190734863
vertex 77.43501281738281 -64.47216033935547 5.300000190734863
vertex 75.2655258178711 -63.744903564453125 5.300000190734863
endloop
endfacet
facet normal 0 0 -1
outer loop
vertex 77.43501281738281 -64.47216033935547 5.300000190734863
vertex 77.19103240966797 -65.1246566772461 5.300000190734863
vertex 75.2655258178711 -63.744903564453125 5.300000190734863
endloop
endfacet
facet normal 0 0 -1
outer loop
vertex 77.19103240966797 -65.1246566772461 5.300000190734863
vertex 76.81637573242188 -65.75365447998047 5.300000190734863
vertex 75.2655258178711 -63.744903564453125 5.300000190734863
endloop
endfacet
facet normal 0 0 -1
outer loop
vertex 76.81637573242188 -65.75365447998047 5.300000190734863
vertex 76.35172271728516 -66.28568267822266 5.300000190734863
vertex 75.2655258178711 -63.744903564453125 5.300000190734863
endloop
endfacet
facet normal 0 0 -1
outer loop
vertex 76.35172271728516 -66.28568267822266 5.300000190734863
vertex 75.80934143066406 -66.72283935546875 5.300000190734863
vertex 75.2655258178711 -63.744903564453125 5.300000190734863
endloop
endfacet
facet normal 0 0 -1
outer loop
vertex 75.16649627685547 -67.07319641113281 5.300000190734863
vertex 74.49561309814453 -67.29426574707031 5.300000190734863
vertex 75.26854705810547 -44.744903564453125 5.300000190734863
endloop
endfacet
facet normal 0 0 -1
outer loop
vertex 73.554443359375 -67.40100860595703 5.300000190734863
vertex 71.88211059570312 -54.657386779785156 5.300000190734863
vertex 72.23239135742188 -54.282527923583984 5.300000190734863
endloop
endfacet
facet normal 0 0 -1
outer loop
vertex 73.554443359375 -67.40100860595703 5.300000190734863
vertex 71.58216094970703 -54.726009368896484 5.300000190734863
vertex 71.88211059570312 -54.657386779785156 5.300000190734863
endloop
endfacet
facet normal 0.6766347674726482 -0.7363188110100375 0
outer loop
vertex -66.38717651367188 65.17576599121094 0
vertex -65.71842956542969 65.7903060913086 0
vertex -65.71842956542969 65.7903060913086 5.300000190734863
endloop
endfacet
facet normal 0.5514352019167515 -0.8342177282262895 0
outer loop
vertex -65.71842956542969 65.7903060913086 0
vertex -64.89503479003906 66.33458709716797 0
vertex -64.89503479003906 66.33458709716797 5.300000190734863
endloop
endfacet
facet normal 0.41409089146797656 -0.9102355374315246 0
outer loop
vertex -64.06832885742188 66.71067810058594 0
vertex -64.06832885742188 66.71067810058594 5.300000190734863
vertex -64.89503479003906 66.33458709716797 0
endloop
endfacet
facet normal 0.2646491881096017 -0.9643447553820826 0
outer loop
vertex -63.11649703979492 66.97189331054688 0
vertex -63.11649703979492 66.97189331054688 5.300000190734863
vertex -64.06832885742188 66.71067810058594 0
endloop
endfacet
facet normal 0.1104720931927172 -0.9938792263779436 0
outer loop
vertex -63.11649703979492 66.97189331054688 0
vertex -62.21382522583008 67.07222747802734 0
vertex -62.21382522583008 67.07222747802734 5.300000190734863
endloop
endfacet
facet normal -0.048380055006820216 -0.9988289995177038 0
outer loop
vertex -61.22795486450195 67.02447509765625 0
vertex -61.22795486450195 67.02447509765625 5.300000190734863
vertex -62.21382522583008 67.07222747802734 0
endloop
endfacet
facet normal 0 0 -1
outer loop
vertex 75.80934143066406 -66.72283935546875 5.300000190734863
vertex 75.16649627685547 -67.07319641113281 5.300000190734863
vertex 75.2655258178711 -63.744903564453125 5.300000190734863
endloop
endfacet
facet normal 0 0 -1
outer loop
vertex -43.97869873046875 -49.98573684692383 5.300000190734863
vertex -65.11784362792969 -66.1334457397461 5.300000190734863
vertex -61.67436218261719 -49.926239013671875 5.300000190734863
endloop
endfacet
facet normal 0 0 -1
outer loop
vertex -42.67436218261719 -57.051239013671875 5.300000190734863
vertex -24.04922103881836 -59.075958251953125 5.300000190734863
vertex -61.62189483642578 -72.14656829833984 5.300000190734863
endloop
endfacet
facet normal 0 0 -1
outer loop
vertex -43.307552337646484 -50.389976501464844 5.300000190734863
vertex -61.62189483642578 -72.14656829833984 5.300000190734863
vertex -43.4919319152832 -50.196109771728516 5.300000190734863
endloop
endfacet
facet normal 0 0 -1
outer loop
vertex -43.18117141723633 -50.62579345703125 5.300000190734863
vertex -61.62189483642578 -72.14656829833984 5.300000190734863
vertex -43.307552337646484 -50.389976501464844 5.300000190734863
endloop
endfacet
facet normal 0 0 -1
outer loop
vertex -61.62189483642578 -72.14656829833984 5.300000190734863
vertex -43.72111892700195 -50.05807113647461 5.300000190734863
vertex -43.4919319152832 -50.196109771728516 5.300000190734863
endloop
endfacet
facet normal 0 0 -1
outer loop
vertex -61.62189483642578 -72.14656829833984 5.300000190734863
vertex -43.97869873046875 -49.98573684692383 5.300000190734863
vertex -43.72111892700195 -50.05807113647461 5.300000190734863
endloop
endfacet
facet normal 0 0 -1
outer loop
vertex -43.1218376159668 -50.88667678833008 5.300000190734863
vertex -61.62189483642578 -72.14656829833984 5.300000190734863
vertex -43.18117141723633 -50.62579345703125 5.300000190734863
endloop
endfacet
facet normal 0 0 -1
outer loop
vertex -43.11783981323242 -56.40100860595703 5.300000190734863
vertex -61.62189483642578 -72.14656829833984 5.300000190734863
vertex -43.1218376159668 -50.88667678833008 5.300000190734863
endloop
endfacet
facet normal 0 0 -1
outer loop
vertex -43.04922103881836 -56.700958251953125 5.300000190734863
vertex -42.67436218261719 -57.051239013671875 5.300000190734863
vertex -61.62189483642578 -72.14656829833984 5.300000190734863
endloop
endfacet
facet normal 0 0 -1
outer loop
vertex -61.62189483642578 -72.14656829833984 5.300000190734863
vertex -43.11783981323242 -56.40100860595703 5.300000190734863
vertex -43.04922103881836 -56.700958251953125 5.300000190734863
endloop
endfacet
facet normal 0 0 -1
outer loop
vertex -3.3753879070281982 40.301963806152344 5.300000190734863
vertex -3.010734796524048 40.09791946411133 5.300000190734863
vertex -4.417840957641602 34.54899215698242 5.300000190734863
endloop
endfacet
facet normal 0 0 -1
outer loop
vertex -61.62189483642578 -72.14656829833984 5.300000190734863
vertex -62.27212905883789 -72.08889770507812 5.300000190734863
vertex -43.97869873046875 -49.98573684692383 5.300000190734863
endloop
endfacet
facet normal 0 0 -1
outer loop
vertex -63.5346794128418 -71.76414489746094 5.300000190734863
vertex -64.13204193115234 -71.50090789794922 5.300000190734863
vertex -43.97869873046875 -49.98573684692383 5.300000190734863
endloop
endfacet
facet normal 0 0 -1
outer loop
vertex -62.27212905883789 -72.08889770507812 5.300000190734863
vertex -62.91225051879883 -71.96092224121094 5.300000190734863
vertex -43.97869873046875 -49.98573684692383 5.300000190734863
endloop
endfacet
facet normal 0 0 -1
outer loop
vertex -62.91225051879883 -71.96092224121094 5.300000190734863
vertex -63.5346794128418 -71.76414489746094 5.300000190734863
vertex -43.97869873046875 -49.98573684692383 5.300000190734863
endloop
endfacet
facet normal 0 0 -1
outer loop
vertex -43.97869873046875 -49.98573684692383 5.300000190734863
vertex -66.51024627685547 -69.32209014892578 5.300000190734863
vertex -65.11784362792969 -66.1334457397461 5.300000190734863
endloop
endfacet
facet normal 0 0 -1
outer loop
vertex -66.13554382324219 -69.85662841796875 5.300000190734863
vertex -66.51024627685547 -69.32209014892578 5.300000190734863
vertex -43.97869873046875 -49.98573684692383 5.300000190734863
endloop
endfacet
facet normal 0 0 -1
outer loop
vertex -64.69725799560547 -71.17432403564453 5.300000190734863
vertex -43.97869873046875 -49.98573684692383 5.300000190734863
vertex -64.13204193115234 -71.50090789794922 5.300000190734863
endloop
endfacet
facet normal 0 0 -1
outer loop
vertex -64.69725799560547 -71.17432403564453 5.300000190734863
vertex -65.2236557006836 -70.78826141357422 5.300000190734863
vertex -43.97869873046875 -49.98573684692383 5.300000190734863
endloop
endfacet
facet normal 0 0 -1
outer loop
vertex -65.2236557006836 -70.78826141357422 5.300000190734863
vertex -65.7049789428711 -70.3472900390625 5.300000190734863
vertex -43.97869873046875 -49.98573684692383 5.300000190734863
endloop
endfacet
facet normal -0.2041011795355944 -0.9789497987701815 0
outer loop
vertex -60.33884048461914 66.83910369873047 0
vertex -60.33884048461914 66.83910369873047 5.300000190734863
vertex -61.22795486450195 67.02447509765625 0
endloop
endfacet
facet normal -0.4655025873619349 -0.8850465192062943 -4.084029207327294e-7
outer loop
vertex -59.4152946472168 66.48646545410156 0
vertex -58.998695373535156 66.26734924316406 0
vertex -58.998538970947266 66.26726531982422 3.5999999046325684
endloop
endfacet
facet normal 0 0 -1
outer loop
vertex -65.7049789428711 -70.3472900390625 5.300000190734863
vertex -66.13554382324219 -69.85662841796875 5.300000190734863
vertex -43.97869873046875 -49.98573684692383 5.300000190734863
endloop
endfacet
facet normal -0.3567118526787214 -0.9342144583330501 0
outer loop
vertex -60.33884048461914 66.83910369873047 0
vertex -59.4152946472168 66.48646545410156 0
vertex -59.4152946472168 66.48646545410156 5.300000190734863
endloop
endfacet
facet normal -0.5005676658830998 -0.8656974135746813 0.000001566072296265401
outer loop
vertex -58.998538970947266 66.26726531982422 3.5999999046325684
vertex -58.998695373535156 66.26734924316406 0
vertex -42.226627349853516 56.5693244934082 0
endloop
endfacet
facet normal -0.6176007289873032 -0.7864917924265654 0
outer loop
vertex -42.226627349853516 56.5693244934082 0
vertex -41.174644470214844 55.74324417114258 0
vertex -41.174644470214844 55.74324417114258 5.300000190734863
endloop
endfacet
facet normal -0.49043545280282774 -0.8714775192935761 0
outer loop
vertex -40.810455322265625 55.538291931152344 0
vertex -40.810455322265625 55.538291931152344 5.300000190734863
vertex -41.174644470214844 55.74324417114258 0
endloop
endfacet
facet normal 0 0 -1
outer loop
vertex -3.704188108444214 40.559837341308594 5.300000190734863
vertex -4.417840957641602 34.54899215698242 5.300000190734863
vertex -3.989259719848633 40.865352630615234 5.300000190734863
endloop
endfacet
facet normal 0 0 -1
outer loop
vertex -3.704188108444214 40.559837341308594 5.300000190734863
vertex -3.3753879070281982 40.301963806152344 5.300000190734863
vertex -4.417840957641602 34.54899215698242 5.300000190734863
endloop
endfacet
facet normal -0.9846687926538971 0.1744344254254786 0
outer loop
vertex 77.56378173828125 -63.745269775390625 8.270318735674898e-15
vertex 77.43501281738281 -64.47216033935547 5.300000190734863
vertex 77.56378173828125 -63.745269775390625 5.300000190734863
endloop
endfacet
facet normal -0.9366618182078394 0.3502351186154588 0
outer loop
vertex 77.43501281738281 -64.47216033935547 5.300000190734863
vertex 77.43501281738281 -64.47216033935547 0
vertex 77.19103240966797 -65.1246566772461 5.300000190734863
endloop
endfacet
facet normal -0.859140829535286 0.5117392256075554 0
outer loop
vertex 77.19103240966797 -65.1246566772461 5.300000190734863
vertex 77.19103240966797 -65.1246566772461 0
vertex 76.81637573242188 -65.75365447998047 5.300000190734863
endloop
endfacet
facet normal 0 0 -1
outer loop
vertex -4.717792510986328 34.48037338256836 5.300000190734863
vertex -3.989259719848633 40.865352630615234 5.300000190734863
vertex -4.417840957641602 34.54899215698242 5.300000190734863
endloop
endfacet
facet normal 0 0 -1
outer loop
vertex -5.168393611907959 34.02199935913086 5.300000190734863
vertex -3.989259719848633 40.865352630615234 5.300000190734863
vertex -4.717792510986328 34.48037338256836 5.300000190734863
endloop
endfacet
facet normal -0.7531879097365971 0.6578054215545929 0
outer loop
vertex 76.81637573242188 -65.75365447998047 5.300000190734863
vertex 76.81637573242188 -65.75365447998047 0
vertex 76.35172271728516 -66.28568267822266 5.300000190734863
endloop
endfacet
facet normal -0.6275370752016264 0.7785866806254703 0
outer loop
vertex 76.35172271728516 -66.28568267822266 5.300000190734863
vertex 76.35172271728516 -66.28568267822266 0
vertex 75.80934143066406 -66.72283935546875 5.300000190734863
endloop
endfacet
facet normal 0 0 -1
outer loop
vertex -5.383052825927734 33.8623046875 5.300000190734863
vertex -3.989259719848633 40.865352630615234 5.300000190734863
vertex -5.168393611907959 34.02199935913086 5.300000190734863
endloop
endfacet
facet normal 0 0 -1
outer loop
vertex -5.8148722648620605 42.99631881713867 5.300000190734863
vertex -8.991025924682617 38.7526969909668 5.300000190734863
vertex -6.581567764282227 43.48320770263672 5.300000190734863
endloop
endfacet
facet normal 0 0 -1
outer loop
vertex -4.49875545501709 41.64068603515625 5.300000190734863
vertex -3.989259719848633 40.865352630615234 5.300000190734863
vertex -8.878856658935547 34.134666442871094 5.300000190734863
endloop
endfacet
facet normal 0 0 -1
outer loop
vertex -5.8148722648620605 42.99631881713867 5.300000190734863
vertex -5.0760111808776855 42.34186935424805 5.300000190734863
vertex -9.4733304977417 35.2266845703125 5.300000190734863
endloop
endfacet
facet normal 0 0 -1
outer loop
vertex -4.49875545501709 41.64068603515625 5.300000190734863
vertex -9.422505378723145 34.69884490966797 5.300000190734863
vertex -5.0760111808776855 42.34186935424805 5.300000190734863
endloop
endfacet
facet normal 0 0 -1
outer loop
vertex -7.487320899963379 43.875423431396484 5.300000190734863
vertex -6.581567764282227 43.48320770263672 5.300000190734863
vertex -8.991025924682617 38.7526969909668 5.300000190734863
endloop
endfacet
facet normal 0 0 -1
outer loop
vertex -5.8148722648620605 42.99631881713867 5.300000190734863
vertex -8.73557186126709 37.99546432495117 5.300000190734863
vertex -8.71985149383545 38.31562805175781 5.300000190734863
endloop
endfacet
facet normal -0.29934382334547077 -0.9541453114829606 0
outer loop
vertex 73.80908966064453 46.54497528076172 0
vertex 73.80908966064453 46.54497528076172 5.300000190734863
vertex 72.9425048828125 46.81684875488281 0
endloop
endfacet
facet normal 0 0 -1
outer loop
vertex -62.11783981323242 -49.27600860595703 5.300000190734863
vertex -65.11865234375 -45.8679313659668 5.300000190734863
vertex -65.1194076538086 -26.867931365966797 5.300000190734863
endloop
endfacet
facet normal 0 0 -1
outer loop
vertex -62.11783981323242 -49.27600860595703 5.300000190734863
vertex -65.11859893798828 -47.133445739746094 5.300000190734863
vertex -65.11865234375 -45.8679313659668 5.300000190734863
endloop
endfacet
facet normal -0.14633421382373532 -0.9892352085649748 0
outer loop
vertex 71.96610260009766 46.96128463745117 0
vertex 72.9425048828125 46.81684875488281 0
vertex 72.9425048828125 46.81684875488281 5.300000190734863
endloop
endfacet
facet normal 0.4249883565126626 -0.9051988161882814 0
outer loop
vertex 26.786489486694336 42.398582458496094 0
vertex 27.164735794067383 42.576168060302734 0
vertex 27.164735794067383 42.576168060302734 5.300000190734863
endloop
endfacet
facet normal -0.4785512886385305 0.8780596017027557 0
outer loop
vertex 75.80934143066406 -66.72283935546875 5.300000190734863
vertex 75.80934143066406 -66.72283935546875 0
vertex 75.16649627685547 -67.07319641113281 5.300000190734863
endloop
endfacet
facet normal -0.3129661947711369 0.9497642659789189 0
outer loop
vertex 75.16649627685547 -67.07319641113281 5.300000190734863
vertex 75.16649627685547 -67.07319641113281 0
vertex 74.49561309814453 -67.29426574707031 5.300000190734863
endloop
endfacet
facet normal 0 0 -1
outer loop
vertex -65.11859893798828 -47.133445739746094 5.300000190734863
vertex -67.41858673095703 -45.86802291870117 5.300000190734863
vertex -65.11865234375 -45.8679313659668 5.300000190734863
endloop
endfacet
facet normal 0 0 -1
outer loop
vertex -67.41854095458984 -47.13353729248047 5.300000190734863
vertex -67.41858673095703 -45.86802291870117 5.300000190734863
vertex -65.11859893798828 -47.133445739746094 5.300000190734863
endloop
endfacet
facet normal -0.159274930231245 0.987234266321744 0
outer loop
vertex 74.49561309814453 -67.29426574707031 5.300000190734863
vertex 74.49561309814453 -67.29426574707031 0
vertex 73.93830871582031 -67.3841781616211 5.300000190734863
endloop
endfacet
facet normal 0 0 -1
outer loop
vertex -62.11783981323242 -49.27600860595703 5.300000190734863
vertex -65.11784362792969 -66.1334457397461 5.300000190734863
vertex -65.11859893798828 -47.133445739746094 5.300000190734863
endloop
endfacet
facet normal 0 0 -1
outer loop
vertex -62.04922103881836 -49.575958251953125 5.300000190734863
vertex -65.11784362792969 -66.1334457397461 5.300000190734863
vertex -62.11783981323242 -49.27600860595703 5.300000190734863
endloop
endfacet
facet normal 0 0 -1
outer loop
vertex -4.674361705780029 -61.801239013671875 5.300000190734863
vertex -4.2453999519348145 -72.14778900146484 5.300000190734863
vertex -5.049220561981201 -61.450958251953125 5.300000190734863
endloop
endfacet
facet normal 0 0 -1
outer loop
vertex 75.27574157714844 0.5370758771896362 5.300000190734863
vertex 72.23239135742188 -54.282527923583984 5.300000190734863
vertex 75.27875518798828 19.53707504272461 5.300000190734863
endloop
endfacet
facet normal -0.9874081518146937 -0.15819336816027005 0
outer loop
vertex 77.40721893310547 42.410560607910156 0
vertex 77.56360626220703 41.434425354003906 0
vertex 77.56360626220703 41.434425354003906 5.300000190734863
endloop
endfacet
facet normal 0.999999999345788 0.00003617214320596556 0
outer loop
vertex -67.41854095458984 -47.13353729248047 5.300000190734863
vertex -67.41858673095703 -45.86802291870117 0
vertex -67.41858673095703 -45.86802291870117 5.300000190734863
endloop
endfacet
facet normal -0.9992229408064605 -0.03941464912888349 3.6879515754824046e-7
outer loop
vertex 77.58216094970703 40.96403503417969 0
vertex 77.58216094970703 40.96408462524414 5.300000190734863
vertex 77.56360626220703 41.434425354003906 0
endloop
endfacet
facet normal -0.04380257375486169 0.9990402066646016 0
outer loop
vertex 73.93830871582031 -67.3841781616211 0
vertex 73.554443359375 -67.40100860595703 5.300000190734863
vertex 73.93830871582031 -67.3841781616211 5.300000190734863
endloop
endfacet
facet normal -0.04379715649159614 0.9990404441678506 3.931126235130261e-7
outer loop
vertex 73.554443359375 -67.40100860595703 5.300000190734863
vertex 73.93830871582031 -67.3841781616211 0
vertex 73.55442810058594 -67.40100860595703 3.5999999046325684
endloop
endfacet
facet normal 0 0 -1
outer loop
vertex -8.991025924682617 38.7526969909668 5.300000190734863
vertex -5.8148722648620605 42.99631881713867 5.300000190734863
vertex -8.71985149383545 38.31562805175781 5.300000190734863
endloop
endfacet
facet normal 0 0 -1
outer loop
vertex -9.4733304977417 35.2266845703125 5.300000190734863
vertex -8.73557186126709 37.99546432495117 5.300000190734863
vertex -5.8148722648620605 42.99631881713867 5.300000190734863
endloop
endfacet
facet normal 0 0 -1
outer loop
vertex -5.632370471954346 33.76523971557617 5.300000190734863
vertex -3.989259719848633 40.865352630615234 5.300000190734863
vertex -5.383052825927734 33.8623046875 5.300000190734863
endloop
endfacet
facet normal 0 0 -1
outer loop
vertex -65.11784362792969 -66.1334457397461 5.300000190734863
vertex -66.82464599609375 -68.75 5.300000190734863
vertex -67.41783905029297 -66.13353729248047 5.300000190734863
endloop
endfacet
facet normal 0 0 -1
outer loop
vertex -67.41783905029297 -66.13353729248047 5.300000190734863
vertex -67.2584228515625 -67.52064514160156 5.300000190734863
vertex -67.37266540527344 -66.8779296875 5.300000190734863
endloop
endfacet
facet normal 0 0 -1
outer loop
vertex -67.41783905029297 -66.13353729248047 5.300000190734863
vertex -67.07502746582031 -68.14714050292969 5.300000190734863
vertex -67.2584228515625 -67.52064514160156 5.300000190734863
endloop
endfacet
facet normal 0 0 -1
outer loop
vertex -66.82464599609375 -68.75 5.300000190734863
vertex -67.07502746582031 -68.14714050292969 5.300000190734863
vertex -67.41783905029297 -66.13353729248047 5.300000190734863
endloop
endfacet
facet normal 0 0 -1
outer loop
vertex -66.51024627685547 -69.32209014892578 5.300000190734863
vertex -66.82464599609375 -68.75 5.300000190734863
vertex -65.11784362792969 -66.1334457397461 5.300000190734863
endloop
endfacet
facet normal 0 0 -1
outer loop
vertex -5.898500919342041 33.737754821777344 5.300000190734863
vertex -3.989259719848633 40.865352630615234 5.300000190734863
vertex -5.632370471954346 33.76523971557617 5.300000190734863
endloop
endfacet
facet normal -0.5005679312903362 -0.8656972601110079 -8.383561866991869e-8
outer loop
vertex -42.550289154052734 56.756473541259766 3.5999999046325684
vertex -58.998538970947266 66.26726531982422 3.5999999046325684
vertex -42.226627349853516 56.5693244934082 0
endloop
endfacet
facet normal 0 0 -1
outer loop
vertex 71.58216094970703 -54.726009368896484 5.300000190734863
vertex 34.23238754272461 -59.032527923583984 5.300000190734863
vertex 35.19282913208008 -54.73000717163086 5.300000190734863
endloop
endfacet
facet normal 0 0 -1
outer loop
vertex 73.554443359375 -67.40100860595703 5.300000190734863
vertex 33.882110595703125 -59.407386779785156 5.300000190734863
vertex 71.58216094970703 -54.726009368896484 5.300000190734863
endloop
endfacet
facet normal 0 0 -1
outer loop
vertex 33.882110595703125 -59.407386779785156 5.300000190734863
vertex 34.23238754272461 -59.032527923583984 5.300000190734863
vertex 71.58216094970703 -54.726009368896484 5.300000190734863
endloop
endfacet
facet normal 0 0 -1
outer loop
vertex 73.554443359375 -67.40100860595703 5.300000190734863
vertex 33.58216094970703 -59.476009368896484 5.300000190734863
vertex 33.882110595703125 -59.407386779785156 5.300000190734863
endloop
endfacet
facet normal 0 0 -1
outer loop
vertex 73.554443359375 -67.40100860595703 5.300000190734863
vertex 16.192829132080078 -59.48000717163086 5.300000190734863
vertex 33.58216094970703 -59.476009368896484 5.300000190734863
endloop
endfacet
facet normal 0 0 -1
outer loop
vertex 13.682159423828125 -62.65100860595703 5.300000190734863
vertex 73.554443359375 -67.40100860595703 5.300000190734863
vertex 54.554443359375 -67.40200805664062 5.300000190734863
endloop
endfacet
facet normal 0 0 -1
outer loop
vertex -8.608565330505371 34.06245803833008 5.300000190734863
vertex -3.989259719848633 40.865352630615234 5.300000190734863
vertex -5.898500919342041 33.737754821777344 5.300000190734863
endloop
endfacet
facet normal 0 0 -1
outer loop
vertex -8.878856658935547 34.134666442871094 5.300000190734863
vertex -3.989259719848633 40.865352630615234 5.300000190734863
vertex -8.608565330505371 34.06245803833008 5.300000190734863
endloop
endfacet
facet normal -0.00005251334771469918 0.9999999986188364 0.0000021623120227524505
outer loop
vertex 68.55442810058594 -67.4012680053711 1.350000023841858
vertex 3.1936018466949463 -67.40470886230469 5.300000190734863
vertex 54.554443359375 -67.40200805664062 3.5999999046325684
endloop
endfacet
facet normal -0.3755090385759431 -0.9268187319793287 0
outer loop
vertex -40.810455322265625 55.538291931152344 0
vertex -25.3046875 49.25598907470703 0
vertex -25.3046875 49.25598907470703 5.300000190734863
endloop
endfacet
facet normal -0.5062482162909023 -0.8623878150242382 0
outer loop
vertex -24.453489303588867 48.756309509277344 0
vertex -24.453489303588867 48.756309509277344 5.300000190734863
vertex -25.3046875 49.25598907470703 0
endloop
endfacet
facet normal -0.5804759605251557 -0.8142773847113757 0
outer loop
vertex -24.453489303588867 48.756309509277344 0
vertex -23.989013671875 48.42519760131836 0
vertex -23.989013671875 48.42519760131836 5.300000190734863
endloop
endfacet
facet normal -0.4546947301662944 -0.8906473501667205 0
outer loop
vertex -23.989013671875 48.42519760131836 0
vertex -23.61684799194336 48.235198974609375 0
vertex -23.61684799194336 48.235198974609375 5.300000190734863
endloop
endfacet
facet normal -0.32220405801754476 -0.946670240895438 0
outer loop
vertex -23.61684799194336 48.235198974609375 0
vertex -23.275676727294922 48.11907958984375 0
vertex -23.275676727294922 48.11907958984375 5.300000190734863
endloop
endfacet
facet normal -0.25957108289207165 -0.9657240045304027 0
outer loop
vertex -23.275676727294922 48.11907958984375 0
vertex -7.487320899963379 43.875423431396484 0
vertex -7.487320899963379 43.875423431396484 5.300000190734863
endloop
endfacet
facet normal -0.48830929848570304 -0.8726706303138663 0
outer loop
vertex -3.3753879070281982 40.301963806152344 0
vertex -3.010734796524048 40.09791946411133 0
vertex -3.010734796524048 40.09791946411133 5.300000190734863
endloop
endfacet
facet normal -0.34781043895898844 -0.9375648769824709 0
outer loop
vertex -3.010734796524048 40.09791946411133 0
vertex -2.6189637184143066 39.95258331298828 0
vertex -2.6189637184143066 39.95258331298828 5.300000190734863
endloop
endfacet
facet normal -0.7311459761174754 -0.6822210503987866 0
outer loop
vertex -3.989259719848633 40.865352630615234 0
vertex -3.704188108444214 40.559837341308594 0
vertex -3.704188108444214 40.559837341308594 5.300000190734863
endloop
endfacet
facet normal -0.8357099682604304 -0.5491710561839094 0
outer loop
vertex -4.49875545501709 41.64068603515625 0
vertex -3.989259719848633 40.865352630615234 0
vertex -3.989259719848633 40.865352630615234 5.300000190734863
endloop
endfacet
facet normal -0.772032538079051 -0.6355830080699283 0
outer loop
vertex -4.49875545501709 41.64068603515625 0
vertex -4.49875545501709 41.64068603515625 5.300000190734863
vertex -5.0760111808776855 42.34186935424805 0
endloop
endfacet
facet normal -0.6171266358678754 -0.7868638480082808 0
outer loop
vertex -3.704188108444214 40.559837341308594 0
vertex -3.3753879070281982 40.301963806152344 0
vertex -3.3753879070281982 40.301963806152344 5.300000190734863
endloop
endfacet
facet normal -0.19897813188763164 -0.9800039301097258 0
outer loop
vertex -2.6189637184143066 39.95258331298828 0
vertex -2.209458589553833 39.86943817138672 0
vertex -2.209458589553833 39.86943817138672 5.300000190734863
endloop
endfacet
facet normal -0.060707778551385136 -0.9981555818725636 0
outer loop
vertex -2.209458589553833 39.86943817138672 0
vertex -1.873273253440857 39.84899139404297 0
vertex -1.873273253440857 39.84899139404297 5.300000190734863
endloop
endfacet
facet normal -0.3973708975127247 -0.9176580898188232 0
outer loop
vertex -6.581567764282227 43.48320770263672 0
vertex -6.581567764282227 43.48320770263672 5.300000190734863
vertex -7.487320899963379 43.875423431396484 0
endloop
endfacet
facet normal -0.9999999845093405 0.0001760151094280391 0
outer loop
vertex 77.57130432128906 -20.890615463256836 3.8963317050350803e-16
vertex 77.57087707519531 -23.317941665649414 0
vertex 77.57130432128906 -20.890615463256836 5.300000190734863
endloop
endfacet
facet normal -0.5360851081272514 -0.8441639395545116 0
outer loop
vertex -5.8148722648620605 42.99631881713867 0
vertex -5.8148722648620605 42.99631881713867 5.300000190734863
vertex -6.581567764282227 43.48320770263672 0
endloop
endfacet
facet normal -0.5062482162909023 -0.8623878150242382 0
outer loop
vertex -25.3046875 49.25598907470703 5.300000190734863
vertex -25.3046875 49.25598907470703 0
vertex -24.453489303588867 48.756309509277344 5.300000190734863
endloop
endfacet
facet normal -0.5804759605251557 -0.8142773847113757 0
outer loop
vertex -24.453489303588867 48.756309509277344 5.300000190734863
vertex -24.453489303588867 48.756309509277344 0
vertex -23.989013671875 48.42519760131836 5.300000190734863
endloop
endfacet
facet normal -0.4546947301662944 -0.8906473501667205 0
outer loop
vertex -23.989013671875 48.42519760131836 5.300000190734863
vertex -23.989013671875 48.42519760131836 0
vertex -23.61684799194336 48.235198974609375 5.300000190734863
endloop
endfacet
facet normal -0.32220405801754476 -0.946670240895438 0
outer loop
vertex -23.61684799194336 48.235198974609375 5.300000190734863
vertex -23.61684799194336 48.235198974609375 0
vertex -23.275676727294922 48.11907958984375 5.300000190734863
endloop
endfacet
facet normal 0 0 -1
outer loop
vertex -44.33509826660156 51.242210388183594 5.300000190734863
vertex -44.60961151123047 51.408966064453125 5.300000190734863
vertex -27.438703536987305 44.3710823059082 5.300000190734863
endloop
endfacet
facet normal 0 0 -1
outer loop
vertex -27.438703536987305 44.3710823059082 5.300000190734863
vertex -44.60961151123047 51.408966064453125 5.300000190734863
vertex -44.787906646728516 51.60844802856445 5.300000190734863
endloop
endfacet
facet normal 0 0 -1
outer loop
vertex -27.438703536987305 44.3710823059082 5.300000190734863
vertex -44.787906646728516 51.60844802856445 5.300000190734863
vertex -40.810455322265625 55.538291931152344 5.300000190734863
endloop
endfacet
facet normal 0.08834520502396091 0.9960895569757413 0.0008480761437961219
outer loop
vertex -62.27212905883789 -72.08889770507812 5.300000190734863
vertex -61.62189483642578 -72.14656829833984 5.300000190734863
vertex -61.60557556152344 -72.14656829833984 3.5999999046325684
endloop
endfacet
facet normal 0 0 -1
outer loop
vertex -27.438703536987305 44.3710823059082 5.300000190734863
vertex -40.810455322265625 55.538291931152344 5.300000190734863
vertex -25.3046875 49.25598907470703 5.300000190734863
endloop
endfacet
facet normal 0 0 -1
outer loop
vertex -25.3046875 49.25598907470703 5.300000190734863
vertex -27.1143856048584 43.8672981262207 5.300000190734863
vertex -27.438703536987305 44.3710823059082 5.300000190734863
endloop
endfacet
facet normal 0 0 -1
outer loop
vertex -26.68784523010254 43.55223846435547 5.300000190734863
vertex -26.922378540039062 43.68098068237305 5.300000190734863
vertex -24.453489303588867 48.756309509277344 5.300000190734863
endloop
endfacet
facet normal 0 0 -1
outer loop
vertex 12.971489906311035 34.5529899597168 5.300000190734863
vertex 8.749096870422363 39.852691650390625 5.300000190734863
vertex 9.163479804992676 39.90648651123047 5.300000190734863
endloop
endfacet
facet normal 0 0 -1
outer loop
vertex -24.453489303588867 48.756309509277344 5.300000190734863
vertex -23.989013671875 48.42519760131836 5.300000190734863
vertex -26.68784523010254 43.55223846435547 5.300000190734863
endloop
endfacet
facet normal 0 0 -1
outer loop
vertex -24.453489303588867 48.756309509277344 5.300000190734863
vertex -27.1143856048584 43.8672981262207 5.300000190734863
vertex -25.3046875 49.25598907470703 5.300000190734863
endloop
endfacet
facet normal 0 0 -1
outer loop
vertex -23.989013671875 48.42519760131836 5.300000190734863
vertex -23.61684799194336 48.235198974609375 5.300000190734863
vertex -26.68784523010254 43.55223846435547 5.300000190734863
endloop
endfacet
facet normal 0 0 -1
outer loop
vertex -23.61684799194336 48.235198974609375 5.300000190734863
vertex -23.275676727294922 48.11907958984375 5.300000190734863
vertex -26.68784523010254 43.55223846435547 5.300000190734863
endloop
endfacet
facet normal -0.3755090385759431 -0.9268187319793287 0
outer loop
vertex -40.810455322265625 55.538291931152344 5.300000190734863
vertex -40.810455322265625 55.538291931152344 0
vertex -25.3046875 49.25598907470703 5.300000190734863
endloop
endfacet
facet normal -0.25957108289207165 -0.9657240045304027 0
outer loop
vertex -23.275676727294922 48.11907958984375 5.300000190734863
vertex -23.275676727294922 48.11907958984375 0
vertex -7.487320899963379 43.875423431396484 5.300000190734863
endloop
endfacet
facet normal -0.48830929848570304 -0.8726706303138663 0
outer loop
vertex -3.3753879070281982 40.301963806152344 5.300000190734863
vertex -3.3753879070281982 40.301963806152344 0
vertex -3.010734796524048 40.09791946411133 5.300000190734863
endloop
endfacet
facet normal -0.34781043895898844 -0.9375648769824709 0
outer loop
vertex -3.010734796524048 40.09791946411133 5.300000190734863
vertex -3.010734796524048 40.09791946411133 0
vertex -2.6189637184143066 39.95258331298828 5.300000190734863
endloop
endfacet
facet normal -0.19897813188763164 -0.9800039301097258 0
outer loop
vertex -2.6189637184143066 39.95258331298828 5.300000190734863
vertex -2.6189637184143066 39.95258331298828 0
vertex -2.209458589553833 39.86943817138672 5.300000190734863
endloop
endfacet
facet normal -0.7311459761174754 -0.6822210503987866 0
outer loop
vertex -3.989259719848633 40.865352630615234 5.300000190734863
vertex -3.989259719848633 40.865352630615234 0
vertex -3.704188108444214 40.559837341308594 5.300000190734863
endloop
endfacet
facet normal -0.8357099682604304 -0.5491710561839094 0
outer loop
vertex -4.49875545501709 41.64068603515625 5.300000190734863
vertex -4.49875545501709 41.64068603515625 0
vertex -3.989259719848633 40.865352630615234 5.300000190734863
endloop
endfacet
facet normal -0.772032538079051 -0.6355830080699283 0
outer loop
vertex -5.0760111808776855 42.34186935424805 5.300000190734863
vertex -5.0760111808776855 42.34186935424805 0
vertex -4.49875545501709 41.64068603515625 5.300000190734863
endloop
endfacet
facet normal -0.6630520764569965 -0.7485732722359684 0
outer loop
vertex -5.8148722648620605 42.99631881713867 0
vertex -5.0760111808776855 42.34186935424805 0
vertex -5.0760111808776855 42.34186935424805 5.300000190734863
endloop
endfacet
facet normal -0.6171266358678754 -0.7868638480082808 0
outer loop
vertex -3.704188108444214 40.559837341308594 5.300000190734863
vertex -3.704188108444214 40.559837341308594 0
vertex -3.3753879070281982 40.301963806152344 5.300000190734863
endloop
endfacet
facet normal -0.000331075483332235 -0.9999999451945094 -5.089765207145269e-8
outer loop
vertex 71.9425048828125 46.9612922668457 3.5999999046325684
vertex 52.942501068115234 46.96758270263672 3.5999999046325684
vertex 71.96610260009766 46.96128463745117 0
endloop
endfacet
facet normal 0.5595782135560988 -0.8287775473028725 0
outer loop
vertex 27.164735794067383 42.576168060302734 0
vertex 27.511049270629883 42.809993743896484 0
vertex 27.511049270629883 42.809993743896484 5.300000190734863
endloop
endfacet
facet normal 0.6807590034996346 -0.732507460135516 0
outer loop
vertex 27.511049270629883 42.809993743896484 0
vertex 27.817134857177734 43.09445571899414 0
vertex 27.817134857177734 43.09445571899414 5.300000190734863
endloop
endfacet
facet normal 0.999999999345788 0.00003617214320596556 0
outer loop
vertex -67.42079162597656 13.663003921508789 5.300000190734863
vertex -67.42083740234375 14.928518295288086 0
vertex -67.42083740234375 14.928518295288086 5.300000190734863
endloop
endfacet
facet normal 0.0000212810604145107 0.9999999997735581 0
outer loop
vertex -42.60557556152344 -72.14697265625 5.300000190734863
vertex -4.2453999519348145 -72.14778900146484 5.300000190734863
vertex -42.60557556152344 -72.14697265625 3.5999999046325684
endloop
endfacet
facet normal 0 0 -1
outer loop
vertex -4.49875545501709 41.64068603515625 5.300000190734863
vertex -9.294585227966309 34.46385955810547 5.300000190734863
vertex -9.422505378723145 34.69884490966797 5.300000190734863
endloop
endfacet
facet normal 0 0 -1
outer loop
vertex -9.4733304977417 35.2266845703125 5.300000190734863
vertex -5.0760111808776855 42.34186935424805 5.300000190734863
vertex -9.422505378723145 34.69884490966797 5.300000190734863
endloop
endfacet
facet normal 0.1960442122354663 0.9805950575283232 0
outer loop
vertex -62.27212905883789 -72.08889770507812 5.300000190734863
vertex -62.27212905883789 -72.08889770507812 0
vertex -62.91225051879883 -71.96092224121094 5.300000190734863
endloop
endfacet
facet normal 0.30143899041570765 0.9534854666208389 0
outer loop
vertex -62.91225051879883 -71.96092224121094 5.300000190734863
vertex -62.91225051879883 -71.96092224121094 0
vertex -63.5346794128418 -71.76414489746094 5.300000190734863
endloop
endfacet
facet normal 0.4032486983522534 0.9150904257379231 0
outer loop
vertex -63.5346794128418 -71.76414489746094 5.300000190734863
vertex -63.5346794128418 -71.76414489746094 0
vertex -64.13204193115234 -71.50090789794922 5.300000190734863
endloop
endfacet
facet normal 0.5914011569531261 0.8063774994098631 0
outer loop
vertex -64.69725799560547 -71.17432403564453 5.300000190734863
vertex -64.69725799560547 -71.17432403564453 0
vertex -65.2236557006836 -70.78826141357422 5.300000190734863
endloop
endfacet
facet normal 0.5002943436360694 0.8658553976997282 0
outer loop
vertex -64.13204193115234 -71.50090789794922 5.300000190734863
vertex -64.13204193115234 -71.50090789794922 0
vertex -64.69725799560547 -71.17432403564453 5.300000190734863
endloop
endfacet
facet normal 0.08522054529933634 0.9963620373232032 -0.00038631598414151983
outer loop
vertex -61.60557556152344 -72.14656829833984 3.5999999046325684
vertex -61.62189483642578 -72.14656829833984 0
vertex -62.27212905883789 -72.08889770507812 5.300000190734863
endloop
endfacet
facet normal 0.9981637199905427 0.06057382351017232 0
outer loop
vertex -67.37266540527344 -66.8779296875 5.300000190734863
vertex -67.41783905029297 -66.13353729248047 0
vertex -67.41783905029297 -66.13353729248047 5.300000190734863
endloop
endfacet
facet normal 0.9845672517459301 0.17500664784363568 0
outer loop
vertex -67.2584228515625 -67.52064514160156 5.300000190734863
vertex -67.2584228515625 -67.52064514160156 0
vertex -67.37266540527344 -66.8779296875 5.300000190734863
endloop
endfacet
facet normal 0.9597246491133412 0.28094233907382843 0
outer loop
vertex -67.07502746582031 -68.14714050292969 5.300000190734863
vertex -67.07502746582031 -68.14714050292969 0
vertex -67.2584228515625 -67.52064514160156 5.300000190734863
endloop
endfacet
facet normal 0.9235168435688668 0.3835578700073789 0
outer loop
vertex -66.82464599609375 -68.75 5.300000190734863
vertex -66.82464599609375 -68.75 0
vertex -67.07502746582031 -68.14714050292969 5.300000190734863
endloop
endfacet
facet normal 0.8763774860875949 0.481624855960308 0
outer loop
vertex -66.51024627685547 -69.32209014892578 5.300000190734863
vertex -66.51024627685547 -69.32209014892578 0
vertex -66.82464599609375 -68.75 5.300000190734863
endloop
endfacet
facet normal 0.8188534317179748 0.5740026632026162 0
outer loop
vertex -66.13554382324219 -69.85662841796875 5.300000190734863
vertex -66.13554382324219 -69.85662841796875 0
vertex -66.51024627685547 -69.32209014892578 5.300000190734863
endloop
endfacet
facet normal 0 0 -1
outer loop
vertex -62.06806945800781 26.980512619018555 5.300000190734863
vertex -65.11946105957031 -25.6024169921875 5.300000190734863
vertex -65.1202163696289 -6.602417469024658 5.300000190734863
endloop
endfacet
facet normal 0.675523490853107 0.7373384659066907 0
outer loop
vertex -65.2236557006836 -70.78826141357422 5.300000190734863
vertex -65.2236557006836 -70.78826141357422 0
vertex -65.7049789428711 -70.3472900390625 5.300000190734863
endloop
endfacet
facet normal 0 0 -1
outer loop
vertex -62.06806945800781 26.980512619018555 5.300000190734863
vertex -65.1202163696289 -6.602417469024658 5.300000190734863
vertex -65.12026977539062 -5.3369035720825195 5.300000190734863
endloop
endfacet
facet normal 0.7516376320563026 0.6595762807111805 0
outer loop
vertex -65.7049789428711 -70.3472900390625 5.300000190734863
vertex -65.7049789428711 -70.3472900390625 0
vertex -66.13554382324219 -69.85662841796875 5.300000190734863
endloop
endfacet
facet normal -0.2752430530838441 0.39265339692665185 -0.8775332310579728
outer loop
vertex -0.712221086025238 -70.86871337890625 0
vertex -1.2467602491378784 -71.24341583251953 0
vertex -4.674361705780029 -61.801239013671875 5.300000190734863
endloop
endfacet
facet normal -0.7373420596203799 0.6755195682693258 0
outer loop
vertex 0.2194139063358307 -69.95681762695312 0
vertex -0.22155974805355072 -70.43814849853516 0
vertex -0.22155974805355072 -70.43814849853516 5.300000190734863
endloop
endfacet
facet normal -0.6595764957286628 0.7516374433743287 0
outer loop
vertex -0.22155974805355072 -70.43814849853516 5.300000190734863
vertex -0.22155974805355072 -70.43814849853516 0
vertex -0.712221086025238 -70.86871337890625 0
endloop
endfacet
facet normal -0.4816265517067933 0.876376554165516 0
outer loop
vertex -1.2467602491378784 -71.24341583251953 0
vertex -1.8188477754592896 -71.55781555175781 0
vertex -1.8188477754592896 -71.55781555175781 5.300000190734863
endloop
endfacet
facet normal -0.38355664096498954 0.9235173540175918 0
outer loop
vertex -1.8188477754592896 -71.55781555175781 0
vertex -2.4217095375061035 -71.80819702148438 0
vertex -2.4217095375061035 -71.80819702148438 5.300000190734863
endloop
endfacet
facet normal -0.2809412558360189 0.9597249662112998 0
outer loop
vertex -2.4217095375061035 -71.80819702148438 0
vertex -3.0482075214385986 -71.99159240722656 0
vertex -3.0482075214385986 -71.99159240722656 5.300000190734863
endloop
endfacet
facet normal -0.17500664784363568 0.9845672517459301 0
outer loop
vertex -3.0482075214385986 -71.99159240722656 0
vertex -3.690922975540161 -72.1058349609375 0
vertex -3.690922975540161 -72.1058349609375 5.300000190734863
endloop
endfacet
facet normal -0.07544850495738763 0.9971496994432155 0
outer loop
vertex -3.690922975540161 -72.1058349609375 0
vertex -4.2453999519348145 -72.14778900146484 0
vertex -4.2453999519348145 -72.14778900146484 5.300000190734863
endloop
endfacet
facet normal 0.000021497507609277773 0.9999999997662689 0.0000023063757298254196
outer loop
vertex -42.60557556152344 -72.14697265625 3.5999999046325684
vertex -4.2453999519348145 -72.14778900146484 0
vertex -48.39742660522461 -72.14684295654297 1.350000023841858
endloop
endfacet
facet normal 0.00002142698746507795 0.9999999997704422 0
outer loop
vertex -4.2453999519348145 -72.14778900146484 0
vertex -48.39742660522461 -72.14684295654297 0
vertex -48.39742660522461 -72.14684295654297 1.350000023841858
endloop
endfacet
facet normal 0 0 -1
outer loop
vertex -61.62189483642578 -72.14656829833984 5.300000190734863
vertex -5.049220561981201 -61.450958251953125 5.300000190734863
vertex -42.60557556152344 -72.14697265625 5.300000190734863
endloop
endfacet
facet normal 0 0 -1
outer loop
vertex -24.04922103881836 -59.075958251953125 5.300000190734863
vertex -23.674362182617188 -59.426239013671875 5.300000190734863
vertex -61.62189483642578 -72.14656829833984 5.300000190734863
endloop
endfacet
facet normal 0 0 -1
outer loop
vertex -67.42079162597656 13.663003921508789 5.300000190734863
vertex -67.42083740234375 14.928518295288086 5.300000190734863
vertex -65.12103271484375 13.66309642791748 5.300000190734863
endloop
endfacet
facet normal 0 0 -1
outer loop
vertex -65.12103271484375 13.66309642791748 5.300000190734863
vertex -67.42083740234375 14.928518295288086 5.300000190734863
vertex -65.12107849121094 14.928609848022461 5.300000190734863
endloop
endfacet
facet normal 0 0 -1
outer loop
vertex -23.674362182617188 -59.426239013671875 5.300000190734863
vertex -5.117840766906738 -61.15100860595703 5.300000190734863
vertex -61.62189483642578 -72.14656829833984 5.300000190734863
endloop
endfacet
facet normal 0 0 -1
outer loop
vertex -42.67436218261719 -57.051239013671875 5.300000190734863
vertex -24.181171417236328 -57.75079345703125 5.300000190734863
vertex -24.117841720581055 -58.77600860595703 5.300000190734863
endloop
endfacet
facet normal 0 0 -1
outer loop
vertex -24.04922103881836 -59.075958251953125 5.300000190734863
vertex -42.67436218261719 -57.051239013671875 5.300000190734863
vertex -24.117841720581055 -58.77600860595703 5.300000190734863
endloop
endfacet
facet normal 0 0 -1
outer loop
vertex -42.67436218261719 -57.051239013671875 5.300000190734863
vertex -24.72111701965332 -57.18307113647461 5.300000190734863
vertex -24.491933822631836 -57.321109771728516 5.300000190734863
endloop
endfacet
facet normal 0 0 -1
outer loop
vertex -62.06806945800781 26.980512619018555 5.300000190734863
vertex -65.12026977539062 -5.3369035720825195 5.300000190734863
vertex -65.12103271484375 13.66309642791748 5.300000190734863
endloop
endfacet
facet normal 0 0 -1
outer loop
vertex -24.72111701965332 -57.18307113647461 5.300000190734863
vertex -42.67436218261719 -57.051239013671875 5.300000190734863
vertex -24.978700637817383 -57.11073684692383 5.300000190734863
endloop
endfacet
facet normal 0 0 -1
outer loop
vertex -42.67436218261719 -57.051239013671875 5.300000190734863
vertex -24.491933822631836 -57.321109771728516 5.300000190734863
vertex -24.307552337646484 -57.514976501464844 5.300000190734863
endloop
endfacet
facet normal 0 0 -1
outer loop
vertex -24.181171417236328 -57.75079345703125 5.300000190734863
vertex -42.67436218261719 -57.051239013671875 5.300000190734863
vertex -24.307552337646484 -57.514976501464844 5.300000190734863
endloop
endfacet
facet normal 0 0 -1
outer loop
vertex -62.06806945800781 26.980512619018555 5.300000190734863
vertex -65.12103271484375 13.66309642791748 5.300000190734863
vertex -65.12107849121094 14.928609848022461 5.300000190734863
endloop
endfacet
facet normal 0 0 -1
outer loop
vertex -5.049220561981201 -61.450958251953125 5.300000190734863
vertex -61.62189483642578 -72.14656829833984 5.300000190734863
vertex -5.117840766906738 -61.15100860595703 5.300000190734863
endloop
endfacet
facet normal 0 0 -1
outer loop
vertex -24.117841720581055 -58.77600860595703 5.300000190734863
vertex -24.181171417236328 -57.75079345703125 5.300000190734863
vertex -24.12183952331543 -58.01167678833008 5.300000190734863
endloop
endfacet
facet normal 0 0 -1
outer loop
vertex -62.06806945800781 26.980512619018555 5.300000190734863
vertex -65.12107849121094 14.928609848022461 5.300000190734863
vertex -65.12184143066406 33.92860794067383 5.300000190734863
endloop
endfacet
facet normal 0 0 -1
outer loop
vertex -62.06806945800781 26.980512619018555 5.300000190734863
vertex -65.12184143066406 33.92860794067383 5.300000190734863
vertex -61.71779251098633 27.355371475219727 5.300000190734863
endloop
endfacet
facet normal 0 0 -1
outer loop
vertex -61.71779251098633 27.355371475219727 5.300000190734863
vertex -65.12184143066406 33.92860794067383 5.300000190734863
vertex -61.41783905029297 27.423992156982422 5.300000190734863
endloop
endfacet
facet normal 0.000021281060414510703 0.9999999997735582 0
outer loop
vertex -4.2453999519348145 -72.14778900146484 5.300000190734863
vertex -4.2453999519348145 -72.14778900146484 0
vertex -42.60557556152344 -72.14697265625 3.5999999046325684
endloop
endfacet
facet normal 0 0 -1
outer loop
vertex -61.41783905029297 27.423992156982422 5.300000190734863
vertex -65.12184143066406 33.92860794067383 5.300000190734863
vertex -44.58128356933594 27.798084259033203 5.300000190734863
endloop
endfacet
facet normal 0 0 -1
outer loop
vertex -53.33560562133789 33.31144332885742 5.300000190734863
vertex -53.10247802734375 32.826900482177734 5.300000190734863
vertex -65.12184143066406 33.92860794067383 5.300000190734863
endloop
endfacet
facet normal 0 0 -1
outer loop
vertex -61.41783905029297 27.423992156982422 5.300000190734863
vertex -45.010963439941406 27.487321853637695 5.300000190734863
vertex -45.2718505859375 27.427989959716797 5.300000190734863
endloop
endfacet
facet normal 0 0 -1
outer loop
vertex -45.010963439941406 27.487321853637695 5.300000190734863
vertex -61.41783905029297 27.423992156982422 5.300000190734863
vertex -44.58128356933594 27.798084259033203 5.300000190734863
endloop
endfacet
facet normal 0 0 -1
outer loop
vertex -65.12184143066406 33.92860794067383 5.300000190734863
vertex -53.10247802734375 32.826900482177734 5.300000190734863
vertex -44.58128356933594 27.798084259033203 5.300000190734863
endloop
endfacet
facet normal 0 0 -1
outer loop
vertex -44.58128356933594 27.798084259033203 5.300000190734863
vertex -53.10247802734375 32.826900482177734 5.300000190734863
vertex -45.00719451904297 29.511646270751953 5.300000190734863
endloop
endfacet
facet normal 0 0 -1
outer loop
vertex -45.010963439941406 27.487321853637695 5.300000190734863
vertex -44.58128356933594 27.798084259033203 5.300000190734863
vertex -44.775150299072266 27.61370277404785 5.300000190734863
endloop
endfacet
facet normal 0 0 -1
outer loop
vertex -44.58128356933594 27.798084259033203 5.300000190734863
vertex -44.43113327026367 28.892126083374023 5.300000190734863
vertex -44.443241119384766 28.02726936340332 5.300000190734863
endloop
endfacet
facet normal 0 0 -1
outer loop
vertex -44.443241119384766 28.02726936340332 5.300000190734863
vertex -44.43113327026367 28.892126083374023 5.300000190734863
vertex -44.370906829833984 28.28485107421875 5.300000190734863
endloop
endfacet
facet normal 0 0 -1
outer loop
vertex -44.58128356933594 27.798084259033203 5.300000190734863
vertex -45.00719451904297 29.511646270751953 5.300000190734863
vertex -44.43113327026367 28.892126083374023 5.300000190734863
endloop
endfacet
facet normal 0 0 -1
outer loop
vertex -45.00719451904297 29.511646270751953 5.300000190734863
vertex -44.722023010253906 29.33550262451172 5.300000190734863
vertex -44.546653747558594 29.133447647094727 5.300000190734863
endloop
endfacet
facet normal 0 0 -1
outer loop
vertex -44.43113327026367 28.892126083374023 5.300000190734863
vertex -45.00719451904297 29.511646270751953 5.300000190734863
vertex -44.546653747558594 29.133447647094727 5.300000190734863
endloop
endfacet
facet normal -0.07544850495738763 0.9971496994432155 0
outer loop
vertex -3.690922975540161 -72.1058349609375 5.300000190734863
vertex -3.690922975540161 -72.1058349609375 0
vertex -4.2453999519348145 -72.14778900146484 5.300000190734863
endloop
endfacet
facet normal -0.17500664784363568 0.9845672517459301 0
outer loop
vertex -3.0482075214385986 -71.99159240722656 5.300000190734863
vertex -3.0482075214385986 -71.99159240722656 0
vertex -3.690922975540161 -72.1058349609375 5.300000190734863
endloop
endfacet
facet normal -0.2809412558360189 0.9597249662112998 0
outer loop
vertex -2.4217095375061035 -71.80819702148438 5.300000190734863
vertex -2.4217095375061035 -71.80819702148438 0
vertex -3.0482075214385986 -71.99159240722656 5.300000190734863
endloop
endfacet
facet normal -0.38355664096498954 0.9235173540175918 0
outer loop
vertex -1.8188477754592896 -71.55781555175781 5.300000190734863
vertex -1.8188477754592896 -71.55781555175781 0
vertex -2.4217095375061035 -71.80819702148438 5.300000190734863
endloop
endfacet
facet normal 0.9999999993457875 0.00003617215683538677 0
outer loop
vertex -67.4200439453125 -6.602509498596191 5.300000190734863
vertex -67.4200439453125 -6.602509498596191 2.5584057577543798e-14
vertex -67.42008972167969 -5.336995601654053 0
endloop
endfacet
facet normal -0.9528737592289845 -0.27888309825623075 -0.11939772393068794
outer loop
vertex -1.2467602491378784 -71.24341583251953 0
vertex -1.8188477754592896 -71.55781555175781 5.300000190734863
vertex -4.674361705780029 -61.801239013671875 5.300000190734863
endloop
endfacet
facet normal 0.8825480394552668 0.4550020634998336 -0.1186679411827743
outer loop
vertex -0.22155974805355072 -70.43814849853516 5.300000190734863
vertex -0.712221086025238 -70.86871337890625 0
vertex -4.674361705780029 -61.801239013671875 5.300000190734863
endloop
endfacet
facet normal 0 0 -1
outer loop
vertex -42.60557556152344 -72.14697265625 5.300000190734863
vertex -5.049220561981201 -61.450958251953125 5.300000190734863
vertex -4.2453999519348145 -72.14778900146484 5.300000190734863
endloop
endfacet
facet normal 0.7856348725389973 -0.6186904290924771 0
outer loop
vertex 27.817134857177734 43.09445571899414 0
vertex 28.075660705566406 43.4227409362793 0
vertex 28.075660705566406 43.4227409362793 5.300000190734863
endloop
endfacet
facet normal 0.8543212286425628 -0.5197453590852562 0
outer loop
vertex 28.075660705566406 43.4227409362793 0
vertex 28.74591827392578 44.52446365356445 0
vertex 28.74591827392578 44.52446365356445 5.300000190734863
endloop
endfacet
facet normal 0.7543740425174742 -0.6564448217297811 0
outer loop
vertex 28.74591827392578 44.52446365356445 0
vertex 29.39384651184082 45.26905059814453 0
vertex 29.39384651184082 45.26905059814453 5.300000190734863
endloop
endfacet
facet normal 0 0 -1
outer loop
vertex -5.117840766906738 -61.15100860595703 5.300000190734863
vertex -23.674362182617188 -59.426239013671875 5.300000190734863
vertex -5.117840766906738 -60.476009368896484 5.300000190734863
endloop
endfacet
facet normal 0.999999999345788 0.000036172143205965565 0
outer loop
vertex -67.41929626464844 -26.868022918701172 5.300000190734863
vertex -67.41929626464844 -26.868022918701172 3.233763083698715e-14
vertex -67.41934204101562 -25.602508544921875 0
endloop
endfacet
facet normal 0.6423487131703294 -0.7664125068710859 0
outer loop
vertex 29.39384651184082 45.26905059814453 0
vertex 30.08992576599121 45.85245132446289 0
vertex 30.08992576599121 45.85245132446289 5.300000190734863
endloop
endfacet
facet normal -0.0003311290025763352 -0.9999999451767346 -3.3371123900847783e-7
outer loop
vertex 52.942501068115234 46.96758270263672 3.5999999046325684
vertex 33.59206771850586 46.97399139404297 0
vertex 71.96610260009766 46.96128463745117 0
endloop
endfacet
facet normal 0 0 -1
outer loop
vertex -5.117840766906738 -60.476009368896484 5.300000190734863
vertex -23.674362182617188 -59.426239013671875 5.300000190734863
vertex -5.153631210327148 -60.21086502075195 5.300000190734863
endloop
endfacet
facet normal 0 0 -1
outer loop
vertex -5.153631210327148 -60.21086502075195 5.300000190734863
vertex -23.674362182617188 -59.426239013671875 5.300000190734863
vertex -6.117840766906738 -59.476009368896484 5.300000190734863
endloop
endfacet
facet normal 0 0 -1
outer loop
vertex -3.690922975540161 -72.1058349609375 5.300000190734863
vertex -4.2453999519348145 -72.14778900146484 5.300000190734863
vertex -4.674361705780029 -61.801239013671875 5.300000190734863
endloop
endfacet
facet normal 0 0 -1
outer loop
vertex -3.0482075214385986 -71.99159240722656 5.300000190734863
vertex -3.690922975540161 -72.1058349609375 5.300000190734863
vertex -4.674361705780029 -61.801239013671875 5.300000190734863
endloop
endfacet
facet normal -0.7373420596203799 0.6755195682693258 0
outer loop
vertex 0.2194139063358307 -69.95681762695312 0
vertex -0.22155974805355072 -70.43814849853516 5.300000190734863
vertex 0.2194139063358307 -69.95681762695312 5.300000190734863
endloop
endfacet
facet normal -0.8063720400093187 0.5914086007923874 0
outer loop
vertex 0.6054784059524536 -69.43042755126953 5.300000190734863
vertex 0.6054784059524536 -69.43042755126953 0
vertex 0.2194139063358307 -69.95681762695312 5.300000190734863
endloop
endfacet
facet normal -0.8642808191049766 0.5030096079869952 0
outer loop
vertex 1.088928461074829 -68.5997543334961 5.300000190734863
vertex 1.088928461074829 -68.5997543334961 0
vertex 0.6054784059524536 -69.43042755126953 5.300000190734863
endloop
endfacet
facet normal -0.7856344565375076 0.6186909573454383 0
outer loop
vertex 1.3474546670913696 -68.27146911621094 5.300000190734863
vertex 1.3474546670913696 -68.27146911621094 0
vertex 1.088928461074829 -68.5997543334961 5.300000190734863
endloop
endfacet
facet normal -0.6807585767179056 0.7325078567667459 0
outer loop
vertex 1.6535406112670898 -67.98700714111328 5.300000190734863
vertex 1.6535406112670898 -67.98700714111328 0
vertex 1.3474546670913696 -68.27146911621094 5.300000190734863
endloop
endfacet
facet normal -0.5595779489454631 0.8287777259639574 0
outer loop
vertex 1.999854326248169 -67.75318145751953 5.300000190734863
vertex 1.999854326248169 -67.75318145751953 0
vertex 1.6535406112670898 -67.98700714111328 5.300000190734863
endloop
endfacet
facet normal -0.060707778551385136 -0.9981555818725636 0
outer loop
vertex -2.209458589553833 39.86943817138672 5.300000190734863
vertex -2.209458589553833 39.86943817138672 0
vertex -1.873273253440857 39.84899139404297 5.300000190734863
endloop
endfacet
facet normal -0.4249808761984567 0.905202328137523 0
outer loop
vertex 2.378100633621216 -67.57559967041016 5.300000190734863
vertex 2.378100633621216 -67.57559967041016 0
vertex 1.999854326248169 -67.75318145751953 5.300000190734863
endloop
endfacet
facet normal 0 0 -1
outer loop
vertex -9.108939170837402 34.27120590209961 5.300000190734863
vertex -4.49875545501709 41.64068603515625 5.300000190734863
vertex -8.878856658935547 34.134666442871094 5.300000190734863
endloop
endfacet
facet normal 0.000021281995266474912 0.9999999997694452 0.0000028611381538867705
outer loop
vertex -61.60557556152344 -72.14656829833984 3.5999999046325684
vertex -42.60557556152344 -72.14697265625 3.5999999046325684
vertex -48.39742660522461 -72.14684295654297 1.350000023841858
endloop
endfacet
facet normal 0.000020980834956307127 0.9999999997793046 0.0000010932401761627225
outer loop
vertex -56.39742660522461 -72.14667510986328 1.350000023841858
vertex -61.60557556152344 -72.14656829833984 3.5999999046325684
vertex -48.39742660522461 -72.14684295654297 1.350000023841858
endloop
endfacet
facet normal 0 0 -1
outer loop
vertex -76.76573944091797 41.73409652709961 5.300000190734863
vertex -77.1418228149414 42.5608024597168 5.300000190734863
vertex -76.5230712890625 47.9338264465332 5.300000190734863
endloop
endfacet
facet normal 0 0 -1
outer loop
vertex -76.2214584350586 40.910701751708984 5.300000190734863
vertex -76.76573944091797 41.73409652709961 5.300000190734863
vertex -74.53193664550781 46.782615661621094 5.300000190734863
endloop
endfacet
facet normal 0 0 -1
outer loop
vertex -74.53193664550781 46.782615661621094 5.300000190734863
vertex -75.60691833496094 40.2419548034668 5.300000190734863
vertex -76.2214584350586 40.910701751708984 5.300000190734863
endloop
endfacet
facet normal 0.000020468453449772703 0.9999999997905168 -9.278620208929134e-8
outer loop
vertex -61.60557556152344 -72.14656829833984 3.5999999046325684
vertex -56.39742660522461 -72.14667510986328 1.350000023841858
vertex -61.62189483642578 -72.14656829833984 0
endloop
endfacet
facet normal 0 0 -1
outer loop
vertex -76.5230712890625 47.9338264465332 5.300000190734863
vertex -77.40303802490234 43.51263427734375 5.300000190734863
vertex -77.50337219238281 44.415306091308594 5.300000190734863
endloop
endfacet
facet normal 0 0 -1
outer loop
vertex -76.5230712890625 47.9338264465332 5.300000190734863
vertex -77.50337219238281 44.415306091308594 5.300000190734863
vertex -77.45561981201172 45.40117645263672 5.300000190734863
endloop
endfacet
facet normal 0 0 -1
outer loop
vertex -76.5230712890625 47.9338264465332 5.300000190734863
vertex -77.45561981201172 45.40117645263672 5.300000190734863
vertex -77.27025604248047 46.29029083251953 5.300000190734863
endloop
endfacet
facet normal -0.28022726325609654 0.9599336856929225 0
outer loop
vertex 2.779219150543213 -67.45850372314453 5.300000190734863
vertex 2.779219150543213 -67.45850372314453 0
vertex 2.378100633621216 -67.57559967041016 5.300000190734863
endloop
endfacet
facet normal 0 0 -1
outer loop
vertex -74.53193664550781 46.782615661621094 5.300000190734863
vertex -76.76573944091797 41.73409652709961 5.300000190734863
vertex -76.5230712890625 47.9338264465332 5.300000190734863
endloop
endfacet
facet normal 0 0 -1
outer loop
vertex -77.27025604248047 46.29029083251953 5.300000190734863
vertex -76.91761016845703 47.213836669921875 5.300000190734863
vertex -76.69850158691406 47.63043975830078 5.300000190734863
endloop
endfacet
facet normal -0.5360851081272514 -0.8441639395545116 0
outer loop
vertex -6.581567764282227 43.48320770263672 5.300000190734863
vertex -6.581567764282227 43.48320770263672 0
vertex -5.8148722648620605 42.99631881713867 5.300000190734863
endloop
endfacet
facet normal -0.3973708975127247 -0.9176580898188232 0
outer loop
vertex -7.487320899963379 43.875423431396484 5.300000190734863
vertex -7.487320899963379 43.875423431396484 0
vertex -6.581567764282227 43.48320770263672 5.300000190734863
endloop
endfacet
facet normal -0.6630520764569965 -0.7485732722359684 0
outer loop
vertex -5.8148722648620605 42.99631881713867 5.300000190734863
vertex -5.8148722648620605 42.99631881713867 0
vertex -5.0760111808776855 42.34186935424805 5.300000190734863
endloop
endfacet
facet normal -0.999999984509345 0.0001760150834950198 0
outer loop
vertex 77.57506561279297 0.5367107391357422 5.300000190734863
vertex 77.57463836669922 -1.8906158208847046 0
vertex 77.57463836669922 -1.8906158208847046 5.300000190734863
endloop
endfacet
facet normal 0 0 -1
outer loop
vertex -2.4217095375061035 -71.80819702148438 5.300000190734863
vertex -3.0482075214385986 -71.99159240722656 5.300000190734863
vertex -4.674361705780029 -61.801239013671875 5.300000190734863
endloop
endfacet
facet normal 0 0 -1
outer loop
vertex -1.8188477754592896 -71.55781555175781 5.300000190734863
vertex -2.4217095375061035 -71.80819702148438 5.300000190734863
vertex -4.674361705780029 -61.801239013671875 5.300000190734863
endloop
endfacet
facet normal 0 0 -1
outer loop
vertex -0.22155974805355072 -70.43814849853516 5.300000190734863
vertex -4.674361705780029 -61.801239013671875 5.300000190734863
vertex 0.2194139063358307 -69.95681762695312 5.300000190734863
endloop
endfacet
facet normal 0 0 -1
outer loop
vertex 75.27914428710938 21.964401245117188 5.300000190734863
vertex 72.23239135742188 -54.282527923583984 5.300000190734863
vertex 75.28215789794922 40.96440124511719 5.300000190734863
endloop
endfacet
facet normal 0 0 -1
outer loop
vertex 75.27535247802734 -1.8902506828308105 5.300000190734863
vertex 75.27574157714844 0.5370758771896362 5.300000190734863
vertex 77.57463836669922 -1.8906158208847046 5.300000190734863
endloop
endfacet
facet normal 0 0 -1
outer loop
vertex 77.57506561279297 0.5367107391357422 5.300000190734863
vertex 77.57463836669922 -1.8906158208847046 5.300000190734863
vertex 75.27574157714844 0.5370758771896362 5.300000190734863
endloop
endfacet
facet normal 0 0 -1
outer loop
vertex 0.2194139063358307 -69.95681762695312 5.300000190734863
vertex -4.674361705780029 -61.801239013671875 5.300000190734863
vertex 0.6054784059524536 -69.43042755126953 5.300000190734863
endloop
endfacet
facet normal 0 0 -1
outer loop
vertex 0.6054784059524536 -69.43042755126953 5.300000190734863
vertex -4.674361705780029 -61.801239013671875 5.300000190734863
vertex 1.088928461074829 -68.5997543334961 5.300000190734863
endloop
endfacet
facet normal 0 0 -1
outer loop
vertex 1.088928461074829 -68.5997543334961 5.300000190734863
vertex -4.674361705780029 -61.801239013671875 5.300000190734863
vertex 1.3474546670913696 -68.27146911621094 5.300000190734863
endloop
endfacet
facet normal 0 0 -1
outer loop
vertex 1.3474546670913696 -68.27146911621094 5.300000190734863
vertex -4.674361705780029 -61.801239013671875 5.300000190734863
vertex 1.6535406112670898 -67.98700714111328 5.300000190734863
endloop
endfacet
facet normal 0.00002044447754075448 0.9999999997910117 0
outer loop
vertex -56.39742660522461 -72.14667510986328 0
vertex -61.62189483642578 -72.14656829833984 0
vertex -56.39742660522461 -72.14667510986328 1.350000023841858
endloop
endfacet
facet normal 0 0 -1
outer loop
vertex 75.28215789794922 40.96440124511719 5.300000190734863
vertex 72.23239135742188 -54.282527923583984 5.300000190734863
vertex 72.28215789794922 40.97399139404297 5.300000190734863
endloop
endfacet
facet normal 0 0 -1
outer loop
vertex 1.6535406112670898 -67.98700714111328 5.300000190734863
vertex -4.674361705780029 -61.801239013671875 5.300000190734863
vertex 1.999854326248169 -67.75318145751953 5.300000190734863
endloop
endfacet
facet normal 0 0 -1
outer loop
vertex 1.999854326248169 -67.75318145751953 5.300000190734863
vertex -4.674361705780029 -61.801239013671875 5.300000190734863
vertex 2.378100633621216 -67.57559967041016 5.300000190734863
endloop
endfacet
facet normal 0 0 -1
outer loop
vertex -76.5230712890625 47.9338264465332 5.300000190734863
vertex -77.27025604248047 46.29029083251953 5.300000190734863
vertex -76.69850158691406 47.63043975830078 5.300000190734863
endloop
endfacet
facet normal 0 0 -1
outer loop
vertex -6.117840766906738 -59.476009368896484 5.300000190734863
vertex -5.890794277191162 -59.50212478637695 5.300000190734863
vertex -5.153631210327148 -60.21086502075195 5.300000190734863
endloop
endfacet
facet normal 0 0 -1
outer loop
vertex -5.890794277191162 -59.50212478637695 5.300000190734863
vertex -5.6407036781311035 -59.5971794128418 5.300000190734863
vertex -5.424766540527344 -59.75514221191406 5.300000190734863
endloop
endfacet
facet normal 0 0 -1
outer loop
vertex -5.890794277191162 -59.50212478637695 5.300000190734863
vertex -5.424766540527344 -59.75514221191406 5.300000190734863
vertex -5.153631210327148 -60.21086502075195 5.300000190734863
endloop
endfacet
facet normal -0.9999999845093405 0.0001760151094280391 0
outer loop
vertex 77.57882690429688 21.96403694152832 5.300000190734863
vertex 77.57839965820312 19.536710739135742 0
vertex 77.57839965820312 19.536710739135742 5.300000190734863
endloop
endfacet
facet normal -0.12873898480232504 0.9916785133257988 0
outer loop
vertex 3.1936018466949463 -67.40470886230469 5.300000190734863
vertex 3.1936018466949463 -67.40470886230469 0
vertex 2.779219150543213 -67.45850372314453 5.300000190734863
endloop
endfacet
facet normal 0.5128172619026009 -0.8584977902678138 0
outer loop
vertex 30.08992576599121 45.85245132446289 0
vertex 30.937286376953125 46.35861587524414 0
vertex 30.937286376953125 46.35861587524414 5.300000190734863
endloop
endfacet
facet normal 0.3721415123727049 -0.9281760041979948 0
outer loop
vertex 30.937286376953125 46.35861587524414 0
vertex 31.780282974243164 46.69660568237305 0
vertex 31.780282974243164 46.69660568237305 5.300000190734863
endloop
endfacet
facet normal 0 0 -1
outer loop
vertex 77.57839965820312 19.536710739135742 5.300000190734863
vertex 75.27875518798828 19.53707504272461 5.300000190734863
vertex 75.27914428710938 21.964401245117188 5.300000190734863
endloop
endfacet
facet normal 0 0 -1
outer loop
vertex 77.57882690429688 21.96403694152832 5.300000190734863
vertex 77.57839965820312 19.536710739135742 5.300000190734863
vertex 75.27914428710938 21.964401245117188 5.300000190734863
endloop
endfacet
facet normal 0 0 -1
outer loop
vertex -62.06671142578125 61.77370834350586 5.300000190734863
vertex -61.22795486450195 67.02447509765625 5.300000190734863
vertex -61.84378433227539 61.75686264038086 5.300000190734863
endloop
endfacet
facet normal 0 0 -1
outer loop
vertex -62.44760513305664 61.619178771972656 5.300000190734863
vertex -61.22795486450195 67.02447509765625 5.300000190734863
vertex -62.06671142578125 61.77370834350586 5.300000190734863
endloop
endfacet
facet normal 0 0 -1
outer loop
vertex -62.44760513305664 61.619178771972656 5.300000190734863
vertex -65.02188873291016 63.23129653930664 5.300000190734863
vertex -64.06832885742188 66.71067810058594 5.300000190734863
endloop
endfacet
facet normal 0 0 -1
outer loop
vertex -65.71842956542969 65.7903060913086 5.300000190734863
vertex -64.89503479003906 66.33458709716797 5.300000190734863
vertex -65.02188873291016 63.23129653930664 5.300000190734863
endloop
endfacet
facet normal 0 0 -1
outer loop
vertex -8.991025924682617 38.7526969909668 5.300000190734863
vertex -26.68784523010254 43.55223846435547 5.300000190734863
vertex -7.487320899963379 43.875423431396484 5.300000190734863
endloop
endfacet
facet normal 0 0 -1
outer loop
vertex 34.93194580078125 -54.789337158203125 5.300000190734863
vertex 34.502262115478516 -55.100101470947266 5.300000190734863
vertex 34.696128845214844 -54.91571807861328 5.300000190734863
endloop
endfacet
facet normal 0 0 -1
outer loop
vertex 34.23238754272461 -59.032527923583984 5.300000190734863
vertex 34.93194580078125 -54.789337158203125 5.300000190734863
vertex 35.19282913208008 -54.73000717163086 5.300000190734863
endloop
endfacet
facet normal -0.00033119108698940726 -0.9999999451562305 0
outer loop
vertex 52.942501068115234 46.96758270263672 5.300000190734863
vertex 33.59206771850586 46.97399139404297 5.300000190734863
vertex 52.942501068115234 46.96758270263672 3.5999999046325684
endloop
endfacet
facet normal 0 0 -1
outer loop
vertex 34.23238754272461 -59.032527923583984 5.300000190734863
vertex 34.502262115478516 -55.100101470947266 5.300000190734863
vertex 34.93194580078125 -54.789337158203125 5.300000190734863
endloop
endfacet
facet normal 0 0 -1
outer loop
vertex 34.23238754272461 -59.032527923583984 5.300000190734863
vertex 34.364219665527344 -55.32928466796875 5.300000190734863
vertex 34.502262115478516 -55.100101470947266 5.300000190734863
endloop
endfacet
facet normal 0 0 -1
outer loop
vertex -74.83355712890625 39.628658294677734 5.300000190734863
vertex -74.53193664550781 46.782615661621094 5.300000190734863
vertex -72.20391845703125 44.67989730834961 5.300000190734863
endloop
endfacet
facet normal 0 0 -1
outer loop
vertex 73.554443359375 -67.40100860595703 5.300000190734863
vertex 15.931943893432617 -59.539337158203125 5.300000190734863
vertex 16.192829132080078 -59.48000717163086 5.300000190734863
endloop
endfacet
facet normal 0 0 -1
outer loop
vertex 73.554443359375 -67.40100860595703 5.300000190734863
vertex 15.696128845214844 -59.66571807861328 5.300000190734863
vertex 15.931943893432617 -59.539337158203125 5.300000190734863
endloop
endfacet
facet normal 0 0 -1
outer loop
vertex 71.83867645263672 41.62422180175781 5.300000190734863
vertex 33.58216094970703 41.67399215698242 5.300000190734863
vertex 33.59206771850586 46.97399139404297 5.300000190734863
endloop
endfacet
facet normal 0 0 -1
outer loop
vertex 34.23238754272461 -59.032527923583984 5.300000190734863
vertex 34.29188537597656 -55.58686828613281 5.300000190734863
vertex 34.364219665527344 -55.32928466796875 5.300000190734863
endloop
endfacet
facet normal 0 0 -1
outer loop
vertex 52.942501068115234 46.96758270263672 5.300000190734863
vertex 71.83867645263672 41.62422180175781 5.300000190734863
vertex 33.59206771850586 46.97399139404297 5.300000190734863
endloop
endfacet
facet normal 0 0 -1
outer loop
vertex 73.554443359375 -67.40100860595703 5.300000190734863
vertex 15.502262115478516 -59.850101470947266 5.300000190734863
vertex 15.696128845214844 -59.66571807861328 5.300000190734863
endloop
endfacet
facet normal 0 0 -1
outer loop
vertex 73.554443359375 -67.40100860595703 5.300000190734863
vertex 15.36422061920166 -60.07928466796875 5.300000190734863
vertex 15.502262115478516 -59.850101470947266 5.300000190734863
endloop
endfacet
facet normal 0 0 -1
outer loop
vertex 73.554443359375 -67.40100860595703 5.300000190734863
vertex 15.291886329650879 -60.33686828613281 5.300000190734863
vertex 15.36422061920166 -60.07928466796875 5.300000190734863
endloop
endfacet
facet normal 0 0 -1
outer loop
vertex -66.38717651367188 65.17576599121094 5.300000190734863
vertex -65.71842956542969 65.7903060913086 5.300000190734863
vertex -65.02188873291016 63.23129653930664 5.300000190734863
endloop
endfacet
facet normal -0.9992227771281339 -0.039418798413191264 0
outer loop
vertex 77.56360626220703 41.434425354003906 5.300000190734863
vertex 77.56360626220703 41.434425354003906 0
vertex 77.58216094970703 40.96408462524414 5.300000190734863
endloop
endfacet
facet normal -0.9874081518146937 -0.15819336816027005 0
outer loop
vertex 77.40721893310547 42.410560607910156 5.300000190734863
vertex 77.40721893310547 42.410560607910156 0
vertex 77.56360626220703 41.434425354003906 5.300000190734863
endloop
endfacet
facet normal 0 0 -1
outer loop
vertex -65.02188873291016 63.23129653930664 5.300000190734863
vertex -67.00047302246094 64.40240478515625 5.300000190734863
vertex -66.38717651367188 65.17576599121094 5.300000190734863
endloop
endfacet
facet normal -0.14141943638177243 -0.989949335866264 -0.0009248953479218965
outer loop
vertex 71.9425048828125 46.9612922668457 3.5999999046325684
vertex 71.96610260009766 46.96128463745117 0
vertex 72.9425048828125 46.81684875488281 5.300000190734863
endloop
endfacet
facet normal -0.29934382334547077 -0.9541453114829606 0
outer loop
vertex 72.9425048828125 46.81684875488281 5.300000190734863
vertex 72.9425048828125 46.81684875488281 0
vertex 73.80908966064453 46.54497528076172 5.300000190734863
endloop
endfacet
facet normal -0.44672501329094655 -0.8946713153444696 0
outer loop
vertex 73.80908966064453 46.54497528076172 5.300000190734863
vertex 73.80908966064453 46.54497528076172 0
vertex 74.69215393066406 46.10404586791992 5.300000190734863
endloop
endfacet
facet normal -0.5812362071652315 -0.8137348901701194 0
outer loop
vertex 74.69215393066406 46.10404586791992 5.300000190734863
vertex 74.69215393066406 46.10404586791992 0
vertex 75.43121337890625 45.576148986816406 5.300000190734863
endloop
endfacet
facet normal -0.8054846609029311 -0.5926166223201051 0
outer loop
vertex 76.13336181640625 44.8824577331543 5.300000190734863
vertex 76.13336181640625 44.8824577331543 0
vertex 76.67159271240234 44.15089416503906 5.300000190734863
endloop
endfacet
facet normal -0.949840731632363 -0.3127340476061044 0
outer loop
vertex 77.12318420410156 43.27323532104492 5.300000190734863
vertex 77.12318420410156 43.27323532104492 0
vertex 77.40721893310547 42.410560607910156 5.300000190734863
endloop
endfacet
facet normal -0.8891954471908633 -0.4575275474712321 0
outer loop
vertex 76.67159271240234 44.15089416503906 5.300000190734863
vertex 76.67159271240234 44.15089416503906 0
vertex 77.12318420410156 43.27323532104492 5.300000190734863
endloop
endfacet
facet normal -0.7028096271637406 -0.7113779782689115 0
outer loop
vertex 75.43121337890625 45.576148986816406 5.300000190734863
vertex 75.43121337890625 45.576148986816406 0
vertex 76.13336181640625 44.8824577331543 5.300000190734863
endloop
endfacet
facet normal -0.14295985861371988 -0.9897284874273071 0
outer loop
vertex 72.9425048828125 46.81684875488281 5.300000190734863
vertex 71.9425048828125 46.9612922668457 5.300000190734863
vertex 71.9425048828125 46.9612922668457 3.5999999046325684
endloop
endfacet
facet normal 0 0 -1
outer loop
vertex 73.554443359375 -67.40100860595703 5.300000190734863
vertex 15.232389450073242 -61.407527923583984 5.300000190734863
vertex 15.291886329650879 -60.33686828613281 5.300000190734863
endloop
endfacet
facet normal 0 0 -1
outer loop
vertex 73.554443359375 -67.40100860595703 5.300000190734863
vertex 14.882110595703125 -61.782386779785156 5.300000190734863
vertex 15.232389450073242 -61.407527923583984 5.300000190734863
endloop
endfacet
facet normal 0 0 -1
outer loop
vertex 71.9425048828125 46.9612922668457 5.300000190734863
vertex 71.83867645263672 41.62422180175781 5.300000190734863
vertex 52.942501068115234 46.96758270263672 5.300000190734863
endloop
endfacet
facet normal 0 0 -1
outer loop
vertex 73.554443359375 -67.40100860595703 5.300000190734863
vertex 14.375068664550781 -62.18802261352539 5.300000190734863
vertex 14.882110595703125 -61.782386779785156 5.300000190734863
endloop
endfacet
facet normal 0 0 -1
outer loop
vertex 75.28215789794922 40.96440124511719 5.300000190734863
vertex 72.28215789794922 40.97399139404297 5.300000190734863
vertex 76.67159271240234 44.15089416503906 5.300000190734863
endloop
endfacet
facet normal 0 0 -1
outer loop
vertex 75.28215789794922 40.96440124511719 5.300000190734863
vertex 76.67159271240234 44.15089416503906 5.300000190734863
vertex 77.58216094970703 40.96408462524414 5.300000190734863
endloop
endfacet
facet normal 0 0 -1
outer loop
vertex 77.40721893310547 42.410560607910156 5.300000190734863
vertex 77.56360626220703 41.434425354003906 5.300000190734863
vertex 77.58216094970703 40.96408462524414 5.300000190734863
endloop
endfacet
facet normal 0 0 -1
outer loop
vertex 77.12318420410156 43.27323532104492 5.300000190734863
vertex 77.40721893310547 42.410560607910156 5.300000190734863
vertex 77.58216094970703 40.96408462524414 5.300000190734863
endloop
endfacet
facet normal 0 0 -1
outer loop
vertex -62.44760513305664 61.619178771972656 5.300000190734863
vertex -74.53193664550781 46.782615661621094 5.300000190734863
vertex -65.02188873291016 63.23129653930664 5.300000190734863
endloop
endfacet
facet normal -0.3567118526787214 -0.9342144583330501 0
outer loop
vertex -60.33884048461914 66.83910369873047 5.300000190734863
vertex -60.33884048461914 66.83910369873047 0
vertex -59.4152946472168 66.48646545410156 5.300000190734863
endloop
endfacet
facet normal 0.999999999345788 0.00003617214320596556 0
outer loop
vertex -67.41854095458984 -47.13353729248047 5.300000190734863
vertex -67.41854095458984 -47.13353729248047 0
vertex -67.41858673095703 -45.86802291870117 0
endloop
endfacet
facet normal -0.2041011795355944 -0.9789497987701815 0
outer loop
vertex -61.22795486450195 67.02447509765625 5.300000190734863
vertex -61.22795486450195 67.02447509765625 0
vertex -60.33884048461914 66.83910369873047 5.300000190734863
endloop
endfacet
facet normal -0.048380055006820216 -0.9988289995177038 0
outer loop
vertex -62.21382522583008 67.07222747802734 5.300000190734863
vertex -62.21382522583008 67.07222747802734 0
vertex -61.22795486450195 67.02447509765625 5.300000190734863
endloop
endfacet
facet normal 0.22039639702158847 -0.9754103896206469 0
outer loop
vertex 31.780282974243164 46.69660568237305 0
vertex 32.743038177490234 46.91414260864258 0
vertex 32.743038177490234 46.91414260864258 5.300000190734863
endloop
endfacet
facet normal 0.1104720931927172 -0.9938792263779436 0
outer loop
vertex -63.11649703979492 66.97189331054688 5.300000190734863
vertex -63.11649703979492 66.97189331054688 0
vertex -62.21382522583008 67.07222747802734 5.300000190734863
endloop
endfacet
facet normal 0.2646491881096017 -0.9643447553820826 0
outer loop
vertex -64.06832885742188 66.71067810058594 5.300000190734863
vertex -64.06832885742188 66.71067810058594 0
vertex -63.11649703979492 66.97189331054688 5.300000190734863
endloop
endfacet
facet normal 0 0 -1
outer loop
vertex 71.9425048828125 46.9612922668457 5.300000190734863
vertex 72.9425048828125 46.81684875488281 5.300000190734863
vertex 71.83867645263672 41.62422180175781 5.300000190734863
endloop
endfacet
facet normal 0 0 -1
outer loop
vertex 72.21353912353516 41.27394485473633 5.300000190734863
vertex 71.83867645263672 41.62422180175781 5.300000190734863
vertex 74.69215393066406 46.10404586791992 5.300000190734863
endloop
endfacet
facet normal 0 0 -1
outer loop
vertex 72.28215789794922 40.97399139404297 5.300000190734863
vertex 72.21353912353516 41.27394485473633 5.300000190734863
vertex 75.43121337890625 45.576148986816406 5.300000190734863
endloop
endfacet
facet normal 0 0 -1
outer loop
vertex 74.69215393066406 46.10404586791992 5.300000190734863
vertex 71.83867645263672 41.62422180175781 5.300000190734863
vertex 73.80908966064453 46.54497528076172 5.300000190734863
endloop
endfacet
facet normal 0 0 -1
outer loop
vertex 76.13336181640625 44.8824577331543 5.300000190734863
vertex 76.67159271240234 44.15089416503906 5.300000190734863
vertex 72.28215789794922 40.97399139404297 5.300000190734863
endloop
endfacet
facet normal 0 0 -1
outer loop
vertex 75.43121337890625 45.576148986816406 5.300000190734863
vertex 72.21353912353516 41.27394485473633 5.300000190734863
vertex 74.69215393066406 46.10404586791992 5.300000190734863
endloop
endfacet
facet normal 0 0 -1
outer loop
vertex 76.13336181640625 44.8824577331543 5.300000190734863
vertex 72.28215789794922 40.97399139404297 5.300000190734863
vertex 75.43121337890625 45.576148986816406 5.300000190734863
endloop
endfacet
facet normal 0 0 -1
outer loop
vertex 73.80908966064453 46.54497528076172 5.300000190734863
vertex 71.83867645263672 41.62422180175781 5.300000190734863
vertex 72.9425048828125 46.81684875488281 5.300000190734863
endloop
endfacet
facet normal 0.41409089146797656 -0.9102355374315246 0
outer loop
vertex -64.89503479003906 66.33458709716797 5.300000190734863
vertex -64.89503479003906 66.33458709716797 0
vertex -64.06832885742188 66.71067810058594 5.300000190734863
endloop
endfacet
facet normal 0.0703163334160347 -0.9975247431792984 0
outer loop
vertex 33.59206771850586 46.97399139404297 0
vertex 33.59206771850586 46.97399139404297 5.300000190734863
vertex 32.743038177490234 46.91414260864258 0
endloop
endfacet
facet normal -0.999999984509345 0.0001760150834950198 0
outer loop
vertex 77.57506561279297 0.5367107391357422 0
vertex 77.57463836669922 -1.8906158208847046 0
vertex 77.57506561279297 0.5367107391357422 5.300000190734863
endloop
endfacet
facet normal 0.5514352019167515 -0.8342177282262895 0
outer loop
vertex -65.71842956542969 65.7903060913086 5.300000190734863
vertex -65.71842956542969 65.7903060913086 0
vertex -64.89503479003906 66.33458709716797 5.300000190734863
endloop
endfacet
facet normal 0 0 -1
outer loop
vertex 2.378100633621216 -67.57559967041016 5.300000190734863
vertex -4.674361705780029 -61.801239013671875 5.300000190734863
vertex 2.779219150543213 -67.45850372314453 5.300000190734863
endloop
endfacet
facet normal 0.0883452367943779 0.9960899151862473 0
outer loop
vertex -61.62189483642578 -72.14656829833984 0
vertex -62.27212905883789 -72.08889770507812 0
vertex -62.27212905883789 -72.08889770507812 5.300000190734863
endloop
endfacet
facet normal 0.1960442122354663 0.9805950575283232 0
outer loop
vertex -62.27212905883789 -72.08889770507812 0
vertex -62.91225051879883 -71.96092224121094 0
vertex -62.91225051879883 -71.96092224121094 5.300000190734863
endloop
endfacet
facet normal 0 0 -1
outer loop
vertex 76.67159271240234 44.15089416503906 5.300000190734863
vertex 77.12318420410156 43.27323532104492 5.300000190734863
vertex 77.58216094970703 40.96408462524414 5.300000190734863
endloop
endfacet
facet normal 0.30143899041570765 0.9534854666208389 0
outer loop
vertex -62.91225051879883 -71.96092224121094 0
vertex -63.5346794128418 -71.76414489746094 0
vertex -63.5346794128418 -71.76414489746094 5.300000190734863
endloop
endfacet
facet normal 0.4032486983522534 0.9150904257379231 0
outer loop
vertex -63.5346794128418 -71.76414489746094 0
vertex -64.13204193115234 -71.50090789794922 0
vertex -64.13204193115234 -71.50090789794922 5.300000190734863
endloop
endfacet
facet normal 0.5002943436360694 0.8658553976997282 0
outer loop
vertex -64.13204193115234 -71.50090789794922 0
vertex -64.69725799560547 -71.17432403564453 0
vertex -64.69725799560547 -71.17432403564453 5.300000190734863
endloop
endfacet
facet normal 0.9981637199905427 0.06057382351017232 0
outer loop
vertex -67.37266540527344 -66.8779296875 5.300000190734863
vertex -67.37266540527344 -66.8779296875 0
vertex -67.41783905029297 -66.13353729248047 0
endloop
endfacet
facet normal 0.9845672517459301 0.17500664784363568 0
outer loop
vertex -67.2584228515625 -67.52064514160156 0
vertex -67.37266540527344 -66.8779296875 0
vertex -67.37266540527344 -66.8779296875 5.300000190734863
endloop
endfacet
facet normal 0.9597246491133412 0.28094233907382843 0
outer loop
vertex -67.07502746582031 -68.14714050292969 0
vertex -67.2584228515625 -67.52064514160156 0
vertex -67.2584228515625 -67.52064514160156 5.300000190734863
endloop
endfacet
facet normal 0.7516376320563026 0.6595762807111805 0
outer loop
vertex -65.7049789428711 -70.3472900390625 0
vertex -66.13554382324219 -69.85662841796875 0
vertex -66.13554382324219 -69.85662841796875 5.300000190734863
endloop
endfacet
facet normal 0.8763774860875949 0.481624855960308 0
outer loop
vertex -66.51024627685547 -69.32209014892578 0
vertex -66.82464599609375 -68.75 0
vertex -66.82464599609375 -68.75 5.300000190734863
endloop
endfacet
facet normal 0.9235168435688668 0.3835578700073789 0
outer loop
vertex -66.82464599609375 -68.75 0
vertex -67.07502746582031 -68.14714050292969 0
vertex -67.07502746582031 -68.14714050292969 5.300000190734863
endloop
endfacet
facet normal 0.8188534317179748 0.5740026632026162 0
outer loop
vertex -66.13554382324219 -69.85662841796875 0
vertex -66.51024627685547 -69.32209014892578 0
vertex -66.51024627685547 -69.32209014892578 5.300000190734863
endloop
endfacet
facet normal 0 0 -1
outer loop
vertex 3.1936018466949463 -67.40470886230469 5.300000190734863
vertex 2.779219150543213 -67.45850372314453 5.300000190734863
vertex -4.674361705780029 -61.801239013671875 5.300000190734863
endloop
endfacet
facet normal 0.675523490853107 0.7373384659066907 0
outer loop
vertex -65.2236557006836 -70.78826141357422 0
vertex -65.7049789428711 -70.3472900390625 0
vertex -65.7049789428711 -70.3472900390625 5.300000190734863
endloop
endfacet
facet normal 0.5914011569531261 0.8063774994098631 0
outer loop
vertex -64.69725799560547 -71.17432403564453 0
vertex -65.2236557006836 -70.78826141357422 0
vertex -65.2236557006836 -70.78826141357422 5.300000190734863
endloop
endfacet
facet normal 0 0 -1
outer loop
vertex 3.1936018466949463 -67.40470886230469 5.300000190734863
vertex -4.674361705780029 -61.801239013671875 5.300000190734863
vertex 12.989249229431152 -62.18802261352539 5.300000190734863
endloop
endfacet
facet normal 0 0 -1
outer loop
vertex 12.989249229431152 -62.18802261352539 5.300000190734863
vertex -4.674361705780029 -61.801239013671875 5.300000190734863
vertex 12.94657039642334 -62.047325134277344 5.300000190734863
endloop
endfacet
facet normal 0 0 -1
outer loop
vertex -4.674361705780029 -61.801239013671875 5.300000190734863
vertex 12.93750286102295 -61.84675598144531 5.300000190734863
vertex 12.932159423828125 -61.90100860595703 5.300000190734863
endloop
endfacet
facet normal 0 0 -1
outer loop
vertex 12.94657039642334 -62.047325134277344 5.300000190734863
vertex -4.674361705780029 -61.801239013671875 5.300000190734863
vertex 12.932159423828125 -61.90100860595703 5.300000190734863
endloop
endfacet
facet normal 0 0 -1
outer loop
vertex -7.487320899963379 43.875423431396484 5.300000190734863
vertex -26.68784523010254 43.55223846435547 5.300000190734863
vertex -23.275676727294922 48.11907958984375 5.300000190734863
endloop
endfacet
facet normal 0 0 -1
outer loop
vertex 3.1936018466949463 -67.40470886230469 5.300000190734863
vertex 13.15182876586914 -62.431339263916016 5.300000190734863
vertex 13.265481948852539 -62.52460861206055 5.300000190734863
endloop
endfacet
facet normal 0 0 -1
outer loop
vertex 3.1936018466949463 -67.40470886230469 5.300000190734863
vertex 12.989249229431152 -62.18802261352539 5.300000190734863
vertex 13.05855655670166 -62.317684173583984 5.300000190734863
endloop
endfacet
facet normal 0 0 -1
outer loop
vertex 13.15182876586914 -62.431339263916016 5.300000190734863
vertex 3.1936018466949463 -67.40470886230469 5.300000190734863
vertex 13.05855655670166 -62.317684173583984 5.300000190734863
endloop
endfacet
facet normal 0 0 -1
outer loop
vertex -9.422505378723145 34.69884490966797 5.300000190734863
vertex -9.48354434967041 34.95933532714844 5.300000190734863
vertex -9.4733304977417 35.2266845703125 5.300000190734863
endloop
endfacet
facet normal 0 0 -1
outer loop
vertex 3.1936018466949463 -67.40470886230469 5.300000190734863
vertex 13.265481948852539 -62.52460861206055 5.300000190734863
vertex 13.395146369934082 -62.59391784667969 5.300000190734863
endloop
endfacet
facet normal 0 0 -1
outer loop
vertex 3.1936018466949463 -67.40470886230469 5.300000190734863
vertex 13.395146369934082 -62.59391784667969 5.300000190734863
vertex 13.535841941833496 -62.6365966796875 5.300000190734863
endloop
endfacet
facet normal 0.6766347674726482 -0.7363188110100375 0
outer loop
vertex -66.38717651367188 65.17576599121094 5.300000190734863
vertex -66.38717651367188 65.17576599121094 0
vertex -65.71842956542969 65.7903060913086 5.300000190734863
endloop
endfacet
facet normal 0 0 -1
outer loop
vertex 3.1936018466949463 -67.40470886230469 5.300000190734863
vertex 13.535841941833496 -62.6365966796875 5.300000190734863
vertex 13.682159423828125 -62.65100860595703 5.300000190734863
endloop
endfacet
facet normal 0 0 -1
outer loop
vertex 14.375068664550781 -62.18802261352539 5.300000190734863
vertex 14.41774845123291 -62.047325134277344 5.300000190734863
vertex 14.882110595703125 -61.782386779785156 5.300000190734863
endloop
endfacet
facet normal 0 0 -1
outer loop
vertex 14.432159423828125 -61.90100860595703 5.300000190734863
vertex 14.42719554901123 -61.850608825683594 5.300000190734863
vertex 14.582159042358398 -61.851009368896484 5.300000190734863
endloop
endfacet
facet normal 0 0 -1
outer loop
vertex 14.41774845123291 -62.047325134277344 5.300000190734863
vertex 14.432159423828125 -61.90100860595703 5.300000190734863
vertex 14.582159042358398 -61.851009368896484 5.300000190734863
endloop
endfacet
facet normal 0 0 -1
outer loop
vertex 14.882110595703125 -61.782386779785156 5.300000190734863
vertex 14.41774845123291 -62.047325134277344 5.300000190734863
vertex 14.582159042358398 -61.851009368896484 5.300000190734863
endloop
endfacet
facet normal 0.7835265828267163 -0.6213579295533849 0.0006460534187107766
outer loop
vertex -67.00047302246094 64.40240478515625 5.300000190734863
vertex -67.01224517822266 64.38204956054688 0
vertex -66.38717651367188 65.17576599121094 5.300000190734863
endloop
endfacet
facet normal 0 0 -1
outer loop
vertex -9.108939170837402 34.27120590209961 5.300000190734863
vertex -9.294585227966309 34.46385955810547 5.300000190734863
vertex -4.49875545501709 41.64068603515625 5.300000190734863
endloop
endfacet
facet normal 0 0 -1
outer loop
vertex -72.1058578491211 44.98512268066406 5.300000190734863
vertex -74.53193664550781 46.782615661621094 5.300000190734863
vertex -62.44760513305664 61.619178771972656 5.300000190734863
endloop
endfacet
facet normal 0 0 -1
outer loop
vertex -55.40283966064453 34.515533447265625 5.300000190734863
vertex -67.77001953125 35.10678482055664 5.300000190734863
vertex -68.00384521484375 35.453102111816406 5.300000190734863
endloop
endfacet
facet normal 0 0 -1
outer loop
vertex -55.40283966064453 34.515533447265625 5.300000190734863
vertex -67.5924301147461 34.728538513183594 5.300000190734863
vertex -67.77001953125 35.10678482055664 5.300000190734863
endloop
endfacet
facet normal 0 0 -1
outer loop
vertex -65.12184143066406 33.92860794067383 5.300000190734863
vertex -67.42354583740234 33.92851638793945 5.300000190734863
vertex -55.40283966064453 34.515533447265625 5.300000190734863
endloop
endfacet
facet normal 0 0 -1
outer loop
vertex -67.47533416748047 34.327423095703125 5.300000190734863
vertex -55.40283966064453 34.515533447265625 5.300000190734863
vertex -67.42354583740234 33.92851638793945 5.300000190734863
endloop
endfacet
facet normal 0 0 -1
outer loop
vertex -67.47533416748047 34.327423095703125 5.300000190734863
vertex -67.5924301147461 34.728538513183594 5.300000190734863
vertex -55.40283966064453 34.515533447265625 5.300000190734863
endloop
endfacet
facet normal 0 0 -1
outer loop
vertex -68.00384521484375 35.453102111816406 5.300000190734863
vertex -68.2883071899414 35.759185791015625 5.300000190734863
vertex -55.40283966064453 34.515533447265625 5.300000190734863
endloop
endfacet
facet normal 0 0 -1
outer loop
vertex -68.61570739746094 36.01708984375 5.300000190734863
vertex -55.40283966064453 34.515533447265625 5.300000190734863
vertex -68.2883071899414 35.759185791015625 5.300000190734863
endloop
endfacet
facet normal 0 0 -1
outer loop
vertex -68.61570739746094 36.01708984375 5.300000190734863
vertex -72.05217742919922 44.183868408203125 5.300000190734863
vertex -55.40283966064453 34.515533447265625 5.300000190734863
endloop
endfacet
facet normal -0.9999999845093405 0.0001760151094280391 0
outer loop
vertex 77.57882690429688 21.96403694152832 0
vertex 77.57839965820312 19.536710739135742 0
vertex 77.57882690429688 21.96403694152832 5.300000190734863
endloop
endfacet
facet normal 0.9102387036445599 0.4140839315736257 0
outer loop
vertex -76.76573944091797 41.73409652709961 5.300000190734863
vertex -76.76573944091797 41.73409652709961 0
vertex -77.1418228149414 42.5608024597168 5.300000190734863
endloop
endfacet
facet normal -0.000052584918408348554 0.9999999986174133 0
outer loop
vertex 3.1936018466949463 -67.40470886230469 5.300000190734863
vertex 54.554443359375 -67.40200805664062 5.300000190734863
vertex 54.554443359375 -67.40200805664062 3.5999999046325684
endloop
endfacet
facet normal 0 0 -1
outer loop
vertex 3.1936018466949463 -67.40470886230469 5.300000190734863
vertex 13.682159423828125 -62.65100860595703 5.300000190734863
vertex 54.554443359375 -67.40200805664062 5.300000190734863
endloop
endfacet
facet normal 0 0 -1
outer loop
vertex -72.20391845703125 44.67989730834961 5.300000190734863
vertex -74.53193664550781 46.782615661621094 5.300000190734863
vertex -72.1058578491211 44.98512268066406 5.300000190734863
endloop
endfacet
facet normal 0 0 -1
outer loop
vertex -72.05217742919922 44.183868408203125 5.300000190734863
vertex -74.83355712890625 39.628658294677734 5.300000190734863
vertex -72.20391845703125 44.67989730834961 5.300000190734863
endloop
endfacet
facet normal 0 0 -1
outer loop
vertex 73.554443359375 -67.40100860595703 5.300000190734863
vertex 13.682159423828125 -62.65100860595703 5.300000190734863
vertex 13.828476905822754 -62.6365966796875 5.300000190734863
endloop
endfacet
facet normal 0 0 -1
outer loop
vertex 73.554443359375 -67.40100860595703 5.300000190734863
vertex 13.828476905822754 -62.6365966796875 5.300000190734863
vertex 13.969171524047852 -62.59391784667969 5.300000190734863
endloop
endfacet
facet normal 0 0 -1
outer loop
vertex 73.554443359375 -67.40100860595703 5.300000190734863
vertex 13.969171524047852 -62.59391784667969 5.300000190734863
vertex 14.098836898803711 -62.52460861206055 5.300000190734863
endloop
endfacet
facet normal 0 0 -1
outer loop
vertex 73.554443359375 -67.40100860595703 5.300000190734863
vertex 14.098836898803711 -62.52460861206055 5.300000190734863
vertex 14.212489128112793 -62.431339263916016 5.300000190734863
endloop
endfacet
facet normal 0 0 -1
outer loop
vertex 73.554443359375 -67.40100860595703 5.300000190734863
vertex 14.212489128112793 -62.431339263916016 5.300000190734863
vertex 14.305761337280273 -62.317684173583984 5.300000190734863
endloop
endfacet
facet normal 0 0 -1
outer loop
vertex -24.453489303588867 48.756309509277344 5.300000190734863
vertex -26.922378540039062 43.68098068237305 5.300000190734863
vertex -27.1143856048584 43.8672981262207 5.300000190734863
endloop
endfacet
facet normal -1 0 0
outer loop
vertex 60.55442428588867 -67.10100555419922 1.350000023841858
vertex 60.55442428588867 -67.40169525146484 0
vertex 60.55442428588867 -67.40169525146484 1.350000023841858
endloop
endfacet
facet normal 1 0 0
outer loop
vertex 68.55442810058594 -67.4012680053711 0
vertex 68.55442810058594 -67.10100555419922 -0.44999998807907104
vertex 68.55442810058594 -67.10100555419922 1.350000023841858
endloop
endfacet
facet normal 0 1 0
outer loop
vertex 68.55442810058594 -67.10100555419922 1.350000023841858
vertex 60.55442428588867 -67.10100555419922 -0.44999998807907104
vertex 60.55442428588867 -67.10100555419922 1.350000023841858
endloop
endfacet
facet normal 0 0 1
outer loop
vertex 60.55442428588867 -67.10100555419922 1.350000023841858
vertex 60.55442428588867 -67.40169525146484 1.350000023841858
vertex 68.55442810058594 -67.4012680053711 1.350000023841858
endloop
endfacet
facet normal 1 0 0
outer loop
vertex 68.55442810058594 -67.4012680053711 1.350000023841858
vertex 68.55442810058594 -67.4012680053711 0
vertex 68.55442810058594 -67.10100555419922 1.350000023841858
endloop
endfacet
facet normal 0 0 1
outer loop
vertex 68.55442810058594 -67.10100555419922 1.350000023841858
vertex 60.55442428588867 -67.10100555419922 1.350000023841858
vertex 68.55442810058594 -67.4012680053711 1.350000023841858
endloop
endfacet
facet normal 1 0 0
outer loop
vertex 68.55442810058594 -67.4012680053711 -0.44999998807907104
vertex 68.55442810058594 -67.10100555419922 -0.44999998807907104
vertex 68.55442810058594 -67.4012680053711 0
endloop
endfacet
facet normal 0 1 0
outer loop
vertex 68.55442810058594 -67.10100555419922 -0.44999998807907104
vertex 60.55442428588867 -67.10100555419922 -0.44999998807907104
vertex 68.55442810058594 -67.10100555419922 1.350000023841858
endloop
endfacet
facet normal -1 0 0
outer loop
vertex 60.55442428588867 -67.10100555419922 -0.44999998807907104
vertex 60.55442428588867 -67.40169525146484 0
vertex 60.55442428588867 -67.10100555419922 1.350000023841858
endloop
endfacet
facet normal -1 0 0
outer loop
vertex 60.55442428588867 -67.10100555419922 -0.44999998807907104
vertex 60.55442428588867 -67.40169525146484 -0.44999998807907104
vertex 60.55442428588867 -67.40169525146484 0
endloop
endfacet
facet normal 0 0 -1
outer loop
vertex 68.55442810058594 -67.4012680053711 -0.44999998807907104
vertex 60.55442428588867 -67.90100860595703 -0.44999998807907104
vertex 68.55442810058594 -67.10100555419922 -0.44999998807907104
endloop
endfacet
facet normal 0 0 -1
outer loop
vertex 68.55442810058594 -67.90100860595703 -0.44999998807907104
vertex 60.55442428588867 -67.90100860595703 -0.44999998807907104
vertex 68.55442810058594 -67.4012680053711 -0.44999998807907104
endloop
endfacet
facet normal 0 0 -1
outer loop
vertex 68.55442810058594 -67.10100555419922 -0.44999998807907104
vertex 60.55442428588867 -67.40169525146484 -0.44999998807907104
vertex 60.55442428588867 -67.10100555419922 -0.44999998807907104
endloop
endfacet
facet normal 0 0 -1
outer loop
vertex 60.55442428588867 -67.90100860595703 -0.44999998807907104
vertex 60.55442428588867 -67.40169525146484 -0.44999998807907104
vertex 68.55442810058594 -67.10100555419922 -0.44999998807907104
endloop
endfacet
facet normal 0 0 -1
outer loop
vertex -56.39742660522461 -72.65100860595703 -0.44999998807907104
vertex -56.39742660522461 -72.14667510986328 -0.44999998807907104
vertex -48.39742660522461 -71.85100555419922 -0.44999998807907104
endloop
endfacet
facet normal -1 0 0
outer loop
vertex -56.39742660522461 -71.85100555419922 -0.44999998807907104
vertex -56.39742660522461 -72.14667510986328 0
vertex -56.39742660522461 -71.85100555419922 1.350000023841858
endloop
endfacet
facet normal 0 0 -1
outer loop
vertex -48.39742660522461 -71.85100555419922 -0.44999998807907104
vertex -56.39742660522461 -72.14667510986328 -0.44999998807907104
vertex -56.39742660522461 -71.85100555419922 -0.44999998807907104
endloop
endfacet
facet normal 0 0 -1
outer loop
vertex -48.39742660522461 -72.65100860595703 -0.44999998807907104
vertex -56.39742660522461 -72.65100860595703 -0.44999998807907104
vertex -48.39742660522461 -72.14684295654297 -0.44999998807907104
endloop
endfacet
facet normal 1 0 0
outer loop
vertex -48.39742660522461 -72.14684295654297 -0.44999998807907104
vertex -48.39742660522461 -71.85100555419922 1.350000023841858
vertex -48.39742660522461 -72.14684295654297 0
endloop
endfacet
facet normal -1 0 0
outer loop
vertex -56.39742660522461 -71.85100555419922 1.350000023841858
vertex -56.39742660522461 -72.14667510986328 0
vertex -56.39742660522461 -72.14667510986328 1.350000023841858
endloop
endfacet
facet normal 0 1 0
outer loop
vertex -48.39742660522461 -71.85100555419922 1.350000023841858
vertex -56.39742660522461 -71.85100555419922 -0.44999998807907104
vertex -56.39742660522461 -71.85100555419922 1.350000023841858
endloop
endfacet
facet normal 0 0 1
outer loop
vertex -56.39742660522461 -71.85100555419922 1.350000023841858
vertex -56.39742660522461 -72.14667510986328 1.350000023841858
vertex -48.39742660522461 -72.14684295654297 1.350000023841858
endloop
endfacet
facet normal 0 0 1
outer loop
vertex -48.39742660522461 -71.85100555419922 1.350000023841858
vertex -56.39742660522461 -71.85100555419922 1.350000023841858
vertex -48.39742660522461 -72.14684295654297 1.350000023841858
endloop
endfacet
facet normal 1 0 0
outer loop
vertex -48.39742660522461 -71.85100555419922 1.350000023841858
vertex -48.39742660522461 -72.14684295654297 1.350000023841858
vertex -48.39742660522461 -72.14684295654297 0
endloop
endfacet
facet normal 0 0 -1
outer loop
vertex -48.39742660522461 -72.14684295654297 -0.44999998807907104
vertex -56.39742660522461 -72.65100860595703 -0.44999998807907104
vertex -48.39742660522461 -71.85100555419922 -0.44999998807907104
endloop
endfacet
facet normal -1 0 0
outer loop
vertex -56.39742660522461 -71.85100555419922 -0.44999998807907104
vertex -56.39742660522461 -72.14667510986328 -0.44999998807907104
vertex -56.39742660522461 -72.14667510986328 0
endloop
endfacet
facet normal 1 0 0
outer loop
vertex -48.39742660522461 -72.14684295654297 -0.44999998807907104
vertex -48.39742660522461 -71.85100555419922 -0.44999998807907104
vertex -48.39742660522461 -71.85100555419922 1.350000023841858
endloop
endfacet
facet normal 0 1 0
outer loop
vertex -48.39742660522461 -71.85100555419922 -0.44999998807907104
vertex -56.39742660522461 -71.85100555419922 -0.44999998807907104
vertex -48.39742660522461 -71.85100555419922 1.350000023841858
endloop
endfacet
facet normal 0.9999999983631302 0.00005721660289305055 0
outer loop
vertex 54.554443359375 -67.40200805664062 5.300000190734863
vertex 54.55451202392578 -68.60208892822266 5.300000190734863
vertex 54.554443359375 -67.40200805664062 3.5999999046325684
endloop
endfacet
facet normal 0 0 1
outer loop
vertex 73.55451202392578 -68.60100555419922 3.5999999046325684
vertex 73.55442810058594 -67.40100860595703 3.5999999046325684
vertex 54.55451202392578 -68.60208892822266 3.5999999046325684
endloop
endfacet
facet normal -0.00005701968535138647 0.9999999983743777 0
outer loop
vertex 73.55451202392578 -68.60100555419922 3.5999999046325684
vertex 54.55451202392578 -68.60208892822266 3.5999999046325684
vertex 54.55451202392578 -68.60208892822266 5.300000190734863
endloop
endfacet
facet normal -0.00005701968535138647 0.9999999983743777 0
outer loop
vertex 73.55451202392578 -68.60100555419922 3.5999999046325684
vertex 54.55451202392578 -68.60208892822266 5.300000190734863
vertex 73.55451202392578 -68.60100555419922 5.300000190734863
endloop
endfacet
facet normal 0 0 1
outer loop
vertex 54.554443359375 -67.40200805664062 3.5999999046325684
vertex 54.55451202392578 -68.60208892822266 3.5999999046325684
vertex 73.55442810058594 -67.40100860595703 3.5999999046325684
endloop
endfacet
facet normal 0 0 -1
outer loop
vertex 73.55451202392578 -68.60100555419922 5.300000190734863
vertex 54.554443359375 -67.40200805664062 5.300000190734863
vertex 73.554443359375 -67.40100860595703 5.300000190734863
endloop
endfacet
facet normal 0 0 -1
outer loop
vertex 54.554443359375 -67.40200805664062 5.300000190734863
vertex 73.55451202392578 -68.60100555419922 5.300000190734863
vertex 54.55451202392578 -68.60208892822266 5.300000190734863
endloop
endfacet
facet normal -0.9999999983629013 -0.00005722060441022158 0
outer loop
vertex 73.55451202392578 -68.60100555419922 5.300000190734863
vertex 73.554443359375 -67.40100860595703 5.300000190734863
vertex 73.55451202392578 -68.60100555419922 3.5999999046325684
endloop
endfacet
facet normal 0.9999999983631302 0.00005721660289305055 0
outer loop
vertex 54.55451202392578 -68.60208892822266 3.5999999046325684
vertex 54.554443359375 -67.40200805664062 3.5999999046325684
vertex 54.55451202392578 -68.60208892822266 5.300000190734863
endloop
endfacet
facet normal -0.9999999975141753 -0.00006993629421980297 0.000008975756739167485
outer loop
vertex 73.55442810058594 -67.40100860595703 3.5999999046325684
vertex 73.55451202392578 -68.60100555419922 3.5999999046325684
vertex 73.554443359375 -67.40100860595703 5.300000190734863
endloop
endfacet
facet normal 0 0 1
outer loop
vertex 71.9425048828125 46.9612922668457 3.5999999046325684
vertex 71.94287109375 48.1622200012207 3.5999999046325684
vertex 52.942501068115234 46.96758270263672 3.5999999046325684
endloop
endfacet
facet normal -0.9999999535057927 0.00030494001428312445 0
outer loop
vertex 71.9425048828125 46.9612922668457 3.5999999046325684
vertex 71.9425048828125 46.9612922668457 5.300000190734863
vertex 71.94287109375 48.1622200012207 5.300000190734863
endloop
endfacet
facet normal -0.9999999535057927 0.00030494001428312445 0
outer loop
vertex 71.9425048828125 46.9612922668457 3.5999999046325684
vertex 71.94287109375 48.1622200012207 5.300000190734863
vertex 71.94287109375 48.1622200012207 3.5999999046325684
endloop
endfacet
facet normal 0 0 -1
outer loop
vertex 71.9425048828125 46.9612922668457 5.300000190734863
vertex 52.94287109375 48.168052673339844 5.300000190734863
vertex 71.94287109375 48.1622200012207 5.300000190734863
endloop
endfacet
facet normal -0.00030698272864788354 -0.9999999528808011 0
outer loop
vertex 52.94287109375 48.168052673339844 3.5999999046325684
vertex 71.94287109375 48.1622200012207 3.5999999046325684
vertex 71.94287109375 48.1622200012207 5.300000190734863
endloop
endfacet
facet normal 0 0 -1
outer loop
vertex 52.942501068115234 46.96758270263672 5.300000190734863
vertex 52.94287109375 48.168052673339844 5.300000190734863
vertex 71.9425048828125 46.9612922668457 5.300000190734863
endloop
endfacet
facet normal -0.00030698272864788354 -0.9999999528808011 0
outer loop
vertex 52.94287109375 48.168052673339844 3.5999999046325684
vertex 71.94287109375 48.1622200012207 5.300000190734863
vertex 52.94287109375 48.168052673339844 5.300000190734863
endloop
endfacet
facet normal 0 0 1
outer loop
vertex 52.94287109375 48.168052673339844 3.5999999046325684
vertex 52.942501068115234 46.96758270263672 3.5999999046325684
vertex 71.94287109375 48.1622200012207 3.5999999046325684
endloop
endfacet
facet normal 0.9999999524959108 -0.00030823396354609956 0
outer loop
vertex 52.942501068115234 46.96758270263672 3.5999999046325684
vertex 52.94287109375 48.168052673339844 3.5999999046325684
vertex 52.942501068115234 46.96758270263672 5.300000190734863
endloop
endfacet
facet normal 0.9999999524959108 -0.00030823396354609956 0
outer loop
vertex 52.94287109375 48.168052673339844 5.300000190734863
vertex 52.942501068115234 46.96758270263672 5.300000190734863
vertex 52.94287109375 48.168052673339844 3.5999999046325684
endloop
endfacet
facet normal 0 0 -1
outer loop
vertex -42.550289154052734 56.756473541259766 5.300000190734863
vertex -58.39790725708008 67.3061294555664 5.300000190734863
vertex -41.9492073059082 57.79612350463867 5.300000190734863
endloop
endfacet
facet normal 0.8657209656386788 -0.5005269211173907 0.00010435697674245311
outer loop
vertex -58.998538970947266 66.26726531982422 3.5999999046325684
vertex -58.39790725708008 67.3061294555664 3.5999999046325684
vertex -58.998695373535156 66.26734924316406 5.300000190734863
endloop
endfacet
facet normal 0.8656469637287023 -0.5006549052863446 0
outer loop
vertex -58.39790725708008 67.3061294555664 5.300000190734863
vertex -58.998695373535156 66.26734924316406 5.300000190734863
vertex -58.39790725708008 67.3061294555664 3.5999999046325684
endloop
endfacet
facet normal -0.5005266683240325 -0.8657211180839035 0
outer loop
vertex -58.39790725708008 67.3061294555664 3.5999999046325684
vertex -41.9492073059082 57.79612350463867 5.300000190734863
vertex -58.39790725708008 67.3061294555664 5.300000190734863
endloop
endfacet
facet normal 0 0 1
outer loop
vertex -58.998538970947266 66.26726531982422 3.5999999046325684
vertex -42.550289154052734 56.756473541259766 3.5999999046325684
vertex -41.9492073059082 57.79612350463867 3.5999999046325684
endloop
endfacet
facet normal -0.8657224863059033 0.5005243018119352 0
outer loop
vertex -42.550289154052734 56.756473541259766 3.5999999046325684
vertex -41.9492073059082 57.79612350463867 5.300000190734863
vertex -41.9492073059082 57.79612350463867 3.5999999046325684
endloop
endfacet
facet normal -0.8657224863059033 0.5005243018119352 0
outer loop
vertex -42.550289154052734 56.756473541259766 3.5999999046325684
vertex -42.550289154052734 56.756473541259766 5.300000190734863
vertex -41.9492073059082 57.79612350463867 5.300000190734863
endloop
endfacet
facet normal -0.5005266683240325 -0.8657211180839035 0
outer loop
vertex -58.39790725708008 67.3061294555664 3.5999999046325684
vertex -41.9492073059082 57.79612350463867 3.5999999046325684
vertex -41.9492073059082 57.79612350463867 5.300000190734863
endloop
endfacet
facet normal 0 0 1
outer loop
vertex -58.39790725708008 67.3061294555664 3.5999999046325684
vertex -58.998538970947266 66.26726531982422 3.5999999046325684
vertex -41.9492073059082 57.79612350463867 3.5999999046325684
endloop
endfacet
facet normal 0 0 -1
outer loop
vertex -58.998695373535156 66.26734924316406 5.300000190734863
vertex -58.39790725708008 67.3061294555664 5.300000190734863
vertex -42.550289154052734 56.756473541259766 5.300000190734863
endloop
endfacet
facet normal 0 0 -1
outer loop
vertex -42.60557556152344 -72.14697265625 5.300000190734863
vertex -42.6056022644043 -73.34738159179688 5.300000190734863
vertex -61.62189483642578 -72.14656829833984 5.300000190734863
endloop
endfacet
facet normal 0 0 -1
outer loop
vertex -61.62189483642578 -72.14656829833984 5.300000190734863
vertex -42.6056022644043 -73.34738159179688 5.300000190734863
vertex -61.6056022644043 -73.34700775146484 5.300000190734863
endloop
endfacet
facet normal -0.999999999752584 0.000022244820129236332 0
outer loop
vertex -42.6056022644043 -73.34738159179688 5.300000190734863
vertex -42.60557556152344 -72.14697265625 5.300000190734863
vertex -42.6056022644043 -73.34738159179688 3.5999999046325684
endloop
endfacet
facet normal -0.999999999752584 0.000022244820129236332 0
outer loop
vertex -42.60557556152344 -72.14697265625 3.5999999046325684
vertex -42.6056022644043 -73.34738159179688 3.5999999046325684
vertex -42.60557556152344 -72.14697265625 5.300000190734863
endloop
endfacet
facet normal 0.000019675806945204535 0.9999999998064313 0
outer loop
vertex -42.6056022644043 -73.34738159179688 3.5999999046325684
vertex -61.6056022644043 -73.34700775146484 5.300000190734863
vertex -42.6056022644043 -73.34738159179688 5.300000190734863
endloop
endfacet
facet normal 0.000019675806945204535 0.9999999998064313 0
outer loop
vertex -42.6056022644043 -73.34738159179688 3.5999999046325684
vertex -61.6056022644043 -73.34700775146484 3.5999999046325684
vertex -61.6056022644043 -73.34700775146484 5.300000190734863
endloop
endfacet
facet normal 0 0 1
outer loop
vertex -61.60557556152344 -72.14656829833984 3.5999999046325684
vertex -61.6056022644043 -73.34700775146484 3.5999999046325684
vertex -42.6056022644043 -73.34738159179688 3.5999999046325684
endloop
endfacet
facet normal 0.9998618508022004 0.013570298088189565 0.009598245683251296
outer loop
vertex -61.60557556152344 -72.14656829833984 3.5999999046325684
vertex -61.62189483642578 -72.14656829833984 5.300000190734863
vertex -61.6056022644043 -73.34700775146484 5.300000190734863
endloop
endfacet
facet normal 0.9999999997525967 -0.00002224425462130166 0
outer loop
vertex -61.60557556152344 -72.14656829833984 3.5999999046325684
vertex -61.6056022644043 -73.34700775146484 5.300000190734863
vertex -61.6056022644043 -73.34700775146484 3.5999999046325684
endloop
endfacet
facet normal 0 0 1
outer loop
vertex -61.60557556152344 -72.14656829833984 3.5999999046325684
vertex -42.6056022644043 -73.34738159179688 3.5999999046325684
vertex -42.60557556152344 -72.14697265625 3.5999999046325684
endloop
endfacet
endsolid auto-kdk-case
