solid auto-kdk-case
facet normal 0.5005264673424502 0.8657212341082817 -0.000017427586302030208
outer loop
vertex -51.35856246948242 61.50358963012695 -1.100000023841858
vertex -59.14869689941406 66.0075454711914 -1
vertex -42.39667892456055 56.32217788696289 -1
endloop
endfacet
facet normal 0.00005612126428721388 -0.9999999984229379 -0.0000021278455349035262
outer loop
vertex 13.182159423828125 -67.10443878173828 -4.949999809265137
vertex 73.55442810058594 -67.10100555419922 -26.126108169555664
vertex 13.067978858947754 -67.10444641113281 -4.375974655151367
endloop
endfacet
facet normal -0.9988563679708277 0.04781166860512262 -0.000022568124789737505
outer loop
vertex -77.18838500976562 44.73543167114258 -8.718059539794922
vertex -77.20343017578125 44.42112731933594 -8.693938255310059
vertex -77.15850830078125 45.35969543457031 -8.516396522521973
endloop
endfacet
facet normal 0.6569179891328699 0.7539620385361764 0
outer loop
vertex -3.6684203147888184 40.141380310058594 -1
vertex -4.018490314483643 40.44639205932617 -9.739727973937988
vertex -4.018490314483643 40.44639205932617 -1
endloop
endfacet
facet normal 0.2595167268749875 0.965738612913501 0
outer loop
vertex -7.587606906890869 43.592681884765625 -1
vertex -23.35546112060547 47.82987594604492 -8.60524845123291
vertex -23.35546112060547 47.82987594604492 -1
endloop
endfacet
facet normal 0.8419386567266228 0.5395732557395427 0
outer loop
vertex -4.317302703857422 40.80176544189453 -9.64685344696045
vertex -4.746784687042236 41.471920013427734 -9.438469886779785
vertex -4.317302703857422 40.80176544189453 -1
endloop
endfacet
facet normal 0.7653895227073328 0.643567306914984 -1.9001547915934412e-7
outer loop
vertex -4.0980329513549805 40.54098892211914 -9.697394371032715
vertex -4.257723331451416 40.73090744018555 -9.668963432312012
vertex -4.018490314483643 40.44639205932617 -1
endloop
endfacet
facet normal 0.7653926999078582 0.6435635282764227 -4.017099996077048e-7
outer loop
vertex -4.257723331451416 40.73090744018555 -9.668963432312012
vertex -4.317302703857422 40.80176544189453 -9.64685344696045
vertex -4.018490314483643 40.44639205932617 -1
endloop
endfacet
facet normal 0.5355167226677614 0.8445246235268572 0
outer loop
vertex -5.998116493225098 42.758785247802734 -9.22461986541748
vertex -6.725123882293701 43.219783782958984 -9.234992980957031
vertex -5.998116493225098 42.758785247802734 -1
endloop
endfacet
facet normal 0.3968506036611971 0.9178832160867435 0
outer loop
vertex -6.725123882293701 43.219783782958984 -9.234992980957031
vertex -7.587606906890869 43.592681884765625 -9.094865798950195
vertex -6.725123882293701 43.219783782958984 -1
endloop
endfacet
facet normal 0.7716046238384628 0.6361024323732023 0
outer loop
vertex -4.746784687042236 41.471920013427734 -9.438469886779785
vertex -5.294372081756592 42.13615417480469 -9.338665962219238
vertex -4.746784687042236 41.471920013427734 -1
endloop
endfacet
facet normal -0.5905929993575195 -0.8069694404182902 0.00048097908528003247
outer loop
vertex -64.67213439941406 -70.8211669921875 -26.778369903564453
vertex -64.63209533691406 -70.85047149658203 -26.78055191040039
vertex -64.52816772460938 -70.92652130126953 -26.76173210144043
endloop
endfacet
facet normal 0.6626263834322123 0.7489501158151635 0
outer loop
vertex -5.294372081756592 42.13615417480469 -9.338665962219238
vertex -5.998116493225098 42.758785247802734 -9.22461986541748
vertex -5.294372081756592 42.13615417480469 -1
endloop
endfacet
facet normal -0.5905494130573758 -0.8070014751732891 -0.0000990238565938029
outer loop
vertex -64.67213439941406 -70.8211669921875 -26.778369903564453
vertex -64.52816772460938 -70.92652130126953 -26.76173210144043
vertex -65.02864074707031 -70.56029510498047 -26.671157836914062
endloop
endfacet
facet normal 0.12254196178216273 0.9924633331275161 0
outer loop
vertex -2.399430274963379 39.594547271728516 -9.980161666870117
vertex -2.399430274963379 39.594547271728516 -1
vertex -2.092054843902588 39.55659484863281 -1
endloop
endfacet
facet normal 0.24928745628112664 0.9684295349383378 0
outer loop
vertex -2.399430274963379 39.594547271728516 -1
vertex -2.8490774631500244 39.71029281616211 -9.995649337768555
vertex -2.8490774631500244 39.71029281616211 -1
endloop
endfacet
facet normal 0.5327107950145396 0.8462973525156376 0
outer loop
vertex -3.2754788398742676 39.894039154052734 -1
vertex -3.6684203147888184 40.141380310058594 -9.838024139404297
vertex -3.6684203147888184 40.141380310058594 -1
endloop
endfacet
facet normal 0.3957431961334807 0.9183608533249465 0.0008159622131832083
outer loop
vertex -2.8490774631500244 39.71029281616211 -1
vertex -3.3154478073120117 39.91919708251953 -9.930082321166992
vertex -3.2754788398742676 39.894039154052734 -1
endloop
endfacet
facet normal 0.0003296480602309734 0.9999999456660769 0
outer loop
vertex -1.7217499017715454 39.55647277832031 -9.907796859741211
vertex -2.092054843902588 39.55659484863281 -9.950050354003906
vertex -2.092054843902588 39.55659484863281 -1
endloop
endfacet
facet normal -0.8758618260128066 -0.4825619734438286 -0.00005932545750567749
outer loop
vertex -66.55166625976562 -68.62557983398438 -26.460243225097656
vertex -66.3793716430664 -68.93828582763672 -26.565698623657227
vertex -66.25240325927734 -69.16873931884766 -26.543262481689453
endloop
endfacet
facet normal 0.12254165013852598 0.9924633716068958 0
outer loop
vertex -2.092054843902588 39.55659484863281 -9.950050354003906
vertex -2.205409288406372 39.57059097290039 -9.944217681884766
vertex -2.092054843902588 39.55659484863281 -1
endloop
endfacet
facet normal 0.12254214501813122 0.9924633105028898 -6.367468238612058e-9
outer loop
vertex -2.205409288406372 39.57059097290039 -9.944217681884766
vertex -2.399430274963379 39.594547271728516 -9.980161666870117
vertex -2.092054843902588 39.55659484863281 -1
endloop
endfacet
facet normal 0.5327137216514144 0.8462955103061024 -1.816753632780426e-7
outer loop
vertex -3.3842203617095947 39.962486267089844 -9.896848678588867
vertex -3.6684203147888184 40.141380310058594 -9.838024139404297
vertex -3.2754788398742676 39.894039154052734 -1
endloop
endfacet
facet normal 0.7653809172002406 0.6435775412378203 0
outer loop
vertex -4.0980329513549805 40.54098892211914 -9.697394371032715
vertex -4.018490314483643 40.44639205932617 -1
vertex -4.018490314483643 40.44639205932617 -9.739727973937988
endloop
endfacet
facet normal 0.6569193042225723 0.753960892712429 -9.26645725857041e-8
outer loop
vertex -3.7681572437286377 40.22827911376953 -9.788071632385254
vertex -4.018490314483643 40.44639205932617 -9.739727973937988
vertex -3.6684203147888184 40.141380310058594 -1
endloop
endfacet
facet normal 0.6569146627855987 0.7539649367293436 0
outer loop
vertex -3.6684203147888184 40.141380310058594 -9.838024139404297
vertex -3.7681572437286377 40.22827911376953 -9.788071632385254
vertex -3.6684203147888184 40.141380310058594 -1
endloop
endfacet
facet normal 0.24929005313373848 0.9684288664680426 0
outer loop
vertex -2.399430274963379 39.594547271728516 -9.980161666870117
vertex -2.5986883640289307 39.64583969116211 -9.981813430786133
vertex -2.399430274963379 39.594547271728516 -1
endloop
endfacet
facet normal -0.9686743163911915 -0.039994019134513656 -0.24509293583766525
outer loop
vertex -67.0741958618164 -66.53557586669922 -26.326717376708984
vertex -67.0741958618164 -66.84766387939453 -26.27579116821289
vertex -67.11784362792969 -66.1335220336914 -26.219816207885742
endloop
endfacet
facet normal 0.24928538399434702 0.9684300683718875 1.10446777424449e-7
outer loop
vertex -2.5986883640289307 39.64583969116211 -9.981813430786133
vertex -2.8490774631500244 39.71029281616211 -9.995649337768555
vertex -2.399430274963379 39.594547271728516 -1
endloop
endfacet
facet normal 0.40879794600264674 0.9126249171176608 0
outer loop
vertex -2.8490774631500244 39.71029281616211 -9.995649337768555
vertex -3.3154478073120117 39.91919708251953 -9.930082321166992
vertex -2.8490774631500244 39.71029281616211 -1
endloop
endfacet
facet normal 0.5327070242526101 0.8462997260497751 -6.738311680420791e-8
outer loop
vertex -3.2754788398742676 39.894039154052734 -1
vertex -3.3154478073120117 39.91919708251953 -9.930082321166992
vertex -3.3842203617095947 39.962486267089844 -9.896848678588867
endloop
endfacet
facet normal 0.25951672687498745 0.965738612913501 0
outer loop
vertex -7.587606906890869 43.592681884765625 -9.094865798950195
vertex -23.35546112060547 47.82987594604492 -8.60524845123291
vertex -7.587606906890869 43.592681884765625 -1
endloop
endfacet
facet normal 0.37547394118861993 0.9268329512313594 -2.3119414450596644e-7
outer loop
vertex -25.43868637084961 48.987579345703125 -1
vertex -40.93043899536133 55.263519287109375 -7.385110855102539
vertex -40.936988830566406 55.26617431640625 -1
endloop
endfacet
facet normal -0.6747307157015556 -0.7380639953885209 0
outer loop
vertex -65.02864074707031 -70.56029510498047 -26.671157836914062
vertex -65.4863510131836 -70.14186096191406 -1
vertex -65.4863510131836 -70.14186096191406 -26.57392692565918
endloop
endfacet
facet normal -0.7509289750050133 -0.6603829756269616 0
outer loop
vertex -65.89588928222656 -69.6761703491211 -26.531126022338867
vertex -65.4863510131836 -70.14186096191406 -26.57392692565918
vertex -65.89588928222656 -69.6761703491211 -1
endloop
endfacet
facet normal -0.8182365848084152 -0.5748816324088474 0
outer loop
vertex -66.25240325927734 -69.16873931884766 -26.543262481689453
vertex -65.89588928222656 -69.6761703491211 -26.531126022338867
vertex -66.25240325927734 -69.16873931884766 -1
endloop
endfacet
facet normal -0.4022652627057436 -0.9155231610507072 0
outer loop
vertex -63.42311096191406 -71.48566436767578 -26.730323791503906
vertex -63.990875244140625 -71.23619842529297 -1
vertex -63.990875244140625 -71.23619842529297 -26.72089385986328
endloop
endfacet
facet normal -0.30041355701600936 -0.9538090452291742 0
outer loop
vertex -62.83160400390625 -71.67196655273438 -26.7899112701416
vertex -63.42311096191406 -71.48566436767578 -1
vertex -63.42311096191406 -71.48566436767578 -26.730323791503906
endloop
endfacet
facet normal -0.5905377446445338 -0.8070100198573419 0
outer loop
vertex -65.02864074707031 -70.56029510498047 -26.671157836914062
vertex -64.52816772460938 -70.92652130126953 -26.76173210144043
vertex -65.02864074707031 -70.56029510498047 -1
endloop
endfacet
facet normal -0.4993602971793575 -0.8663944214968976 0
outer loop
vertex -64.52816772460938 -70.92652130126953 -26.76173210144043
vertex -63.990875244140625 -71.23619842529297 -26.72089385986328
vertex -64.52816772460938 -70.92652130126953 -1
endloop
endfacet
facet normal -0.8758579950511864 -0.4825689303145364 0
outer loop
vertex -66.55166625976562 -68.62557983398438 -26.460243225097656
vertex -66.25240325927734 -69.16873931884766 -26.543262481689453
vertex -66.55166625976562 -68.62557983398438 -1
endloop
endfacet
facet normal -0.9231038552246286 -0.38455074108552706 0
outer loop
vertex -66.79014587402344 -68.05311584472656 -26.337064743041992
vertex -66.55166625976562 -68.62557983398438 -26.460243225097656
vertex -66.79014587402344 -68.05311584472656 -1
endloop
endfacet
facet normal -0.9594232711460142 -0.2819698331089367 0
outer loop
vertex -66.96501159667969 -67.45812225341797 -26.27533721923828
vertex -66.79014587402344 -68.05311584472656 -26.337064743041992
vertex -66.96501159667969 -67.45812225341797 -1
endloop
endfacet
facet normal -0.9843790272144283 -0.17606229232966333 0
outer loop
vertex -66.96501159667969 -67.45812225341797 -26.27533721923828
vertex -67.0741958618164 -66.84766387939453 -1
vertex -67.0741958618164 -66.84766387939453 -26.27579116821289
endloop
endfacet
facet normal -0.19507815220231764 -0.9807877010491763 -0.000002000227429940204
outer loop
vertex -62.24802780151367 -71.7879867553711 -26.886762619018555
vertex -62.83160400390625 -71.67196655273438 -1
vertex -62.295860290527344 -71.77847290039062 -26.885953903198242
endloop
endfacet
facet normal -0.19498518093106595 -0.9808061884069043 0
outer loop
vertex -62.83160400390625 -71.67196655273438 -26.7899112701416
vertex -62.295860290527344 -71.77847290039062 -26.885953903198242
vertex -62.83160400390625 -71.67196655273438 -1
endloop
endfacet
facet normal -0.09147590909970557 -0.9958072844717204 -0.00010122964191587083
outer loop
vertex -61.60557174682617 -71.84700775146484 -26.84442138671875
vertex -62.22335433959961 -71.79288482666016 -1
vertex -62.24802780151367 -71.7879867553711 -26.886762619018555
endloop
endfacet
facet normal -0.9965990787793166 -0.06489202923749572 0.05078681637647181
outer loop
vertex -67.0741958618164 -66.84766387939453 -26.27579116821289
vertex -67.1186294555664 -46.38352584838867 -1
vertex -67.11784362792969 -66.1335220336914 -26.219816207885742
endloop
endfacet
facet normal -0.000019823214231897497 -0.9999999998035133 1.1721950175060816e-7
outer loop
vertex -61.60557174682617 -71.84700775146484 -26.84442138671875
vertex -4.259966850280762 -71.84814453125 -26.891971588134766
vertex -58.39742660522461 -71.8470687866211 -5
endloop
endfacet
facet normal 0.3754738593331662 0.926832984392257 0
outer loop
vertex -25.43868637084961 48.987579345703125 -8.346921920776367
vertex -40.93043899536133 55.263519287109375 -7.385110855102539
vertex -25.43868637084961 48.987579345703125 -1
endloop
endfacet
facet normal 0.39685060366119707 0.9178832160867435 0
outer loop
vertex -7.587606906890869 43.592681884765625 -9.094865798950195
vertex -7.587606906890869 43.592681884765625 -1
vertex -6.725123882293701 43.219783782958984 -1
endloop
endfacet
facet normal -0.3727716717263223 0.927923099850067 0.000039025699858086584
outer loop
vertex 12.209917068481445 41.39554214477539 -9.578320503234863
vertex 12.06727409362793 41.33823776245117 -9.55782413482666
vertex 12.86607551574707 41.65913391113281 -9.46576976776123
endloop
endfacet
facet normal -0.5410926712948908 0.8409629721351363 0.00002384527677392074
outer loop
vertex 30.345857620239258 45.64954376220703 -8.864115715026855
vertex 30.1478214263916 45.52212142944336 -8.79992961883545
vertex 30.871763229370117 45.987918853759766 -8.74886417388916
endloop
endfacet
facet normal -0.252729845961235 0.9675368832862662 0.00006664164253522515
outer loop
vertex 31.850234985351562 46.3953857421875 -8.802579879760742
vertex 31.73257827758789 46.36465072631836 -8.77407169342041
vertex 32.56547927856445 46.58220672607422 -8.69172477722168
endloop
endfacet
facet normal 0.0003319395243754327 0.9999999449080497 2.2324200958771467e-7
outer loop
vertex 8.667195320129395 39.55302429199219 -9.97676944732666
vertex -1.7217499017715454 39.55647277832031 -9.907796859741211
vertex 8.76458740234375 39.5529899597168 -1
endloop
endfacet
facet normal 0.00035251606164315194 0.9999999378662112 0
outer loop
vertex 8.76458740234375 39.5529899597168 -9.988353729248047
vertex 8.667195320129395 39.55302429199219 -9.97676944732666
vertex 8.76458740234375 39.5529899597168 -1
endloop
endfacet
facet normal -0.9999999992018695 -0.00003995323485916539 0
outer loop
vertex -67.11784362792969 -66.1335220336914 -26.219816207885742
vertex -67.12184143066406 33.928531646728516 -1
vertex -67.12184143066406 33.928531646728516 -10.604068756103516
endloop
endfacet
facet normal -0.1287431188091573 0.9916779766432706 -4.151404353326324e-9
outer loop
vertex 9.131766319274902 39.60065841674805 -9.96624755859375
vertex 8.76458740234375 39.5529899597168 -9.988353729248047
vertex 9.225029945373535 39.61276626586914 -1
endloop
endfacet
facet normal -0.833900264587776 -0.5519151630571592 0.00003883331610953085
outer loop
vertex -76.50157165527344 41.87628173828125 -8.945892333984375
vertex -76.11581420898438 41.29342269897461 -9.08765697479248
vertex -75.98297119140625 41.092708587646484 -9.07050609588623
endloop
endfacet
facet normal -0.8851546532845908 0.46529691023027714 -0.00015842598682665865
outer loop
vertex -76.49952697753906 47.364707946777344 -8.445417404174805
vertex -76.64795684814453 47.082359313964844 -8.398428916931152
vertex -76.4386978149414 47.48043441772461 -8.420465469360352
endloop
endfacet
facet normal 0.999999987372314 -0.00015891470359540914 -0.0000012201887077276292
outer loop
vertex 77.2720718383789 -22.567893981933594 -1
vertex 77.26881408691406 -43.067893981933594 -1
vertex 77.28215789794922 40.96408462524414 -9.2824125289917
endloop
endfacet
facet normal 0.6626263834322123 0.7489501158151635 0
outer loop
vertex -5.998116493225098 42.758785247802734 -9.22461986541748
vertex -5.998116493225098 42.758785247802734 -1
vertex -5.294372081756592 42.13615417480469 -1
endloop
endfacet
facet normal 0.7715977663494905 0.6361107505493654 0
outer loop
vertex -5.294372081756592 42.13615417480469 -9.338665962219238
vertex -5.294372081756592 42.13615417480469 -1
vertex -5.2251410484313965 42.05217742919922 -1
endloop
endfacet
facet normal 0.00030700109024342585 0.9999999528751642 0
outer loop
vertex 71.94241333007812 46.6622200012207 -1
vertex 65.75442504882812 46.664119720458984 -2.5
vertex 65.75442504882812 46.664119720458984 -1.100000023841858
endloop
endfacet
facet normal 0.7024124489688712 0.7117701535843947 0
outer loop
vertex 75.90412139892578 44.68893051147461 -1
vertex 75.23531341552734 45.34894561767578 -8.800576210021973
vertex 75.23531341552734 45.34894561767578 -1
endloop
endfacet
facet normal 0.44621949220722257 0.8949235524749186 0
outer loop
vertex 74.53446960449219 45.84882736206055 -1
vertex 73.69356536865234 46.26811218261719 -8.723002433776855
vertex 73.69356536865234 46.26811218261719 -1
endloop
endfacet
facet normal 0.5806834860948509 0.8141294055472577 0
outer loop
vertex 74.53446960449219 45.84882736206055 -8.804220199584961
vertex 74.53446960449219 45.84882736206055 -1
vertex 75.23531341552734 45.34894561767578 -1
endloop
endfacet
facet normal 0.2986804590112553 0.9543531754024548 0.0000020192183717455147
outer loop
vertex 73.69356536865234 46.26811218261719 -1
vertex 72.87201690673828 46.525245666503906 -8.767929077148438
vertex 73.59848022460938 46.29787063598633 -1
endloop
endfacet
facet normal 0.29870012378295974 0.9543470207697221 0
outer loop
vertex 72.87201690673828 46.525245666503906 -8.767929077148438
vertex 72.87201690673828 46.525245666503906 -1
vertex 73.59848022460938 46.29787063598633 -1
endloop
endfacet
facet normal 0.7716056162792897 0.6361012285212406 -1.6106745264609814e-7
outer loop
vertex -4.746784687042236 41.471920013427734 -1
vertex -5.294372081756592 42.13615417480469 -9.338665962219238
vertex -5.2251410484313965 42.05217742919922 -1
endloop
endfacet
facet normal 0.5355167226677614 0.8445246235268572 0
outer loop
vertex -5.998116493225098 42.758785247802734 -1
vertex -6.725123882293701 43.219783782958984 -9.234992980957031
vertex -6.725123882293701 43.219783782958984 -1
endloop
endfacet
facet normal 0.4825788557453516 -0.8758525260371677 -0.000024936308829538148
outer loop
vertex -1.9432721138000488 -71.28483581542969 -26.8096923828125
vertex -1.8593190908432007 -71.23857879638672 -26.82465934753418
vertex -1.4001085758209229 -70.98556518554688 -26.717397689819336
endloop
endfacet
facet normal 0.48261959575723773 -0.875830041783444 -0.0002523900381648099
outer loop
vertex -1.4001085758209229 -70.98556518554688 -26.717397689819336
vertex -1.8593190908432007 -71.23857879638672 -26.82465934753418
vertex -1.8131992816925049 -71.21316528320312 -26.82305335998535
endloop
endfacet
facet normal 0.3223315991758052 0.9466268220226849 0
outer loop
vertex -23.35546112060547 47.82987594604492 -1
vertex -23.732208251953125 47.958160400390625 -8.57496166229248
vertex -23.732208251953125 47.958160400390625 -1
endloop
endfacet
facet normal 0.8889347478906857 0.45803385681903785 0
outer loop
vertex 76.71908569335938 43.405235290527344 -1
vertex 76.41474914550781 43.995880126953125 -8.923203468322754
vertex 76.41474914550781 43.995880126953125 -1
endloop
endfacet
facet normal 0.4825756238225607 -0.8758543071151996 -1.4087490119319652e-7
outer loop
vertex -1.9432721138000488 -71.28483581542969 -26.8096923828125
vertex -1.4001085758209229 -70.98556518554688 -26.717397689819336
vertex -1.817840814590454 -71.21572875976562 -9.949999809265137
endloop
endfacet
facet normal 0.6603835714077115 -0.7509284510622806 0
outer loop
vertex -0.42698779702186584 -70.21951293945312 -26.596067428588867
vertex -0.8926776647567749 -70.6290512084961 -11.33527660369873
vertex -0.8926776647567749 -70.6290512084961 -26.63030242919922
endloop
endfacet
facet normal 0.7380635755443855 -0.674731174953875 2.224094579246615e-8
outer loop
vertex -0.42698779702186584 -70.21951293945312 -26.596067428588867
vertex -0.00855313055217266 -69.76180267333984 -26.61509895324707
vertex -0.3178407847881317 -70.1001205444336 -11.449999809265137
endloop
endfacet
facet normal 0.5748817152471637 -0.8182365266073586 6.598543248905468e-8
outer loop
vertex -0.8926776647567749 -70.6290512084961 -26.63030242919922
vertex -1.3785009384155273 -70.97038269042969 -11.010660171508789
vertex -1.4001085758209229 -70.98556518554688 -26.717397689819336
endloop
endfacet
facet normal 0.07550804148883697 -0.997145192873395 0
outer loop
vertex -4.210799694061279 -71.84442138671875 -26.891218185424805
vertex -4.259966850280762 -71.84814453125 -1
vertex -4.259966850280762 -71.84814453125 -26.891971588134766
endloop
endfacet
facet normal 0.07546866103146244 -0.9971481741457048 -7.521178777598713e-8
outer loop
vertex -4.210799694061279 -71.84442138671875 -26.891218185424805
vertex -3.721188545227051 -71.80736541748047 -26.81461524963379
vertex -4.259966850280762 -71.84814453125 -1
endloop
endfacet
facet normal 0.17606055994536288 -0.9843793370605284 0
outer loop
vertex -3.1107239723205566 -71.69818115234375 -26.763460159301758
vertex -3.721188545227051 -71.80736541748047 -1
vertex -3.721188545227051 -71.80736541748047 -26.81461524963379
endloop
endfacet
facet normal 0.2819726412495695 -0.9594224458426754 0
outer loop
vertex -2.5157368183135986 -71.5233154296875 -26.761812210083008
vertex -3.1107239723205566 -71.69818115234375 -1
vertex -3.1107239723205566 -71.69818115234375 -26.763460159301758
endloop
endfacet
facet normal 0.38455033166695685 -0.9231040257819448 0
outer loop
vertex -1.9432721138000488 -71.28483581542969 -26.8096923828125
vertex -2.5157368183135986 -71.5233154296875 -1
vertex -2.5157368183135986 -71.5233154296875 -26.761812210083008
endloop
endfacet
facet normal 0.6603835714077115 -0.7509284510622806 0
outer loop
vertex -0.8926776647567749 -70.6290512084961 -11.33527660369873
vertex -0.42698779702186584 -70.21951293945312 -26.596067428588867
vertex -0.42698779702186584 -70.21951293945312 -11.428289413452148
endloop
endfacet
facet normal 0.7380649806253828 -0.6747296379843213 0
outer loop
vertex -0.42698779702186584 -70.21951293945312 -11.428289413452148
vertex -0.42698779702186584 -70.21951293945312 -26.596067428588867
vertex -0.3178407847881317 -70.1001205444336 -11.449999809265137
endloop
endfacet
facet normal 0.7380630790686841 -0.6747317180299541 0
outer loop
vertex -0.3178407847881317 -70.1001205444336 -11.449999809265137
vertex -0.00855313055217266 -69.76180267333984 -26.61509895324707
vertex -0.00855313055217266 -69.76180267333984 -11.449999809265137
endloop
endfacet
facet normal 0.5749138271863529 -0.8182139642599242 0
outer loop
vertex -1.3785009384155273 -70.97038269042969 -11.010660171508789
vertex -1.4001085758209229 -70.98556518554688 -10.97832202911377
vertex -1.4001085758209229 -70.98556518554688 -26.717397689819336
endloop
endfacet
facet normal 0.4825792677314875 -0.8758522993951328 0
outer loop
vertex -1.4001085758209229 -70.98556518554688 -26.717397689819336
vertex -1.4001085758209229 -70.98556518554688 -10.97832202911377
vertex -1.7036601305007935 -71.15281677246094 -10.524024963378906
endloop
endfacet
facet normal 0.5748802948841525 -0.818237524533011 0
outer loop
vertex -1.3785009384155273 -70.97038269042969 -11.010660171508789
vertex -0.8926776647567749 -70.6290512084961 -26.63030242919922
vertex -0.8926776647567749 -70.6290512084961 -11.33527660369873
endloop
endfacet
facet normal 0.4825820702166385 -0.8758507552690805 6.848210536118937e-8
outer loop
vertex -1.817840814590454 -71.21572875976562 -9.949999809265137
vertex -1.4001085758209229 -70.98556518554688 -26.717397689819336
vertex -1.7036601305007935 -71.15281677246094 -10.524024963378906
endloop
endfacet
facet normal 0.4546924347745525 0.8906485144996251 0.00011566503461644176
outer loop
vertex -23.732208251953125 47.958160400390625 -1
vertex -24.150598526000977 48.172733306884766 -8.52299976348877
vertex -24.145742416381836 48.16927719116211 -1
endloop
endfacet
facet normal 0.5796022566315706 0.8148995177981093 0
outer loop
vertex -24.628082275390625 48.51234436035156 -8.40827465057373
vertex -24.628082275390625 48.51234436035156 -1
vertex -24.145742416381836 48.16927719116211 -1
endloop
endfacet
facet normal 0.5057616951950864 0.8626732334281577 0
outer loop
vertex -24.628082275390625 48.51234436035156 -1
vertex -25.43868637084961 48.987579345703125 -8.346921920776367
vertex -25.43868637084961 48.987579345703125 -1
endloop
endfacet
facet normal 0.3223276210777217 0.9466281765774651 0
outer loop
vertex -23.35546112060547 47.82987594604492 -8.60524845123291
vertex -23.569061279296875 47.90260696411133 -8.591517448425293
vertex -23.35546112060547 47.82987594604492 -1
endloop
endfacet
facet normal 0.3223367813198909 0.9466250574584693 -2.8762179575598466e-7
outer loop
vertex -23.569061279296875 47.90260696411133 -8.591517448425293
vertex -23.732208251953125 47.958160400390625 -8.57496166229248
vertex -23.35546112060547 47.82987594604492 -1
endloop
endfacet
facet normal 0.4546857538410506 0.8906519327178242 0
outer loop
vertex -23.732208251953125 47.958160400390625 -8.57496166229248
vertex -23.825679779052734 48.00587844848633 -8.544480323791504
vertex -23.732208251953125 47.958160400390625 -1
endloop
endfacet
facet normal 0.45681310861197694 0.8895626918295121 -0.000033245967575319526
outer loop
vertex -23.825679779052734 48.00587844848633 -8.544480323791504
vertex -24.150598526000977 48.172733306884766 -8.52299976348877
vertex -23.732208251953125 47.958160400390625 -1
endloop
endfacet
facet normal 0.9999999874667712 -0.0001563187731598084 0.000025117689456027396
outer loop
vertex 77.26881408691406 -43.067893981933594 -1
vertex 77.26866912841797 -43.99522018432617 -1
vertex 77.28215789794922 40.96408462524414 -9.2824125289917
endloop
endfacet
facet normal 0.9999999873269471 -0.00015915496238175488 -0.000003975363521902346
outer loop
vertex 77.26866912841797 -43.99522018432617 -1
vertex 77.2655258178711 -63.74522018432617 -1
vertex 77.28215789794922 40.96408462524414 -9.2824125289917
endloop
endfacet
facet normal -0.9916779322523803 -0.12874346074128679 0
outer loop
vertex -67.12184143066406 33.928531646728516 -10.604068756103516
vertex -67.1816177368164 34.388973236083984 -1
vertex -67.1816177368164 34.388973236083984 -10.471731185913086
endloop
endfacet
facet normal -0.5022048453331568 -0.8647486879573163 0
outer loop
vertex -74.66349792480469 39.87580871582031 -9.23016357421875
vertex -68.89778137207031 36.5273551940918 -9.7667875289917
vertex -74.66349792480469 39.87580871582031 -1
endloop
endfacet
facet normal -0.1287435113047356 0.9916779256880368 0
outer loop
vertex 9.225029945373535 39.61276626586914 -9.982743263244629
vertex 9.131766319274902 39.60065841674805 -9.96624755859375
vertex 9.225029945373535 39.61276626586914 -1
endloop
endfacet
facet normal -0.6209101464582669 -0.7838817449240502 0
outer loop
vertex -75.40007019042969 40.4592399597168 -9.106456756591797
vertex -74.80426025390625 39.987300872802734 -9.233283042907715
vertex -75.40007019042969 40.4592399597168 -1
endloop
endfacet
facet normal -0.6208923125405297 -0.7838958707785505 0.000002100276181404832
outer loop
vertex -75.40007019042969 40.4592399597168 -1
vertex -74.80426025390625 39.987300872802734 -9.233283042907715
vertex -74.66349792480469 39.87580871582031 -9.23016357421875
endloop
endfacet
facet normal 0.5795998261418582 0.8149012464932613 2.3829848387414508e-7
outer loop
vertex -24.145742416381836 48.16927719116211 -1
vertex -24.150598526000977 48.172733306884766 -8.52299976348877
vertex -24.628082275390625 48.51234436035156 -8.40827465057373
endloop
endfacet
facet normal 0.5057616951950864 0.8626732334281576 0
outer loop
vertex -24.628082275390625 48.51234436035156 -8.40827465057373
vertex -25.43868637084961 48.987579345703125 -8.346921920776367
vertex -24.628082275390625 48.51234436035156 -1
endloop
endfacet
facet normal 0.7653878853015655 0.6435692542637488 0
outer loop
vertex -4.018490314483643 40.44639205932617 -1
vertex -4.317302703857422 40.80176544189453 -9.64685344696045
vertex -4.317302703857422 40.80176544189453 -1
endloop
endfacet
facet normal 0.8419386567266228 0.5395732557395427 0
outer loop
vertex -4.317302703857422 40.80176544189453 -1
vertex -4.746784687042236 41.471920013427734 -9.438469886779785
vertex -4.746784687042236 41.471920013427734 -1
endloop
endfacet
facet normal 0.39685009104582986 0.9178834377103076 -0.000003744919802431496
outer loop
vertex -6.8773579597473145 43.28560256958008 -9.27060604095459
vertex -7.587606906890869 43.592681884765625 -9.094865798950195
vertex -6.725123882293701 43.219783782958984 -9.234992980957031
endloop
endfacet
facet normal 0.6626270392293696 0.7489495355697002 0.000007214560278584844
outer loop
vertex -5.294372081756592 42.13615417480469 -9.338665962219238
vertex -5.481764793395996 42.30194854736328 -9.358160018920898
vertex -5.998116493225098 42.758785247802734 -9.22461986541748
endloop
endfacet
facet normal 0.8070044243336066 -0.5905453883881626 0.00005796083448236467
outer loop
vertex -0.00855313055217266 -69.76180267333984 -26.61509895324707
vertex 0.10909345746040344 -69.60103607177734 -26.63825035095215
vertex 0.35767167806625366 -69.26133728027344 -26.572154998779297
endloop
endfacet
facet normal -0.8287727172506038 -0.5595853671613018 -3.965157903716541e-8
outer loop
vertex -67.50904846191406 35.254966735839844 -10.182318687438965
vertex -67.76886749267578 35.6397705078125 -1
vertex -67.69020080566406 35.52326202392578 -10.109817504882812
endloop
endfacet
facet normal -0.7325123148953538 -0.6807537796638737 0
outer loop
vertex -68.08494567871094 35.979881286621094 -10.009057998657227
vertex -67.7740249633789 35.645320892333984 -10.09480094909668
vertex -68.08494567871094 35.979881286621094 -1
endloop
endfacet
facet normal -0.8243227095123369 -0.5661201777954007 0.00012196369753480915
outer loop
vertex -67.69020080566406 35.52326202392578 -10.109817504882812
vertex -67.76886749267578 35.6397705078125 -1
vertex -67.7740249633789 35.645320892333984 -10.09480094909668
endloop
endfacet
facet normal -0.000019025060757844717 -0.9999999998190235 0
outer loop
vertex -61.60557174682617 -71.84700775146484 -26.84442138671875
vertex -58.39742660522461 -71.8470687866211 -5
vertex -58.39742660522461 -71.8470687866211 -4
endloop
endfacet
facet normal -0.8758579950511864 -0.4825689303145364 0
outer loop
vertex -66.55166625976562 -68.62557983398438 -1
vertex -66.25240325927734 -69.16873931884766 -26.543262481689453
vertex -66.25240325927734 -69.16873931884766 -1
endloop
endfacet
facet normal -0.6747307157015556 -0.7380639953885209 0
outer loop
vertex -65.4863510131836 -70.14186096191406 -1
vertex -65.02864074707031 -70.56029510498047 -26.671157836914062
vertex -65.02864074707031 -70.56029510498047 -1
endloop
endfacet
facet normal -0.8182365848084152 -0.5748816324088474 0
outer loop
vertex -66.25240325927734 -69.16873931884766 -1
vertex -65.89588928222656 -69.6761703491211 -26.531126022338867
vertex -65.89588928222656 -69.6761703491211 -1
endloop
endfacet
facet normal -0.7509289750050133 -0.6603829756269616 0
outer loop
vertex -65.89588928222656 -69.6761703491211 -1
vertex -65.4863510131836 -70.14186096191406 -26.57392692565918
vertex -65.4863510131836 -70.14186096191406 -1
endloop
endfacet
facet normal -0.4993683509717275 -0.8663897795148426 0
outer loop
vertex -63.990875244140625 -71.23619842529297 -26.72089385986328
vertex -63.990875244140625 -71.23619842529297 -1
vertex -64.2079849243164 -71.1110610961914 -1
endloop
endfacet
facet normal -0.40226526270574353 -0.9155231610507072 0
outer loop
vertex -63.990875244140625 -71.23619842529297 -1
vertex -63.42311096191406 -71.48566436767578 -26.730323791503906
vertex -63.42311096191406 -71.48566436767578 -1
endloop
endfacet
facet normal -0.30041355701600936 -0.9538090452291742 0
outer loop
vertex -63.42311096191406 -71.48566436767578 -1
vertex -62.83160400390625 -71.67196655273438 -26.7899112701416
vertex -62.83160400390625 -71.67196655273438 -1
endloop
endfacet
facet normal -0.5905377446445338 -0.8070100198573419 0
outer loop
vertex -65.02864074707031 -70.56029510498047 -1
vertex -64.52816772460938 -70.92652130126953 -26.76173210144043
vertex -64.52816772460938 -70.92652130126953 -1
endloop
endfacet
facet normal -0.4993548359869776 -0.8663975691196251 1.5197778021027165e-7
outer loop
vertex -64.52816772460938 -70.92652130126953 -1
vertex -63.990875244140625 -71.23619842529297 -26.72089385986328
vertex -64.2079849243164 -71.1110610961914 -1
endloop
endfacet
facet normal -0.9231038552246285 -0.38455074108552706 0
outer loop
vertex -66.79014587402344 -68.05311584472656 -1
vertex -66.55166625976562 -68.62557983398438 -26.460243225097656
vertex -66.55166625976562 -68.62557983398438 -1
endloop
endfacet
facet normal -0.9594232711460142 -0.2819698331089367 0
outer loop
vertex -66.96501159667969 -67.45812225341797 -1
vertex -66.79014587402344 -68.05311584472656 -26.337064743041992
vertex -66.79014587402344 -68.05311584472656 -1
endloop
endfacet
facet normal -0.9843798786172016 -0.17605753199901353 0
outer loop
vertex -67.06777954101562 -66.8835220336914 -1
vertex -66.96501159667969 -67.45812225341797 -26.27533721923828
vertex -66.96501159667969 -67.45812225341797 -1
endloop
endfacet
facet normal -0.9843653811782659 -0.17613857139806843 0.0000019012655730041298
outer loop
vertex -67.06777954101562 -66.8835220336914 -1
vertex -67.0741958618164 -66.84766387939453 -1
vertex -66.96501159667969 -67.45812225341797 -26.27533721923828
endloop
endfacet
facet normal -0.000019025060757844717 -0.9999999998190235 0
outer loop
vertex -58.39742660522461 -71.8470687866211 -4
vertex -61.60557174682617 -71.84700775146484 -1
vertex -61.60557174682617 -71.84700775146484 -26.84442138671875
endloop
endfacet
facet normal -0.19498157578933872 -0.9808069051055041 2.630047747113847e-7
outer loop
vertex -62.83160400390625 -71.67196655273438 -1
vertex -62.24802780151367 -71.7879867553711 -26.886762619018555
vertex -62.22335433959961 -71.79288482666016 -1
endloop
endfacet
facet normal -0.0872740841512786 -0.996184337477535 0
outer loop
vertex -62.22335433959961 -71.79288482666016 -1
vertex -61.60557174682617 -71.84700775146484 -26.84442138671875
vertex -61.60557174682617 -71.84700775146484 -1
endloop
endfacet
facet normal -0.99999764275656 -0.00217128563841194 0
outer loop
vertex -67.0741958618164 -66.84766387939453 -26.27579116821289
vertex -67.0741958618164 -66.84766387939453 -1
vertex -67.1186294555664 -46.38352584838867 -1
endloop
endfacet
facet normal -0.9999999992002963 -0.0000399922757456107 1.59384877904415e-7
outer loop
vertex -67.11784362792969 -66.1335220336914 -26.219816207885742
vertex -67.1186294555664 -46.38352584838867 -1
vertex -67.11943054199219 -26.352497100830078 -1
endloop
endfacet
facet normal 0.9496326052090138 0.3133654657487663 0
outer loop
vertex 77.11489868164062 42.343109130859375 -1
vertex 76.84513854980469 43.16059875488281 -9.029502868652344
vertex 76.84513854980469 43.16059875488281 -1
endloop
endfacet
facet normal 0.8889331697044928 0.45803691968993077 2.889448219413281e-7
outer loop
vertex 76.84513854980469 43.16059875488281 -1
vertex 76.41474914550781 43.995880126953125 -8.923203468322754
vertex 76.71908569335938 43.405235290527344 -1
endloop
endfacet
facet normal 0.8050785582386645 0.5931682013260264 0
outer loop
vertex 76.41474914550781 43.995880126953125 -1
vertex 75.90412139892578 44.68893051147461 -8.892526626586914
vertex 75.90412139892578 44.68893051147461 -1
endloop
endfacet
facet normal 0.9873252113119287 0.1587101984998301 0
outer loop
vertex 77.21601104736328 41.71409606933594 -1
vertex 77.11489868164062 42.343109130859375 -9.083701133728027
vertex 77.11489868164062 42.343109130859375 -1
endloop
endfacet
facet normal 0.9873226244834147 0.15872629013976303 0.0000012844873750468549
outer loop
vertex 77.21601104736328 41.71409606933594 -1
vertex 77.26434326171875 41.413455963134766 -1
vertex 77.11489868164062 42.343109130859375 -9.083701133728027
endloop
endfacet
facet normal 0.9992151229169847 0.03961234825146281 0
outer loop
vertex 77.28215789794922 40.96408462524414 -1
vertex 77.26434326171875 41.413455963134766 -9.229273796081543
vertex 77.26434326171875 41.413455963134766 -1
endloop
endfacet
facet normal 0.14577444956560417 0.9893178507708309 -1.7004023629202495e-7
outer loop
vertex 72.87201690673828 46.525245666503906 -1
vertex 71.94241333007812 46.6622200012207 -8.617426872253418
vertex 72.40560150146484 46.593971252441406 -1
endloop
endfacet
facet normal 0.14577171256754617 0.9893182540593926 0
outer loop
vertex 71.94241333007812 46.6622200012207 -8.617426872253418
vertex 71.94241333007812 46.6622200012207 -1
vertex 72.40560150146484 46.593971252441406 -1
endloop
endfacet
facet normal -0.6186963787500738 -0.7856301871246709 0
outer loop
vertex -68.44972229003906 36.26714324951172 -9.875250816345215
vertex -68.33085632324219 36.17353439331055 -9.91158676147461
vertex -68.44972229003906 36.26714324951172 -1
endloop
endfacet
facet normal 0.9999999873962556 -0.000158768663940376 0
outer loop
vertex 77.28215789794922 40.96408462524414 -9.2824125289917
vertex 77.28215789794922 40.96408462524414 -1
vertex 77.27902221679688 21.21408462524414 -1
endloop
endfacet
facet normal 0.00030676502894129074 0.9999999528409187 0.000014607441579432038
outer loop
vertex 63.35442352294922 46.66485595703125 -1.100000023841858
vertex 71.94241333007812 46.6622200012207 -1
vertex 65.75442504882812 46.664119720458984 -1.100000023841858
endloop
endfacet
facet normal -0.6186855315488687 -0.7856387293483175 2.344128940403019e-7
outer loop
vertex -68.33085632324219 36.17353439331055 -9.91158676147461
vertex -68.08494567871094 35.979881286621094 -10.009057998657227
vertex -68.44972229003906 36.26714324951172 -1
endloop
endfacet
facet normal 0.8070067959268278 -0.5905421503397663 0
outer loop
vertex -0.00855313055217266 -69.76180267333984 -11.449999809265137
vertex -0.00855313055217266 -69.76180267333984 -26.61509895324707
vertex 0.35767167806625366 -69.26133728027344 -26.572154998779297
endloop
endfacet
facet normal 0.00046561161418178654 0.9999996775352733 -0.0006543203909879908
outer loop
vertex 71.94241333007812 46.6622200012207 -1
vertex 63.55442428588867 46.66448974609375 -3.5
vertex 65.75442504882812 46.664119720458984 -2.5
endloop
endfacet
facet normal 0.00015449728845428443 0.999999912198774 0.0003895292443395908
outer loop
vertex 65.55439758300781 46.664180755615234 -3.5
vertex 63.55442428588867 46.66448974609375 -3.5
vertex 71.94241333007812 46.6622200012207 -1
endloop
endfacet
facet normal 0.00030676501471892445 0.9999999064785101 -0.00030485766626449004
outer loop
vertex 63.55442428588867 46.66448974609375 -3.5
vertex 63.35442352294922 46.66485595703125 -2.5
vertex 65.75442504882812 46.664119720458984 -2.5
endloop
endfacet
facet normal 0.0003069426219034383 0.9999999528931123 0
outer loop
vertex 71.94241333007812 46.6622200012207 -8.617426872253418
vertex 65.55439758300781 46.664180755615234 -3.5
vertex 71.94241333007812 46.6622200012207 -1
endloop
endfacet
facet normal 0.7024124489688713 0.7117701535843948 0
outer loop
vertex 75.23531341552734 45.34894561767578 -8.800576210021973
vertex 75.90412139892578 44.68893051147461 -1
vertex 75.90412139892578 44.68893051147461 -8.892526626586914
endloop
endfacet
facet normal 0.5806834860948509 0.8141294055472577 0
outer loop
vertex 75.23531341552734 45.34894561767578 -8.800576210021973
vertex 74.53446960449219 45.84882736206055 -8.804220199584961
vertex 75.23531341552734 45.34894561767578 -1
endloop
endfacet
facet normal 0.4462194922072226 0.8949235524749186 0
outer loop
vertex 73.69356536865234 46.26811218261719 -8.723002433776855
vertex 74.53446960449219 45.84882736206055 -1
vertex 74.53446960449219 45.84882736206055 -8.804220199584961
endloop
endfacet
facet normal 0.2986978478227646 0.9543477331172577 0
outer loop
vertex 73.69356536865234 46.26811218261719 -8.723002433776855
vertex 72.87201690673828 46.525245666503906 -8.767929077148438
vertex 73.69356536865234 46.26811218261719 -1
endloop
endfacet
facet normal 0.1457730858179084 0.9893180517159912 0
outer loop
vertex 72.87201690673828 46.525245666503906 -8.767929077148438
vertex 71.94241333007812 46.6622200012207 -8.617426872253418
vertex 72.87201690673828 46.525245666503906 -1
endloop
endfacet
facet normal 0.8050785582386645 0.5931682013260264 0
outer loop
vertex 76.41474914550781 43.995880126953125 -8.923203468322754
vertex 75.90412139892578 44.68893051147461 -8.892526626586914
vertex 76.41474914550781 43.995880126953125 -1
endloop
endfacet
facet normal 0.8889342856733079 0.4580347538718935 0
outer loop
vertex 76.41474914550781 43.995880126953125 -8.923203468322754
vertex 76.84513854980469 43.16059875488281 -1
vertex 76.84513854980469 43.16059875488281 -9.029502868652344
endloop
endfacet
facet normal 0.9496326052090138 0.31336546574876634 0
outer loop
vertex 76.84513854980469 43.16059875488281 -9.029502868652344
vertex 77.11489868164062 42.343109130859375 -1
vertex 77.11489868164062 42.343109130859375 -9.083701133728027
endloop
endfacet
facet normal 0.9873243747861302 0.1587154023816754 0
outer loop
vertex 77.26434326171875 41.413455963134766 -1
vertex 77.26434326171875 41.413455963134766 -9.229273796081543
vertex 77.11489868164062 42.343109130859375 -9.083701133728027
endloop
endfacet
facet normal 0.9992151229169847 0.03961234825146281 0
outer loop
vertex 77.28215789794922 40.96408462524414 -1
vertex 77.28215789794922 40.96408462524414 -9.2824125289917
vertex 77.26434326171875 41.413455963134766 -9.229273796081543
endloop
endfacet
facet normal 0.0003069426219034383 0.9999999528931123 0
outer loop
vertex 71.94241333007812 46.6622200012207 -8.617426872253418
vertex 65.55439758300781 46.664180755615234 -8.644190788269043
vertex 65.55439758300781 46.664180755615234 -3.5
endloop
endfacet
facet normal 0.0003069634711064152 0.9999999528837487 -0.0000024347461423492288
outer loop
vertex 63.35442352294922 46.66485595703125 -1.100000023841858
vertex 33.59206771850586 46.67399215698242 -1
vertex 71.94241333007812 46.6622200012207 -1
endloop
endfacet
facet normal 0.0003069716517315653 0.9999999528842015 0
outer loop
vertex 63.35442352294922 46.66485595703125 -2.5
vertex 33.59206771850586 46.67399215698242 -1
vertex 63.35442352294922 46.66485595703125 -1.100000023841858
endloop
endfacet
facet normal 0.864428930211323 -0.5027550343991669 0
outer loop
vertex 0.35767167806625366 -69.26133728027344 -26.572154998779297
vertex 0.8394985795021057 -68.43289184570312 -26.498001098632812
vertex 0.35767167806625366 -69.26133728027344 -11.449999809265137
endloop
endfacet
facet normal 0.7856328203731406 -0.618693034995986 0
outer loop
vertex 0.8394985795021057 -68.43289184570312 -26.498001098632812
vertex 0.9862072467803955 -68.24659729003906 -26.452251434326172
vertex 0.8394985795021057 -68.43289184570312 -11.449999809265137
endloop
endfacet
facet normal 0.00036866328826355536 0.9999998892720059 -0.00029247795802971884
outer loop
vertex 63.55442428588867 46.66448974609375 -3.5
vertex 33.62289047241211 46.673980712890625 -8.777976989746094
vertex 63.35442352294922 46.66485595703125 -2.5
endloop
endfacet
facet normal 0.00030664494153846786 0.9999999512303611 0.000059229681793065376
outer loop
vertex 63.5544548034668 46.664794921875 -8.652570724487305
vertex 33.62289047241211 46.673980712890625 -8.777976989746094
vertex 63.55442428588867 46.66448974609375 -3.5
endloop
endfacet
facet normal 0.000306958803870751 0.9999999528881128 -2.5492176041034356e-7
outer loop
vertex 33.62289047241211 46.673980712890625 -8.777976989746094
vertex 33.59206771850586 46.67399215698242 -1
vertex 63.35442352294922 46.66485595703125 -2.5
endloop
endfacet
facet normal 0.7856390078437349 -0.618685177900915 1.5807557818940837e-7
outer loop
vertex 0.8394985795021057 -68.43289184570312 -11.449999809265137
vertex 0.9862072467803955 -68.24659729003906 -26.452251434326172
vertex 1.1267606019973755 -68.068115234375 -26.42809295654297
endloop
endfacet
facet normal 0.7024151040195254 0.7117675324090165 0.00003812635712145915
outer loop
vertex 75.90412139892578 44.68893051147461 -8.892526626586914
vertex 75.71089172363281 44.87962341308594 -8.933798789978027
vertex 75.23531341552734 45.34894561767578 -8.800576210021973
endloop
endfacet
facet normal 0.446218982271512 0.8949238067104478 -0.000006592205435281509
outer loop
vertex 74.53446960449219 45.84882736206055 -8.804220199584961
vertex 74.36164093017578 45.935001373291016 -8.84381103515625
vertex 73.69356536865234 46.26811218261719 -8.723002433776855
endloop
endfacet
facet normal 0.14576676851365417 0.9893189817282186 -0.00003986636900023248
outer loop
vertex 72.87201690673828 46.525245666503906 -8.767929077148438
vertex 72.79915618896484 46.535980224609375 -8.787225723266602
vertex 71.94241333007812 46.6622200012207 -8.617426872253418
endloop
endfacet
facet normal 0.8889295522983064 0.4580439309927296 -0.00009127683223722163
outer loop
vertex 76.84513854980469 43.16059875488281 -9.029502868652344
vertex 76.70120239257812 43.4399299621582 -9.063899040222168
vertex 76.41474914550781 43.995880126953125 -8.923203468322754
endloop
endfacet
facet normal -0.5021881026245506 -0.8647584111081856 0
outer loop
vertex -68.50874328613281 36.30141830444336 -9.848007202148438
vertex -68.44972229003906 36.26714324951172 -9.875250816345215
vertex -68.44972229003906 36.26714324951172 -1
endloop
endfacet
facet normal -0.5022112431765908 -0.8647449723629391 2.0641847609053059e-7
outer loop
vertex -68.81018829345703 36.47648620605469 -9.771159172058105
vertex -68.50874328613281 36.30141830444336 -9.848007202148438
vertex -68.44972229003906 36.26714324951172 -1
endloop
endfacet
facet normal 0.9873226399453624 0.158726178267107 -0.00007059772357268182
outer loop
vertex 77.26434326171875 41.413455963134766 -9.229273796081543
vertex 77.21358489990234 41.72918701171875 -9.2306489944458
vertex 77.11489868164062 42.343109130859375 -9.083701133728027
endloop
endfacet
facet normal -0.502198223843597 -0.8647525333689848 -5.090935980105866e-7
outer loop
vertex -68.89778137207031 36.5273551940918 -9.7667875289917
vertex -68.81018829345703 36.47648620605469 -9.771159172058105
vertex -68.44972229003906 36.26714324951172 -1
endloop
endfacet
facet normal 0.9999999877651564 -0.0001563187732064516 0.000005841938322003927
outer loop
vertex 77.28215789794922 40.96408462524414 -9.2824125289917
vertex 77.27902221679688 21.21408462524414 -1
vertex 77.27887725830078 20.286758422851562 -1
endloop
endfacet
facet normal 0.6807597992989339 -0.7325067205551601 0
outer loop
vertex 1.1267606019973755 -68.068115234375 -26.42809295654297
vertex 1.229607105255127 -67.9725341796875 -26.39621925354004
vertex 1.1267606019973755 -68.068115234375 -11.449999809265137
endloop
endfacet
facet normal 0.680754185216226 -0.7325119379986834 -7.199663662480625e-8
outer loop
vertex 1.1267606019973755 -68.068115234375 -11.449999809265137
vertex 1.229607105255127 -67.9725341796875 -26.39621925354004
vertex 1.4668686389923096 -67.75203704833984 -26.381277084350586
endloop
endfacet
facet normal 0.5596626118674161 -0.8287205565676176 0
outer loop
vertex 1.4668686389923096 -67.75203704833984 -26.381277084350586
vertex 1.499788761138916 -67.72980499267578 -26.374595642089844
vertex 1.4668686389923096 -67.75203704833984 -11.449999809265137
endloop
endfacet
facet normal 0.9999999873728546 -0.00015891470232485362 -6.388876787051756e-7
outer loop
vertex 77.28215789794922 40.96408462524414 -9.2824125289917
vertex 77.27887725830078 20.286758422851562 -1
vertex 77.27561950683594 -0.21324174106121063 -1
endloop
endfacet
facet normal -0.618689104913486 -0.7856359153331456 0
outer loop
vertex -68.44972229003906 36.26714324951172 -1
vertex -68.08494567871094 35.979881286621094 -10.009057998657227
vertex -68.08494567871094 35.979881286621094 -1
endloop
endfacet
facet normal 0.559553277208773 -0.8287943834056785 -3.511406773998668e-7
outer loop
vertex 1.4668686389923096 -67.75203704833984 -11.449999809265137
vertex 1.499788761138916 -67.72980499267578 -26.374595642089844
vertex 1.604182243347168 -67.6593246459961 -26.37567710876465
endloop
endfacet
facet normal 0.5595840798782192 -0.8287735864196222 6.142110995739986e-8
outer loop
vertex 1.4668686389923096 -67.75203704833984 -11.449999809265137
vertex 1.604182243347168 -67.6593246459961 -26.37567710876465
vertex 1.8516759872436523 -67.49221801757812 -26.362741470336914
endloop
endfacet
facet normal 0.42499188454071213 -0.9051971597804171 0
outer loop
vertex 1.8516759872436523 -67.49221801757812 -26.362741470336914
vertex 2.271965265274048 -67.29489135742188 -26.29920196533203
vertex 1.8516759872436523 -67.49221801757812 -11.449999809265137
endloop
endfacet
facet normal 0.2801537829519736 -0.9599551332732684 0
outer loop
vertex 2.271965265274048 -67.29489135742188 -26.29920196533203
vertex 2.3358571529388428 -67.2762451171875 -26.28961181640625
vertex 2.271965265274048 -67.29489135742188 -11.449999809265137
endloop
endfacet
facet normal 0.2802304164683712 -0.9599327651902684 3.580511854139074e-7
outer loop
vertex 2.271965265274048 -67.29489135742188 -11.449999809265137
vertex 2.3358571529388428 -67.2762451171875 -26.28961181640625
vertex 2.5616860389709473 -67.21031951904297 -26.236713409423828
endloop
endfacet
facet normal 0.2802109429688317 -0.9599384498187971 -5.6012209868031797e-8
outer loop
vertex 2.271965265274048 -67.29489135742188 -11.449999809265137
vertex 2.5616860389709473 -67.21031951904297 -26.236713409423828
vertex 2.7176690101623535 -67.16478729248047 -26.22847557067871
endloop
endfacet
facet normal 0.1287711233024608 -0.9916743405994846 0
outer loop
vertex 2.7176690101623535 -67.16478729248047 -26.22847557067871
vertex 2.9058594703674316 -67.14035034179688 -26.19727325439453
vertex 2.7176690101623535 -67.16478729248047 -11.449999809265137
endloop
endfacet
facet normal 0.12872411247644694 -0.9916804439267615 -6.100202673606995e-7
outer loop
vertex 2.7176690101623535 -67.16478729248047 -11.449999809265137
vertex 2.9058594703674316 -67.14035034179688 -26.19727325439453
vertex 3.1781110763549805 -67.10501098632812 -26.19951629638672
endloop
endfacet
facet normal 0.0001052243904313057 -0.9999999944639137 0
outer loop
vertex 3.1781110763549805 -67.10501098632812 -26.19951629638672
vertex 3.250617027282715 -67.1050033569336 -26.19327735900879
vertex 3.1781110763549805 -67.10501098632812 -11.449999809265137
endloop
endfacet
facet normal -0.8287722784417874 -0.5595860170576178 0
outer loop
vertex -67.76886749267578 35.6397705078125 -1
vertex -67.50904846191406 35.254966735839844 -10.182318687438965
vertex -67.50904846191406 35.254966735839844 -1
endloop
endfacet
facet normal -0.7325130984729111 -0.6807529365089893 -5.780409358213907e-8
outer loop
vertex -68.08494567871094 35.979881286621094 -1
vertex -67.7740249633789 35.645320892333984 -10.09480094909668
vertex -67.76886749267578 35.6397705078125 -1
endloop
endfacet
facet normal 0.000056864893119354504 -0.9999999983831637 -2.378271288091369e-7
outer loop
vertex 3.1781110763549805 -67.10501098632812 -11.449999809265137
vertex 3.250617027282715 -67.1050033569336 -26.19327735900879
vertex 73.55442810058594 -67.10100555419922 -26.126108169555664
endloop
endfacet
facet normal -0.8339031075640138 -0.5519108688865266 0
outer loop
vertex -75.98297119140625 41.092708587646484 -9.07050609588623
vertex -76.50157165527344 41.87628173828125 -1
vertex -76.50157165527344 41.87628173828125 -8.945892333984375
endloop
endfacet
facet normal -0.9099571968333552 -0.41470218221174365 0
outer loop
vertex -76.85856628417969 42.65961456298828 -8.888301849365234
vertex -76.50157165527344 41.87628173828125 -8.945892333984375
vertex -76.85856628417969 42.65961456298828 -1
endloop
endfacet
facet normal 0.3754726421101789 0.9268334772255391 -0.000022821435800816943
outer loop
vertex -25.594707489013672 49.050785064697266 -8.368180274963379
vertex -40.93043899536133 55.263519287109375 -7.385110855102539
vertex -25.43868637084961 48.987579345703125 -8.346921920776367
endloop
endfacet
facet normal -0.735867418480869 -0.6771256474379785 0
outer loop
vertex -75.98297119140625 41.092708587646484 -9.07050609588623
vertex -75.40007019042969 40.4592399597168 -9.106456756591797
vertex -75.98297119140625 41.092708587646484 -1
endloop
endfacet
facet normal -0.964194980564144 -0.2651943428030206 -4.2851124134240816e-7
outer loop
vertex -76.9319076538086 42.92626953125 -8.908370018005371
vertex -76.85856628417969 42.65961456298828 -8.888301849365234
vertex -77.10775756835938 43.56561279296875 -1
endloop
endfacet
facet normal 0.8070067959268279 -0.5905421503397664 0
outer loop
vertex 0.35767167806625366 -69.26133728027344 -11.449999809265137
vertex -0.00855313055217266 -69.76180267333984 -11.449999809265137
vertex 0.35767167806625366 -69.26133728027344 -26.572154998779297
endloop
endfacet
facet normal 0.8644289302113232 -0.5027550343991669 0
outer loop
vertex 0.35767167806625366 -69.26133728027344 -11.449999809265137
vertex 0.8394985795021057 -68.43289184570312 -26.498001098632812
vertex 0.8394985795021057 -68.43289184570312 -11.449999809265137
endloop
endfacet
facet normal 0.7856358529354948 -0.6186891841484847 0
outer loop
vertex 0.8394985795021057 -68.43289184570312 -11.449999809265137
vertex 1.1267606019973755 -68.068115234375 -26.42809295654297
vertex 1.1267606019973755 -68.068115234375 -11.449999809265137
endloop
endfacet
facet normal 0.6807558811945089 -0.7325103618510032 0
outer loop
vertex 1.1267606019973755 -68.068115234375 -11.449999809265137
vertex 1.4668686389923096 -67.75203704833984 -26.381277084350586
vertex 1.4668686389923096 -67.75203704833984 -11.449999809265137
endloop
endfacet
facet normal 0.5595824449282465 -0.8287746903279116 0
outer loop
vertex 1.4668686389923096 -67.75203704833984 -11.449999809265137
vertex 1.8516759872436523 -67.49221801757812 -26.362741470336914
vertex 1.8516759872436523 -67.49221801757812 -11.449999809265137
endloop
endfacet
facet normal 0.4249918845407122 -0.9051971597804173 0
outer loop
vertex 1.8516759872436523 -67.49221801757812 -11.449999809265137
vertex 2.271965265274048 -67.29489135742188 -26.29920196533203
vertex 2.271965265274048 -67.29489135742188 -11.449999809265137
endloop
endfacet
facet normal 0.2802126543726786 -0.9599379502496075 0
outer loop
vertex 2.271965265274048 -67.29489135742188 -11.449999809265137
vertex 2.7176690101623535 -67.16478729248047 -26.22847557067871
vertex 2.7176690101623535 -67.16478729248047 -11.449999809265137
endloop
endfacet
facet normal 0.12874332962350743 -0.9916779492745882 0
outer loop
vertex 2.7176690101623535 -67.16478729248047 -11.449999809265137
vertex 3.1781110763549805 -67.10501098632812 -26.19951629638672
vertex 3.1781110763549805 -67.10501098632812 -11.449999809265137
endloop
endfacet
facet normal -0.9641936252261104 -0.2651992704992437 0
outer loop
vertex -77.10775756835938 43.56561279296875 -8.760133743286133
vertex -76.9319076538086 42.92626953125 -8.908370018005371
vertex -77.10775756835938 43.56561279296875 -1
endloop
endfacet
facet normal -0.00001944560577555754 -0.9999999998109342 0
outer loop
vertex -56.89742660522461 -71.84709930419922 -1.5080348253250122
vertex -56.89742660522461 -71.84709930419922 -1
vertex -61.60557174682617 -71.84700775146484 -1
endloop
endfacet
facet normal -0.9938050168522562 -0.11113770053085854 0
outer loop
vertex -77.20343017578125 44.42112731933594 -8.693938255310059
vertex -77.10775756835938 43.56561279296875 -8.760133743286133
vertex -77.20343017578125 44.42112731933594 -1
endloop
endfacet
facet normal -0.9988565720926134 0.04780740933572839 0
outer loop
vertex -77.15850830078125 45.35969543457031 -8.516396522521973
vertex -77.20343017578125 44.42112731933594 -8.693938255310059
vertex -77.15850830078125 45.35969543457031 -1
endloop
endfacet
facet normal -0.9790870134302175 0.20344193307255262 0
outer loop
vertex -76.9833755493164 46.20254135131836 -8.382192611694336
vertex -77.15850830078125 45.35969543457031 -8.516396522521973
vertex -76.9833755493164 46.20254135131836 -1
endloop
endfacet
facet normal -0.28022578465333003 0.9599341173306698 -1.1573675389747712e-7
outer loop
vertex 9.598526000976562 39.721797943115234 -9.968814849853516
vertex 9.225029945373535 39.61276626586914 -9.982743263244629
vertex 9.670733451843262 39.74287796020508 -1
endloop
endfacet
facet normal -0.2802390312579276 0.9599302502575999 0
outer loop
vertex 9.670733451843262 39.74287796020508 -9.983485221862793
vertex 9.598526000976562 39.721797943115234 -9.968814849853516
vertex 9.670733451843262 39.74287796020508 -1
endloop
endfacet
facet normal 0.0003320445341685679 0.9999999448732071 9.962353806877512e-8
outer loop
vertex 8.76458740234375 39.5529899597168 -1
vertex -1.7217499017715454 39.55647277832031 -9.907796859741211
vertex -2.092054843902588 39.55659484863281 -1
endloop
endfacet
facet normal -0.9343993947603157 0.35622713410344753 0
outer loop
vertex -76.64795684814453 47.082359313964844 -8.398428916931152
vertex -76.9833755493164 46.20254135131836 -8.382192611694336
vertex -76.64795684814453 47.082359313964844 -1
endloop
endfacet
facet normal -0.8851510523254653 0.46530378739821304 0
outer loop
vertex -76.4386978149414 47.48043441772461 -1
vertex -76.4386978149414 47.48043441772461 -8.420465469360352
vertex -76.64795684814453 47.082359313964844 -8.398428916931152
endloop
endfacet
facet normal 0.00005741750625615737 -0.9999999983487059 0.000002412117699251665
outer loop
vertex 3.1781110763549805 -67.10501098632812 -11.449999809265137
vertex 73.55442810058594 -67.10100555419922 -26.126108169555664
vertex 11.682159423828125 -67.10452270507812 -11.449999809265137
endloop
endfacet
facet normal 0.000054843175111079205 -0.9999999984604889 -0.000008440875802441629
outer loop
vertex 11.682159423828125 -67.10452270507812 -11.449999809265137
vertex 73.55442810058594 -67.10100555419922 -26.126108169555664
vertex 12.256184577941895 -67.1044921875 -11.335819244384766
endloop
endfacet
facet normal 0.00005842696631754047 -0.9999999982725871 0.000006412120503077076
outer loop
vertex 12.256184577941895 -67.1044921875 -11.335819244384766
vertex 73.55442810058594 -67.10100555419922 -26.126108169555664
vertex 12.742819786071777 -67.10446166992188 -11.010660171508789
endloop
endfacet
facet normal 0.000055422259068398325 -0.9999999984480766 -0.000005676246375942052
outer loop
vertex 12.742819786071777 -67.10446166992188 -11.010660171508789
vertex 73.55442810058594 -67.10100555419922 -26.126108169555664
vertex 13.067978858947754 -67.10444641113281 -10.524024963378906
endloop
endfacet
facet normal 0.00005737114447722473 -0.9999999983525101 0.0000018792292057360747
outer loop
vertex 13.067978858947754 -67.10444641113281 -10.524024963378906
vertex 73.55442810058594 -67.10100555419922 -26.126108169555664
vertex 13.182159423828125 -67.10443878173828 -9.949999809265137
endloop
endfacet
facet normal -0.9599287395715246 -0.28024420590624927 7.745119957915348e-7
outer loop
vertex -67.20905303955078 34.482948303222656 -10.429780006408691
vertex -67.1816177368164 34.388973236083984 -10.471731185913086
vertex -67.31172943115234 34.83467483520508 -1
endloop
endfacet
facet normal -0.9599343254044224 -0.2802250718803665 0
outer loop
vertex -67.31172943115234 34.83467483520508 -10.306678771972656
vertex -67.20905303955078 34.482948303222656 -10.429780006408691
vertex -67.31172943115234 34.83467483520508 -1
endloop
endfacet
facet normal 0.617505870526962 0.7865662717563847 0
outer loop
vertex -41.34162139892578 55.49388885498047 -1
vertex -42.39667892456055 56.32217788696289 -6.986794948577881
vertex -42.39667892456055 56.32217788696289 -1
endloop
endfacet
facet normal 0.4904391021371248 0.8714754655725718 0
outer loop
vertex -41.34162139892578 55.49388885498047 -7.3294525146484375
vertex -41.34162139892578 55.49388885498047 -1
vertex -40.936988830566406 55.26617431640625 -1
endloop
endfacet
facet normal 0.7380635750838457 -0.6747311754576287 -1.3754011153024634e-7
outer loop
vertex -0.42698779702186584 -70.21951293945312 -1
vertex -0.3178407847881317 -70.1001205444336 -3.450000047683716
vertex -0.00855313055217266 -69.76180267333984 -1
endloop
endfacet
facet normal 0.48257536733566353 -0.8758538850479731 -0.00099342197546377
outer loop
vertex -1.9432721138000488 -71.28483581542969 -1
vertex -1.3785009384155273 -70.97038269042969 -3.8893399238586426
vertex -1.4001085758209229 -70.98556518554688 -1
endloop
endfacet
facet normal 0.500526321673263 0.8657213185039591 0
outer loop
vertex -42.39667892456055 56.32217788696289 -1
vertex -51.35856246948242 61.50358963012695 -2.5
vertex -51.35856246948242 61.50358963012695 -1.100000023841858
endloop
endfacet
facet normal 0.1609139670698181 -0.9869679151393883 0.0010147350702669952
outer loop
vertex 73.91913604736328 -67.08478546142578 -26.137531280517578
vertex 73.97001647949219 -67.07649230957031 -26.139795303344727
vertex 74.4312973022461 -67.00123596191406 -26.091434478759766
endloop
endfacet
facet normal -0.08905297762026591 0.9960268907900852 0
outer loop
vertex 33.59206771850586 46.67399215698242 -1
vertex 32.56547927856445 46.58220672607422 -8.69172477722168
vertex 32.56547927856445 46.58220672607422 -1
endloop
endfacet
facet normal -0.25272066099077845 0.9675392847364208 -3.4536435076952845e-7
outer loop
vertex 32.56547927856445 46.58220672607422 -1
vertex 31.73257827758789 46.36465072631836 -8.77407169342041
vertex 32.04399490356445 46.44599533081055 -1
endloop
endfacet
facet normal -0.2527287318551601 0.9675371765957537 0
outer loop
vertex 31.73257827758789 46.36465072631836 -8.77407169342041
vertex 31.73257827758789 46.36465072631836 -1
vertex 32.04399490356445 46.44599533081055 -1
endloop
endfacet
facet normal -0.40093074645197985 0.9161083650690338 0
outer loop
vertex 31.73257827758789 46.36465072631836 -1
vertex 30.871763229370117 45.987918853759766 -8.74886417388916
vertex 30.871763229370117 45.987918853759766 -1
endloop
endfacet
facet normal 0.5005262346721218 0.8657213678063512 -0.000041574613919682234
outer loop
vertex -53.43629455566406 62.70485305786133 -1.100000023841858
vertex -59.14869689941406 66.0075454711914 -1
vertex -51.35856246948242 61.50358963012695 -1.100000023841858
endloop
endfacet
facet normal -0.5410914819056439 0.8409637377492292 0
outer loop
vertex 30.871763229370117 45.987918853759766 -1
vertex 30.1478214263916 45.52212142944336 -8.79992961883545
vertex 30.1478214263916 45.52212142944336 -1
endloop
endfacet
facet normal -0.6659546146345388 0.745992259508745 0
outer loop
vertex 30.1478214263916 45.52212142944336 -1
vertex 29.446855545043945 44.8963623046875 -8.723764419555664
vertex 29.446855545043945 44.8963623046875 -1
endloop
endfacet
facet normal 0.7539230920248775 -0.6569626809550394 -0.00008452227632303421
outer loop
vertex 76.14708709716797 -66.06631469726562 -26.017948150634766
vertex 76.26673889160156 -65.92900085449219 -26.039474487304688
vertex 76.57625579833984 -65.57381439208984 -25.94845962524414
endloop
endfacet
facet normal 0.7538265328889733 -0.6570731335505058 0.0006748916275651812
outer loop
vertex 76.57625579833984 -65.57381439208984 -25.94845962524414
vertex 76.26673889160156 -65.92900085449219 -26.039474487304688
vertex 76.28900909423828 -65.90345001220703 -26.038137435913086
endloop
endfacet
facet normal 0.5005259939355508 0.8657215079851045 0.000002612618028175351
outer loop
vertex -42.39667892456055 56.32217788696289 -1
vertex -51.535396575927734 61.605831146240234 -3.5
vertex -51.35856246948242 61.50358963012695 -2.5
endloop
endfacet
facet normal 0.044430277361569334 -0.9990124876364529 0
outer loop
vertex 73.91913604736328 -67.08478546142578 -26.137531280517578
vertex 73.55442810058594 -67.10100555419922 -1
vertex 73.55442810058594 -67.10100555419922 -26.126108169555664
endloop
endfacet
facet normal 0.500526235103054 0.8657213685517012 0.000002555715505690295
outer loop
vertex -51.535396575927734 61.605831146240234 -3.5
vertex -53.43629455566406 62.70485305786133 -2.5
vertex -51.35856246948242 61.50358963012695 -2.5
endloop
endfacet
facet normal 0.5005265295943394 0.8657211982920638 0
outer loop
vertex -51.535396575927734 61.605831146240234 -6.245643615722656
vertex -51.535396575927734 61.605831146240234 -3.5
vertex -42.39667892456055 56.32217788696289 -1
endloop
endfacet
facet normal -0.7757965876700892 0.6309830857950517 0
outer loop
vertex 29.446855545043945 44.8963623046875 -1
vertex 28.903675079345703 44.228519439697266 -8.822856903076172
vertex 28.903675079345703 44.228519439697266 -1
endloop
endfacet
facet normal 0.5005254487223869 0.8657218232093599 5.612073551749463e-7
outer loop
vertex -51.535396575927734 61.605831146240234 -3.5
vertex -53.25946044921875 62.60261535644531 -3.5
vertex -53.43629455566406 62.70485305786133 -2.5
endloop
endfacet
facet normal 0.16100301383493412 -0.9869539145958477 0
outer loop
vertex 74.4312973022461 -67.00123596191406 -26.091434478759766
vertex 73.91913604736328 -67.08478546142578 -1
vertex 73.91913604736328 -67.08478546142578 -26.137531280517578
endloop
endfacet
facet normal 0.3140090073638924 -0.9494200036308182 0
outer loop
vertex 75.05149841308594 -66.79611206054688 -26.099407196044922
vertex 74.4312973022461 -67.00123596191406 -1
vertex 74.4312973022461 -67.00123596191406 -26.091434478759766
endloop
endfacet
facet normal 0.479682856317222 -0.8774419395921932 2.0376484830361867e-7
outer loop
vertex 75.13301086425781 -66.75155639648438 -26.11281394958496
vertex 75.1697006225586 -66.73149871826172 -26.112695693969727
vertex 75.05149841308594 -66.79611206054688 -1
endloop
endfacet
facet normal 0.479634521833324 -0.8774683615183619 0
outer loop
vertex 75.05149841308594 -66.79611206054688 -26.099407196044922
vertex 75.13301086425781 -66.75155639648438 -26.11281394958496
vertex 75.05149841308594 -66.79611206054688 -1
endloop
endfacet
facet normal 0.4796862757126244 -0.8774400702571666 2.2466917820645565e-7
outer loop
vertex 75.64694213867188 -66.47059631347656 -26.028549194335938
vertex 75.05149841308594 -66.79611206054688 -1
vertex 75.1697006225586 -66.73149871826172 -26.112695693969727
endloop
endfacet
facet normal 0.6286366700742085 -0.77769913015125 0
outer loop
vertex 76.14708709716797 -66.06631469726562 -26.017948150634766
vertex 75.64694213867188 -66.47059631347656 -1
vertex 75.64694213867188 -66.47059631347656 -26.028549194335938
endloop
endfacet
facet normal 0.7539171880253637 -0.656969461695084 0
outer loop
vertex 76.57625579833984 -65.57381439208984 -25.94845962524414
vertex 76.14708709716797 -66.06631469726562 -1
vertex 76.14708709716797 -66.06631469726562 -26.017948150634766
endloop
endfacet
facet normal 0.8597985980770435 -0.5106333035993154 0
outer loop
vertex 76.92277526855469 -64.99034881591797 -25.912029266357422
vertex 76.57625579833984 -65.57381439208984 -1
vertex 76.57625579833984 -65.57381439208984 -25.94845962524414
endloop
endfacet
facet normal 0.937156376786557 -0.34890962361088973 0
outer loop
vertex 76.92277526855469 -64.99034881591797 -25.912029266357422
vertex 77.01334381103516 -64.74708557128906 -25.937559127807617
vertex 76.92277526855469 -64.99034881591797 -1
endloop
endfacet
facet normal -0.000020435883772751253 -0.9999999997900492 -0.0000015087083342335073
outer loop
vertex -61.60557174682617 -71.84700775146484 -1
vertex -58.39742660522461 -71.8470687866211 -4
vertex -52.797428131103516 -71.84718322753906 -4
endloop
endfacet
facet normal -0.000020345492436225436 -0.9999999997930097 2.0339444859145885e-7
outer loop
vertex -56.89742660522461 -71.84709930419922 -1.5080348253250122
vertex -52.797428131103516 -71.84718322753906 -4
vertex -56.14795684814453 -71.84711456298828 -1.5594511032104492
endloop
endfacet
facet normal -0.00002185208143786824 -0.9999999997595043 -0.0000018649393281762515
outer loop
vertex -56.14795684814453 -71.84711456298828 -1.5594511032104492
vertex -52.797428131103516 -71.84718322753906 -4
vertex -55.4466552734375 -71.84712982177734 -1.5949000120162964
endloop
endfacet
facet normal -0.00002239242652421408 -0.9999999997462635 -0.0000024601315766621093
outer loop
vertex -52.797428131103516 -71.84718322753906 -4
vertex -54.7618293762207 -71.8471450805664 -1.6258432865142822
vertex -55.4466552734375 -71.84712982177734 -1.5949000120162964
endloop
endfacet
facet normal -0.00001876188550783269 -0.999999999823848 5.438147321379199e-7
outer loop
vertex -54.7618293762207 -71.8471450805664 -1.6258432865142822
vertex -52.797428131103516 -71.84718322753906 -4
vertex -53.542877197265625 -71.84716796875 -1.6595723628997803
endloop
endfacet
facet normal 0.5005267805680412 0.865721053188723 0
outer loop
vertex -53.43629455566406 62.70485305786133 -1.100000023841858
vertex -59.14869689941406 66.0075454711914 -5.628203868865967
vertex -59.14869689941406 66.0075454711914 -1
endloop
endfacet
facet normal 0.5005267805680412 0.8657210531887232 0
outer loop
vertex -53.43629455566406 62.70485305786133 -2.5
vertex -59.14869689941406 66.0075454711914 -5.628203868865967
vertex -53.43629455566406 62.70485305786133 -1.100000023841858
endloop
endfacet
facet normal 0.500526452985412 0.8657212425840116 7.981571108245595e-7
outer loop
vertex -53.25946044921875 62.60261535644531 -3.5
vertex -59.14869689941406 66.0075454711914 -5.628203868865967
vertex -53.43629455566406 62.70485305786133 -2.5
endloop
endfacet
facet normal -0.000020435869851939146 -0.9999999997911876 -1.0567725580986897e-8
outer loop
vertex -51.99742889404297 -71.84719848632812 -4
vertex -46.39742660522461 -71.8473129272461 -4
vertex -51.25197219848633 -71.84721374511719 -1.6595674753189087
endloop
endfacet
facet normal -0.000020469257729253226 -0.9999999997905048 0
outer loop
vertex -53.542877197265625 -71.84716796875 -1.6595723628997803
vertex -52.797428131103516 -71.84718322753906 -4
vertex -52.797428131103516 -71.84718322753906 -1.6665173768997192
endloop
endfacet
facet normal -0.000020469048236141362 -0.9999999997905091 0
outer loop
vertex -51.99742889404297 -71.84719848632812 -1.6665157079696655
vertex -51.99742889404297 -71.84719848632812 -4
vertex -51.25197219848633 -71.84721374511719 -1.6595674753189087
endloop
endfacet
facet normal 0.9371547040357718 -0.34891411651525717 -4.9902923073020254e-8
outer loop
vertex 76.92277526855469 -64.99034881591797 -1
vertex 77.01334381103516 -64.74708557128906 -25.937559127807617
vertex 77.14716339111328 -64.38765716552734 -25.85108184814453
endloop
endfacet
facet normal -0.00001886632586895543 -0.9999999998167659 0.0000032449941195951192
outer loop
vertex -51.25197219848633 -71.84721374511719 -1.6595674753189087
vertex -46.39742660522461 -71.8473129272461 -4
vertex -50.03299331665039 -71.84723663330078 -1.6258326768875122
endloop
endfacet
facet normal 0.9834480683041429 -0.18119022310502844 0
outer loop
vertex 77.14716339111328 -64.38765716552734 -1
vertex 77.14716339111328 -64.38765716552734 -25.85108184814453
vertex 77.2655258178711 -63.74522018432617 -25.804183959960938
endloop
endfacet
facet normal -0.000019224673097985197 -0.9999999998131099 0.0000020474641911939486
outer loop
vertex -56.89742660522461 -71.84709930419922 -1.5080348253250122
vertex -61.60557174682617 -71.84700775146484 -1
vertex -52.797428131103516 -71.84718322753906 -4
endloop
endfacet
facet normal 0.9999999853564918 -0.000171134496986699 0
outer loop
vertex 77.26557922363281 -63.43315124511719 -25.835290908813477
vertex 77.2655258178711 -63.74522018432617 -1
vertex 77.2655258178711 -63.74522018432617 -25.804183959960938
endloop
endfacet
facet normal 0.5005265295943394 0.8657211982920638 0
outer loop
vertex -42.39667892456055 56.32217788696289 -6.986794948577881
vertex -51.535396575927734 61.605831146240234 -6.245643615722656
vertex -42.39667892456055 56.32217788696289 -1
endloop
endfacet
facet normal 0.617505870526962 0.7865662717563847 0
outer loop
vertex -42.39667892456055 56.32217788696289 -6.986794948577881
vertex -41.34162139892578 55.49388885498047 -1
vertex -41.34162139892578 55.49388885498047 -7.3294525146484375
endloop
endfacet
facet normal 0.48817231653770937 0.8727472545701003 0.00013786427758712022
outer loop
vertex -40.93043899536133 55.263519287109375 -7.385110855102539
vertex -41.23063278198242 55.431427001953125 -7.346673965454102
vertex -40.936988830566406 55.26617431640625 -1
endloop
endfacet
facet normal 0.4904446228767909 0.8714723586500184 -4.647104151861494e-7
outer loop
vertex -41.23063278198242 55.431427001953125 -7.346673965454102
vertex -41.34162139892578 55.49388885498047 -7.3294525146484375
vertex -40.936988830566406 55.26617431640625 -1
endloop
endfacet
facet normal 0.5005266691571919 0.8657211176022027 0
outer loop
vertex -53.25946044921875 62.60261535644531 -6.1058220863342285
vertex -59.14869689941406 66.0075454711914 -5.628203868865967
vertex -53.25946044921875 62.60261535644531 -3.5
endloop
endfacet
facet normal 0.6603916717484081 -0.7509213273608247 0
outer loop
vertex -0.7170367240905762 -70.47459411621094 -1
vertex -0.42698779702186584 -70.21951293945312 -3.471710681915283
vertex -0.42698779702186584 -70.21951293945312 -1
endloop
endfacet
facet normal 0.6603701942023601 -0.7509402150565386 -0.000004469550144790203
outer loop
vertex -0.8926776647567749 -70.6290512084961 -1
vertex -0.42698779702186584 -70.21951293945312 -3.471710681915283
vertex -0.7170367240905762 -70.47459411621094 -1
endloop
endfacet
facet normal 0.5748817228298566 -0.8182365212798657 0
outer loop
vertex -1.4001085758209229 -70.98556518554688 -1
vertex -0.8926776647567749 -70.6290512084961 -3.564723014831543
vertex -0.8926776647567749 -70.6290512084961 -1
endloop
endfacet
facet normal 0.00005686762496690512 -0.9999999983830365 0
outer loop
vertex 13.182159423828125 -67.10443878173828 -9.949999809265137
vertex 73.55442810058594 -67.10100555419922 -26.126108169555664
vertex 13.182159423828125 -67.10443878173828 -4.949999809265137
endloop
endfacet
facet normal 0.00004972773135430431 -0.9999999985747859 -0.00001943143857367044
outer loop
vertex 12.742819786071777 -67.10446166992188 -3.8893399238586426
vertex 73.55442810058594 -67.10100555419922 -26.126108169555664
vertex 12.256184577941895 -67.1044921875 -3.564180612564087
endloop
endfacet
facet normal 0.000060036067613408686 -0.9999999981594744 0.000008759101592597999
outer loop
vertex 13.067978858947754 -67.10444641113281 -4.375974655151367
vertex 73.55442810058594 -67.10100555419922 -26.126108169555664
vertex 12.742819786071777 -67.10446166992188 -3.8893399238586426
endloop
endfacet
facet normal 0.000057217890852333184 -0.9999999983626345 9.184903281726627e-7
outer loop
vertex 12.256184577941895 -67.1044921875 -3.564180612564087
vertex 73.55442810058594 -67.10100555419922 -26.126108169555664
vertex 8.614861488342285 -67.10469818115234 -1
endloop
endfacet
facet normal 0.807006795926828 -0.5905421503397664 0
outer loop
vertex -0.00855313055217266 -69.76180267333984 -1
vertex -0.00855313055217266 -69.76180267333984 -3.450000047683716
vertex 0.35767167806625366 -69.26133728027344 -3.450000047683716
endloop
endfacet
facet normal 0.864428930211323 -0.5027550343991669 0
outer loop
vertex 0.35767167806625366 -69.26133728027344 -3.450000047683716
vertex 0.8394985795021057 -68.43289184570312 -3.450000047683716
vertex 0.35767167806625366 -69.26133728027344 -1
endloop
endfacet
facet normal 0.7856358529354949 -0.6186891841484847 0
outer loop
vertex 0.8394985795021057 -68.43289184570312 -3.450000047683716
vertex 1.1267606019973755 -68.068115234375 -3.450000047683716
vertex 0.8394985795021057 -68.43289184570312 -1
endloop
endfacet
facet normal 0.6807558811945089 -0.7325103618510032 0
outer loop
vertex 1.1267606019973755 -68.068115234375 -3.450000047683716
vertex 1.4668686389923096 -67.75203704833984 -3.450000047683716
vertex 1.1267606019973755 -68.068115234375 -1
endloop
endfacet
facet normal 0.5595824449282466 -0.8287746903279117 0
outer loop
vertex 1.4668686389923096 -67.75203704833984 -3.450000047683716
vertex 1.8516759872436523 -67.49221801757812 -3.450000047683716
vertex 1.4668686389923096 -67.75203704833984 -1
endloop
endfacet
facet normal 0.4249918845407121 -0.905197159780417 0
outer loop
vertex 1.8516759872436523 -67.49221801757812 -3.450000047683716
vertex 2.271965265274048 -67.29489135742188 -3.450000047683716
vertex 1.8516759872436523 -67.49221801757812 -1
endloop
endfacet
facet normal 0.2802126543726786 -0.9599379502496074 0
outer loop
vertex 2.271965265274048 -67.29489135742188 -3.450000047683716
vertex 2.7176690101623535 -67.16478729248047 -3.450000047683716
vertex 2.271965265274048 -67.29489135742188 -1
endloop
endfacet
facet normal 0.12874332962350746 -0.9916779492745883 0
outer loop
vertex 2.7176690101623535 -67.16478729248047 -3.450000047683716
vertex 3.1781110763549805 -67.10501098632812 -3.450000047683716
vertex 2.7176690101623535 -67.16478729248047 -1
endloop
endfacet
facet normal 0.0000574175062563244 -0.9999999983516149 0
outer loop
vertex 3.1781110763549805 -67.10501098632812 -1
vertex 3.1781110763549805 -67.10501098632812 -3.450000047683716
vertex 11.682159423828125 -67.10452270507812 -3.450000047683716
endloop
endfacet
facet normal 0.807006795926828 -0.5905421503397664 0
outer loop
vertex 0.35767167806625366 -69.26133728027344 -3.450000047683716
vertex 0.35767167806625366 -69.26133728027344 -1
vertex -0.00855313055217266 -69.76180267333984 -1
endloop
endfacet
facet normal 0.864428930211323 -0.5027550343991669 0
outer loop
vertex 0.35767167806625366 -69.26133728027344 -1
vertex 0.8394985795021057 -68.43289184570312 -3.450000047683716
vertex 0.8394985795021057 -68.43289184570312 -1
endloop
endfacet
facet normal 0.7856358529354949 -0.6186891841484847 0
outer loop
vertex 0.8394985795021057 -68.43289184570312 -1
vertex 1.1267606019973755 -68.068115234375 -3.450000047683716
vertex 1.1267606019973755 -68.068115234375 -1
endloop
endfacet
facet normal 0.6807558811945089 -0.7325103618510032 0
outer loop
vertex 1.1267606019973755 -68.068115234375 -1
vertex 1.4668686389923096 -67.75203704833984 -3.450000047683716
vertex 1.4668686389923096 -67.75203704833984 -1
endloop
endfacet
facet normal 0.5595824449282466 -0.8287746903279117 0
outer loop
vertex 1.4668686389923096 -67.75203704833984 -1
vertex 1.8516759872436523 -67.49221801757812 -3.450000047683716
vertex 1.8516759872436523 -67.49221801757812 -1
endloop
endfacet
facet normal 0.4249918845407121 -0.905197159780417 0
outer loop
vertex 1.8516759872436523 -67.49221801757812 -1
vertex 2.271965265274048 -67.29489135742188 -3.450000047683716
vertex 2.271965265274048 -67.29489135742188 -1
endloop
endfacet
facet normal -0.8594375825437804 0.5112406886303684 2.2162394887415054e-7
outer loop
vertex 28.903675079345703 44.228519439697266 -1
vertex 28.325090408325195 43.25587463378906 -9.169665336608887
vertex 28.44878387451172 43.463809967041016 -1
endloop
endfacet
facet normal -0.8594337566473359 0.511247120221765 0
outer loop
vertex 28.325090408325195 43.25587463378906 -9.169665336608887
vertex 28.325090408325195 43.25587463378906 -1
vertex 28.44878387451172 43.463809967041016 -1
endloop
endfacet
facet normal -0.7856359153331456 0.618689104913486 0
outer loop
vertex 28.03782844543457 42.89109802246094 -9.332820892333984
vertex 28.03782844543457 42.89109802246094 -1
vertex 28.325090408325195 43.25587463378906 -1
endloop
endfacet
facet normal -0.6807614418598813 0.7325051940272201 0
outer loop
vertex 28.03782844543457 42.89109802246094 -1
vertex 27.697721481323242 42.575016021728516 -9.495076179504395
vertex 27.697721481323242 42.575016021728516 -1
endloop
endfacet
facet normal -0.5595709202136244 0.8287824716119893 0
outer loop
vertex 27.697721481323242 42.575016021728516 -1
vertex 27.31291389465332 42.31520462036133 -9.578790664672852
vertex 27.31291389465332 42.31520462036133 -1
endloop
endfacet
facet normal -0.4249912919163476 0.9051974380185097 0
outer loop
vertex 27.31291389465332 42.31520462036133 -1
vertex 26.892623901367188 42.11787796020508 -9.589706420898438
vertex 26.892623901367188 42.11787796020508 -1
endloop
endfacet
facet normal -0.28022793405045243 0.9599334898719887 0
outer loop
vertex 26.892623901367188 42.11787796020508 -1
vertex 26.44692039489746 41.98776626586914 -9.594427108764648
vertex 26.44692039489746 41.98776626586914 -1
endloop
endfacet
facet normal -0.1287434607412868 0.9916779322523804 0
outer loop
vertex 26.44692039489746 41.98776626586914 -1
vertex 25.986478805541992 41.9279899597168 -9.606173515319824
vertex 25.986478805541992 41.9279899597168 -1
endloop
endfacet
facet normal 0.2802126543726786 -0.9599379502496074 0
outer loop
vertex 2.271965265274048 -67.29489135742188 -1
vertex 2.7176690101623535 -67.16478729248047 -3.450000047683716
vertex 2.7176690101623535 -67.16478729248047 -1
endloop
endfacet
facet normal 0.12874332962350746 -0.9916779492745883 0
outer loop
vertex 2.7176690101623535 -67.16478729248047 -1
vertex 3.1781110763549805 -67.10501098632812 -3.450000047683716
vertex 3.1781110763549805 -67.10501098632812 -1
endloop
endfacet
facet normal 0.46530378739821304 0.8851510523254653 0
outer loop
vertex -59.54677200317383 66.21680450439453 -5.620523452758789
vertex -59.54677200317383 66.21680450439453 -1
vertex -59.14869689941406 66.0075454711914 -1
endloop
endfacet
facet normal 0.35622578558210927 0.9343999088647266 0
outer loop
vertex -60.42659378051758 66.5522232055664 -5.524286270141602
vertex -60.42659378051758 66.5522232055664 -1
vertex -59.54677200317383 66.21680450439453 -1
endloop
endfacet
facet normal 0.20344281573934628 0.979086830022775 0
outer loop
vertex -60.42659378051758 66.5522232055664 -1
vertex -61.26943588256836 66.72735595703125 -5.582968235015869
vertex -61.26943588256836 66.72735595703125 -1
endloop
endfacet
facet normal -0.08649401224690301 0.9962523110907359 -0.0003442263792090284
outer loop
vertex 33.62289047241211 46.673980712890625 -8.777976989746094
vertex 32.56547927856445 46.58220672607422 -8.69172477722168
vertex 33.59206771850586 46.67399215698242 -1
endloop
endfacet
facet normal -0.2527236786441401 0.9675384965222694 0
outer loop
vertex 32.56547927856445 46.58220672607422 -8.69172477722168
vertex 31.73257827758789 46.36465072631836 -8.77407169342041
vertex 32.56547927856445 46.58220672607422 -1
endloop
endfacet
facet normal -0.40093074645197985 0.9161083650690338 0
outer loop
vertex 31.73257827758789 46.36465072631836 -8.77407169342041
vertex 30.871763229370117 45.987918853759766 -8.74886417388916
vertex 31.73257827758789 46.36465072631836 -1
endloop
endfacet
facet normal -0.5410914819056438 0.8409637377492292 0
outer loop
vertex 30.871763229370117 45.987918853759766 -8.74886417388916
vertex 30.1478214263916 45.52212142944336 -8.79992961883545
vertex 30.871763229370117 45.987918853759766 -1
endloop
endfacet
facet normal -0.6659546146345388 0.745992259508745 0
outer loop
vertex 29.446855545043945 44.8963623046875 -8.723764419555664
vertex 30.1478214263916 45.52212142944336 -1
vertex 30.1478214263916 45.52212142944336 -8.79992961883545
endloop
endfacet
facet normal -0.7757965876700892 0.6309830857950518 0
outer loop
vertex 29.446855545043945 44.8963623046875 -8.723764419555664
vertex 28.903675079345703 44.228519439697266 -8.822856903076172
vertex 29.446855545043945 44.8963623046875 -1
endloop
endfacet
facet normal -0.8594372859762356 0.5112411871844856 0
outer loop
vertex 28.903675079345703 44.228519439697266 -8.822856903076172
vertex 28.421850204467773 43.41853332519531 -9.110315322875977
vertex 28.903675079345703 44.228519439697266 -1
endloop
endfacet
facet normal -0.859434050607349 0.5112466260584064 -7.353960143202123e-7
outer loop
vertex 28.421850204467773 43.41853332519531 -9.110315322875977
vertex 28.325090408325195 43.25587463378906 -9.169665336608887
vertex 28.903675079345703 44.228519439697266 -1
endloop
endfacet
facet normal -0.7856656894839946 0.6186512946463778 0
outer loop
vertex 28.325090408325195 43.25587463378906 -9.169665336608887
vertex 28.286041259765625 43.20628356933594 -9.179402351379395
vertex 28.325090408325195 43.25587463378906 -1
endloop
endfacet
facet normal -0.7856311287360742 0.6186951830753948 -4.3108793778909696e-7
outer loop
vertex 28.286041259765625 43.20628356933594 -9.179402351379395
vertex 28.03782844543457 42.89109802246094 -9.332820892333984
vertex 28.325090408325195 43.25587463378906 -1
endloop
endfacet
facet normal -0.6807658636509284 0.7325010845641154 0
outer loop
vertex 28.03782844543457 42.89109802246094 -9.332820892333984
vertex 27.891782760620117 42.755367279052734 -9.406383514404297
vertex 28.03782844543457 42.89109802246094 -1
endloop
endfacet
facet normal -0.6807580520548763 0.7325083443636574 -2.529301548173122e-7
outer loop
vertex 27.891782760620117 42.755367279052734 -9.406383514404297
vertex 27.697721481323242 42.575016021728516 -9.495076179504395
vertex 28.03782844543457 42.89109802246094 -1
endloop
endfacet
facet normal -0.5595709202136243 0.8287824716119891 0
outer loop
vertex 27.697721481323242 42.575016021728516 -9.495076179504395
vertex 27.31291389465332 42.31520462036133 -9.578790664672852
vertex 27.697721481323242 42.575016021728516 -1
endloop
endfacet
facet normal -0.4249912863535872 0.9051974406302324 0
outer loop
vertex 27.31291389465332 42.31520462036133 -9.578790664672852
vertex 27.13517951965332 42.23175811767578 -9.586647033691406
vertex 27.31291389465332 42.31520462036133 -1
endloop
endfacet
facet normal -0.42499129599501745 0.9051974361035693 2.435581412046776e-10
outer loop
vertex 27.13517951965332 42.23175811767578 -9.586647033691406
vertex 26.892623901367188 42.11787796020508 -9.589706420898438
vertex 27.31291389465332 42.31520462036133 -1
endloop
endfacet
facet normal -0.2802287332875915 0.9599332565548668 0
outer loop
vertex 26.892623901367188 42.11787796020508 -9.589706420898438
vertex 26.843137741088867 42.103431701660156 -9.579651832580566
vertex 26.892623901367188 42.11787796020508 -1
endloop
endfacet
facet normal -0.2802278340350706 0.9599335190689056 -5.628771539425102e-9
outer loop
vertex 26.843137741088867 42.103431701660156 -9.579651832580566
vertex 26.44692039489746 41.98776626586914 -9.594427108764648
vertex 26.892623901367188 42.11787796020508 -1
endloop
endfacet
facet normal -0.12873193665417548 0.991679428285807 0
outer loop
vertex 26.44692039489746 41.98776626586914 -9.594427108764648
vertex 26.37953758239746 41.97901916503906 -9.582509994506836
vertex 26.44692039489746 41.98776626586914 -1
endloop
endfacet
facet normal -0.12874544271605912 0.9916776749427378 1.0782546186699118e-7
outer loop
vertex 26.37953758239746 41.97901916503906 -9.582509994506836
vertex 25.986478805541992 41.9279899597168 -9.606173515319824
vertex 26.44692039489746 41.98776626586914 -1
endloop
endfacet
facet normal -0.00032434885258308504 0.9999999473989094 0
outer loop
vertex 25.986478805541992 41.9279899597168 -9.606173515319824
vertex 25.92767333984375 41.92797088623047 -9.599234580993652
vertex 25.986478805541992 41.9279899597168 -1
endloop
endfacet
facet normal -0.00035099184609957 0.9999999384023436 1.8219689184790028e-7
outer loop
vertex 25.92767333984375 41.92797088623047 -9.599234580993652
vertex 14.592066764831543 41.92399215698242 -9.470118522644043
vertex 25.986478805541992 41.9279899597168 -1
endloop
endfacet
facet normal 0.04781551023848219 0.9988561843331769 0
outer loop
vertex -61.26943588256836 66.72735595703125 -1
vertex -62.208003997802734 66.77228546142578 -5.5076518058776855
vertex -62.208003997802734 66.77228546142578 -1
endloop
endfacet
facet normal -0.11114645370559632 0.9938040379414191 0
outer loop
vertex -62.208003997802734 66.77228546142578 -1
vertex -63.06351852416992 66.67660522460938 -5.583028316497803
vertex -63.06351852416992 66.67660522460938 -1
endloop
endfacet
facet normal -0.265196354997348 0.9641944271235044 -3.1285069148301314e-7
outer loop
vertex -63.06351852416992 66.67660522460938 -1
vertex -63.96951675415039 66.42741394042969 -5.536569595336914
vertex -63.464454650878906 66.56632995605469 -1
endloop
endfacet
facet normal -0.2651989674514236 0.964193708578675 0
outer loop
vertex -63.96951675415039 66.42741394042969 -1
vertex -63.464454650878906 66.56632995605469 -1
vertex -63.96951675415039 66.42741394042969 -5.536569595336914
endloop
endfacet
facet normal -0.41469704573289223 0.9099595377047853 -7.105174621110198e-7
outer loop
vertex -63.96951675415039 66.42741394042969 -1
vertex -64.75285339355469 66.07041931152344 -5.6125640869140625
vertex -64.2996826171875 66.27694702148438 -1
endloop
endfacet
facet normal -0.41470303394934405 0.9099568086635811 0
outer loop
vertex -64.75285339355469 66.07041931152344 -5.6125640869140625
vertex -64.75285339355469 66.07041931152344 -1
vertex -64.2996826171875 66.27694702148438 -1
endloop
endfacet
facet normal -0.5519070910840228 0.8339056078544934 0
outer loop
vertex -64.75285339355469 66.07041931152344 -1
vertex -65.53642272949219 65.55182647705078 -5.611442565917969
vertex -65.53642272949219 65.55182647705078 -1
endloop
endfacet
facet normal -0.6771304465377167 0.7358630024478963 0
outer loop
vertex -65.53642272949219 65.55182647705078 -1
vertex -66.16989135742188 64.96891784667969 -5.673343181610107
vertex -66.16989135742188 64.96891784667969 -1
endloop
endfacet
facet normal -0.783876273152391 0.6209170543540564 -9.9990103772904e-7
outer loop
vertex -66.28265380859375 64.8265609741211 -1
vertex -66.16989135742188 64.96891784667969 -1
vertex -66.75332641601562 64.23235321044922 -5.64537239074707
endloop
endfacet
facet normal -0.7838800778558414 0.6209122510795871 0
outer loop
vertex -66.75332641601562 64.23235321044922 -5.64537239074707
vertex -66.75332641601562 64.23235321044922 -1
vertex -66.28265380859375 64.8265609741211 -1
endloop
endfacet
facet normal -0.8657198647084481 0.5005288361814793 0
outer loop
vertex -76.4386978149414 47.48043441772461 -1
vertex -66.75332641601562 64.23235321044922 -1
vertex -76.4386978149414 47.48043441772461 -8.420465469360352
endloop
endfacet
facet normal 0.46530378739821304 0.8851510523254653 0
outer loop
vertex -59.54677200317383 66.21680450439453 -5.620523452758789
vertex -59.14869689941406 66.0075454711914 -1
vertex -59.14869689941406 66.0075454711914 -5.628203868865967
endloop
endfacet
facet normal 0.3562257855821092 0.9343999088647265 0
outer loop
vertex -59.54677200317383 66.21680450439453 -5.620523452758789
vertex -60.42659378051758 66.5522232055664 -5.524286270141602
vertex -59.54677200317383 66.21680450439453 -1
endloop
endfacet
facet normal 0.20344281573934628 0.9790868300227751 0
outer loop
vertex -60.42659378051758 66.5522232055664 -5.524286270141602
vertex -61.26943588256836 66.72735595703125 -5.582968235015869
vertex -60.42659378051758 66.5522232055664 -1
endloop
endfacet
facet normal 0.047755445393487195 0.9988590578431321 0
outer loop
vertex -61.318904876708984 66.72972106933594 -5.5968217849731445
vertex -61.26943588256836 66.72735595703125 -1
vertex -61.26943588256836 66.72735595703125 -5.582968235015869
endloop
endfacet
facet normal -0.9999999992071094 -0.000039821718691948914 -1.096469960425954e-7
outer loop
vertex -67.11784362792969 -66.1335220336914 -26.219816207885742
vertex -67.11943054199219 -26.352497100830078 -1
vertex -67.12024688720703 -5.852497577667236 -1
endloop
endfacet
facet normal -0.9999999992002644 -0.00003999227860164913 2.980294921425738e-7
outer loop
vertex -67.11784362792969 -66.1335220336914 -26.219816207885742
vertex -67.12024688720703 -5.852497577667236 -1
vertex -67.12104797363281 14.178529739379883 -1
endloop
endfacet
facet normal -0.999999999192596 -0.000040175035644635966 8.800160142424056e-7
outer loop
vertex -67.12184143066406 33.928531646728516 -1
vertex -67.11784362792969 -66.1335220336914 -26.219816207885742
vertex -67.12104797363281 14.178529739379883 -1
endloop
endfacet
facet normal 0.0478187838375854 0.99885602761951 -6.831798329470457e-7
outer loop
vertex -61.318904876708984 66.72972106933594 -5.5968217849731445
vertex -62.208003997802734 66.77228546142578 -5.5076518058776855
vertex -61.26943588256836 66.72735595703125 -1
endloop
endfacet
facet normal -0.11114631078832427 0.9938040539251917 0
outer loop
vertex -62.993255615234375 66.68446350097656 -5.601429462432861
vertex -62.208003997802734 66.77228546142578 -1
vertex -62.208003997802734 66.77228546142578 -5.5076518058776855
endloop
endfacet
facet normal -0.00035085640874020296 0.9999999384498883 0
outer loop
vertex 25.986478805541992 41.9279899597168 -1
vertex 14.592066764831543 41.92399215698242 -9.470118522644043
vertex 14.592066764831543 41.92399215698242 -1
endloop
endfacet
facet normal -0.07053185649354748 0.9975095273828583 -1.7906607417730712e-8
outer loop
vertex 14.592066764831543 41.92399215698242 -1
vertex 13.78249454498291 41.86674880981445 -9.519079208374023
vertex 14.024134635925293 41.88383483886719 -1
endloop
endfacet
facet normal -0.07053248465466973 0.9975094829666726 0
outer loop
vertex 13.78249454498291 41.86674880981445 -9.519079208374023
vertex 13.78249454498291 41.86674880981445 -1
vertex 14.024134635925293 41.88383483886719 -1
endloop
endfacet
facet normal -0.22095097596018967 0.9752849154079231 0
outer loop
vertex 13.78249454498291 41.86674880981445 -1
vertex 12.86607551574707 41.65913391113281 -9.46576976776123
vertex 12.86607551574707 41.65913391113281 -1
endloop
endfacet
facet normal -0.37276779960019185 0.9279246561985683 0
outer loop
vertex 12.86607551574707 41.65913391113281 -1
vertex 12.06727409362793 41.33823776245117 -9.55782413482666
vertex 12.06727409362793 41.33823776245117 -1
endloop
endfacet
facet normal -0.5133007686534368 0.8582087863100629 0
outer loop
vertex 12.06727409362793 41.33823776245117 -1
vertex 11.260865211486816 40.855918884277344 -9.626914024353027
vertex 11.260865211486816 40.855918884277344 -1
endloop
endfacet
facet normal 0.3562304052978866 0.9343981464027774 0.00004837723962021048
outer loop
vertex -59.68673324584961 66.2701644897461 -5.641632556915283
vertex -60.42659378051758 66.5522232055664 -5.524286270141602
vertex -59.54677200317383 66.21680450439453 -5.620523452758789
endloop
endfacet
facet normal -0.00002034505207910871 -0.9999999997923513 -0.0000011732524573543809
outer loop
vertex -58.39742660522461 -71.8470687866211 -5
vertex -4.259966850280762 -71.84814453125 -26.891971588134766
vertex -46.39742660522461 -71.8473129272461 -5
endloop
endfacet
facet normal -0.00001973550395730084 -0.9999999998052549 0
outer loop
vertex -46.39742660522461 -71.8473129272461 -4
vertex -46.39742660522461 -71.8473129272461 -5
vertex -4.259966850280762 -71.84814453125 -26.891971588134766
endloop
endfacet
facet normal -0.000013549417322319587 -0.9999999998433772 0.000011386785784275922
outer loop
vertex -50.03299331665039 -71.84723663330078 -1.6258326768875122
vertex -46.39742660522461 -71.8473129272461 -4
vertex -4.259966850280762 -71.84814453125 -26.891971588134766
endloop
endfacet
facet normal -0.00002210486642307776 -0.999999999747231 -0.000004112566909999338
outer loop
vertex -49.34845733642578 -71.84725189208984 -1.5949000120162964
vertex -50.03299331665039 -71.84723663330078 -1.6258326768875122
vertex -4.259966850280762 -71.84814453125 -26.891971588134766
endloop
endfacet
facet normal -0.000021586019223023472 -0.999999999761941 -0.0000031877943731407057
outer loop
vertex -48.646812438964844 -71.8472671508789 -1.559430718421936
vertex -49.34845733642578 -71.84725189208984 -1.5949000120162964
vertex -4.259966850280762 -71.84814453125 -26.891971588134766
endloop
endfacet
facet normal -0.000020297870392427948 -0.9999999997935651 -9.307423245247036e-7
outer loop
vertex -47.89742660522461 -71.84728240966797 -1.5080174207687378
vertex -48.646812438964844 -71.8472671508789 -1.559430718421936
vertex -4.259966850280762 -71.84814453125 -26.891971588134766
endloop
endfacet
facet normal -0.00001975645664767016 -0.9999999998048412 0
outer loop
vertex -47.89742660522461 -71.84728240966797 -1
vertex -47.89742660522461 -71.84728240966797 -1.5080174207687378
vertex -4.259966850280762 -71.84814453125 -26.891971588134766
endloop
endfacet
facet normal 0.48256109778885264 -0.8758623104694124 0
outer loop
vertex -1.817840814590454 -71.21572875976562 -9.949999809265137
vertex -1.817840814590454 -71.21572875976562 -4.949999809265137
vertex -1.9432721138000488 -71.28483581542969 -26.8096923828125
endloop
endfacet
facet normal 0.4825610977888527 -0.8758623104694125 0
outer loop
vertex -1.817840814590454 -71.21572875976562 -4.949999809265137
vertex -1.9432721138000488 -71.28483581542969 -1
vertex -1.9432721138000488 -71.28483581542969 -26.8096923828125
endloop
endfacet
facet normal -0.11114797649061649 0.9938038676328235 2.878140349504967e-7
outer loop
vertex -62.993255615234375 66.68446350097656 -5.601429462432861
vertex -63.06351852416992 66.67660522460938 -5.583028316497803
vertex -62.208003997802734 66.77228546142578 -1
endloop
endfacet
facet normal -0.26519781134920867 0.9641940265608315 0
outer loop
vertex -63.06351852416992 66.67660522460938 -5.583028316497803
vertex -63.96951675415039 66.42741394042969 -5.536569595336914
vertex -63.06351852416992 66.67660522460938 -1
endloop
endfacet
facet normal -0.41470051000322256 0.9099579589206674 0
outer loop
vertex -63.96951675415039 66.42741394042969 -5.536569595336914
vertex -64.75285339355469 66.07041931152344 -5.6125640869140625
vertex -63.96951675415039 66.42741394042969 -1
endloop
endfacet
facet normal -0.5519070910840228 0.8339056078544933 0
outer loop
vertex -64.75285339355469 66.07041931152344 -5.6125640869140625
vertex -65.53642272949219 65.55182647705078 -5.611442565917969
vertex -64.75285339355469 66.07041931152344 -1
endloop
endfacet
facet normal -0.6771304465377166 0.7358630024478962 0
outer loop
vertex -65.53642272949219 65.55182647705078 -5.611442565917969
vertex -66.16989135742188 64.96891784667969 -5.673343181610107
vertex -65.53642272949219 65.55182647705078 -1
endloop
endfacet
facet normal -0.7838793425150002 0.6209131794206426 0
outer loop
vertex -66.16989135742188 64.96891784667969 -5.673343181610107
vertex -66.75332641601562 64.23235321044922 -5.64537239074707
vertex -66.16989135742188 64.96891784667969 -1
endloop
endfacet
facet normal -0.4147050251534758 0.9099558994545968 0.00005621592911237668
outer loop
vertex -63.96951675415039 66.42741394042969 -5.536569595336914
vertex -64.58895111083984 66.1451187133789 -5.649228572845459
vertex -64.75285339355469 66.07041931152344 -5.6125640869140625
endloop
endfacet
facet normal 0.000057535320101101 -0.9999999983447597 4.0893657788957833e-7
outer loop
vertex 3.1781110763549805 -67.10501098632812 -1
vertex 11.682159423828125 -67.10452270507812 -3.450000047683716
vertex 8.614861488342285 -67.10469818115234 -1
endloop
endfacet
facet normal 0.00005182298358616064 -0.9999999986344573 -0.0000067426706502315296
outer loop
vertex 12.256184577941895 -67.1044921875 -3.564180612564087
vertex 8.614861488342285 -67.10469818115234 -1
vertex 11.682159423828125 -67.10452270507812 -3.450000047683716
endloop
endfacet
facet normal -0.6771331651571446 0.7358604990096507 0.00005139586807389119
outer loop
vertex -65.97052001953125 65.15238189697266 -5.731762886047363
vertex -66.16989135742188 64.96891784667969 -5.673343181610107
vertex -65.53642272949219 65.55182647705078 -5.611442565917969
endloop
endfacet
facet normal -0.00001975645664767016 -0.9999999998048413 0
outer loop
vertex -47.89742660522461 -71.84728240966797 -1
vertex -4.259966850280762 -71.84814453125 -26.891971588134766
vertex -4.259966850280762 -71.84814453125 -1
endloop
endfacet
facet normal -0.8657198647084482 0.5005288361814794 0
outer loop
vertex -76.4386978149414 47.48043441772461 -8.420465469360352
vertex -66.75332641601562 64.23235321044922 -1
vertex -66.75332641601562 64.23235321044922 -5.64537239074707
endloop
endfacet
facet normal 0.00005682326494520783 -0.9999999983855531 -1.0143823753989546e-7
outer loop
vertex 8.614861488342285 -67.10469818115234 -1
vertex 73.55442810058594 -67.10100555419922 -26.126108169555664
vertex 58.55442428588867 -67.10186004638672 -5
endloop
endfacet
facet normal 0.07549317946059633 -0.9971463181773962 4.3944559935408005e-7
outer loop
vertex -4.259966850280762 -71.84814453125 -1
vertex -3.721188545227051 -71.80736541748047 -26.81461524963379
vertex -4.172395706176758 -71.84151458740234 -1
endloop
endfacet
facet normal 0.07546818096872589 -0.9971482104788995 0
outer loop
vertex -4.172395706176758 -71.84151458740234 -1
vertex -3.721188545227051 -71.80736541748047 -26.81461524963379
vertex -3.721188545227051 -71.80736541748047 -1
endloop
endfacet
facet normal 0.17606055994536288 -0.9843793370605283 0
outer loop
vertex -3.721188545227051 -71.80736541748047 -1
vertex -3.1107239723205566 -71.69818115234375 -26.763460159301758
vertex -3.1107239723205566 -71.69818115234375 -1
endloop
endfacet
facet normal 0.2819726412495695 -0.9594224458426754 0
outer loop
vertex -3.1107239723205566 -71.69818115234375 -1
vertex -2.5157368183135986 -71.5233154296875 -26.761812210083008
vertex -2.5157368183135986 -71.5233154296875 -1
endloop
endfacet
facet normal 0.38455033166695685 -0.923104025781945 0
outer loop
vertex -2.5157368183135986 -71.5233154296875 -1
vertex -1.9432721138000488 -71.28483581542969 -26.8096923828125
vertex -1.9432721138000488 -71.28483581542969 -1
endloop
endfacet
facet normal 0.00005658465802840333 -0.9999999983990516 -2.708544236679545e-7
outer loop
vertex 58.55442428588867 -67.10186004638672 -5
vertex 73.55442810058594 -67.10100555419922 -26.126108169555664
vertex 70.55442810058594 -67.10118103027344 -5
endloop
endfacet
facet normal 0.000058492024639523456 -0.9999999982893416 0
outer loop
vertex 70.55442810058594 -67.10118103027344 -5
vertex 73.55442810058594 -67.10100555419922 -26.126108169555664
vertex 70.55442810058594 -67.10118103027344 -4
endloop
endfacet
facet normal 0.000058492024639523456 -0.9999999982893416 0
outer loop
vertex 70.55442810058594 -67.10118103027344 -4
vertex 73.55442810058594 -67.10100555419922 -26.126108169555664
vertex 73.55442810058594 -67.10100555419922 -1
endloop
endfacet
facet normal 0.04440750094761257 -0.9990135003389485 -3.3110511945951017e-7
outer loop
vertex 73.55442810058594 -67.10100555419922 -1
vertex 73.91913604736328 -67.08478546142578 -26.137531280517578
vertex 73.72623443603516 -67.09336853027344 -1
endloop
endfacet
facet normal 0.04445056294102616 -0.9990115852452492 0
outer loop
vertex 73.72623443603516 -67.09336853027344 -1
vertex 73.91913604736328 -67.08478546142578 -26.137531280517578
vertex 73.91913604736328 -67.08478546142578 -1
endloop
endfacet
facet normal 0.16100301383493412 -0.9869539145958477 0
outer loop
vertex 73.91913604736328 -67.08478546142578 -1
vertex 74.4312973022461 -67.00123596191406 -26.091434478759766
vertex 74.4312973022461 -67.00123596191406 -1
endloop
endfacet
facet normal 0.3140090073638924 -0.9494200036308181 0
outer loop
vertex 74.4312973022461 -67.00123596191406 -1
vertex 75.05149841308594 -66.79611206054688 -26.099407196044922
vertex 75.05149841308594 -66.79611206054688 -1
endloop
endfacet
facet normal 0.47967900501092564 -0.8774440450260794 0
outer loop
vertex 75.05149841308594 -66.79611206054688 -1
vertex 75.64694213867188 -66.47059631347656 -26.028549194335938
vertex 75.64694213867188 -66.47059631347656 -1
endloop
endfacet
facet normal 0.6286366700742084 -0.7776991301512499 0
outer loop
vertex 75.64694213867188 -66.47059631347656 -1
vertex 76.14708709716797 -66.06631469726562 -26.017948150634766
vertex 76.14708709716797 -66.06631469726562 -1
endloop
endfacet
facet normal 0.7539171880253637 -0.656969461695084 0
outer loop
vertex 76.14708709716797 -66.06631469726562 -1
vertex 76.57625579833984 -65.57381439208984 -25.94845962524414
vertex 76.57625579833984 -65.57381439208984 -1
endloop
endfacet
facet normal 0.8597985980770436 -0.5106333035993154 0
outer loop
vertex 76.57625579833984 -65.57381439208984 -1
vertex 76.92277526855469 -64.99034881591797 -25.912029266357422
vertex 76.92277526855469 -64.99034881591797 -1
endloop
endfacet
facet normal 0.9371567493579012 -0.348908622898491 1.0179682871522355e-7
outer loop
vertex 76.92277526855469 -64.99034881591797 -1
vertex 77.14716339111328 -64.38765716552734 -25.85108184814453
vertex 77.10712432861328 -64.49519348144531 -1
endloop
endfacet
facet normal 0.9371490570328528 -0.3489292835266698 0
outer loop
vertex 77.14716339111328 -64.38765716552734 -25.85108184814453
vertex 77.14716339111328 -64.38765716552734 -1
vertex 77.10712432861328 -64.49519348144531 -1
endloop
endfacet
facet normal 0.9834480683041428 -0.18119022310502841 0
outer loop
vertex 77.2655258178711 -63.74522018432617 -25.804183959960938
vertex 77.2655258178711 -63.74522018432617 -1
vertex 77.14716339111328 -64.38765716552734 -1
endloop
endfacet
facet normal 0.0000568313898250853 -0.9999999983850966 0
outer loop
vertex 58.55442428588867 -67.10186004638672 -5
vertex 58.55442428588867 -67.10186004638672 -4
vertex 8.614861488342285 -67.10469818115234 -1
endloop
endfacet
facet normal 0.00005722043550250302 -0.9999999983419399 0.00000647625705366678
outer loop
vertex 58.55442428588867 -67.10186004638672 -4
vertex 64.15442657470703 -67.1015396118164 -4
vertex 8.614861488342285 -67.10469818115234 -1
endloop
endfacet
facet normal 0.00005680565583838049 -0.9999999983865587 0
outer loop
vertex 60.05442428588867 -67.10177612304688 -1.5075769424438477
vertex 60.05442428588867 -67.10177612304688 -1
vertex 8.614861488342285 -67.10469818115234 -1
endloop
endfacet
facet normal 0.00005679113653055335 -0.9999999983863009 -0.000001471435724408414
outer loop
vertex 64.15442657470703 -67.1015396118164 -4
vertex 60.05442428588867 -67.10177612304688 -1.5075769424438477
vertex 8.614861488342285 -67.10469818115234 -1
endloop
endfacet
facet normal 0.0000617554398311131 -0.9999999980707228 0.0000066947762305067385
outer loop
vertex 60.05442428588867 -67.10177612304688 -1.5075769424438477
vertex 64.15442657470703 -67.1015396118164 -4
vertex 60.801231384277344 -67.10173034667969 -1.5588159561157227
endloop
endfacet
facet normal 0.000053189543781622184 -0.9999999985725774 -0.0000050712852438637305
outer loop
vertex 60.801231384277344 -67.10173034667969 -1.5588159561157227
vertex 64.15442657470703 -67.1015396118164 -4
vertex 61.51498031616211 -67.10169219970703 -1.5949000120162964
endloop
endfacet
facet normal 0.00005658724571987908 -0.9999999983980405 -0.0000013425206436304274
outer loop
vertex 64.15442657470703 -67.1015396118164 -4
vertex 62.188385009765625 -67.10165405273438 -1.6253321170806885
vertex 61.51498031616211 -67.10169219970703 -1.5949000120162964
endloop
endfacet
facet normal 0.00005585800613619389 -0.9999999984388015 -0.0000015099929578202202
outer loop
vertex 64.95442199707031 -67.10149383544922 -4
vertex 70.55442810058594 -67.10118103027344 -4
vertex 65.70063018798828 -67.10145568847656 -1.6591088771820068
endloop
endfacet
facet normal 0.00005624600822006861 -0.999999998416873 -0.0000016250389339247757
outer loop
vertex 62.188385009765625 -67.10165405273438 -1.6253321170806885
vertex 64.15442657470703 -67.1015396118164 -4
vertex 63.408199310302734 -67.1015853881836 -1.6590946912765503
endloop
endfacet
facet normal 0.00006134373438889717 -0.9999999981184731 0
outer loop
vertex 63.408199310302734 -67.1015853881836 -1.6590946912765503
vertex 64.15442657470703 -67.1015396118164 -4
vertex 64.15442657470703 -67.1015396118164 -1.666053056716919
endloop
endfacet
facet normal 0.00005112108533608624 -0.9999999986933173 0
outer loop
vertex 64.95442199707031 -67.10149383544922 -1.666057825088501
vertex 64.95442199707031 -67.10149383544922 -4
vertex 65.70063018798828 -67.10145568847656 -1.6591088771820068
endloop
endfacet
facet normal 0.00005631016929355866 -0.9999999984144187 -5.724403417781694e-7
outer loop
vertex 65.70063018798828 -67.10145568847656 -1.6591088771820068
vertex 70.55442810058594 -67.10118103027344 -4
vertex 66.92037200927734 -67.10138702392578 -1.625362515449524
endloop
endfacet
facet normal 0.00005658461374359725 -0.9999999983990793 -1.524408534195437e-7
outer loop
vertex 67.59461212158203 -67.10134887695312 -1.5949000120162964
vertex 66.92037200927734 -67.10138702392578 -1.625362515449524
vertex 70.55442810058594 -67.10118103027344 -4
endloop
endfacet
facet normal 0.00006378391656347045 -0.9999999979278973 0.000008707320366278766
outer loop
vertex 67.59461212158203 -67.10134887695312 -1.5949000120162964
vertex 70.55442810058594 -67.10118103027344 -4
vertex 68.307373046875 -67.10130310058594 -1.5588747262954712
endloop
endfacet
facet normal 0.00005125684893485149 -0.9999999986823807 -0.0000028238415197515333
outer loop
vertex 68.307373046875 -67.10130310058594 -1.5588747262954712
vertex 70.55442810058594 -67.10118103027344 -4
vertex 69.05442810058594 -67.10126495361328 -1.507627010345459
endloop
endfacet
facet normal 0.00005594889314159885 -0.9999999984348608 0
outer loop
vertex 69.05442810058594 -67.10126495361328 -1.507627010345459
vertex 70.55442810058594 -67.10118103027344 -4
vertex 69.05442810058594 -67.10126495361328 -1
endloop
endfacet
facet normal 0.00005764431414031821 -0.9999999983382073 8.47710502063503e-7
outer loop
vertex 69.05442810058594 -67.10126495361328 -1
vertex 70.55442810058594 -67.10118103027344 -4
vertex 73.55442810058594 -67.10100555419922 -1
endloop
endfacet
facet normal -0.885153087193654 0.4652999164318353 2.658334511859879e-7
outer loop
vertex -76.62483978271484 47.1263313293457 -1
vertex -76.4386978149414 47.48043441772461 -1
vertex -76.64795684814453 47.082359313964844 -8.398428916931152
endloop
endfacet
facet normal -0.8851346654200346 0.4653349590045467 0
outer loop
vertex -76.62483978271484 47.1263313293457 -1
vertex -76.64795684814453 47.082359313964844 -8.398428916931152
vertex -76.64795684814453 47.082359313964844 -1
endloop
endfacet
facet normal -0.9343993947603157 0.3562271341034476 0
outer loop
vertex -76.64795684814453 47.082359313964844 -1
vertex -76.9833755493164 46.20254135131836 -8.382192611694336
vertex -76.9833755493164 46.20254135131836 -1
endloop
endfacet
facet normal -0.9790870134302175 0.20344193307255265 0
outer loop
vertex -76.9833755493164 46.20254135131836 -1
vertex -77.15850830078125 45.35969543457031 -8.516396522521973
vertex -77.15850830078125 45.35969543457031 -1
endloop
endfacet
facet normal -0.9988565720926134 0.0478074093357284 0
outer loop
vertex -77.15850830078125 45.35969543457031 -1
vertex -77.20343017578125 44.42112731933594 -8.693938255310059
vertex -77.20343017578125 44.42112731933594 -1
endloop
endfacet
facet normal -0.9938050168522561 -0.11113770053085854 0
outer loop
vertex -77.10775756835938 43.56561279296875 -8.760133743286133
vertex -77.10775756835938 43.56561279296875 -1
vertex -77.20343017578125 44.42112731933594 -1
endloop
endfacet
facet normal -0.9641905748088418 -0.26521036074669385 0.0000015503816478389538
outer loop
vertex -76.85856628417969 42.65961456298828 -8.888301849365234
vertex -77.08637237548828 43.48786544799805 -1
vertex -77.10775756835938 43.56561279296875 -1
endloop
endfacet
facet normal -0.9641943505672079 -0.26519663333888716 0
outer loop
vertex -76.85856628417969 42.65961456298828 -8.888301849365234
vertex -76.85856628417969 42.65961456298828 -1
vertex -77.08637237548828 43.48786544799805 -1
endloop
endfacet
facet normal -0.7358674184808691 -0.6771256474379785 0
outer loop
vertex -75.98297119140625 41.092708587646484 -1
vertex -75.40007019042969 40.4592399597168 -9.106456756591797
vertex -75.40007019042969 40.4592399597168 -1
endloop
endfacet
facet normal -0.9099571968333553 -0.4147021822117437 0
outer loop
vertex -76.85856628417969 42.65961456298828 -1
vertex -76.50157165527344 41.87628173828125 -8.945892333984375
vertex -76.50157165527344 41.87628173828125 -1
endloop
endfacet
facet normal -0.8339031075640138 -0.5519108688865266 0
outer loop
vertex -76.50157165527344 41.87628173828125 -1
vertex -75.98297119140625 41.092708587646484 -9.07050609588623
vertex -75.98297119140625 41.092708587646484 -1
endloop
endfacet
facet normal 0.48257895535101036 -0.8758524715109167 7.391997001493227e-7
outer loop
vertex -1.9432721138000488 -71.28483581542969 -1
vertex -1.817840814590454 -71.21572875976562 -4.949999809265137
vertex -1.7036601305007935 -71.15281677246094 -4.375974655151367
endloop
endfacet
facet normal 0.48257847057158043 -0.8758527386155233 6.943469181623681e-7
outer loop
vertex -1.9432721138000488 -71.28483581542969 -1
vertex -1.7036601305007935 -71.15281677246094 -4.375974655151367
vertex -1.4001085758209229 -70.98556518554688 -3.921678066253662
endloop
endfacet
facet normal 0.9999999873867762 -0.0001588282832527617 1.546342737904013e-7
outer loop
vertex 77.2655258178711 -63.74522018432617 -1
vertex 77.26557922363281 -63.43315124511719 -25.835290908813477
vertex 77.28215789794922 40.96408462524414 -9.2824125289917
endloop
endfacet
facet normal -0.502204904984618 -0.8647486533145848 -5.246311620719984e-8
outer loop
vertex -74.66349792480469 39.87580871582031 -1
vertex -68.89778137207031 36.5273551940918 -9.7667875289917
vertex -68.44972229003906 36.26714324951172 -1
endloop
endfacet
facet normal 0.5563110826595938 -0.8307720159977194 0.018325849098900324
outer loop
vertex -1.4001085758209229 -70.98556518554688 -3.921678066253662
vertex -1.3785009384155273 -70.97038269042969 -3.8893399238586426
vertex -1.9432721138000488 -71.28483581542969 -1
endloop
endfacet
facet normal 0.5748804616160422 -0.8182374073898036 -3.7270670062981606e-7
outer loop
vertex -1.4001085758209229 -70.98556518554688 -1
vertex -1.3785009384155273 -70.97038269042969 -3.8893399238586426
vertex -0.8926776647567749 -70.6290512084961 -3.564723014831543
endloop
endfacet
facet normal 0.6603835714077115 -0.7509284510622806 0
outer loop
vertex -0.8926776647567749 -70.6290512084961 -1
vertex -0.8926776647567749 -70.6290512084961 -3.564723014831543
vertex -0.42698779702186584 -70.21951293945312 -3.471710681915283
endloop
endfacet
facet normal 0.7380649806253828 -0.6747296379843213 0
outer loop
vertex -0.3178407847881317 -70.1001205444336 -3.450000047683716
vertex -0.42698779702186584 -70.21951293945312 -1
vertex -0.42698779702186584 -70.21951293945312 -3.471710681915283
endloop
endfacet
facet normal 0.7380630790686841 -0.674731718029954 0
outer loop
vertex -0.00855313055217266 -69.76180267333984 -3.450000047683716
vertex -0.00855313055217266 -69.76180267333984 -1
vertex -0.3178407847881317 -70.1001205444336 -3.450000047683716
endloop
endfacet
facet normal -0.6209067329241729 -0.7838844487610593 0
outer loop
vertex -75.40007019042969 40.4592399597168 -1
vertex -74.66349792480469 39.87580871582031 -9.23016357421875
vertex -74.66349792480469 39.87580871582031 -1
endloop
endfacet
facet normal -0.07053225423356513 0.9975094992593965 0
outer loop
vertex 13.841086387634277 41.87089157104492 -9.53446102142334
vertex 14.592066764831543 41.92399215698242 -1
vertex 14.592066764831543 41.92399215698242 -9.470118522644043
endloop
endfacet
facet normal -0.07052941480725104 0.9975097000264627 -2.511013042123151e-7
outer loop
vertex 13.841086387634277 41.87089157104492 -9.53446102142334
vertex 13.78249454498291 41.86674880981445 -9.519079208374023
vertex 14.592066764831543 41.92399215698242 -1
endloop
endfacet
facet normal -0.22095097596018967 0.9752849154079232 0
outer loop
vertex 13.78249454498291 41.86674880981445 -9.519079208374023
vertex 12.86607551574707 41.65913391113281 -9.46576976776123
vertex 13.78249454498291 41.86674880981445 -1
endloop
endfacet
facet normal -0.3727677996001918 0.9279246561985683 0
outer loop
vertex 12.86607551574707 41.65913391113281 -9.46576976776123
vertex 12.06727409362793 41.33823776245117 -9.55782413482666
vertex 12.86607551574707 41.65913391113281 -1
endloop
endfacet
facet normal -0.5133007686534367 0.8582087863100628 0
outer loop
vertex 12.06727409362793 41.33823776245117 -9.55782413482666
vertex 11.260865211486816 40.855918884277344 -9.626914024353027
vertex 12.06727409362793 41.33823776245117 -1
endloop
endfacet
facet normal -0.6411686057588141 0.7674000384345171 0
outer loop
vertex 11.260865211486816 40.855918884277344 -9.626914024353027
vertex 10.475830078125 40.200016021728516 -9.911827087402344
vertex 11.260865211486816 40.855918884277344 -1
endloop
endfacet
facet normal -0.9052045012019589 -0.42497624757592356 0
outer loop
vertex -67.50904846191406 35.254966735839844 -1
vertex -67.31172943115234 34.83467483520508 -10.306678771972656
vertex -67.31172943115234 34.83467483520508 -1
endloop
endfacet
facet normal -0.9599296194962447 -0.2802411918569607 6.205955622150874e-7
outer loop
vertex -67.31172943115234 34.83467483520508 -1
vertex -67.1816177368164 34.388973236083984 -10.471731185913086
vertex -67.26526641845703 34.67552185058594 -1
endloop
endfacet
facet normal -0.9599351377154016 -0.2802222892264511 0
outer loop
vertex -67.1816177368164 34.388973236083984 -10.471731185913086
vertex -67.1816177368164 34.388973236083984 -1
vertex -67.26526641845703 34.67552185058594 -1
endloop
endfacet
facet normal -0.9916779322523804 -0.1287434607412868 0
outer loop
vertex -67.12184143066406 33.928531646728516 -10.604068756103516
vertex -67.12184143066406 33.928531646728516 -1
vertex -67.1816177368164 34.388973236083984 -1
endloop
endfacet
facet normal -0.9052023372233309 -0.4249808568458341 0
outer loop
vertex -67.50904846191406 35.254966735839844 -10.182318687438965
vertex -67.48551177978516 35.204833984375 -10.187259674072266
vertex -67.50904846191406 35.254966735839844 -1
endloop
endfacet
facet normal -0.6411686057588141 0.7674000384345171 0
outer loop
vertex 10.475830078125 40.200016021728516 -9.911827087402344
vertex 10.475830078125 40.200016021728516 -1
vertex 11.260865211486816 40.855918884277344 -1
endloop
endfacet
facet normal -0.5595709202136243 0.8287824716119891 0
outer loop
vertex 10.475830078125 40.200016021728516 -1
vertex 10.091022491455078 39.94020462036133 -9.979433059692383
vertex 10.091022491455078 39.94020462036133 -1
endloop
endfacet
facet normal -0.4249920820824938 0.9051970670341276 0
outer loop
vertex 10.091022491455078 39.94020462036133 -1
vertex 9.670733451843262 39.74287796020508 -9.983485221862793
vertex 9.670733451843262 39.74287796020508 -1
endloop
endfacet
facet normal -0.9052047986139512 -0.4249756140842377 -3.491433181459588e-8
outer loop
vertex -67.48551177978516 35.204833984375 -10.187259674072266
vertex -67.31172943115234 34.83467483520508 -10.306678771972656
vertex -67.50904846191406 35.254966735839844 -1
endloop
endfacet
facet normal -0.5595709202136244 0.8287824716119891 0
outer loop
vertex 10.475830078125 40.200016021728516 -9.911827087402344
vertex 10.091022491455078 39.94020462036133 -9.979433059692383
vertex 10.475830078125 40.200016021728516 -1
endloop
endfacet
facet normal -0.42499401076904414 0.9051961615088971 0
outer loop
vertex 10.091022491455078 39.94020462036133 -9.979433059692383
vertex 9.960739135742188 39.87903594970703 -9.979826927185059
vertex 10.091022491455078 39.94020462036133 -1
endloop
endfacet
facet normal -0.42499121511781246 0.9051974740755095 -4.9501486197841324e-8
outer loop
vertex 9.960739135742188 39.87903594970703 -9.979826927185059
vertex 9.670733451843262 39.74287796020508 -9.983485221862793
vertex 10.091022491455078 39.94020462036133 -1
endloop
endfacet
facet normal -0.2802279340504525 0.9599334898719887 0
outer loop
vertex 9.670733451843262 39.74287796020508 -1
vertex 9.225029945373535 39.61276626586914 -9.982743263244629
vertex 9.225029945373535 39.61276626586914 -1
endloop
endfacet
facet normal -0.1287431985059929 0.9916779662967442 0
outer loop
vertex 9.225029945373535 39.61276626586914 -1
vertex 8.76458740234375 39.5529899597168 -9.988353729248047
vertex 8.76458740234375 39.5529899597168 -1
endloop
endfacet
facet normal -8.613500221107822e-8 0.15643440034515244 -0.9876883508418256
outer loop
vertex 76.30245971679688 -63.15547561645508 -26.76643180847168
vertex -2.772719144821167 39.26583480834961 -10.544489860534668
vertex -2.311774253845215 39.12773132324219 -10.566363334655762
endloop
endfacet
facet normal -0.0000014055719495024842 0.15643357049006568 -0.9876884822765496
outer loop
vertex 9.2329683303833 39.17929458618164 -10.558196067810059
vertex 9.788818359375 39.3458366394043 -10.531819343566895
vertex 76.30245971679688 -63.15547561645508 -26.76643180847168
endloop
endfacet
facet normal 0.000002125906943537588 0.1564378862182301 -0.9876877987254133
outer loop
vertex -53.32130813598633 61.72153854370117 -6.987855911254883
vertex -53.22889709472656 61.54865264892578 -7.0152387619018555
vertex -59.937496185302734 65.80380249023438 -6.3412885665893555
endloop
endfacet
facet normal -0.0000019008974122319363 0.15643151962479138 -0.9876888070967824
outer loop
vertex -53.378211975097656 61.90913391113281 -6.958144187927246
vertex -53.32130813598633 61.72153854370117 -6.987855911254883
vertex -59.937496185302734 65.80380249023438 -6.3412885665893555
endloop
endfacet
facet normal 0.0000027273105928221188 0.15643912356295397 -0.9876876027425963
outer loop
vertex -53.38187026977539 61.946250915527344 -6.95226526260376
vertex -53.378211975097656 61.90913391113281 -6.958144187927246
vertex -59.937496185302734 65.80380249023438 -6.3412885665893555
endloop
endfacet
facet normal -0.0000014721245573714213 0.15643235244031403 -0.9876886751946801
outer loop
vertex -53.22889709472656 61.54865264892578 -7.0152387619018555
vertex -53.10453414916992 61.397117614746094 -7.039239406585693
vertex -59.937496185302734 65.80380249023438 -6.3412885665893555
endloop
endfacet
facet normal -3.6131232458911937e-7 0.15643397666298303 -0.987688417946305
outer loop
vertex 76.0385513305664 -64.11419677734375 -26.918277740478516
vertex -75.73619842529297 47.20372772216797 -9.287251472473145
vertex 76.30245971679688 -63.15547561645508 -26.76643180847168
endloop
endfacet
facet normal -3.93334738685019e-8 0.15643441081719822 -0.9876883491832201
outer loop
vertex -66.34774017333984 34.61968231201172 -11.28036880493164
vertex 73.79631042480469 -65.67097473144531 -27.16484832763672
vertex 5.535712718963623 -31.047454833984375 -21.681020736694336
endloop
endfacet
facet normal 6.159996438333825e-7 0.15643527655560657 -0.9876882120631952
outer loop
vertex 75.4638442993164 -64.91136932373047 -27.044538497924805
vertex -75.73619842529297 47.20372772216797 -9.287251472473145
vertex 76.0385513305664 -64.11419677734375 -26.918277740478516
endloop
endfacet
facet normal -2.4179208350301303e-8 0.15643443432901016 -0.9876883454593164
outer loop
vertex 74.65037536621094 -65.4532470703125 -27.13036346435547
vertex -75.73619842529297 47.20372772216797 -9.287251472473145
vertex 75.4638442993164 -64.91136932373047 -27.044538497924805
endloop
endfacet
facet normal 1.6338005041979434e-7 0.15643467857606297 -0.9876883067743473
outer loop
vertex 73.79631042480469 -65.67097473144531 -27.16484832763672
vertex -75.73619842529297 47.20372772216797 -9.287251472473145
vertex 74.65037536621094 -65.4532470703125 -27.13036346435547
endloop
endfacet
facet normal 7.587497393194266e-9 0.15643447244845549 -0.9876883394217901
outer loop
vertex -75.73619842529297 47.20372772216797 -9.287251472473145
vertex -65.4289321899414 64.7987289428711 -6.500476837158203
vertex 76.30245971679688 -63.15547561645508 -26.76643180847168
endloop
endfacet
facet normal 6.741357474168243e-8 0.15643453709448676 -0.9876883291828595
outer loop
vertex 76.30245971679688 -63.15547561645508 -26.76643180847168
vertex -65.4289321899414 64.7987289428711 -6.500476837158203
vertex -64.2787094116211 65.69282531738281 -6.358865737915039
endloop
endfacet
facet normal -1.3754712062962735e-7 0.1564343189426372 -0.9876883637347026
outer loop
vertex 76.30245971679688 -63.15547561645508 -26.76643180847168
vertex -64.2787094116211 65.69282531738281 -6.358865737915039
vertex -62.88066864013672 66.19448852539062 -6.279410362243652
endloop
endfacet
facet normal 7.696063974899586e-7 0.15643525935227678 -0.9876882147878415
outer loop
vertex -61.39729690551758 66.2364501953125 -6.272764682769775
vertex -59.937496185302734 65.80380249023438 -6.3412885665893555
vertex 76.30245971679688 -63.15547561645508 -26.76643180847168
endloop
endfacet
facet normal -2.345213567211597e-7 0.15643422449444835 -0.987688378693789
outer loop
vertex -59.937496185302734 65.80380249023438 -6.3412885665893555
vertex -53.10453414916992 61.397117614746094 -7.039239406585693
vertex 76.30245971679688 -63.15547561645508 -26.76643180847168
endloop
endfacet
facet normal -0.0000015116957957619861 0.15643293001497766 -0.9876885837168737
outer loop
vertex 76.30245971679688 -63.15547561645508 -26.76643180847168
vertex -53.10453414916992 61.397117614746094 -7.039239406585693
vertex -52.952999114990234 61.27275466918945 -7.058936595916748
endloop
endfacet
facet normal -5.885488638568046e-7 0.15643386550853108 -0.9876884355512685
outer loop
vertex 76.30245971679688 -63.15547561645508 -26.76643180847168
vertex -52.952999114990234 61.27275466918945 -7.058936595916748
vertex -52.78010940551758 61.18034362792969 -7.073573112487793
endloop
endfacet
facet normal -2.559208212100351e-7 0.15643419468720415 -0.9876883834147794
outer loop
vertex 76.30245971679688 -63.15547561645508 -26.76643180847168
vertex -62.88066864013672 66.19448852539062 -6.279410362243652
vertex -61.39729690551758 66.2364501953125 -6.272764682769775
endloop
endfacet
facet normal -2.5745704911712197e-8 0.156434435499223 -0.987688345273973
outer loop
vertex -41.551666259765625 54.99769973754883 -8.052807807922363
vertex 76.30245971679688 -63.15547561645508 -26.76643180847168
vertex -52.78010940551758 61.18034362792969 -7.073573112487793
endloop
endfacet
facet normal 3.118462718826259e-7 0.1564350862282424 -0.9876882422083727
outer loop
vertex 73.79631042480469 -65.67097473144531 -27.16484832763672
vertex 5.64409875869751 -31.209667205810547 -21.70671272277832
vertex 5.535712718963623 -31.047454833984375 -21.681020736694336
endloop
endfacet
facet normal 0.0000010388357851636824 0.15643648877092226 -0.9876880200650131
outer loop
vertex 73.79631042480469 -65.67097473144531 -27.16484832763672
vertex 5.682159423828125 -31.40100860595703 -21.737018585205078
vertex 5.64409875869751 -31.209667205810547 -21.70671272277832
endloop
endfacet
facet normal 4.5620782294267285e-9 0.15643448338057114 -0.987688337690313
outer loop
vertex 73.79631042480469 -65.67097473144531 -27.16484832763672
vertex 5.682159423828125 -45.40100860595703 -23.95440101623535
vertex 5.682159423828125 -31.40100860595703 -21.737018585205078
endloop
endfacet
facet normal 5.238127380354715e-7 0.15643618554366445 -0.9876880680924893
outer loop
vertex 5.682159423828125 -45.40100860595703 -23.95440101623535
vertex 73.79631042480469 -65.67097473144531 -27.16484832763672
vertex 5.64409875869751 -45.592350006103516 -23.98470687866211
endloop
endfacet
facet normal -1.7376801509218746e-9 0.1564344453396433 -0.987688343715404
outer loop
vertex 3.249270439147949 -65.75056457519531 -27.177453994750977
vertex 5.64409875869751 -45.592350006103516 -23.98470687866211
vertex 73.79631042480469 -65.67097473144531 -27.16484832763672
endloop
endfacet
facet normal 8.169413041178872e-7 0.15643435045934034 -0.9876883587426234
outer loop
vertex 3.249270439147949 -65.75056457519531 -27.177453994750977
vertex 5.535712718963623 -45.75456237792969 -24.010398864746094
vertex 5.64409875869751 -45.592350006103516 -23.98470687866211
endloop
endfacet
facet normal -0.0000044365083426851 0.1564349364630719 -0.9876882659190156
outer loop
vertex 3.249270439147949 -65.75056457519531 -27.177453994750977
vertex 5.373500823974609 -45.86294937133789 -24.027565002441406
vertex 5.535712718963623 -45.75456237792969 -24.010398864746094
endloop
endfacet
facet normal -0.000004057029560542781 0.15643489692245333 -0.9876882721832845
outer loop
vertex 3.249270439147949 -65.75056457519531 -27.177453994750977
vertex 5.182159423828125 -45.90100860595703 -24.033592224121094
vertex 5.373500823974609 -45.86294937133789 -24.027565002441406
endloop
endfacet
facet normal -3.199499352592464e-7 0.1564343165306714 -0.9876883641166779
outer loop
vertex 76.30127716064453 41.76658630371094 -10.148409843444824
vertex 72.67964172363281 46.039066314697266 -9.471714973449707
vertex 74.02484893798828 45.491729736328125 -9.558404922485352
endloop
endfacet
facet normal -0.000001399680803568056 0.15643367285593876 -0.9876884660634858
outer loop
vertex 76.30127716064453 41.76658630371094 -10.148409843444824
vertex 74.02484893798828 45.491729736328125 -9.558404922485352
vertex 75.94314575195312 43.25918960571289 -9.912005424499512
endloop
endfacet
facet normal -3.365947252373752e-7 0.1564345639527391 -0.9876883249288729
outer loop
vertex 75.94314575195312 43.25918960571289 -9.912005424499512
vertex 74.02484893798828 45.491729736328125 -9.558404922485352
vertex 75.16090393066406 44.52965545654297 -9.710783004760742
endloop
endfacet
facet normal 2.2308089029910378e-7 0.15643449033913567 -0.9876883365881595
outer loop
vertex 3.249270439147949 -65.75056457519531 -27.177453994750977
vertex 2.674575090408325 -65.80646514892578 -27.186307907104492
vertex 5.182159423828125 -45.90100860595703 -24.033592224121094
endloop
endfacet
facet normal -0.0000017630508883427392 0.15643473441839673 -0.9876882979282164
outer loop
vertex 2.674575090408325 -65.80646514892578 -27.186307907104492
vertex 2.1187245845794678 -65.97300720214844 -27.212684631347656
vertex 5.182159423828125 -45.90100860595703 -24.033592224121094
endloop
endfacet
facet normal -1.6335291931104036e-7 0.15643449624380673 -0.9876883356529628
outer loop
vertex 2.1187245845794678 -65.97300720214844 -27.212684631347656
vertex 1.7822699546813965 -66.150634765625 -27.24081802368164
vertex 5.182159423828125 -45.90100860595703 -24.033592224121094
endloop
endfacet
facet normal 0.000015285753127996694 0.15645077606509894 -0.9876857569262475
outer loop
vertex 5.373500823974609 -30.939067840576172 -21.663854598999023
vertex -66.34774017333984 34.61968231201172 -11.28036880493164
vertex 5.535712718963623 -31.047454833984375 -21.681020736694336
endloop
endfacet
facet normal -0.000007511654341080132 0.15642644607624429 -0.9876896106123274
outer loop
vertex 5.182159423828125 -30.90100860595703 -21.657825469970703
vertex -66.34774017333984 34.61968231201172 -11.28036880493164
vertex 5.373500823974609 -30.939067840576172 -21.663854598999023
endloop
endfacet
facet normal 0.000001804532197012213 0.1564341739234517 -0.9876883867018134
outer loop
vertex 1.7822699546813965 -66.150634765625 -27.24081802368164
vertex 1.0630401372909546 -66.55901336669922 -27.305500030517578
vertex 5.182159423828125 -45.90100860595703 -24.033592224121094
endloop
endfacet
facet normal 0 0.15643444598653689 -0.9876883436129461
outer loop
vertex -66.34774017333984 34.61968231201172 -11.28036880493164
vertex 5.182159423828125 -30.90100860595703 -21.657825469970703
vertex -13.817840576171875 -30.90100860595703 -21.657825469970703
endloop
endfacet
facet normal 0.0000050716793742206885 0.15643841259551752 -0.9876877153426952
outer loop
vertex -14.009182929992676 -30.939067840576172 -21.663854598999023
vertex -66.34774017333984 34.61968231201172 -11.28036880493164
vertex -13.817840576171875 -30.90100860595703 -21.657825469970703
endloop
endfacet
facet normal -0.000002681576246821675 0.15643237429296933 -0.987688671731064
outer loop
vertex -14.171394348144531 -31.047454833984375 -21.681020736694336
vertex -66.34774017333984 34.61968231201172 -11.28036880493164
vertex -14.009182929992676 -30.939067840576172 -21.663854598999023
endloop
endfacet
facet normal 3.0144272184845745e-7 0.15643468647284192 -0.9876883055235861
outer loop
vertex -14.279780387878418 -31.209667205810547 -21.70671272277832
vertex -66.34774017333984 34.61968231201172 -11.28036880493164
vertex -14.171394348144531 -31.047454833984375 -21.681020736694336
endloop
endfacet
facet normal -0.000002215725211621359 0.1564308155588382 -0.9876889186068089
outer loop
vertex -41.551666259765625 54.99769973754883 -8.052807807922363
vertex -52.202335357666016 61.123435974121094 -7.08258581161499
vertex -52.057979583740234 61.16722869873047 -7.075650215148926
endloop
endfacet
facet normal 0.0000015170890342657954 0.15643714688769914 -0.9876879158273301
outer loop
vertex -41.551666259765625 54.99769973754883 -8.052807807922363
vertex -52.39742660522461 61.10422134399414 -7.085629463195801
vertex -52.202335357666016 61.123435974121094 -7.08258581161499
endloop
endfacet
facet normal 0.000006902537777645115 0.15644671018142373 -0.987686401053373
outer loop
vertex -52.78010940551758 61.18034362792969 -7.073573112487793
vertex -52.5925178527832 61.123435974121094 -7.08258581161499
vertex -41.551666259765625 54.99769973754883 -8.052807807922363
endloop
endfacet
facet normal -0.0000021603856558487074 0.15643077518217394 -0.9876889250018129
outer loop
vertex -52.5925178527832 61.123435974121094 -7.08258581161499
vertex -52.39742660522461 61.10422134399414 -7.085629463195801
vertex -41.551666259765625 54.99769973754883 -8.052807807922363
endloop
endfacet
facet normal 0.00000189853737849713 0.15643591878675975 -0.987688110341386
outer loop
vertex -14.317840576171875 -31.40100860595703 -21.737018585205078
vertex -66.34774017333984 34.61968231201172 -11.28036880493164
vertex -14.279780387878418 -31.209667205810547 -21.70671272277832
endloop
endfacet
facet normal 3.146061727158403e-8 0.15643448338057106 -0.9876883376903125
outer loop
vertex -14.317840576171875 -45.40100860595703 -23.95440101623535
vertex -66.34774017333984 34.61968231201172 -11.28036880493164
vertex -14.317840576171875 -31.40100860595703 -21.737018585205078
endloop
endfacet
facet normal 0.000004142569194686409 0.15643709102983133 -0.9876879246669787
outer loop
vertex -14.317840576171875 -45.40100860595703 -23.95440101623535
vertex -14.279780387878418 -45.592350006103516 -23.98470687866211
vertex -66.34774017333984 34.61968231201172 -11.28036880493164
endloop
endfacet
facet normal 0 0.15643452786271325 -0.9876883306450319
outer loop
vertex 5.182159423828125 -45.90100860595703 -24.033592224121094
vertex -66.11150360107422 -66.22232818603516 -27.252174377441406
vertex -13.817840576171875 -45.90100860595703 -24.033592224121094
endloop
endfacet
facet normal 0.0000026336958969318762 0.1564279163186506 -0.987689377784974
outer loop
vertex -66.11150360107422 -66.22232818603516 -27.252174377441406
vertex -14.009182929992676 -45.86294937133789 -24.027565002441406
vertex -13.817840576171875 -45.90100860595703 -24.033592224121094
endloop
endfacet
facet normal 7.218754473584039e-8 0.1564345308567117 -0.9876883301708265
outer loop
vertex 76.30245971679688 -63.15547561645508 -26.76643180847168
vertex -41.16484069824219 54.79573440551758 -8.084795951843262
vertex -25.875165939331055 48.6005973815918 -9.066008567810059
endloop
endfacet
facet normal 0.000002648874715210895 0.15643680094965867 -0.9876879706170467
outer loop
vertex 76.30245971679688 -63.15547561645508 -26.76643180847168
vertex -24.058406829833984 47.54608154296875 -9.233028411865234
vertex -23.7252140045166 47.446250915527344 -9.248839378356934
endloop
endfacet
facet normal -4.1095365115109444e-7 0.15643409482723905 -0.9876883992309586
outer loop
vertex -24.464038848876953 47.76022720336914 -9.199110984802246
vertex -24.058406829833984 47.54608154296875 -9.233028411865234
vertex 76.30245971679688 -63.15547561645508 -26.76643180847168
endloop
endfacet
facet normal -0.0000013143913603205195 0.1564332941429245 -0.9876885260454661
outer loop
vertex -25.875165939331055 48.6005973815918 -9.066008567810059
vertex -24.464038848876953 47.76022720336914 -9.199110984802246
vertex 76.30245971679688 -63.15547561645508 -26.76643180847168
endloop
endfacet
facet normal 4.398425187025305e-8 0.15643450275190435 -0.9876883346221937
outer loop
vertex 76.30245971679688 -63.15547561645508 -26.76643180847168
vertex -23.7252140045166 47.446250915527344 -9.248839378356934
vertex -7.164482116699219 42.818172454833984 -9.981854438781738
endloop
endfacet
facet normal 7.499751468661169e-8 0.15643452170440714 -0.9876883316204094
outer loop
vertex -3.4924001693725586 39.53281784057617 -10.502203941345215
vertex -2.772719144821167 39.26583480834961 -10.544489860534668
vertex 76.30245971679688 -63.15547561645508 -26.76643180847168
endloop
endfacet
facet normal 4.768111085519655e-7 0.15643482243363646 -0.9876882839894019
outer loop
vertex 76.30245971679688 -63.15547561645508 -26.76643180847168
vertex -2.311774253845215 39.12773132324219 -10.566363334655762
vertex -1.7188180685043335 39.071533203125 -10.575263977050781
endloop
endfacet
facet normal 0.0000015246113331006922 0.1564306851561859 -0.9876889392613657
outer loop
vertex -66.11150360107422 -66.22232818603516 -27.252174377441406
vertex -14.171394348144531 -45.75456237792969 -24.010398864746094
vertex -14.009182929992676 -45.86294937133789 -24.027565002441406
endloop
endfacet
facet normal -1.4776804894452557e-8 0.15643445642745007 -0.9876883419592681
outer loop
vertex 76.30245971679688 -63.15547561645508 -26.76643180847168
vertex -1.7188180685043335 39.071533203125 -10.575263977050781
vertex 8.669793128967285 39.12310028076172 -10.567096710205078
endloop
endfacet
facet normal -1.3543172588998938e-7 0.15643479468250812 -0.9876882883848644
outer loop
vertex -14.171394348144531 -45.75456237792969 -24.010398864746094
vertex -66.11150360107422 -66.22232818603516 -27.252174377441406
vertex -14.279780387878418 -45.592350006103516 -23.98470687866211
endloop
endfacet
facet normal -0.0000010653577591062431 0.15643365303622092 -0.9876884692030216
outer loop
vertex -4.09958028793335 39.831695556640625 -10.454866409301758
vertex -3.587305784225464 39.56125259399414 -10.497700691223145
vertex 76.30245971679688 -63.15547561645508 -26.76643180847168
endloop
endfacet
facet normal 0.000005051404715959223 0.15643829403181458 -0.9876877341219231
outer loop
vertex 76.30245971679688 -63.15547561645508 -26.76643180847168
vertex -3.587305784225464 39.56125259399414 -10.497700691223145
vertex -3.4924001693725586 39.53281784057617 -10.502203941345215
endloop
endfacet
facet normal -0.0000019568513562069962 0.15643296541867766 -0.9876885781087525
outer loop
vertex -7.164482116699219 42.818172454833984 -9.981854438781738
vertex -5.9720892906188965 41.91507339477539 -10.124892234802246
vertex 76.30245971679688 -63.15547561645508 -26.76643180847168
endloop
endfacet
facet normal 9.071395069030635e-10 0.15643452475806108 -0.9876883311367607
outer loop
vertex 1.0630401372909546 -66.55901336669922 -27.305500030517578
vertex -66.11150360107422 -66.22232818603516 -27.252174377441406
vertex 5.182159423828125 -45.90100860595703 -24.033592224121094
endloop
endfacet
facet normal 1.697439439378557e-7 0.1564346958278962 -0.9876883040419203
outer loop
vertex -66.40399932861328 35.18387985229492 -11.191008567810059
vertex 73.79631042480469 -65.67097473144531 -27.16484832763672
vertex -66.34774017333984 34.61968231201172 -11.28036880493164
endloop
endfacet
facet normal -1.9236565743953349e-7 0.15643420477072056 -0.9876883818177246
outer loop
vertex 73.79631042480469 -65.67097473144531 -27.16484832763672
vertex -66.40399932861328 35.18387985229492 -11.191008567810059
vertex -66.57261657714844 35.732887268066406 -11.10405445098877
endloop
endfacet
facet normal 0.0000023975581952658237 0.15643770215356204 -0.9876878278784066
outer loop
vertex 73.79631042480469 -65.67097473144531 -27.16484832763672
vertex -66.57261657714844 35.732887268066406 -11.10405445098877
vertex -66.846435546875 36.238853454589844 -11.023916244506836
endloop
endfacet
facet normal -0.0000017390838257431504 0.1564321336096781 -0.9876887098531093
outer loop
vertex 73.79631042480469 -65.67097473144531 -27.16484832763672
vertex -66.98968505859375 36.4112548828125 -10.996610641479492
vertex -67.45848846435547 37.023067474365234 -10.899709701538086
endloop
endfacet
facet normal -0.0000010677875666278964 0.15643303676738315 -0.9876885668096976
outer loop
vertex 73.79631042480469 -65.67097473144531 -27.16484832763672
vertex -66.846435546875 36.238853454589844 -11.023916244506836
vertex -66.98968505859375 36.4112548828125 -10.996610641479492
endloop
endfacet
facet normal 0.00001464860904723401 0.15645410369808332 -0.9876852298285358
outer loop
vertex -68.14341735839844 37.64984130859375 -10.800437927246094
vertex 73.79631042480469 -65.67097473144531 -27.16484832763672
vertex -67.69440460205078 37.285884857177734 -10.858083724975586
endloop
endfacet
facet normal -0.000001636633829878294 0.15643227108033395 -0.9876886880803942
outer loop
vertex 73.79631042480469 -65.67097473144531 -27.16484832763672
vertex -67.45848846435547 37.023067474365234 -10.899709701538086
vertex -67.69440460205078 37.285884857177734 -10.858083724975586
endloop
endfacet
facet normal 1.3838695455914042e-7 0.15643464627633324 -0.9876883118901324
outer loop
vertex 73.79631042480469 -65.67097473144531 -27.16484832763672
vertex -76.22136688232422 44.87796401977539 -9.655616760253906
vertex -75.73619842529297 47.20372772216797 -9.287251472473145
endloop
endfacet
facet normal -5.6408854500058e-7 0.15643371632777364 -0.9876884591790892
outer loop
vertex 73.79631042480469 -65.67097473144531 -27.16484832763672
vertex -68.14341735839844 37.64984130859375 -10.800437927246094
vertex -76.22136688232422 44.87796401977539 -9.655616760253906
endloop
endfacet
facet normal 1.1304700406305413e-7 0.15643457055273893 -0.9876883238835859
outer loop
vertex 76.30245971679688 -63.15547561645508 -26.76643180847168
vertex -41.551666259765625 54.99769973754883 -8.052807807922363
vertex -41.16484069824219 54.79573440551758 -8.084795951843262
endloop
endfacet
facet normal 3.884620319114182e-8 0.15644190901727628 -0.9876871615562434
outer loop
vertex 0.8872199654579163 -66.6518325805664 -27.320201873779297
vertex -66.11150360107422 -66.22232818603516 -27.252174377441406
vertex 1.0630401372909546 -66.55901336669922 -27.305500030517578
endloop
endfacet
facet normal -4.0243963715678285e-8 0.15642987360263302 -0.9876890677964715
outer loop
vertex 0.43820732831954956 -67.01579284667969 -27.377845764160156
vertex -66.11150360107422 -66.22232818603516 -27.252174377441406
vertex 0.8872199654579163 -66.6518325805664 -27.320201873779297
endloop
endfacet
facet normal 3.640270647386916e-8 0.15643614482099014 -0.9876880745425375
outer loop
vertex 0.06376741081476212 -67.47026062011719 -27.449827194213867
vertex -66.11150360107422 -66.22232818603516 -27.252174377441406
vertex 0.43820732831954956 -67.01579284667969 -27.377845764160156
endloop
endfacet
facet normal 0.000041248008808167475 0.15646594408485048 -0.9876833534287385
outer loop
vertex -4.750422954559326 40.43855667114258 -10.358749389648438
vertex -4.548593044281006 40.195655822753906 -10.397220611572266
vertex 76.30245971679688 -63.15547561645508 -26.76643180847168
endloop
endfacet
facet normal -2.4149763145764803e-9 0.15643413677301632 -0.9876883925875009
outer loop
vertex -0.727665901184082 -68.6487808227539 -27.636486053466797
vertex -66.11150360107422 -66.22232818603516 -27.252174377441406
vertex 0.06376741081476212 -67.47026062011719 -27.449827194213867
endloop
endfacet
facet normal 3.5981632953285554e-8 0.15643514609869846 -0.9876882327258321
outer loop
vertex -2.378455400466919 -69.94829559326172 -27.842309951782227
vertex -66.11150360107422 -66.22232818603516 -27.252174377441406
vertex -0.727665901184082 -68.6487808227539 -27.636486053466797
endloop
endfacet
facet normal 7.96649379731767e-9 0.1564334877832656 -0.9876884953769396
outer loop
vertex -62.045841217041016 -70.37910461425781 -27.91054344177246
vertex -2.378455400466919 -69.94829559326172 -27.842309951782227
vertex -4.376310348510742 -70.43408203125 -27.91925048828125
endloop
endfacet
facet normal 0.0000016990546403060012 0.15643575808727953 -0.9876881357942755
outer loop
vertex -5.9720892906188965 41.91507339477539 -10.124892234802246
vertex -4.750422954559326 40.43855667114258 -10.358749389648438
vertex 76.30245971679688 -63.15547561645508 -26.76643180847168
endloop
endfacet
facet normal -1.413569398725238e-7 0.15643446421315355 -0.9876883407261238
outer loop
vertex 76.30127716064453 41.76658630371094 -10.148409843444824
vertex 76.30245971679688 -63.15547561645508 -26.76643180847168
vertex 72.67964172363281 46.039066314697266 -9.471714973449707
endloop
endfacet
facet normal -9.280856545390257e-7 0.15643375758193348 -0.9876884526448285
outer loop
vertex 76.30245971679688 -63.15547561645508 -26.76643180847168
vertex -4.548593044281006 40.195655822753906 -10.397220611572266
vertex -4.09958028793335 39.831695556640625 -10.454866409301758
endloop
endfacet
facet normal 1.2692061575566145e-7 0.15643447289615342 -0.9876883393508735
outer loop
vertex 65.3513412475586 46.06681823730469 -9.467320442199707
vertex 72.67964172363281 46.039066314697266 -9.471714973449707
vertex 76.30245971679688 -63.15547561645508 -26.76643180847168
endloop
endfacet
facet normal 6.472216821409664e-7 0.15643452378721184 -0.9876883312903162
outer loop
vertex 65.26153564453125 45.95738220214844 -9.48465347290039
vertex 65.3513412475586 46.06681823730469 -9.467320442199707
vertex 76.30245971679688 -63.15547561645508 -26.76643180847168
endloop
endfacet
facet normal 2.0740829465777485e-7 0.15643448037244279 -0.9876883381667321
outer loop
vertex 65.10999298095703 45.8330192565918 -9.504350662231445
vertex 65.26153564453125 45.95738220214844 -9.48465347290039
vertex 76.30245971679688 -63.15547561645508 -26.76643180847168
endloop
endfacet
facet normal -0.000002333085193310744 0.1564342258630432 -0.9876883784742975
outer loop
vertex 64.9371109008789 45.74060821533203 -9.518986701965332
vertex 65.10999298095703 45.8330192565918 -9.504350662231445
vertex 76.30245971679688 -63.15547561645508 -26.76643180847168
endloop
endfacet
facet normal 0.0000025178296990740587 0.15643471975727577 -0.9876883002486782
outer loop
vertex 76.30245971679688 -63.15547561645508 -26.76643180847168
vertex 64.74951934814453 45.6837043762207 -9.527999877929688
vertex 64.9371109008789 45.74060821533203 -9.518986701965332
endloop
endfacet
facet normal -6.191519915583026e-7 0.15643439492551986 -0.9876883517000203
outer loop
vertex 76.30245971679688 -63.15547561645508 -26.76643180847168
vertex 64.55442810058594 45.66448974609375 -9.53104305267334
vertex 64.74951934814453 45.6837043762207 -9.527999877929688
endloop
endfacet
facet normal 6.324602162604807e-7 0.15643452674092362 -0.9876883308225035
outer loop
vertex 76.30245971679688 -63.15547561645508 -26.76643180847168
vertex 64.35933685302734 45.6837043762207 -9.527999877929688
vertex 64.55442810058594 45.66448974609375 -9.53104305267334
endloop
endfacet
facet normal -1.6313417902576018e-9 0.15643446674274383 -0.9876883403254861
outer loop
vertex -66.11150360107422 -66.22232818603516 -27.252174377441406
vertex -66.34774017333984 34.61968231201172 -11.28036880493164
vertex -14.279780387878418 -45.592350006103516 -23.98470687866211
endloop
endfacet
facet normal 1.215877229965866e-10 0.15643454771976756 -0.987688327499982
outer loop
vertex -62.045841217041016 -70.37910461425781 -27.91054344177246
vertex -66.11150360107422 -66.22232818603516 -27.252174377441406
vertex -2.378455400466919 -69.94829559326172 -27.842309951782227
endloop
endfacet
facet normal 0.000007252435477081711 0.1564422380759341 -0.9876871094092475
outer loop
vertex -76.22136688232422 44.87796401977539 -9.655616760253906
vertex -68.14341735839844 37.64984130859375 -10.800437927246094
vertex -68.29373168945312 37.72919845581055 -10.787869453430176
endloop
endfacet
facet normal -0.0000026883857192062037 0.15643417125543102 -0.9876883871223753
outer loop
vertex 76.30245971679688 -63.15547561645508 -26.76643180847168
vertex 64.17174530029297 45.74060821533203 -9.518986701965332
vertex 64.35933685302734 45.6837043762207 -9.527999877929688
endloop
endfacet
facet normal -0.000007444821603702254 0.15643363087071477 -0.9876884726861905
outer loop
vertex 63.84731674194336 45.95738220214844 -9.48465347290039
vertex 76.30245971679688 -63.15547561645508 -26.76643180847168
vertex 63.75253677368164 46.072872161865234 -9.466361045837402
endloop
endfacet
facet normal 0.0000026190829025600286 0.1564347480237914 -0.9876882957714308
outer loop
vertex 64.17174530029297 45.74060821533203 -9.518986701965332
vertex 76.30245971679688 -63.15547561645508 -26.76643180847168
vertex 63.99885559082031 45.8330192565918 -9.504350662231445
endloop
endfacet
facet normal -2.478558206417429e-7 0.1564344322986118 -0.9876883457808691
outer loop
vertex 76.30245971679688 -63.15547561645508 -26.76643180847168
vertex 63.84731674194336 45.95738220214844 -9.48465347290039
vertex 63.99885559082031 45.8330192565918 -9.504350662231445
endloop
endfacet
facet normal 2.2074314854673817e-8 0.15643446779838227 -0.9876883401582892
outer loop
vertex 76.30245971679688 -63.15547561645508 -26.76643180847168
vertex 33.670772552490234 46.18678665161133 -9.448319435119629
vertex 63.75253677368164 46.072872161865234 -9.466361045837402
endloop
endfacet
facet normal 6.097948284933739e-8 0.15643448259599327 -0.9876883378145761
outer loop
vertex 76.30245971679688 -63.15547561645508 -26.76643180847168
vertex 32.049171447753906 45.917022705078125 -9.491045951843262
vertex 33.670772552490234 46.18678665161133 -9.448319435119629
endloop
endfacet
facet normal 1.585834874376914e-8 0.15643446473728098 -0.98768834064312
outer loop
vertex 76.30245971679688 -63.15547561645508 -26.76643180847168
vertex 30.779325485229492 45.241912841796875 -9.597972869873047
vertex 32.049171447753906 45.917022705078125 -9.491045951843262
endloop
endfacet
facet normal -2.1920961179264804e-7 0.1564343684327656 -0.9876883558962278
outer loop
vertex 76.30245971679688 -63.15547561645508 -26.76643180847168
vertex 29.020198822021484 43.07038879394531 -9.94190788269043
vertex 30.779325485229492 45.241912841796875 -9.597972869873047
endloop
endfacet
facet normal 0.000002247293308854956 0.15643543943224628 -0.9876881862635545
outer loop
vertex 76.30245971679688 -63.15547561645508 -26.76643180847168
vertex 28.803543090820312 42.80964279174805 -9.983206748962402
vertex 29.020198822021484 43.07038879394531 -9.94190788269043
endloop
endfacet
facet normal -0.000001284076242236791 0.15643389523166978 -0.9876884308429446
outer loop
vertex 28.354530334472656 42.445682525634766 -10.040851593017578
vertex 28.803543090820312 42.80964279174805 -9.983206748962402
vertex 76.30245971679688 -63.15547561645508 -26.76643180847168
endloop
endfacet
facet normal 0.000003281313667761312 0.1564359174065946 -0.9876881105563589
outer loop
vertex 76.30245971679688 -63.15547561645508 -26.76643180847168
vertex 28.1787109375 42.35286331176758 -10.055553436279297
vertex 28.354530334472656 42.445682525634766 -10.040851593017578
endloop
endfacet
facet normal -4.6830005013155835e-7 0.15643424901193345 -0.9876883748105234
outer loop
vertex 76.30245971679688 -63.15547561645508 -26.76643180847168
vertex 27.37440299987793 41.89617156982422 -10.127885818481445
vertex 28.1787109375 42.35286331176758 -10.055553436279297
endloop
endfacet
facet normal 1.0584813419242763e-7 0.15643464859824682 -0.9876883115223809
outer loop
vertex -62.045841217041016 -70.37910461425781 -27.91054344177246
vertex -63.9854850769043 -69.6500015258789 -27.79506492614746
vertex -66.11150360107422 -66.22232818603516 -27.252174377441406
endloop
endfacet
facet normal 5.834855412634746e-7 0.15643507048068153 -0.9876882447024282
outer loop
vertex -75.21379089355469 42.14748001098633 -10.088082313537598
vertex -75.94189453125 43.45045471191406 -9.88171100616455
vertex -74.08383178710938 41.10536193847656 -10.253137588500977
endloop
endfacet
facet normal -0.0000014448107598876942 0.1564335027493448 -0.9876884930055039
outer loop
vertex -74.08383178710938 41.10536193847656 -10.253137588500977
vertex -75.94189453125 43.45045471191406 -9.88171100616455
vertex -76.22136688232422 44.87796401977539 -9.655616760253906
endloop
endfacet
facet normal -1.719251281420366e-7 0.15643420631016344 -0.9876883815739049
outer loop
vertex -76.22136688232422 44.87796401977539 -9.655616760253906
vertex -68.29373168945312 37.72919845581055 -10.787869453430176
vertex -74.08383178710938 41.10536193847656 -10.253137588500977
endloop
endfacet
facet normal -1.1614612080506065e-7 0.15643440901472022 -0.9876883494686983
outer loop
vertex 27.037948608398438 41.718544006347656 -10.15601921081543
vertex 27.37440299987793 41.89617156982422 -10.127885818481445
vertex 76.30245971679688 -63.15547561645508 -26.76643180847168
endloop
endfacet
facet normal -5.31123886403291e-7 0.15643421884953793 -0.9876883795877386
outer loop
vertex 26.482097625732422 41.552005767822266 -10.182395935058594
vertex 27.037948608398438 41.718544006347656 -10.15601921081543
vertex 76.30245971679688 -63.15547561645508 -26.76643180847168
endloop
endfacet
facet normal 8.232213455667768e-7 0.15643484748427777 -0.9876882800215324
outer loop
vertex 76.30245971679688 -63.15547561645508 -26.76643180847168
vertex 25.93267250061035 41.498558044433594 -10.190861701965332
vertex 26.482097625732422 41.552005767822266 -10.182395935058594
endloop
endfacet
facet normal -4.318584960745684e-8 0.15643444068892767 -0.987688344452004
outer loop
vertex 76.30245971679688 -63.15547561645508 -26.76643180847168
vertex 13.933778762817383 41.381248474121094 -10.209441184997559
vertex 25.93267250061035 41.498558044433594 -10.190861701965332
endloop
endfacet
facet normal -0.0000024065596688585494 0.15643312840861442 -0.9876885522929292
outer loop
vertex -65.41326904296875 -68.19444274902344 -27.564525604248047
vertex -66.11150360107422 -66.22232818603516 -27.252174377441406
vertex -63.9854850769043 -69.6500015258789 -27.79506492614746
endloop
endfacet
facet normal 5.320036776175598e-7 0.15643477546041243 -0.9876882914292178
outer loop
vertex 12.469012260437012 40.92991256713867 -10.280926704406738
vertex 13.933778762817383 41.381248474121094 -10.209441184997559
vertex 76.30245971679688 -63.15547561645508 -26.76643180847168
endloop
endfacet
facet normal -6.889242081005016e-8 0.15643441596137056 -0.987688348368462
outer loop
vertex 10.201822280883789 39.563873291015625 -10.497285842895508
vertex 12.469012260437012 40.92991256713867 -10.280926704406738
vertex 76.30245971679688 -63.15547561645508 -26.76643180847168
endloop
endfacet
facet normal -1.9822025075089173e-7 0.15643433477460209 -0.9876883612271578
outer loop
vertex 76.30245971679688 -63.15547561645508 -26.76643180847168
vertex 9.788818359375 39.3458366394043 -10.531819343566895
vertex 10.201822280883789 39.563873291015625 -10.497285842895508
endloop
endfacet
facet normal 5.572857709503916e-7 0.1564348254519403 -0.9876882835113062
outer loop
vertex 76.30245971679688 -63.15547561645508 -26.76643180847168
vertex 8.669793128967285 39.12310028076172 -10.567096710205078
vertex 9.2329683303833 39.17929458618164 -10.558196067810059
endloop
endfacet
facet normal -0.9812472084443696 -0.1927535107854894 0
outer loop
vertex -6.721244812011719 38.45858383178711 -4.099999904632568
vertex -6.721244812011719 38.45858383178711 -0.5
vertex -6.819836616516113 38.96048355102539 -0.5
endloop
endfacet
facet normal 0 0 1
outer loop
vertex 30.882158279418945 38.92399215698242 -4.099999904632568
vertex 7.682159423828125 -31.40100860595703 -4.099999904632568
vertex 71.7748794555664 43.66684341430664 -4.099999904632568
endloop
endfacet
facet normal 0.9999999420834369 0.0003403426551921142 0
outer loop
vertex -64.1106948852539 34.04171371459961 -4.099999904632568
vertex -64.1106948852539 34.04171371459961 -0.5
vertex -64.07814025878906 -61.610782623291016 -0.5
endloop
endfacet
facet normal 0 0 1
outer loop
vertex 30.882158279418945 38.92399215698242 -4.099999904632568
vertex -61.610565185546875 -63.8438606262207 -4.099999904632568
vertex -24.817840576171875 -31.40100860595703 -4.099999904632568
endloop
endfacet
facet normal -0.06780793112430836 -0.9976983935421772 0
outer loop
vertex -62.080265045166016 63.77494812011719 -0.5
vertex -62.080265045166016 63.77494812011719 -4.099999904632568
vertex -61.569950103759766 63.740264892578125 -4.099999904632568
endloop
endfacet
facet normal 0.30661096235305507 -0.9518349214884549 0
outer loop
vertex -62.58796310424805 63.7127571105957 -0.5
vertex -63.07482147216797 63.55592727661133 -4.099999904632568
vertex -62.58796310424805 63.7127571105957 -4.099999904632568
endloop
endfacet
facet normal 0 0 1
outer loop
vertex 30.882158279418945 38.92399215698242 -4.099999904632568
vertex -62.59440994262695 -63.58088302612305 -4.099999904632568
vertex -62.11499786376953 -63.75918197631836 -4.099999904632568
endloop
endfacet
facet normal 0 0 1
outer loop
vertex -64.11784362792969 -61.15100860595703 -4.099999904632568
vertex -64.07814025878906 -61.610782623291016 -4.099999904632568
vertex 30.882158279418945 38.92399215698242 -4.099999904632568
endloop
endfacet
facet normal 0 0 1
outer loop
vertex -64.07814025878906 -61.610782623291016 -4.099999904632568
vertex -63.94367980957031 -62.104286193847656 -4.099999904632568
vertex 30.882158279418945 38.92399215698242 -4.099999904632568
endloop
endfacet
facet normal 0 0 1
outer loop
vertex 30.882158279418945 38.92399215698242 -4.099999904632568
vertex -63.031585693359375 -63.31536102294922 -4.099999904632568
vertex -62.59440994262695 -63.58088302612305 -4.099999904632568
endloop
endfacet
facet normal 0 0 1
outer loop
vertex 30.882158279418945 38.92399215698242 -4.099999904632568
vertex -63.41083908081055 -62.97215270996094 -4.099999904632568
vertex -63.031585693359375 -63.31536102294922 -4.099999904632568
endloop
endfacet
facet normal -0.9846115395829966 0.17475730634225595 0
outer loop
vertex -6.799732685089111 37.49271011352539 -4.099999904632568
vertex -6.799732685089111 37.49271011352539 -0.5
vertex -6.719084739685059 37.94709396362305 -0.5
endloop
endfacet
facet normal 0 0 1
outer loop
vertex -63.71855163574219 -62.56357192993164 -4.099999904632568
vertex -63.41083908081055 -62.97215270996094 -4.099999904632568
vertex 30.882158279418945 38.92399215698242 -4.099999904632568
endloop
endfacet
facet normal -0.9725088042846401 0.23286611086385992 0
outer loop
vertex -7.025704860687256 36.54899215698242 -4.099999904632568
vertex -7.025704860687256 36.54899215698242 -0.5
vertex -6.799732685089111 37.49271011352539 -0.5
endloop
endfacet
facet normal 0 0 1
outer loop
vertex -63.94367980957031 -62.104286193847656 -4.099999904632568
vertex -63.71855163574219 -62.56357192993164 -4.099999904632568
vertex 30.882158279418945 38.92399215698242 -4.099999904632568
endloop
endfacet
facet normal 0 0 1
outer loop
vertex -62.11499786376953 -63.75918197631836 -4.099999904632568
vertex -61.610565185546875 -63.8438606262207 -4.099999904632568
vertex 30.882158279418945 38.92399215698242 -4.099999904632568
endloop
endfacet
facet normal 0.4806350647500204 -0.8769207116568428 0
outer loop
vertex -63.52336120605469 63.31008529663086 -0.5
vertex -63.52336120605469 63.31008529663086 -4.099999904632568
vertex -63.07482147216797 63.55592727661133 -4.099999904632568
endloop
endfacet
facet normal 0.6374007189875586 -0.7705324934317458 0
outer loop
vertex -63.917484283447266 62.98405838012695 -0.5
vertex -63.917484283447266 62.98405838012695 -4.099999904632568
vertex -63.52336120605469 63.31008529663086 -4.099999904632568
endloop
endfacet
facet normal 0.7712885187429149 -0.6364856800080894 0
outer loop
vertex -64.2430419921875 62.58955001831055 -0.5
vertex -64.2430419921875 62.58955001831055 -4.099999904632568
vertex -63.917484283447266 62.98405838012695 -4.099999904632568
endloop
endfacet
facet normal -0.2547579716183177 -0.9670048479180032 0
outer loop
vertex -61.569950103759766 63.740264892578125 -0.5
vertex -61.569950103759766 63.740264892578125 -4.099999904632568
vertex -61.07533645629883 63.60995864868164 -4.099999904632568
endloop
endfacet
facet normal -0.9999998486191648 -0.0005502378102546994 0
outer loop
vertex 74.28215789794922 -30.70909881591797 -4.099999904632568
vertex 74.28215789794922 -30.70909881591797 -0.5
vertex 74.24246215820312 41.43376922607422 -0.5
endloop
endfacet
facet normal 0.26287822661872295 -0.9648290200702896 0
outer loop
vertex 33.12238311767578 43.63429260253906 -4.099999904632568
vertex 33.12238311767578 43.63429260253906 -0.5
vertex 32.62887954711914 43.49983215332031 -0.5
endloop
endfacet
facet normal 0 0 1
outer loop
vertex -7.025704860687256 36.54899215698242 -4.099999904632568
vertex -64.11784362792969 -61.15100860595703 -4.099999904632568
vertex 11.902097702026367 36.54899215698242 -4.099999904632568
endloop
endfacet
facet normal -0.7226296283690944 -0.6912354303731432 0
outer loop
vertex -7.288825988769531 39.86445236206055 -4.099999904632568
vertex -7.288825988769531 39.86445236206055 -0.5
vertex -7.642389297485352 40.234073638916016 -0.5
endloop
endfacet
facet normal -0.5792830341889321 -0.8151264725800925 0
outer loop
vertex -7.642389297485352 40.234073638916016 -4.099999904632568
vertex -7.642389297485352 40.234073638916016 -0.5
vertex -8.059320449829102 40.530372619628906 -0.5
endloop
endfacet
facet normal 0 0 1
outer loop
vertex -61.07533645629883 63.60995864868164 -4.099999904632568
vertex -64.2430419921875 62.58955001831055 -4.099999904632568
vertex -44.03948211669922 53.8118896484375 -4.099999904632568
endloop
endfacet
facet normal -0.8400302430445976 -0.5425395753034374 0
outer loop
vertex -7.288825988769531 39.86445236206055 -0.5
vertex -7.288825988769531 39.86445236206055 -4.099999904632568
vertex -7.011321544647217 39.434783935546875 -4.099999904632568
endloop
endfacet
facet normal -0.9272821934900605 -0.3743631039996623 0
outer loop
vertex -7.011321544647217 39.434783935546875 -0.5
vertex -7.011321544647217 39.434783935546875 -4.099999904632568
vertex -6.819836616516113 38.96048355102539 -4.099999904632568
endloop
endfacet
facet normal -0.9812472084443696 -0.1927535107854894 0
outer loop
vertex -6.819836616516113 38.96048355102539 -0.5
vertex -6.819836616516113 38.96048355102539 -4.099999904632568
vertex -6.721244812011719 38.45858383178711 -4.099999904632568
endloop
endfacet
facet normal -0.9999910828368921 -0.004223061294833017 0
outer loop
vertex -6.719084739685059 37.94709396362305 -0.5
vertex -6.721244812011719 38.45858383178711 -4.099999904632568
vertex -6.719084739685059 37.94709396362305 -4.099999904632568
endloop
endfacet
facet normal 0 0 1
outer loop
vertex 11.902097702026367 36.54899215698242 -4.099999904632568
vertex -64.11784362792969 -61.15100860595703 -4.099999904632568
vertex 30.882158279418945 38.92399215698242 -4.099999904632568
endloop
endfacet
facet normal -0.9959172829201943 -0.09027051335213261 0
outer loop
vertex 74.88215637207031 -31.40100860595703 -4.099999904632568
vertex 74.88215637207031 -31.40100860595703 -0.5
vertex 74.87074279785156 -31.275087356567383 -0.5
endloop
endfacet
facet normal 0.4401474310028367 -0.8979255197295616 0
outer loop
vertex 32.62887954711914 43.49983215332031 -4.099999904632568
vertex 32.62887954711914 43.49983215332031 -0.5
vertex 32.16959762573242 43.27470016479492 -0.5
endloop
endfacet
facet normal -0.5547513856696283 -0.8320161657670043 0
outer loop
vertex 74.65849304199219 -30.888072967529297 -4.099999904632568
vertex 74.65849304199219 -30.888072967529297 -0.5
vertex 74.47248840332031 -30.764053344726562 -0.5
endloop
endfacet
facet normal 0.00020048514006443648 0.9999999799028542 0
outer loop
vertex -25.953346252441406 -63.851009368896484 -4.099999904632568
vertex -61.610565185546875 -63.8438606262207 -4.099999904632568
vertex -61.610565185546875 -63.8438606262207 -0.5
endloop
endfacet
facet normal 0 0 1
outer loop
vertex 30.882158279418945 38.92399215698242 -4.099999904632568
vertex 33.12238311767578 43.63429260253906 -4.099999904632568
vertex 30.889307022094727 41.16671371459961 -4.099999904632568
endloop
endfacet
facet normal 0.8668511470251773 -0.49856703551391596 0
outer loop
vertex -64.2430419921875 62.58955001831055 -4.099999904632568
vertex -64.2430419921875 62.58955001831055 -0.5
vertex -74.04110717773438 45.55379867553711 -0.5
endloop
endfacet
facet normal 0 0 1
outer loop
vertex 71.7748794555664 43.66684341430664 -4.099999904632568
vertex 7.682159423828125 -31.40100860595703 -4.099999904632568
vertex 72.2793197631836 43.5821647644043 -4.099999904632568
endloop
endfacet
facet normal -0.7887560239130316 -0.6147063809176744 0
outer loop
vertex 74.7959213256836 -31.06441307067871 -4.099999904632568
vertex 74.7959213256836 -31.06441307067871 -0.5
vertex 74.65849304199219 -30.888072967529297 -0.5
endloop
endfacet
facet normal -0.2774006282184709 -0.9607543346058856 0
outer loop
vertex 74.47248840332031 -30.764053344726562 -4.099999904632568
vertex 74.47248840332031 -30.764053344726562 -0.5
vertex 74.28215789794922 -30.70909881591797 -0.5
endloop
endfacet
facet normal -0.9423345566622788 -0.3346723521895801 0
outer loop
vertex 74.87074279785156 -31.275087356567383 -4.099999904632568
vertex 74.87074279785156 -31.275087356567383 -0.5
vertex 74.7959213256836 -31.06441307067871 -0.5
endloop
endfacet
facet normal -0.9959172829201943 -0.09027051335213261 0
outer loop
vertex 74.87074279785156 -31.275087356567383 -0.5
vertex 74.87074279785156 -31.275087356567383 -4.099999904632568
vertex 74.88215637207031 -31.40100860595703 -4.099999904632568
endloop
endfacet
facet normal -0.9423345566622788 -0.3346723521895801 0
outer loop
vertex 74.7959213256836 -31.06441307067871 -0.5
vertex 74.7959213256836 -31.06441307067871 -4.099999904632568
vertex 74.87074279785156 -31.275087356567383 -4.099999904632568
endloop
endfacet
facet normal -0.7887560239130316 -0.6147063809176744 0
outer loop
vertex 74.65849304199219 -30.888072967529297 -0.5
vertex 74.65849304199219 -30.888072967529297 -4.099999904632568
vertex 74.7959213256836 -31.06441307067871 -4.099999904632568
endloop
endfacet
facet normal 0 0 1
outer loop
vertex 72.2793197631836 43.5821647644043 -4.099999904632568
vertex 7.682159423828125 -31.40100860595703 -4.099999904632568
vertex 72.75872802734375 43.403865814208984 -4.099999904632568
endloop
endfacet
facet normal 0 0 1
outer loop
vertex 72.75872802734375 43.403865814208984 -4.099999904632568
vertex 7.682159423828125 -31.40100860595703 -4.099999904632568
vertex 73.19590759277344 43.138343811035156 -4.099999904632568
endloop
endfacet
facet normal 0 0 1
outer loop
vertex 7.682159423828125 -31.40100860595703 -4.099999904632568
vertex 74.10799407958984 41.927268981933594 -4.099999904632568
vertex 73.88286590576172 42.38655471801758 -4.099999904632568
endloop
endfacet
facet normal -0.49856491634467 -0.8668523658560507 0
outer loop
vertex -44.03948211669922 53.8118896484375 -4.099999904632568
vertex -44.03948211669922 53.8118896484375 -0.5
vertex -61.07533645629883 63.60995864868164 -0.5
endloop
endfacet
facet normal 0 0 1
outer loop
vertex 7.682159423828125 -31.40100860595703 -4.099999904632568
vertex 73.88286590576172 42.38655471801758 -4.099999904632568
vertex 73.57515716552734 42.795135498046875 -4.099999904632568
endloop
endfacet
facet normal 0 0 1
outer loop
vertex 73.19590759277344 43.138343811035156 -4.099999904632568
vertex 7.682159423828125 -31.40100860595703 -4.099999904632568
vertex 73.57515716552734 42.795135498046875 -4.099999904632568
endloop
endfacet
facet normal 0 0 1
outer loop
vertex -44.03948211669922 53.8118896484375 -4.099999904632568
vertex -64.2430419921875 62.58955001831055 -4.099999904632568
vertex -43.64497375488281 53.486331939697266 -4.099999904632568
endloop
endfacet
facet normal 0 0 1
outer loop
vertex -43.64497375488281 53.486331939697266 -4.099999904632568
vertex -64.2430419921875 62.58955001831055 -4.099999904632568
vertex -43.23061752319336 52.95302200317383 -4.099999904632568
endloop
endfacet
facet normal 0 0 1
outer loop
vertex -43.23061752319336 52.95302200317383 -4.099999904632568
vertex -62.701759338378906 36.42022705078125 -4.099999904632568
vertex -26.716096878051758 46.273067474365234 -4.099999904632568
endloop
endfacet
facet normal 0 0 1
outer loop
vertex -62.67759323120117 36.236671447753906 -4.099999904632568
vertex -63.238983154296875 35.84198760986328 -4.099999904632568
vertex -7.025704860687256 36.54899215698242 -4.099999904632568
endloop
endfacet
facet normal 0 0 1
outer loop
vertex -63.238983154296875 35.84198760986328 -4.099999904632568
vertex -63.58219528198242 35.462738037109375 -4.099999904632568
vertex -7.025704860687256 36.54899215698242 -4.099999904632568
endloop
endfacet
facet normal 0 0 1
outer loop
vertex -63.58219528198242 35.462738037109375 -4.099999904632568
vertex -63.847713470458984 35.02555847167969 -4.099999904632568
vertex -7.025704860687256 36.54899215698242 -4.099999904632568
endloop
endfacet
facet normal 0 0 1
outer loop
vertex -63.847713470458984 35.02555847167969 -4.099999904632568
vertex -64.02601623535156 34.54615020751953 -4.099999904632568
vertex -7.025704860687256 36.54899215698242 -4.099999904632568
endloop
endfacet
facet normal 0 0 1
outer loop
vertex -64.02601623535156 34.54615020751953 -4.099999904632568
vertex -64.1106948852539 34.04171371459961 -4.099999904632568
vertex -7.025704860687256 36.54899215698242 -4.099999904632568
endloop
endfacet
facet normal 0 0 1
outer loop
vertex -62.701759338378906 36.42022705078125 -4.099999904632568
vertex -62.67759323120117 36.236671447753906 -4.099999904632568
vertex -26.716096878051758 46.273067474365234 -4.099999904632568
endloop
endfacet
facet normal -0.49856491634467 -0.8668523658560507 0
outer loop
vertex -61.07533645629883 63.60995864868164 -0.5
vertex -61.07533645629883 63.60995864868164 -4.099999904632568
vertex -44.03948211669922 53.8118896484375 -4.099999904632568
endloop
endfacet
facet normal 0.8668511470251773 -0.49856703551391596 0
outer loop
vertex -74.04110717773438 45.55379867553711 -0.5
vertex -74.04110717773438 45.55379867553711 -4.099999904632568
vertex -64.2430419921875 62.58955001831055 -4.099999904632568
endloop
endfacet
facet normal 0.9999949198643513 -0.003187513998302129 0
outer loop
vertex 30.882158279418945 38.92399215698242 -0.5
vertex 30.882158279418945 38.92399215698242 -4.099999904632568
vertex 30.889307022094727 41.16671371459961 -4.099999904632568
endloop
endfacet
facet normal 0 0 1
outer loop
vertex 74.10799407958984 41.927268981933594 -4.099999904632568
vertex 7.682159423828125 -31.40100860595703 -4.099999904632568
vertex 74.24246215820312 41.43376922607422 -4.099999904632568
endloop
endfacet
facet normal -0.9999998486191648 -0.0005502378102546994 0
outer loop
vertex 74.24246215820312 41.43376922607422 -0.5
vertex 74.24246215820312 41.43376922607422 -4.099999904632568
vertex 74.28215789794922 -30.70909881591797 -4.099999904632568
endloop
endfacet
facet normal 0 0 1
outer loop
vertex 33.12238311767578 43.63429260253906 -4.099999904632568
vertex 30.882158279418945 38.92399215698242 -4.099999904632568
vertex 71.7748794555664 43.66684341430664 -4.099999904632568
endloop
endfacet
facet normal 0.0008421396626111796 -0.9999996454003315 0
outer loop
vertex 33.12238311767578 43.63429260253906 -0.5
vertex 33.12238311767578 43.63429260253906 -4.099999904632568
vertex 71.7748794555664 43.66684341430664 -4.099999904632568
endloop
endfacet
facet normal 0.0008421396626111796 -0.9999996454003315 0
outer loop
vertex 71.7748794555664 43.66684341430664 -4.099999904632568
vertex 71.7748794555664 43.66684341430664 -0.5
vertex 33.12238311767578 43.63429260253906 -0.5
endloop
endfacet
facet normal 0.9999390806584126 -0.00007509300086001011 -0.011037632583563304
outer loop
vertex -64.07814025878906 -61.610782623291016 -0.5
vertex -64.11784362792969 -61.15100860595703 -4.099999904632568
vertex -64.1106948852539 34.04171371459961 -4.099999904632568
endloop
endfacet
facet normal -0.1655502120715564 -0.986201362442307 0
outer loop
vertex 71.7748794555664 43.66684341430664 -0.5
vertex 71.7748794555664 43.66684341430664 -4.099999904632568
vertex 72.2793197631836 43.5821647644043 -4.099999904632568
endloop
endfacet
facet normal 0 -1 0
outer loop
vertex 30.882158279418945 38.92399215698242 -4.099999904632568
vertex 30.882158279418945 38.92399215698242 -0.5
vertex 28.89435386657715 38.92399215698242 -0.5
endloop
endfacet
facet normal 0.9999949198643513 -0.003187513998302129 0
outer loop
vertex 30.889307022094727 41.16671371459961 -4.099999904632568
vertex 30.889307022094727 41.16671371459961 -0.5
vertex 30.882158279418945 38.92399215698242 -0.5
endloop
endfacet
facet normal 0.9862011580426473 -0.16555142969887462 0
outer loop
vertex 30.889307022094727 41.16671371459961 -0.5
vertex 30.889307022094727 41.16671371459961 -4.099999904632568
vertex 30.97398567199707 41.67115020751953 -4.099999904632568
endloop
endfacet
facet normal 0.9372764866607637 -0.34858684363133263 0
outer loop
vertex 30.97398567199707 41.67115020751953 -0.5
vertex 30.97398567199707 41.67115020751953 -4.099999904632568
vertex 31.152284622192383 42.15055847167969 -4.099999904632568
endloop
endfacet
facet normal 0.854708102289057 -0.5191089094606629 0
outer loop
vertex 31.152284622192383 42.15055847167969 -0.5
vertex 31.152284622192383 42.15055847167969 -4.099999904632568
vertex 31.41780662536621 42.587738037109375 -4.099999904632568
endloop
endfacet
facet normal 0 0 1
outer loop
vertex 11.902097702026367 36.54899215698242 -4.099999904632568
vertex 12.231510162353516 37.551788330078125 -4.099999904632568
vertex 12.02326488494873 37.08460998535156 -4.099999904632568
endloop
endfacet
facet normal 0 0 1
outer loop
vertex 12.231510162353516 37.551788330078125 -4.099999904632568
vertex 11.902097702026367 36.54899215698242 -4.099999904632568
vertex 12.524131774902344 37.971309661865234 -4.099999904632568
endloop
endfacet
facet normal 0 0 1
outer loop
vertex 12.524131774902344 37.971309661865234 -4.099999904632568
vertex 11.902097702026367 36.54899215698242 -4.099999904632568
vertex 12.890626907348633 38.32810974121094 -4.099999904632568
endloop
endfacet
facet normal 0 0 1
outer loop
vertex 12.890626907348633 38.32810974121094 -4.099999904632568
vertex 11.902097702026367 36.54899215698242 -4.099999904632568
vertex 13.317839622497559 38.60938262939453 -4.099999904632568
endloop
endfacet
facet normal 0 0 1
outer loop
vertex 13.317839622497559 38.60938262939453 -4.099999904632568
vertex 11.902097702026367 36.54899215698242 -4.099999904632568
vertex 13.790434837341309 38.80503463745117 -4.099999904632568
endloop
endfacet
facet normal 0 0 1
outer loop
vertex 13.790434837341309 38.80503463745117 -4.099999904632568
vertex 11.902097702026367 36.54899215698242 -4.099999904632568
vertex 14.291449546813965 38.90803527832031 -4.099999904632568
endloop
endfacet
facet normal 0 0 1
outer loop
vertex 14.291449546813965 38.90803527832031 -4.099999904632568
vertex 11.902097702026367 36.54899215698242 -4.099999904632568
vertex 14.582159042358398 38.92399215698242 -4.099999904632568
endloop
endfacet
facet normal 0 0 1
outer loop
vertex 14.582159042358398 38.92399215698242 -4.099999904632568
vertex 11.902097702026367 36.54899215698242 -4.099999904632568
vertex 30.882158279418945 38.92399215698242 -4.099999904632568
endloop
endfacet
facet normal 0 0 1
outer loop
vertex -73.7412338256836 43.105770111083984 -4.099999904632568
vertex -73.41520690917969 42.71165084838867 -4.099999904632568
vertex -43.23061752319336 52.95302200317383 -4.099999904632568
endloop
endfacet
facet normal 0 0 1
outer loop
vertex -73.7412338256836 43.105770111083984 -4.099999904632568
vertex -43.23061752319336 52.95302200317383 -4.099999904632568
vertex -73.98707580566406 43.5543098449707 -4.099999904632568
endloop
endfacet
facet normal 0 0 1
outer loop
vertex -73.98707580566406 43.5543098449707 -4.099999904632568
vertex -43.23061752319336 52.95302200317383 -4.099999904632568
vertex -74.14390563964844 44.041168212890625 -4.099999904632568
endloop
endfacet
facet normal 0 0 1
outer loop
vertex -43.23061752319336 52.95302200317383 -4.099999904632568
vertex -73.41520690917969 42.71165084838867 -4.099999904632568
vertex -73.02069854736328 42.38609313964844 -4.099999904632568
endloop
endfacet
facet normal 0 0 1
outer loop
vertex -74.14390563964844 44.041168212890625 -4.099999904632568
vertex -43.23061752319336 52.95302200317383 -4.099999904632568
vertex -74.20609283447266 44.548866271972656 -4.099999904632568
endloop
endfacet
facet normal 0 0 1
outer loop
vertex -74.20609283447266 44.548866271972656 -4.099999904632568
vertex -43.23061752319336 52.95302200317383 -4.099999904632568
vertex -74.17141723632812 45.059181213378906 -4.099999904632568
endloop
endfacet
facet normal 0 0 1
outer loop
vertex -74.17141723632812 45.059181213378906 -4.099999904632568
vertex -43.23061752319336 52.95302200317383 -4.099999904632568
vertex -74.04110717773438 45.55379867553711 -4.099999904632568
endloop
endfacet
facet normal 0 0 1
outer loop
vertex -43.23061752319336 52.95302200317383 -4.099999904632568
vertex -73.02069854736328 42.38609313964844 -4.099999904632568
vertex -62.701759338378906 36.42022705078125 -4.099999904632568
endloop
endfacet
facet normal 0 -1 0
outer loop
vertex -7.025704860687256 36.54899215698242 -4.099999904632568
vertex 11.902097702026367 36.54899215698242 -4.099999904632568
vertex 9.593829154968262 36.54899215698242 -0.5
endloop
endfacet
facet normal -0.9846115395829966 0.17475730634225595 0
outer loop
vertex -6.719084739685059 37.94709396362305 -0.5
vertex -6.719084739685059 37.94709396362305 -4.099999904632568
vertex -6.799732685089111 37.49271011352539 -4.099999904632568
endloop
endfacet
facet normal -0.9725088042846401 0.23286611086385992 0
outer loop
vertex -6.799732685089111 37.49271011352539 -0.5
vertex -6.799732685089111 37.49271011352539 -4.099999904632568
vertex -7.025704860687256 36.54899215698242 -4.099999904632568
endloop
endfacet
facet normal -0.7226296283690944 -0.6912354303731432 0
outer loop
vertex -7.642389297485352 40.234073638916016 -0.5
vertex -7.642389297485352 40.234073638916016 -4.099999904632568
vertex -7.288825988769531 39.86445236206055 -4.099999904632568
endloop
endfacet
facet normal -0.5547513856696283 -0.8320161657670043 0
outer loop
vertex 74.47248840332031 -30.764053344726562 -0.5
vertex 74.47248840332031 -30.764053344726562 -4.099999904632568
vertex 74.65849304199219 -30.888072967529297 -4.099999904632568
endloop
endfacet
facet normal -0.2774006282184709 -0.9607543346058856 0
outer loop
vertex 74.28215789794922 -30.70909881591797 -0.5
vertex 74.28215789794922 -30.70909881591797 -4.099999904632568
vertex 74.47248840332031 -30.764053344726562 -4.099999904632568
endloop
endfacet
facet normal 0 0 1
outer loop
vertex 74.65849304199219 -30.888072967529297 -4.099999904632568
vertex 74.87074279785156 -31.275087356567383 -4.099999904632568
vertex 74.7959213256836 -31.06441307067871 -4.099999904632568
endloop
endfacet
facet normal 0 0 1
outer loop
vertex 74.47248840332031 -30.764053344726562 -4.099999904632568
vertex 74.87074279785156 -31.275087356567383 -4.099999904632568
vertex 74.65849304199219 -30.888072967529297 -4.099999904632568
endloop
endfacet
facet normal 0 0 1
outer loop
vertex 74.87074279785156 -31.275087356567383 -4.099999904632568
vertex 74.28215789794922 -30.70909881591797 -4.099999904632568
vertex 74.88215637207031 -31.40100860595703 -4.099999904632568
endloop
endfacet
facet normal 0 0 1
outer loop
vertex 74.28215789794922 -30.70909881591797 -4.099999904632568
vertex 74.87074279785156 -31.275087356567383 -4.099999904632568
vertex 74.47248840332031 -30.764053344726562 -4.099999904632568
endloop
endfacet
facet normal 0 0 1
outer loop
vertex 7.682159423828125 -31.40100860595703 -4.099999904632568
vertex 74.28215789794922 -30.70909881591797 -4.099999904632568
vertex 74.24246215820312 41.43376922607422 -4.099999904632568
endloop
endfacet
facet normal 0 0 1
outer loop
vertex 7.682159423828125 -31.40100860595703 -4.099999904632568
vertex 74.18215942382812 -31.40100860595703 -4.099999904632568
vertex 74.28215789794922 -30.70909881591797 -4.099999904632568
endloop
endfacet
facet normal -0.5792830341889321 -0.8151264725800925 0
outer loop
vertex -8.059320449829102 40.530372619628906 -0.5
vertex -8.059320449829102 40.530372619628906 -4.099999904632568
vertex -7.642389297485352 40.234073638916016 -4.099999904632568
endloop
endfacet
facet normal 0 0 1
outer loop
vertex -62.080265045166016 63.77494812011719 -4.099999904632568
vertex -63.917484283447266 62.98405838012695 -4.099999904632568
vertex -61.569950103759766 63.740264892578125 -4.099999904632568
endloop
endfacet
facet normal -0.9272821934900605 -0.3743631039996623 0
outer loop
vertex -6.819836616516113 38.96048355102539 -4.099999904632568
vertex -6.819836616516113 38.96048355102539 -0.5
vertex -7.011321544647217 39.434783935546875 -0.5
endloop
endfacet
facet normal -0.8400302430445976 -0.5425395753034374 0
outer loop
vertex -7.011321544647217 39.434783935546875 -4.099999904632568
vertex -7.011321544647217 39.434783935546875 -0.5
vertex -7.288825988769531 39.86445236206055 -0.5
endloop
endfacet
facet normal 0 -1 0
outer loop
vertex -7.025704860687256 36.54899215698242 -0.5
vertex -7.025704860687256 36.54899215698242 -4.099999904632568
vertex 9.593829154968262 36.54899215698242 -0.5
endloop
endfacet
facet normal -0.2592104231332986 -0.9658208718696528 0
outer loop
vertex -8.524652481079102 40.74271774291992 -4.099999904632568
vertex -8.524652481079102 40.74271774291992 -0.5
vertex -25.654077529907227 45.33997344970703 -0.5
endloop
endfacet
facet normal 0.5005173335720511 0.8657265150114811 0
outer loop
vertex -73.02069854736328 42.38609313964844 -4.099999904632568
vertex -73.02069854736328 42.38609313964844 -0.5
vertex -63.09141159057617 36.645503997802734 -0.5
endloop
endfacet
facet normal -0.9999999922323878 0.00012464037942286539 0
outer loop
vertex 74.88215637207031 -31.40100860595703 -0.5
vertex 74.88215637207031 -31.40100860595703 -4.099999904632568
vertex 74.87815856933594 -63.4757080078125 -4.099999904632568
endloop
endfacet
facet normal -0.9999999922323878 0.00012464037942286539 0
outer loop
vertex 74.87815856933594 -63.4757080078125 -4.099999904632568
vertex 74.87815856933594 -63.4757080078125 -0.5
vertex 74.88215637207031 -31.40100860595703 -0.5
endloop
endfacet
facet normal 0 0 1
outer loop
vertex 74.28215789794922 -30.70909881591797 -4.099999904632568
vertex 74.87815856933594 -63.4757080078125 -4.099999904632568
vertex 74.88215637207031 -31.40100860595703 -4.099999904632568
endloop
endfacet
facet normal 0 0 1
outer loop
vertex 74.18215942382812 -31.40100860595703 -4.099999904632568
vertex 74.18215942382812 -64.10100555419922 -4.099999904632568
vertex 74.28215789794922 -30.70909881591797 -4.099999904632568
endloop
endfacet
facet normal 0 0 1
outer loop
vertex -63.917484283447266 62.98405838012695 -4.099999904632568
vertex -61.07533645629883 63.60995864868164 -4.099999904632568
vertex -61.569950103759766 63.740264892578125 -4.099999904632568
endloop
endfacet
facet normal 0 0 1
outer loop
vertex 74.28215789794922 -30.70909881591797 -4.099999904632568
vertex 74.18215942382812 -64.10100555419922 -4.099999904632568
vertex 74.87815856933594 -63.4757080078125 -4.099999904632568
endloop
endfacet
facet normal -0.9644943758191508 0.2641033869779534 0
outer loop
vertex 74.8191146850586 -63.69133377075195 -4.099999904632568
vertex 74.8191146850586 -63.69133377075195 -0.5
vertex 74.87815856933594 -63.4757080078125 -0.5
endloop
endfacet
facet normal -0.8320187923462209 0.5547474463057367 0
outer loop
vertex 74.6950912475586 -63.87734603881836 -4.099999904632568
vertex 74.6950912475586 -63.87734603881836 -0.5
vertex 74.8191146850586 -63.69133377075195 -0.5
endloop
endfacet
facet normal -0.614699901859557 0.7887610732369156 0
outer loop
vertex 74.51875305175781 -64.0147705078125 -4.099999904632568
vertex 74.51875305175781 -64.0147705078125 -0.5
vertex 74.6950912475586 -63.87734603881836 -0.5
endloop
endfacet
facet normal -0.24818358119904965 0.9687130173705807 0
outer loop
vertex 74.18215942382812 -64.10100555419922 -4.099999904632568
vertex 74.18215942382812 -64.10100555419922 -0.5
vertex 74.51875305175781 -64.0147705078125 -0.5
endloop
endfacet
facet normal -0.34858684363133263 -0.9372764866607637 0
outer loop
vertex 72.2793197631836 43.5821647644043 -0.5
vertex 72.2793197631836 43.5821647644043 -4.099999904632568
vertex 72.75872802734375 43.403865814208984 -4.099999904632568
endloop
endfacet
facet normal -0.6709969014630188 -0.741460152824835 0
outer loop
vertex 73.57515716552734 42.795135498046875 -4.099999904632568
vertex 73.57515716552734 42.795135498046875 -0.5
vertex 73.19590759277344 43.138343811035156 -0.5
endloop
endfacet
facet normal -0.34858684363133263 -0.9372764866607637 0
outer loop
vertex 72.75872802734375 43.403865814208984 -4.099999904632568
vertex 72.75872802734375 43.403865814208984 -0.5
vertex 72.2793197631836 43.5821647644043 -0.5
endloop
endfacet
facet normal -0.5191089094606629 -0.854708102289057 0
outer loop
vertex 73.19590759277344 43.138343811035156 -4.099999904632568
vertex 73.19590759277344 43.138343811035156 -0.5
vertex 72.75872802734375 43.403865814208984 -0.5
endloop
endfacet
facet normal -0.37497597606985567 -0.9270345286829713 0
outer loop
vertex -43.23061752319336 52.95302200317383 -4.099999904632568
vertex -26.716096878051758 46.273067474365234 -4.099999904632568
vertex -43.23061752319336 52.95302200317383 -0.5
endloop
endfacet
facet normal -0.7988036428550525 -0.6015918385097141 0
outer loop
vertex 73.88286590576172 42.38655471801758 -4.099999904632568
vertex 73.88286590576172 42.38655471801758 -0.5
vertex 73.57515716552734 42.795135498046875 -0.5
endloop
endfacet
facet normal 0 0 1
outer loop
vertex 30.889307022094727 41.16671371459961 -4.099999904632568
vertex 32.62887954711914 43.49983215332031 -4.099999904632568
vertex 30.97398567199707 41.67115020751953 -4.099999904632568
endloop
endfacet
facet normal 0 0 1
outer loop
vertex 30.97398567199707 41.67115020751953 -4.099999904632568
vertex 32.62887954711914 43.49983215332031 -4.099999904632568
vertex 31.152284622192383 42.15055847167969 -4.099999904632568
endloop
endfacet
facet normal 0 0 1
outer loop
vertex 31.152284622192383 42.15055847167969 -4.099999904632568
vertex 32.62887954711914 43.49983215332031 -4.099999904632568
vertex 31.41780662536621 42.587738037109375 -4.099999904632568
endloop
endfacet
facet normal -0.41514824822826474 -0.9097537754760917 0
outer loop
vertex -8.059320449829102 40.530372619628906 -4.099999904632568
vertex -8.059320449829102 40.530372619628906 -0.5
vertex -8.524652481079102 40.74271774291992 -0.5
endloop
endfacet
facet normal 0 0 1
outer loop
vertex -62.58796310424805 63.7127571105957 -4.099999904632568
vertex -63.917484283447266 62.98405838012695 -4.099999904632568
vertex -62.080265045166016 63.77494812011719 -4.099999904632568
endloop
endfacet
facet normal 0.6364856800080894 0.7712885187429149 0
outer loop
vertex -73.02069854736328 42.38609313964844 -0.5
vertex -73.02069854736328 42.38609313964844 -4.099999904632568
vertex -73.41520690917969 42.71165084838867 -4.099999904632568
endloop
endfacet
facet normal 0.9518349214884549 0.30661096235305507 0
outer loop
vertex -73.98707580566406 43.5543098449707 -0.5
vertex -73.98707580566406 43.5543098449707 -4.099999904632568
vertex -74.14390563964844 44.041168212890625 -4.099999904632568
endloop
endfacet
facet normal 0.8769207116568428 0.4806350647500204 0
outer loop
vertex -73.7412338256836 43.105770111083984 -0.5
vertex -73.7412338256836 43.105770111083984 -4.099999904632568
vertex -73.98707580566406 43.5543098449707 -4.099999904632568
endloop
endfacet
facet normal 0.9976994025248748 -0.06779308372915255 0
outer loop
vertex -74.20609283447266 44.548866271972656 -0.5
vertex -74.20609283447266 44.548866271972656 -4.099999904632568
vertex -74.17141723632812 45.059181213378906 -4.099999904632568
endloop
endfacet
facet normal 0.9925816505829943 0.12157987878731666 0
outer loop
vertex -74.14390563964844 44.041168212890625 -0.5
vertex -74.14390563964844 44.041168212890625 -4.099999904632568
vertex -74.20609283447266 44.548866271972656 -4.099999904632568
endloop
endfacet
facet normal 0.7705294633941847 0.6374043818812903 0
outer loop
vertex -73.41520690917969 42.71165084838867 -0.5
vertex -73.41520690917969 42.71165084838867 -4.099999904632568
vertex -73.7412338256836 43.105770111083984 -4.099999904632568
endloop
endfacet
facet normal -0.8979299120407475 -0.4401384703277997 0
outer loop
vertex 74.10799407958984 41.927268981933594 -4.099999904632568
vertex 74.10799407958984 41.927268981933594 -0.5
vertex 73.88286590576172 42.38655471801758 -0.5
endloop
endfacet
facet normal -0.9648247213816195 -0.2628940033756577 0
outer loop
vertex 74.24246215820312 41.43376922607422 -4.099999904632568
vertex 74.24246215820312 41.43376922607422 -0.5
vertex 74.10799407958984 41.927268981933594 -0.5
endloop
endfacet
facet normal 0.9753543754875231 -0.2206441529190014 0
outer loop
vertex 11.902097702026367 36.54899215698242 -0.5
vertex 11.902097702026367 36.54899215698242 -4.099999904632568
vertex 12.02326488494873 37.08460998535156 -4.099999904632568
endloop
endfacet
facet normal 0.9133680606250132 -0.407134849687548 0
outer loop
vertex 12.02326488494873 37.08460998535156 -0.5
vertex 12.02326488494873 37.08460998535156 -4.099999904632568
vertex 12.231510162353516 37.551788330078125 -4.099999904632568
endloop
endfacet
facet normal 0.8201890493921336 -0.572092582767185 0
outer loop
vertex 12.524131774902344 37.971309661865234 -0.5
vertex 12.231510162353516 37.551788330078125 -4.099999904632568
vertex 12.524131774902344 37.971309661865234 -4.099999904632568
endloop
endfacet
facet normal 0.697566055787235 -0.7165204796887805 0
outer loop
vertex 12.524131774902344 37.971309661865234 -0.5
vertex 12.524131774902344 37.971309661865234 -4.099999904632568
vertex 12.890626907348633 38.32810974121094 -4.099999904632568
endloop
endfacet
facet normal 0.5499055899657492 -0.8352268207645281 0
outer loop
vertex 12.890626907348633 38.32810974121094 -0.5
vertex 12.890626907348633 38.32810974121094 -4.099999904632568
vertex 13.317839622497559 38.60938262939453 -4.099999904632568
endloop
endfacet
facet normal 0.9670034946575493 -0.2547631082399633 0
outer loop
vertex -74.04110717773438 45.55379867553711 -0.5
vertex -74.17141723632812 45.059181213378906 -4.099999904632568
vertex -74.04110717773438 45.55379867553711 -4.099999904632568
endloop
endfacet
facet normal 0.6364856800080894 0.7712885187429149 0
outer loop
vertex -73.41520690917969 42.71165084838867 -4.099999904632568
vertex -73.41520690917969 42.71165084838867 -0.5
vertex -73.02069854736328 42.38609313964844 -0.5
endloop
endfacet
facet normal 0.7705294633941847 0.6374043818812903 0
outer loop
vertex -73.7412338256836 43.105770111083984 -4.099999904632568
vertex -73.7412338256836 43.105770111083984 -0.5
vertex -73.41520690917969 42.71165084838867 -0.5
endloop
endfacet
facet normal 0.8769207116568428 0.4806350647500204 0
outer loop
vertex -73.98707580566406 43.5543098449707 -4.099999904632568
vertex -73.98707580566406 43.5543098449707 -0.5
vertex -73.7412338256836 43.105770111083984 -0.5
endloop
endfacet
facet normal 0.9518349214884549 0.30661096235305507 0
outer loop
vertex -74.14390563964844 44.041168212890625 -4.099999904632568
vertex -74.14390563964844 44.041168212890625 -0.5
vertex -73.98707580566406 43.5543098449707 -0.5
endloop
endfacet
facet normal 0.9925816505829943 0.12157987878731666 0
outer loop
vertex -74.20609283447266 44.548866271972656 -4.099999904632568
vertex -74.20609283447266 44.548866271972656 -0.5
vertex -74.14390563964844 44.041168212890625 -0.5
endloop
endfacet
facet normal 0 0 1
outer loop
vertex -63.07482147216797 63.55592727661133 -4.099999904632568
vertex -63.917484283447266 62.98405838012695 -4.099999904632568
vertex -62.58796310424805 63.7127571105957 -4.099999904632568
endloop
endfacet
facet normal -0.9644943758191508 0.2641033869779534 0
outer loop
vertex 74.87815856933594 -63.4757080078125 -0.5
vertex 74.87815856933594 -63.4757080078125 -4.099999904632568
vertex 74.8191146850586 -63.69133377075195 -4.099999904632568
endloop
endfacet
facet normal -0.8320187923462209 0.5547474463057367 0
outer loop
vertex 74.8191146850586 -63.69133377075195 -0.5
vertex 74.8191146850586 -63.69133377075195 -4.099999904632568
vertex 74.6950912475586 -63.87734603881836 -4.099999904632568
endloop
endfacet
facet normal -0.614699901859557 0.7887610732369156 0
outer loop
vertex 74.6950912475586 -63.87734603881836 -0.5
vertex 74.6950912475586 -63.87734603881836 -4.099999904632568
vertex 74.51875305175781 -64.0147705078125 -4.099999904632568
endloop
endfacet
facet normal -0.24818358119904965 0.9687130173705807 0
outer loop
vertex 74.51875305175781 -64.0147705078125 -0.5
vertex 74.51875305175781 -64.0147705078125 -4.099999904632568
vertex 74.18215942382812 -64.10100555419922 -4.099999904632568
endloop
endfacet
facet normal -0.1655502120715564 -0.986201362442307 0
outer loop
vertex 72.2793197631836 43.5821647644043 -4.099999904632568
vertex 72.2793197631836 43.5821647644043 -0.5
vertex 71.7748794555664 43.66684341430664 -0.5
endloop
endfacet
facet normal -0.6709969014630188 -0.741460152824835 0
outer loop
vertex 73.19590759277344 43.138343811035156 -0.5
vertex 73.19590759277344 43.138343811035156 -4.099999904632568
vertex 73.57515716552734 42.795135498046875 -4.099999904632568
endloop
endfacet
facet normal -0.5191089094606629 -0.854708102289057 0
outer loop
vertex 72.75872802734375 43.403865814208984 -0.5
vertex 72.75872802734375 43.403865814208984 -4.099999904632568
vertex 73.19590759277344 43.138343811035156 -4.099999904632568
endloop
endfacet
facet normal -0.7988036428550525 -0.6015918385097141 0
outer loop
vertex 73.57515716552734 42.795135498046875 -0.5
vertex 73.57515716552734 42.795135498046875 -4.099999904632568
vertex 73.88286590576172 42.38655471801758 -4.099999904632568
endloop
endfacet
facet normal -0.5229305778730449 -0.8523752757590773 0
outer loop
vertex -26.280113220214844 46.005592346191406 -4.099999904632568
vertex -26.280113220214844 46.005592346191406 -0.5
vertex -26.716096878051758 46.273067474365234 -0.5
endloop
endfacet
facet normal -0.7906862584299829 -0.612221561797683 0
outer loop
vertex -25.902402877807617 45.66068649291992 -0.5
vertex -25.902402877807617 45.66068649291992 -4.099999904632568
vertex -25.654077529907227 45.33997344970703 -0.5
endloop
endfacet
facet normal -0.6743118925244185 -0.7384466613101701 0
outer loop
vertex -25.902402877807617 45.66068649291992 -4.099999904632568
vertex -25.902402877807617 45.66068649291992 -0.5
vertex -26.280113220214844 46.005592346191406 -0.5
endloop
endfacet
facet normal -0.8979299120407475 -0.4401384703277997 0
outer loop
vertex 73.88286590576172 42.38655471801758 -0.5
vertex 73.88286590576172 42.38655471801758 -4.099999904632568
vertex 74.10799407958984 41.927268981933594 -4.099999904632568
endloop
endfacet
facet normal -0.9648247213816195 -0.2628940033756577 0
outer loop
vertex 74.10799407958984 41.927268981933594 -0.5
vertex 74.10799407958984 41.927268981933594 -4.099999904632568
vertex 74.24246215820312 41.43376922607422 -4.099999904632568
endloop
endfacet
facet normal 0.12158722650922768 -0.9925807505436491 0
outer loop
vertex -62.58796310424805 63.7127571105957 -0.5
vertex -62.58796310424805 63.7127571105957 -4.099999904632568
vertex -62.080265045166016 63.77494812011719 -4.099999904632568
endloop
endfacet
facet normal -0.2592104231332986 -0.9658208718696528 0
outer loop
vertex -25.654077529907227 45.33997344970703 -4.099999904632568
vertex -8.524652481079102 40.74271774291992 -4.099999904632568
vertex -25.654077529907227 45.33997344970703 -0.5
endloop
endfacet
facet normal 0.3825109783950296 -0.9239509464291257 0
outer loop
vertex 13.317839622497559 38.60938262939453 -0.5
vertex 13.317839622497559 38.60938262939453 -4.099999904632568
vertex 13.790434837341309 38.80503463745117 -4.099999904632568
endloop
endfacet
facet normal -0.7906862584299829 -0.612221561797683 0
outer loop
vertex -25.654077529907227 45.33997344970703 -0.5
vertex -25.902402877807617 45.66068649291992 -4.099999904632568
vertex -25.654077529907227 45.33997344970703 -4.099999904632568
endloop
endfacet
facet normal -0.6743118925244185 -0.7384466613101701 0
outer loop
vertex -26.280113220214844 46.005592346191406 -0.5
vertex -26.280113220214844 46.005592346191406 -4.099999904632568
vertex -25.902402877807617 45.66068649291992 -4.099999904632568
endloop
endfacet
facet normal -0.5229305778730449 -0.8523752757590773 0
outer loop
vertex -26.716096878051758 46.273067474365234 -0.5
vertex -26.716096878051758 46.273067474365234 -4.099999904632568
vertex -26.280113220214844 46.005592346191406 -4.099999904632568
endloop
endfacet
facet normal 0.6015965973303075 -0.7988000588887032 0
outer loop
vertex 31.761016845703125 42.96698760986328 -0.5
vertex 31.761016845703125 42.96698760986328 -4.099999904632568
vertex 32.16959762573242 43.27470016479492 -4.099999904632568
endloop
endfacet
facet normal 0.4401474310028367 -0.8979255197295616 0
outer loop
vertex 32.16959762573242 43.27470016479492 -0.5
vertex 32.16959762573242 43.27470016479492 -4.099999904632568
vertex 32.62887954711914 43.49983215332031 -4.099999904632568
endloop
endfacet
facet normal 0.26287822661872295 -0.9648290200702896 0
outer loop
vertex 32.62887954711914 43.49983215332031 -0.5
vertex 32.62887954711914 43.49983215332031 -4.099999904632568
vertex 33.12238311767578 43.63429260253906 -4.099999904632568
endloop
endfacet
facet normal 0.16555264734385197 0.9862009536384775 0
outer loop
vertex -62.11499786376953 -63.75918197631836 -4.099999904632568
vertex -62.11499786376953 -63.75918197631836 -0.5
vertex -61.610565185546875 -63.8438606262207 -0.5
endloop
endfacet
facet normal 0.3485844069531652 0.9372773928934326 0
outer loop
vertex -62.59440994262695 -63.58088302612305 -4.099999904632568
vertex -62.59440994262695 -63.58088302612305 -0.5
vertex -62.11499786376953 -63.75918197631836 -0.5
endloop
endfacet
facet normal -0.2547579716183177 -0.9670048479180032 0
outer loop
vertex -61.07533645629883 63.60995864868164 -4.099999904632568
vertex -61.07533645629883 63.60995864868164 -0.5
vertex -61.569950103759766 63.740264892578125 -0.5
endloop
endfacet
facet normal -0.37497597606985567 -0.9270345286829713 0
outer loop
vertex -26.716096878051758 46.273067474365234 -4.099999904632568
vertex -26.716096878051758 46.273067474365234 -0.5
vertex -43.23061752319336 52.95302200317383 -0.5
endloop
endfacet
facet normal -0.06780793112430836 -0.9976983935421772 0
outer loop
vertex -61.569950103759766 63.740264892578125 -4.099999904632568
vertex -61.569950103759766 63.740264892578125 -0.5
vertex -62.080265045166016 63.77494812011719 -0.5
endloop
endfacet
facet normal 0.12158722650922768 -0.9925807505436491 0
outer loop
vertex -62.080265045166016 63.77494812011719 -4.099999904632568
vertex -62.080265045166016 63.77494812011719 -0.5
vertex -62.58796310424805 63.7127571105957 -0.5
endloop
endfacet
facet normal 0.8979299120407475 0.4401384703277997 0
outer loop
vertex -63.94367980957031 -62.104286193847656 -4.099999904632568
vertex -63.94367980957031 -62.104286193847656 -0.5
vertex -63.71855163574219 -62.56357192993164 -0.5
endloop
endfacet
facet normal 0.9648290200702896 0.26287822661872295 0
outer loop
vertex -64.07814025878906 -61.610782623291016 -4.099999904632568
vertex -64.07814025878906 -61.610782623291016 -0.5
vertex -63.94367980957031 -62.104286193847656 -0.5
endloop
endfacet
facet normal 0.5191122184594376 0.8547060925523587 0
outer loop
vertex -63.031585693359375 -63.31536102294922 -4.099999904632568
vertex -63.031585693359375 -63.31536102294922 -0.5
vertex -62.59440994262695 -63.58088302612305 -0.5
endloop
endfacet
facet normal 0.9976994025248748 -0.06779308372915255 0
outer loop
vertex -74.17141723632812 45.059181213378906 -4.099999904632568
vertex -74.17141723632812 45.059181213378906 -0.5
vertex -74.20609283447266 44.548866271972656 -0.5
endloop
endfacet
facet normal 0.9670034946575493 -0.2547631082399633 0
outer loop
vertex -74.17141723632812 45.059181213378906 -0.5
vertex -74.17141723632812 45.059181213378906 -4.099999904632568
vertex -74.04110717773438 45.55379867553711 -0.5
endloop
endfacet
facet normal 0.6709931909863334 0.7414635106665586 0
outer loop
vertex -63.031585693359375 -63.31536102294922 -0.5
vertex -63.031585693359375 -63.31536102294922 -4.099999904632568
vertex -63.41083908081055 -62.97215270996094 -0.5
endloop
endfacet
facet normal 0.7988000588887032 0.6015965973303075 0
outer loop
vertex -63.71855163574219 -62.56357192993164 -4.099999904632568
vertex -63.71855163574219 -62.56357192993164 -0.5
vertex -63.41083908081055 -62.97215270996094 -0.5
endloop
endfacet
facet normal 0 0 1
outer loop
vertex -7.642389297485352 40.234073638916016 -4.099999904632568
vertex -62.67759323120117 36.236671447753906 -4.099999904632568
vertex -7.288825988769531 39.86445236206055 -4.099999904632568
endloop
endfacet
facet normal 0 0 1
outer loop
vertex -62.67759323120117 36.236671447753906 -4.099999904632568
vertex -7.011321544647217 39.434783935546875 -4.099999904632568
vertex -7.288825988769531 39.86445236206055 -4.099999904632568
endloop
endfacet
facet normal 0 0 1
outer loop
vertex -8.059320449829102 40.530372619628906 -4.099999904632568
vertex -62.67759323120117 36.236671447753906 -4.099999904632568
vertex -7.642389297485352 40.234073638916016 -4.099999904632568
endloop
endfacet
facet normal 0 0 1
outer loop
vertex -8.524652481079102 40.74271774291992 -4.099999904632568
vertex -62.67759323120117 36.236671447753906 -4.099999904632568
vertex -8.059320449829102 40.530372619628906 -4.099999904632568
endloop
endfacet
facet normal 0 0 1
outer loop
vertex -62.67759323120117 36.236671447753906 -4.099999904632568
vertex -6.819836616516113 38.96048355102539 -4.099999904632568
vertex -7.011321544647217 39.434783935546875 -4.099999904632568
endloop
endfacet
facet normal 0.20137261656864897 -0.9795147111178555 0
outer loop
vertex 13.790434837341309 38.80503463745117 -0.5
vertex 13.790434837341309 38.80503463745117 -4.099999904632568
vertex 14.291449546813965 38.90803527832031 -4.099999904632568
endloop
endfacet
facet normal 0 0 1
outer loop
vertex -64.2430419921875 62.58955001831055 -4.099999904632568
vertex -61.07533645629883 63.60995864868164 -4.099999904632568
vertex -63.917484283447266 62.98405838012695 -4.099999904632568
endloop
endfacet
facet normal 0 0 1
outer loop
vertex -63.917484283447266 62.98405838012695 -4.099999904632568
vertex -63.07482147216797 63.55592727661133 -4.099999904632568
vertex -63.52336120605469 63.31008529663086 -4.099999904632568
endloop
endfacet
facet normal 0 0 1
outer loop
vertex -24.817840576171875 -31.40100860595703 -4.099999904632568
vertex -25.63853645324707 -64.0653076171875 -4.099999904632568
vertex -24.817840576171875 -64.10100555419922 -4.099999904632568
endloop
endfacet
facet normal 0 0 1
outer loop
vertex -25.953346252441406 -63.851009368896484 -4.099999904632568
vertex -25.63853645324707 -64.0653076171875 -4.099999904632568
vertex -24.817840576171875 -31.40100860595703 -4.099999904632568
endloop
endfacet
facet normal 0 0 1
outer loop
vertex 31.41780662536621 42.587738037109375 -4.099999904632568
vertex 32.62887954711914 43.49983215332031 -4.099999904632568
vertex 31.761016845703125 42.96698760986328 -4.099999904632568
endloop
endfacet
facet normal 0 0 1
outer loop
vertex -61.610565185546875 -63.8438606262207 -4.099999904632568
vertex -25.953346252441406 -63.851009368896484 -4.099999904632568
vertex -24.817840576171875 -31.40100860595703 -4.099999904632568
endloop
endfacet
facet normal 0.7712885187429149 -0.6364856800080894 0
outer loop
vertex -63.917484283447266 62.98405838012695 -4.099999904632568
vertex -63.917484283447266 62.98405838012695 -0.5
vertex -64.2430419921875 62.58955001831055 -0.5
endloop
endfacet
facet normal 0.5627186011424116 0.8266485201875872 0
outer loop
vertex -25.953346252441406 -63.851009368896484 -4.099999904632568
vertex -25.953346252441406 -63.851009368896484 -0.5
vertex -25.63853645324707 -64.0653076171875 -0.5
endloop
endfacet
facet normal 0.043456066439921094 0.9990553389525373 0
outer loop
vertex -25.63853645324707 -64.0653076171875 -4.099999904632568
vertex -25.63853645324707 -64.0653076171875 -0.5
vertex -24.817840576171875 -64.10100555419922 -0.5
endloop
endfacet
facet normal 0.043456066439921094 0.9990553389525373 0
outer loop
vertex -24.817840576171875 -64.10100555419922 -0.5
vertex -24.817840576171875 -64.10100555419922 -4.099999904632568
vertex -25.63853645324707 -64.0653076171875 -4.099999904632568
endloop
endfacet
facet normal 0.5627186011424116 0.8266485201875872 0
outer loop
vertex -25.63853645324707 -64.0653076171875 -0.5
vertex -25.63853645324707 -64.0653076171875 -4.099999904632568
vertex -25.953346252441406 -63.851009368896484 -4.099999904632568
endloop
endfacet
facet normal 0.05480693011221579 -0.9984969706572346 0
outer loop
vertex 14.291449546813965 38.90803527832031 -0.5
vertex 14.291449546813965 38.90803527832031 -4.099999904632568
vertex 14.582159042358398 38.92399215698242 -4.099999904632568
endloop
endfacet
facet normal 0.9862011580426473 -0.16555142969887462 0
outer loop
vertex -64.1106948852539 34.04171371459961 -0.5
vertex -64.1106948852539 34.04171371459961 -4.099999904632568
vertex -64.02601623535156 34.54615020751953 -4.099999904632568
endloop
endfacet
facet normal 0.9372740499501774 -0.34859339536197814 0
outer loop
vertex -64.02601623535156 34.54615020751953 -0.5
vertex -64.02601623535156 34.54615020751953 -4.099999904632568
vertex -63.847713470458984 35.02555847167969 -4.099999904632568
endloop
endfacet
facet normal 0.8547114112660754 -0.5191034612209339 0
outer loop
vertex -63.58219528198242 35.462738037109375 -0.5
vertex -63.847713470458984 35.02555847167969 -4.099999904632568
vertex -63.58219528198242 35.462738037109375 -4.099999904632568
endloop
endfacet
facet normal 0.7414564423432651 -0.6710010015697954 0
outer loop
vertex -63.58219528198242 35.462738037109375 -0.5
vertex -63.58219528198242 35.462738037109375 -4.099999904632568
vertex -63.238983154296875 35.84198760986328 -4.099999904632568
endloop
endfacet
facet normal 0.5751343805627037 -0.8180589491563277 0
outer loop
vertex -63.238983154296875 35.84198760986328 -0.5
vertex -63.238983154296875 35.84198760986328 -4.099999904632568
vertex -62.67759323120117 36.236671447753906 -4.099999904632568
endloop
endfacet
facet normal 0.5005173713381629 0.8657264931770983 -1.3898133210674805e-7
outer loop
vertex -63.09141159057617 36.645503997802734 -0.5
vertex -62.701759338378906 36.42022705078125 -4.099999904632568
vertex -73.02069854736328 42.38609313964844 -4.099999904632568
endloop
endfacet
facet normal 0.9914444744170092 0.13052913141509942 0
outer loop
vertex -62.67759323120117 36.236671447753906 -0.5
vertex -62.67759323120117 36.236671447753906 -4.099999904632568
vertex -62.701759338378906 36.42022705078125 -4.099999904632568
endloop
endfacet
facet normal 0.9862011580426473 -0.16555142969887462 0
outer loop
vertex -64.02601623535156 34.54615020751953 -4.099999904632568
vertex -64.02601623535156 34.54615020751953 -0.5
vertex -64.1106948852539 34.04171371459961 -0.5
endloop
endfacet
facet normal 0.9372740499501774 -0.34859339536197814 0
outer loop
vertex -63.847713470458984 35.02555847167969 -4.099999904632568
vertex -63.847713470458984 35.02555847167969 -0.5
vertex -64.02601623535156 34.54615020751953 -0.5
endloop
endfacet
facet normal 0.8547114112660754 -0.5191034612209339 0
outer loop
vertex -63.847713470458984 35.02555847167969 -0.5
vertex -63.847713470458984 35.02555847167969 -4.099999904632568
vertex -63.58219528198242 35.462738037109375 -0.5
endloop
endfacet
facet normal 0.7414564423432651 -0.6710010015697954 0
outer loop
vertex -63.238983154296875 35.84198760986328 -4.099999904632568
vertex -63.238983154296875 35.84198760986328 -0.5
vertex -63.58219528198242 35.462738037109375 -0.5
endloop
endfacet
facet normal 0.5751343805627037 -0.8180589491563277 0
outer loop
vertex -62.67759323120117 36.236671447753906 -4.099999904632568
vertex -62.67759323120117 36.236671447753906 -0.5
vertex -63.238983154296875 35.84198760986328 -0.5
endloop
endfacet
facet normal 0 -1 0
outer loop
vertex 11.902097702026367 36.54899215698242 -4.099999904632568
vertex 11.902097702026367 36.54899215698242 -0.5
vertex 9.593829154968262 36.54899215698242 -0.5
endloop
endfacet
facet normal 0 0 1
outer loop
vertex 74.87815856933594 -63.4757080078125 -4.099999904632568
vertex 74.6950912475586 -63.87734603881836 -4.099999904632568
vertex 74.8191146850586 -63.69133377075195 -4.099999904632568
endloop
endfacet
facet normal 0 0 1
outer loop
vertex 74.87815856933594 -63.4757080078125 -4.099999904632568
vertex 74.51875305175781 -64.0147705078125 -4.099999904632568
vertex 74.6950912475586 -63.87734603881836 -4.099999904632568
endloop
endfacet
facet normal 0 0 1
outer loop
vertex 74.18215942382812 -64.10100555419922 -4.099999904632568
vertex 74.51875305175781 -64.0147705078125 -4.099999904632568
vertex 74.87815856933594 -63.4757080078125 -4.099999904632568
endloop
endfacet
facet normal 0.6374007189875586 -0.7705324934317458 0
outer loop
vertex -63.52336120605469 63.31008529663086 -4.099999904632568
vertex -63.52336120605469 63.31008529663086 -0.5
vertex -63.917484283447266 62.98405838012695 -0.5
endloop
endfacet
facet normal 0.4806350647500204 -0.8769207116568428 0
outer loop
vertex -63.07482147216797 63.55592727661133 -4.099999904632568
vertex -63.07482147216797 63.55592727661133 -0.5
vertex -63.52336120605469 63.31008529663086 -0.5
endloop
endfacet
facet normal 0.30661096235305507 -0.9518349214884549 0
outer loop
vertex -63.07482147216797 63.55592727661133 -0.5
vertex -63.07482147216797 63.55592727661133 -4.099999904632568
vertex -62.58796310424805 63.7127571105957 -0.5
endloop
endfacet
facet normal -0.41514824822826474 -0.9097537754760917 0
outer loop
vertex -8.524652481079102 40.74271774291992 -0.5
vertex -8.524652481079102 40.74271774291992 -4.099999904632568
vertex -8.059320449829102 40.530372619628906 -4.099999904632568
endloop
endfacet
facet normal 0.00020048514006443648 0.9999999799028542 0
outer loop
vertex -61.610565185546875 -63.8438606262207 -0.5
vertex -25.953346252441406 -63.851009368896484 -0.5
vertex -25.953346252441406 -63.851009368896484 -4.099999904632568
endloop
endfacet
facet normal 0 0 1
outer loop
vertex -62.67759323120117 36.236671447753906 -4.099999904632568
vertex -6.721244812011719 38.45858383178711 -4.099999904632568
vertex -6.819836616516113 38.96048355102539 -4.099999904632568
endloop
endfacet
facet normal 0.9753543754875231 -0.2206441529190014 0
outer loop
vertex 12.02326488494873 37.08460998535156 -4.099999904632568
vertex 12.02326488494873 37.08460998535156 -0.5
vertex 11.902097702026367 36.54899215698242 -0.5
endloop
endfacet
facet normal 0.9133680606250132 -0.407134849687548 0
outer loop
vertex 12.231510162353516 37.551788330078125 -4.099999904632568
vertex 12.231510162353516 37.551788330078125 -0.5
vertex 12.02326488494873 37.08460998535156 -0.5
endloop
endfacet
facet normal 0.8201890493921336 -0.572092582767185 0
outer loop
vertex 12.231510162353516 37.551788330078125 -0.5
vertex 12.231510162353516 37.551788330078125 -4.099999904632568
vertex 12.524131774902344 37.971309661865234 -0.5
endloop
endfacet
facet normal 0 0 1
outer loop
vertex -62.67759323120117 36.236671447753906 -4.099999904632568
vertex -25.902402877807617 45.66068649291992 -4.099999904632568
vertex -26.280113220214844 46.005592346191406 -4.099999904632568
endloop
endfacet
facet normal 0 0 1
outer loop
vertex -25.902402877807617 45.66068649291992 -4.099999904632568
vertex -62.67759323120117 36.236671447753906 -4.099999904632568
vertex -25.654077529907227 45.33997344970703 -4.099999904632568
endloop
endfacet
facet normal 0.697566055787235 -0.7165204796887805 0
outer loop
vertex 12.890626907348633 38.32810974121094 -4.099999904632568
vertex 12.890626907348633 38.32810974121094 -0.5
vertex 12.524131774902344 37.971309661865234 -0.5
endloop
endfacet
facet normal 0 0 1
outer loop
vertex -26.716096878051758 46.273067474365234 -4.099999904632568
vertex -62.67759323120117 36.236671447753906 -4.099999904632568
vertex -26.280113220214844 46.005592346191406 -4.099999904632568
endloop
endfacet
facet normal 0.6015965973303075 -0.7988000588887032 0
outer loop
vertex 32.16959762573242 43.27470016479492 -4.099999904632568
vertex 32.16959762573242 43.27470016479492 -0.5
vertex 31.761016845703125 42.96698760986328 -0.5
endloop
endfacet
facet normal 0.7414582975822421 -0.6709989515241014 0
outer loop
vertex 31.761016845703125 42.96698760986328 -4.099999904632568
vertex 31.761016845703125 42.96698760986328 -0.5
vertex 31.41780662536621 42.587738037109375 -0.5
endloop
endfacet
facet normal 0 -1 0
outer loop
vertex 14.582159042358398 38.92399215698242 -4.099999904632568
vertex 28.89435386657715 38.92399215698242 -0.5
vertex 14.582159042358398 38.92399215698242 -0.5
endloop
endfacet
facet normal 0.854708102289057 -0.5191089094606629 0
outer loop
vertex 31.41780662536621 42.587738037109375 -4.099999904632568
vertex 31.41780662536621 42.587738037109375 -0.5
vertex 31.152284622192383 42.15055847167969 -0.5
endloop
endfacet
facet normal 0.9372764866607637 -0.34858684363133263 0
outer loop
vertex 31.152284622192383 42.15055847167969 -4.099999904632568
vertex 31.152284622192383 42.15055847167969 -0.5
vertex 30.97398567199707 41.67115020751953 -0.5
endloop
endfacet
facet normal 0 -1 0
outer loop
vertex 14.582159042358398 38.92399215698242 -4.099999904632568
vertex 30.882158279418945 38.92399215698242 -4.099999904632568
vertex 28.89435386657715 38.92399215698242 -0.5
endloop
endfacet
facet normal 0 0 1
outer loop
vertex 31.761016845703125 42.96698760986328 -4.099999904632568
vertex 32.62887954711914 43.49983215332031 -4.099999904632568
vertex 32.16959762573242 43.27470016479492 -4.099999904632568
endloop
endfacet
facet normal 0 0 1
outer loop
vertex 32.62887954711914 43.49983215332031 -4.099999904632568
vertex 30.889307022094727 41.16671371459961 -4.099999904632568
vertex 33.12238311767578 43.63429260253906 -4.099999904632568
endloop
endfacet
facet normal -0.7896681187504899 -0.6135342388400686 0
outer loop
vertex -43.64497375488281 53.486331939697266 -0.5
vertex -43.64497375488281 53.486331939697266 -4.099999904632568
vertex -43.23061752319336 52.95302200317383 -4.099999904632568
endloop
endfacet
facet normal -0.6364856800080894 -0.7712885187429149 0
outer loop
vertex -44.03948211669922 53.8118896484375 -0.5
vertex -44.03948211669922 53.8118896484375 -4.099999904632568
vertex -43.64497375488281 53.486331939697266 -4.099999904632568
endloop
endfacet
facet normal 0.16555264734385197 0.9862009536384775 0
outer loop
vertex -61.610565185546875 -63.8438606262207 -0.5
vertex -61.610565185546875 -63.8438606262207 -4.099999904632568
vertex -62.11499786376953 -63.75918197631836 -4.099999904632568
endloop
endfacet
facet normal 0.3485844069531652 0.9372773928934326 0
outer loop
vertex -62.11499786376953 -63.75918197631836 -0.5
vertex -62.11499786376953 -63.75918197631836 -4.099999904632568
vertex -62.59440994262695 -63.58088302612305 -4.099999904632568
endloop
endfacet
facet normal 0.9862011580426473 -0.16555142969887462 0
outer loop
vertex 30.97398567199707 41.67115020751953 -4.099999904632568
vertex 30.97398567199707 41.67115020751953 -0.5
vertex 30.889307022094727 41.16671371459961 -0.5
endloop
endfacet
facet normal 0.5191122184594376 0.8547060925523587 0
outer loop
vertex -62.59440994262695 -63.58088302612305 -0.5
vertex -62.59440994262695 -63.58088302612305 -4.099999904632568
vertex -63.031585693359375 -63.31536102294922 -4.099999904632568
endloop
endfacet
facet normal 0.5499055899657492 -0.8352268207645281 0
outer loop
vertex 13.317839622497559 38.60938262939453 -4.099999904632568
vertex 13.317839622497559 38.60938262939453 -0.5
vertex 12.890626907348633 38.32810974121094 -0.5
endloop
endfacet
facet normal 0.3825109783950296 -0.9239509464291257 0
outer loop
vertex 13.790434837341309 38.80503463745117 -4.099999904632568
vertex 13.790434837341309 38.80503463745117 -0.5
vertex 13.317839622497559 38.60938262939453 -0.5
endloop
endfacet
facet normal 0.20137261656864897 -0.9795147111178555 0
outer loop
vertex 14.291449546813965 38.90803527832031 -4.099999904632568
vertex 14.291449546813965 38.90803527832031 -0.5
vertex 13.790434837341309 38.80503463745117 -0.5
endloop
endfacet
facet normal 0.05480693011221579 -0.9984969706572346 0
outer loop
vertex 14.582159042358398 38.92399215698242 -4.099999904632568
vertex 14.582159042358398 38.92399215698242 -0.5
vertex 14.291449546813965 38.90803527832031 -0.5
endloop
endfacet
facet normal 0 0 1
outer loop
vertex -62.67759323120117 36.236671447753906 -4.099999904632568
vertex -6.719084739685059 37.94709396362305 -4.099999904632568
vertex -6.721244812011719 38.45858383178711 -4.099999904632568
endloop
endfacet
facet normal 0 0 1
outer loop
vertex -62.67759323120117 36.236671447753906 -4.099999904632568
vertex -6.799732685089111 37.49271011352539 -4.099999904632568
vertex -6.719084739685059 37.94709396362305 -4.099999904632568
endloop
endfacet
facet normal 0.8979299120407475 0.4401384703277997 0
outer loop
vertex -63.71855163574219 -62.56357192993164 -0.5
vertex -63.71855163574219 -62.56357192993164 -4.099999904632568
vertex -63.94367980957031 -62.104286193847656 -4.099999904632568
endloop
endfacet
facet normal 0 0 1
outer loop
vertex -62.67759323120117 36.236671447753906 -4.099999904632568
vertex -7.025704860687256 36.54899215698242 -4.099999904632568
vertex -6.799732685089111 37.49271011352539 -4.099999904632568
endloop
endfacet
facet normal 0 0 1
outer loop
vertex -25.654077529907227 45.33997344970703 -4.099999904632568
vertex -62.67759323120117 36.236671447753906 -4.099999904632568
vertex -8.524652481079102 40.74271774291992 -4.099999904632568
endloop
endfacet
facet normal 0 0 1
outer loop
vertex 30.882158279418945 38.92399215698242 -4.099999904632568
vertex -24.817840576171875 -31.40100860595703 -4.099999904632568
vertex 7.682159423828125 -31.40100860595703 -4.099999904632568
endloop
endfacet
facet normal 0.500518333709696 0.8657259367839625 0
outer loop
vertex -63.09141159057617 36.645503997802734 -0.5
vertex -62.701759338378906 36.42022705078125 -0.5
vertex -62.701759338378906 36.42022705078125 -4.099999904632568
endloop
endfacet
facet normal -0.7896681187504899 -0.6135342388400686 0
outer loop
vertex -43.23061752319336 52.95302200317383 -4.099999904632568
vertex -43.23061752319336 52.95302200317383 -0.5
vertex -43.64497375488281 53.486331939697266 -0.5
endloop
endfacet
facet normal -0.6364856800080894 -0.7712885187429149 0
outer loop
vertex -43.64497375488281 53.486331939697266 -4.099999904632568
vertex -43.64497375488281 53.486331939697266 -0.5
vertex -44.03948211669922 53.8118896484375 -0.5
endloop
endfacet
facet normal 0.9962922091356845 0.0860339120087964 0
outer loop
vertex -64.07814025878906 -61.610782623291016 -0.5
vertex -64.07814025878906 -61.610782623291016 -4.099999904632568
vertex -64.11784362792969 -61.15100860595703 -4.099999904632568
endloop
endfacet
facet normal 0.7988000588887032 0.6015965973303075 0
outer loop
vertex -63.41083908081055 -62.97215270996094 -0.5
vertex -63.41083908081055 -62.97215270996094 -4.099999904632568
vertex -63.71855163574219 -62.56357192993164 -4.099999904632568
endloop
endfacet
facet normal 0.9648290200702896 0.26287822661872295 0
outer loop
vertex -63.94367980957031 -62.104286193847656 -0.5
vertex -63.94367980957031 -62.104286193847656 -4.099999904632568
vertex -64.07814025878906 -61.610782623291016 -4.099999904632568
endloop
endfacet
facet normal 0 0 1
outer loop
vertex -74.04110717773438 45.55379867553711 -4.099999904632568
vertex -43.23061752319336 52.95302200317383 -4.099999904632568
vertex -64.2430419921875 62.58955001831055 -4.099999904632568
endloop
endfacet
facet normal 0 0 1
outer loop
vertex -64.1106948852539 34.04171371459961 -4.099999904632568
vertex -64.11784362792969 -61.15100860595703 -4.099999904632568
vertex -7.025704860687256 36.54899215698242 -4.099999904632568
endloop
endfacet
facet normal -0.9999910828368921 -0.004223061294833017 0
outer loop
vertex -6.721244812011719 38.45858383178711 -0.5
vertex -6.721244812011719 38.45858383178711 -4.099999904632568
vertex -6.719084739685059 37.94709396362305 -0.5
endloop
endfacet
facet normal 0.9914444744170092 0.13052913141509942 0
outer loop
vertex -62.701759338378906 36.42022705078125 -4.099999904632568
vertex -62.701759338378906 36.42022705078125 -0.5
vertex -62.67759323120117 36.236671447753906 -0.5
endloop
endfacet
facet normal 0.6709931909863334 0.7414635106665586 0
outer loop
vertex -63.41083908081055 -62.97215270996094 -0.5
vertex -63.031585693359375 -63.31536102294922 -4.099999904632568
vertex -63.41083908081055 -62.97215270996094 -4.099999904632568
endloop
endfacet
facet normal 0.7414582975822421 -0.6709989515241014 0
outer loop
vertex 31.41780662536621 42.587738037109375 -0.5
vertex 31.41780662536621 42.587738037109375 -4.099999904632568
vertex 31.761016845703125 42.96698760986328 -4.099999904632568
endloop
endfacet
facet normal 1 0 0
outer loop
vertex 7.682159423828125 -31.40100860595703 -8.199999809265137
vertex 7.682159423828125 -46.40100860595703 -8.199999809265137
vertex 7.682159423828125 -31.40100860595703 -11.899999618530273
endloop
endfacet
facet normal 0 1 0
outer loop
vertex 74.18215942382812 -64.40100860595703 -0.5
vertex 70.55442810058594 -64.40100860595703 -5
vertex 70.55442810058594 -64.40100860595703 -0.5
endloop
endfacet
facet normal 0 -1 0
outer loop
vertex 7.682159423828125 -31.40100860595703 -8.199999809265137
vertex 7.682159423828125 -31.40100860595703 -11.899999618530273
vertex 74.18215942382812 -31.40100860595703 -4.099999904632568
endloop
endfacet
facet normal 0 -1 0
outer loop
vertex 7.682159423828125 -31.40100860595703 -4.099999904632568
vertex 7.682159423828125 -31.40100860595703 -8.199999809265137
vertex 74.18215942382812 -31.40100860595703 -4.099999904632568
endloop
endfacet
facet normal 0 0 1
outer loop
vertex 74.18215942382812 -31.40100860595703 -11.899999618530273
vertex 13.182159423828125 -46.40100860595703 -11.899999618530273
vertex 74.18215942382812 -64.40100860595703 -11.899999618530273
endloop
endfacet
facet normal 0 1 0
outer loop
vertex 74.18215942382812 -64.40100860595703 -11.899999618530273
vertex 13.182159423828125 -64.40100860595703 -8.199999809265137
vertex 13.182159423828125 -64.40100860595703 -0.5
endloop
endfacet
facet normal -1 0 0
outer loop
vertex 74.18215942382812 -31.40100860595703 -11.899999618530273
vertex 74.18215942382812 -64.40100860595703 -11.899999618530273
vertex 74.18215942382812 -64.10100555419922 -4.099999904632568
endloop
endfacet
facet normal 0 1 0
outer loop
vertex 74.18215942382812 -64.40100860595703 -11.899999618530273
vertex 13.182159423828125 -64.40100860595703 -0.5
vertex 58.55442428588867 -64.40100860595703 -5
endloop
endfacet
facet normal 0 1 0
outer loop
vertex 58.55442428588867 -64.40100860595703 -0.5
vertex 58.55442428588867 -64.40100860595703 -5
vertex 13.182159423828125 -64.40100860595703 -0.5
endloop
endfacet
facet normal 0 1 0
outer loop
vertex 74.18215942382812 -64.40100860595703 -11.899999618530273
vertex 58.55442428588867 -64.40100860595703 -5
vertex 70.55442810058594 -64.40100860595703 -5
endloop
endfacet
facet normal 0 1 0
outer loop
vertex 74.18215942382812 -64.40100860595703 -0.5
vertex 74.18215942382812 -64.40100860595703 -11.899999618530273
vertex 70.55442810058594 -64.40100860595703 -5
endloop
endfacet
facet normal 1 0 0
outer loop
vertex 13.182159423828125 -64.40100860595703 -11.899999618530273
vertex 13.182159423828125 -46.40100860595703 -11.899999618530273
vertex 13.182159423828125 -64.40100860595703 -8.199999809265137
endloop
endfacet
facet normal 0 0 1
outer loop
vertex 7.682159423828125 -46.40100860595703 -11.899999618530273
vertex 13.182159423828125 -46.40100860595703 -11.899999618530273
vertex 7.682159423828125 -31.40100860595703 -11.899999618530273
endloop
endfacet
facet normal 0 1 0
outer loop
vertex 13.182159423828125 -46.40100860595703 -8.199999809265137
vertex 7.682159423828125 -46.40100860595703 -11.899999618530273
vertex 7.682159423828125 -46.40100860595703 -8.199999809265137
endloop
endfacet
facet normal 1 0 0
outer loop
vertex 7.682159423828125 -46.40100860595703 -11.899999618530273
vertex 7.682159423828125 -31.40100860595703 -11.899999618530273
vertex 7.682159423828125 -46.40100860595703 -8.199999809265137
endloop
endfacet
facet normal 1 0 0
outer loop
vertex 13.182159423828125 -46.40100860595703 -8.199999809265137
vertex 13.182159423828125 -64.40100860595703 -8.199999809265137
vertex 13.182159423828125 -46.40100860595703 -11.899999618530273
endloop
endfacet
facet normal 0 1 0
outer loop
vertex 13.182159423828125 -46.40100860595703 -11.899999618530273
vertex 7.682159423828125 -46.40100860595703 -11.899999618530273
vertex 13.182159423828125 -46.40100860595703 -8.199999809265137
endloop
endfacet
facet normal 0 0 1
outer loop
vertex 13.182159423828125 -46.40100860595703 -11.899999618530273
vertex 13.182159423828125 -64.40100860595703 -11.899999618530273
vertex 74.18215942382812 -64.40100860595703 -11.899999618530273
endloop
endfacet
facet normal 0 1 0
outer loop
vertex 13.182159423828125 -64.40100860595703 -8.199999809265137
vertex 74.18215942382812 -64.40100860595703 -11.899999618530273
vertex 13.182159423828125 -64.40100860595703 -11.899999618530273
endloop
endfacet
facet normal -1 0 0
outer loop
vertex 74.18215942382812 -64.40100860595703 -11.899999618530273
vertex 74.18215942382812 -64.40100860595703 -0.5
vertex 74.18215942382812 -64.10100555419922 -4.099999904632568
endloop
endfacet
facet normal 0 -1 0
outer loop
vertex 74.18215942382812 -31.40100860595703 -4.099999904632568
vertex 7.682159423828125 -31.40100860595703 -11.899999618530273
vertex 74.18215942382812 -31.40100860595703 -11.899999618530273
endloop
endfacet
facet normal -1 0 0
outer loop
vertex 74.18215942382812 -31.40100860595703 -11.899999618530273
vertex 74.18215942382812 -64.10100555419922 -4.099999904632568
vertex 74.18215942382812 -31.40100860595703 -4.099999904632568
endloop
endfacet
facet normal -1 0 0
outer loop
vertex 74.18215942382812 -64.10100555419922 -0.5
vertex 74.18215942382812 -64.10100555419922 -4.099999904632568
vertex 74.18215942382812 -64.40100860595703 -0.5
endloop
endfacet
facet normal 0 0 1
outer loop
vertex 7.682159423828125 -31.40100860595703 -11.899999618530273
vertex 13.182159423828125 -46.40100860595703 -11.899999618530273
vertex 74.18215942382812 -31.40100860595703 -11.899999618530273
endloop
endfacet
facet normal 0 1 0
outer loop
vertex 1.932159185409546 -64.40100860595703 -5.699999809265137
vertex -24.817840576171875 -64.40100860595703 -8.199999809265137
vertex -24.817840576171875 -64.40100860595703 -0.5
endloop
endfacet
facet normal 0 1 0
outer loop
vertex 0.9321591854095459 -64.40100860595703 -6.699999809265137
vertex -24.817840576171875 -64.40100860595703 -8.199999809265137
vertex 1.0082796812057495 -64.40100860595703 -6.31731653213501
endloop
endfacet
facet normal 0 1 0
outer loop
vertex 1.0082796812057495 -64.40100860595703 -6.31731653213501
vertex -24.817840576171875 -64.40100860595703 -8.199999809265137
vertex 1.2250524759292603 -64.40100860595703 -5.992893218994141
endloop
endfacet
facet normal 0 1 0
outer loop
vertex 1.2250524759292603 -64.40100860595703 -5.992893218994141
vertex -24.817840576171875 -64.40100860595703 -8.199999809265137
vertex 1.5494757890701294 -64.40100860595703 -5.776120662689209
endloop
endfacet
facet normal 0 1 0
outer loop
vertex 1.5494757890701294 -64.40100860595703 -5.776120662689209
vertex -24.817840576171875 -64.40100860595703 -8.199999809265137
vertex 1.932159185409546 -64.40100860595703 -5.699999809265137
endloop
endfacet
facet normal 0 1 0
outer loop
vertex 1.932159185409546 -64.40100860595703 -5.699999809265137
vertex -24.817840576171875 -64.40100860595703 -0.5
vertex 9.432159423828125 -64.40100860595703 -5.699999809265137
endloop
endfacet
facet normal 1 0 0
outer loop
vertex -24.817840576171875 -31.40100860595703 -4.099999904632568
vertex -24.817840576171875 -64.40100860595703 -8.199999809265137
vertex -24.817840576171875 -31.40100860595703 -8.199999809265137
endloop
endfacet
facet normal 1 0 0
outer loop
vertex -24.817840576171875 -64.10100555419922 -4.099999904632568
vertex -24.817840576171875 -64.40100860595703 -8.199999809265137
vertex -24.817840576171875 -31.40100860595703 -4.099999904632568
endloop
endfacet
facet normal 1 0 0
outer loop
vertex -24.817840576171875 -64.40100860595703 -0.5
vertex -24.817840576171875 -64.10100555419922 -4.099999904632568
vertex -24.817840576171875 -64.10100555419922 -0.5
endloop
endfacet
facet normal 0 1 0
outer loop
vertex 13.182159423828125 -64.40100860595703 -0.5
vertex 10.139266014099121 -64.40100860595703 -5.992893218994141
vertex 9.814842224121094 -64.40100860595703 -5.776120662689209
endloop
endfacet
facet normal 0 1 0
outer loop
vertex 13.182159423828125 -64.40100860595703 -0.5
vertex 10.356039047241211 -64.40100860595703 -6.31731653213501
vertex 10.139266014099121 -64.40100860595703 -5.992893218994141
endloop
endfacet
facet normal 0 1 0
outer loop
vertex 9.432159423828125 -64.40100860595703 -5.699999809265137
vertex 13.182159423828125 -64.40100860595703 -0.5
vertex 9.814842224121094 -64.40100860595703 -5.776120662689209
endloop
endfacet
facet normal 0 1 0
outer loop
vertex 13.182159423828125 -64.40100860595703 -0.5
vertex 10.432159423828125 -64.40100860595703 -6.699999809265137
vertex 10.356039047241211 -64.40100860595703 -6.31731653213501
endloop
endfacet
facet normal 0 1 0
outer loop
vertex 10.682159423828125 -64.40100860595703 -8.199999809265137
vertex 13.182159423828125 -64.40100860595703 -0.5
vertex 13.182159423828125 -64.40100860595703 -8.199999809265137
endloop
endfacet
facet normal 0 1 0
outer loop
vertex 13.182159423828125 -64.40100860595703 -0.5
vertex 10.682159423828125 -64.40100860595703 -8.199999809265137
vertex 10.432159423828125 -64.40100860595703 -6.699999809265137
endloop
endfacet
facet normal 1 0 0
outer loop
vertex -24.817840576171875 -64.40100860595703 -0.5
vertex -24.817840576171875 -64.40100860595703 -8.199999809265137
vertex -24.817840576171875 -64.10100555419922 -4.099999904632568
endloop
endfacet
facet normal 0 1 0
outer loop
vertex 0.9321591854095459 -64.40100860595703 -6.699999809265137
vertex 0.9321591854095459 -64.40100860595703 -8.199999809265137
vertex 0.6821591854095459 -64.40100860595703 -8.199999809265137
endloop
endfacet
facet normal 0 0 1
outer loop
vertex -24.817840576171875 -31.40100860595703 -8.199999809265137
vertex 10.682159423828125 -55.40100860595703 -8.199999809265137
vertex -0.8678407669067383 -43.30100631713867 -8.199999809265137
endloop
endfacet
facet normal 0 0 1
outer loop
vertex 13.182159423828125 -46.40100860595703 -8.199999809265137
vertex 7.682159423828125 -46.40100860595703 -8.199999809265137
vertex 10.682159423828125 -55.40100860595703 -8.199999809265137
endloop
endfacet
facet normal 0 0 1
outer loop
vertex 10.682159423828125 -55.40100860595703 -8.199999809265137
vertex 10.682159423828125 -64.40100860595703 -8.199999809265137
vertex 13.182159423828125 -46.40100860595703 -8.199999809265137
endloop
endfacet
facet normal 0 0 1
outer loop
vertex -24.817840576171875 -31.40100860595703 -8.199999809265137
vertex 0.6821591854095459 -55.40100860595703 -8.199999809265137
vertex 10.682159423828125 -55.40100860595703 -8.199999809265137
endloop
endfacet
facet normal 0 1 0
outer loop
vertex 13.182159423828125 -64.40100860595703 -0.5
vertex 9.432159423828125 -64.40100860595703 -5.699999809265137
vertex -24.817840576171875 -64.40100860595703 -0.5
endloop
endfacet
facet normal 0 0 1
outer loop
vertex 3.23215913772583 -43.30100631713867 -8.199999809265137
vertex 7.682159423828125 -46.40100860595703 -8.199999809265137
vertex 7.682159423828125 -31.40100860595703 -8.199999809265137
endloop
endfacet
facet normal 0 0 1
outer loop
vertex 3.23215913772583 -43.30100631713867 -8.199999809265137
vertex -0.8678407669067383 -43.30100631713867 -8.199999809265137
vertex 7.682159423828125 -46.40100860595703 -8.199999809265137
endloop
endfacet
facet normal 0 0 1
outer loop
vertex -24.817840576171875 -64.40100860595703 -8.199999809265137
vertex 0.6821591854095459 -55.40100860595703 -8.199999809265137
vertex -24.817840576171875 -31.40100860595703 -8.199999809265137
endloop
endfacet
facet normal 0 0 1
outer loop
vertex -24.817840576171875 -64.40100860595703 -8.199999809265137
vertex 0.6821591854095459 -64.40100860595703 -8.199999809265137
vertex 0.6821591854095459 -55.40100860595703 -8.199999809265137
endloop
endfacet
facet normal 0 0 1
outer loop
vertex -0.8678407669067383 -43.30100631713867 -8.199999809265137
vertex 10.682159423828125 -55.40100860595703 -8.199999809265137
vertex 7.682159423828125 -46.40100860595703 -8.199999809265137
endloop
endfacet
facet normal 0 1 0
outer loop
vertex 0.6821591854095459 -64.40100860595703 -8.199999809265137
vertex -24.817840576171875 -64.40100860595703 -8.199999809265137
vertex 0.9321591854095459 -64.40100860595703 -6.699999809265137
endloop
endfacet
facet normal 0 0 1
outer loop
vertex 10.682159423828125 -64.40100860595703 -8.199999809265137
vertex 13.182159423828125 -64.40100860595703 -8.199999809265137
vertex 13.182159423828125 -46.40100860595703 -8.199999809265137
endloop
endfacet
facet normal 0 1 0
outer loop
vertex 10.682159423828125 -64.40100860595703 -8.199999809265137
vertex 10.432159423828125 -64.40100860595703 -8.199999809265137
vertex 10.432159423828125 -64.40100860595703 -6.699999809265137
endloop
endfacet
facet normal 0 0 1
outer loop
vertex 7.682159423828125 -31.40100860595703 -8.199999809265137
vertex 3.23215913772583 -33.501007080078125 -8.199999809265137
vertex 3.23215913772583 -43.30100631713867 -8.199999809265137
endloop
endfacet
facet normal 0 0 1
outer loop
vertex -24.817840576171875 -31.40100860595703 -8.199999809265137
vertex -0.8678407669067383 -43.30100631713867 -8.199999809265137
vertex -0.8678407669067383 -33.501007080078125 -8.199999809265137
endloop
endfacet
facet normal 0 0 1
outer loop
vertex -24.817840576171875 -31.40100860595703 -8.199999809265137
vertex -0.8678407669067383 -33.501007080078125 -8.199999809265137
vertex 3.23215913772583 -33.501007080078125 -8.199999809265137
endloop
endfacet
facet normal 0 0 1
outer loop
vertex 3.23215913772583 -33.501007080078125 -8.199999809265137
vertex 7.682159423828125 -31.40100860595703 -8.199999809265137
vertex -24.817840576171875 -31.40100860595703 -8.199999809265137
endloop
endfacet
facet normal 0 -1 0
outer loop
vertex -24.817840576171875 -31.40100860595703 -4.099999904632568
vertex -24.817840576171875 -31.40100860595703 -8.199999809265137
vertex 7.682159423828125 -31.40100860595703 -4.099999904632568
endloop
endfacet
facet normal 0 -1 0
outer loop
vertex 7.682159423828125 -31.40100860595703 -4.099999904632568
vertex -24.817840576171875 -31.40100860595703 -8.199999809265137
vertex 7.682159423828125 -31.40100860595703 -8.199999809265137
endloop
endfacet
facet normal 1 0 0
outer loop
vertex 0.6821591854095459 -55.40100860595703 -8.199999809265137
vertex 0.6821591854095459 -64.40100860595703 -8.199999809265137
vertex 0.6821591854095459 -64.40100860595703 -9.5
endloop
endfacet
facet normal 0 1 0
outer loop
vertex 1.0082796812057495 -64.40100860595703 -8.582683563232422
vertex 0.6821591854095459 -64.40100860595703 -9.5
vertex 0.6821591854095459 -64.40100860595703 -8.199999809265137
endloop
endfacet
facet normal 0 1 0
outer loop
vertex 0.9321591854095459 -64.40100860595703 -8.199999809265137
vertex 1.0082796812057495 -64.40100860595703 -8.582683563232422
vertex 0.6821591854095459 -64.40100860595703 -8.199999809265137
endloop
endfacet
facet normal 0 1 0
outer loop
vertex 0.6821591854095459 -64.40100860595703 -9.5
vertex 1.2250524759292603 -64.40100860595703 -8.907106399536133
vertex 1.5494757890701294 -64.40100860595703 -9.123879432678223
endloop
endfacet
facet normal 1 0 0
outer loop
vertex 0.6821591854095459 -64.40100860595703 -9.5
vertex 0.6821591854095459 -55.40100860595703 -9.5
vertex 0.6821591854095459 -55.40100860595703 -8.199999809265137
endloop
endfacet
facet normal 0 1 0
outer loop
vertex 10.682159423828125 -64.40100860595703 -9.5
vertex 9.432159423828125 -64.40100860595703 -9.199999809265137
vertex 9.814842224121094 -64.40100860595703 -9.123879432678223
endloop
endfacet
facet normal 0 1 0
outer loop
vertex 9.814842224121094 -64.40100860595703 -9.123879432678223
vertex 10.139266014099121 -64.40100860595703 -8.907106399536133
vertex 10.682159423828125 -64.40100860595703 -9.5
endloop
endfacet
facet normal 0 1 0
outer loop
vertex 1.5494757890701294 -64.40100860595703 -9.123879432678223
vertex 1.932159185409546 -64.40100860595703 -9.199999809265137
vertex 0.6821591854095459 -64.40100860595703 -9.5
endloop
endfacet
facet normal 0 1 0
outer loop
vertex 10.139266014099121 -64.40100860595703 -8.907106399536133
vertex 10.356039047241211 -64.40100860595703 -8.582683563232422
vertex 10.682159423828125 -64.40100860595703 -9.5
endloop
endfacet
facet normal 0 1 0
outer loop
vertex 10.356039047241211 -64.40100860595703 -8.582683563232422
vertex 10.432159423828125 -64.40100860595703 -8.199999809265137
vertex 10.682159423828125 -64.40100860595703 -9.5
endloop
endfacet
facet normal 0 1 0
outer loop
vertex 10.682159423828125 -64.40100860595703 -8.199999809265137
vertex 10.682159423828125 -64.40100860595703 -9.5
vertex 10.432159423828125 -64.40100860595703 -8.199999809265137
endloop
endfacet
facet normal -1 0 0
outer loop
vertex 10.682159423828125 -55.40100860595703 -9.5
vertex 10.682159423828125 -64.40100860595703 -9.5
vertex 10.682159423828125 -64.40100860595703 -8.199999809265137
endloop
endfacet
facet normal 0 1 0
outer loop
vertex 1.0082796812057495 -64.40100860595703 -8.582683563232422
vertex 1.2250524759292603 -64.40100860595703 -8.907106399536133
vertex 0.6821591854095459 -64.40100860595703 -9.5
endloop
endfacet
facet normal -1 0 0
outer loop
vertex 10.682159423828125 -55.40100860595703 -9.5
vertex 10.682159423828125 -64.40100860595703 -8.199999809265137
vertex 10.682159423828125 -55.40100860595703 -8.199999809265137
endloop
endfacet
facet normal 0 1 0
outer loop
vertex 1.932159185409546 -64.40100860595703 -9.199999809265137
vertex 9.432159423828125 -64.40100860595703 -9.199999809265137
vertex 0.6821591854095459 -64.40100860595703 -9.5
endloop
endfacet
facet normal 0 0 1
outer loop
vertex 0.6821591854095459 -64.40100860595703 -9.5
vertex 10.682159423828125 -64.40100860595703 -9.5
vertex 0.6821591854095459 -55.40100860595703 -9.5
endloop
endfacet
facet normal 0 1 0
outer loop
vertex 10.682159423828125 -64.40100860595703 -9.5
vertex 0.6821591854095459 -64.40100860595703 -9.5
vertex 9.432159423828125 -64.40100860595703 -9.199999809265137
endloop
endfacet
facet normal 0 -1 0
outer loop
vertex 10.682159423828125 -55.40100860595703 -8.199999809265137
vertex 0.6821591854095459 -55.40100860595703 -8.199999809265137
vertex 0.6821591854095459 -55.40100860595703 -9.5
endloop
endfacet
facet normal 0 -1 0
outer loop
vertex 0.6821591854095459 -55.40100860595703 -9.5
vertex 10.682159423828125 -55.40100860595703 -9.5
vertex 10.682159423828125 -55.40100860595703 -8.199999809265137
endloop
endfacet
facet normal 0 0 1
outer loop
vertex 0.6821591854095459 -55.40100860595703 -9.5
vertex 10.682159423828125 -64.40100860595703 -9.5
vertex 10.682159423828125 -55.40100860595703 -9.5
endloop
endfacet
facet normal 0 1 0
outer loop
vertex 3.23215913772583 -43.30100631713867 -10
vertex -0.8678407669067383 -43.30100631713867 -10
vertex -0.8678407669067383 -43.30100631713867 -8.199999809265137
endloop
endfacet
facet normal 0 0 1
outer loop
vertex -0.8678407669067383 -43.30100631713867 -10
vertex 3.23215913772583 -43.30100631713867 -10
vertex 2.432159185409546 -41.65100860595703 -10
endloop
endfacet
facet normal 0 0 1
outer loop
vertex -0.06784079223871231 -41.65100860595703 -10
vertex -0.8678407669067383 -43.30100631713867 -10
vertex 2.432159185409546 -41.65100860595703 -10
endloop
endfacet
facet normal 0 0 1
outer loop
vertex 2.432159185409546 -41.65100860595703 -10
vertex 3.23215913772583 -43.30100631713867 -10
vertex 3.23215913772583 -33.501007080078125 -10
endloop
endfacet
facet normal -1 0 0
outer loop
vertex 3.23215913772583 -33.501007080078125 -10
vertex 3.23215913772583 -43.30100631713867 -10
vertex 3.23215913772583 -43.30100631713867 -8.199999809265137
endloop
endfacet
facet normal 0 1 0
outer loop
vertex 3.23215913772583 -43.30100631713867 -10
vertex -0.8678407669067383 -43.30100631713867 -8.199999809265137
vertex 3.23215913772583 -43.30100631713867 -8.199999809265137
endloop
endfacet
facet normal 0 0 1
outer loop
vertex -0.8678407669067383 -33.501007080078125 -10
vertex -0.06784079223871231 -35.15100860595703 -10
vertex 3.23215913772583 -33.501007080078125 -10
endloop
endfacet
facet normal 0 0 1
outer loop
vertex 3.23215913772583 -33.501007080078125 -10
vertex -0.06784079223871231 -35.15100860595703 -10
vertex 2.432159185409546 -35.15100860595703 -10
endloop
endfacet
facet normal 0 0 1
outer loop
vertex 2.432159185409546 -35.15100860595703 -10
vertex 2.432159185409546 -41.65100860595703 -10
vertex 3.23215913772583 -33.501007080078125 -10
endloop
endfacet
facet normal 0 -1 0
outer loop
vertex -0.8678407669067383 -33.501007080078125 -10
vertex 3.23215913772583 -33.501007080078125 -10
vertex 3.23215913772583 -33.501007080078125 -8.199999809265137
endloop
endfacet
facet normal -1 0 0
outer loop
vertex 3.23215913772583 -33.501007080078125 -10
vertex 3.23215913772583 -43.30100631713867 -8.199999809265137
vertex 3.23215913772583 -33.501007080078125 -8.199999809265137
endloop
endfacet
facet normal 0 -1 0
outer loop
vertex -0.8678407669067383 -33.501007080078125 -8.199999809265137
vertex -0.8678407669067383 -33.501007080078125 -10
vertex 3.23215913772583 -33.501007080078125 -8.199999809265137
endloop
endfacet
facet normal 0 0 1
outer loop
vertex -0.8678407669067383 -43.30100631713867 -10
vertex -0.06784079223871231 -35.15100860595703 -10
vertex -0.8678407669067383 -33.501007080078125 -10
endloop
endfacet
facet normal 1 0 0
outer loop
vertex -0.8678407669067383 -33.501007080078125 -8.199999809265137
vertex -0.8678407669067383 -43.30100631713867 -10
vertex -0.8678407669067383 -33.501007080078125 -10
endloop
endfacet
facet normal 0 0 1
outer loop
vertex -0.8678407669067383 -43.30100631713867 -10
vertex -0.06784079223871231 -41.65100860595703 -10
vertex -0.06784079223871231 -35.15100860595703 -10
endloop
endfacet
facet normal 1 0 0
outer loop
vertex -0.8678407669067383 -43.30100631713867 -10
vertex -0.8678407669067383 -33.501007080078125 -8.199999809265137
vertex -0.8678407669067383 -43.30100631713867 -8.199999809265137
endloop
endfacet
facet normal 0 -1 0
outer loop
vertex -0.06784079223871231 -35.15100860595703 -10
vertex -0.06784079223871231 -35.15100860595703 -11.699999809265137
vertex 2.432159185409546 -35.15100860595703 -11.699999809265137
endloop
endfacet
facet normal 0 1 0
outer loop
vertex 2.432159185409546 -41.65100860595703 -10
vertex -0.06784079223871231 -41.65100860595703 -11.699999809265137
vertex -0.06784079223871231 -41.65100860595703 -10
endloop
endfacet
facet normal -1 0 0
outer loop
vertex 2.432159185409546 -41.65100860595703 -11.699999809265137
vertex 2.432159185409546 -41.65100860595703 -10
vertex 2.432159185409546 -35.15100860595703 -10
endloop
endfacet
facet normal -1 0 0
outer loop
vertex 2.432159185409546 -35.15100860595703 -11.699999809265137
vertex 2.432159185409546 -41.65100860595703 -11.699999809265137
vertex 2.432159185409546 -35.15100860595703 -10
endloop
endfacet
facet normal 1 0 0
outer loop
vertex -0.06784079223871231 -35.15100860595703 -10
vertex -0.06784079223871231 -41.65100860595703 -10
vertex -0.06784079223871231 -35.15100860595703 -11.699999809265137
endloop
endfacet
facet normal 0 -1 0
outer loop
vertex -0.06784079223871231 -35.15100860595703 -10
vertex 2.432159185409546 -35.15100860595703 -11.699999809265137
vertex 2.432159185409546 -35.15100860595703 -10
endloop
endfacet
facet normal 0 1 0
outer loop
vertex 2.432159185409546 -41.65100860595703 -11.699999809265137
vertex -0.06784079223871231 -41.65100860595703 -11.699999809265137
vertex 2.432159185409546 -41.65100860595703 -10
endloop
endfacet
facet normal 1 0 0
outer loop
vertex -0.06784079223871231 -41.65100860595703 -11.699999809265137
vertex -0.06784079223871231 -35.15100860595703 -11.699999809265137
vertex -0.06784079223871231 -41.65100860595703 -10
endloop
endfacet
facet normal -0.5555718998295418 0.8314684985733336 0
outer loop
vertex 5.535712718963623 -45.75456237792969 -11.699999809265137
vertex 5.535712718963623 -45.75456237792969 -24.010398864746094
vertex 5.373500823974609 -45.86294937133789 -11.699999809265137
endloop
endfacet
facet normal -0.8314715111157752 -0.5555673912342671 0
outer loop
vertex 5.535712718963623 -31.047454833984375 -21.681020736694336
vertex 5.64409875869751 -31.209667205810547 -21.70671272277832
vertex 5.64409875869751 -31.209667205810547 -11.699999809265137
endloop
endfacet
facet normal 0 0 -1
outer loop
vertex -0.06784079223871231 -41.65100860595703 -11.699999809265137
vertex -13.817840576171875 -45.90100860595703 -11.699999809265137
vertex -0.06784079223871231 -35.15100860595703 -11.699999809265137
endloop
endfacet
facet normal -0.19508570553829577 -0.9807861986664705 0
outer loop
vertex 5.182159423828125 -30.90100860595703 -11.699999809265137
vertex 5.182159423828125 -30.90100860595703 -21.657825469970703
vertex 5.373500823974609 -30.939067840576172 -11.699999809265137
endloop
endfacet
facet normal 0 0 -1
outer loop
vertex -13.817840576171875 -45.90100860595703 -11.699999809265137
vertex -14.009182929992676 -45.86294937133789 -11.699999809265137
vertex -13.817840576171875 -30.90100860595703 -11.699999809265137
endloop
endfacet
facet normal -0.5555718998295417 -0.8314684985733335 0
outer loop
vertex 5.373500823974609 -30.939067840576172 -11.699999809265137
vertex 5.373500823974609 -30.939067840576172 -21.663854598999023
vertex 5.535712718963623 -31.047454833984375 -11.699999809265137
endloop
endfacet
facet normal -0.9807847956467722 -0.19509275903559112 0
outer loop
vertex 5.64409875869751 -31.209667205810547 -11.699999809265137
vertex 5.64409875869751 -31.209667205810547 -21.70671272277832
vertex 5.682159423828125 -31.40100860595703 -11.699999809265137
endloop
endfacet
facet normal -0.8314715111157751 -0.5555673912342671 0
outer loop
vertex 5.535712718963623 -31.047454833984375 -11.699999809265137
vertex 5.535712718963623 -31.047454833984375 -21.681020736694336
vertex 5.64409875869751 -31.209667205810547 -11.699999809265137
endloop
endfacet
facet normal 0.8314715111157751 -0.5555673912342671 0
outer loop
vertex -14.279780387878418 -31.209667205810547 -21.70671272277832
vertex -14.171394348144531 -31.047454833984375 -21.681020736694336
vertex -14.171394348144531 -31.047454833984375 -11.699999809265137
endloop
endfacet
facet normal 0.9807852633251952 -0.19509040787318935 0
outer loop
vertex -14.317840576171875 -31.40100860595703 -21.737018585205078
vertex -14.279780387878418 -31.209667205810547 -21.70671272277832
vertex -14.279780387878418 -31.209667205810547 -11.699999809265137
endloop
endfacet
facet normal 1 0 0
outer loop
vertex -14.317840576171875 -31.40100860595703 -11.699999809265137
vertex -14.317840576171875 -45.40100860595703 -23.95440101623535
vertex -14.317840576171875 -31.40100860595703 -21.737018585205078
endloop
endfacet
facet normal 0 1 0
outer loop
vertex 5.182159423828125 -45.90100860595703 -24.033592224121094
vertex -13.817840576171875 -45.90100860595703 -11.699999809265137
vertex 5.182159423828125 -45.90100860595703 -11.699999809265137
endloop
endfacet
facet normal 1 0 0
outer loop
vertex -14.317840576171875 -45.40100860595703 -11.699999809265137
vertex -14.317840576171875 -45.40100860595703 -23.95440101623535
vertex -14.317840576171875 -31.40100860595703 -11.699999809265137
endloop
endfacet
facet normal 0.19508477021179677 0.9807863847094384 0
outer loop
vertex -13.817840576171875 -45.90100860595703 -11.699999809265137
vertex -13.817840576171875 -45.90100860595703 -24.033592224121094
vertex -14.009182929992676 -45.86294937133789 -11.699999809265137
endloop
endfacet
facet normal 0.5555730288971555 0.8314677441500905 0
outer loop
vertex -14.009182929992676 -45.86294937133789 -11.699999809265137
vertex -14.009182929992676 -45.86294937133789 -24.027565002441406
vertex -14.171394348144531 -45.75456237792969 -11.699999809265137
endloop
endfacet
facet normal 0.9807852633251952 0.19509040787318935 0
outer loop
vertex -14.279780387878418 -45.592350006103516 -11.699999809265137
vertex -14.279780387878418 -45.592350006103516 -23.98470687866211
vertex -14.317840576171875 -45.40100860595703 -11.699999809265137
endloop
endfacet
facet normal 0.8314715111157752 0.5555673912342671 0
outer loop
vertex -14.171394348144531 -45.75456237792969 -11.699999809265137
vertex -14.171394348144531 -45.75456237792969 -24.010398864746094
vertex -14.279780387878418 -45.592350006103516 -11.699999809265137
endloop
endfacet
facet normal 0 0 -1
outer loop
vertex 5.182159423828125 -30.90100860595703 -11.699999809265137
vertex 5.373500823974609 -30.939067840576172 -11.699999809265137
vertex 5.182159423828125 -45.90100860595703 -11.699999809265137
endloop
endfacet
facet normal 0 1 0
outer loop
vertex 5.182159423828125 -45.90100860595703 -24.033592224121094
vertex -13.817840576171875 -45.90100860595703 -24.033592224121094
vertex -13.817840576171875 -45.90100860595703 -11.699999809265137
endloop
endfacet
facet normal 0.9807852633251952 0.19509040787318935 0
outer loop
vertex -14.279780387878418 -45.592350006103516 -23.98470687866211
vertex -14.317840576171875 -45.40100860595703 -23.95440101623535
vertex -14.317840576171875 -45.40100860595703 -11.699999809265137
endloop
endfacet
facet normal 0.1950847702117968 0.9807863847094385 0
outer loop
vertex -13.817840576171875 -45.90100860595703 -24.033592224121094
vertex -14.009182929992676 -45.86294937133789 -24.027565002441406
vertex -14.009182929992676 -45.86294937133789 -11.699999809265137
endloop
endfacet
facet normal 0.5555730288971555 0.8314677441500905 0
outer loop
vertex -14.009182929992676 -45.86294937133789 -24.027565002441406
vertex -14.171394348144531 -45.75456237792969 -24.010398864746094
vertex -14.171394348144531 -45.75456237792969 -11.699999809265137
endloop
endfacet
facet normal 0.8314715111157752 0.5555673912342671 0
outer loop
vertex -14.171394348144531 -45.75456237792969 -24.010398864746094
vertex -14.279780387878418 -45.592350006103516 -23.98470687866211
vertex -14.279780387878418 -45.592350006103516 -11.699999809265137
endloop
endfacet
facet normal 0 0 -1
outer loop
vertex 5.535712718963623 -31.047454833984375 -11.699999809265137
vertex 5.373500823974609 -45.86294937133789 -11.699999809265137
vertex 5.373500823974609 -30.939067840576172 -11.699999809265137
endloop
endfacet
facet normal 0 0 -1
outer loop
vertex 5.535712718963623 -31.047454833984375 -11.699999809265137
vertex 5.64409875869751 -31.209667205810547 -11.699999809265137
vertex 5.535712718963623 -45.75456237792969 -11.699999809265137
endloop
endfacet
facet normal -0.19508570553829574 -0.9807861986664704 0
outer loop
vertex 5.182159423828125 -30.90100860595703 -21.657825469970703
vertex 5.373500823974609 -30.939067840576172 -21.663854598999023
vertex 5.373500823974609 -30.939067840576172 -11.699999809265137
endloop
endfacet
facet normal -0.8314715111157752 0.5555673912342671 0
outer loop
vertex 5.64409875869751 -45.592350006103516 -11.699999809265137
vertex 5.64409875869751 -45.592350006103516 -23.98470687866211
vertex 5.535712718963623 -45.75456237792969 -11.699999809265137
endloop
endfacet
facet normal 0 0 -1
outer loop
vertex -14.009182929992676 -45.86294937133789 -11.699999809265137
vertex -14.171394348144531 -45.75456237792969 -11.699999809265137
vertex -14.009182929992676 -30.939067840576172 -11.699999809265137
endloop
endfacet
facet normal -0.9807847956467722 0.1950927590355911 0
outer loop
vertex 5.682159423828125 -45.40100860595703 -11.699999809265137
vertex 5.682159423828125 -45.40100860595703 -23.95440101623535
vertex 5.64409875869751 -45.592350006103516 -11.699999809265137
endloop
endfacet
facet normal -0.19508570553829574 0.9807861986664705 0
outer loop
vertex 5.373500823974609 -45.86294937133789 -11.699999809265137
vertex 5.373500823974609 -45.86294937133789 -24.027565002441406
vertex 5.182159423828125 -45.90100860595703 -11.699999809265137
endloop
endfacet
facet normal -1 0 0
outer loop
vertex 5.682159423828125 -31.40100860595703 -21.737018585205078
vertex 5.682159423828125 -45.40100860595703 -23.95440101623535
vertex 5.682159423828125 -45.40100860595703 -11.699999809265137
endloop
endfacet
facet normal -0.9807847956467722 -0.1950927590355911 0
outer loop
vertex 5.64409875869751 -31.209667205810547 -21.70671272277832
vertex 5.682159423828125 -31.40100860595703 -21.737018585205078
vertex 5.682159423828125 -31.40100860595703 -11.699999809265137
endloop
endfacet
facet normal -0.9807847956467722 0.19509275903559112 0
outer loop
vertex 5.682159423828125 -45.40100860595703 -23.95440101623535
vertex 5.64409875869751 -45.592350006103516 -23.98470687866211
vertex 5.64409875869751 -45.592350006103516 -11.699999809265137
endloop
endfacet
facet normal -0.8314715111157752 0.5555673912342671 0
outer loop
vertex 5.64409875869751 -45.592350006103516 -23.98470687866211
vertex 5.535712718963623 -45.75456237792969 -24.010398864746094
vertex 5.535712718963623 -45.75456237792969 -11.699999809265137
endloop
endfacet
facet normal -0.5555718998295418 0.8314684985733336 0
outer loop
vertex 5.535712718963623 -45.75456237792969 -24.010398864746094
vertex 5.373500823974609 -45.86294937133789 -24.027565002441406
vertex 5.373500823974609 -45.86294937133789 -11.699999809265137
endloop
endfacet
facet normal -0.19508570553829574 0.9807861986664705 0
outer loop
vertex 5.373500823974609 -45.86294937133789 -24.027565002441406
vertex 5.182159423828125 -45.90100860595703 -24.033592224121094
vertex 5.182159423828125 -45.90100860595703 -11.699999809265137
endloop
endfacet
facet normal 0 -1 0
outer loop
vertex -13.817840576171875 -30.90100860595703 -11.699999809265137
vertex -13.817840576171875 -30.90100860595703 -21.657825469970703
vertex 5.182159423828125 -30.90100860595703 -11.699999809265137
endloop
endfacet
facet normal 0.19508477021179677 -0.9807863847094385 0
outer loop
vertex -14.009182929992676 -30.939067840576172 -11.699999809265137
vertex -14.009182929992676 -30.939067840576172 -21.663854598999023
vertex -13.817840576171875 -30.90100860595703 -11.699999809265137
endloop
endfacet
facet normal 0.5555730288971555 -0.8314677441500905 0
outer loop
vertex -14.171394348144531 -31.047454833984375 -11.699999809265137
vertex -14.171394348144531 -31.047454833984375 -21.681020736694336
vertex -14.009182929992676 -30.939067840576172 -11.699999809265137
endloop
endfacet
facet normal 0.8314715111157752 -0.5555673912342671 0
outer loop
vertex -14.279780387878418 -31.209667205810547 -11.699999809265137
vertex -14.279780387878418 -31.209667205810547 -21.70671272277832
vertex -14.171394348144531 -31.047454833984375 -11.699999809265137
endloop
endfacet
facet normal 0.9807852633251952 -0.19509040787318935 0
outer loop
vertex -14.317840576171875 -31.40100860595703 -11.699999809265137
vertex -14.317840576171875 -31.40100860595703 -21.737018585205078
vertex -14.279780387878418 -31.209667205810547 -11.699999809265137
endloop
endfacet
facet normal 0 0 -1
outer loop
vertex 5.182159423828125 -45.90100860595703 -11.699999809265137
vertex -0.06784079223871231 -41.65100860595703 -11.699999809265137
vertex 2.432159185409546 -41.65100860595703 -11.699999809265137
endloop
endfacet
facet normal 0 0 -1
outer loop
vertex 5.182159423828125 -45.90100860595703 -11.699999809265137
vertex 2.432159185409546 -41.65100860595703 -11.699999809265137
vertex 5.182159423828125 -30.90100860595703 -11.699999809265137
endloop
endfacet
facet normal 0 -1 0
outer loop
vertex -13.817840576171875 -30.90100860595703 -21.657825469970703
vertex 5.182159423828125 -30.90100860595703 -21.657825469970703
vertex 5.182159423828125 -30.90100860595703 -11.699999809265137
endloop
endfacet
facet normal 0 0 -1
outer loop
vertex 5.373500823974609 -45.86294937133789 -11.699999809265137
vertex 5.182159423828125 -45.90100860595703 -11.699999809265137
vertex 5.373500823974609 -30.939067840576172 -11.699999809265137
endloop
endfacet
facet normal 0 0 -1
outer loop
vertex 5.535712718963623 -45.75456237792969 -11.699999809265137
vertex 5.373500823974609 -45.86294937133789 -11.699999809265137
vertex 5.535712718963623 -31.047454833984375 -11.699999809265137
endloop
endfacet
facet normal 0.19508477021179674 -0.9807863847094384 0
outer loop
vertex -14.009182929992676 -30.939067840576172 -21.663854598999023
vertex -13.817840576171875 -30.90100860595703 -21.657825469970703
vertex -13.817840576171875 -30.90100860595703 -11.699999809265137
endloop
endfacet
facet normal 0 0 -1
outer loop
vertex -14.279780387878418 -45.592350006103516 -11.699999809265137
vertex -14.317840576171875 -45.40100860595703 -11.699999809265137
vertex -14.279780387878418 -31.209667205810547 -11.699999809265137
endloop
endfacet
facet normal 0 0 -1
outer loop
vertex -14.171394348144531 -45.75456237792969 -11.699999809265137
vertex -14.279780387878418 -45.592350006103516 -11.699999809265137
vertex -14.171394348144531 -31.047454833984375 -11.699999809265137
endloop
endfacet
facet normal 0 0 -1
outer loop
vertex 5.182159423828125 -45.90100860595703 -11.699999809265137
vertex -13.817840576171875 -45.90100860595703 -11.699999809265137
vertex -0.06784079223871231 -41.65100860595703 -11.699999809265137
endloop
endfacet
facet normal 0 0 -1
outer loop
vertex 5.64409875869751 -45.592350006103516 -11.699999809265137
vertex 5.535712718963623 -45.75456237792969 -11.699999809265137
vertex 5.64409875869751 -31.209667205810547 -11.699999809265137
endloop
endfacet
facet normal 0 0 -1
outer loop
vertex 5.682159423828125 -45.40100860595703 -11.699999809265137
vertex 5.64409875869751 -45.592350006103516 -11.699999809265137
vertex 5.682159423828125 -31.40100860595703 -11.699999809265137
endloop
endfacet
facet normal 0 0 -1
outer loop
vertex -0.06784079223871231 -35.15100860595703 -11.699999809265137
vertex -13.817840576171875 -45.90100860595703 -11.699999809265137
vertex 5.182159423828125 -30.90100860595703 -11.699999809265137
endloop
endfacet
facet normal 0.5555730288971555 -0.8314677441500905 0
outer loop
vertex -14.171394348144531 -31.047454833984375 -21.681020736694336
vertex -14.009182929992676 -30.939067840576172 -21.663854598999023
vertex -14.009182929992676 -30.939067840576172 -11.699999809265137
endloop
endfacet
facet normal 0 0 -1
outer loop
vertex 5.64409875869751 -31.209667205810547 -11.699999809265137
vertex 5.682159423828125 -31.40100860595703 -11.699999809265137
vertex 5.64409875869751 -45.592350006103516 -11.699999809265137
endloop
endfacet
facet normal -1 0 0
outer loop
vertex 5.682159423828125 -31.40100860595703 -11.699999809265137
vertex 5.682159423828125 -31.40100860595703 -21.737018585205078
vertex 5.682159423828125 -45.40100860595703 -11.699999809265137
endloop
endfacet
facet normal 0 0 -1
outer loop
vertex 5.182159423828125 -30.90100860595703 -11.699999809265137
vertex 2.432159185409546 -41.65100860595703 -11.699999809265137
vertex 2.432159185409546 -35.15100860595703 -11.699999809265137
endloop
endfacet
facet normal 0 0 -1
outer loop
vertex -13.817840576171875 -45.90100860595703 -11.699999809265137
vertex -13.817840576171875 -30.90100860595703 -11.699999809265137
vertex 5.182159423828125 -30.90100860595703 -11.699999809265137
endloop
endfacet
facet normal 0 0 -1
outer loop
vertex -14.279780387878418 -31.209667205810547 -11.699999809265137
vertex -14.317840576171875 -45.40100860595703 -11.699999809265137
vertex -14.317840576171875 -31.40100860595703 -11.699999809265137
endloop
endfacet
facet normal 0 0 -1
outer loop
vertex -14.171394348144531 -31.047454833984375 -11.699999809265137
vertex -14.279780387878418 -45.592350006103516 -11.699999809265137
vertex -14.279780387878418 -31.209667205810547 -11.699999809265137
endloop
endfacet
facet normal -0.5555718998295418 -0.8314684985733336 0
outer loop
vertex 5.373500823974609 -30.939067840576172 -21.663854598999023
vertex 5.535712718963623 -31.047454833984375 -21.681020736694336
vertex 5.535712718963623 -31.047454833984375 -11.699999809265137
endloop
endfacet
facet normal 0 0 -1
outer loop
vertex -14.009182929992676 -30.939067840576172 -11.699999809265137
vertex -14.171394348144531 -45.75456237792969 -11.699999809265137
vertex -14.171394348144531 -31.047454833984375 -11.699999809265137
endloop
endfacet
facet normal 0 0 -1
outer loop
vertex -13.817840576171875 -30.90100860595703 -11.699999809265137
vertex -14.009182929992676 -45.86294937133789 -11.699999809265137
vertex -14.009182929992676 -30.939067840576172 -11.699999809265137
endloop
endfacet
facet normal 0 0 -1
outer loop
vertex 5.182159423828125 -30.90100860595703 -11.699999809265137
vertex 2.432159185409546 -35.15100860595703 -11.699999809265137
vertex -0.06784079223871231 -35.15100860595703 -11.699999809265137
endloop
endfacet
facet normal 0.12449690742565327 -0.6960585069242381 0.7071089555223077
outer loop
vertex -3.1107239723205566 -71.69818115234375 -1
vertex -3.225571632385254 -71.21078491210938 -0.5
vertex -3.784233570098877 -71.31070709228516 -0.5
endloop
endfacet
facet normal 0.12449362389383772 -0.696061349543075 0.7071067354240468
outer loop
vertex -3.721188545227051 -71.80736541748047 -1
vertex -3.1107239723205566 -71.69818115234375 -1
vertex -3.784233570098877 -71.31070709228516 -0.5
endloop
endfacet
facet normal 0.19938296341500042 -0.6784135631053404 0.707107821548149
outer loop
vertex -2.5157368183135986 -71.5233154296875 -1
vertex -2.6828620433807373 -71.05128479003906 -0.5
vertex -3.225571632385254 -71.21078491210938 -0.5
endloop
endfacet
facet normal 0.19938421026452127 -0.6784122240607247 0.7071087546779309
outer loop
vertex -3.225571632385254 -71.21078491210938 -0.5
vertex -3.1107239723205566 -71.69818115234375 -1
vertex -2.5157368183135986 -71.5233154296875 -1
endloop
endfacet
facet normal 0.27191429023578595 -0.6527368176691346 0.7071048476886153
outer loop
vertex -1.9432721138000488 -71.28483581542969 -1
vertex -2.160696029663086 -70.8337631225586 -0.5
vertex -2.6828620433807373 -71.05128479003906 -0.5
endloop
endfacet
facet normal 0.27191775444882366 -0.6527321735108617 0.7071078025869151
outer loop
vertex -2.6828620433807373 -71.05128479003906 -0.5
vertex -2.5157368183135986 -71.5233154296875 -1
vertex -1.9432721138000488 -71.28483581542969 -1
endloop
endfacet
facet normal 0.34123602579595524 -0.6193195739716456 0.707107657994567
outer loop
vertex -1.4001085758209229 -70.98556518554688 -1
vertex -1.6652568578720093 -70.56078338623047 -0.5
vertex -2.160696029663086 -70.8337631225586 -0.5
endloop
endfacet
facet normal 0.3412333554940725 -0.6193241104856374 0.7071049733027126
outer loop
vertex -2.160696029663086 -70.8337631225586 -0.5
vertex -1.9432721138000488 -71.28483581542969 -1
vertex -1.4001085758209229 -70.98556518554688 -1
endloop
endfacet
facet normal 0.4065015127347297 -0.5785820646642631 0.7071062965305958
outer loop
vertex -0.8926776647567749 -70.6290512084961 -1
vertex -1.2024104595184326 -70.235595703125 -0.5
vertex -1.6652568578720093 -70.56078338623047 -0.5
endloop
endfacet
facet normal 0.4065024056650062 -0.5785800819443915 0.7071074055373652
outer loop
vertex -1.6652568578720093 -70.56078338623047 -0.5
vertex -1.4001085758209229 -70.98556518554688 -1
vertex -0.8926776647567749 -70.6290512084961 -1
endloop
endfacet
facet normal 0.46696050553980034 -0.5309914944515979 0.7071038955387481
outer loop
vertex -0.42698779702186584 -70.21951293945312 -1
vertex -0.7776377201080322 -69.86204528808594 -0.5
vertex -1.2024104595184326 -70.235595703125 -0.5
endloop
endfacet
facet normal 0.466964731130685 -0.5309784946302814 0.7071108669227248
outer loop
vertex -1.2024104595184326 -70.235595703125 -0.5
vertex -0.7170367240905762 -70.47459411621094 -1
vertex -0.42698779702186584 -70.21951293945312 -1
endloop
endfacet
facet normal 0.46695230421923223 -0.5309949886140444 0.7071066876017512
outer loop
vertex -1.2024104595184326 -70.235595703125 -0.5
vertex -0.8926776647567749 -70.6290512084961 -1
vertex -0.7170367240905762 -70.47459411621094 -1
endloop
endfacet
facet normal 0.5218918634834412 -0.47710731210970553 0.7071050102786951
outer loop
vertex -0.00855313055217266 -69.76180267333984 -1
vertex -0.39596810936927795 -69.44454956054688 -0.5
vertex -0.7776377201080322 -69.86204528808594 -0.5
endloop
endfacet
facet normal 0.5218915831934735 -0.4771086574074215 0.7071043094329843
outer loop
vertex -0.7776377201080322 -69.86204528808594 -0.5
vertex -0.42698779702186584 -70.21951293945312 -1
vertex -0.00855313055217266 -69.76180267333984 -1
endloop
endfacet
facet normal 0.5706415534628899 -0.41757361687816585 0.7071071290467567
outer loop
vertex 0.35767167806625366 -69.26133728027344 -1
vertex -0.0613403394818306 -68.98725891113281 -0.5
vertex -0.39596810936927795 -69.44454956054688 -0.5
endloop
endfacet
facet normal 0.570641201214199 -0.4175772542912457 0.7071052652720105
outer loop
vertex -0.39596810936927795 -69.44454956054688 -0.5
vertex -0.00855313055217266 -69.76180267333984 -1
vertex 0.35767167806625366 -69.26133728027344 -1
endloop
endfacet
facet normal 0.6112743530252062 -0.3556379237258905 0.7070115505008057
outer loop
vertex 0.8394985795021057 -68.43289184570312 -1
vertex 0.4074019193649292 -68.18157958984375 -0.5
vertex -0.0613403394818306 -68.98725891113281 -0.5
endloop
endfacet
facet normal 0.6112433200334567 -0.35550135546083106 0.7071070569439885
outer loop
vertex -0.0613403394818306 -68.98725891113281 -0.5
vertex 0.35767167806625366 -69.26133728027344 -1
vertex 0.8394985795021057 -68.43289184570312 -1
endloop
endfacet
facet normal 0.5803142284229923 -0.4063755270190555 0.7057579807057175
outer loop
vertex 0.4074019193649292 -68.18157958984375 -0.5
vertex 0.8394985795021057 -68.43289184570312 -1
vertex 0.4475570619106293 -68.12423706054688 -0.5
endloop
endfacet
facet normal 0.5561483731055579 -0.4379675162946463 0.706316814016727
outer loop
vertex 0.4475570619106293 -68.12423706054688 -0.5
vertex 0.8394985795021057 -68.43289184570312 -1
vertex 1.1267606019973755 -68.068115234375 -1
endloop
endfacet
facet normal 0.5561483821695855 -0.43796747799514457 0.7063168306282424
outer loop
vertex 0.4475570619106293 -68.12423706054688 -0.5
vertex 1.1267606019973755 -68.068115234375 -1
vertex 0.7348190546035767 -67.75946044921875 -0.5
endloop
endfacet
facet normal 0.5186652271292319 -0.4835706354985054 0.7050856846160996
outer loop
vertex 0.7348190546035767 -67.75946044921875 -0.5
vertex 1.1267606019973755 -68.068115234375 -1
vertex 0.7874493598937988 -67.70301055908203 -0.5
endloop
endfacet
facet normal 0.4821229172170636 -0.5187763224720873 0.7059947733067471
outer loop
vertex 0.7874493598937988 -67.70301055908203 -0.5
vertex 1.1267606019973755 -68.068115234375 -1
vertex 1.4668686389923096 -67.75203704833984 -1
endloop
endfacet
facet normal 0.4821229172170636 -0.5187763224720873 0.7059947733067471
outer loop
vertex 1.4668686389923096 -67.75203704833984 -1
vertex 1.127557396888733 -67.38693237304688 -0.5
vertex 0.7874493598937988 -67.70301055908203 -0.5
endloop
endfacet
facet normal 0.43936959908679046 -0.5569214493535648 0.7048353386772244
outer loop
vertex 1.127557396888733 -67.38693237304688 -0.5
vertex 1.4668686389923096 -67.75203704833984 -1
vertex 1.1881051063537598 -67.33916473388672 -0.5
endloop
endfacet
facet normal 0.39799438560030875 -0.584468564337001 0.7071046360564168
outer loop
vertex 1.8516759872436523 -67.49221801757812 -1
vertex 1.5718879699707031 -67.07782745361328 -0.5
vertex 1.1881051063537598 -67.33916473388672 -0.5
endloop
endfacet
facet normal 0.3964095815022617 -0.5871060308095992 0.7058087221621732
outer loop
vertex 1.1881051063537598 -67.33916473388672 -0.5
vertex 1.4668686389923096 -67.75203704833984 -1
vertex 1.8516759872436523 -67.49221801757812 -1
endloop
endfacet
facet normal 0.33478798631823004 -0.624919415607925 0.705260751930259
outer loop
vertex 1.5718879699707031 -67.07782745361328 -0.5
vertex 1.8516759872436523 -67.49221801757812 -1
vertex 1.6399890184402466 -67.04134368896484 -0.5
endloop
endfacet
facet normal 0.3010875460611759 -0.6412912845015128 0.705756174630629
outer loop
vertex 1.6399890184402466 -67.04134368896484 -0.5
vertex 1.8516759872436523 -67.49221801757812 -1
vertex 2.271965265274048 -67.29489135742188 -1
endloop
endfacet
facet normal 0.3031384366765033 -0.6388362608851953 0.707103471910263
outer loop
vertex 2.271965265274048 -67.29489135742188 -1
vertex 2.0594704151153564 -66.84229278564453 -0.5
vertex 1.6399890184402466 -67.04134368896484 -0.5
endloop
endfacet
facet normal 0.2354006296675229 -0.668665883156833 0.7053172904829614
outer loop
vertex 2.0594704151153564 -66.84229278564453 -0.5
vertex 2.271965265274048 -67.29489135742188 -1
vertex 2.132352113723755 -66.81663513183594 -0.5
endloop
endfacet
facet normal 0.19849373304829748 -0.6799895160564657 0.7058431100420578
outer loop
vertex 2.132352113723755 -66.81663513183594 -0.5
vertex 2.271965265274048 -67.29489135742188 -1
vertex 2.7176690101623535 -67.16478729248047 -1
endloop
endfacet
facet normal 0.19850300505635593 -0.6799814050285815 0.7058483164242529
outer loop
vertex 2.7176690101623535 -67.16478729248047 -1
vertex 2.5780558586120605 -66.6865234375 -0.5
vertex 2.132352113723755 -66.81663513183594 -0.5
endloop
endfacet
facet normal 0.18336202355828804 -0.6843098658662221 0.7057608488679171
outer loop
vertex 2.5780558586120605 -66.6865234375 -0.5
vertex 2.7176690101623535 -67.16478729248047 -1
vertex 2.630844831466675 -66.67237854003906 -0.5
endloop
endfacet
facet normal 0.09108181817574598 -0.7015806638593595 0.7067451269704382
outer loop
vertex 2.630844831466675 -66.67237854003906 -0.5
vertex 2.7176690101623535 -67.16478729248047 -1
vertex 3.1781110763549805 -67.10501098632812 -1
endloop
endfacet
facet normal 0.08979132154162986 -0.7024293324621798 0.7060669596239044
outer loop
vertex 3.1781110763549805 -67.10501098632812 -1
vertex 3.1139276027679443 -66.61062622070312 -0.5
vertex 2.630844831466675 -66.67237854003906 -0.5
endloop
endfacet
facet normal 0.0617718270947291 -0.7057546648103038 0.7057581699675
outer loop
vertex 3.1139276027679443 -66.61062622070312 -0.5
vertex 3.1781110763549805 -67.10501098632812 -1
vertex 3.1780827045440674 -66.60501098632812 -0.5
endloop
endfacet
facet normal 0.00004021710785760155 -0.7071093165454699 0.7071042446748447
outer loop
vertex 8.614861488342285 -67.10469818115234 -1
vertex 60.05442428588867 -66.60177612304688 -0.5
vertex 3.1780827045440674 -66.60501098632812 -0.5
endloop
endfacet
facet normal 0.000040861735615784785 -0.7071063257523887 0.7071072354397707
outer loop
vertex 69.05442810058594 -66.60126495361328 -0.5
vertex 73.55442810058594 -67.10100555419922 -1
vertex 73.54329681396484 -66.60100555419922 -0.5
endloop
endfacet
facet normal 0.000040760685459341823 -0.707106780599142 0.707106780599142
outer loop
vertex 73.55442810058594 -67.10100555419922 -1
vertex 69.05442810058594 -66.60126495361328 -0.5
vertex 69.05442810058594 -67.10126495361328 -1
endloop
endfacet
facet normal 0.0000406836149684883 -0.7071067794470934 0.7071067817556291
outer loop
vertex 3.1780827045440674 -66.60501098632812 -0.5
vertex 3.1781110763549805 -67.10501098632812 -1
vertex 8.614861488342285 -67.10469818115234 -1
endloop
endfacet
facet normal 0.00004016766448547212 -0.7071067806161099 0.7071067806161099
outer loop
vertex 8.614861488342285 -67.10469818115234 -1
vertex 60.05442428588867 -67.10177612304688 -1
vertex 60.05442428588867 -66.60177612304688 -0.5
endloop
endfacet
facet normal 0.03143104311150363 -0.7064022169166736 0.7071124362250544
outer loop
vertex 73.54329681396484 -66.60100555419922 -0.5
vertex 73.72623443603516 -67.09336853027344 -1
vertex 73.91913604736328 -67.08478546142578 -1
endloop
endfacet
facet normal 0.03140933953809314 -0.7064110030400662 0.7071046232161887
outer loop
vertex 73.91913604736328 -67.08478546142578 -1
vertex 73.86759948730469 -66.58658599853516 -0.5
vertex 73.54329681396484 -66.60100555419922 -0.5
endloop
endfacet
facet normal 0.031400811683098995 -0.7064084698218843 0.7071075326918435
outer loop
vertex 73.54329681396484 -66.60100555419922 -0.5
vertex 73.55442810058594 -67.10100555419922 -1
vertex 73.72623443603516 -67.09336853027344 -1
endloop
endfacet
facet normal 0.11384847231649053 -0.697882265235914 0.7071059816041656
outer loop
vertex 74.4312973022461 -67.00123596191406 -1
vertex 74.31179809570312 -66.51412200927734 -0.5
vertex 73.86759948730469 -66.58658599853516 -0.5
endloop
endfacet
facet normal 0.11384661299575977 -0.6978835841845816 0.7071049792181325
outer loop
vertex 73.86759948730469 -66.58658599853516 -0.5
vertex 73.91913604736328 -67.08478546142578 -1
vertex 74.4312973022461 -67.00123596191406 -1
endloop
endfacet
facet normal 0.2220375114560426 -0.6713421944866317 0.7071060750752189
outer loop
vertex 74.31179809570312 -66.51412200927734 -0.5
vertex 75.05149841308594 -66.79611206054688 -1
vertex 74.85144805908203 -66.33563995361328 -0.5
endloop
endfacet
facet normal 0.2220379966217972 -0.6713416195559962 0.7071064685803056
outer loop
vertex 74.31179809570312 -66.51412200927734 -0.5
vertex 74.4312973022461 -67.00123596191406 -1
vertex 75.05149841308594 -66.79611206054688 -1
endloop
endfacet
facet normal 0.3391847985999285 -0.620447588045048 0.707105694283258
outer loop
vertex 75.05149841308594 -66.79611206054688 -1
vertex 75.64694213867188 -66.47059631347656 -1
vertex 74.85144805908203 -66.33563995361328 -0.5
endloop
endfacet
facet normal 0.3391847075126046 -0.6204477524326171 0.7071055937347
outer loop
vertex 75.64694213867188 -66.47059631347656 -1
vertex 75.36762237548828 -66.05345916748047 -0.5
vertex 74.85144805908203 -66.33563995361328 -0.5
endloop
endfacet
facet normal 0.44451421183552775 -0.5499175156987738 0.7071052548269801
outer loop
vertex 75.36762237548828 -66.05345916748047 -0.5
vertex 75.64694213867188 -66.47059631347656 -1
vertex 76.14708709716797 -66.06631469726562 -1
endloop
endfacet
facet normal 0.44451626806474565 -0.5499119168702031 0.7071083163914351
outer loop
vertex 76.14708709716797 -66.06631469726562 -1
vertex 75.79881286621094 -65.70491027832031 -0.5
vertex 75.36762237548828 -66.05345916748047 -0.5
endloop
endfacet
facet normal 0.5330991055809523 -0.464546820242897 0.7071079093257282
outer loop
vertex 75.79881286621094 -65.70491027832031 -0.5
vertex 76.14708709716797 -66.06631469726562 -1
vertex 76.57625579833984 -65.57381439208984 -1
endloop
endfacet
facet normal 0.5330978183557512 -0.4645543483019036 0.7071039340423247
outer loop
vertex 76.57625579833984 -65.57381439208984 -1
vertex 76.16950988769531 -65.2795181274414 -0.5
vertex 75.79881286621094 -65.70491027832031 -0.5
endloop
endfacet
facet normal 0.6079710822200154 -0.3610685187294132 0.707107267652349
outer loop
vertex 76.92277526855469 -64.99034881591797 -1
vertex 76.46989440917969 -64.77372741699219 -0.5
vertex 76.16950988769531 -65.2795181274414 -0.5
endloop
endfacet
facet normal 0.6079712202061734 -0.3610733413168078 0.7071046864441874
outer loop
vertex 76.16950988769531 -65.2795181274414 -0.5
vertex 76.57625579833984 -65.57381439208984 -1
vertex 76.92277526855469 -64.99034881591797 -1
endloop
endfacet
facet normal 0.6626704423789652 -0.2467117756396509 0.7071076187950437
outer loop
vertex 76.46989440917969 -64.77372741699219 -0.5
vertex 76.92277526855469 -64.99034881591797 -1
vertex 76.57362365722656 -64.49510955810547 -0.5
endloop
endfacet
facet normal 0.6626678802758782 -0.24671490410172486 0.7071089283446724
outer loop
vertex 76.92277526855469 -64.99034881591797 -1
vertex 77.10712432861328 -64.49519348144531 -1
vertex 76.57362365722656 -64.49510955810547 -0.5
endloop
endfacet
facet normal 0.7071067680121763 -0.00011053406385400937 0.707106785721644
outer loop
vertex 77.26881408691406 -43.067893981933594 -1
vertex 76.76881408691406 -43.067813873291016 -0.5
vertex 77.26866912841797 -43.99522018432617 -1
endloop
endfacet
facet normal 0.7071067680122123 -0.00011053383650514748 0.7071067857216435
outer loop
vertex 77.27902221679688 21.21408462524414 -1
vertex 76.77902221679688 21.21416473388672 -0.5
vertex 76.77887725830078 20.286836624145508 -0.5
endloop
endfacet
facet normal 0.7071067680895955 -0.00011053402479045828 0.7071067856442309
outer loop
vertex 77.27561950683594 -0.21324174106121063 -1
vertex 76.77561950683594 -0.21316233277320862 -0.5
vertex 76.77547454833984 -1.140488862991333 -0.5
endloop
endfacet
facet normal 0.7071067680121763 -0.00011053406385400937 0.707106785721644
outer loop
vertex 77.26866912841797 -43.99522018432617 -1
vertex 76.76881408691406 -43.067813873291016 -0.5
vertex 76.76866912841797 -43.995140075683594 -0.5
endloop
endfacet
facet normal 0.7071067682230033 -0.00011053406388696559 0.707106785510817
outer loop
vertex 77.2720718383789 -22.567893981933594 -1
vertex 76.772216796875 -21.64048957824707 -0.5
vertex 76.7720718383789 -22.56781578063965 -0.5
endloop
endfacet
facet normal 0.7071067682230033 -0.00011053406388696559 0.707106785510817
outer loop
vertex 77.27902221679688 21.21408462524414 -1
vertex 76.77887725830078 20.286836624145508 -0.5
vertex 77.27887725830078 20.286758422851562 -1
endloop
endfacet
facet normal 0.6981507613034253 0.1122169704864691 0.7071017366873642
outer loop
vertex 77.11489868164062 42.343109130859375 -1
vertex 76.62757873535156 42.22433853149414 -0.5
vertex 76.70957946777344 41.714176177978516 -0.5
endloop
endfacet
facet normal 0.698144385474038 0.11222506295863262 0.7071067474398819
outer loop
vertex 77.21601104736328 41.71409606933594 -1
vertex 77.11489868164062 42.343109130859375 -1
vertex 76.70957946777344 41.714176177978516 -0.5
endloop
endfacet
facet normal 0.671490229369391 0.2215879448564819 0.707106536920515
outer loop
vertex 76.84513854980469 43.16059875488281 -1
vertex 76.38265228271484 42.966552734375 -0.5
vertex 76.62757873535156 42.22433853149414 -0.5
endloop
endfacet
facet normal 0.6714960098516736 0.2215842829336022 0.707102195096354
outer loop
vertex 76.62757873535156 42.22433853149414 -0.5
vertex 77.11489868164062 42.343109130859375 -1
vertex 76.84513854980469 43.16059875488281 -1
endloop
endfacet
facet normal 0.6285705600633724 0.32388095410469486 0.7071069074686308
outer loop
vertex 75.9885482788086 43.731407165527344 -0.5
vertex 76.84513854980469 43.16059875488281 -1
vertex 76.71908569335938 43.405235290527344 -1
endloop
endfacet
facet normal 0.6285703233582172 0.32387809135925294 0.7071084291187835
outer loop
vertex 75.9885482788086 43.731407165527344 -0.5
vertex 76.71908569335938 43.405235290527344 -1
vertex 76.41474914550781 43.995880126953125 -1
endloop
endfacet
facet normal 0.6285707155997062 0.3238815461692993 0.7071064980195396
outer loop
vertex 76.38265228271484 42.966552734375 -0.5
vertex 76.84513854980469 43.16059875488281 -1
vertex 75.9885482788086 43.731407165527344 -0.5
endloop
endfacet
facet normal 0.5692787382341596 0.419431490779547 0.7071060335882942
outer loop
vertex 75.90412139892578 44.68893051147461 -1
vertex 75.52491760253906 44.36067581176758 -0.5
vertex 75.9885482788086 43.731407165527344 -0.5
endloop
endfacet
facet normal 0.5692752952978307 0.4194323641035949 0.7071082873973669
outer loop
vertex 75.9885482788086 43.731407165527344 -0.5
vertex 76.41474914550781 43.995880126953125 -1
vertex 75.90412139892578 44.68893051147461 -1
endloop
endfacet
facet normal 0.4966799005713907 0.5032978684571341 0.7071070159282107
outer loop
vertex 75.23531341552734 45.34894561767578 -1
vertex 74.9124984741211 44.96504211425781 -0.5
vertex 75.52491760253906 44.36067581176758 -0.5
endloop
endfacet
facet normal 0.49668092109725037 0.5032978216869496 0.7071063323879645
outer loop
vertex 75.52491760253906 44.36067581176758 -0.5
vertex 75.90412139892578 44.68893051147461 -1
vertex 75.23531341552734 45.34894561767578 -1
endloop
endfacet
facet normal 0.4106050514850988 0.5756761721060227 0.7071070898840401
outer loop
vertex 74.9124984741211 44.96504211425781 -0.5
vertex 75.23531341552734 45.34894561767578 -1
vertex 74.53446960449219 45.84882736206055 -1
endloop
endfacet
facet normal 0.4106041416151988 0.5756761102982643 0.7071076685486495
outer loop
vertex 74.9124984741211 44.96504211425781 -0.5
vertex 74.53446960449219 45.84882736206055 -1
vertex 74.27615356445312 45.41891860961914 -0.5
endloop
endfacet
facet normal 0.3155244753897424 0.6328058037353546 0.707107573279257
outer loop
vertex 74.27615356445312 45.41891860961914 -0.5
vertex 74.53446960449219 45.84882736206055 -1
vertex 73.69356536865234 46.26811218261719 -1
endloop
endfacet
facet normal 0.31552520270703405 0.6328060053734896 0.7071070682859364
outer loop
vertex 73.69356536865234 46.26811218261719 -1
vertex 73.50614929199219 45.802852630615234 -0.5
vertex 74.27615356445312 45.41891860961914 -0.5
endloop
endfacet
facet normal 0.21121325910032202 0.6748264514142627 0.70710552228918
outer loop
vertex 73.50614929199219 45.802852630615234 -0.5
vertex 73.59848022460938 46.29787063598633 -1
vertex 72.87201690673828 46.525245666503906 -1
endloop
endfacet
facet normal 0.21119909399879455 0.6748299726975968 0.7071063927324156
outer loop
vertex 73.50614929199219 45.802852630615234 -0.5
vertex 73.69356536865234 46.26811218261719 -1
vertex 73.59848022460938 46.29787063598633 -1
endloop
endfacet
facet normal 0.21121277767883234 0.6748262568571736 0.7071058517657226
outer loop
vertex 72.87201690673828 46.525245666503906 -1
vertex 72.76020812988281 46.03632354736328 -0.5
vertex 73.50614929199219 45.802852630615234 -0.5
endloop
endfacet
facet normal 0.10307610640111993 0.6995532385801121 0.707107193204299
outer loop
vertex 71.94241333007812 46.6622200012207 -1
vertex 71.90569305419922 46.1622314453125 -0.5
vertex 72.40560150146484 46.593971252441406 -1
endloop
endfacet
facet normal 0.10307523861857673 0.6995537751315791 0.7071067888819054
outer loop
vertex 71.90569305419922 46.1622314453125 -0.5
vertex 72.76020812988281 46.03632354736328 -0.5
vertex 72.40560150146484 46.593971252441406 -1
endloop
endfacet
facet normal 0.10307828291942044 0.6995545901416351 0.7071055388003639
outer loop
vertex 72.76020812988281 46.03632354736328 -0.5
vertex 72.87201690673828 46.525245666503906 -1
vertex 72.40560150146484 46.593971252441406 -1
endloop
endfacet
facet normal 0.00021703771362045215 0.7071061941065212 0.7071073349575874
outer loop
vertex 33.59206771850586 46.67399215698242 -1
vertex 33.614295959472656 46.17398452758789 -0.5
vertex 71.90569305419922 46.1622314453125 -0.5
endloop
endfacet
facet normal 0.00021705599451012254 0.7071068863695864 0.70710664268935
outer loop
vertex 71.90569305419922 46.1622314453125 -0.5
vertex 71.94241333007812 46.6622200012207 -1
vertex 33.59206771850586 46.67399215698242 -1
endloop
endfacet
facet normal -0.06296993063831953 0.7042969915548283 0.7071071598578418
outer loop
vertex 33.614295959472656 46.17398452758789 -0.5
vertex 33.59206771850586 46.67399215698242 -1
vertex 32.56547927856445 46.58220672607422 -1
endloop
endfacet
facet normal -0.06296897466486306 0.7042981449043266 0.7071060962217622
outer loop
vertex 32.56547927856445 46.58220672607422 -1
vertex 32.651519775390625 46.08790588378906 -0.5
vertex 33.614295959472656 46.17398452758789 -0.5
endloop
endfacet
facet normal -0.1787031967533733 0.6841526535352123 0.707107003310569
outer loop
vertex 31.73257827758789 46.36465072631836 -1
vertex 31.897003173828125 45.89082336425781 -0.5
vertex 32.651519775390625 46.08790588378906 -0.5
endloop
endfacet
facet normal -0.1787005477042615 0.6841537982290129 0.7071065652495472
outer loop
vertex 32.651519775390625 46.08790588378906 -0.5
vertex 32.56547927856445 46.58220672607422 -1
vertex 32.04399490356445 46.44599533081055 -1
endloop
endfacet
facet normal -0.17870551333475052 0.6841494694520583 0.707109498558908
outer loop
vertex 32.651519775390625 46.08790588378906 -0.5
vertex 32.04399490356445 46.44599533081055 -1
vertex 31.73257827758789 46.36465072631836 -1
endloop
endfacet
facet normal -0.2834998387855822 0.6477866764497023 0.707106967313148
outer loop
vertex 31.897003173828125 45.89082336425781 -0.5
vertex 31.73257827758789 46.36465072631836 -1
vertex 31.108766555786133 45.54585647583008 -0.5
endloop
endfacet
facet normal -0.2835011436282736 0.6477871090777169 0.7071060478274777
outer loop
vertex 31.108766555786133 45.54585647583008 -0.5
vertex 31.73257827758789 46.36465072631836 -1
vertex 30.871763229370117 45.987918853759766 -1
endloop
endfacet
facet normal -0.38260994095293793 0.5946519152558081 0.7071058851166411
outer loop
vertex 30.451452255249023 45.122928619384766 -0.5
vertex 30.871763229370117 45.987918853759766 -1
vertex 30.1478214263916 45.52212142944336 -1
endloop
endfacet
facet normal -0.38260973395076425 0.5946518911389231 0.7071060174054719
outer loop
vertex 30.871763229370117 45.987918853759766 -1
vertex 30.451452255249023 45.122928619384766 -0.5
vertex 31.108766555786133 45.54585647583008 -0.5
endloop
endfacet
facet normal -0.4709004393757894 0.5274955305571163 0.7071076590151988
outer loop
vertex 29.809587478637695 44.5499267578125 -0.5
vertex 30.1478214263916 45.52212142944336 -1
vertex 29.446855545043945 44.8963623046875 -1
endloop
endfacet
facet normal -0.47090280897087367 0.5274955398161774 0.7071060740634184
outer loop
vertex 30.451452255249023 45.122928619384766 -0.5
vertex 30.1478214263916 45.52212142944336 -1
vertex 29.809587478637695 44.5499267578125 -0.5
endloop
endfacet
facet normal -0.5485703938914548 0.4461732006964296 0.7071067797200629
outer loop
vertex 28.903675079345703 44.228519439697266 -1
vertex 29.31467628479004 43.94143295288086 -0.5
vertex 29.809587478637695 44.5499267578125 -0.5
endloop
endfacet
facet normal -0.5485703879359751 0.4461718982229233 0.7071076061788102
outer loop
vertex 29.809587478637695 44.5499267578125 -0.5
vertex 29.446855545043945 44.8963623046875 -1
vertex 28.903675079345703 44.228519439697266 -1
endloop
endfacet
facet normal -0.6078595617937506 0.36198540386247197 0.706734264434966
outer loop
vertex 28.325090408325195 43.25587463378906 -1
vertex 28.754356384277344 43.00052261352539 -0.5
vertex 29.31467628479004 43.94143295288086 -0.5
endloop
endfacet
facet normal -0.6077152106249881 0.3615085501865848 0.7071023906882368
outer loop
vertex 29.31467628479004 43.94143295288086 -0.5
vertex 28.44878387451172 43.463809967041016 -1
vertex 28.325090408325195 43.25587463378906 -1
endloop
endfacet
facet normal -0.6077140358806462 0.361501694252631 0.707106905387109
outer loop
vertex 29.31467628479004 43.94143295288086 -0.5
vertex 28.903675079345703 44.228519439697266 -1
vertex 28.44878387451172 43.463809967041016 -1
endloop
endfacet
facet normal -0.5803436393346109 0.4063319140725513 0.7057589077652482
outer loop
vertex 28.754356384277344 43.00052261352539 -0.5
vertex 28.325090408325195 43.25587463378906 -1
vertex 28.71703338623047 42.94721603393555 -0.5
endloop
endfacet
facet normal -0.5561455529862359 0.4379697846969402 0.7063176279735269
outer loop
vertex 28.03782844543457 42.89109802246094 -1
vertex 28.429771423339844 42.58244323730469 -0.5
vertex 28.71703338623047 42.94721603393555 -0.5
endloop
endfacet
facet normal -0.5561464666573754 0.4379659240898415 0.7063193024126183
outer loop
vertex 28.03782844543457 42.89109802246094 -1
vertex 28.71703338623047 42.94721603393555 -0.5
vertex 28.325090408325195 43.25587463378906 -1
endloop
endfacet
facet normal -0.518659986665195 0.4835756072455531 0.7050861297100904
outer loop
vertex 28.03782844543457 42.89109802246094 -1
vertex 28.377140045166016 42.52599334716797 -0.5
vertex 28.429771423339844 42.58244323730469 -0.5
endloop
endfacet
facet normal -0.4831193082454176 0.5163323083084173 0.7071044345762306
outer loop
vertex 27.697721481323242 42.575016021728516 -1
vertex 28.038101196289062 42.208763122558594 -0.5
vertex 28.377140045166016 42.52599334716797 -0.5
endloop
endfacet
facet normal -0.4821267379975644 0.5187725362320188 0.7059949462703161
outer loop
vertex 28.377140045166016 42.52599334716797 -0.5
vertex 28.03782844543457 42.89109802246094 -1
vertex 27.697721481323242 42.575016021728516 -1
endloop
endfacet
facet normal -0.42773318894426676 0.5653351063270001 0.7052946452581415
outer loop
vertex 27.697721481323242 42.575016021728516 -1
vertex 27.976484298706055 42.16214370727539 -0.5
vertex 28.038101196289062 42.208763122558594 -0.5
endloop
endfacet
facet normal -0.39798631207710705 0.584474497211711 0.7071042762622646
outer loop
vertex 27.31291389465332 42.31520462036133 -1
vertex 27.592700958251953 41.900814056396484 -0.5
vertex 27.976484298706055 42.16214370727539 -0.5
endloop
endfacet
facet normal -0.3964015760166398 0.5871117780683406 0.7058084375983018
outer loop
vertex 27.31291389465332 42.31520462036133 -1
vertex 27.976484298706055 42.16214370727539 -0.5
vertex 27.697721481323242 42.575016021728516 -1
endloop
endfacet
facet normal -0.33484503365078394 0.6248853795456611 0.7052638271381003
outer loop
vertex 27.31291389465332 42.31520462036133 -1
vertex 27.524600982666016 41.864322662353516 -0.5
vertex 27.592700958251953 41.900814056396484 -0.5
endloop
endfacet
facet normal -0.3031288902424328 0.6388404471437005 0.7071037823358237
outer loop
vertex 26.892623901367188 42.11787796020508 -1
vertex 27.105119705200195 41.665279388427734 -0.5
vertex 27.524600982666016 41.864322662353516 -0.5
endloop
endfacet
facet normal -0.3010850316419334 0.6412870203506317 0.7057611219463596
outer loop
vertex 27.524600982666016 41.864322662353516 -0.5
vertex 27.31291389465332 42.31520462036133 -1
vertex 26.892623901367188 42.11787796020508 -1
endloop
endfacet
facet normal -0.23543114404241397 0.6686531473914583 0.7053191794488343
outer loop
vertex 26.892623901367188 42.11787796020508 -1
vertex 27.032238006591797 41.639617919921875 -0.5
vertex 27.105119705200195 41.665279388427734 -0.5
endloop
endfacet
facet normal -0.1985037767399237 0.6799836847257997 0.7058459032442639
outer loop
vertex 27.032238006591797 41.639617919921875 -0.5
vertex 26.892623901367188 42.11787796020508 -1
vertex 26.44692039489746 41.98776626586914 -1
endloop
endfacet
facet normal -0.19849914075335656 0.67998774025599 0.7058433000473485
outer loop
vertex 26.44692039489746 41.98776626586914 -1
vertex 26.58653450012207 41.5095100402832 -0.5
vertex 27.032238006591797 41.639617919921875 -0.5
endloop
endfacet
facet normal -0.14828169984915843 0.6936475495546095 0.7048869515650928
outer loop
vertex 26.58653450012207 41.5095100402832 -0.5
vertex 26.44692039489746 41.98776626586914 -1
vertex 26.511104583740234 41.493385314941406 -0.5
endloop
endfacet
facet normal -0.09117501836605896 0.7022530193874065 0.7060650202263383
outer loop
vertex 26.44692039489746 41.98776626586914 -1
vertex 26.050662994384766 41.4336051940918 -0.5
vertex 26.511104583740234 41.493385314941406 -0.5
endloop
endfacet
facet normal -0.09116895184309438 0.7022511056391307 0.7060677069859873
outer loop
vertex 26.050662994384766 41.4336051940918 -0.5
vertex 26.44692039489746 41.98776626586914 -1
vertex 25.986478805541992 41.9279899597168 -1
endloop
endfacet
facet normal -0.06174510803790408 0.7057575206553213 0.7057576522233687
outer loop
vertex 26.050662994384766 41.4336051940918 -0.5
vertex 25.986478805541992 41.9279899597168 -1
vertex 25.98665428161621 41.42800521850586 -0.5
endloop
endfacet
facet normal -0.00024895402216889765 0.7071175052637034 0.707096013120942
outer loop
vertex 14.609809875488281 41.42399978637695 -0.5
vertex 25.98665428161621 41.42800521850586 -0.5
vertex 25.986478805541992 41.9279899597168 -1
endloop
endfacet
facet normal -0.0002480933018280666 0.7071077522816485 0.707105766567427
outer loop
vertex 14.592066764831543 41.92399215698242 -1
vertex 14.609809875488281 41.42399978637695 -0.5
vertex 25.986478805541992 41.9279899597168 -1
endloop
endfacet
facet normal -0.049873623448663855 0.7053467330708725 0.7071057967732609
outer loop
vertex 14.609809875488281 41.42399978637695 -0.5
vertex 14.592066764831543 41.92399215698242 -1
vertex 14.024134635925293 41.88383483886719 -1
endloop
endfacet
facet normal -0.04987405029631789 0.7053464565740363 0.7071060424755906
outer loop
vertex 14.609809875488281 41.42399978637695 -0.5
vertex 14.024134635925293 41.88383483886719 -1
vertex 13.78249454498291 41.86674880981445 -1
endloop
endfacet
facet normal -0.04987605960464814 0.7053446156953538 0.7071077370442834
outer loop
vertex 13.78249454498291 41.86674880981445 -1
vertex 13.855789184570312 41.37068176269531 -0.5
vertex 14.609809875488281 41.42399978637695 -0.5
endloop
endfacet
facet normal -0.15623574120432565 0.6896297288662318 0.7071076510929738
outer loop
vertex 13.855789184570312 41.37068176269531 -0.5
vertex 13.78249454498291 41.86674880981445 -1
vertex 12.86607551574707 41.65913391113281 -1
endloop
endfacet
facet normal -0.1562339882245315 0.6896322138817386 0.7071056148129706
outer loop
vertex 12.86607551574707 41.65913391113281 -1
vertex 13.015449523925781 41.18030548095703 -0.5
vertex 13.855789184570312 41.37068176269531 -0.5
endloop
endfacet
facet normal -0.26358629331951655 0.6561409565673267 0.7071077082658564
outer loop
vertex 12.290163040161133 40.888938903808594 -0.5
vertex 12.86607551574707 41.65913391113281 -1
vertex 12.06727409362793 41.33823776245117 -1
endloop
endfacet
facet normal -0.2635894019805248 0.6561419377305078 0.7071056390065094
outer loop
vertex 12.86607551574707 41.65913391113281 -1
vertex 12.290163040161133 40.888938903808594 -0.5
vertex 13.015449523925781 41.18030548095703 -0.5
endloop
endfacet
facet normal -0.36295798400145485 0.6068444661569283 0.7071076974155439
outer loop
vertex 12.06727409362793 41.33823776245117 -1
vertex 11.260865211486816 40.855918884277344 -1
vertex 12.290163040161133 40.888938903808594 -0.5
endloop
endfacet
facet normal -0.3629586213944736 0.6068423967526672 0.7071091462135826
outer loop
vertex 11.260865211486816 40.855918884277344 -1
vertex 11.551268577575684 40.446998596191406 -0.5
vertex 12.290163040161133 40.888938903808594 -0.5
endloop
endfacet
facet normal -0.45336393461503166 0.5427280048186528 0.707041339368457
outer loop
vertex 10.475830078125 40.200016021728516 -1
vertex 10.796355247497559 39.81638717651367 -0.5
vertex 11.551268577575684 40.446998596191406 -0.5
endloop
endfacet
facet normal -0.4533733242467459 0.5426321615363259 0.7071088785525675
outer loop
vertex 11.551268577575684 40.446998596191406 -0.5
vertex 11.260865211486816 40.855918884277344 -1
vertex 10.475830078125 40.200016021728516 -1
endloop
endfacet
facet normal -0.4063692254436915 0.580319214133161 0.7057575095740497
outer loop
vertex 10.475830078125 40.200016021728516 -1
vertex 10.754593849182129 39.78714370727539 -0.5
vertex 10.796355247497559 39.81638717651367 -0.5
endloop
endfacet
facet normal -0.3964013644790469 0.5871114647592626 0.7058088170229833
outer loop
vertex 10.754593849182129 39.78714370727539 -0.5
vertex 10.475830078125 40.200016021728516 -1
vertex 10.091022491455078 39.94020462036133 -1
endloop
endfacet
facet normal -0.39798609845327526 0.5844741834881535 0.7071046558139723
outer loop
vertex 10.091022491455078 39.94020462036133 -1
vertex 10.370810508728027 39.525814056396484 -0.5
vertex 10.754593849182129 39.78714370727539 -0.5
endloop
endfacet
facet normal -0.33484133909585745 0.6248872356130066 0.7052639366935104
outer loop
vertex 10.091022491455078 39.94020462036133 -1
vertex 10.302709579467773 39.489322662353516 -0.5
vertex 10.370810508728027 39.525814056396484 -0.5
endloop
endfacet
facet normal -0.30108559143570895 0.6412867575281961 0.7057611219447995
outer loop
vertex 10.302709579467773 39.489322662353516 -0.5
vertex 10.091022491455078 39.94020462036133 -1
vertex 9.670733451843262 39.74287796020508 -1
endloop
endfacet
facet normal -0.30108186179942925 0.6412912110905207 0.7057586663112558
outer loop
vertex 9.670733451843262 39.74287796020508 -1
vertex 9.882420539855957 39.29199981689453 -0.5
vertex 10.302709579467773 39.489322662353516 -0.5
endloop
endfacet
facet normal -0.25196594267939004 0.6632183797016893 0.7047372166670014
outer loop
vertex 9.670733451843262 39.74287796020508 -1
vertex 9.810346603393555 39.264617919921875 -0.5
vertex 9.882420539855957 39.29199981689453 -0.5
endloop
endfacet
facet normal -0.20074801593097097 0.6780161845251853 0.7071027419135697
outer loop
vertex 9.225029945373535 39.61276626586914 -1
vertex 9.365141868591309 39.1328010559082 -0.5
vertex 9.810346603393555 39.264617919921875 -0.5
endloop
endfacet
facet normal -0.19850382978897071 0.6799838664477148 0.7058457132617069
outer loop
vertex 9.225029945373535 39.61276626586914 -1
vertex 9.810346603393555 39.264617919921875 -0.5
vertex 9.670733451843262 39.74287796020508 -1
endloop
endfacet
facet normal -0.13220126016421732 0.6963130279501515 0.7054580029441047
outer loop
vertex 9.225029945373535 39.61276626586914 -1
vertex 9.289213180541992 39.118385314941406 -0.5
vertex 9.365141868591309 39.1328010559082 -0.5
endloop
endfacet
facet normal -0.09117467345793169 0.7022503628178975 0.7060677069813991
outer loop
vertex 8.76458740234375 39.5529899597168 -1
vertex 8.828771591186523 39.0586051940918 -0.5
vertex 9.289213180541992 39.118385314941406 -0.5
endloop
endfacet
facet normal -0.09116912222245793 0.7022538725447143 0.7060649330260913
outer loop
vertex 9.289213180541992 39.118385314941406 -0.5
vertex 9.225029945373535 39.61276626586914 -1
vertex 8.76458740234375 39.5529899597168 -1
endloop
endfacet
facet normal -0.06142057580692037 0.7057927065987327 0.7057507833361443
outer loop
vertex 8.828771591186523 39.0586051940918 -0.5
vertex 8.76458740234375 39.5529899597168 -1
vertex 8.764421463012695 39.05300521850586 -0.5
endloop
endfacet
facet normal 0.00023479451795384575 0.7071175124092831 0.7070960108186451
outer loop
vertex 8.764421463012695 39.05300521850586 -0.5
vertex 8.76458740234375 39.5529899597168 -1
vertex -2.092054843902588 39.55659484863281 -1
endloop
endfacet
facet normal 0.00023479451795384575 0.7071175124092831 0.7070960108186451
outer loop
vertex 8.764421463012695 39.05300521850586 -0.5
vertex -2.092054843902588 39.55659484863281 -1
vertex -2.0922207832336426 39.056610107421875 -0.5
endloop
endfacet
facet normal 0.06174884759722902 0.7057579453006125 0.7057569004023069
outer loop
vertex -2.0922207832336426 39.056610107421875 -0.5
vertex -2.092054843902588 39.55659484863281 -1
vertex -2.153130054473877 39.06193923950195 -0.5
endloop
endfacet
facet normal 0.08678797652941986 0.7028929781204006 0.705981096375082
outer loop
vertex -2.153130054473877 39.06193923950195 -0.5
vertex -2.092054843902588 39.55659484863281 -1
vertex -2.399430274963379 39.594547271728516 -1
endloop
endfacet
facet normal 0.08677898684328549 0.7028913655446347 0.705983806956825
outer loop
vertex -2.399430274963379 39.594547271728516 -1
vertex -2.460505723953247 39.09988784790039 -0.5
vertex -2.153130054473877 39.06193923950195 -0.5
endloop
endfacet
facet normal 0.13527786892094443 0.6960472386596223 0.7051369652305307
outer loop
vertex -2.399430274963379 39.594547271728516 -1
vertex -2.523609161376953 39.112152099609375 -0.5
vertex -2.460505723953247 39.09988784790039 -0.5
endloop
endfacet
facet normal 0.17660420661197296 0.6860703391530236 0.7057750661091753
outer loop
vertex -2.8490774631500244 39.71029281616211 -1
vertex -2.523609161376953 39.112152099609375 -0.5
vertex -2.399430274963379 39.594547271728516 -1
endloop
endfacet
facet normal 0.1766104160996258 0.6860714866393935 0.7057723968430117
outer loop
vertex -2.523609161376953 39.112152099609375 -0.5
vertex -2.8490774631500244 39.71029281616211 -1
vertex -2.9732561111450195 39.227901458740234 -0.5
endloop
endfacet
facet normal 0.22781382969016634 0.6718573260506083 0.7047755617457423
outer loop
vertex -2.8490774631500244 39.71029281616211 -1
vertex -3.0462806224823 39.252662658691406 -0.5
vertex -2.9732561111450195 39.227901458740234 -0.5
endloop
endfacet
facet normal 0.2803056596330602 0.6504767417039891 0.7059098707907667
outer loop
vertex -3.0462806224823 39.252662658691406 -0.5
vertex -2.8490774631500244 39.71029281616211 -1
vertex -3.2754788398742676 39.894039154052734 -1
endloop
endfacet
facet normal 0.2803056596330602 0.6504767417039891 0.7059098707907667
outer loop
vertex -3.2754788398742676 39.894039154052734 -1
vertex -3.472681999206543 39.43640899658203 -0.5
vertex -3.0462806224823 39.252662658691406 -0.5
endloop
endfacet
facet normal 0.32710097557750856 0.6292937273433855 0.7049782666880667
outer loop
vertex -3.472681999206543 39.43640899658203 -0.5
vertex -3.2754788398742676 39.894039154052734 -1
vertex -3.5411393642425537 39.47199249267578 -0.5
endloop
endfacet
facet normal 0.3771744774807908 0.5992027282265795 0.7061837608037417
outer loop
vertex -3.5411393642425537 39.47199249267578 -0.5
vertex -3.2754788398742676 39.894039154052734 -1
vertex -3.6684203147888184 40.141380310058594 -1
endloop
endfacet
facet normal 0.3771742656685986 0.5992027552967096 0.7061838509638867
outer loop
vertex -3.6684203147888184 40.141380310058594 -1
vertex -3.9340810775756836 39.71933364868164 -0.5
vertex -3.5411393642425537 39.47199249267578 -0.5
endloop
endfacet
facet normal 0.4063490385350815 0.5803333574415794 0.7057575030576713
outer loop
vertex -3.6684203147888184 40.141380310058594 -1
vertex -3.989814281463623 39.758358001708984 -0.5
vertex -3.9340810775756836 39.71933364868164 -0.5
endloop
endfacet
facet normal 0.4648484659833833 0.5335187996387134 0.7065929479586968
outer loop
vertex -4.018490314483643 40.44639205932617 -1
vertex -4.346471786499023 40.0699577331543 -0.5
vertex -3.6684203147888184 40.141380310058594 -1
endloop
endfacet
facet normal 0.4652769553964516 0.5325566786994805 0.707036589399436
outer loop
vertex -4.346471786499023 40.0699577331543 -0.5
vertex -3.989814281463623 39.758358001708984 -0.5
vertex -3.6684203147888184 40.141380310058594 -1
endloop
endfacet
facet normal 0.500938754222425 0.5009649667435766 0.7057580793825121
outer loop
vertex -4.346471786499023 40.0699577331543 -0.5
vertex -4.018490314483643 40.44639205932617 -1
vertex -4.401150703430176 40.1246337890625 -0.5
endloop
endfacet
facet normal 0.5412340438644041 0.45509159039632263 0.7070766253474442
outer loop
vertex -4.317302703857422 40.80176544189453 -1
vertex -4.401150703430176 40.1246337890625 -0.5
vertex -4.018490314483643 40.44639205932617 -1
endloop
endfacet
facet normal 0.5412377788962067 0.45508984587564727 0.7070748891569976
outer loop
vertex -4.317302703857422 40.80176544189453 -1
vertex -4.699963092803955 40.480010986328125 -0.5
vertex -4.401150703430176 40.1246337890625 -0.5
endloop
endfacet
facet normal 0.5797803443779095 0.4071727825161061 0.7057372580862685
outer loop
vertex -4.699963092803955 40.480010986328125 -0.5
vertex -4.317302703857422 40.80176544189453 -1
vertex -4.7370219230651855 40.532779693603516 -0.5
endloop
endfacet
facet normal 0.5962250600401924 0.3821027746251223 0.7060546348575668
outer loop
vertex -4.7370219230651855 40.532779693603516 -0.5
vertex -4.317302703857422 40.80176544189453 -1
vertex -4.746784687042236 41.471920013427734 -1
endloop
endfacet
facet normal 0.5945657121015533 0.38266728432546177 0.7071473421431697
outer loop
vertex -4.746784687042236 41.471920013427734 -1
vertex -5.151614189147949 41.17694854736328 -0.5
vertex -4.7370219230651855 40.532779693603516 -0.5
endloop
endfacet
facet normal 0.5456058800686866 0.449791678345938 0.7071079618595865
outer loop
vertex -5.151614189147949 41.17694854736328 -0.5
vertex -5.2251410484313965 42.05217742919922 -1
vertex -5.655149459838867 41.78774642944336 -0.5
endloop
endfacet
facet normal 0.5456073293874437 0.44979129906685916 0.7071070848198657
outer loop
vertex -5.151614189147949 41.17694854736328 -0.5
vertex -4.746784687042236 41.471920013427734 -1
vertex -5.2251410484313965 42.05217742919922 -1
endloop
endfacet
facet normal 0.5456015047187835 0.449797806322742 0.7071074398391296
outer loop
vertex -5.294372081756592 42.13615417480469 -1
vertex -5.655149459838867 41.78774642944336 -0.5
vertex -5.2251410484313965 42.05217742919922 -1
endloop
endfacet
facet normal 0.4685495051945267 0.5295873907372831 0.707105760656806
outer loop
vertex -5.998116493225098 42.758785247802734 -1
vertex -6.299558162689209 42.35788345336914 -0.5
vertex -5.655149459838867 41.78774642944336 -0.5
endloop
endfacet
facet normal 0.4685473136978853 0.5295873717573072 0.7071072270184228
outer loop
vertex -5.655149459838867 41.78774642944336 -0.5
vertex -5.294372081756592 42.13615417480469 -1
vertex -5.998116493225098 42.758785247802734 -1
endloop
endfacet
facet normal 0.37866760155263424 0.5971699303147803 0.7071060188275984
outer loop
vertex -6.725123882293701 43.219783782958984 -1
vertex -6.959657669067383 42.77645492553711 -0.5
vertex -6.299558162689209 42.35788345336914 -0.5
endloop
endfacet
facet normal 0.378668077097663 0.5971699887529855 0.7071057148120905
outer loop
vertex -6.299558162689209 42.35788345336914 -0.5
vertex -5.998116493225098 42.758785247802734 -1
vertex -6.725123882293701 43.219783782958984 -1
endloop
endfacet
facet normal 0.2806151106956413 0.6490399609112083 0.7071083996033777
outer loop
vertex -7.752570152282715 43.11927032470703 -0.5
vertex -6.725123882293701 43.219783782958984 -1
vertex -7.587606906890869 43.592681884765625 -1
endloop
endfacet
facet normal 0.28061360108177813 0.6490432687577801 0.7071059624753085
outer loop
vertex -6.725123882293701 43.219783782958984 -1
vertex -7.752570152282715 43.11927032470703 -0.5
vertex -6.959657669067383 42.77645492553711 -0.5
endloop
endfacet
facet normal 0.18392940639811972 0.6841410953177756 0.7057768309879758
outer loop
vertex -23.35546112060547 47.82987594604492 -1
vertex -23.516366958618164 47.357322692871094 -0.5
vertex -7.752570152282715 43.11927032470703 -0.5
endloop
endfacet
facet normal 0.18350557041045173 0.6828785842211197 0.7071085806582281
outer loop
vertex -7.752570152282715 43.11927032470703 -0.5
vertex -7.587606906890869 43.592681884765625 -1
vertex -23.35546112060547 47.82987594604492 -1
endloop
endfacet
facet normal 0.22809913965102613 0.6699038667245939 0.7065405804608105
outer loop
vertex -23.516366958618164 47.357322692871094 -0.5
vertex -23.732208251953125 47.958160400390625 -1
vertex -23.89311408996582 47.48560333251953 -0.5
endloop
endfacet
facet normal 0.22810604164370618 0.6699042161472452 0.7065380208833667
outer loop
vertex -23.516366958618164 47.357322692871094 -0.5
vertex -23.35546112060547 47.82987594604492 -1
vertex -23.732208251953125 47.958160400390625 -1
endloop
endfacet
facet normal 0.28323284150833977 0.6498437887769918 0.7053241862286279
outer loop
vertex -23.89311408996582 47.48560333251953 -0.5
vertex -23.732208251953125 47.958160400390625 -1
vertex -23.95883560180664 47.51424789428711 -0.5
endloop
endfacet
facet normal 0.3220258679774129 0.6307821265747328 0.7059838873141876
outer loop
vertex -23.95883560180664 47.51424789428711 -0.5
vertex -24.145742416381836 48.16927719116211 -1
vertex -24.37236976623535 47.725364685058594 -0.5
endloop
endfacet
facet normal 0.3220258679774129 0.6307821265747328 0.7059838873141876
outer loop
vertex -23.95883560180664 47.51424789428711 -0.5
vertex -23.732208251953125 47.958160400390625 -1
vertex -24.145742416381836 48.16927719116211 -1
endloop
endfacet
facet normal 0.3703175186529953 0.6049349668539971 0.7049245500449264
outer loop
vertex -24.145742416381836 48.16927719116211 -1
vertex -24.4344482421875 47.76336669921875 -0.5
vertex -24.37236976623535 47.725364685058594 -0.5
endloop
endfacet
facet normal 0.40984141287464104 0.5762219969021583 0.7071055271874257
outer loop
vertex -24.145742416381836 48.16927719116211 -1
vertex -24.628082275390625 48.51234436035156 -1
vertex -24.899948120117188 48.092140197753906 -0.5
endloop
endfacet
facet normal 0.40870257773852386 0.5786689039551272 0.7057651893833088
outer loop
vertex -24.145742416381836 48.16927719116211 -1
vertex -24.899948120117188 48.092140197753906 -0.5
vertex -24.4344482421875 47.76336669921875 -0.5
endloop
endfacet
facet normal 0.3576270743978793 0.610001325848269 0.7071076708118557
outer loop
vertex -25.66016387939453 48.5378303527832 -0.5
vertex -24.628082275390625 48.51234436035156 -1
vertex -25.43868637084961 48.987579345703125 -1
endloop
endfacet
facet normal 0.35762608309991645 0.6100044643869555 0.7071054646335262
outer loop
vertex -24.628082275390625 48.51234436035156 -1
vertex -25.66016387939453 48.5378303527832 -0.5
vertex -24.899948120117188 48.092140197753906 -0.5
endloop
endfacet
facet normal 0.2654998462121713 0.6553690656595611 0.7071076434587787
outer loop
vertex -25.66016387939453 48.5378303527832 -0.5
vertex -25.43868637084961 48.987579345703125 -1
vertex -40.936988830566406 55.26617431640625 -1
endloop
endfacet
facet normal 0.26587905617310986 0.6561646128250845 0.7062268250106357
outer loop
vertex -25.66016387939453 48.5378303527832 -0.5
vertex -40.936988830566406 55.26617431640625 -1
vertex -41.12425994873047 54.80390930175781 -0.5
endloop
endfacet
facet normal 0.29941790714877475 0.6420704532921083 0.7057580675329997
outer loop
vertex -41.12425994873047 54.80390930175781 -0.5
vertex -40.936988830566406 55.26617431640625 -1
vertex -41.18198776245117 54.83082962036133 -0.5
endloop
endfacet
facet normal 0.34694915729353837 0.6165040207129729 0.7067878569259957
outer loop
vertex -41.34162139892578 55.49388885498047 -1
vertex -41.18198776245117 54.83082962036133 -0.5
vertex -40.936988830566406 55.26617431640625 -1
endloop
endfacet
facet normal 0.34694915729353837 0.6165040207129729 0.7067878569259957
outer loop
vertex -41.34162139892578 55.49388885498047 -1
vertex -41.58662033081055 55.05854415893555 -0.5
vertex -41.18198776245117 54.83082962036133 -0.5
endloop
endfacet
facet normal 0.3991764554043965 0.5856170921127176 0.705486200344292
outer loop
vertex -41.34162139892578 55.49388885498047 -1
vertex -41.649658203125 55.10151290893555 -0.5
vertex -41.58662033081055 55.05854415893555 -0.5
endloop
endfacet
facet normal 0.43714754257099525 0.5568295447525142 0.7062881027702844
outer loop
vertex -42.39667892456055 56.32217788696289 -1
vertex -41.649658203125 55.10151290893555 -0.5
vertex -41.34162139892578 55.49388885498047 -1
endloop
endfacet
facet normal 0.436136067576769 0.5565550858135262 0.707129243500628
outer loop
vertex -42.39667892456055 56.32217788696289 -1
vertex -42.677589416503906 55.90703582763672 -0.5
vertex -41.649658203125 55.10151290893555 -0.5
endloop
endfacet
facet normal 0.35392550631613395 0.6121570907873062 0.7071070867822568
outer loop
vertex -42.677589416503906 55.90703582763672 -0.5
vertex -42.39667892456055 56.32217788696289 -1
vertex -59.14869689941406 66.0075454711914 -1
endloop
endfacet
facet normal 0.35392462894986554 0.6121557396884874 0.7071086955971769
outer loop
vertex -59.14869689941406 66.0075454711914 -1
vertex -59.390254974365234 65.56964874267578 -0.5
vertex -42.677589416503906 55.90703582763672 -0.5
endloop
endfacet
facet normal 0.32902504891440704 0.6258942099891781 0.7071060423224332
outer loop
vertex -59.54677200317383 66.21680450439453 -1
vertex -59.75289535522461 65.76028442382812 -0.5
vertex -59.390254974365234 65.56964874267578 -0.5
endloop
endfacet
facet normal 0.3290185956898098 0.6258946608578592 0.7071086459660431
outer loop
vertex -59.390254974365234 65.56964874267578 -0.5
vertex -59.14869689941406 66.0075454711914 -1
vertex -59.54677200317383 66.21680450439453 -1
endloop
endfacet
facet normal 0.2518954481194377 0.6607234747495897 0.7071019538450845
outer loop
vertex -60.42659378051758 66.5522232055664 -1
vertex -60.56740188598633 66.07080841064453 -0.5
vertex -59.75289535522461 65.76028442382812 -0.5
endloop
endfacet
facet normal 0.2518899772624199 0.660721321488087 0.707105914758018
outer loop
vertex -59.75289535522461 65.76028442382812 -0.5
vertex -59.54677200317383 66.21680450439453 -1
vertex -60.42659378051758 66.5522232055664 -1
endloop
endfacet
facet normal 0.1438538398956528 0.6923220572608739 0.7071041237168307
outer loop
vertex -61.26943588256836 66.72735595703125 -1
vertex -61.332637786865234 66.22981262207031 -0.5
vertex -60.56740188598633 66.07080841064453 -0.5
endloop
endfacet
facet normal 0.1438567608839946 0.6923235872418878 0.707102031461153
outer loop
vertex -60.56740188598633 66.07080841064453 -0.5
vertex -60.42659378051758 66.5522232055664 -1
vertex -61.26943588256836 66.72735595703125 -1
endloop
endfacet
facet normal 0.03380775904685779 0.7062981337594423 0.7071067682296348
outer loop
vertex -62.208003997802734 66.77228546142578 -1
vertex -62.19207000732422 66.27095031738281 -0.5
vertex -61.332637786865234 66.22981262207031 -0.5
endloop
endfacet
facet normal 0.03381079770361266 0.7063006169975258 0.707104142533163
outer loop
vertex -61.26943588256836 66.72735595703125 -1
vertex -62.208003997802734 66.77228546142578 -1
vertex -61.332637786865234 66.22981262207031 -0.5
endloop
endfacet
facet normal -0.07859241921139574 0.7027256467467228 0.7071067083877091
outer loop
vertex -62.19207000732422 66.27095031738281 -0.5
vertex -62.208003997802734 66.77228546142578 -1
vertex -63.06351852416992 66.67660522460938 -1
endloop
endfacet
facet normal -0.07859320393147128 0.7027248407553158 0.7071074221652621
outer loop
vertex -63.06351852416992 66.67660522460938 -1
vertex -62.96885299682617 66.18407440185547 -0.5
vertex -62.19207000732422 66.27095031738281 -0.5
endloop
endfacet
facet normal -0.18752265938066592 0.6817885748650709 0.7071064922642547
outer loop
vertex -63.96951675415039 66.42741394042969 -1
vertex -63.7984619140625 65.95589447021484 -0.5
vertex -62.96885299682617 66.18407440185547 -0.5
endloop
endfacet
facet normal -0.18752206083989065 0.6817881264859218 0.7071070833199007
outer loop
vertex -62.96885299682617 66.18407440185547 -0.5
vertex -63.06351852416992 66.67660522460938 -1
vertex -63.464454650878906 66.56632995605469 -1
endloop
endfacet
facet normal -0.18752371683589708 0.6817869229282716 0.7071078046154273
outer loop
vertex -62.96885299682617 66.18407440185547 -0.5
vertex -63.464454650878906 66.56632995605469 -1
vertex -63.96951675415039 66.42741394042969 -1
endloop
endfacet
facet normal -0.2932388286168988 0.6434355353596807 0.7071079841352311
outer loop
vertex -63.7984619140625 65.95589447021484 -0.5
vertex -64.2996826171875 66.27694702148438 -1
vertex -64.75285339355469 66.07041931152344 -1
endloop
endfacet
facet normal -0.2932352175138722 0.6434388325485031 0.707106481357802
outer loop
vertex -63.7984619140625 65.95589447021484 -0.5
vertex -63.96951675415039 66.42741394042969 -1
vertex -64.2996826171875 66.27694702148438 -1
endloop
endfacet
facet normal -0.29323583879005877 0.6434416343501104 0.7071036741765307
outer loop
vertex -64.75285339355469 66.07041931152344 -1
vertex -64.50970458984375 65.63175964355469 -0.5
vertex -63.7984619140625 65.95589447021484 -0.5
endloop
endfacet
facet normal -0.3902601344367633 0.5896568986569638 0.7071080322946772
outer loop
vertex -65.53642272949219 65.55182647705078 -1
vertex -65.22721099853516 65.1568832397461 -0.5
vertex -64.50970458984375 65.63175964355469 -0.5
endloop
endfacet
facet normal -0.39025868829737825 0.5896624883835336 0.7071041691305099
outer loop
vertex -65.53642272949219 65.55182647705078 -1
vertex -64.50970458984375 65.63175964355469 -0.5
vertex -64.75285339355469 66.07041931152344 -1
endloop
endfacet
facet normal -0.4788031503932371 0.5203333059847189 0.7071073425276561
outer loop
vertex -65.22721099853516 65.1568832397461 -0.5
vertex -65.53642272949219 65.55182647705078 -1
vertex -66.16989135742188 64.96891784667969 -1
endloop
endfacet
facet normal -0.478803202859965 0.5203329324531438 0.7071075818683824
outer loop
vertex -66.16989135742188 64.96891784667969 -1
vertex -65.80237579345703 64.62762451171875 -0.5
vertex -65.22721099853516 65.1568832397461 -0.5
endloop
endfacet
facet normal -0.5542833510254777 0.43905396474390695 0.7071079004074434
outer loop
vertex -66.16989135742188 64.96891784667969 -1
vertex -66.28265380859375 64.8265609741211 -1
vertex -65.80237579345703 64.62762451171875 -0.5
endloop
endfacet
facet normal -0.5542631568580282 0.43908854127134084 0.7071022598422232
outer loop
vertex -66.28265380859375 64.8265609741211 -1
vertex -65.84516143798828 64.57361602783203 -0.5
vertex -65.80237579345703 64.62762451171875 -0.5
endloop
endfacet
facet normal -0.6258838572147349 0.32904104925143524 0.7071077606599434
outer loop
vertex -76.19528198242188 46.87797927856445 -0.5042179822921753
vertex -76.62483978271484 47.1263313293457 -1
vertex -76.64795684814453 47.082359313964844 -1
endloop
endfacet
facet normal -0.6607182712071465 0.2518899065236234 0.707108790133852
outer loop
vertex -76.19528198242188 46.87797927856445 -0.5042179822921753
vertex -76.64795684814453 47.082359313964844 -1
vertex -76.9833755493164 46.20254135131836 -1
endloop
endfacet
facet normal -0.6607192220066455 0.2518922916862238 0.707107052050816
outer loop
vertex -76.9833755493164 46.20254135131836 -1
vertex -76.501953125 46.06173324584961 -0.5
vertex -76.19528198242188 46.87797927856445 -0.5042179822921753
endloop
endfacet
facet normal -0.6923170015331536 0.14385207229156546 0.7071094333167715
outer loop
vertex -76.66095733642578 45.29649353027344 -0.5
vertex -76.501953125 46.06173324584961 -0.5
vertex -77.15850830078125 45.35969543457031 -1
endloop
endfacet
facet normal -0.6923185703202019 0.1438550673392283 0.7071072880338723
outer loop
vertex -76.501953125 46.06173324584961 -0.5
vertex -76.9833755493164 46.20254135131836 -1
vertex -77.15850830078125 45.35969543457031 -1
endloop
endfacet
facet normal -0.7062981562234262 0.03380493857782095 0.7071068806362576
outer loop
vertex -76.70209503173828 44.43706130981445 -0.5
vertex -77.15850830078125 45.35969543457031 -1
vertex -77.20343017578125 44.42112731933594 -1
endloop
endfacet
facet normal -0.7062954885815067 0.03380763243242402 0.7071094164262873
outer loop
vertex -77.15850830078125 45.35969543457031 -1
vertex -76.70209503173828 44.43706130981445 -0.5
vertex -76.66095733642578 45.29649353027344 -0.5
endloop
endfacet
facet normal -0.7027260476248944 -0.07858682281667598 0.7071069319905405
outer loop
vertex -76.61522674560547 43.660282135009766 -0.5
vertex -76.70209503173828 44.43706130981445 -0.5
vertex -77.20343017578125 44.42112731933594 -1
endloop
endfacet
facet normal -0.7027256091283883 -0.07858614816621176 0.7071074427493561
outer loop
vertex -77.10775756835938 43.56561279296875 -1
vertex -76.61522674560547 43.660282135009766 -0.5
vertex -77.20343017578125 44.42112731933594 -1
endloop
endfacet
facet normal -0.6817878851366032 -0.1875224696741773 0.7071072076059297
outer loop
vertex -76.85856628417969 42.65961456298828 -1
vertex -76.38704681396484 42.83067321777344 -0.5
vertex -76.61522674560547 43.660282135009766 -0.5
endloop
endfacet
facet normal -0.6817881730709293 -0.18752228535908436 0.7071069788612688
outer loop
vertex -76.61522674560547 43.660282135009766 -0.5
vertex -77.08637237548828 43.48786544799805 -1
vertex -76.85856628417969 42.65961456298828 -1
endloop
endfacet
facet normal -0.6817851023847146 -0.18753188184920808 0.7071073945705554
outer loop
vertex -76.61522674560547 43.660282135009766 -0.5
vertex -77.10775756835938 43.56561279296875 -1
vertex -77.08637237548828 43.48786544799805 -1
endloop
endfacet
facet normal -0.6434343379271064 -0.2932394156136943 0.7071088303131603
outer loop
vertex -76.50157165527344 41.87628173828125 -1
vertex -76.06290435791016 42.11943054199219 -0.5
vertex -76.38704681396484 42.83067321777344 -0.5
endloop
endfacet
facet normal -0.6434363042761404 -0.2932384516833945 0.7071074407710525
outer loop
vertex -76.50157165527344 41.87628173828125 -1
vertex -76.38704681396484 42.83067321777344 -0.5
vertex -76.85856628417969 42.65961456298828 -1
endloop
endfacet
facet normal -0.5896624683186817 -0.39025755067352214 0.7071048137289287
outer loop
vertex -75.98297119140625 41.092708587646484 -1
vertex -75.5880355834961 41.40192413330078 -0.5
vertex -76.06290435791016 42.11943054199219 -0.5
endloop
endfacet
facet normal -0.5896570739732665 -0.39025894626096047 0.7071085418636736
outer loop
vertex -75.98297119140625 41.092708587646484 -1
vertex -76.06290435791016 42.11943054199219 -0.5
vertex -76.50157165527344 41.87628173828125 -1
endloop
endfacet
facet normal -0.5203378704688812 -0.4788010836994275 0.7071053830965818
outer loop
vertex -75.5880355834961 41.40192413330078 -0.5
vertex -75.98297119140625 41.092708587646484 -1
vertex -75.40007019042969 40.4592399597168 -1
endloop
endfacet
facet normal -0.520334582414491 -0.47880154554972787 0.7071074899353911
outer loop
vertex -75.40007019042969 40.4592399597168 -1
vertex -75.05877685546875 40.82675552368164 -0.5
vertex -75.5880355834961 41.40192413330078 -0.5
endloop
endfacet
facet normal -0.43904689381613626 -0.5542894191507302 0.707107534147352
outer loop
vertex -75.40007019042969 40.4592399597168 -1
vertex -74.66349792480469 39.87580871582031 -1
vertex -75.05877685546875 40.82675552368164 -0.5
endloop
endfacet
facet normal -0.43905061094017966 -0.5542896539450356 0.7071050420995084
outer loop
vertex -74.66349792480469 39.87580871582031 -1
vertex -74.38126373291016 40.29010009765625 -0.5
vertex -75.05877685546875 40.82675552368164 -0.5
endloop
endfacet
facet normal -0.35511344909723197 -0.6114712816079213 0.7071048790943488
outer loop
vertex -74.38126373291016 40.29010009765625 -0.5
vertex -74.66349792480469 39.87580871582031 -1
vertex -68.44972229003906 36.26714324951172 -1
endloop
endfacet
facet normal -0.35516175698295854 -0.6115328719784084 0.7070273494474012
outer loop
vertex -68.44972229003906 36.26714324951172 -1
vertex -68.19867706298828 36.69942092895508 -0.5
vertex -74.38126373291016 40.29010009765625 -0.5
endloop
endfacet
facet normal -0.40633906067078585 -0.5803416393276156 0.7057564377571907
outer loop
vertex -68.19867706298828 36.69942092895508 -0.5
vertex -68.44972229003906 36.26714324951172 -1
vertex -68.14106750488281 36.65908432006836 -0.5
endloop
endfacet
facet normal -0.43796761402124795 -0.5561486125991689 0.7063165648436647
outer loop
vertex -68.08494567871094 35.979881286621094 -1
vertex -68.14106750488281 36.65908432006836 -0.5
vertex -68.44972229003906 36.26714324951172 -1
endloop
endfacet
facet normal -0.43796761402124795 -0.5561486125991689 0.7063165648436647
outer loop
vertex -68.14106750488281 36.65908432006836 -0.5
vertex -68.08494567871094 35.979881286621094 -1
vertex -67.77629089355469 36.371822357177734 -0.5
endloop
endfacet
facet normal -0.48357628185074497 -0.5186607102143455 0.7050851347967559
outer loop
vertex -68.08494567871094 35.979881286621094 -1
vertex -67.71984100341797 36.319190979003906 -0.5
vertex -67.77629089355469 36.371822357177734 -0.5
endloop
endfacet
facet normal -0.5187788078969992 -0.4821213403702366 0.705994023796643
outer loop
vertex -67.71984100341797 36.319190979003906 -0.5
vertex -68.08494567871094 35.979881286621094 -1
vertex -67.76886749267578 35.6397705078125 -1
endloop
endfacet
facet normal -0.5163301972057764 -0.48311733293914483 0.7071073257060849
outer loop
vertex -67.76886749267578 35.6397705078125 -1
vertex -67.4026107788086 35.98015213012695 -0.5
vertex -67.71984100341797 36.319190979003906 -0.5
endloop
endfacet
facet normal -0.565343904395744 -0.42771808517310494 0.705296752706567
outer loop
vertex -67.4026107788086 35.98015213012695 -0.5
vertex -67.76886749267578 35.6397705078125 -1
vertex -67.35599517822266 35.91853713989258 -0.5
endloop
endfacet
facet normal -0.587103303967775 -0.3964114244824747 0.7058099553065951
outer loop
vertex -67.50904846191406 35.254966735839844 -1
vertex -67.35599517822266 35.91853713989258 -0.5
vertex -67.76886749267578 35.6397705078125 -1
endloop
endfacet
facet normal -0.5871063796979243 -0.3964095714619641 0.7058084375886554
outer loop
vertex -67.35599517822266 35.91853713989258 -0.5
vertex -67.50904846191406 35.254966735839844 -1
vertex -67.09617614746094 35.533729553222656 -0.5
endloop
endfacet
facet normal -0.6173045767945423 -0.349726353163514 0.7047173457290944
outer loop
vertex -67.09617614746094 35.533729553222656 -0.5
vertex -67.50904846191406 35.254966735839844 -1
vertex -67.05817413330078 35.466651916503906 -0.5
endloop
endfacet
facet normal -0.641296972948848 -0.30107669679472226 0.7057556341495428
outer loop
vertex -67.31172943115234 34.83467483520508 -1
vertex -67.05817413330078 35.466651916503906 -0.5
vertex -67.50904846191406 35.254966735839844 -1
endloop
endfacet
facet normal -0.6388415010080669 -0.30312801200017203 0.7071032067036491
outer loop
vertex -67.31172943115234 34.83467483520508 -1
vertex -66.859130859375 35.04716873168945 -0.5
vertex -67.05817413330078 35.466651916503906 -0.5
endloop
endfacet
facet normal -0.6623766359467698 -0.2505120027170876 0.7060459819632957
outer loop
vertex -67.31172943115234 34.83467483520508 -1
vertex -66.83175659179688 34.974788665771484 -0.5
vertex -66.859130859375 35.04716873168945 -0.5
endloop
endfacet
facet normal -0.6787728306088517 -0.19814548307218313 0.7071108908547076
outer loop
vertex -66.74527740478516 34.67854309082031 -0.5
vertex -66.83175659179688 34.974788665771484 -0.5
vertex -67.31172943115234 34.83467483520508 -1
endloop
endfacet
facet normal -0.6787730610731032 -0.19816053986890048 0.7071064502607194
outer loop
vertex -66.74527740478516 34.67854309082031 -0.5
vertex -67.31172943115234 34.83467483520508 -1
vertex -67.26526641845703 34.67552185058594 -1
endloop
endfacet
facet normal -0.6960583583054932 -0.12449908808202098 0.7071087178785217
outer loop
vertex -66.96501159667969 -67.45812225341797 -1
vertex -66.47761535644531 -67.34327697753906 -0.5
vertex -66.55985260009766 -66.88349914550781 -0.5
endloop
endfacet
facet normal -0.6960637129175569 -0.12449183701568754 0.7071047235564788
outer loop
vertex -67.06777954101562 -66.8835220336914 -1
vertex -66.96501159667969 -67.45812225341797 -1
vertex -66.55985260009766 -66.88349914550781 -0.5
endloop
endfacet
facet normal -0.6784127162740179 -0.19938280212591192 0.7071086794928545
outer loop
vertex -66.79014587402344 -68.05311584472656 -1
vertex -66.318115234375 -67.885986328125 -0.5
vertex -66.47761535644531 -67.34327697753906 -0.5
endloop
endfacet
facet normal -0.67841320961478 -0.1993823427541867 0.7071083357011319
outer loop
vertex -66.96501159667969 -67.45812225341797 -1
vertex -66.79014587402344 -68.05311584472656 -1
vertex -66.47761535644531 -67.34327697753906 -0.5
endloop
endfacet
facet normal -0.6527324343641455 -0.2719138299580099 0.7071090709407021
outer loop
vertex -66.318115234375 -67.885986328125 -0.5
vertex -66.79014587402344 -68.05311584472656 -1
vertex -66.10059356689453 -68.40814971923828 -0.5
endloop
endfacet
facet normal -0.652733091370814 -0.27191847655821233 0.7071066776206837
outer loop
vertex -66.10059356689453 -68.40814971923828 -0.5
vertex -66.79014587402344 -68.05311584472656 -1
vertex -66.55166625976562 -68.62557983398438 -1
endloop
endfacet
facet normal -0.6193247298699449 -0.3412275438476899 0.7071072353548594
outer loop
vertex -66.10059356689453 -68.40814971923828 -0.5
vertex -66.55166625976562 -68.62557983398438 -1
vertex -66.25240325927734 -69.16873931884766 -1
endloop
endfacet
facet normal -0.619326837309224 -0.34122630333215365 0.7071059881678468
outer loop
vertex -66.25240325927734 -69.16873931884766 -1
vertex -65.82762145996094 -68.90359497070312 -0.5
vertex -66.10059356689453 -68.40814971923828 -0.5
endloop
endfacet
facet normal -0.5785818086089465 -0.40650269390332516 0.7071058270132838
outer loop
vertex -65.82762145996094 -68.90359497070312 -0.5
vertex -66.25240325927734 -69.16873931884766 -1
vertex -65.50243377685547 -69.36643981933594 -0.5
endloop
endfacet
facet normal -0.5785817477070303 -0.4065034805082216 0.7071054246397634
outer loop
vertex -65.50243377685547 -69.36643981933594 -0.5
vertex -66.25240325927734 -69.16873931884766 -1
vertex -65.89588928222656 -69.6761703491211 -1
endloop
endfacet
facet normal -0.5309854149493012 -0.466963123646861 0.7071067318765143
outer loop
vertex -65.4863510131836 -70.14186096191406 -1
vertex -65.12887573242188 -69.79121398925781 -0.5
vertex -65.50243377685547 -69.36643981933594 -0.5
endloop
endfacet
facet normal -0.5309880811031263 -0.46696225700838345 0.7071053020986735
outer loop
vertex -65.50243377685547 -69.36643981933594 -0.5
vertex -65.89588928222656 -69.6761703491211 -1
vertex -65.4863510131836 -70.14186096191406 -1
endloop
endfacet
facet normal -0.47710610506138984 -0.5218894440869352 0.707107610384572
outer loop
vertex -64.71138000488281 -70.17288208007812 -0.5
vertex -65.4863510131836 -70.14186096191406 -1
vertex -65.02864074707031 -70.56029510498047 -1
endloop
endfacet
facet normal -0.47710538041063605 -0.521891828785648 0.7071063392658803
outer loop
vertex -65.12887573242188 -69.79121398925781 -0.5
vertex -65.4863510131836 -70.14186096191406 -1
vertex -64.71138000488281 -70.17288208007812 -0.5
endloop
endfacet
facet normal -0.4175729781769053 -0.5706418945554067 0.7071072309591282
outer loop
vertex -64.52816772460938 -70.92652130126953 -1
vertex -64.71138000488281 -70.17288208007812 -0.5
vertex -65.02864074707031 -70.56029510498047 -1
endloop
endfacet
facet normal -0.417571778547286 -0.5706420107253405 0.7071078456333212
outer loop
vertex -64.52816772460938 -70.92652130126953 -1
vertex -64.2548828125 -70.50692749023438 -0.5
vertex -64.71138000488281 -70.17288208007812 -0.5
endloop
endfacet
facet normal -0.3531024330920467 -0.6126313862175146 0.7071078109918482
outer loop
vertex -64.2548828125 -70.50692749023438 -0.5
vertex -64.52816772460938 -70.92652130126953 -1
vertex -63.76479721069336 -70.78939819335938 -0.5
endloop
endfacet
facet normal -0.35310697002693686 -0.6126304747016548 0.7071063351329989
outer loop
vertex -63.76479721069336 -70.78939819335938 -0.5
vertex -64.2079849243164 -71.1110610961914 -1
vertex -63.990875244140625 -71.23619842529297 -1
endloop
endfacet
facet normal -0.3530986436941342 -0.612638117244573 0.7071038715212836
outer loop
vertex -63.76479721069336 -70.78939819335938 -0.5
vertex -64.52816772460938 -70.92652130126953 -1
vertex -64.2079849243164 -71.1110610961914 -1
endloop
endfacet
facet normal -0.2844459544726902 -0.6473732420335873 0.7071056388426291
outer loop
vertex -63.42311096191406 -71.48566436767578 -1
vertex -63.24692153930664 -71.0169448852539 -0.5
vertex -63.76479721069336 -70.78939819335938 -0.5
endloop
endfacet
facet normal -0.28444469414516665 -0.6473730885343144 0.7071062863630936
outer loop
vertex -63.76479721069336 -70.78939819335938 -0.5
vertex -63.990875244140625 -71.23619842529297 -1
vertex -63.42311096191406 -71.48566436767578 -1
endloop
endfacet
facet normal -0.21241983230822375 -0.6744446505263308 0.707108356773247
outer loop
vertex -62.83160400390625 -71.67196655273438 -1
vertex -62.7073860168457 -71.18687438964844 -0.5
vertex -63.24692153930664 -71.0169448852539 -0.5
endloop
endfacet
facet normal -0.21242476642164654 -0.6744458061620155 0.707105772258421
outer loop
vertex -63.24692153930664 -71.0169448852539 -0.5
vertex -63.42311096191406 -71.48566436767578 -1
vertex -62.83160400390625 -71.67196655273438 -1
endloop
endfacet
facet normal -0.13787840815819793 -0.6935359273749792 0.7071049865500094
outer loop
vertex -62.22335433959961 -71.79288482666016 -1
vertex -62.15258026123047 -71.29717254638672 -0.5
vertex -62.7073860168457 -71.18687438964844 -0.5
endloop
endfacet
facet normal -0.13787252393738217 -0.6935338529021279 0.7071081685441526
outer loop
vertex -62.7073860168457 -71.18687438964844 -0.5
vertex -62.83160400390625 -71.67196655273438 -1
vertex -62.22335433959961 -71.79288482666016 -1
endloop
endfacet
facet normal -0.06171224777347071 -0.7044104244726553 0.7071050504479509
outer loop
vertex -62.15258026123047 -71.29717254638672 -0.5
vertex -62.22335433959961 -71.79288482666016 -1
vertex -61.60557174682617 -71.84700775146484 -1
endloop
endfacet
facet normal -0.06170843550951333 -0.7044085932507038 0.7071072073890441
outer loop
vertex -61.60557174682617 -71.84700775146484 -1
vertex -61.58370590209961 -71.34700775146484 -0.5
vertex -62.15258026123047 -71.29717254638672 -0.5
endloop
endfacet
facet normal -0.00001375011386300151 -0.7071064804617841 0.7071070817774935
outer loop
vertex -61.58370590209961 -71.34700775146484 -0.5
vertex -61.60557174682617 -71.84700775146484 -1
vertex -56.89742660522461 -71.84709930419922 -1
endloop
endfacet
facet normal -0.000014071512915553129 -0.7071070469394395 0.7071065152935434
outer loop
vertex -43.00068283081055 -71.34737396240234 -0.5
vertex -4.259966850280762 -71.84814453125 -1
vertex -4.278857707977295 -71.34814453125 -0.5
endloop
endfacet
facet normal -0.000013220532314828368 -0.7071067811247527 0.7071067811247527
outer loop
vertex -47.89742660522461 -71.34728240966797 -0.5
vertex -47.89742660522461 -71.84728240966797 -1
vertex -43.00068283081055 -71.34737396240234 -0.5
endloop
endfacet
facet normal -0.00001381427678664517 -0.7071067811190774 0.7071067811190774
outer loop
vertex -61.58370590209961 -71.34700775146484 -0.5
vertex -56.89742660522461 -71.84709930419922 -1
vertex -56.89742660522461 -71.34709930419922 -0.5
endloop
endfacet
facet normal -0.00001396985197141172 -0.7071031115457042 0.7071104506703509
outer loop
vertex -4.259966850280762 -71.84814453125 -1
vertex -43.00068283081055 -71.34737396240234 -0.5
vertex -47.89742660522461 -71.84728240966797 -1
endloop
endfacet
facet normal 0.05338177703102768 -0.7050894240325254 0.7071062791394878
outer loop
vertex -4.278857707977295 -71.34814453125 -0.5
vertex -4.259966850280762 -71.84814453125 -1
vertex -4.172395706176758 -71.84151458740234 -1
endloop
endfacet
facet normal 0.05336419261710354 -0.7050919803386704 0.7071050574054868
outer loop
vertex -3.721188545227051 -71.80736541748047 -1
vertex -4.278857707977295 -71.34814453125 -0.5
vertex -4.172395706176758 -71.84151458740234 -1
endloop
endfacet
facet normal 0.05336732106251628 -0.7050900355715083 0.7071067605251554
outer loop
vertex -3.721188545227051 -71.80736541748047 -1
vertex -3.784233570098877 -71.31070709228516 -0.5
vertex -4.278857707977295 -71.34814453125 -0.5
endloop
endfacet
facet normal 0.1690304296056162 -0.5675380772269204 -0.8058096827197541
outer loop
vertex -2.5157368183135986 -71.5233154296875 -26.761812210083008
vertex -4.376310348510742 -70.43408203125 -27.91925048828125
vertex -1.9432721138000488 -71.28483581542969 -26.8096923828125
endloop
endfacet
facet normal 0.16902738894104852 -0.567539162798242 -0.8058095559609864
outer loop
vertex -4.259966850280762 -71.53605651855469 -27.118715286254883
vertex -4.376310348510742 -70.43408203125 -27.91925048828125
vertex -3.721188545227051 -71.80736541748047 -26.81461524963379
endloop
endfacet
facet normal 0.1690282087102877 -0.5675381453383815 -0.8058101006105978
outer loop
vertex -4.210799694061279 -71.84442138671875 -26.891218185424805
vertex -4.259966850280762 -71.53605651855469 -27.118715286254883
vertex -3.721188545227051 -71.80736541748047 -26.81461524963379
endloop
endfacet
facet normal 0.16903103405482922 -0.5675376601585235 -0.8058098496718339
outer loop
vertex -3.721188545227051 -71.80736541748047 -26.81461524963379
vertex -4.376310348510742 -70.43408203125 -27.91925048828125
vertex -3.1107239723205566 -71.69818115234375 -26.763460159301758
endloop
endfacet
facet normal 0.16903037268710294 -0.5675381400911568 -0.8058096503834696
outer loop
vertex -3.1107239723205566 -71.69818115234375 -26.763460159301758
vertex -4.376310348510742 -70.43408203125 -27.91925048828125
vertex -2.5157368183135986 -71.5233154296875 -26.761812210083008
endloop
endfacet
facet normal 0.1690317127626573 -0.5675360711073331 -0.8058108264801205
outer loop
vertex -4.376310348510742 -70.43408203125 -27.91925048828125
vertex -2.378455400466919 -69.94829559326172 -27.842309951782227
vertex -1.9432721138000488 -70.97274780273438 -27.029497146606445
endloop
endfacet
facet normal 0.16903030999870786 -0.5675392245521778 -0.805808899737682
outer loop
vertex -4.376310348510742 -70.43408203125 -27.91925048828125
vertex -1.9432721138000488 -70.97274780273438 -27.029497146606445
vertex -1.8593190908432007 -71.23857879638672 -26.82465934753418
endloop
endfacet
facet normal 0.16903895033879973 -0.567524160839688 -0.8058176965862468
outer loop
vertex -1.9432721138000488 -71.28483581542969 -26.8096923828125
vertex -4.376310348510742 -70.43408203125 -27.91925048828125
vertex -1.8593190908432007 -71.23857879638672 -26.82465934753418
endloop
endfacet
facet normal 0.3121411082889202 -0.5160587793828098 -0.7976535994641339
outer loop
vertex -1.9432721138000488 -70.97274780273438 -27.029497146606445
vertex -1.8131992816925049 -71.21316528320312 -26.82305335998535
vertex -1.8593190908432007 -71.23857879638672 -26.82465934753418
endloop
endfacet
facet normal 0.4407207594971277 -0.4355391116144355 -0.7849018374308875
outer loop
vertex -0.42698779702186584 -70.21951293945312 -26.596067428588867
vertex -2.378455400466919 -69.94829559326172 -27.842309951782227
vertex -0.00855313055217266 -69.76180267333984 -26.61509895324707
endloop
endfacet
facet normal 0.4407219518941118 -0.435535830969646 -0.7849029883114372
outer loop
vertex -1.4001085758209229 -70.98556518554688 -26.717397689819336
vertex -2.378455400466919 -69.94829559326172 -27.842309951782227
vertex -0.8926776647567749 -70.6290512084961 -26.63030242919922
endloop
endfacet
facet normal 0.44072431572966114 -0.4355335403861411 -0.7849029320389468
outer loop
vertex -1.9432721138000488 -70.97274780273438 -27.029497146606445
vertex -2.378455400466919 -69.94829559326172 -27.842309951782227
vertex -1.4001085758209229 -70.98556518554688 -26.717397689819336
endloop
endfacet
facet normal 0.44072014405011095 -0.4355429188827069 -0.7849000703526414
outer loop
vertex -0.00855313055217266 -69.76180267333984 -26.61509895324707
vertex -2.378455400466919 -69.94829559326172 -27.842309951782227
vertex 0.10909345746040344 -69.60103607177734 -26.63825035095215
endloop
endfacet
facet normal 0.44072194929968644 -0.4355358351227538 -0.7849029874636801
outer loop
vertex -0.8926776647567749 -70.6290512084961 -26.63030242919922
vertex -2.378455400466919 -69.94829559326172 -27.842309951782227
vertex -0.42698779702186584 -70.21951293945312 -26.596067428588867
endloop
endfacet
facet normal 0.44072236289262245 -0.4355410830557287 -0.7848998431755394
outer loop
vertex -1.9432721138000488 -70.97274780273438 -27.029497146606445
vertex -1.4001085758209229 -70.98556518554688 -26.717397689819336
vertex -1.8131992816925049 -71.21316528320312 -26.82305335998535
endloop
endfacet
facet normal 0.44072180320873433 -0.4355265598655157 -0.7849082161808162
outer loop
vertex -2.378455400466919 -69.94829559326172 -27.842309951782227
vertex -0.008553103543817997 -69.44971466064453 -26.788272857666016
vertex 0.10909345746040344 -69.60103607177734 -26.63825035095215
endloop
endfacet
facet normal 0.4407215003056714 -0.43553695670435744 -0.7849026172163174
outer loop
vertex -2.378455400466919 -69.94829559326172 -27.842309951782227
vertex -0.727665901184082 -68.6487808227539 -27.636486053466797
vertex -0.008553103543817997 -69.44971466064453 -26.788272857666016
endloop
endfacet
facet normal 0.5895969074234221 -0.2749316892666867 -0.7594656364798229
outer loop
vertex -0.008553103543817997 -69.44971466064453 -26.788272857666016
vertex -0.727665901184082 -68.6487808227539 -27.636486053466797
vertex 0.35767167806625366 -69.26133728027344 -26.572154998779297
endloop
endfacet
facet normal 0.5919560379659053 -0.2866019716752845 -0.7532910187620367
outer loop
vertex -0.008553103543817997 -69.44971466064453 -26.788272857666016
vertex 0.35767167806625366 -69.26133728027344 -26.572154998779297
vertex 0.10909345746040344 -69.60103607177734 -26.63825035095215
endloop
endfacet
facet normal 0.5895967102053397 -0.274932067082565 -0.7594656528143644
outer loop
vertex 0.35767167806625366 -69.26133728027344 -26.572154998779297
vertex -0.727665901184082 -68.6487808227539 -27.636486053466797
vertex 0.8394985795021057 -68.43289184570312 -26.498001098632812
endloop
endfacet
facet normal 0.5893614523059809 -0.27783492384113695 -0.7585913482435551
outer loop
vertex 0.8394985795021057 -68.43289184570312 -26.498001098632812
vertex -0.727665901184082 -68.6487808227539 -27.636486053466797
vertex 0.9862072467803955 -68.24659729003906 -26.452251434326172
endloop
endfacet
facet normal 0.5893873549301186 -0.27552301239027777 -0.7594139947958987
outer loop
vertex -0.727665901184082 -68.6487808227539 -27.636486053466797
vertex 0.06376741081476212 -67.47026062011719 -27.449827194213867
vertex 0.9862072467803955 -68.24659729003906 -26.452251434326172
endloop
endfacet
facet normal 0.3540586770397737 -0.4995273276025957 -0.790642082228776
outer loop
vertex 1.8516759872436523 -67.49221801757812 -26.362741470336914
vertex 1.0630401372909546 -66.55901336669922 -27.305500030517578
vertex 2.271965265274048 -67.29489135742188 -26.29920196533203
endloop
endfacet
facet normal 0.35446689393512054 -0.49903323075439177 -0.7907711778427573
outer loop
vertex 2.271965265274048 -67.29489135742188 -26.29920196533203
vertex 1.0630401372909546 -66.55901336669922 -27.305500030517578
vertex 1.7822699546813965 -66.150634765625 -27.24081802368164
endloop
endfacet
facet normal 0.3700022013887123 -0.4867372326698565 -0.7913186698798386
outer loop
vertex 1.604182243347168 -67.6593246459961 -26.37567710876465
vertex 1.0630401372909546 -66.55901336669922 -27.305500030517578
vertex 1.8516759872436523 -67.49221801757812 -26.362741470336914
endloop
endfacet
facet normal 0.2764187837273202 -0.537365308279963 -0.7967629393112418
outer loop
vertex 1.7822699546813965 -66.150634765625 -27.24081802368164
vertex 2.3358571529388428 -67.2762451171875 -26.28961181640625
vertex 2.271965265274048 -67.29489135742188 -26.29920196533203
endloop
endfacet
facet normal 0.33411895538952613 -0.5070785264456533 -0.7945035504433675
outer loop
vertex 1.499788761138916 -67.72980499267578 -26.374595642089844
vertex 0.8872199654579163 -66.6518325805664 -27.320201873779297
vertex 1.604182243347168 -67.6593246459961 -26.37567710876465
endloop
endfacet
facet normal 0.449721324194141 -0.4307837371317201 -0.7824168341669916
outer loop
vertex 1.4668686389923096 -67.75203704833984 -26.381277084350586
vertex 0.8872199654579163 -66.6518325805664 -27.320201873779297
vertex 1.499788761138916 -67.72980499267578 -26.374595642089844
endloop
endfacet
facet normal 0.4496611058437931 -0.4308270004664427 -0.7824276232089615
outer loop
vertex 1.229607105255127 -67.9725341796875 -26.39621925354004
vertex 0.43820732831954956 -67.01579284667969 -27.377845764160156
vertex 1.4668686389923096 -67.75203704833984 -26.381277084350586
endloop
endfacet
facet normal 0.5479206733895033 -0.3337774027746497 -0.7670564392985711
outer loop
vertex 1.1267606019973755 -68.068115234375 -26.42809295654297
vertex 0.43820732831954956 -67.01579284667969 -27.377845764160156
vertex 1.229607105255127 -67.9725341796875 -26.39621925354004
endloop
endfacet
facet normal 0.3341291530688316 -0.5070714706711278 -0.7945037650640335
outer loop
vertex 0.8872199654579163 -66.6518325805664 -27.320201873779297
vertex 1.0630401372909546 -66.55901336669922 -27.305500030517578
vertex 1.604182243347168 -67.6593246459961 -26.37567710876465
endloop
endfacet
facet normal 0.4496639657262737 -0.43082343637485293 -0.7824279421119134
outer loop
vertex 0.43820732831954956 -67.01579284667969 -27.377845764160156
vertex 0.8872199654579163 -66.6518325805664 -27.320201873779297
vertex 1.4668686389923096 -67.75203704833984 -26.381277084350586
endloop
endfacet
facet normal 0.5500406747650066 -0.3317963190417569 -0.7663983681965906
outer loop
vertex 0.43820732831954956 -67.01579284667969 -27.377845764160156
vertex 1.1267606019973755 -68.068115234375 -26.42809295654297
vertex 0.06376741081476212 -67.47026062011719 -27.449827194213867
endloop
endfacet
facet normal 0.5509874566431029 -0.3301590492241073 -0.7664253550329595
outer loop
vertex 0.9862072467803955 -68.24659729003906 -26.452251434326172
vertex 0.06376741081476212 -67.47026062011719 -27.449827194213867
vertex 1.1267606019973755 -68.068115234375 -26.42809295654297
endloop
endfacet
facet normal 0.0008076881227078417 -0.5877863322330982 -0.809015806569846
outer loop
vertex 73.55442810058594 -67.10100555419922 -26.126108169555664
vertex 3.249270439147949 -65.75056457519531 -27.177453994750977
vertex 73.79631042480469 -65.67097473144531 -27.16484832763672
endloop
endfacet
facet normal 0.0008023073989880698 -0.5877918965238382 -0.8090117691874125
outer loop
vertex 73.91913604736328 -66.772705078125 -26.364274978637695
vertex 73.91913604736328 -67.08478546142578 -26.137531280517578
vertex 73.55442810058594 -67.10100555419922 -26.126108169555664
endloop
endfacet
facet normal 0.0008063400911721047 -0.5878311571841305 -0.8089832386763174
outer loop
vertex 3.250617027282715 -67.1050033569336 -26.19327735900879
vertex 3.249270439147949 -65.75056457519531 -27.177453994750977
vertex 73.55442810058594 -67.10100555419922 -26.126108169555664
endloop
endfacet
facet normal 0.0007923236688274982 -0.5877846383744058 -0.8090170524248996
outer loop
vertex 73.55442810058594 -67.10100555419922 -26.126108169555664
vertex 73.79631042480469 -65.67097473144531 -27.16484832763672
vertex 73.91913604736328 -66.772705078125 -26.364274978637695
endloop
endfacet
facet normal 0.33413559471324583 -0.5070688909674975 -0.7945027024237348
outer loop
vertex 2.5616860389709473 -67.21031951904297 -26.236713409423828
vertex 1.7822699546813965 -66.150634765625 -27.24081802368164
vertex 2.1187245845794678 -65.97300720214844 -27.212684631347656
endloop
endfacet
facet normal 0.20577256374542627 -0.5595826317214475 -0.8028231002439662
outer loop
vertex 2.7176690101623535 -67.16478729248047 -26.22847557067871
vertex 2.1187245845794678 -65.97300720214844 -27.212684631347656
vertex 2.9058594703674316 -67.14035034179688 -26.19727325439453
endloop
endfacet
facet normal 0.3341329289645593 -0.5070707747539421 -0.7945026212492957
outer loop
vertex 1.7822699546813965 -66.150634765625 -27.24081802368164
vertex 2.5616860389709473 -67.21031951904297 -26.236713409423828
vertex 2.3358571529388428 -67.2762451171875 -26.28961181640625
endloop
endfacet
facet normal 0.2057587736530918 -0.5595903345114872 -0.8028212656538799
outer loop
vertex 2.9058594703674316 -67.14035034179688 -26.19727325439453
vertex 2.1187245845794678 -65.97300720214844 -27.212684631347656
vertex 2.674575090408325 -65.80646514892578 -27.186307907104492
endloop
endfacet
facet normal 0.06946952195586124 -0.5863651926936662 -0.807062479809676
outer loop
vertex 3.249270439147949 -65.75056457519531 -27.177453994750977
vertex 3.1781110763549805 -67.10501098632812 -26.19951629638672
vertex 2.674575090408325 -65.80646514892578 -27.186307907104492
endloop
endfacet
facet normal 0.06946352599397286 -0.5863669433609932 -0.8070617239653795
outer loop
vertex 2.9058594703674316 -67.14035034179688 -26.19727325439453
vertex 2.674575090408325 -65.80646514892578 -27.186307907104492
vertex 3.1781110763549805 -67.10501098632812 -26.19951629638672
endloop
endfacet
facet normal 0.06950694098044681 -0.5863649563709962 -0.8070594297172795
outer loop
vertex 3.250617027282715 -67.1050033569336 -26.19327735900879
vertex 3.1781110763549805 -67.10501098632812 -26.19951629638672
vertex 3.249270439147949 -65.75056457519531 -27.177453994750977
endloop
endfacet
facet normal 0.20574732414492364 -0.5595940726492428 -0.802821594417488
outer loop
vertex 2.5616860389709473 -67.21031951904297 -26.236713409423828
vertex 2.1187245845794678 -65.97300720214844 -27.212684631347656
vertex 2.7176690101623535 -67.16478729248047 -26.22847557067871
endloop
endfacet
facet normal 0.05970074171187882 -0.5867436526943219 -0.8075690109594205
outer loop
vertex 73.91913604736328 -67.08478546142578 -26.137531280517578
vertex 73.91913604736328 -66.772705078125 -26.364274978637695
vertex 73.97001647949219 -67.07649230957031 -26.139795303344727
endloop
endfacet
facet normal 0.1767344322332513 -0.5656088870692181 -0.8055132074221444
outer loop
vertex 75.05149841308594 -66.48402404785156 -26.318552017211914
vertex 75.13301086425781 -66.75155639648438 -26.11281394958496
vertex 73.79631042480469 -65.67097473144531 -27.16484832763672
endloop
endfacet
facet normal 0.17671936315023068 -0.5656243154785983 -0.8055056799471647
outer loop
vertex 73.79631042480469 -65.67097473144531 -27.16484832763672
vertex 74.65037536621094 -65.4532470703125 -27.13036346435547
vertex 75.05149841308594 -66.48402404785156 -26.318552017211914
endloop
endfacet
facet normal 0.17671835514368375 -0.56562395807803 -0.8055061520581044
outer loop
vertex 74.4312973022461 -67.00123596191406 -26.091434478759766
vertex 73.79631042480469 -65.67097473144531 -27.16484832763672
vertex 75.05149841308594 -66.79611206054688 -26.099407196044922
endloop
endfacet
facet normal 0.17672844089114806 -0.5656194221151208 -0.8055071244292882
outer loop
vertex 73.97001647949219 -67.07649230957031 -26.139795303344727
vertex 73.91913604736328 -66.772705078125 -26.364274978637695
vertex 74.4312973022461 -67.00123596191406 -26.091434478759766
endloop
endfacet
facet normal 0.17670009765555753 -0.5656384693584812 -0.8054999673931161
outer loop
vertex 75.05149841308594 -66.79611206054688 -26.099407196044922
vertex 73.79631042480469 -65.67097473144531 -27.16484832763672
vertex 75.13301086425781 -66.75155639648438 -26.11281394958496
endloop
endfacet
facet normal 0.17672809852144278 -0.5656198882785224 -0.8055068722095343
outer loop
vertex 73.91913604736328 -66.772705078125 -26.364274978637695
vertex 73.79631042480469 -65.67097473144531 -27.16484832763672
vertex 74.4312973022461 -67.00123596191406 -26.091434478759766
endloop
endfacet
facet normal 0.29025412697764097 -0.5262241661269044 -0.7992750895383214
outer loop
vertex 75.13301086425781 -66.75155639648438 -26.11281394958496
vertex 75.05149841308594 -66.48402404785156 -26.318552017211914
vertex 75.1697006225586 -66.73149871826172 -26.112695693969727
endloop
endfacet
facet normal 0.39539236075999407 -0.4683978233286055 -0.7901065498739163
outer loop
vertex 76.14708709716797 -66.06631469726562 -26.017948150634766
vertex 76.14708709716797 -65.75422668457031 -26.20296287536621
vertex 76.26673889160156 -65.92900085449219 -26.039474487304688
endloop
endfacet
facet normal 0.39537787394301394 -0.4683945391133894 -0.7901157462834529
outer loop
vertex 75.1697006225586 -66.73149871826172 -26.112695693969727
vertex 75.05149841308594 -66.48402404785156 -26.318552017211914
vertex 75.64694213867188 -66.47059631347656 -26.028549194335938
endloop
endfacet
facet normal 0.3953753044526374 -0.46840860643692966 -0.7901086925510932
outer loop
vertex 75.64694213867188 -66.47059631347656 -26.028549194335938
vertex 74.65037536621094 -65.4532470703125 -27.13036346435547
vertex 76.14708709716797 -66.06631469726562 -26.017948150634766
endloop
endfacet
facet normal 0.39538035365037005 -0.4684004590762719 -0.790110995926804
outer loop
vertex 74.65037536621094 -65.4532470703125 -27.13036346435547
vertex 76.14708709716797 -65.75422668457031 -26.20296287536621
vertex 76.14708709716797 -66.06631469726562 -26.017948150634766
endloop
endfacet
facet normal 0.395374754135584 -0.4684091163572542 -0.7901086656312807
outer loop
vertex 75.05149841308594 -66.48402404785156 -26.318552017211914
vertex 74.65037536621094 -65.4532470703125 -27.13036346435547
vertex 75.64694213867188 -66.47059631347656 -26.028549194335938
endloop
endfacet
facet normal 0.3953790460801198 -0.46840347266408283 -0.7901098637006138
outer loop
vertex 74.65037536621094 -65.4532470703125 -27.13036346435547
vertex 75.4638442993164 -64.91136932373047 -27.044538497924805
vertex 76.14708709716797 -65.75422668457031 -26.20296287536621
endloop
endfacet
facet normal 0.49356511884872617 -0.38950130727200555 -0.7776131461653935
outer loop
vertex 76.26673889160156 -65.92900085449219 -26.039474487304688
vertex 76.14708709716797 -65.75422668457031 -26.20296287536621
vertex 76.28900909423828 -65.90345001220703 -26.038137435913086
endloop
endfacet
facet normal 0.5760025516975893 -0.2944757337288601 -0.7625648186762326
outer loop
vertex 76.28900909423828 -65.90345001220703 -26.038137435913086
vertex 76.14708709716797 -65.75422668457031 -26.20296287536621
vertex 76.57625579833984 -65.57381439208984 -25.94845962524414
endloop
endfacet
facet normal 0.5760023319173687 -0.29447407088908034 -0.7625656268150082
outer loop
vertex 76.57625579833984 -65.57381439208984 -25.94845962524414
vertex 76.14708709716797 -65.75422668457031 -26.20296287536621
vertex 76.92277526855469 -64.99034881591797 -25.912029266357422
endloop
endfacet
facet normal 0.5760042122126614 -0.29448087398165773 -0.7625615793968842
outer loop
vertex 75.4638442993164 -64.91136932373047 -27.044538497924805
vertex 76.0385513305664 -64.11419677734375 -26.918277740478516
vertex 76.92277526855469 -64.67826080322266 -26.032548904418945
endloop
endfacet
facet normal 0.5760047677901959 -0.294477792560181 -0.762562349694663
outer loop
vertex 76.14708709716797 -65.75422668457031 -26.20296287536621
vertex 75.4638442993164 -64.91136932373047 -27.044538497924805
vertex 76.92277526855469 -64.99034881591797 -25.912029266357422
endloop
endfacet
facet normal 0.5760041259895469 -0.2944820896360815 -0.7625611750716038
outer loop
vertex 75.4638442993164 -64.91136932373047 -27.044538497924805
vertex 76.92277526855469 -64.67826080322266 -26.032548904418945
vertex 77.01334381103516 -64.74708557128906 -25.937559127807617
endloop
endfacet
facet normal 0.5760044359803853 -0.2944792798785903 -0.7625620259710715
outer loop
vertex 76.92277526855469 -64.99034881591797 -25.912029266357422
vertex 75.4638442993164 -64.91136932373047 -27.044538497924805
vertex 77.01334381103516 -64.74708557128906 -25.937559127807617
endloop
endfacet
facet normal 0.690096958377751 -0.08398402622277822 -0.718827428091881
outer loop
vertex 77.01334381103516 -64.74708557128906 -25.937559127807617
vertex 76.92277526855469 -64.67826080322266 -26.032548904418945
vertex 77.14716339111328 -64.38765716552734 -25.85108184814453
endloop
endfacet
facet normal 0.6823354479595072 -0.07261517334780673 -0.7274237919243269
outer loop
vertex 76.0385513305664 -64.11419677734375 -26.918277740478516
vertex 76.30245971679688 -63.15547561645508 -26.76643180847168
vertex 77.26557922363281 -63.43315124511719 -25.835290908813477
endloop
endfacet
facet normal 0.6823346281520161 -0.07262236233004558 -0.7274238432401386
outer loop
vertex 77.14716339111328 -64.38765716552734 -25.85108184814453
vertex 76.92277526855469 -64.67826080322266 -26.032548904418945
vertex 76.0385513305664 -64.11419677734375 -26.918277740478516
endloop
endfacet
facet normal 0.68233655922425 -0.07261164141488871 -0.7274231021056778
outer loop
vertex 77.14716339111328 -64.38765716552734 -25.85108184814453
vertex 76.0385513305664 -64.11419677734375 -26.918277740478516
vertex 77.2655258178711 -63.74522018432617 -25.804183959960938
endloop
endfacet
facet normal 0.6823381679178843 -0.07262582140843737 -0.7274201775227402
outer loop
vertex 77.2655258178711 -63.74522018432617 -25.804183959960938
vertex 76.0385513305664 -64.11419677734375 -26.918277740478516
vertex 77.26557922363281 -63.43315124511719 -25.835290908813477
endloop
endfacet
facet normal 0.7071080608320154 0.11062344491516915 -0.6983986281068192
outer loop
vertex 76.30245971679688 -63.15547561645508 -26.76643180847168
vertex 76.30127716064453 41.76658630371094 -10.148409843444824
vertex 77.21358489990234 41.72918701171875 -9.2306489944458
endloop
endfacet
facet normal 0.7070377398644047 0.11062435329062949 -0.6984696749798552
outer loop
vertex 77.28215789794922 40.96408462524414 -9.2824125289917
vertex 77.21358489990234 41.72918701171875 -9.2306489944458
vertex 77.26434326171875 41.413455963134766 -9.229273796081543
endloop
endfacet
facet normal 0.7070958164913171 0.11062556770243333 -0.6984106886860997
outer loop
vertex 77.28215789794922 40.96408462524414 -9.2824125289917
vertex 76.30245971679688 -63.15547561645508 -26.76643180847168
vertex 77.21358489990234 41.72918701171875 -9.2306489944458
endloop
endfacet
facet normal 0.7071056717894818 0.11062384525472829 -0.69840098352179
outer loop
vertex 77.26557922363281 -63.43315124511719 -25.835290908813477
vertex 76.30245971679688 -63.15547561645508 -26.76643180847168
vertex 77.28215789794922 40.96408462524414 -9.2824125289917
endloop
endfacet
facet normal 0.6880487302687109 0.27166438892273786 -0.6728947945755339
outer loop
vertex 76.30127716064453 41.76658630371094 -10.148409843444824
vertex 75.94314575195312 43.25918960571289 -9.912005424499512
vertex 76.84513854980469 43.16059875488281 -9.029502868652344
endloop
endfacet
facet normal 0.6880459114432683 0.27168412496028443 -0.6728897086378767
outer loop
vertex 76.84513854980469 43.16059875488281 -9.029502868652344
vertex 75.94314575195312 43.25918960571289 -9.912005424499512
vertex 76.70120239257812 43.4399299621582 -9.063899040222168
endloop
endfacet
facet normal 0.6880537941222434 0.2716597579073729 -0.6728914862945533
outer loop
vertex 77.11489868164062 42.343109130859375 -9.083701133728027
vertex 76.30127716064453 41.76658630371094 -10.148409843444824
vertex 76.84513854980469 43.16059875488281 -9.029502868652344
endloop
endfacet
facet normal 0.6880509629183705 0.2716651096627753 -0.6728922206557418
outer loop
vertex 77.21358489990234 41.72918701171875 -9.2306489944458
vertex 76.30127716064453 41.76658630371094 -10.148409843444824
vertex 77.11489868164062 42.343109130859375 -9.083701133728027
endloop
endfacet
facet normal 0.6041591518382109 0.47350153511752524 -0.6409274650781324
outer loop
vertex 75.94314575195312 43.25918960571289 -9.912005424499512
vertex 75.16090393066406 44.52965545654297 -9.710783004760742
vertex 75.71089172363281 44.87962341308594 -8.933798789978027
endloop
endfacet
facet normal 0.6041588921804107 0.4735036457738189 -0.6409261505339291
outer loop
vertex 76.41474914550781 43.995880126953125 -8.923203468322754
vertex 75.94314575195312 43.25918960571289 -9.912005424499512
vertex 75.90412139892578 44.68893051147461 -8.892526626586914
endloop
endfacet
facet normal 0.604166129184087 0.47349672201102716 -0.6409244437463195
outer loop
vertex 75.94314575195312 43.25918960571289 -9.912005424499512
vertex 76.41474914550781 43.995880126953125 -8.923203468322754
vertex 76.70120239257812 43.4399299621582 -9.063899040222168
endloop
endfacet
facet normal 0.6041747907650233 0.4734969307274639 -0.6409161246182775
outer loop
vertex 75.94314575195312 43.25918960571289 -9.912005424499512
vertex 75.71089172363281 44.87962341308594 -8.933798789978027
vertex 75.90412139892578 44.68893051147461 -8.892526626586914
endloop
endfacet
facet normal 0.4602616612070519 0.6408096405872553 -0.6144283585198178
outer loop
vertex 75.71089172363281 44.87962341308594 -8.933798789978027
vertex 75.16090393066406 44.52965545654297 -9.710783004760742
vertex 75.23531341552734 45.34894561767578 -8.800576210021973
endloop
endfacet
facet normal 0.4602616504608371 0.6408109685940815 -0.6144269815401838
outer loop
vertex 75.16090393066406 44.52965545654297 -9.710783004760742
vertex 74.02484893798828 45.491729736328125 -9.558404922485352
vertex 74.36164093017578 45.935001373291016 -8.84381103515625
endloop
endfacet
facet normal 0.4602578114156473 0.6408112867320529 -0.6144295255175235
outer loop
vertex 75.16090393066406 44.52965545654297 -9.710783004760742
vertex 74.53446960449219 45.84882736206055 -8.804220199584961
vertex 75.23531341552734 45.34894561767578 -8.800576210021973
endloop
endfacet
facet normal 0.4602642475530515 0.6408111370661796 -0.6144248603664838
outer loop
vertex 75.16090393066406 44.52965545654297 -9.710783004760742
vertex 74.36164093017578 45.935001373291016 -8.84381103515625
vertex 74.53446960449219 45.84882736206055 -8.804220199584961
endloop
endfacet
facet normal 0.26933694707099576 0.7563682205359978 -0.5961247553202967
outer loop
vertex 74.36164093017578 45.935001373291016 -8.84381103515625
vertex 74.02484893798828 45.491729736328125 -9.558404922485352
vertex 73.69356536865234 46.26811218261719 -8.723002433776855
endloop
endfacet
facet normal 0.2693160998151735 0.7563758185118999 -0.5961245335924341
outer loop
vertex 72.87201690673828 46.525245666503906 -8.767929077148438
vertex 72.67964172363281 46.039066314697266 -9.471714973449707
vertex 72.79915618896484 46.535980224609375 -8.787225723266602
endloop
endfacet
facet normal 0.26933429318961766 0.7563690862509591 -0.5961248559454121
outer loop
vertex 74.02484893798828 45.491729736328125 -9.558404922485352
vertex 72.67964172363281 46.039066314697266 -9.471714973449707
vertex 72.87201690673828 46.525245666503906 -8.767929077148438
endloop
endfacet
facet normal 0.26933237182906483 0.7563683355391724 -0.5961266765366506
outer loop
vertex 74.02484893798828 45.491729736328125 -9.558404922485352
vertex 72.87201690673828 46.525245666503906 -8.767929077148438
vertex 73.69356536865234 46.26811218261719 -8.723002433776855
endloop
endfacet
facet normal 0.0027110569390290666 0.8090104891942179 -0.5877879537248155
outer loop
vertex 63.75253677368164 46.072872161865234 -9.466361045837402
vertex 33.670772552490234 46.18678665161133 -9.448319435119629
vertex 63.72295379638672 46.108917236328125 -9.416886329650879
endloop
endfacet
facet normal 0.002712631187454397 0.8090117169224983 -0.5877862566564076
outer loop
vertex 72.67964172363281 46.039066314697266 -9.471714973449707
vertex 71.94241333007812 46.6622200012207 -8.617426872253418
vertex 72.79915618896484 46.535980224609375 -8.787225723266602
endloop
endfacet
facet normal 0.0027112211797265073 0.80901343309481 -0.5877839010655737
outer loop
vertex 72.67964172363281 46.039066314697266 -9.471714973449707
vertex 65.3513412475586 46.06681823730469 -9.467320442199707
vertex 65.38589477539062 46.108917236328125 -9.40921688079834
endloop
endfacet
facet normal 0.0027112107167093394 0.8090129435160064 -0.5877845749592417
outer loop
vertex 72.67964172363281 46.039066314697266 -9.471714973449707
vertex 65.38589477539062 46.108917236328125 -9.40921688079834
vertex 65.47830200195312 46.281803131103516 -9.1708345413208
endloop
endfacet
facet normal 0.002711039627441195 0.8090110681786463 -0.5877871569102069
outer loop
vertex 72.67964172363281 46.039066314697266 -9.471714973449707
vertex 65.47830200195312 46.281803131103516 -9.1708345413208
vertex 71.94241333007812 46.6622200012207 -8.617426872253418
endloop
endfacet
facet normal 0.0027109621003947276 0.8090126729697315 -0.5877849484793402
outer loop
vertex 63.573638916015625 46.469398498535156 -8.92142105102539
vertex 33.62289047241211 46.673980712890625 -8.777976989746094
vertex 63.5544548034668 46.664794921875 -8.652570724487305
endloop
endfacet
facet normal 0.0027113550381667583 0.8090092823077064 -0.5877896134620163
outer loop
vertex 65.47830200195312 46.281803131103516 -9.1708345413208
vertex 65.53520965576172 46.469398498535156 -8.912373542785645
vertex 71.94241333007812 46.6622200012207 -8.617426872253418
endloop
endfacet
facet normal 0.0027109629555714583 0.8090134786725188 -0.5877838395243983
outer loop
vertex 71.94241333007812 46.6622200012207 -8.617426872253418
vertex 65.53520965576172 46.469398498535156 -8.912373542785645
vertex 65.55439758300781 46.664180755615234 -8.644190788269043
endloop
endfacet
facet normal 0.0027109091764648966 0.8090087301280634 -0.5877903755149578
outer loop
vertex 63.63054656982422 46.281803131103516 -9.179356575012207
vertex 33.62289047241211 46.673980712890625 -8.777976989746094
vertex 63.573638916015625 46.469398498535156 -8.92142105102539
endloop
endfacet
facet normal 0.0027110367063200016 0.8090127810955245 -0.5877847993135428
outer loop
vertex 63.72295379638672 46.108917236328125 -9.416886329650879
vertex 33.62289047241211 46.673980712890625 -8.777976989746094
vertex 63.63054656982422 46.281803131103516 -9.179356575012207
endloop
endfacet
facet normal 0.0027110601404630934 0.8090132693805159 -0.5877841271412182
outer loop
vertex 33.670772552490234 46.18678665161133 -9.448319435119629
vertex 33.62289047241211 46.673980712890625 -8.777976989746094
vertex 63.72295379638672 46.108917236328125 -9.416886329650879
endloop
endfacet
facet normal -0.11744304278613381 0.7993185977325985 -0.5893190231274794
outer loop
vertex 33.670772552490234 46.18678665161133 -9.448319435119629
vertex 31.850234985351562 46.3953857421875 -8.802579879760742
vertex 32.56547927856445 46.58220672607422 -8.69172477722168
endloop
endfacet
facet normal -0.1174439611841979 0.7993169469609377 -0.5893210791091814
outer loop
vertex 33.670772552490234 46.18678665161133 -9.448319435119629
vertex 32.049171447753906 45.917022705078125 -9.491045951843262
vertex 31.850234985351562 46.3953857421875 -8.802579879760742
endloop
endfacet
facet normal -0.11744412229927065 0.7993176439287494 -0.5893201016778123
outer loop
vertex 33.670772552490234 46.18678665161133 -9.448319435119629
vertex 32.56547927856445 46.58220672607422 -8.69172477722168
vertex 33.62289047241211 46.673980712890625 -8.777976989746094
endloop
endfacet
facet normal -0.33516238740366106 0.7255805890841233 -0.600998321806488
outer loop
vertex 31.850234985351562 46.3953857421875 -8.802579879760742
vertex 32.049171447753906 45.917022705078125 -9.491045951843262
vertex 31.73257827758789 46.36465072631836 -8.77407169342041
endloop
endfacet
facet normal -0.33514563153455956 0.7255881887380938 -0.6009984908692148
outer loop
vertex 30.871763229370117 45.987918853759766 -8.74886417388916
vertex 30.779325485229492 45.241912841796875 -9.597972869873047
vertex 30.345857620239258 45.64954376220703 -8.864115715026855
endloop
endfacet
facet normal -0.3351494001859947 0.7255876741844247 -0.6009970104972278
outer loop
vertex 32.049171447753906 45.917022705078125 -9.491045951843262
vertex 30.871763229370117 45.987918853759766 -8.74886417388916
vertex 31.73257827758789 46.36465072631836 -8.77407169342041
endloop
endfacet
facet normal -0.3351496073026892 0.7255873333319643 -0.6009973065106549
outer loop
vertex 32.049171447753906 45.917022705078125 -9.491045951843262
vertex 30.779325485229492 45.241912841796875 -9.597972869873047
vertex 30.871763229370117 45.987918853759766 -8.74886417388916
endloop
endfacet
facet normal -0.5548567705391456 0.5485494918175657 -0.6254817497046259
outer loop
vertex 30.779325485229492 45.241912841796875 -9.597972869873047
vertex 29.020198822021484 43.07038879394531 -9.94190788269043
vertex 28.903675079345703 44.228519439697266 -8.822856903076172
endloop
endfacet
facet normal -0.5512161025410175 0.5504289078386476 -0.6270477060918445
outer loop
vertex 29.020198822021484 43.07038879394531 -9.94190788269043
vertex 28.421850204467773 43.41853332519531 -9.110315322875977
vertex 28.903675079345703 44.228519439697266 -8.822856903076172
endloop
endfacet
facet normal -0.5542894222087065 0.544259542132557 -0.6297180219949225
outer loop
vertex 30.779325485229492 45.241912841796875 -9.597972869873047
vertex 29.446855545043945 44.8963623046875 -8.723764419555664
vertex 30.1478214263916 45.52212142944336 -8.79992961883545
endloop
endfacet
facet normal -0.5542895015638781 0.5442591353183132 -0.6297183037506768
outer loop
vertex 30.779325485229492 45.241912841796875 -9.597972869873047
vertex 28.903675079345703 44.228519439697266 -8.822856903076172
vertex 29.446855545043945 44.8963623046875 -8.723764419555664
endloop
endfacet
facet normal -0.5542911042086488 0.5442572289000973 -0.6297185407665425
outer loop
vertex 30.1478214263916 45.52212142944336 -8.79992961883545
vertex 30.345857620239258 45.64954376220703 -8.864115715026855
vertex 30.779325485229492 45.241912841796875 -9.597972869873047
endloop
endfacet
facet normal -0.35720439267463955 0.7227923370019304 -0.5915879135219294
outer loop
vertex 28.1787109375 42.35286331176758 -10.055553436279297
vertex 27.37440299987793 41.89617156982422 -10.127885818481445
vertex 27.31291389465332 42.31520462036133 -9.578790664672852
endloop
endfacet
facet normal -0.3777296261374799 0.7028619623379398 -0.6027481990321499
outer loop
vertex 28.1787109375 42.35286331176758 -10.055553436279297
vertex 27.697721481323242 42.575016021728516 -9.495076179504395
vertex 27.891782760620117 42.755367279052734 -9.406383514404297
endloop
endfacet
facet normal -0.31907517808373775 0.7358369958886375 -0.5972729243925395
outer loop
vertex 27.31291389465332 42.31520462036133 -9.578790664672852
vertex 27.37440299987793 41.89617156982422 -10.127885818481445
vertex 27.13517951965332 42.23175811767578 -9.586647033691406
endloop
endfacet
facet normal -0.3579394248561786 0.7212321802162677 -0.5930459597317205
outer loop
vertex 28.1787109375 42.35286331176758 -10.055553436279297
vertex 27.31291389465332 42.31520462036133 -9.578790664672852
vertex 27.697721481323242 42.575016021728516 -9.495076179504395
endloop
endfacet
facet normal -0.5479450504989505 0.5544502028614422 -0.6263714506429937
outer loop
vertex 28.325090408325195 43.25587463378906 -9.169665336608887
vertex 28.803543090820312 42.80964279174805 -9.983206748962402
vertex 28.286041259765625 43.20628356933594 -9.179402351379395
endloop
endfacet
facet normal -0.5479155688740996 0.5544815190896718 -0.6263695190328005
outer loop
vertex 29.020198822021484 43.07038879394531 -9.94190788269043
vertex 28.325090408325195 43.25587463378906 -9.169665336608887
vertex 28.421850204467773 43.41853332519531 -9.110315322875977
endloop
endfacet
facet normal -0.449667974421955 0.6515205537593056 -0.6109989204642048
outer loop
vertex 28.803543090820312 42.80964279174805 -9.983206748962402
vertex 28.354530334472656 42.445682525634766 -10.040851593017578
vertex 28.286041259765625 43.20628356933594 -9.179402351379395
endloop
endfacet
facet normal -0.5479177865808292 0.554478021606098 -0.6263706751629998
outer loop
vertex 29.020198822021484 43.07038879394531 -9.94190788269043
vertex 28.803543090820312 42.80964279174805 -9.983206748962402
vertex 28.325090408325195 43.25587463378906 -9.169665336608887
endloop
endfacet
facet normal -0.4496618530719849 0.6515231145756106 -0.6110006948159424
outer loop
vertex 28.286041259765625 43.20628356933594 -9.179402351379395
vertex 28.354530334472656 42.445682525634766 -10.040851593017578
vertex 28.03782844543457 42.89109802246094 -9.332820892333984
endloop
endfacet
facet normal -0.3341269771059919 0.727772272447949 -0.5989212657987362
outer loop
vertex 28.354530334472656 42.445682525634766 -10.040851593017578
vertex 28.1787109375 42.35286331176758 -10.055553436279297
vertex 27.891782760620117 42.755367279052734 -9.406383514404297
endloop
endfacet
facet normal -0.3555213527208759 0.7112169809240131 -0.6064445348132428
outer loop
vertex 27.891782760620117 42.755367279052734 -9.406383514404297
vertex 28.03782844543457 42.89109802246094 -9.332820892333984
vertex 28.354530334472656 42.445682525634766 -10.040851593017578
endloop
endfacet
facet normal -0.006998904525476054 0.8089725352882071 -0.5878047741255712
outer loop
vertex 25.93267250061035 41.498558044433594 -10.190861701965332
vertex 13.933778762817383 41.381248474121094 -10.209441184997559
vertex 13.841086387634277 41.87089157104492 -9.53446102142334
endloop
endfacet
facet normal -0.006974993781490398 0.8092485294585229 -0.5874250309877566
outer loop
vertex 25.93267250061035 41.498558044433594 -10.190861701965332
vertex 14.592066764831543 41.92399215698242 -9.470118522644043
vertex 25.92767333984375 41.92797088623047 -9.599234580993652
endloop
endfacet
facet normal -0.00694160978030559 0.8095155683657785 -0.5870573725174469
outer loop
vertex 25.93267250061035 41.498558044433594 -10.190861701965332
vertex 13.841086387634277 41.87089157104492 -9.53446102142334
vertex 14.592066764831543 41.92399215698242 -9.470118522644043
endloop
endfacet
facet normal -0.2057438693539292 0.7802913352220058 -0.5906055302828892
outer loop
vertex 26.482097625732422 41.552005767822266 -10.182395935058594
vertex 26.37953758239746 41.97901916503906 -9.582509994506836
vertex 26.44692039489746 41.98776626586914 -9.594427108764648
endloop
endfacet
facet normal -0.06947636517227494 0.8070622869857571 -0.5863646473038499
outer loop
vertex 25.986478805541992 41.9279899597168 -9.606173515319824
vertex 26.37953758239746 41.97901916503906 -9.582509994506836
vertex 26.482097625732422 41.552005767822266 -10.182395935058594
endloop
endfacet
facet normal -0.06945192855360476 0.8070629537822014 -0.5863666244360545
outer loop
vertex 25.986478805541992 41.9279899597168 -9.606173515319824
vertex 25.93267250061035 41.498558044433594 -10.190861701965332
vertex 25.92767333984375 41.92797088623047 -9.599234580993652
endloop
endfacet
facet normal -0.3341356296113791 0.7277653586054228 -0.5989248398907226
outer loop
vertex 27.37440299987793 41.89617156982422 -10.127885818481445
vertex 27.037948608398438 41.718544006347656 -10.15601921081543
vertex 27.13517951965332 42.23175811767578 -9.586647033691406
endloop
endfacet
facet normal -0.20575609962160096 0.780288914431614 -0.590604467883235
outer loop
vertex 27.037948608398438 41.718544006347656 -10.15601921081543
vertex 26.482097625732422 41.552005767822266 -10.182395935058594
vertex 26.44692039489746 41.98776626586914 -9.594427108764648
endloop
endfacet
facet normal -0.2057600844649129 0.780285814294091 -0.5906071754156049
outer loop
vertex 26.44692039489746 41.98776626586914 -9.594427108764648
vertex 26.843137741088867 42.103431701660156 -9.579651832580566
vertex 27.037948608398438 41.718544006347656 -10.15601921081543
endloop
endfacet
facet normal -0.06947559738158728 0.8070626573189746 -0.5863642285556877
outer loop
vertex 26.482097625732422 41.552005767822266 -10.182395935058594
vertex 25.93267250061035 41.498558044433594 -10.190861701965332
vertex 25.986478805541992 41.9279899597168 -9.606173515319824
endloop
endfacet
facet normal -0.3341416662911166 0.7277620774859518 -0.5989254589859471
outer loop
vertex 27.037948608398438 41.718544006347656 -10.15601921081543
vertex 26.843137741088867 42.103431701660156 -9.579651832580566
vertex 26.892623901367188 42.11787796020508 -9.589706420898438
endloop
endfacet
facet normal -0.33413264291228084 0.7277659048942073 -0.5989258423327297
outer loop
vertex 27.13517951965332 42.23175811767578 -9.586647033691406
vertex 27.037948608398438 41.718544006347656 -10.15601921081543
vertex 26.892623901367188 42.11787796020508 -9.589706420898438
endloop
endfacet
facet normal -0.21058724760425215 0.7773254237298084 -0.5928053616236441
outer loop
vertex 13.933778762817383 41.381248474121094 -10.209441184997559
vertex 13.78249454498291 41.86674880981445 -9.519079208374023
vertex 13.841086387634277 41.87089157104492 -9.53446102142334
endloop
endfacet
facet normal -0.21058755571568558 0.777325335881668 -0.5928053673628008
outer loop
vertex 13.933778762817383 41.381248474121094 -10.209441184997559
vertex 12.86607551574707 41.65913391113281 -9.46576976776123
vertex 13.78249454498291 41.86674880981445 -9.519079208374023
endloop
endfacet
facet normal -0.21058546157213348 0.7773267068595775 -0.5928043135616473
outer loop
vertex 13.933778762817383 41.381248474121094 -10.209441184997559
vertex 12.469012260437012 40.92991256713867 -10.280926704406738
vertex 12.209917068481445 41.39554214477539 -9.578320503234863
endloop
endfacet
facet normal -0.21058477820467905 0.77732828815682 -0.5928024828049169
outer loop
vertex 13.933778762817383 41.381248474121094 -10.209441184997559
vertex 12.209917068481445 41.39554214477539 -9.578320503234863
vertex 12.86607551574707 41.65913391113281 -9.46576976776123
endloop
endfacet
facet normal -0.3702697066155901 0.7056125266383344 -0.6041616560274831
outer loop
vertex 12.469012260437012 40.92991256713867 -10.280926704406738
vertex 11.260865211486816 40.855918884277344 -9.626914024353027
vertex 12.06727409362793 41.33823776245117 -9.55782413482666
endloop
endfacet
facet normal -0.37027142093434956 0.7056085281761266 -0.6041652752388025
outer loop
vertex 12.469012260437012 40.92991256713867 -10.280926704406738
vertex 10.475830078125 40.200016021728516 -9.911827087402344
vertex 11.260865211486816 40.855918884277344 -9.626914024353027
endloop
endfacet
facet normal -0.37027779539730205 0.705607071648077 -0.6041630696061612
outer loop
vertex 12.209917068481445 41.39554214477539 -9.578320503234863
vertex 12.469012260437012 40.92991256713867 -10.280926704406738
vertex 12.06727409362793 41.33823776245117 -9.55782413482666
endloop
endfacet
facet normal -0.3708981733201673 0.7103226466174865 -0.5982276178262689
outer loop
vertex 12.469012260437012 40.92991256713867 -10.280926704406738
vertex 10.201822280883789 39.563873291015625 -10.497285842895508
vertex 10.475830078125 40.200016021728516 -9.911827087402344
endloop
endfacet
facet normal -0.3746738418925249 0.7100635039318479 -0.5961789434268219
outer loop
vertex 10.201822280883789 39.563873291015625 -10.497285842895508
vertex 10.091022491455078 39.94020462036133 -9.979433059692383
vertex 10.475830078125 40.200016021728516 -9.911827087402344
endloop
endfacet
facet normal -0.3386750434673617 0.7252051825959068 -0.5994803233371534
outer loop
vertex 10.201822280883789 39.563873291015625 -10.497285842895508
vertex 9.960739135742188 39.87903594970703 -9.979826927185059
vertex 10.091022491455078 39.94020462036133 -9.979433059692383
endloop
endfacet
facet normal -0.0036401573392385203 0.8083353142595375 -0.5887111082487575
outer loop
vertex 8.669793128967285 39.12310028076172 -10.567096710205078
vertex -1.7217499017715454 39.55647277832031 -9.907796859741211
vertex 8.667195320129395 39.55302429199219 -9.97676944732666
endloop
endfacet
facet normal -0.0035536488997544836 0.809006579522839 -0.5877888446272638
outer loop
vertex 8.669793128967285 39.12310028076172 -10.567096710205078
vertex -1.7188180685043335 39.071533203125 -10.575263977050781
vertex -1.7217499017715454 39.55647277832031 -9.907796859741211
endloop
endfacet
facet normal -0.20576111205603312 0.7802867659191505 -0.5906055601642245
outer loop
vertex 9.788818359375 39.3458366394043 -10.531819343566895
vertex 9.2329683303833 39.17929458618164 -10.558196067810059
vertex 9.225029945373535 39.61276626586914 -9.982743263244629
endloop
endfacet
facet normal -0.06945969858220466 0.8070687515845519 -0.5863577239950218
outer loop
vertex 9.2329683303833 39.17929458618164 -10.558196067810059
vertex 8.667195320129395 39.55302429199219 -9.97676944732666
vertex 8.76458740234375 39.5529899597168 -9.988353729248047
endloop
endfacet
facet normal -0.06947332799321279 0.807062444402177 -0.5863647904957547
outer loop
vertex 8.76458740234375 39.5529899597168 -9.988353729248047
vertex 9.131766319274902 39.60065841674805 -9.96624755859375
vertex 9.2329683303833 39.17929458618164 -10.558196067810059
endloop
endfacet
facet normal -0.20576133706888616 0.7802867266330971 -0.5906055336752531
outer loop
vertex 9.225029945373535 39.61276626586914 -9.982743263244629
vertex 9.2329683303833 39.17929458618164 -10.558196067810059
vertex 9.131766319274902 39.60065841674805 -9.96624755859375
endloop
endfacet
facet normal -0.20575856200929002 0.78028870625029 -0.5906038850685946
outer loop
vertex 9.788818359375 39.3458366394043 -10.531819343566895
vertex 9.225029945373535 39.61276626586914 -9.982743263244629
vertex 9.598526000976562 39.721797943115234 -9.968814849853516
endloop
endfacet
facet normal -0.3341439457272051 0.7277635772912532 -0.5989223648371239
outer loop
vertex 9.788818359375 39.3458366394043 -10.531819343566895
vertex 9.598526000976562 39.721797943115234 -9.968814849853516
vertex 9.670733451843262 39.74287796020508 -9.983485221862793
endloop
endfacet
facet normal -0.3341305207973885 0.7277682940853583 -0.5989241230704883
outer loop
vertex 10.201822280883789 39.563873291015625 -10.497285842895508
vertex 9.788818359375 39.3458366394043 -10.531819343566895
vertex 9.960739135742188 39.87903594970703 -9.979826927185059
endloop
endfacet
facet normal -0.33413274760856426 0.7277680424865682 -0.5989231864862306
outer loop
vertex 9.960739135742188 39.87903594970703 -9.979826927185059
vertex 9.788818359375 39.3458366394043 -10.531819343566895
vertex 9.670733451843262 39.74287796020508 -9.983485221862793
endloop
endfacet
facet normal -0.07115488957947007 0.8061503193633116 -0.5874169254280678
outer loop
vertex 9.2329683303833 39.17929458618164 -10.558196067810059
vertex 8.669793128967285 39.12310028076172 -10.567096710205078
vertex 8.667195320129395 39.55302429199219 -9.97676944732666
endloop
endfacet
facet normal 0.2615454204643374 0.7675584281872119 -0.5851906119828904
outer loop
vertex -2.772719144821167 39.26583480834961 -10.544489860534668
vertex -3.3154478073120117 39.91919708251953 -9.930082321166992
vertex -2.8490774631500244 39.71029281616211 -9.995649337768555
endloop
endfacet
facet normal 0.2313512020095691 0.7715436807958304 -0.5926187391171066
outer loop
vertex -2.772719144821167 39.26583480834961 -10.544489860534668
vertex -2.8490774631500244 39.71029281616211 -9.995649337768555
vertex -2.5986883640289307 39.64583969116211 -9.981813430786133
endloop
endfacet
facet normal 0.2489685927385446 0.7651621908214649 -0.5937520202635821
outer loop
vertex -3.4924001693725586 39.53281784057617 -10.502203941345215
vertex -3.3154478073120117 39.91919708251953 -9.930082321166992
vertex -2.772719144821167 39.26583480834961 -10.544489860534668
endloop
endfacet
facet normal 0.2057550870298699 0.7802872195134563 -0.5906070599182591
outer loop
vertex -2.311774253845215 39.12773132324219 -10.566363334655762
vertex -2.772719144821167 39.26583480834961 -10.544489860534668
vertex -2.5986883640289307 39.64583969116211 -9.981813430786133
endloop
endfacet
facet normal 0.2057550733771006 0.7802872186324414 -0.5906070658385594
outer loop
vertex -2.5986883640289307 39.64583969116211 -9.981813430786133
vertex -2.399430274963379 39.594547271728516 -9.980161666870117
vertex -2.311774253845215 39.12773132324219 -10.566363334655762
endloop
endfacet
facet normal 0.06771345694087322 0.8073046116524507 -0.5862372828077402
outer loop
vertex -2.311774253845215 39.12773132324219 -10.566363334655762
vertex -2.205409288406372 39.57059097290039 -9.944217681884766
vertex -1.7188180685043335 39.071533203125 -10.575263977050781
endloop
endfacet
facet normal 0.06963919556585313 0.8078849468091062 -0.5852113252152495
outer loop
vertex -1.7188180685043335 39.071533203125 -10.575263977050781
vertex -2.205409288406372 39.57059097290039 -9.944217681884766
vertex -2.092054843902588 39.55659484863281 -9.950050354003906
endloop
endfacet
facet normal 0.0671613335011023 0.8073327090776613 -0.586262101909784
outer loop
vertex -2.092054843902588 39.55659484863281 -9.950050354003906
vertex -1.7217499017715454 39.55647277832031 -9.907796859741211
vertex -1.7188180685043335 39.071533203125 -10.575263977050781
endloop
endfacet
facet normal 0.2057588072854195 0.7802868679889703 -0.5906062282675698
outer loop
vertex -2.205409288406372 39.57059097290039 -9.944217681884766
vertex -2.311774253845215 39.12773132324219 -10.566363334655762
vertex -2.399430274963379 39.594547271728516 -9.980161666870117
endloop
endfacet
facet normal 0.5472978693455612 0.5524141956443619 -0.6287317382321349
outer loop
vertex -4.750422954559326 40.43855667114258 -10.358749389648438
vertex -5.9720892906188965 41.91507339477539 -10.124892234802246
vertex -5.481764793395996 42.30194854736328 -9.358160018920898
endloop
endfacet
facet normal 0.553339615951597 0.5520886077783216 -0.6237094183832192
outer loop
vertex -5.294372081756592 42.13615417480469 -9.338665962219238
vertex -4.750422954559326 40.43855667114258 -10.358749389648438
vertex -5.481764793395996 42.30194854736328 -9.358160018920898
endloop
endfacet
facet normal 0.49844913786298717 0.6110078957966574 -0.6149941530110558
outer loop
vertex -4.257723331451416 40.73090744018555 -9.668963432312012
vertex -4.750422954559326 40.43855667114258 -10.358749389648438
vertex -4.317302703857422 40.80176544189453 -9.64685344696045
endloop
endfacet
facet normal 0.5582063247317569 0.550707879948924 -0.6205856346964742
outer loop
vertex -4.317302703857422 40.80176544189453 -9.64685344696045
vertex -4.750422954559326 40.43855667114258 -10.358749389648438
vertex -4.746784687042236 41.471920013427734 -9.438469886779785
endloop
endfacet
facet normal 0.5559374820784909 0.5517245251981853 -0.6217182354693036
outer loop
vertex -4.750422954559326 40.43855667114258 -10.358749389648438
vertex -5.294372081756592 42.13615417480469 -9.338665962219238
vertex -4.746784687042236 41.471920013427734 -9.438469886779785
endloop
endfacet
facet normal 0.3341259525945192 0.7277709433321595 -0.5989234524079214
outer loop
vertex -3.6684203147888184 40.141380310058594 -9.838024139404297
vertex -4.09958028793335 39.831695556640625 -10.454866409301758
vertex -3.7681572437286377 40.22827911376953 -9.788071632385254
endloop
endfacet
facet normal 0.4496658720165091 0.6515199141243673 -0.6110011497886152
outer loop
vertex -4.548593044281006 40.195655822753906 -10.397220611572266
vertex -4.018490314483643 40.44639205932617 -9.739727973937988
vertex -4.09958028793335 39.831695556640625 -10.454866409301758
endloop
endfacet
facet normal 0.5479185767702404 0.5544778740025886 -0.6263701146060879
outer loop
vertex -4.0980329513549805 40.54098892211914 -9.697394371032715
vertex -4.750422954559326 40.43855667114258 -10.358749389648438
vertex -4.257723331451416 40.73090744018555 -9.668963432312012
endloop
endfacet
facet normal 0.2057591511914917 0.7802892265910265 -0.5906029923450561
outer loop
vertex -3.4924001693725586 39.53281784057617 -10.502203941345215
vertex -3.587305784225464 39.56125259399414 -10.497700691223145
vertex -3.3842203617095947 39.962486267089844 -9.896848678588867
endloop
endfacet
facet normal 0.5479179216238961 0.5544790463388962 -0.6263696499148553
outer loop
vertex -4.548593044281006 40.195655822753906 -10.397220611572266
vertex -4.750422954559326 40.43855667114258 -10.358749389648438
vertex -4.0980329513549805 40.54098892211914 -9.697394371032715
endloop
endfacet
facet normal 0.3341285305050511 0.727769056475227 -0.5989243070202551
outer loop
vertex -3.587305784225464 39.56125259399414 -10.497700691223145
vertex -4.09958028793335 39.831695556640625 -10.454866409301758
vertex -3.6684203147888184 40.141380310058594 -9.838024139404297
endloop
endfacet
facet normal 0.44965700353611643 0.6515293616023379 -0.6109976024019825
outer loop
vertex -4.018490314483643 40.44639205932617 -9.739727973937988
vertex -4.548593044281006 40.195655822753906 -10.397220611572266
vertex -4.0980329513549805 40.54098892211914 -9.697394371032715
endloop
endfacet
facet normal 0.33413772647824486 0.7277671469417486 -0.5989214970062579
outer loop
vertex -3.3842203617095947 39.962486267089844 -9.896848678588867
vertex -3.587305784225464 39.56125259399414 -10.497700691223145
vertex -3.6684203147888184 40.141380310058594 -9.838024139404297
endloop
endfacet
facet normal 0.20575430526669086 0.7802904842428342 -0.5906030190104895
outer loop
vertex -3.3154478073120117 39.91919708251953 -9.930082321166992
vertex -3.4924001693725586 39.53281784057617 -10.502203941345215
vertex -3.3842203617095947 39.962486267089844 -9.896848678588867
endloop
endfacet
facet normal 0.449667844281121 0.6515190443190377 -0.6110006257846035
outer loop
vertex -4.09958028793335 39.831695556640625 -10.454866409301758
vertex -4.018490314483643 40.44639205932617 -9.739727973937988
vertex -3.7681572437286377 40.22827911376953 -9.788071632385254
endloop
endfacet
facet normal 0.43028651740978363 0.6648294297948529 -0.6106188190794735
outer loop
vertex -6.725123882293701 43.219783782958984 -9.234992980957031
vertex -5.9720892906188965 41.91507339477539 -10.124892234802246
vertex -6.8773579597473145 43.28560256958008 -9.27060604095459
endloop
endfacet
facet normal 0.43028360687430983 0.6648292685616317 -0.6106210455913228
outer loop
vertex -5.9720892906188965 41.91507339477539 -10.124892234802246
vertex -6.725123882293701 43.219783782958984 -9.234992980957031
vertex -5.998116493225098 42.758785247802734 -9.22461986541748
endloop
endfacet
facet normal 0.4302808938152185 0.6648301734984358 -0.6106219721100907
outer loop
vertex -5.481764793395996 42.30194854736328 -9.358160018920898
vertex -5.9720892906188965 41.91507339477539 -10.124892234802246
vertex -5.998116493225098 42.758785247802734 -9.22461986541748
endloop
endfacet
facet normal 0.4302809571602058 0.6648286968178945 -0.6106235352430476
outer loop
vertex -5.9720892906188965 41.91507339477539 -10.124892234802246
vertex -7.164482116699219 42.818172454833984 -9.981854438781738
vertex -6.8773579597473145 43.28560256958008 -9.27060604095459
endloop
endfacet
facet normal 0.2256531908190446 0.7743216352152337 -0.5911908682572748
outer loop
vertex -23.7252140045166 47.446250915527344 -9.248839378356934
vertex -23.569061279296875 47.90260696411133 -8.591517448425293
vertex -23.35546112060547 47.82987594604492 -8.60524845123291
endloop
endfacet
facet normal 0.1947884200244887 0.7892510194697554 -0.5823575359607832
outer loop
vertex -23.7252140045166 47.446250915527344 -9.248839378356934
vertex -23.35546112060547 47.82987594604492 -8.60524845123291
vertex -7.164482116699219 42.818172454833984 -9.981854438781738
endloop
endfacet
facet normal 0.19197186509709196 0.7827844134573845 -0.5919420284616751
outer loop
vertex -7.164482116699219 42.818172454833984 -9.981854438781738
vertex -23.35546112060547 47.82987594604492 -8.60524845123291
vertex -7.587606906890869 43.592681884765625 -9.094865798950195
endloop
endfacet
facet normal 0.19197357237797705 0.7827845322155867 -0.5919413177270721
outer loop
vertex -6.8773579597473145 43.28560256958008 -9.27060604095459
vertex -7.164482116699219 42.818172454833984 -9.981854438781738
vertex -7.587606906890869 43.592681884765625 -9.094865798950195
endloop
endfacet
facet normal 0.37103219035991114 0.7101179985987629 -0.5983874512243836
outer loop
vertex -24.628082275390625 48.51234436035156 -8.40827465057373
vertex -24.464038848876953 47.76022720336914 -9.199110984802246
vertex -25.43868637084961 48.987579345703125 -8.346921920776367
endloop
endfacet
facet normal 0.3616834661972908 0.7118819671633192 -0.6020042650240911
outer loop
vertex -24.150598526000977 48.172733306884766 -8.52299976348877
vertex -24.464038848876953 47.76022720336914 -9.199110984802246
vertex -24.628082275390625 48.51234436035156 -8.40827465057373
endloop
endfacet
facet normal 0.36927034772354483 0.7097650517113301 -0.5998941420461991
outer loop
vertex -24.464038848876953 47.76022720336914 -9.199110984802246
vertex -25.594707489013672 49.050785064697266 -8.368180274963379
vertex -25.43868637084961 48.987579345703125 -8.346921920776367
endloop
endfacet
facet normal 0.36503743955536955 0.7086016891436878 -0.6038470947728178
outer loop
vertex -25.875165939331055 48.6005973815918 -9.066008567810059
vertex -25.594707489013672 49.050785064697266 -8.368180274963379
vertex -24.464038848876953 47.76022720336914 -9.199110984802246
endloop
endfacet
facet normal 0.33413149882931625 0.727768134681768 -0.5989237711361058
outer loop
vertex -24.058406829833984 47.54608154296875 -9.233028411865234
vertex -24.464038848876953 47.76022720336914 -9.199110984802246
vertex -24.150598526000977 48.172733306884766 -8.52299976348877
endloop
endfacet
facet normal 0.20576183039235688 0.7802858460150893 -0.5906065252451105
outer loop
vertex -23.7252140045166 47.446250915527344 -9.248839378356934
vertex -24.058406829833984 47.54608154296875 -9.233028411865234
vertex -23.732208251953125 47.958160400390625 -8.57496166229248
endloop
endfacet
facet normal 0.20574833849662505 0.7802916939885833 -0.5906034993955803
outer loop
vertex -23.732208251953125 47.958160400390625 -8.57496166229248
vertex -24.058406829833984 47.54608154296875 -9.233028411865234
vertex -23.825679779052734 48.00587844848633 -8.544480323791504
endloop
endfacet
facet normal 0.3341338915061588 0.7277676464434039 -0.5989230295598752
outer loop
vertex -23.825679779052734 48.00587844848633 -8.544480323791504
vertex -24.058406829833984 47.54608154296875 -9.233028411865234
vertex -24.150598526000977 48.172733306884766 -8.52299976348877
endloop
endfacet
facet normal 0.20576291884139933 0.7802856692041957 -0.5906063796340404
outer loop
vertex -23.569061279296875 47.90260696411133 -8.591517448425293
vertex -23.7252140045166 47.446250915527344 -9.248839378356934
vertex -23.732208251953125 47.958160400390625 -8.57496166229248
endloop
endfacet
facet normal 0.2683657830731407 0.7567614252299105 -0.596063714513419
outer loop
vertex -25.594707489013672 49.050785064697266 -8.368180274963379
vertex -25.875165939331055 48.6005973815918 -9.066008567810059
vertex -40.93043899536133 55.263519287109375 -7.385110855102539
endloop
endfacet
facet normal 0.26842023398068293 0.756849924136256 -0.5959268162490248
outer loop
vertex -40.93043899536133 55.263519287109375 -7.385110855102539
vertex -25.875165939331055 48.6005973815918 -9.066008567810059
vertex -41.16484069824219 54.79573440551758 -8.084795951843262
endloop
endfacet
facet normal 0.3668777144931507 0.7140115885967135 -0.5963121615042575
outer loop
vertex -41.551666259765625 54.99769973754883 -8.052807807922363
vertex -42.39667892456055 56.32217788696289 -6.986794948577881
vertex -41.34162139892578 55.49388885498047 -7.3294525146484375
endloop
endfacet
facet normal 0.36191142345317984 0.7106062382693211 -0.6033729325274858
outer loop
vertex -42.39667892456055 56.32217788696289 -6.986794948577881
vertex -51.565956115722656 61.54865264892578 -6.3313140869140625
vertex -51.535396575927734 61.605831146240234 -6.245643615722656
endloop
endfacet
facet normal 0.36191289574908797 0.71060839232953 -0.6033695125222609
outer loop
vertex -42.39667892456055 56.32217788696289 -6.986794948577881
vertex -51.6903190612793 61.397117614746094 -6.584377288818359
vertex -51.565956115722656 61.54865264892578 -6.3313140869140625
endloop
endfacet
facet normal 0.36139414002806025 0.710981418234165 -0.6032409953568424
outer loop
vertex -41.551666259765625 54.99769973754883 -8.052807807922363
vertex -51.84185791015625 61.27275466918945 -6.821736812591553
vertex -51.6903190612793 61.397117614746094 -6.584377288818359
endloop
endfacet
facet normal 0.361430623274321 0.711026526102679 -0.6031659669924126
outer loop
vertex -41.551666259765625 54.99769973754883 -8.052807807922363
vertex -52.01474380493164 61.18034362792969 -7.034270286560059
vertex -51.84185791015625 61.27275466918945 -6.821736812591553
endloop
endfacet
facet normal 0.3619148601258692 0.7106109076957786 -0.6033653717971011
outer loop
vertex -53.32130813598633 62.486907958984375 -6.279193878173828
vertex -59.14869689941406 66.0075454711914 -5.628203868865967
vertex -53.25946044921875 62.60261535644531 -6.1058220863342285
endloop
endfacet
facet normal 0.36191072232499016 0.7106056604062144 -0.6033740336349018
outer loop
vertex -59.14869689941406 66.0075454711914 -5.628203868865967
vertex -53.32130813598633 62.486907958984375 -6.279193878173828
vertex -53.378211975097656 62.299312591552734 -6.534260272979736
endloop
endfacet
facet normal 0.36192005585698267 0.7106163975353481 -0.6033557894993324
outer loop
vertex -59.68673324584961 66.2701644897461 -5.641632556915283
vertex -59.54677200317383 66.21680450439453 -5.620523452758789
vertex -53.378211975097656 62.299312591552734 -6.534260272979736
endloop
endfacet
facet normal 0.3619032245450022 0.7105974533425353 -0.6033881962443688
outer loop
vertex -59.54677200317383 66.21680450439453 -5.620523452758789
vertex -59.14869689941406 66.0075454711914 -5.628203868865967
vertex -53.378211975097656 62.299312591552734 -6.534260272979736
endloop
endfacet
facet normal 0.3619110411692601 0.7106062662451986 -0.6033731288786732
outer loop
vertex -53.38187026977539 61.946250915527344 -6.95226526260376
vertex -59.937496185302734 65.80380249023438 -6.3412885665893555
vertex -59.68673324584961 66.2701644897461 -5.641632556915283
endloop
endfacet
facet normal 0.361910856935234 0.7106058231076281 -0.6033737612773157
outer loop
vertex -53.378211975097656 62.299312591552734 -6.534260272979736
vertex -53.39742660522461 62.10422134399414 -6.775548458099365
vertex -59.68673324584961 66.2701644897461 -5.641632556915283
endloop
endfacet
facet normal 0.3619142714951315 0.7106093045598485 -0.603367612953427
outer loop
vertex -53.39742660522461 62.10422134399414 -6.775548458099365
vertex -53.38187026977539 61.946250915527344 -6.95226526260376
vertex -59.68673324584961 66.2701644897461 -5.641632556915283
endloop
endfacet
facet normal 0.3614782052350897 0.7110900203919516 -0.6030625921403122
outer loop
vertex -41.551666259765625 54.99769973754883 -8.052807807922363
vertex -52.057979583740234 61.16722869873047 -7.075650215148926
vertex -52.01474380493164 61.18034362792969 -7.034270286560059
endloop
endfacet
facet normal 0.36386315669556013 0.713787678095315 -0.5984235571890877
outer loop
vertex -41.551666259765625 54.99769973754883 -8.052807807922363
vertex -51.6903190612793 61.397117614746094 -6.584377288818359
vertex -42.39667892456055 56.32217788696289 -6.986794948577881
endloop
endfacet
facet normal 0.3209360825576708 0.7349674140140735 -0.5973465754903107
outer loop
vertex -41.23063278198242 55.431427001953125 -7.346673965454102
vertex -41.551666259765625 54.99769973754883 -8.052807807922363
vertex -41.34162139892578 55.49388885498047 -7.3294525146484375
endloop
endfacet
facet normal 0.3312950626348542 0.7293341337276027 -0.5985944393774263
outer loop
vertex -40.93043899536133 55.263519287109375 -7.385110855102539
vertex -41.16484069824219 54.79573440551758 -8.084795951843262
vertex -41.23063278198242 55.431427001953125 -7.346673965454102
endloop
endfacet
facet normal 0.3312924303606656 0.729334721431197 -0.5985951801514958
outer loop
vertex -41.16484069824219 54.79573440551758 -8.084795951843262
vertex -41.551666259765625 54.99769973754883 -8.052807807922363
vertex -41.23063278198242 55.431427001953125 -7.346673965454102
endloop
endfacet
facet normal 0.2032232117885539 0.7795506346156758 -0.592453487001842
outer loop
vertex -60.42659378051758 66.5522232055664 -5.524286270141602
vertex -59.68673324584961 66.2701644897461 -5.641632556915283
vertex -59.937496185302734 65.80380249023438 -6.3412885665893555
endloop
endfacet
facet normal 0.2032303772752389 0.7795514553014683 -0.5924499491855214
outer loop
vertex -59.937496185302734 65.80380249023438 -6.3412885665893555
vertex -61.26943588256836 66.72735595703125 -5.582968235015869
vertex -60.42659378051758 66.5522232055664 -5.524286270141602
endloop
endfacet
facet normal 0.20319326553712785 0.7795307517678882 -0.5924899188075265
outer loop
vertex -59.937496185302734 65.80380249023438 -6.3412885665893555
vertex -61.318904876708984 66.72972106933594 -5.5968217849731445
vertex -61.26943588256836 66.72735595703125 -5.582968235015869
endloop
endfacet
facet normal 0.20322946160608552 0.7795521425569486 -0.5924493589921179
outer loop
vertex -61.39729690551758 66.2364501953125 -6.272764682769775
vertex -61.318904876708984 66.72972106933594 -5.5968217849731445
vertex -59.937496185302734 65.80380249023438 -6.3412885665893555
endloop
endfacet
facet normal -0.02023773746795462 0.8087329871211091 -0.587827686932443
outer loop
vertex -62.208003997802734 66.77228546142578 -5.5076518058776855
vertex -61.318904876708984 66.72972106933594 -5.5968217849731445
vertex -61.39729690551758 66.2364501953125 -6.272764682769775
endloop
endfacet
facet normal -0.020246325547724056 0.8087284615773432 -0.5878336173923361
outer loop
vertex -61.39729690551758 66.2364501953125 -6.272764682769775
vertex -62.993255615234375 66.68446350097656 -5.601429462432861
vertex -62.208003997802734 66.77228546142578 -5.5076518058776855
endloop
endfacet
facet normal -0.020243873865440295 0.8087313555649284 -0.5878297203247156
outer loop
vertex -62.993255615234375 66.68446350097656 -5.601429462432861
vertex -61.39729690551758 66.2364501953125 -6.272764682769775
vertex -62.88066864013672 66.19448852539062 -6.279410362243652
endloop
endfacet
facet normal -0.24146219974801814 0.7670366992917735 -0.594433098029063
outer loop
vertex -62.88066864013672 66.19448852539062 -6.279410362243652
vertex -63.06351852416992 66.67660522460938 -5.583028316497803
vertex -62.993255615234375 66.68446350097656 -5.601429462432861
endloop
endfacet
facet normal -0.24145323454032752 0.7670397232999375 -0.5944328375939278
outer loop
vertex -62.88066864013672 66.19448852539062 -6.279410362243652
vertex -63.96951675415039 66.42741394042969 -5.536569595336914
vertex -63.06351852416992 66.67660522460938 -5.583028316497803
endloop
endfacet
facet normal -0.24145232865608957 0.7670407805730757 -0.5944318412773651
outer loop
vertex -62.88066864013672 66.19448852539062 -6.279410362243652
vertex -64.58895111083984 66.1451187133789 -5.649228572845459
vertex -63.96951675415039 66.42741394042969 -5.536569595336914
endloop
endfacet
facet normal -0.24145408698910495 0.7670362586638163 -0.594436961982743
outer loop
vertex -64.2787094116211 65.69282531738281 -6.358865737915039
vertex -64.58895111083984 66.1451187133789 -5.649228572845459
vertex -62.88066864013672 66.19448852539062 -6.279410362243652
endloop
endfacet
facet normal -0.43730866741878527 0.6594352343344635 -0.6114787822309597
outer loop
vertex -65.53642272949219 65.55182647705078 -5.611442565917969
vertex -65.4289321899414 64.7987289428711 -6.500476837158203
vertex -65.97052001953125 65.15238189697266 -5.731762886047363
endloop
endfacet
facet normal -0.4373228911530145 0.6594244361090181 -0.6114802547391635
outer loop
vertex -64.2787094116211 65.69282531738281 -6.358865737915039
vertex -64.75285339355469 66.07041931152344 -5.6125640869140625
vertex -64.58895111083984 66.1451187133789 -5.649228572845459
endloop
endfacet
facet normal -0.4373112768205836 0.659434336067525 -0.6114778847846692
outer loop
vertex -64.2787094116211 65.69282531738281 -6.358865737915039
vertex -65.53642272949219 65.55182647705078 -5.611442565917969
vertex -64.75285339355469 66.07041931152344 -5.6125640869140625
endloop
endfacet
facet normal -0.43731138066015285 0.6594340562261628 -0.6114781123100164
outer loop
vertex -65.4289321899414 64.7987289428711 -6.500476837158203
vertex -65.53642272949219 65.55182647705078 -5.611442565917969
vertex -64.2787094116211 65.69282531738281 -6.358865737915039
endloop
endfacet
facet normal -0.6120416321766504 0.4603800310274902 -0.6430048736313505
outer loop
vertex -65.4289321899414 64.7987289428711 -6.500476837158203
vertex -76.4386978149414 47.48043441772461 -8.420465469360352
vertex -66.75332641601562 64.23235321044922 -5.64537239074707
endloop
endfacet
facet normal -0.6120491790336156 0.460366923599007 -0.6430070746891231
outer loop
vertex -65.4289321899414 64.7987289428711 -6.500476837158203
vertex -66.16989135742188 64.96891784667969 -5.673343181610107
vertex -65.97052001953125 65.15238189697266 -5.731762886047363
endloop
endfacet
facet normal -0.6120415868859201 0.46038214253453336 -0.6430034049345906
outer loop
vertex -65.4289321899414 64.7987289428711 -6.500476837158203
vertex -66.75332641601562 64.23235321044922 -5.64537239074707
vertex -66.16989135742188 64.96891784667969 -5.673343181610107
endloop
endfacet
facet normal -0.6120557696632486 0.46035430748382883 -0.6430098338307221
outer loop
vertex -75.73619842529297 47.20372772216797 -9.287251472473145
vertex -76.49952697753906 47.364707946777344 -8.445417404174805
vertex -76.4386978149414 47.48043441772461 -8.420465469360352
endloop
endfacet
facet normal -0.6120408773522227 0.4603796602477387 -0.6430058575783725
outer loop
vertex -65.4289321899414 64.7987289428711 -6.500476837158203
vertex -75.73619842529297 47.20372772216797 -9.287251472473145
vertex -76.4386978149414 47.48043441772461 -8.420465469360352
endloop
endfacet
facet normal -0.6925597635289861 0.25154728413267613 -0.6760805704841323
outer loop
vertex -77.18838500976562 44.73543167114258 -8.718059539794922
vertex -77.15850830078125 45.35969543457031 -8.516396522521973
vertex -76.22136688232422 44.87796401977539 -9.655616760253906
endloop
endfacet
facet normal -0.6925571253872187 0.25156239559231924 -0.6760776502734327
outer loop
vertex -76.64795684814453 47.082359313964844 -8.398428916931152
vertex -76.49952697753906 47.364707946777344 -8.445417404174805
vertex -75.73619842529297 47.20372772216797 -9.287251472473145
endloop
endfacet
facet normal -0.6925583199393341 0.25155199770200787 -0.6760802954789733
outer loop
vertex -75.73619842529297 47.20372772216797 -9.287251472473145
vertex -76.9833755493164 46.20254135131836 -8.382192611694336
vertex -76.64795684814453 47.082359313964844 -8.398428916931152
endloop
endfacet
facet normal -0.6925592526056736 0.2515550497600061 -0.676078204478233
outer loop
vertex -75.73619842529297 47.20372772216797 -9.287251472473145
vertex -77.15850830078125 45.35969543457031 -8.516396522521973
vertex -76.9833755493164 46.20254135131836 -8.382192611694336
endloop
endfacet
facet normal -0.6925574954814622 0.25155255384385455 -0.6760809331042247
outer loop
vertex -75.73619842529297 47.20372772216797 -9.287251472473145
vertex -76.22136688232422 44.87796401977539 -9.655616760253906
vertex -77.15850830078125 45.35969543457031 -8.516396522521973
endloop
endfacet
facet normal -0.6942457835046076 -0.021978269614511912 -0.7194023545630257
outer loop
vertex -76.22136688232422 44.87796401977539 -9.655616760253906
vertex -77.20343017578125 44.42112731933594 -8.693938255310059
vertex -77.18838500976562 44.73543167114258 -8.718059539794922
endloop
endfacet
facet normal -0.6942455881695268 -0.021975826852805056 -0.7194026176914311
outer loop
vertex -76.85856628417969 42.971702575683594 -8.982468605041504
vertex -77.10775756835938 43.56561279296875 -8.760133743286133
vertex -76.22136688232422 44.87796401977539 -9.655616760253906
endloop
endfacet
facet normal -0.6942468125415695 -0.021974226994777777 -0.7194014850025351
outer loop
vertex -76.22136688232422 44.87796401977539 -9.655616760253906
vertex -77.10775756835938 43.56561279296875 -8.760133743286133
vertex -77.20343017578125 44.42112731933594 -8.693938255310059
endloop
endfacet
facet normal -0.7018154832316823 -0.02799490726081968 -0.7118084803258095
outer loop
vertex -76.85856628417969 42.971702575683594 -8.982468605041504
vertex -76.9319076538086 42.92626953125 -8.908370018005371
vertex -77.10775756835938 43.56561279296875 -8.760133743286133
endloop
endfacet
facet normal -0.6942463092623146 -0.0219753452787778 -0.719401936524731
outer loop
vertex -76.22136688232422 44.87796401977539 -9.655616760253906
vertex -75.94189453125 43.45045471191406 -9.88171100616455
vertex -76.85856628417969 42.971702575683594 -8.982468605041504
endloop
endfacet
facet normal -0.6190752642777569 -0.2268573858392583 -0.751852075643609
outer loop
vertex -76.85856628417969 42.971702575683594 -8.982468605041504
vertex -75.94189453125 43.45045471191406 -9.88171100616455
vertex -76.85856628417969 42.65961456298828 -8.888301849365234
endloop
endfacet
facet normal -0.6190739196297367 -0.22685952458808312 -0.7518525374951815
outer loop
vertex -75.94189453125 43.45045471191406 -9.88171100616455
vertex -76.50157165527344 41.87628173828125 -8.945892333984375
vertex -76.85856628417969 42.65961456298828 -8.888301849365234
endloop
endfacet
facet normal -0.6190641375844017 -0.22686254623396895 -0.7518596801751782
outer loop
vertex -75.94189453125 43.45045471191406 -9.88171100616455
vertex -75.98297119140625 41.4047966003418 -9.230642318725586
vertex -76.11581420898438 41.29342269897461 -9.08765697479248
endloop
endfacet
facet normal -0.6190748810845889 -0.22685883569654003 -0.7518519536960134
outer loop
vertex -75.94189453125 43.45045471191406 -9.88171100616455
vertex -76.11581420898438 41.29342269897461 -9.08765697479248
vertex -76.50157165527344 41.87628173828125 -8.945892333984375
endloop
endfacet
facet normal -0.6190769294657585 -0.22685925336376445 -0.7518501410297689
outer loop
vertex -75.94189453125 43.45045471191406 -9.88171100616455
vertex -75.21379089355469 42.14748001098633 -10.088082313537598
vertex -75.98297119140625 41.4047966003418 -9.230642318725586
endloop
endfacet
facet normal -0.6190796958292738 -0.22685637670608055 -0.7518487311685262
outer loop
vertex -76.85856628417969 42.971702575683594 -8.982468605041504
vertex -76.85856628417969 42.65961456298828 -8.888301849365234
vertex -76.9319076538086 42.92626953125 -8.908370018005371
endloop
endfacet
facet normal -0.48258962360444824 -0.39984650960469426 -0.7792496544408989
outer loop
vertex -75.21379089355469 42.14748001098633 -10.088082313537598
vertex -74.08383178710938 41.10536193847656 -10.253137588500977
vertex -74.66349792480469 40.18789291381836 -9.423380851745605
endloop
endfacet
facet normal -0.48259524652448754 -0.3998420356191139 -0.7792484678098073
outer loop
vertex -75.21379089355469 42.14748001098633 -10.088082313537598
vertex -75.98297119140625 41.092708587646484 -9.07050609588623
vertex -75.98297119140625 41.4047966003418 -9.230642318725586
endloop
endfacet
facet normal -0.48259231910624395 -0.39984463346078464 -0.7792489477902861
outer loop
vertex -75.98297119140625 41.092708587646484 -9.07050609588623
vertex -75.21379089355469 42.14748001098633 -10.088082313537598
vertex -75.40007019042969 40.4592399597168 -9.106456756591797
endloop
endfacet
facet normal -0.4825794410309801 -0.3998458959510594 -0.779256275294156
outer loop
vertex -74.66349792480469 40.18789291381836 -9.423380851745605
vertex -74.80426025390625 39.987300872802734 -9.233283042907715
vertex -75.21379089355469 42.14748001098633 -10.088082313537598
endloop
endfacet
facet normal -0.4984043139345865 -0.39577954480852034 -0.7713311168120696
outer loop
vertex -76.11581420898438 41.29342269897461 -9.08765697479248
vertex -75.98297119140625 41.4047966003418 -9.230642318725586
vertex -75.98297119140625 41.092708587646484 -9.07050609588623
endloop
endfacet
facet normal -0.4825902046203227 -0.3998453996040039 -0.7792498641771004
outer loop
vertex -75.21379089355469 42.14748001098633 -10.088082313537598
vertex -74.80426025390625 39.987300872802734 -9.233283042907715
vertex -75.40007019042969 40.4592399597168 -9.106456756591797
endloop
endfacet
facet normal -0.35840071685415126 -0.49142874417830573 -0.7937548208066291
outer loop
vertex -74.66349792480469 40.18789291381836 -9.423380851745605
vertex -74.08383178710938 41.10536193847656 -10.253137588500977
vertex -74.66349792480469 39.87580871582031 -9.23016357421875
endloop
endfacet
facet normal -0.3590552733887437 -0.49106257832181394 -0.793685614600433
outer loop
vertex -74.66349792480469 39.87580871582031 -9.23016357421875
vertex -74.08383178710938 41.10536193847656 -10.253137588500977
vertex -68.89778137207031 36.5273551940918 -9.7667875289917
endloop
endfacet
facet normal -0.3601971525694845 -0.49222458288444043 -0.7924474564821786
outer loop
vertex -68.89778137207031 36.5273551940918 -9.7667875289917
vertex -74.08383178710938 41.10536193847656 -10.253137588500977
vertex -68.29373168945312 37.72919845581055 -10.787869453430176
endloop
endfacet
facet normal -0.36986574570963404 -0.48906909107129426 -0.7899435133662118
outer loop
vertex -74.80426025390625 39.987300872802734 -9.233283042907715
vertex -74.66349792480469 40.18789291381836 -9.423380851745605
vertex -74.66349792480469 39.87580871582031 -9.23016357421875
endloop
endfacet
facet normal -0.5562935465688601 -0.32051456371237314 -0.7666863142733842
outer loop
vertex -68.33085632324219 36.17353439331055 -9.91158676147461
vertex -67.45848846435547 37.023067474365234 -10.899709701538086
vertex -68.08494567871094 35.979881286621094 -10.009057998657227
endloop
endfacet
facet normal -0.5676718762171327 -0.3144787123372604 -0.7608230940493454
outer loop
vertex -67.45848846435547 37.023067474365234 -10.899709701538086
vertex -66.98968505859375 36.4112548828125 -10.996610641479492
vertex -67.7740249633789 35.645320892333984 -10.09480094909668
endloop
endfacet
facet normal -0.5563032674703107 -0.32050582357832486 -0.7666829146747929
outer loop
vertex -68.08494567871094 35.979881286621094 -10.009057998657227
vertex -67.45848846435547 37.023067474365234 -10.899709701538086
vertex -67.7740249633789 35.645320892333984 -10.09480094909668
endloop
endfacet
facet normal -0.5295775469323273 -0.3532227399284967 -0.7712206673725388
outer loop
vertex -67.69440460205078 37.285884857177734 -10.858083724975586
vertex -67.45848846435547 37.023067474365234 -10.899709701538086
vertex -68.33085632324219 36.17353439331055 -9.91158676147461
endloop
endfacet
facet normal -0.4496642743276909 -0.4308245004197803 -0.7824271788680387
outer loop
vertex -68.14341735839844 37.64984130859375 -10.800437927246094
vertex -67.69440460205078 37.285884857177734 -10.858083724975586
vertex -68.50874328613281 36.30141830444336 -9.848007202148438
endloop
endfacet
facet normal -0.5205876711589699 -0.36064689661018073 -0.7739006994458176
outer loop
vertex -68.33085632324219 36.17353439331055 -9.91158676147461
vertex -68.44972229003906 36.26714324951172 -9.875250816345215
vertex -67.69440460205078 37.285884857177734 -10.858083724975586
endloop
endfacet
facet normal -0.5479090311002779 -0.3337899677479075 -0.7670592878452132
outer loop
vertex -68.50874328613281 36.30141830444336 -9.848007202148438
vertex -67.69440460205078 37.285884857177734 -10.858083724975586
vertex -68.44972229003906 36.26714324951172 -9.875250816345215
endloop
endfacet
facet normal -0.44967031414928693 -0.43082155703984604 -0.7824253284260706
outer loop
vertex -68.81018829345703 36.47648620605469 -9.771159172058105
vertex -68.14341735839844 37.64984130859375 -10.800437927246094
vertex -68.50874328613281 36.30141830444336 -9.848007202148438
endloop
endfacet
facet normal -0.3341307254784672 -0.5070723513802925 -0.7945025416931619
outer loop
vertex -68.14341735839844 37.64984130859375 -10.800437927246094
vertex -68.81018829345703 36.47648620605469 -9.771159172058105
vertex -68.89778137207031 36.5273551940918 -9.7667875289917
endloop
endfacet
facet normal -0.334134973341456 -0.5070695172138806 -0.7945025640629402
outer loop
vertex -68.89778137207031 36.5273551940918 -9.7667875289917
vertex -68.29373168945312 37.72919845581055 -10.787869453430176
vertex -68.14341735839844 37.64984130859375 -10.800437927246094
endloop
endfacet
facet normal -0.7073817867052755 0.10889330676227679 -0.6983933387282764
outer loop
vertex -66.34774017333984 34.61968231201172 -11.28036880493164
vertex -67.12184143066406 33.928531646728516 -10.604068756103516
vertex -67.1816177368164 34.388973236083984 -10.471731185913086
endloop
endfacet
facet normal -0.7071033866918561 0.10900015986371597 -0.6986585472736963
outer loop
vertex -66.34774017333984 34.61968231201172 -11.28036880493164
vertex -67.0741958618164 -66.53557586669922 -26.326717376708984
vertex -67.11784362792969 -66.1335220336914 -26.219816207885742
endloop
endfacet
facet normal -0.707103143868751 0.10900019388564733 -0.6986587877238931
outer loop
vertex -66.11150360107422 -66.22232818603516 -27.252174377441406
vertex -67.0741958618164 -66.53557586669922 -26.326717376708984
vertex -66.34774017333984 34.61968231201172 -11.28036880493164
endloop
endfacet
facet normal -0.707171510184 0.10563316274400389 -0.6991066371540035
outer loop
vertex -67.20905303955078 34.482948303222656 -10.429780006408691
vertex -66.34774017333984 34.61968231201172 -11.28036880493164
vertex -67.1816177368164 34.388973236083984 -10.471731185913086
endloop
endfacet
facet normal -0.7074076662178007 0.10895778306911252 -0.6983570686152958
outer loop
vertex -66.34774017333984 34.61968231201172 -11.28036880493164
vertex -67.11784362792969 -66.1335220336914 -26.219816207885742
vertex -67.12184143066406 33.928531646728516 -10.604068756103516
endloop
endfacet
facet normal -0.6251157259908706 -0.21967166573472147 -0.7489824353028847
outer loop
vertex -66.846435546875 36.238853454589844 -11.023916244506836
vertex -66.57261657714844 35.732887268066406 -11.10405445098877
vertex -67.50904846191406 35.254966735839844 -10.182318687438965
endloop
endfacet
facet normal -0.6251114716323913 -0.21967638433904998 -0.7489846021096215
outer loop
vertex -67.69020080566406 35.52326202392578 -10.109817504882812
vertex -66.846435546875 36.238853454589844 -11.023916244506836
vertex -67.50904846191406 35.254966735839844 -10.182318687438965
endloop
endfacet
facet normal -0.5767536802826185 -0.3027396289548788 -0.7587515465161949
outer loop
vertex -67.7740249633789 35.645320892333984 -10.09480094909668
vertex -66.98968505859375 36.4112548828125 -10.996610641479492
vertex -67.69020080566406 35.52326202392578 -10.109817504882812
endloop
endfacet
facet normal -0.6251179409852932 -0.21966661641318316 -0.7489820675369278
outer loop
vertex -67.50904846191406 35.254966735839844 -10.182318687438965
vertex -66.57261657714844 35.732887268066406 -11.10405445098877
vertex -67.48551177978516 35.204833984375 -10.187259674072266
endloop
endfacet
facet normal -0.7053973912044533 0.04173127080341717 -0.7075825192294417
outer loop
vertex -66.40399932861328 35.18387985229492 -11.191008567810059
vertex -66.34774017333984 34.61968231201172 -11.28036880493164
vertex -67.20905303955078 34.482948303222656 -10.429780006408691
endloop
endfacet
facet normal -0.6764628616582229 -0.09203078926956514 -0.7307039965838349
outer loop
vertex -66.57261657714844 35.732887268066406 -11.10405445098877
vertex -66.40399932861328 35.18387985229492 -11.191008567810059
vertex -67.31172943115234 34.83467483520508 -10.306678771972656
endloop
endfacet
facet normal -0.681089989251116 -0.08514162280926381 -0.7272326523247701
outer loop
vertex -67.31172943115234 34.83467483520508 -10.306678771972656
vertex -67.48551177978516 35.204833984375 -10.187259674072266
vertex -66.57261657714844 35.732887268066406 -11.10405445098877
endloop
endfacet
facet normal -0.5479189928922572 -0.33378024253769784 -0.7670564040013031
outer loop
vertex -66.846435546875 36.238853454589844 -11.023916244506836
vertex -67.69020080566406 35.52326202392578 -10.109817504882812
vertex -66.98968505859375 36.4112548828125 -10.996610641479492
endloop
endfacet
facet normal -0.7053961219065858 0.04172824492249197 -0.7075839630565673
outer loop
vertex -67.20905303955078 34.482948303222656 -10.429780006408691
vertex -67.31172943115234 34.83467483520508 -10.306678771972656
vertex -66.40399932861328 35.18387985229492 -11.191008567810059
endloop
endfacet
facet normal -0.6674699137370422 -0.11992295174018036 -0.7349165938402723
outer loop
vertex -66.11150360107422 -66.22232818603516 -27.252174377441406
vertex -67.0741958618164 -66.84766387939453 -26.27579116821289
vertex -67.0741958618164 -66.53557586669922 -26.326717376708984
endloop
endfacet
facet normal -0.6674715355095434 -0.11992297576727132 -0.7349151169813115
outer loop
vertex -66.11150360107422 -66.22232818603516 -27.252174377441406
vertex -66.79014587402344 -68.05311584472656 -26.337064743041992
vertex -66.96501159667969 -67.45812225341797 -26.27533721923828
endloop
endfacet
facet normal -0.6674680681986128 -0.11992730170745403 -0.7349175601660237
outer loop
vertex -66.11150360107422 -66.22232818603516 -27.252174377441406
vertex -66.96501159667969 -67.45812225341797 -26.27533721923828
vertex -67.0741958618164 -66.84766387939453 -26.27579116821289
endloop
endfacet
facet normal -0.6674839381079036 -0.1199195591985567 -0.7349044098994018
outer loop
vertex -66.11150360107422 -66.22232818603516 -27.252174377441406
vertex -66.25240325927734 -68.85665130615234 -26.694339752197266
vertex -66.3793716430664 -68.93828582763672 -26.565698623657227
endloop
endfacet
facet normal -0.6674701866580448 -0.1199240042205579 -0.7349161742228718
outer loop
vertex -66.11150360107422 -66.22232818603516 -27.252174377441406
vertex -66.55166625976562 -68.62557983398438 -26.460243225097656
vertex -66.79014587402344 -68.05311584472656 -26.337064743041992
endloop
endfacet
facet normal -0.6674709626335091 -0.1199236489645644 -0.7349155274316365
outer loop
vertex -66.11150360107422 -66.22232818603516 -27.252174377441406
vertex -66.3793716430664 -68.93828582763672 -26.565698623657227
vertex -66.55166625976562 -68.62557983398438 -26.460243225097656
endloop
endfacet
facet normal -0.6674721545142639 -0.11992235901179665 -0.734914655424106
outer loop
vertex -66.11150360107422 -66.22232818603516 -27.252174377441406
vertex -65.41326904296875 -68.19444274902344 -27.564525604248047
vertex -66.25240325927734 -68.85665130615234 -26.694339752197266
endloop
endfacet
facet normal -0.5341244797258683 -0.3683580016769178 -0.7609358861022119
outer loop
vertex -66.3793716430664 -68.93828582763672 -26.565698623657227
vertex -66.25240325927734 -68.85665130615234 -26.694339752197266
vertex -66.25240325927734 -69.16873931884766 -26.543262481689453
endloop
endfacet
facet normal -0.507850426709187 -0.3753514164291048 -0.7753704006963135
outer loop
vertex -65.41326904296875 -68.19444274902344 -27.564525604248047
vertex -65.4863510131836 -70.14186096191406 -26.57392692565918
vertex -65.89588928222656 -69.6761703491211 -26.531126022338867
endloop
endfacet
facet normal -0.5078487764550677 -0.37535238183507574 -0.7753710142272705
outer loop
vertex -65.89588928222656 -69.6761703491211 -26.531126022338867
vertex -66.25240325927734 -69.16873931884766 -26.543262481689453
vertex -65.41326904296875 -68.19444274902344 -27.564525604248047
endloop
endfacet
facet normal -0.5078556627803129 -0.3753453109511399 -0.7753699267633233
outer loop
vertex -65.41326904296875 -68.19444274902344 -27.564525604248047
vertex -66.25240325927734 -69.16873931884766 -26.543262481689453
vertex -66.25240325927734 -68.85665130615234 -26.694339752197266
endloop
endfacet
facet normal -0.5078497790465318 -0.3753516090769743 -0.7753707316411389
outer loop
vertex -63.9854850769043 -69.6500015258789 -27.79506492614746
vertex -65.4863510131836 -70.14186096191406 -26.57392692565918
vertex -65.41326904296875 -68.19444274902344 -27.564525604248047
endloop
endfacet
facet normal -0.5078512715522449 -0.3753575187630056 -0.775366893213044
outer loop
vertex -64.52816772460938 -70.61443328857422 -26.972745895385742
vertex -64.67213439941406 -70.8211669921875 -26.778369903564453
vertex -65.4863510131836 -70.14186096191406 -26.57392692565918
endloop
endfacet
facet normal -0.5078127023581123 -0.3752945081892957 -0.7754226534263143
outer loop
vertex -65.4863510131836 -70.14186096191406 -26.57392692565918
vertex -64.67213439941406 -70.8211669921875 -26.778369903564453
vertex -65.02864074707031 -70.56029510498047 -26.671157836914062
endloop
endfacet
facet normal -0.5078498717999503 -0.3753514120359085 -0.7753707662759949
outer loop
vertex -63.9854850769043 -69.6500015258789 -27.79506492614746
vertex -64.52816772460938 -70.61443328857422 -26.972745895385742
vertex -65.4863510131836 -70.14186096191406 -26.57392692565918
endloop
endfacet
facet normal -0.388997193239502 -0.47261036969432796 -0.7907721682692052
outer loop
vertex -64.52816772460938 -70.61443328857422 -26.972745895385742
vertex -64.63209533691406 -70.85047149658203 -26.78055191040039
vertex -64.67213439941406 -70.8211669921875 -26.778369903564453
endloop
endfacet
facet normal -0.2515123292540118 -0.5421120573101834 -0.8017830539192894
outer loop
vertex -64.52816772460938 -70.61443328857422 -26.972745895385742
vertex -63.9854850769043 -69.6500015258789 -27.79506492614746
vertex -63.990875244140625 -71.23619842529297 -26.72089385986328
endloop
endfacet
facet normal -0.251511567033543 -0.5421121701520115 -0.8017832167247005
outer loop
vertex -63.990875244140625 -71.23619842529297 -26.72089385986328
vertex -63.9854850769043 -69.6500015258789 -27.79506492614746
vertex -63.42311096191406 -71.48566436767578 -26.730323791503906
endloop
endfacet
facet normal -0.25151216286897177 -0.5421116336859432 -0.8017833925389884
outer loop
vertex -63.9854850769043 -69.6500015258789 -27.79506492614746
vertex -62.045841217041016 -70.37910461425781 -27.91054344177246
vertex -62.22335433959961 -71.48080444335938 -27.10996437072754
endloop
endfacet
facet normal -0.25151712263251746 -0.5421149788282347 -0.8017795749161498
outer loop
vertex -63.9854850769043 -69.6500015258789 -27.79506492614746
vertex -62.22335433959961 -71.48080444335938 -27.10996437072754
vertex -62.295860290527344 -71.77847290039062 -26.885953903198242
endloop
endfacet
facet normal -0.2515150506165214 -0.5421124814543443 -0.8017819134682335
outer loop
vertex -63.42311096191406 -71.48566436767578 -26.730323791503906
vertex -63.9854850769043 -69.6500015258789 -27.79506492614746
vertex -62.83160400390625 -71.67196655273438 -26.7899112701416
endloop
endfacet
facet normal -0.2515079242353687 -0.542110269415879 -0.8017856445713275
outer loop
vertex -62.83160400390625 -71.67196655273438 -26.7899112701416
vertex -63.9854850769043 -69.6500015258789 -27.79506492614746
vertex -62.295860290527344 -71.77847290039062 -26.885953903198242
endloop
endfacet
facet normal -0.2515047157215354 -0.5421145057586613 -0.8017837867005494
outer loop
vertex -64.52816772460938 -70.61443328857422 -26.972745895385742
vertex -64.52816772460938 -70.92652130126953 -26.76173210144043
vertex -64.63209533691406 -70.85047149658203 -26.78055191040039
endloop
endfacet
facet normal -0.25151418003419684 -0.5421131281895251 -0.801781749284862
outer loop
vertex -64.52816772460938 -70.61443328857422 -26.972745895385742
vertex -63.990875244140625 -71.23619842529297 -26.72089385986328
vertex -64.52816772460938 -70.92652130126953 -26.76173210144043
endloop
endfacet
facet normal -0.12825380553686483 -0.5762037799242918 -0.8071803796960566
outer loop
vertex -62.295860290527344 -71.77847290039062 -26.885953903198242
vertex -62.22335433959961 -71.48080444335938 -27.10996437072754
vertex -62.24802780151367 -71.7879867553711 -26.886762619018555
endloop
endfacet
facet normal -0.0006312318147992717 -0.5877825637451743 -0.80901870145476
outer loop
vertex -4.259966850280762 -71.84814453125 -26.891971588134766
vertex -4.376310348510742 -70.43408203125 -27.91925048828125
vertex -4.259966850280762 -71.53605651855469 -27.118715286254883
endloop
endfacet
facet normal -0.0006626371271830293 -0.5877860351203117 -0.8090161542451307
outer loop
vertex -62.22335433959961 -71.48080444335938 -27.10996437072754
vertex -62.045841217041016 -70.37910461425781 -27.91054344177246
vertex -62.24802780151367 -71.7879867553711 -26.886762619018555
endloop
endfacet
facet normal -0.0006799382746385086 -0.5877844033310465 -0.8090173254539783
outer loop
vertex -62.24802780151367 -71.7879867553711 -26.886762619018555
vertex -62.045841217041016 -70.37910461425781 -27.91054344177246
vertex -61.60557174682617 -71.84700775146484 -26.84442138671875
endloop
endfacet
facet normal -0.0006824777861717373 -0.5877849008994057 -0.8090169618115229
outer loop
vertex -61.60557174682617 -71.84700775146484 -26.84442138671875
vertex -62.045841217041016 -70.37910461425781 -27.91054344177246
vertex -4.259966850280762 -71.84814453125 -26.891971588134766
endloop
endfacet
facet normal -0.0006824932152892792 -0.5877853044943596 -0.8090166685696184
outer loop
vertex -4.259966850280762 -71.84814453125 -26.891971588134766
vertex -62.045841217041016 -70.37910461425781 -27.91054344177246
vertex -4.376310348510742 -70.43408203125 -27.91925048828125
endloop
endfacet
facet normal 0.05681430030954653 -0.5868332725984851 -0.8077121055497987
outer loop
vertex -4.259966850280762 -71.84814453125 -26.891971588134766
vertex -4.259966850280762 -71.53605651855469 -27.118715286254883
vertex -4.210799694061279 -71.84442138671875 -26.891218185424805
endloop
endfacet
facet normal 0 -1 0
outer loop
vertex -0.3178407847881317 -65.60100555419922 -3.450000047683716
vertex 1.932159185409546 -65.60100555419922 -5.699999809265137
vertex 11.682159423828125 -65.60100555419922 -3.450000047683716
endloop
endfacet
facet normal -1 0 0
outer loop
vertex 13.182159423828125 -65.60100555419922 -4.949999809265137
vertex 13.182159423828125 -67.10443878173828 -9.949999809265137
vertex 13.182159423828125 -67.10443878173828 -4.949999809265137
endloop
endfacet
facet normal 0 -1 0
outer loop
vertex 1.5494757890701294 -65.60100555419922 -5.776120662689209
vertex 1.932159185409546 -65.60100555419922 -5.699999809265137
vertex -0.3178407847881317 -65.60100555419922 -3.450000047683716
endloop
endfacet
facet normal 0 -1 0
outer loop
vertex 11.682159423828125 -65.60100555419922 -3.450000047683716
vertex 12.256184577941895 -65.60100555419922 -11.335819244384766
vertex 12.256184577941895 -65.60100555419922 -3.564180612564087
endloop
endfacet
facet normal 0 -1 0
outer loop
vertex 13.067978858947754 -65.60100555419922 -4.375974655151367
vertex 13.182159423828125 -65.60100555419922 -9.949999809265137
vertex 13.182159423828125 -65.60100555419922 -4.949999809265137
endloop
endfacet
facet normal 0 -1 0
outer loop
vertex 12.256184577941895 -65.60100555419922 -3.564180612564087
vertex 12.742819786071777 -65.60100555419922 -11.010660171508789
vertex 12.742819786071777 -65.60100555419922 -3.8893399238586426
endloop
endfacet
facet normal 0 -1 0
outer loop
vertex 12.742819786071777 -65.60100555419922 -3.8893399238586426
vertex 13.067978858947754 -65.60100555419922 -10.524024963378906
vertex 13.067978858947754 -65.60100555419922 -4.375974655151367
endloop
endfacet
facet normal 0 -1 0
outer loop
vertex 10.432159423828125 -65.60100555419922 -6.699999809265137
vertex 11.682159423828125 -65.60100555419922 -3.450000047683716
vertex 10.356039047241211 -65.60100555419922 -6.31731653213501
endloop
endfacet
facet normal 0 -1 0
outer loop
vertex 10.139266014099121 -65.60100555419922 -5.992893218994141
vertex 10.356039047241211 -65.60100555419922 -6.31731653213501
vertex 11.682159423828125 -65.60100555419922 -3.450000047683716
endloop
endfacet
facet normal 0 -1 0
outer loop
vertex 9.814842224121094 -65.60100555419922 -5.776120662689209
vertex 10.139266014099121 -65.60100555419922 -5.992893218994141
vertex 11.682159423828125 -65.60100555419922 -3.450000047683716
endloop
endfacet
facet normal 0 -1 0
outer loop
vertex 11.682159423828125 -65.60100555419922 -3.450000047683716
vertex 9.432159423828125 -65.60100555419922 -5.699999809265137
vertex 9.814842224121094 -65.60100555419922 -5.776120662689209
endloop
endfacet
facet normal 0 -1 0
outer loop
vertex 1.2250524759292603 -65.60100555419922 -5.992893218994141
vertex 1.5494757890701294 -65.60100555419922 -5.776120662689209
vertex -0.3178407847881317 -65.60100555419922 -3.450000047683716
endloop
endfacet
facet normal -0.9807853253427457 0 -0.1950900960897925
outer loop
vertex 13.182159423828125 -65.60100555419922 -4.949999809265137
vertex 13.182159423828125 -67.10443878173828 -4.949999809265137
vertex 13.067978858947754 -65.60100555419922 -4.375974655151367
endloop
endfacet
facet normal 0 -1 0
outer loop
vertex 1.0082796812057495 -65.60100555419922 -6.31731653213501
vertex 1.2250524759292603 -65.60100555419922 -5.992893218994141
vertex -0.3178407847881317 -65.60100555419922 -3.450000047683716
endloop
endfacet
facet normal 0 -1 0
outer loop
vertex 1.0082796812057495 -65.60100555419922 -8.582683563232422
vertex 0.9321591854095459 -65.60100555419922 -8.199999809265137
vertex -0.3178407847881317 -65.60100555419922 -11.449999809265137
endloop
endfacet
facet normal -0.9807853253427458 0 -0.19509009608979253
outer loop
vertex 13.067978858947754 -65.60100555419922 -4.375974655151367
vertex 13.182159423828125 -67.10443878173828 -4.949999809265137
vertex 13.067978858947754 -67.10444641113281 -4.375974655151367
endloop
endfacet
facet normal 0 -1 0
outer loop
vertex 0.9321591854095459 -65.60100555419922 -6.699999809265137
vertex 1.0082796812057495 -65.60100555419922 -6.31731653213501
vertex -0.3178407847881317 -65.60100555419922 -3.450000047683716
endloop
endfacet
facet normal -0.8314695010489663 0 -0.5555703995223136
outer loop
vertex 12.742819786071777 -65.60100555419922 -3.8893399238586426
vertex 13.067978858947754 -65.60100555419922 -4.375974655151367
vertex 13.067978858947754 -67.10444641113281 -4.375974655151367
endloop
endfacet
facet normal -0.8314695010489663 0 -0.5555703995223136
outer loop
vertex 12.742819786071777 -65.60100555419922 -3.8893399238586426
vertex 13.067978858947754 -67.10444641113281 -4.375974655151367
vertex 12.742819786071777 -67.10446166992188 -3.8893399238586426
endloop
endfacet
facet normal 0 0 -1
outer loop
vertex 0.35767167806625366 -69.26133728027344 -3.450000047683716
vertex -0.3178407847881317 -65.60100555419922 -3.450000047683716
vertex 0.8394985795021057 -68.43289184570312 -3.450000047683716
endloop
endfacet
facet normal 0.555570440985147 0 -0.8314694733443733
outer loop
vertex -1.3785009384155273 -70.97038269042969 -3.8893399238586426
vertex -1.3785009384155273 -65.60100555419922 -3.8893399238586426
vertex -0.8926776647567749 -70.6290512084961 -3.564723014831543
endloop
endfacet
facet normal 0 -1 0
outer loop
vertex -0.3178407847881317 -65.60100555419922 -11.449999809265137
vertex 1.2250524759292603 -65.60100555419922 -8.907106399536133
vertex 1.0082796812057495 -65.60100555419922 -8.582683563232422
endloop
endfacet
facet normal 0 -1 0
outer loop
vertex 1.932159185409546 -65.60100555419922 -9.199999809265137
vertex 1.5494757890701294 -65.60100555419922 -9.123879432678223
vertex -0.3178407847881317 -65.60100555419922 -11.449999809265137
endloop
endfacet
facet normal 0 0 -1
outer loop
vertex 0.8394985795021057 -68.43289184570312 -3.450000047683716
vertex -0.3178407847881317 -65.60100555419922 -3.450000047683716
vertex 1.1267606019973755 -68.068115234375 -3.450000047683716
endloop
endfacet
facet normal 0.8314698324233942 0 -0.5555699035853299
outer loop
vertex -1.4001085758209229 -70.98556518554688 -3.921678066253662
vertex -1.3785009384155273 -65.60100555419922 -3.8893399238586426
vertex -1.3785009384155273 -70.97038269042969 -3.8893399238586426
endloop
endfacet
facet normal 0 0 -1
outer loop
vertex 1.1267606019973755 -68.068115234375 -3.450000047683716
vertex -0.3178407847881317 -65.60100555419922 -3.450000047683716
vertex 1.4668686389923096 -67.75203704833984 -3.450000047683716
endloop
endfacet
facet normal 0 0 -1
outer loop
vertex 1.4668686389923096 -67.75203704833984 -3.450000047683716
vertex -0.3178407847881317 -65.60100555419922 -3.450000047683716
vertex 1.8516759872436523 -67.49221801757812 -3.450000047683716
endloop
endfacet
facet normal 0 0 -1
outer loop
vertex 1.8516759872436523 -67.49221801757812 -3.450000047683716
vertex -0.3178407847881317 -65.60100555419922 -3.450000047683716
vertex 2.271965265274048 -67.29489135742188 -3.450000047683716
endloop
endfacet
facet normal 0.8314694069599884 5.531483658581736e-9 -0.5555705403363329
outer loop
vertex -1.3785009384155273 -65.60100555419922 -3.8893399238586426
vertex -1.4001085758209229 -70.98556518554688 -3.921678066253662
vertex -1.7036601305007935 -65.60100555419922 -4.375974655151367
endloop
endfacet
facet normal 0 0 -1
outer loop
vertex 2.271965265274048 -67.29489135742188 -3.450000047683716
vertex -0.3178407847881317 -65.60100555419922 -3.450000047683716
vertex 2.7176690101623535 -67.16478729248047 -3.450000047683716
endloop
endfacet
facet normal 0 0 -1
outer loop
vertex 2.7176690101623535 -67.16478729248047 -3.450000047683716
vertex -0.3178407847881317 -65.60100555419922 -3.450000047683716
vertex 3.1781110763549805 -67.10501098632812 -3.450000047683716
endloop
endfacet
facet normal 0 0 -1
outer loop
vertex 3.1781110763549805 -67.10501098632812 -3.450000047683716
vertex -0.3178407847881317 -65.60100555419922 -3.450000047683716
vertex 11.682159423828125 -65.60100555419922 -3.450000047683716
endloop
endfacet
facet normal 0 0 -1
outer loop
vertex 11.682159423828125 -67.10452270507812 -3.450000047683716
vertex 3.1781110763549805 -67.10501098632812 -3.450000047683716
vertex 11.682159423828125 -65.60100555419922 -3.450000047683716
endloop
endfacet
facet normal 0 -1 0
outer loop
vertex -0.3178407847881317 -65.60100555419922 -11.449999809265137
vertex 1.5494757890701294 -65.60100555419922 -9.123879432678223
vertex 1.2250524759292603 -65.60100555419922 -8.907106399536133
endloop
endfacet
facet normal 0.9807852863698642 0 -0.19509029201983277
outer loop
vertex -1.7036601305007935 -65.60100555419922 -4.375974655151367
vertex -1.7036601305007935 -71.15281677246094 -4.375974655151367
vertex -1.817840814590454 -65.60100555419922 -4.949999809265137
endloop
endfacet
facet normal 0 -1 0
outer loop
vertex 1.932159185409546 -65.60100555419922 -9.199999809265137
vertex -0.3178407847881317 -65.60100555419922 -11.449999809265137
vertex 9.432159423828125 -65.60100555419922 -9.199999809265137
endloop
endfacet
facet normal -0.8314697525217963 0 0.5555700231666056
outer loop
vertex 12.742819786071777 -65.60100555419922 -11.010660171508789
vertex 12.742819786071777 -67.10446166992188 -11.010660171508789
vertex 13.067978858947754 -65.60100555419922 -10.524024963378906
endloop
endfacet
facet normal -0.5555700231666056 0 0.8314697525217963
outer loop
vertex 12.742819786071777 -65.60100555419922 -11.010660171508789
vertex 12.256184577941895 -67.1044921875 -11.335819244384766
vertex 12.742819786071777 -67.10446166992188 -11.010660171508789
endloop
endfacet
facet normal -0.5555700231666056 0 0.8314697525217963
outer loop
vertex 12.256184577941895 -65.60100555419922 -11.335819244384766
vertex 12.256184577941895 -67.1044921875 -11.335819244384766
vertex 12.742819786071777 -65.60100555419922 -11.010660171508789
endloop
endfacet
facet normal 0.8314693766742733 0 -0.55557058566207
outer loop
vertex -1.7036601305007935 -71.15281677246094 -4.375974655151367
vertex -1.7036601305007935 -65.60100555419922 -4.375974655151367
vertex -1.4001085758209229 -70.98556518554688 -3.921678066253662
endloop
endfacet
facet normal -0.1950900960897925 0 0.9807853253427458
outer loop
vertex 11.682159423828125 -65.60100555419922 -11.449999809265137
vertex 11.682159423828125 -67.10452270507812 -11.449999809265137
vertex 12.256184577941895 -65.60100555419922 -11.335819244384766
endloop
endfacet
facet normal -0.8314697525217963 0 0.5555700231666056
outer loop
vertex 13.067978858947754 -65.60100555419922 -10.524024963378906
vertex 12.742819786071777 -67.10446166992188 -11.010660171508789
vertex 13.067978858947754 -67.10444641113281 -10.524024963378906
endloop
endfacet
facet normal -0.9807853253427457 0 0.1950900960897925
outer loop
vertex 13.182159423828125 -65.60100555419922 -9.949999809265137
vertex 13.067978858947754 -67.10444641113281 -10.524024963378906
vertex 13.182159423828125 -67.10443878173828 -9.949999809265137
endloop
endfacet
facet normal -0.9807853253427458 0 0.19509009608979253
outer loop
vertex 13.067978858947754 -65.60100555419922 -10.524024963378906
vertex 13.067978858947754 -67.10444641113281 -10.524024963378906
vertex 13.182159423828125 -65.60100555419922 -9.949999809265137
endloop
endfacet
facet normal 0.9807852863698642 0 -0.19509029201983277
outer loop
vertex -1.817840814590454 -71.21572875976562 -4.949999809265137
vertex -1.817840814590454 -65.60100555419922 -4.949999809265137
vertex -1.7036601305007935 -71.15281677246094 -4.375974655151367
endloop
endfacet
facet normal 0 -1 0
outer loop
vertex -0.8918659687042236 -65.60100555419922 -3.564180612564087
vertex -0.3178407847881317 -65.60100555419922 -11.449999809265137
vertex -0.3178407847881317 -65.60100555419922 -3.450000047683716
endloop
endfacet
facet normal 0 -1 0
outer loop
vertex -1.3785009384155273 -65.60100555419922 -3.8893399238586426
vertex -0.8918659687042236 -65.60100555419922 -11.335819244384766
vertex -0.8918659687042236 -65.60100555419922 -3.564180612564087
endloop
endfacet
facet normal 0 -1 0
outer loop
vertex -1.7036601305007935 -65.60100555419922 -4.375974655151367
vertex -1.3785009384155273 -65.60100555419922 -11.010660171508789
vertex -1.3785009384155273 -65.60100555419922 -3.8893399238586426
endloop
endfacet
facet normal 0 -1 0
outer loop
vertex 9.432159423828125 -65.60100555419922 -9.199999809265137
vertex 11.682159423828125 -65.60100555419922 -11.449999809265137
vertex 9.814842224121094 -65.60100555419922 -9.123879432678223
endloop
endfacet
facet normal 0 -1 0
outer loop
vertex 9.814842224121094 -65.60100555419922 -9.123879432678223
vertex 11.682159423828125 -65.60100555419922 -11.449999809265137
vertex 10.139266014099121 -65.60100555419922 -8.907106399536133
endloop
endfacet
facet normal 0 -1 0
outer loop
vertex 10.139266014099121 -65.60100555419922 -8.907106399536133
vertex 11.682159423828125 -65.60100555419922 -11.449999809265137
vertex 10.356039047241211 -65.60100555419922 -8.582683563232422
endloop
endfacet
facet normal 0 -1 0
outer loop
vertex 10.356039047241211 -65.60100555419922 -8.582683563232422
vertex 11.682159423828125 -65.60100555419922 -11.449999809265137
vertex 10.432159423828125 -65.60100555419922 -8.199999809265137
endloop
endfacet
facet normal 0 -1 0
outer loop
vertex -1.817840814590454 -65.60100555419922 -4.949999809265137
vertex -1.7036601305007935 -65.60100555419922 -10.524024963378906
vertex -1.7036601305007935 -65.60100555419922 -4.375974655151367
endloop
endfacet
facet normal 1 0 0
outer loop
vertex -1.817840814590454 -71.21572875976562 -4.949999809265137
vertex -1.817840814590454 -65.60100555419922 -9.949999809265137
vertex -1.817840814590454 -65.60100555419922 -4.949999809265137
endloop
endfacet
facet normal 0 -1 0
outer loop
vertex -1.7036601305007935 -65.60100555419922 -10.524024963378906
vertex -1.3785009384155273 -65.60100555419922 -11.010660171508789
vertex -1.7036601305007935 -65.60100555419922 -4.375974655151367
endloop
endfacet
facet normal 0 -1 0
outer loop
vertex -1.817840814590454 -65.60100555419922 -9.949999809265137
vertex -1.7036601305007935 -65.60100555419922 -10.524024963378906
vertex -1.817840814590454 -65.60100555419922 -4.949999809265137
endloop
endfacet
facet normal 0 -1 0
outer loop
vertex 10.432159423828125 -65.60100555419922 -8.199999809265137
vertex 11.682159423828125 -65.60100555419922 -11.449999809265137
vertex 10.432159423828125 -65.60100555419922 -6.699999809265137
endloop
endfacet
facet normal 0 -1 0
outer loop
vertex 11.682159423828125 -65.60100555419922 -11.449999809265137
vertex 12.256184577941895 -65.60100555419922 -11.335819244384766
vertex 11.682159423828125 -65.60100555419922 -3.450000047683716
endloop
endfacet
facet normal 0 -1 0
outer loop
vertex -0.8918659687042236 -65.60100555419922 -11.335819244384766
vertex -0.3178407847881317 -65.60100555419922 -11.449999809265137
vertex -0.8918659687042236 -65.60100555419922 -3.564180612564087
endloop
endfacet
facet normal 0 -1 0
outer loop
vertex -1.3785009384155273 -65.60100555419922 -11.010660171508789
vertex -0.8918659687042236 -65.60100555419922 -11.335819244384766
vertex -1.3785009384155273 -65.60100555419922 -3.8893399238586426
endloop
endfacet
facet normal -1 0 0
outer loop
vertex 13.182159423828125 -65.60100555419922 -9.949999809265137
vertex 13.182159423828125 -67.10443878173828 -9.949999809265137
vertex 13.182159423828125 -65.60100555419922 -4.949999809265137
endloop
endfacet
facet normal 0 -1 0
outer loop
vertex 12.256184577941895 -65.60100555419922 -11.335819244384766
vertex 12.742819786071777 -65.60100555419922 -11.010660171508789
vertex 12.256184577941895 -65.60100555419922 -3.564180612564087
endloop
endfacet
facet normal 1 0 0
outer loop
vertex -1.817840814590454 -71.21572875976562 -4.949999809265137
vertex -1.817840814590454 -71.21572875976562 -9.949999809265137
vertex -1.817840814590454 -65.60100555419922 -9.949999809265137
endloop
endfacet
facet normal 0.9807852863698642 0 0.19509029201983277
outer loop
vertex -1.817840814590454 -71.21572875976562 -9.949999809265137
vertex -1.7036601305007935 -65.60100555419922 -10.524024963378906
vertex -1.817840814590454 -65.60100555419922 -9.949999809265137
endloop
endfacet
facet normal 0.9807852863698642 0 0.19509029201983277
outer loop
vertex -1.817840814590454 -71.21572875976562 -9.949999809265137
vertex -1.7036601305007935 -71.15281677246094 -10.524024963378906
vertex -1.7036601305007935 -65.60100555419922 -10.524024963378906
endloop
endfacet
facet normal -0.19509009608979247 0 -0.9807853253427457
outer loop
vertex 11.682159423828125 -65.60100555419922 -3.450000047683716
vertex 12.256184577941895 -65.60100555419922 -3.564180612564087
vertex 12.256184577941895 -67.1044921875 -3.564180612564087
endloop
endfacet
facet normal 0 -1 0
outer loop
vertex 12.742819786071777 -65.60100555419922 -11.010660171508789
vertex 13.067978858947754 -65.60100555419922 -10.524024963378906
vertex 12.742819786071777 -65.60100555419922 -3.8893399238586426
endloop
endfacet
facet normal 0 -1 0
outer loop
vertex 13.067978858947754 -65.60100555419922 -10.524024963378906
vertex 13.182159423828125 -65.60100555419922 -9.949999809265137
vertex 13.067978858947754 -65.60100555419922 -4.375974655151367
endloop
endfacet
facet normal -0.1950900960897925 0 -0.9807853253427458
outer loop
vertex 11.682159423828125 -65.60100555419922 -3.450000047683716
vertex 12.256184577941895 -67.1044921875 -3.564180612564087
vertex 11.682159423828125 -67.10452270507812 -3.450000047683716
endloop
endfacet
facet normal -0.19509009608979247 0 0.9807853253427457
outer loop
vertex 11.682159423828125 -67.10452270507812 -11.449999809265137
vertex 12.256184577941895 -67.1044921875 -11.335819244384766
vertex 12.256184577941895 -65.60100555419922 -11.335819244384766
endloop
endfacet
facet normal 0 0 1
outer loop
vertex 11.682159423828125 -65.60100555419922 -11.449999809265137
vertex 3.1781110763549805 -67.10501098632812 -11.449999809265137
vertex 11.682159423828125 -67.10452270507812 -11.449999809265137
endloop
endfacet
facet normal -0.5555703047945764 0 -0.8314695643440363
outer loop
vertex 12.256184577941895 -65.60100555419922 -3.564180612564087
vertex 12.742819786071777 -65.60100555419922 -3.8893399238586426
vertex 12.742819786071777 -67.10446166992188 -3.8893399238586426
endloop
endfacet
facet normal -0.5555703047945764 0 -0.8314695643440364
outer loop
vertex 12.256184577941895 -65.60100555419922 -3.564180612564087
vertex 12.742819786071777 -67.10446166992188 -3.8893399238586426
vertex 12.256184577941895 -67.1044921875 -3.564180612564087
endloop
endfacet
facet normal 0 -1 0
outer loop
vertex 0.9321591854095459 -65.60100555419922 -8.199999809265137
vertex 0.9321591854095459 -65.60100555419922 -6.699999809265137
vertex -0.3178407847881317 -65.60100555419922 -3.450000047683716
endloop
endfacet
facet normal 0.19579900221469504 0.00007417877693365217 -0.9806440461396985
outer loop
vertex -0.8918659687042236 -65.60100555419922 -3.564180612564087
vertex -0.42698779702186584 -70.21951293945312 -3.471710681915283
vertex -0.8926776647567749 -70.6290512084961 -3.564723014831543
endloop
endfacet
facet normal 0.5555704929723909 7.265797494061317e-9 -0.831469438607586
outer loop
vertex -0.8918659687042236 -65.60100555419922 -3.564180612564087
vertex -0.8926776647567749 -70.6290512084961 -3.564723014831543
vertex -1.3785009384155273 -65.60100555419922 -3.8893399238586426
endloop
endfacet
facet normal 0.831469646047786 0 0.5555701825162772
outer loop
vertex -1.7036601305007935 -71.15281677246094 -10.524024963378906
vertex -1.4001085758209229 -70.98556518554688 -10.97832202911377
vertex -1.7036601305007935 -65.60100555419922 -10.524024963378906
endloop
endfacet
facet normal 0.8314696584329176 2.2620648248033703e-9 0.555570163980615
outer loop
vertex -1.7036601305007935 -65.60100555419922 -10.524024963378906
vertex -1.4001085758209229 -70.98556518554688 -10.97832202911377
vertex -1.3785009384155273 -65.60100555419922 -11.010660171508789
endloop
endfacet
facet normal 0 0 1
outer loop
vertex 3.1781110763549805 -67.10501098632812 -11.449999809265137
vertex 11.682159423828125 -65.60100555419922 -11.449999809265137
vertex -0.3178407847881317 -65.60100555419922 -11.449999809265137
endloop
endfacet
facet normal 0 0 1
outer loop
vertex 2.7176690101623535 -67.16478729248047 -11.449999809265137
vertex 3.1781110763549805 -67.10501098632812 -11.449999809265137
vertex -0.3178407847881317 -65.60100555419922 -11.449999809265137
endloop
endfacet
facet normal 0 0 1
outer loop
vertex 2.271965265274048 -67.29489135742188 -11.449999809265137
vertex 2.7176690101623535 -67.16478729248047 -11.449999809265137
vertex -0.3178407847881317 -65.60100555419922 -11.449999809265137
endloop
endfacet
facet normal 0 0 1
outer loop
vertex 1.8516759872436523 -67.49221801757812 -11.449999809265137
vertex 2.271965265274048 -67.29489135742188 -11.449999809265137
vertex -0.3178407847881317 -65.60100555419922 -11.449999809265137
endloop
endfacet
facet normal 0 0 1
outer loop
vertex 1.4668686389923096 -67.75203704833984 -11.449999809265137
vertex 1.8516759872436523 -67.49221801757812 -11.449999809265137
vertex -0.3178407847881317 -65.60100555419922 -11.449999809265137
endloop
endfacet
facet normal 0 0 1
outer loop
vertex 1.1267606019973755 -68.068115234375 -11.449999809265137
vertex 1.4668686389923096 -67.75203704833984 -11.449999809265137
vertex -0.3178407847881317 -65.60100555419922 -11.449999809265137
endloop
endfacet
facet normal 0 0 1
outer loop
vertex 0.8394985795021057 -68.43289184570312 -11.449999809265137
vertex 1.1267606019973755 -68.068115234375 -11.449999809265137
vertex -0.3178407847881317 -65.60100555419922 -11.449999809265137
endloop
endfacet
facet normal 0 0 1
outer loop
vertex 0.35767167806625366 -69.26133728027344 -11.449999809265137
vertex 0.8394985795021057 -68.43289184570312 -11.449999809265137
vertex -0.3178407847881317 -65.60100555419922 -11.449999809265137
endloop
endfacet
facet normal 0 -1 0
outer loop
vertex -0.3178407847881317 -65.60100555419922 -11.449999809265137
vertex 11.682159423828125 -65.60100555419922 -11.449999809265137
vertex 9.432159423828125 -65.60100555419922 -9.199999809265137
endloop
endfacet
facet normal 0.1950900863465768 -5.6810196676274546e-8 0.9807853272807878
outer loop
vertex -0.8918659687042236 -65.60100555419922 -11.335819244384766
vertex -0.42698779702186584 -70.21951293945312 -11.428289413452148
vertex -0.3178407847881317 -65.60100555419922 -11.449999809265137
endloop
endfacet
facet normal 0 -1 0
outer loop
vertex 10.432159423828125 -65.60100555419922 -6.699999809265137
vertex 11.682159423828125 -65.60100555419922 -11.449999809265137
vertex 11.682159423828125 -65.60100555419922 -3.450000047683716
endloop
endfacet
facet normal 0.5555702113444095 4.675797498301934e-8 0.8314696267854443
outer loop
vertex -1.3785009384155273 -65.60100555419922 -11.010660171508789
vertex -0.8926776647567749 -70.6290512084961 -11.33527660369873
vertex -0.8918659687042236 -65.60100555419922 -11.335819244384766
endloop
endfacet
facet normal 0.19579992864267445 0.00007422510734144637 0.9806438611617152
outer loop
vertex -0.8926776647567749 -70.6290512084961 -11.33527660369873
vertex -0.42698779702186584 -70.21951293945312 -11.428289413452148
vertex -0.8918659687042236 -65.60100555419922 -11.335819244384766
endloop
endfacet
facet normal 0 -1 0
outer loop
vertex -0.3178407847881317 -65.60100555419922 -3.450000047683716
vertex -0.3178407847881317 -65.60100555419922 -11.449999809265137
vertex 0.9321591854095459 -65.60100555419922 -8.199999809265137
endloop
endfacet
facet normal 0 0 1
outer loop
vertex -0.3178407847881317 -65.60100555419922 -11.449999809265137
vertex -0.00855313055217266 -69.76180267333984 -11.449999809265137
vertex 0.35767167806625366 -69.26133728027344 -11.449999809265137
endloop
endfacet
facet normal 0 0 1
outer loop
vertex -0.3178407847881317 -65.60100555419922 -11.449999809265137
vertex -0.3178407847881317 -70.1001205444336 -11.449999809265137
vertex -0.00855313055217266 -69.76180267333984 -11.449999809265137
endloop
endfacet
facet normal 0.19508777393939802 0 0.9807857872437643
outer loop
vertex -0.42698779702186584 -70.21951293945312 -11.428289413452148
vertex -0.3178407847881317 -70.1001205444336 -11.449999809265137
vertex -0.3178407847881317 -65.60100555419922 -11.449999809265137
endloop
endfacet
facet normal 0 -1 0
outer loop
vertex 11.682159423828125 -65.60100555419922 -3.450000047683716
vertex 1.932159185409546 -65.60100555419922 -5.699999809265137
vertex 9.432159423828125 -65.60100555419922 -5.699999809265137
endloop
endfacet
facet normal 0.8314698324233942 0 0.5555699035853299
outer loop
vertex -1.4001085758209229 -70.98556518554688 -10.97832202911377
vertex -1.3785009384155273 -70.97038269042969 -11.010660171508789
vertex -1.3785009384155273 -65.60100555419922 -11.010660171508789
endloop
endfacet
facet normal 0.5555698767878545 0 0.8314698503288788
outer loop
vertex -1.3785009384155273 -70.97038269042969 -11.010660171508789
vertex -0.8926776647567749 -70.6290512084961 -11.33527660369873
vertex -1.3785009384155273 -65.60100555419922 -11.010660171508789
endloop
endfacet
facet normal 0.1950900863465771 0 -0.9807853272807895
outer loop
vertex -0.3178407847881317 -70.1001205444336 -3.450000047683716
vertex -0.8918659687042236 -65.60100555419922 -3.564180612564087
vertex -0.3178407847881317 -65.60100555419922 -3.450000047683716
endloop
endfacet
facet normal 0 0 -1
outer loop
vertex -0.00855313055217266 -69.76180267333984 -3.450000047683716
vertex -0.3178407847881317 -65.60100555419922 -3.450000047683716
vertex 0.35767167806625366 -69.26133728027344 -3.450000047683716
endloop
endfacet
facet normal 0 0 -1
outer loop
vertex -0.00855313055217266 -69.76180267333984 -3.450000047683716
vertex -0.3178407847881317 -70.1001205444336 -3.450000047683716
vertex -0.3178407847881317 -65.60100555419922 -3.450000047683716
endloop
endfacet
facet normal 0.19508986561465444 -2.9276629002778975e-8 -0.9807853711870173
outer loop
vertex -0.42698779702186584 -70.21951293945312 -3.471710681915283
vertex -0.8918659687042236 -65.60100555419922 -3.564180612564087
vertex -0.3178407847881317 -70.1001205444336 -3.450000047683716
endloop
endfacet
facet normal 0 0 1
outer loop
vertex 9.432159423828125 -64.40100860595703 -9.199999809265137
vertex 1.932159185409546 -65.60100555419922 -9.199999809265137
vertex 9.432159423828125 -65.60100555419922 -9.199999809265137
endloop
endfacet
facet normal -0.19509040787318935 0 0.9807852633251953
outer loop
vertex 9.432159423828125 -64.40100860595703 -9.199999809265137
vertex 9.432159423828125 -65.60100555419922 -9.199999809265137
vertex 9.814842224121094 -64.40100860595703 -9.123879432678223
endloop
endfacet
facet normal -0.9807853098383859 0 -0.19509017403555012
outer loop
vertex 10.432159423828125 -64.40100860595703 -6.699999809265137
vertex 10.432159423828125 -65.60100555419922 -6.699999809265137
vertex 10.356039047241211 -64.40100860595703 -6.31731653213501
endloop
endfacet
facet normal -1 0 0
outer loop
vertex 10.432159423828125 -64.40100860595703 -6.699999809265137
vertex 10.432159423828125 -65.60100555419922 -8.199999809265137
vertex 10.432159423828125 -65.60100555419922 -6.699999809265137
endloop
endfacet
facet normal 0.9807852978921652 0 0.1950902340932958
outer loop
vertex 1.0082796812057495 -65.60100555419922 -8.582683563232422
vertex 1.0082796812057495 -64.40100860595703 -8.582683563232422
vertex 0.9321591854095459 -65.60100555419922 -8.199999809265137
endloop
endfacet
facet normal 0.9807852978921652 0 0.1950902340932958
outer loop
vertex 1.0082796812057495 -64.40100860595703 -8.582683563232422
vertex 0.9321591854095459 -64.40100860595703 -8.199999809265137
vertex 0.9321591854095459 -65.60100555419922 -8.199999809265137
endloop
endfacet
facet normal 0.5555707746001806 0 0.8314692504297169
outer loop
vertex 1.2250524759292603 -64.40100860595703 -8.907106399536133
vertex 1.2250524759292603 -65.60100555419922 -8.907106399536133
vertex 1.5494757890701294 -64.40100860595703 -9.123879432678223
endloop
endfacet
facet normal 0.5555707746001806 0 0.8314692504297169
outer loop
vertex 1.5494757890701294 -65.60100555419922 -9.123879432678223
vertex 1.5494757890701294 -64.40100860595703 -9.123879432678223
vertex 1.2250524759292603 -65.60100555419922 -8.907106399536133
endloop
endfacet
facet normal -0.9807853098383859 0 -0.19509017403555012
outer loop
vertex 10.356039047241211 -64.40100860595703 -6.31731653213501
vertex 10.432159423828125 -65.60100555419922 -6.699999809265137
vertex 10.356039047241211 -65.60100555419922 -6.31731653213501
endloop
endfacet
facet normal -0.8314692504297169 0 -0.5555707746001806
outer loop
vertex 10.139266014099121 -64.40100860595703 -5.992893218994141
vertex 10.356039047241211 -65.60100555419922 -6.31731653213501
vertex 10.139266014099121 -65.60100555419922 -5.992893218994141
endloop
endfacet
facet normal -0.8314692504297169 0 -0.5555707746001806
outer loop
vertex 10.356039047241211 -64.40100860595703 -6.31731653213501
vertex 10.356039047241211 -65.60100555419922 -6.31731653213501
vertex 10.139266014099121 -64.40100860595703 -5.992893218994141
endloop
endfacet
facet normal 1 0 0
outer loop
vertex 0.9321591854095459 -65.60100555419922 -8.199999809265137
vertex 0.9321591854095459 -64.40100860595703 -8.199999809265137
vertex 0.9321591854095459 -65.60100555419922 -6.699999809265137
endloop
endfacet
facet normal -0.5555693651831525 0 -0.8314701921716671
outer loop
vertex 10.139266014099121 -64.40100860595703 -5.992893218994141
vertex 10.139266014099121 -65.60100555419922 -5.992893218994141
vertex 9.814842224121094 -64.40100860595703 -5.776120662689209
endloop
endfacet
facet normal 1 0 0
outer loop
vertex 0.9321591854095459 -65.60100555419922 -6.699999809265137
vertex 0.9321591854095459 -64.40100860595703 -8.199999809265137
vertex 0.9321591854095459 -64.40100860595703 -6.699999809265137
endloop
endfacet
facet normal 0.9807852513790043 0 -0.1950904679307099
outer loop
vertex 0.9321591854095459 -65.60100555419922 -6.699999809265137
vertex 0.9321591854095459 -64.40100860595703 -6.699999809265137
vertex 1.0082796812057495 -65.60100555419922 -6.31731653213501
endloop
endfacet
facet normal 0.9807852513790043 0 -0.1950904679307099
outer loop
vertex 1.0082796812057495 -65.60100555419922 -6.31731653213501
vertex 0.9321591854095459 -64.40100860595703 -6.699999809265137
vertex 1.0082796812057495 -64.40100860595703 -6.31731653213501
endloop
endfacet
facet normal -0.5555693651831525 0 -0.8314701921716671
outer loop
vertex 9.814842224121094 -64.40100860595703 -5.776120662689209
vertex 10.139266014099121 -65.60100555419922 -5.992893218994141
vertex 9.814842224121094 -65.60100555419922 -5.776120662689209
endloop
endfacet
facet normal 0.1950901155762262 0 0.9807853214666574
outer loop
vertex 1.5494757890701294 -65.60100555419922 -9.123879432678223
vertex 1.932159185409546 -65.60100555419922 -9.199999809265137
vertex 1.932159185409546 -64.40100860595703 -9.199999809265137
endloop
endfacet
facet normal -0.19509040787318935 0 0.9807852633251953
outer loop
vertex 9.814842224121094 -64.40100860595703 -9.123879432678223
vertex 9.432159423828125 -65.60100555419922 -9.199999809265137
vertex 9.814842224121094 -65.60100555419922 -9.123879432678223
endloop
endfacet
facet normal -1 0 0
outer loop
vertex 10.432159423828125 -64.40100860595703 -8.199999809265137
vertex 10.432159423828125 -65.60100555419922 -8.199999809265137
vertex 10.432159423828125 -64.40100860595703 -6.699999809265137
endloop
endfacet
facet normal -0.19509158345481065 0 -0.9807850294866325
outer loop
vertex 9.814842224121094 -65.60100555419922 -5.776120662689209
vertex 9.432159423828125 -64.40100860595703 -5.699999809265137
vertex 9.814842224121094 -64.40100860595703 -5.776120662689209
endloop
endfacet
facet normal -0.19509158345481065 0 -0.9807850294866325
outer loop
vertex 9.432159423828125 -65.60100555419922 -5.699999809265137
vertex 9.432159423828125 -64.40100860595703 -5.699999809265137
vertex 9.814842224121094 -65.60100555419922 -5.776120662689209
endloop
endfacet
facet normal 0 0 -1
outer loop
vertex 9.432159423828125 -65.60100555419922 -5.699999809265137
vertex 1.932159185409546 -64.40100860595703 -5.699999809265137
vertex 9.432159423828125 -64.40100860595703 -5.699999809265137
endloop
endfacet
facet normal 0 0 -1
outer loop
vertex 1.932159185409546 -65.60100555419922 -5.699999809265137
vertex 1.932159185409546 -64.40100860595703 -5.699999809265137
vertex 9.432159423828125 -65.60100555419922 -5.699999809265137
endloop
endfacet
facet normal 0.8314695326965169 0 -0.5555703521584244
outer loop
vertex 1.0082796812057495 -65.60100555419922 -6.31731653213501
vertex 1.0082796812057495 -64.40100860595703 -6.31731653213501
vertex 1.2250524759292603 -65.60100555419922 -5.992893218994141
endloop
endfacet
facet normal 0.8314695326965169 0 -0.5555703521584244
outer loop
vertex 1.2250524759292603 -65.60100555419922 -5.992893218994141
vertex 1.0082796812057495 -64.40100860595703 -6.31731653213501
vertex 1.2250524759292603 -64.40100860595703 -5.992893218994141
endloop
endfacet
facet normal -0.9807853563514094 0 0.19508994019846038
outer loop
vertex 10.432159423828125 -65.60100555419922 -8.199999809265137
vertex 10.432159423828125 -64.40100860595703 -8.199999809265137
vertex 10.356039047241211 -65.60100555419922 -8.582683563232422
endloop
endfacet
facet normal -0.9807853563514094 0 0.19508994019846038
outer loop
vertex 10.356039047241211 -64.40100860595703 -8.582683563232422
vertex 10.356039047241211 -65.60100555419922 -8.582683563232422
vertex 10.432159423828125 -64.40100860595703 -8.199999809265137
endloop
endfacet
facet normal -0.8314688732193027 0 0.5555713391342493
outer loop
vertex 10.139266014099121 -64.40100860595703 -8.907106399536133
vertex 10.139266014099121 -65.60100555419922 -8.907106399536133
vertex 10.356039047241211 -64.40100860595703 -8.582683563232422
endloop
endfacet
facet normal -0.8314688732193027 0 0.5555713391342493
outer loop
vertex 10.356039047241211 -64.40100860595703 -8.582683563232422
vertex 10.139266014099121 -65.60100555419922 -8.907106399536133
vertex 10.356039047241211 -65.60100555419922 -8.582683563232422
endloop
endfacet
facet normal 0.555569929716238 0 -0.831469814963294
outer loop
vertex 1.2250524759292603 -65.60100555419922 -5.992893218994141
vertex 1.2250524759292603 -64.40100860595703 -5.992893218994141
vertex 1.5494757890701294 -65.60100555419922 -5.776120662689209
endloop
endfacet
facet normal 0.8314691554865484 0 0.5555709166924471
outer loop
vertex 1.0082796812057495 -65.60100555419922 -8.582683563232422
vertex 1.2250524759292603 -65.60100555419922 -8.907106399536133
vertex 1.2250524759292603 -64.40100860595703 -8.907106399536133
endloop
endfacet
facet normal 0 0 1
outer loop
vertex 1.932159185409546 -64.40100860595703 -9.199999809265137
vertex 1.932159185409546 -65.60100555419922 -9.199999809265137
vertex 9.432159423828125 -64.40100860595703 -9.199999809265137
endloop
endfacet
facet normal 0.1950901155762262 0 0.9807853214666574
outer loop
vertex 1.5494757890701294 -64.40100860595703 -9.123879432678223
vertex 1.5494757890701294 -65.60100555419922 -9.123879432678223
vertex 1.932159185409546 -64.40100860595703 -9.199999809265137
endloop
endfacet
facet normal 0.19509129115622553 0 -0.9807850876287817
outer loop
vertex 1.5494757890701294 -65.60100555419922 -5.776120662689209
vertex 1.5494757890701294 -64.40100860595703 -5.776120662689209
vertex 1.932159185409546 -65.60100555419922 -5.699999809265137
endloop
endfacet
facet normal 0.555569929716238 0 -0.831469814963294
outer loop
vertex 1.5494757890701294 -64.40100860595703 -5.776120662689209
vertex 1.5494757890701294 -65.60100555419922 -5.776120662689209
vertex 1.2250524759292603 -64.40100860595703 -5.992893218994141
endloop
endfacet
facet normal -0.5555702100670032 0 0.8314696276389812
outer loop
vertex 9.814842224121094 -64.40100860595703 -9.123879432678223
vertex 9.814842224121094 -65.60100555419922 -9.123879432678223
vertex 10.139266014099121 -64.40100860595703 -8.907106399536133
endloop
endfacet
facet normal -0.5555702100670032 0 0.8314696276389812
outer loop
vertex 10.139266014099121 -65.60100555419922 -8.907106399536133
vertex 10.139266014099121 -64.40100860595703 -8.907106399536133
vertex 9.814842224121094 -65.60100555419922 -9.123879432678223
endloop
endfacet
facet normal 0.19509129115622553 0 -0.9807850876287817
outer loop
vertex 1.932159185409546 -65.60100555419922 -5.699999809265137
vertex 1.5494757890701294 -64.40100860595703 -5.776120662689209
vertex 1.932159185409546 -64.40100860595703 -5.699999809265137
endloop
endfacet
facet normal 0.8314691554865484 0 0.5555709166924471
outer loop
vertex 1.0082796812057495 -65.60100555419922 -8.582683563232422
vertex 1.2250524759292603 -64.40100860595703 -8.907106399536133
vertex 1.0082796812057495 -64.40100860595703 -8.582683563232422
endloop
endfacet
facet normal 0.030738490484591752 -0.11471748682530435 -0.9929224760368832
outer loop
vertex 67.29058837890625 -68.11854553222656 -1.5
vertex 65.80531311035156 -67.69512939453125 -1.5949000120162964
vertex 67.0181884765625 -67.3701400756836 -1.5949000120162964
endloop
endfacet
facet normal -0.06811921927458188 -0.09728651981302784 -0.9929225070608938
outer loop
vertex 60.05442428588867 -67.17910766601562 -1.5
vertex 60.05442428588867 -67.10177612304688 -1.5075769424438477
vertex 60.801231384277344 -67.10173034667969 -1.5588159561157227
endloop
endfacet
facet normal -0.08715346341544244 -0.9961948975048472 0
outer loop
vertex 63.16524124145508 -68.4794692993164 -0.5
vertex 63.16524124145508 -68.4794692993164 -1.5
vertex 64.15442657470703 -68.56600952148438 -0.5
endloop
endfacet
facet normal -0.08715346341544244 -0.9961948975048472 0
outer loop
vertex 63.16524124145508 -68.4794692993164 -1.5
vertex 64.15442657470703 -68.56600952148438 -1.5
vertex 64.15442657470703 -68.56600952148438 -0.5
endloop
endfacet
facet normal 0.050191527834938396 -0.10763709433580018 -0.9929224876376508
outer loop
vertex 67.29058837890625 -68.11854553222656 -1.5
vertex 67.0181884765625 -67.3701400756836 -1.5949000120162964
vertex 68.55442810058594 -67.52921295166016 -1.5
endloop
endfacet
facet normal 0.25882058733748775 -0.9659254130471346 0
outer loop
vertex 65.94361114501953 -68.4794692993164 -1.5
vertex 67.29058837890625 -68.11854553222656 -1.5
vertex 67.29058837890625 -68.11854553222656 -0.5
endloop
endfacet
facet normal 0.04492989743536493 -0.09635231872311675 -0.9943327083995208
outer loop
vertex 67.0181884765625 -67.3701400756836 -1.5949000120162964
vertex 66.92037200927734 -67.10138702392578 -1.625362515449524
vertex 67.59461212158203 -67.10134887695312 -1.5949000120162964
endloop
endfacet
facet normal 0.027515841919092662 -0.10269041137276891 -0.9943327198958982
outer loop
vertex 67.0181884765625 -67.3701400756836 -1.5949000120162964
vertex 65.80531311035156 -67.69512939453125 -1.5949000120162964
vertex 66.92037200927734 -67.10138702392578 -1.625362515449524
endloop
endfacet
facet normal 0.027515792778864717 -0.1026903196423486 -0.9943327307292579
outer loop
vertex 65.80531311035156 -67.69512939453125 -1.5949000120162964
vertex 65.70063018798828 -67.10145568847656 -1.6591088771820068
vertex 66.92037200927734 -67.10138702392578 -1.625362515449524
endloop
endfacet
facet normal 0.00926533547150261 -0.10590799779294284 -0.9943327660104995
outer loop
vertex 65.80531311035156 -67.69512939453125 -1.5949000120162964
vertex 64.95442199707031 -67.76956939697266 -1.5949000120162964
vertex 64.95442199707031 -67.10149383544922 -1.666057825088501
endloop
endfacet
facet normal 0.00926498317613053 -0.10590849678038236 -0.9943327161450867
outer loop
vertex 64.95442199707031 -67.10149383544922 -1.666057825088501
vertex 65.70063018798828 -67.10145568847656 -1.6591088771820068
vertex 65.80531311035156 -67.69512939453125 -1.5949000120162964
endloop
endfacet
facet normal 0.08715312987075319 -0.9961949266854011 0
outer loop
vertex 64.95442199707031 -68.56600952148438 -0.5
vertex 64.95442199707031 -68.56600952148438 -1.5
vertex 65.94361114501953 -68.4794692993164 -0.5
endloop
endfacet
facet normal 0.25882058733748775 -0.9659254130471346 0
outer loop
vertex 65.94361114501953 -68.4794692993164 -0.5
vertex 65.94361114501953 -68.4794692993164 -1.5
vertex 67.29058837890625 -68.11854553222656 -0.5
endloop
endfacet
facet normal 0.030738575875445186 -0.11471719427115909 -0.9929225071936392
outer loop
vertex 65.94361114501953 -68.4794692993164 -1.5
vertex 65.80531311035156 -67.69512939453125 -1.5949000120162964
vertex 67.29058837890625 -68.11854553222656 -1.5
endloop
endfacet
facet normal 0.05019163378127304 -0.10763613031354552 -0.9929225867858442
outer loop
vertex 68.55442810058594 -67.52921295166016 -1.5
vertex 67.0181884765625 -67.3701400756836 -1.5949000120162964
vertex 67.59461212158203 -67.10134887695312 -1.5949000120162964
endloop
endfacet
facet normal 0.05019250016782757 -0.10763422291862883 -0.9929227497562968
outer loop
vertex 68.55442810058594 -67.52921295166016 -1.5
vertex 67.59461212158203 -67.10134887695312 -1.5949000120162964
vertex 68.307373046875 -67.10130310058594 -1.5588747262954712
endloop
endfacet
facet normal 0.0681191209138947 -0.09728423229328172 -0.9929227379373607
outer loop
vertex 68.55442810058594 -67.52921295166016 -1.5
vertex 68.307373046875 -67.10130310058594 -1.5588747262954712
vertex 69.05442810058594 -67.10126495361328 -1.507627010345459
endloop
endfacet
facet normal 0.010350505610503935 -0.11831210307761432 -0.9929225112258051
outer loop
vertex 65.94361114501953 -68.4794692993164 -1.5
vertex 64.95442199707031 -67.76956939697266 -1.5949000120162964
vertex 65.80531311035156 -67.69512939453125 -1.5949000120162964
endloop
endfacet
facet normal 0.010350639057482123 -0.11831191986228023 -0.9929225316657906
outer loop
vertex 64.95442199707031 -67.76956939697266 -1.5949000120162964
vertex 65.94361114501953 -68.4794692993164 -1.5
vertex 64.95442199707031 -68.56600952148438 -1.5
endloop
endfacet
facet normal -0.009265390826344823 -0.10590815572257581 -0.994332748673339
outer loop
vertex 64.15442657470703 -67.76956939697266 -1.5949000120162964
vertex 63.30353927612305 -67.69512939453125 -1.5949000120162964
vertex 64.15442657470703 -67.1015396118164 -1.666053056716919
endloop
endfacet
facet normal -0.0092653845110581 -0.10590816466812954 -0.9943327477793792
outer loop
vertex 63.30353927612305 -67.69512939453125 -1.5949000120162964
vertex 63.408199310302734 -67.1015853881836 -1.6590946912765503
vertex 64.15442657470703 -67.1015396118164 -1.666053056716919
endloop
endfacet
facet normal -0.027515749389356366 -0.10269006604745731 -0.9943327581200929
outer loop
vertex 63.30353927612305 -67.69512939453125 -1.5949000120162964
vertex 62.09066390991211 -67.3701400756836 -1.5949000120162964
vertex 63.408199310302734 -67.1015853881836 -1.6590946912765503
endloop
endfacet
facet normal -0.010350535996304198 -0.11831191998850225 -0.992922532725098
outer loop
vertex 64.15442657470703 -68.56600952148438 -1.5
vertex 63.30353927612305 -67.69512939453125 -1.5949000120162964
vertex 64.15442657470703 -67.76956939697266 -1.5949000120162964
endloop
endfacet
facet normal 0.06812089613675994 -0.09728630062147137 -0.9929224134950895
outer loop
vertex 68.55442810058594 -67.52921295166016 -1.5
vertex 69.05442810058594 -67.10126495361328 -1.507627010345459
vertex 69.05442810058594 -67.17910766601562 -1.5
endloop
endfacet
facet normal 0.4226149865464898 -0.9063093142775872 0
outer loop
vertex 67.29058837890625 -68.11854553222656 -1.5
vertex 68.55442810058594 -67.52921295166016 -1.5
vertex 68.55442810058594 -67.52921295166016 -0.5
endloop
endfacet
facet normal -0.010350692145681122 -0.11831207042248199 -0.9929225131723276
outer loop
vertex 63.30353927612305 -67.69512939453125 -1.5949000120162964
vertex 64.15442657470703 -68.56600952148438 -1.5
vertex 63.16524124145508 -68.4794692993164 -1.5
endloop
endfacet
facet normal -0.030738419534266304 -0.1147172220353652 -0.992922508825852
outer loop
vertex 63.16524124145508 -68.4794692993164 -1.5
vertex 62.09066390991211 -67.3701400756836 -1.5949000120162964
vertex 63.30353927612305 -67.69512939453125 -1.5949000120162964
endloop
endfacet
facet normal -0.03073863976241883 -0.11471743269906794 -0.9929224776690733
outer loop
vertex 62.09066390991211 -67.3701400756836 -1.5949000120162964
vertex 63.16524124145508 -68.4794692993164 -1.5
vertex 61.81826400756836 -68.11854553222656 -1.5
endloop
endfacet
facet normal -0.25882058733748775 -0.9659254130471346 0
outer loop
vertex 61.81826400756836 -68.11854553222656 -0.5
vertex 61.81826400756836 -68.11854553222656 -1.5
vertex 63.16524124145508 -68.4794692993164 -0.5
endloop
endfacet
facet normal 1 0 0
outer loop
vertex 69.05442810058594 -67.17910766601562 -1.5
vertex 69.05442810058594 -67.10126495361328 -1.507627010345459
vertex 69.05442810058594 -67.10126495361328 -1
endloop
endfacet
facet normal -0.4226149865464898 -0.9063093142775872 0
outer loop
vertex 60.55442428588867 -67.52921295166016 -0.5
vertex 60.55442428588867 -67.52921295166016 -1.5
vertex 61.81826400756836 -68.11854553222656 -0.5
endloop
endfacet
facet normal -0.25882058733748775 -0.9659254130471346 0
outer loop
vertex 61.81826400756836 -68.11854553222656 -1.5
vertex 63.16524124145508 -68.4794692993164 -1.5
vertex 63.16524124145508 -68.4794692993164 -0.5
endloop
endfacet
facet normal -0.5735781035076711 -0.8191508769308272 0
outer loop
vertex 60.05442428588867 -67.17910766601562 -1.5
vertex 60.55442428588867 -67.52921295166016 -1.5
vertex 60.55442428588867 -67.52921295166016 -0.5
endloop
endfacet
facet normal -0.4226149865464898 -0.9063093142775872 0
outer loop
vertex 61.81826400756836 -68.11854553222656 -1.5
vertex 61.81826400756836 -68.11854553222656 -0.5
vertex 60.55442428588867 -67.52921295166016 -1.5
endloop
endfacet
facet normal -1 0 0
outer loop
vertex 60.05442428588867 -66.60177612304688 -0.5
vertex 60.05442428588867 -67.10177612304688 -1
vertex 60.05442428588867 -67.17910766601562 -0.5
endloop
endfacet
facet normal -0.5735781035076711 -0.8191508769308272 0
outer loop
vertex 60.05442428588867 -67.17910766601562 -0.5
vertex 60.05442428588867 -67.17910766601562 -1.5
vertex 60.55442428588867 -67.52921295166016 -0.5
endloop
endfacet
facet normal -1 0 0
outer loop
vertex 60.05442428588867 -67.10177612304688 -1
vertex 60.05442428588867 -67.17910766601562 -1.5
vertex 60.05442428588867 -67.17910766601562 -0.5
endloop
endfacet
facet normal -1 0 0
outer loop
vertex 60.05442428588867 -67.10177612304688 -1
vertex 60.05442428588867 -67.10177612304688 -1.5075769424438477
vertex 60.05442428588867 -67.17910766601562 -1.5
endloop
endfacet
facet normal 0.5735781035076711 -0.8191508769308272 0
outer loop
vertex 68.55442810058594 -67.52921295166016 -1.5
vertex 69.05442810058594 -67.17910766601562 -1.5
vertex 69.05442810058594 -67.17910766601562 -0.5
endloop
endfacet
facet normal 1 0 0
outer loop
vertex 69.05442810058594 -67.17910766601562 -0.5
vertex 69.05442810058594 -67.17910766601562 -1.5
vertex 69.05442810058594 -67.10126495361328 -1
endloop
endfacet
facet normal 0.4226149865464898 -0.9063093142775872 0
outer loop
vertex 67.29058837890625 -68.11854553222656 -0.5
vertex 67.29058837890625 -68.11854553222656 -1.5
vertex 68.55442810058594 -67.52921295166016 -0.5
endloop
endfacet
facet normal 0.5735781035076711 -0.8191508769308272 0
outer loop
vertex 68.55442810058594 -67.52921295166016 -0.5
vertex 68.55442810058594 -67.52921295166016 -1.5
vertex 69.05442810058594 -67.17910766601562 -0.5
endloop
endfacet
facet normal 1 0 0
outer loop
vertex 69.05442810058594 -67.10126495361328 -1
vertex 69.05442810058594 -66.60126495361328 -0.5
vertex 69.05442810058594 -67.17910766601562 -0.5
endloop
endfacet
facet normal -0.050191259890984684 -0.10763651972271573 -0.9929225634723672
outer loop
vertex 60.55442428588867 -67.52921295166016 -1.5
vertex 61.51498031616211 -67.10169219970703 -1.5949000120162964
vertex 61.81826400756836 -68.11854553222656 -1.5
endloop
endfacet
facet normal -0.050192121642150415 -0.10763461958866832 -0.9929227258911251
outer loop
vertex 60.801231384277344 -67.10173034667969 -1.5588159561157227
vertex 61.51498031616211 -67.10169219970703 -1.5949000120162964
vertex 60.55442428588867 -67.52921295166016 -1.5
endloop
endfacet
facet normal -0.06811946919710292 -0.09728426274927188 -0.9929227110594437
outer loop
vertex 60.801231384277344 -67.10173034667969 -1.5588159561157227
vertex 60.55442428588867 -67.52921295166016 -1.5
vertex 60.05442428588867 -67.17910766601562 -1.5
endloop
endfacet
facet normal -0.04492983868867534 -0.09635155766761458 -0.994332784801162
outer loop
vertex 62.09066390991211 -67.3701400756836 -1.5949000120162964
vertex 61.51498031616211 -67.10169219970703 -1.5949000120162964
vertex 62.188385009765625 -67.10165405273438 -1.6253321170806885
endloop
endfacet
facet normal -0.05019228511919425 -0.10763681765343948 -0.9929224793507062
outer loop
vertex 61.81826400756836 -68.11854553222656 -1.5
vertex 61.51498031616211 -67.10169219970703 -1.5949000120162964
vertex 62.09066390991211 -67.3701400756836 -1.5949000120162964
endloop
endfacet
facet normal -0.027515813989219828 -0.1026897563374495 -0.9943327883178076
outer loop
vertex 62.09066390991211 -67.3701400756836 -1.5949000120162964
vertex 62.188385009765625 -67.10165405273438 -1.6253321170806885
vertex 63.408199310302734 -67.1015853881836 -1.6590946912765503
endloop
endfacet
facet normal 0.08715312987075319 -0.9961949266854011 0
outer loop
vertex 65.94361114501953 -68.4794692993164 -1.5
vertex 65.94361114501953 -68.4794692993164 -0.5
vertex 64.95442199707031 -68.56600952148438 -1.5
endloop
endfacet
facet normal -0.5735781035076711 -0.8191508769308272 0
outer loop
vertex -56.89742660522461 -71.92910766601562 -0.5
vertex -56.89742660522461 -71.92910766601562 -1.5
vertex -56.39742660522461 -72.27921295166016 -0.5
endloop
endfacet
facet normal 0.050191527834938396 -0.10763709433580018 -0.9929224876376508
outer loop
vertex -49.6612663269043 -72.86854553222656 -1.5
vertex -49.93366622924805 -72.1201400756836 -1.5949000120162964
vertex -48.39742660522461 -72.27921295166016 -1.5
endloop
endfacet
facet normal -0.02751566146041472 -0.10269021915491852 -0.9943327447410704
outer loop
vertex -54.86119079589844 -72.1201400756836 -1.5949000120162964
vertex -54.7618293762207 -71.8471450805664 -1.6258432865142822
vertex -53.542877197265625 -71.84716796875 -1.6595723628997803
endloop
endfacet
facet normal -0.009265472515600373 -0.10590861466099855 -0.9943326990296814
outer loop
vertex -52.797428131103516 -72.51956939697266 -1.5949000120162964
vertex -53.648311614990234 -72.44512939453125 -1.5949000120162964
vertex -52.797428131103516 -71.84718322753906 -1.6665173768997192
endloop
endfacet
facet normal -0.030738289537328156 -0.11471709768415557 -0.9929225272171254
outer loop
vertex -53.78661346435547 -73.2294692993164 -1.5
vertex -54.86119079589844 -72.1201400756836 -1.5949000120162964
vertex -53.648311614990234 -72.44512939453125 -1.5949000120162964
endloop
endfacet
facet normal -0.0103506878695819 -0.11831202154515617 -0.9929225190408993
outer loop
vertex -53.78661346435547 -73.2294692993164 -1.5
vertex -53.648311614990234 -72.44512939453125 -1.5949000120162964
vertex -52.797428131103516 -73.31600952148438 -1.5
endloop
endfacet
facet normal -0.010350582395055617 -0.11831191993167652 -0.9929225322481929
outer loop
vertex -52.797428131103516 -73.31600952148438 -1.5
vertex -53.648311614990234 -72.44512939453125 -1.5949000120162964
vertex -52.797428131103516 -72.51956939697266 -1.5949000120162964
endloop
endfacet
facet normal -0.02751568018672233 -0.10269013075672204 -0.9943327533522314
outer loop
vertex -53.648311614990234 -72.44512939453125 -1.5949000120162964
vertex -54.86119079589844 -72.1201400756836 -1.5949000120162964
vertex -53.542877197265625 -71.84716796875 -1.6595723628997803
endloop
endfacet
facet normal -0.009265919420205397 -0.10590798622941733 -0.9943327618006599
outer loop
vertex -52.797428131103516 -71.84718322753906 -1.6665173768997192
vertex -53.648311614990234 -72.44512939453125 -1.5949000120162964
vertex -53.542877197265625 -71.84716796875 -1.6595723628997803
endloop
endfacet
facet normal -1 0 0
outer loop
vertex -56.89742660522461 -71.84709930419922 -1
vertex -56.89742660522461 -71.84709930419922 -1.5080348253250122
vertex -56.89742660522461 -71.92910766601562 -1.5
endloop
endfacet
facet normal -1 0 0
outer loop
vertex -56.89742660522461 -71.84709930419922 -1
vertex -56.89742660522461 -71.92910766601562 -1.5
vertex -56.89742660522461 -71.92910766601562 -0.5
endloop
endfacet
facet normal -0.4226149865464898 -0.9063093142775872 0
outer loop
vertex -56.39742660522461 -72.27921295166016 -1.5
vertex -55.13358688354492 -72.86854553222656 -1.5
vertex -55.13358688354492 -72.86854553222656 -0.5
endloop
endfacet
facet normal -1 0 0
outer loop
vertex -56.89742660522461 -71.34709930419922 -0.5
vertex -56.89742660522461 -71.84709930419922 -1
vertex -56.89742660522461 -71.92910766601562 -0.5
endloop
endfacet
facet normal -0.4226149865464898 -0.9063093142775872 0
outer loop
vertex -56.39742660522461 -72.27921295166016 -0.5
vertex -56.39742660522461 -72.27921295166016 -1.5
vertex -55.13358688354492 -72.86854553222656 -0.5
endloop
endfacet
facet normal -0.2588212712285562 -0.9659252297976455 0
outer loop
vertex -55.13358688354492 -72.86854553222656 -1.5
vertex -53.78661346435547 -73.2294692993164 -1.5
vertex -53.78661346435547 -73.2294692993164 -0.5
endloop
endfacet
facet normal -0.08715346341544244 -0.9961948975048472 0
outer loop
vertex -53.78661346435547 -73.2294692993164 -1.5
vertex -52.797428131103516 -73.31600952148438 -1.5
vertex -52.797428131103516 -73.31600952148438 -0.5
endloop
endfacet
facet normal -0.2588212712285562 -0.9659252297976455 0
outer loop
vertex -55.13358688354492 -72.86854553222656 -0.5
vertex -55.13358688354492 -72.86854553222656 -1.5
vertex -53.78661346435547 -73.2294692993164 -0.5
endloop
endfacet
facet normal -0.08715346341544244 -0.9961948975048472 0
outer loop
vertex -53.78661346435547 -73.2294692993164 -0.5
vertex -53.78661346435547 -73.2294692993164 -1.5
vertex -52.797428131103516 -73.31600952148438 -0.5
endloop
endfacet
facet normal 0.009265425392626325 -0.10590855083285153 -0.994332706267263
outer loop
vertex -51.99742889404297 -72.51956939697266 -1.5949000120162964
vertex -51.99742889404297 -71.84719848632812 -1.6665157079696655
vertex -51.146541595458984 -72.44512939453125 -1.5949000120162964
endloop
endfacet
facet normal -0.030738756819161297 -0.1147175446720641 -0.992922461108432
outer loop
vertex -55.13358688354492 -72.86854553222656 -1.5
vertex -54.86119079589844 -72.1201400756836 -1.5949000120162964
vertex -53.78661346435547 -73.2294692993164 -1.5
endloop
endfacet
facet normal 0.010350678969440938 -0.11831191981339857 -0.9929225312555555
outer loop
vertex -51.99742889404297 -72.51956939697266 -1.5949000120162964
vertex -51.008243560791016 -73.2294692993164 -1.5
vertex -51.99742889404297 -73.31600952148438 -1.5
endloop
endfacet
facet normal -0.05019261178077987 -0.10763695067162658 -0.9929224484181722
outer loop
vertex -55.13358688354492 -72.86854553222656 -1.5
vertex -55.4466552734375 -71.84712982177734 -1.5949000120162964
vertex -54.86119079589844 -72.1201400756836 -1.5949000120162964
endloop
endfacet
facet normal 0.010350551313921753 -0.11831209507670475 -0.9929225117027304
outer loop
vertex -51.008243560791016 -73.2294692993164 -1.5
vertex -51.99742889404297 -72.51956939697266 -1.5949000120162964
vertex -51.146541595458984 -72.44512939453125 -1.5949000120162964
endloop
endfacet
facet normal 0.009265782085139859 -0.10590804924134811 -0.9943327563689346
outer loop
vertex -51.146541595458984 -72.44512939453125 -1.5949000120162964
vertex -51.99742889404297 -71.84719848632812 -1.6665157079696655
vertex -51.25197219848633 -71.84721374511719 -1.6595674753189087
endloop
endfacet
facet normal 0.02751587035022581 -0.1026900074906101 -0.9943327608202639
outer loop
vertex -51.146541595458984 -72.44512939453125 -1.5949000120162964
vertex -51.25197219848633 -71.84721374511719 -1.6595674753189087
vertex -50.03299331665039 -71.84723663330078 -1.6258326768875122
endloop
endfacet
facet normal -0.5735781035076711 -0.8191508769308272 0
outer loop
vertex -56.89742660522461 -71.92910766601562 -1.5
vertex -56.39742660522461 -72.27921295166016 -1.5
vertex -56.39742660522461 -72.27921295166016 -0.5
endloop
endfacet
facet normal 1 0 0
outer loop
vertex -47.89742660522461 -71.92910766601562 -1.5
vertex -47.89742660522461 -71.84728240966797 -1.5080174207687378
vertex -47.89742660522461 -71.84728240966797 -1
endloop
endfacet
facet normal -0.050191913245670496 -0.10763517139059599 -0.9929226766090379
outer loop
vertex -55.4466552734375 -71.84712982177734 -1.5949000120162964
vertex -56.39742660522461 -72.27921295166016 -1.5
vertex -56.14795684814453 -71.84711456298828 -1.5594511032104492
endloop
endfacet
facet normal -0.06812000347866815 -0.09728229684139666 -0.9929228670180421
outer loop
vertex -56.14795684814453 -71.84711456298828 -1.5594511032104492
vertex -56.89742660522461 -71.92910766601562 -1.5
vertex -56.89742660522461 -71.84709930419922 -1.5080348253250122
endloop
endfacet
facet normal -0.06811973082878063 -0.09728463639641238 -0.9929226565010147
outer loop
vertex -56.14795684814453 -71.84711456298828 -1.5594511032104492
vertex -56.39742660522461 -72.27921295166016 -1.5
vertex -56.89742660522461 -71.92910766601562 -1.5
endloop
endfacet
facet normal -0.05019127452286302 -0.10763655110117613 -0.992922559331197
outer loop
vertex -56.39742660522461 -72.27921295166016 -1.5
vertex -55.4466552734375 -71.84712982177734 -1.5949000120162964
vertex -55.13358688354492 -72.86854553222656 -1.5
endloop
endfacet
facet normal 0.06812258593866694 -0.09728871389824308 -0.9929220611070411
outer loop
vertex -48.39742660522461 -72.27921295166016 -1.5
vertex -47.89742660522461 -71.84728240966797 -1.5080174207687378
vertex -47.89742660522461 -71.92910766601562 -1.5
endloop
endfacet
facet normal 0.5735781035076711 -0.8191508769308272 0
outer loop
vertex -48.39742660522461 -72.27921295166016 -1.5
vertex -47.89742660522461 -71.92910766601562 -1.5
vertex -47.89742660522461 -71.92910766601562 -0.5
endloop
endfacet
facet normal 1 0 0
outer loop
vertex -47.89742660522461 -71.92910766601562 -0.5
vertex -47.89742660522461 -71.92910766601562 -1.5
vertex -47.89742660522461 -71.84728240966797 -1
endloop
endfacet
facet normal 0.5735781035076711 -0.8191508769308272 0
outer loop
vertex -48.39742660522461 -72.27921295166016 -0.5
vertex -48.39742660522461 -72.27921295166016 -1.5
vertex -47.89742660522461 -71.92910766601562 -0.5
endloop
endfacet
facet normal 1 0 0
outer loop
vertex -47.89742660522461 -71.84728240966797 -1
vertex -47.89742660522461 -71.34728240966797 -0.5
vertex -47.89742660522461 -71.92910766601562 -0.5
endloop
endfacet
facet normal 0.4226149865464898 -0.9063093142775872 0
outer loop
vertex -49.6612663269043 -72.86854553222656 -0.5
vertex -49.6612663269043 -72.86854553222656 -1.5
vertex -48.39742660522461 -72.27921295166016 -0.5
endloop
endfacet
facet normal 0.25882058733748775 -0.9659254130471346 0
outer loop
vertex -51.008243560791016 -73.2294692993164 -0.5
vertex -51.008243560791016 -73.2294692993164 -1.5
vertex -49.6612663269043 -72.86854553222656 -0.5
endloop
endfacet
facet normal 0.4226149865464898 -0.9063093142775872 0
outer loop
vertex -49.6612663269043 -72.86854553222656 -1.5
vertex -48.39742660522461 -72.27921295166016 -1.5
vertex -48.39742660522461 -72.27921295166016 -0.5
endloop
endfacet
facet normal 0.25882058733748775 -0.9659254130471346 0
outer loop
vertex -51.008243560791016 -73.2294692993164 -1.5
vertex -49.6612663269043 -72.86854553222656 -1.5
vertex -49.6612663269043 -72.86854553222656 -0.5
endloop
endfacet
facet normal 0.08715346341544244 -0.9961948975048472 0
outer loop
vertex -51.99742889404297 -73.31600952148438 -0.5
vertex -51.99742889404297 -73.31600952148438 -1.5
vertex -51.008243560791016 -73.2294692993164 -0.5
endloop
endfacet
facet normal 0.08715346341544244 -0.9961948975048472 0
outer loop
vertex -51.008243560791016 -73.2294692993164 -1.5
vertex -51.008243560791016 -73.2294692993164 -0.5
vertex -51.99742889404297 -73.31600952148438 -1.5
endloop
endfacet
facet normal 0.06811970236955696 -0.0972853856225587 -0.9929225850454572
outer loop
vertex -48.39742660522461 -72.27921295166016 -1.5
vertex -48.646812438964844 -71.8472671508789 -1.559430718421936
vertex -47.89742660522461 -71.84728240966797 -1.5080174207687378
endloop
endfacet
facet normal 0.05019151428820918 -0.10763630342560275 -0.9929225740601972
outer loop
vertex -48.39742660522461 -72.27921295166016 -1.5
vertex -49.34845733642578 -71.84725189208984 -1.5949000120162964
vertex -48.646812438964844 -71.8472671508789 -1.559430718421936
endloop
endfacet
facet normal 0.050191646054098996 -0.10763601864114952 -0.992922598271115
outer loop
vertex -48.39742660522461 -72.27921295166016 -1.5
vertex -49.93366622924805 -72.1201400756836 -1.5949000120162964
vertex -49.34845733642578 -71.84725189208984 -1.5949000120162964
endloop
endfacet
facet normal 0.030738575875445186 -0.11471719427115909 -0.9929225071936392
outer loop
vertex -51.008243560791016 -73.2294692993164 -1.5
vertex -51.146541595458984 -72.44512939453125 -1.5949000120162964
vertex -49.6612663269043 -72.86854553222656 -1.5
endloop
endfacet
facet normal 0.030738490484591752 -0.11471748682530435 -0.9929224760368832
outer loop
vertex -49.6612663269043 -72.86854553222656 -1.5
vertex -51.146541595458984 -72.44512939453125 -1.5949000120162964
vertex -49.93366622924805 -72.1201400756836 -1.5949000120162964
endloop
endfacet
facet normal 0.027515599211630156 -0.10268950557714611 -0.9943328201584952
outer loop
vertex -49.93366622924805 -72.1201400756836 -1.5949000120162964
vertex -51.146541595458984 -72.44512939453125 -1.5949000120162964
vertex -50.03299331665039 -71.84723663330078 -1.6258326768875122
endloop
endfacet
facet normal 0.044929549670453546 -0.09635144941560345 -0.9943328083503645
outer loop
vertex -49.93366622924805 -72.1201400756836 -1.5949000120162964
vertex -50.03299331665039 -71.84723663330078 -1.6258326768875122
vertex -49.34845733642578 -71.84725189208984 -1.5949000120162964
endloop
endfacet
facet normal -0.04493022408565939 -0.09635187614255897 -0.9943327365260692
outer loop
vertex -54.86119079589844 -72.1201400756836 -1.5949000120162964
vertex -55.4466552734375 -71.84712982177734 -1.5949000120162964
vertex -54.7618293762207 -71.8471450805664 -1.6258432865142822
endloop
endfacet
facet normal 0 0 -1
outer loop
vertex 70.55442810058594 -65.40100860595703 -4
vertex 70.55442810058594 -67.10118103027344 -4
vertex 70.51636505126953 -65.59234619140625 -4
endloop
endfacet
facet normal -0.980781712837501 0.19510825652323827 0
outer loop
vertex 70.51636505126953 -65.59234619140625 -4
vertex 70.51636505126953 -65.59234619140625 -0.5
vertex 70.55442810058594 -65.40100860595703 -0.5
endloop
endfacet
facet normal -0.8314843204337715 0.5555482201148602 0
outer loop
vertex 70.4079818725586 -65.75456237792969 -4
vertex 70.4079818725586 -65.75456237792969 -0.5
vertex 70.51636505126953 -65.59234619140625 -0.5
endloop
endfacet
facet normal -0.5555482201148602 0.8314843204337715 0
outer loop
vertex 70.24576568603516 -65.86294555664062 -4
vertex 70.24576568603516 -65.86294555664062 -0.5
vertex 70.4079818725586 -65.75456237792969 -0.5
endloop
endfacet
facet normal -1 0 0
outer loop
vertex 70.55442810058594 -64.40100860595703 -5
vertex 70.55442810058594 -65.40100860595703 -0.5
vertex 70.55442810058594 -64.40100860595703 -0.5
endloop
endfacet
facet normal 1 0 0
outer loop
vertex 58.55442428588867 -64.40100860595703 -5
vertex 58.55442428588867 -64.40100860595703 -0.5
vertex 58.55442428588867 -65.40100860595703 -4
endloop
endfacet
facet normal 0.8314843204337715 0.5555482201148602 0
outer loop
vertex 58.700870513916016 -65.75456237792969 -0.5
vertex 58.700870513916016 -65.75456237792969 -4
vertex 58.59248733520508 -65.59234619140625 -4
endloop
endfacet
facet normal -0.980781712837501 0.19510825652323827 0
outer loop
vertex 70.55442810058594 -65.40100860595703 -0.5
vertex 70.55442810058594 -65.40100860595703 -4
vertex 70.51636505126953 -65.59234619140625 -4
endloop
endfacet
facet normal -0.8314843204337715 0.5555482201148602 0
outer loop
vertex 70.51636505126953 -65.59234619140625 -0.5
vertex 70.51636505126953 -65.59234619140625 -4
vertex 70.4079818725586 -65.75456237792969 -4
endloop
endfacet
facet normal -0.5555482201148602 0.8314843204337715 0
outer loop
vertex 70.4079818725586 -65.75456237792969 -0.5
vertex 70.4079818725586 -65.75456237792969 -4
vertex 70.24576568603516 -65.86294555664062 -4
endloop
endfacet
facet normal -0.007193270138980207 0.999974128097676 0
outer loop
vertex 70.24576568603516 -65.86294555664062 -0.5
vertex 70.24576568603516 -65.86294555664062 -4
vertex 64.95442199707031 -65.90100860595703 -4
endloop
endfacet
facet normal 0.5555572524753821 0.8314782854783427 0
outer loop
vertex 58.86308288574219 -65.86294555664062 -0.5
vertex 58.86308288574219 -65.86294555664062 -4
vertex 58.700870513916016 -65.75456237792969 -4
endloop
endfacet
facet normal 0 0 -1
outer loop
vertex 70.55442810058594 -67.10118103027344 -4
vertex 70.4079818725586 -65.75456237792969 -4
vertex 70.51636505126953 -65.59234619140625 -4
endloop
endfacet
facet normal 0.980781712837501 0.19510825652323827 0
outer loop
vertex 58.59248733520508 -65.59234619140625 -0.5
vertex 58.59248733520508 -65.59234619140625 -4
vertex 58.55442428588867 -65.40100860595703 -4
endloop
endfacet
facet normal 0 0 -1
outer loop
vertex 70.55442810058594 -67.10118103027344 -4
vertex 70.24576568603516 -65.86294555664062 -4
vertex 70.4079818725586 -65.75456237792969 -4
endloop
endfacet
facet normal -1 0 0
outer loop
vertex 70.55442810058594 -65.40100860595703 -0.5
vertex 70.55442810058594 -64.40100860595703 -5
vertex 70.55442810058594 -65.40100860595703 -4
endloop
endfacet
facet normal -1 0 0
outer loop
vertex 70.55442810058594 -65.40100860595703 -4
vertex 70.55442810058594 -67.10118103027344 -5
vertex 70.55442810058594 -67.10118103027344 -4
endloop
endfacet
facet normal -1 0 0
outer loop
vertex 70.55442810058594 -64.40100860595703 -5
vertex 70.55442810058594 -67.10118103027344 -5
vertex 70.55442810058594 -65.40100860595703 -4
endloop
endfacet
facet normal 0 0 -1
outer loop
vertex 70.55442810058594 -67.10118103027344 -4
vertex 64.95442199707031 -65.90100860595703 -4
vertex 70.24576568603516 -65.86294555664062 -4
endloop
endfacet
facet normal 0 0 -1
outer loop
vertex 64.95442199707031 -67.10149383544922 -4
vertex 64.95442199707031 -65.90100860595703 -4
vertex 70.55442810058594 -67.10118103027344 -4
endloop
endfacet
facet normal -1 0 0
outer loop
vertex 64.95442199707031 -65.90100860595703 -0.5
vertex 64.95442199707031 -68.56600952148438 -1.5
vertex 64.95442199707031 -68.56600952148438 -0.5
endloop
endfacet
facet normal 1 0 0
outer loop
vertex 64.15442657470703 -68.56600952148438 -0.5
vertex 64.15442657470703 -67.1015396118164 -1.666053056716919
vertex 64.15442657470703 -65.90100860595703 -0.5
endloop
endfacet
facet normal 0 0 1
outer loop
vertex 70.55442810058594 -64.40100860595703 -5
vertex 58.55442428588867 -67.10186004638672 -5
vertex 70.55442810058594 -67.10118103027344 -5
endloop
endfacet
facet normal 0 0 -1
outer loop
vertex 64.15442657470703 -67.1015396118164 -4
vertex 58.86308288574219 -65.86294555664062 -4
vertex 64.15442657470703 -65.90100860595703 -4
endloop
endfacet
facet normal -1 0 0
outer loop
vertex 64.95442199707031 -65.90100860595703 -0.5
vertex 64.95442199707031 -67.10149383544922 -1.666057825088501
vertex 64.95442199707031 -67.76956939697266 -1.5949000120162964
endloop
endfacet
facet normal -1 0 0
outer loop
vertex 64.95442199707031 -68.56600952148438 -1.5
vertex 64.95442199707031 -65.90100860595703 -0.5
vertex 64.95442199707031 -67.76956939697266 -1.5949000120162964
endloop
endfacet
facet normal 1 0 0
outer loop
vertex 64.15442657470703 -68.56600952148438 -0.5
vertex 64.15442657470703 -67.76956939697266 -1.5949000120162964
vertex 64.15442657470703 -67.1015396118164 -1.666053056716919
endloop
endfacet
facet normal 1 0 0
outer loop
vertex 64.15442657470703 -68.56600952148438 -0.5
vertex 64.15442657470703 -68.56600952148438 -1.5
vertex 64.15442657470703 -67.76956939697266 -1.5949000120162964
endloop
endfacet
facet normal -0.007193270138980207 0.999974128097676 0
outer loop
vertex 64.95442199707031 -65.90100860595703 -4
vertex 64.95442199707031 -65.90100860595703 -0.5
vertex 70.24576568603516 -65.86294555664062 -0.5
endloop
endfacet
facet normal -1 0 0
outer loop
vertex 64.95442199707031 -65.90100860595703 -0.5
vertex 64.95442199707031 -65.90100860595703 -4
vertex 64.95442199707031 -67.10149383544922 -1.666057825088501
endloop
endfacet
facet normal 1 0 0
outer loop
vertex 64.15442657470703 -65.90100860595703 -4
vertex 64.15442657470703 -65.90100860595703 -0.5
vertex 64.15442657470703 -67.1015396118164 -1.666053056716919
endloop
endfacet
facet normal 0 0 -1
outer loop
vertex 64.15442657470703 -67.1015396118164 -4
vertex 58.55442428588867 -67.10186004638672 -4
vertex 58.86308288574219 -65.86294555664062 -4
endloop
endfacet
facet normal 0 0 -1
outer loop
vertex 58.700870513916016 -65.75456237792969 -4
vertex 58.55442428588867 -67.10186004638672 -4
vertex 58.59248733520508 -65.59234619140625 -4
endloop
endfacet
facet normal 0.007193270138980207 0.999974128097676 0
outer loop
vertex 58.86308288574219 -65.86294555664062 -4
vertex 58.86308288574219 -65.86294555664062 -0.5
vertex 64.15442657470703 -65.90100860595703 -0.5
endloop
endfacet
facet normal 0.8314843204337715 0.5555482201148602 0
outer loop
vertex 58.59248733520508 -65.59234619140625 -4
vertex 58.59248733520508 -65.59234619140625 -0.5
vertex 58.700870513916016 -65.75456237792969 -0.5
endloop
endfacet
facet normal 1 0 0
outer loop
vertex 58.55442428588867 -65.40100860595703 -0.5
vertex 58.55442428588867 -65.40100860595703 -4
vertex 58.55442428588867 -64.40100860595703 -0.5
endloop
endfacet
facet normal 0.980781712837501 0.19510825652323827 0
outer loop
vertex 58.55442428588867 -65.40100860595703 -4
vertex 58.55442428588867 -65.40100860595703 -0.5
vertex 58.59248733520508 -65.59234619140625 -0.5
endloop
endfacet
facet normal 0.5555572524753821 0.8314782854783427 0
outer loop
vertex 58.700870513916016 -65.75456237792969 -4
vertex 58.700870513916016 -65.75456237792969 -0.5
vertex 58.86308288574219 -65.86294555664062 -0.5
endloop
endfacet
facet normal 0 0 -1
outer loop
vertex 58.55442428588867 -67.10186004638672 -4
vertex 58.700870513916016 -65.75456237792969 -4
vertex 58.86308288574219 -65.86294555664062 -4
endloop
endfacet
facet normal 0 0 -1
outer loop
vertex 58.55442428588867 -67.10186004638672 -4
vertex 58.55442428588867 -65.40100860595703 -4
vertex 58.59248733520508 -65.59234619140625 -4
endloop
endfacet
facet normal 1 0 0
outer loop
vertex 58.55442428588867 -67.10186004638672 -4
vertex 58.55442428588867 -67.10186004638672 -5
vertex 58.55442428588867 -65.40100860595703 -4
endloop
endfacet
facet normal 1 0 0
outer loop
vertex 58.55442428588867 -67.10186004638672 -5
vertex 58.55442428588867 -64.40100860595703 -5
vertex 58.55442428588867 -65.40100860595703 -4
endloop
endfacet
facet normal -1 0 0
outer loop
vertex 64.95442199707031 -65.90100860595703 -4
vertex 64.95442199707031 -67.10149383544922 -4
vertex 64.95442199707031 -67.10149383544922 -1.666057825088501
endloop
endfacet
facet normal 1 0 0
outer loop
vertex 64.15442657470703 -67.1015396118164 -4
vertex 64.15442657470703 -65.90100860595703 -4
vertex 64.15442657470703 -67.1015396118164 -1.666053056716919
endloop
endfacet
facet normal 0.007193270138980207 0.999974128097676 0
outer loop
vertex 58.86308288574219 -65.86294555664062 -4
vertex 64.15442657470703 -65.90100860595703 -0.5
vertex 64.15442657470703 -65.90100860595703 -4
endloop
endfacet
facet normal 0 0 1
outer loop
vertex 70.55442810058594 -64.40100860595703 -5
vertex 58.55442428588867 -64.40100860595703 -5
vertex 58.55442428588867 -67.10186004638672 -5
endloop
endfacet
facet normal -0.980785454467839 0.19508944693220684 0
outer loop
vertex -46.43548583984375 -70.34234619140625 -4
vertex -46.43548583984375 -70.34234619140625 -0.5
vertex -46.39742660522461 -70.15100860595703 -0.5
endloop
endfacet
facet normal 0 0 -1
outer loop
vertex -51.99742889404297 -71.84719848632812 -4
vertex -51.99742889404297 -70.65100860595703 -4
vertex -46.39742660522461 -71.8473129272461 -4
endloop
endfacet
facet normal -1 0 0
outer loop
vertex -46.39742660522461 -70.15100860595703 -4
vertex -46.39742660522461 -70.15100860595703 -0.5
vertex -46.39742660522461 -69.15100860595703 -0.5
endloop
endfacet
facet normal -0.8314632175140401 -0.5555798033776967 0
outer loop
vertex -46.54387283325195 -68.79745483398438 -0.5
vertex -46.54387283325195 -68.79745483398438 -5
vertex -46.43548583984375 -68.95966339111328 -5
endloop
endfacet
facet normal -0.5555572524753821 -0.8314782854783427 0
outer loop
vertex -46.706085205078125 -68.68907165527344 -0.5
vertex -46.706085205078125 -68.68907165527344 -5
vertex -46.54387283325195 -68.79745483398438 -5
endloop
endfacet
facet normal -0.980785454467839 0.19508944693220684 0
outer loop
vertex -46.39742660522461 -70.15100860595703 -0.5
vertex -46.39742660522461 -70.15100860595703 -4
vertex -46.43548583984375 -70.34234619140625 -4
endloop
endfacet
facet normal -0.831475288175546 0.5555617383814266 0
outer loop
vertex -46.43548583984375 -70.34234619140625 -0.5
vertex -46.43548583984375 -70.34234619140625 -4
vertex -46.54387283325195 -70.50456237792969 -4
endloop
endfacet
facet normal -0.5555572524753821 0.8314782854783427 0
outer loop
vertex -46.54387283325195 -70.50456237792969 -0.5
vertex -46.54387283325195 -70.50456237792969 -4
vertex -46.706085205078125 -70.61294555664062 -4
endloop
endfacet
facet normal -1 0 0
outer loop
vertex -46.39742660522461 -69.15100860595703 -0.5
vertex -46.39742660522461 -69.15100860595703 -5
vertex -46.39742660522461 -70.15100860595703 -4
endloop
endfacet
facet normal -0.9807869428222868 -0.19508196428504695 0
outer loop
vertex -46.43548583984375 -68.95966339111328 -0.5
vertex -46.43548583984375 -68.95966339111328 -5
vertex -46.39742660522461 -69.15100860595703 -5
endloop
endfacet
facet normal 0 -1 0
outer loop
vertex -46.706085205078125 -68.68907165527344 -5
vertex -46.706085205078125 -68.68907165527344 -0.5
vertex -58.088768005371094 -68.68907165527344 -0.5
endloop
endfacet
facet normal -0.5555572524753821 -0.8314782854783427 0
outer loop
vertex -46.54387283325195 -68.79745483398438 -5
vertex -46.54387283325195 -68.79745483398438 -0.5
vertex -46.706085205078125 -68.68907165527344 -0.5
endloop
endfacet
facet normal -0.8314632175140401 -0.5555798033776967 0
outer loop
vertex -46.43548583984375 -68.95966339111328 -5
vertex -46.43548583984375 -68.95966339111328 -0.5
vertex -46.54387283325195 -68.79745483398438 -0.5
endloop
endfacet
facet normal 1 0 0
outer loop
vertex -52.797428131103516 -73.31600952148438 -0.5
vertex -52.797428131103516 -71.84718322753906 -1.6665173768997192
vertex -52.797428131103516 -70.65100860595703 -0.5
endloop
endfacet
facet normal -1 0 0
outer loop
vertex -51.99742889404297 -70.65100860595703 -0.5
vertex -51.99742889404297 -73.31600952148438 -1.5
vertex -51.99742889404297 -73.31600952148438 -0.5
endloop
endfacet
facet normal -1 0 0
outer loop
vertex -51.99742889404297 -70.65100860595703 -0.5
vertex -51.99742889404297 -71.84719848632812 -1.6665157079696655
vertex -51.99742889404297 -72.51956939697266 -1.5949000120162964
endloop
endfacet
facet normal -1 0 0
outer loop
vertex -51.99742889404297 -73.31600952148438 -1.5
vertex -51.99742889404297 -70.65100860595703 -0.5
vertex -51.99742889404297 -72.51956939697266 -1.5949000120162964
endloop
endfacet
facet normal 1 0 0
outer loop
vertex -52.797428131103516 -73.31600952148438 -0.5
vertex -52.797428131103516 -72.51956939697266 -1.5949000120162964
vertex -52.797428131103516 -71.84718322753906 -1.6665173768997192
endloop
endfacet
facet normal 1 0 0
outer loop
vertex -52.797428131103516 -73.31600952148438 -0.5
vertex -52.797428131103516 -73.31600952148438 -1.5
vertex -52.797428131103516 -72.51956939697266 -1.5949000120162964
endloop
endfacet
facet normal -0.007193270138980207 0.999974128097676 0
outer loop
vertex -46.706085205078125 -70.61294555664062 -0.5
vertex -51.99742889404297 -70.65100860595703 -4
vertex -51.99742889404297 -70.65100860595703 -0.5
endloop
endfacet
facet normal -1 0 0
outer loop
vertex -51.99742889404297 -70.65100860595703 -0.5
vertex -51.99742889404297 -70.65100860595703 -4
vertex -51.99742889404297 -71.84719848632812 -1.6665157079696655
endloop
endfacet
facet normal -0.9807869428222868 -0.19508196428504695 0
outer loop
vertex -46.39742660522461 -69.15100860595703 -5
vertex -46.39742660522461 -69.15100860595703 -0.5
vertex -46.43548583984375 -68.95966339111328 -0.5
endloop
endfacet
facet normal 1 0 0
outer loop
vertex -52.797428131103516 -71.84718322753906 -4
vertex -52.797428131103516 -70.65100860595703 -0.5
vertex -52.797428131103516 -71.84718322753906 -1.6665173768997192
endloop
endfacet
facet normal 0.5555572524753821 -0.8314782854783427 0
outer loop
vertex -58.250980377197266 -68.79745483398438 -0.5
vertex -58.250980377197266 -68.79745483398438 -5
vertex -58.088768005371094 -68.68907165527344 -5
endloop
endfacet
facet normal 0.8314632175140401 -0.5555798033776967 0
outer loop
vertex -58.35936737060547 -68.95966339111328 -0.5
vertex -58.35936737060547 -68.95966339111328 -5
vertex -58.250980377197266 -68.79745483398438 -5
endloop
endfacet
facet normal 0.5555572524753821 0.8314782854783427 0
outer loop
vertex -58.088768005371094 -70.61294555664062 -0.5
vertex -58.088768005371094 -70.61294555664062 -4
vertex -58.250980377197266 -70.50456237792969 -4
endloop
endfacet
facet normal 0.980785454467839 0.19508944693220684 0
outer loop
vertex -58.35936737060547 -70.34234619140625 -0.5
vertex -58.35936737060547 -70.34234619140625 -4
vertex -58.39742660522461 -70.15100860595703 -4
endloop
endfacet
facet normal 0.831475288175546 0.5555617383814266 0
outer loop
vertex -58.250980377197266 -70.50456237792969 -0.5
vertex -58.250980377197266 -70.50456237792969 -4
vertex -58.35936737060547 -70.34234619140625 -4
endloop
endfacet
facet normal 1 0 0
outer loop
vertex -58.39742660522461 -69.15100860595703 -5
vertex -58.39742660522461 -69.15100860595703 -0.5
vertex -58.39742660522461 -70.15100860595703 -4
endloop
endfacet
facet normal 0.9807869428222868 -0.19508196428504695 0
outer loop
vertex -58.39742660522461 -69.15100860595703 -0.5
vertex -58.39742660522461 -69.15100860595703 -5
vertex -58.35936737060547 -68.95966339111328 -5
endloop
endfacet
facet normal 0 0 -1
outer loop
vertex -58.35936737060547 -70.34234619140625 -4
vertex -58.39742660522461 -71.8470687866211 -4
vertex -58.39742660522461 -70.15100860595703 -4
endloop
endfacet
facet normal 0 0 -1
outer loop
vertex -58.250980377197266 -70.50456237792969 -4
vertex -58.39742660522461 -71.8470687866211 -4
vertex -58.35936737060547 -70.34234619140625 -4
endloop
endfacet
facet normal 0 0 -1
outer loop
vertex -58.39742660522461 -71.8470687866211 -4
vertex -58.250980377197266 -70.50456237792969 -4
vertex -58.088768005371094 -70.61294555664062 -4
endloop
endfacet
facet normal 1 0 0
outer loop
vertex -58.39742660522461 -71.8470687866211 -5
vertex -58.39742660522461 -69.15100860595703 -5
vertex -58.39742660522461 -70.15100860595703 -4
endloop
endfacet
facet normal 1 0 0
outer loop
vertex -58.39742660522461 -71.8470687866211 -4
vertex -58.39742660522461 -71.8470687866211 -5
vertex -58.39742660522461 -70.15100860595703 -4
endloop
endfacet
facet normal 0 0 1
outer loop
vertex -58.250980377197266 -68.79745483398438 -5
vertex -58.39742660522461 -71.8470687866211 -5
vertex -58.088768005371094 -68.68907165527344 -5
endloop
endfacet
facet normal 0 0 1
outer loop
vertex -58.35936737060547 -68.95966339111328 -5
vertex -58.39742660522461 -71.8470687866211 -5
vertex -58.250980377197266 -68.79745483398438 -5
endloop
endfacet
facet normal 0 0 1
outer loop
vertex -58.39742660522461 -71.8470687866211 -5
vertex -58.35936737060547 -68.95966339111328 -5
vertex -58.39742660522461 -69.15100860595703 -5
endloop
endfacet
facet normal 0.9807869428222868 -0.19508196428504695 0
outer loop
vertex -58.35936737060547 -68.95966339111328 -5
vertex -58.35936737060547 -68.95966339111328 -0.5
vertex -58.39742660522461 -69.15100860595703 -0.5
endloop
endfacet
facet normal 0.0071932753245719 0.9999741280603738 0
outer loop
vertex -58.088768005371094 -70.61294555664062 -4
vertex -58.088768005371094 -70.61294555664062 -0.5
vertex -52.797428131103516 -70.65100860595703 -0.5
endloop
endfacet
facet normal 0.5555572524753821 0.8314782854783427 0
outer loop
vertex -58.250980377197266 -70.50456237792969 -4
vertex -58.250980377197266 -70.50456237792969 -0.5
vertex -58.088768005371094 -70.61294555664062 -0.5
endloop
endfacet
facet normal 0.831475288175546 0.5555617383814266 0
outer loop
vertex -58.35936737060547 -70.34234619140625 -4
vertex -58.35936737060547 -70.34234619140625 -0.5
vertex -58.250980377197266 -70.50456237792969 -0.5
endloop
endfacet
facet normal -0.007193270138980207 0.999974128097676 0
outer loop
vertex -46.706085205078125 -70.61294555664062 -0.5
vertex -46.706085205078125 -70.61294555664062 -4
vertex -51.99742889404297 -70.65100860595703 -4
endloop
endfacet
facet normal 1 0 0
outer loop
vertex -52.797428131103516 -70.65100860595703 -0.5
vertex -52.797428131103516 -71.84718322753906 -4
vertex -52.797428131103516 -70.65100860595703 -4
endloop
endfacet
facet normal -1 0 0
outer loop
vertex -51.99742889404297 -70.65100860595703 -4
vertex -51.99742889404297 -71.84719848632812 -4
vertex -51.99742889404297 -71.84719848632812 -1.6665157079696655
endloop
endfacet
facet normal 0 -1 0
outer loop
vertex -58.088768005371094 -68.68907165527344 -0.5
vertex -58.088768005371094 -68.68907165527344 -5
vertex -46.706085205078125 -68.68907165527344 -5
endloop
endfacet
facet normal 0.0071932753245719 0.9999741280603738 0
outer loop
vertex -58.088768005371094 -70.61294555664062 -4
vertex -52.797428131103516 -70.65100860595703 -0.5
vertex -52.797428131103516 -70.65100860595703 -4
endloop
endfacet
facet normal 0 0 -1
outer loop
vertex -46.39742660522461 -70.15100860595703 -4
vertex -46.39742660522461 -71.8473129272461 -4
vertex -46.43548583984375 -70.34234619140625 -4
endloop
endfacet
facet normal -0.5555572524753821 0.8314782854783427 0
outer loop
vertex -46.706085205078125 -70.61294555664062 -4
vertex -46.706085205078125 -70.61294555664062 -0.5
vertex -46.54387283325195 -70.50456237792969 -0.5
endloop
endfacet
facet normal 0.8314632175140401 -0.5555798033776967 0
outer loop
vertex -58.250980377197266 -68.79745483398438 -5
vertex -58.250980377197266 -68.79745483398438 -0.5
vertex -58.35936737060547 -68.95966339111328 -0.5
endloop
endfacet
facet normal -0.831475288175546 0.5555617383814266 0
outer loop
vertex -46.54387283325195 -70.50456237792969 -4
vertex -46.54387283325195 -70.50456237792969 -0.5
vertex -46.43548583984375 -70.34234619140625 -0.5
endloop
endfacet
facet normal 0 0 -1
outer loop
vertex -46.39742660522461 -71.8473129272461 -4
vertex -46.54387283325195 -70.50456237792969 -4
vertex -46.43548583984375 -70.34234619140625 -4
endloop
endfacet
facet normal 0 0 -1
outer loop
vertex -46.39742660522461 -71.8473129272461 -4
vertex -46.706085205078125 -70.61294555664062 -4
vertex -46.54387283325195 -70.50456237792969 -4
endloop
endfacet
facet normal 0.5555572524753821 -0.8314782854783427 0
outer loop
vertex -58.088768005371094 -68.68907165527344 -5
vertex -58.088768005371094 -68.68907165527344 -0.5
vertex -58.250980377197266 -68.79745483398438 -0.5
endloop
endfacet
facet normal 0 0 1
outer loop
vertex -58.088768005371094 -68.68907165527344 -5
vertex -58.39742660522461 -71.8470687866211 -5
vertex -46.706085205078125 -68.68907165527344 -5
endloop
endfacet
facet normal -1 0 0
outer loop
vertex -46.39742660522461 -69.15100860595703 -5
vertex -46.39742660522461 -71.8473129272461 -5
vertex -46.39742660522461 -70.15100860595703 -4
endloop
endfacet
facet normal 0 0 -1
outer loop
vertex -58.088768005371094 -70.61294555664062 -4
vertex -52.797428131103516 -71.84718322753906 -4
vertex -58.39742660522461 -71.8470687866211 -4
endloop
endfacet
facet normal 1 0 0
outer loop
vertex -58.39742660522461 -70.15100860595703 -0.5
vertex -58.39742660522461 -70.15100860595703 -4
vertex -58.39742660522461 -69.15100860595703 -0.5
endloop
endfacet
facet normal 0.980785454467839 0.19508944693220684 0
outer loop
vertex -58.39742660522461 -70.15100860595703 -4
vertex -58.39742660522461 -70.15100860595703 -0.5
vertex -58.35936737060547 -70.34234619140625 -0.5
endloop
endfacet
facet normal -1 0 0
outer loop
vertex -46.39742660522461 -70.15100860595703 -4
vertex -46.39742660522461 -71.8473129272461 -5
vertex -46.39742660522461 -71.8473129272461 -4
endloop
endfacet
facet normal 0 0 -1
outer loop
vertex -52.797428131103516 -71.84718322753906 -4
vertex -58.088768005371094 -70.61294555664062 -4
vertex -52.797428131103516 -70.65100860595703 -4
endloop
endfacet
facet normal 0 0 1
outer loop
vertex -46.39742660522461 -71.8473129272461 -5
vertex -46.39742660522461 -69.15100860595703 -5
vertex -58.39742660522461 -71.8470687866211 -5
endloop
endfacet
facet normal 0 0 1
outer loop
vertex -46.706085205078125 -68.68907165527344 -5
vertex -58.39742660522461 -71.8470687866211 -5
vertex -46.54387283325195 -68.79745483398438 -5
endloop
endfacet
facet normal 0 0 1
outer loop
vertex -58.39742660522461 -71.8470687866211 -5
vertex -46.39742660522461 -69.15100860595703 -5
vertex -46.43548583984375 -68.95966339111328 -5
endloop
endfacet
facet normal 0 0 1
outer loop
vertex -46.54387283325195 -68.79745483398438 -5
vertex -58.39742660522461 -71.8470687866211 -5
vertex -46.43548583984375 -68.95966339111328 -5
endloop
endfacet
facet normal 0 0 -1
outer loop
vertex -46.39742660522461 -71.8473129272461 -4
vertex -51.99742889404297 -70.65100860595703 -4
vertex -46.706085205078125 -70.61294555664062 -4
endloop
endfacet
facet normal 0.881917860019375 0.4714031058222316 0
outer loop
vertex -53.22889709472656 61.54865264892578 -3.5
vertex -53.22889709472656 61.54865264892578 -7.0152387619018555
vertex -53.32130813598633 61.72153854370117 -3.5
endloop
endfacet
facet normal 0 0 -1
outer loop
vertex -53.32130813598633 62.486907958984375 -3.5
vertex -53.39742660522461 62.10422134399414 -3.5
vertex -53.378211975097656 62.299312591552734 -3.5
endloop
endfacet
facet normal -0.29027452463974807 0.9569434154353998 0
outer loop
vertex -52.01474380493164 61.18034362792969 -7.034270286560059
vertex -52.057979583740234 61.16722869873047 -7.075650215148926
vertex -52.01474380493164 61.18034362792969 -3.5
endloop
endfacet
facet normal -0.47140310582223166 0.881917860019375 0
outer loop
vertex -51.84185791015625 61.27275466918945 -6.821736812591553
vertex -52.01474380493164 61.18034362792969 -7.034270286560059
vertex -52.01474380493164 61.18034362792969 -3.5
endloop
endfacet
facet normal 0.6343974203505326 0.7730070588633648 0
outer loop
vertex -53.10453414916992 61.397117614746094 -7.039239406585693
vertex -53.10453414916992 61.397117614746094 -3.5
vertex -52.952999114990234 61.27275466918945 -7.058936595916748
endloop
endfacet
facet normal 0.7730070588633648 0.6343974203505326 0
outer loop
vertex -53.10453414916992 61.397117614746094 -3.5
vertex -53.10453414916992 61.397117614746094 -7.039239406585693
vertex -53.22889709472656 61.54865264892578 -3.5
endloop
endfacet
facet normal 0.9569440106171243 0.2902725625063677 0
outer loop
vertex -53.32130813598633 61.72153854370117 -3.5
vertex -53.32130813598633 61.72153854370117 -6.987855911254883
vertex -53.378211975097656 61.90913391113281 -3.5
endloop
endfacet
facet normal 0.9951846295964323 0.09801812595133512 0
outer loop
vertex -53.378211975097656 61.90913391113281 -3.5
vertex -53.378211975097656 61.90913391113281 -6.958144187927246
vertex -53.39742660522461 62.10422134399414 -3.5
endloop
endfacet
facet normal 0.9951848165503704 -0.09801622777686081 0
outer loop
vertex -53.39742660522461 62.10422134399414 -3.5
vertex -53.39742660522461 62.10422134399414 -6.775548458099365
vertex -53.378211975097656 62.299312591552734 -3.5
endloop
endfacet
facet normal 0 0 -1
outer loop
vertex -53.22889709472656 61.54865264892578 -3.5
vertex -53.32130813598633 61.72153854370117 -3.5
vertex -53.25946044921875 62.60261535644531 -3.5
endloop
endfacet
facet normal 0 0 -1
outer loop
vertex -53.25946044921875 62.60261535644531 -3.5
vertex -52.952999114990234 61.27275466918945 -3.5
vertex -53.10453414916992 61.397117614746094 -3.5
endloop
endfacet
facet normal -0.8819405250047337 0.4713607009015226 0
outer loop
vertex -51.535396575927734 61.605831146240234 -6.245643615722656
vertex -51.565956115722656 61.54865264892578 -3.5
vertex -51.535396575927734 61.605831146240234 -3.5
endloop
endfacet
facet normal -0.09801622777686082 0.9951848165503705 0
outer loop
vertex -52.202335357666016 61.123435974121094 -7.08258581161499
vertex -52.39742660522461 61.10422134399414 -7.085629463195801
vertex -52.39742660522461 61.10422134399414 -3.5
endloop
endfacet
facet normal -0.7730070588633648 0.6343974203505326 0
outer loop
vertex -51.565956115722656 61.54865264892578 -3.5
vertex -51.565956115722656 61.54865264892578 -6.3313140869140625
vertex -51.6903190612793 61.397117614746094 -3.5
endloop
endfacet
facet normal 0.09801622777686082 0.9951848165503705 0
outer loop
vertex -52.39742660522461 61.10422134399414 -7.085629463195801
vertex -52.5925178527832 61.123435974121094 -7.08258581161499
vertex -52.5925178527832 61.123435974121094 -3.5
endloop
endfacet
facet normal -0.634387877656003 0.773014890337251 0
outer loop
vertex -51.6903190612793 61.397117614746094 -3.5
vertex -51.6903190612793 61.397117614746094 -6.584377288818359
vertex -51.84185791015625 61.27275466918945 -3.5
endloop
endfacet
facet normal 0.6343974203505327 0.773007058863365 0
outer loop
vertex -52.952999114990234 61.27275466918945 -3.5
vertex -52.952999114990234 61.27275466918945 -7.058936595916748
vertex -53.10453414916992 61.397117614746094 -3.5
endloop
endfacet
facet normal 0.2902957875711588 0.9569369653840533 0
outer loop
vertex -52.5925178527832 61.123435974121094 -7.08258581161499
vertex -52.78010940551758 61.18034362792969 -7.073573112487793
vertex -52.78010940551758 61.18034362792969 -3.5
endloop
endfacet
facet normal 0.4713950159280179 0.8819221841853304 0
outer loop
vertex -52.78010940551758 61.18034362792969 -7.073573112487793
vertex -52.952999114990234 61.27275466918945 -7.058936595916748
vertex -52.952999114990234 61.27275466918945 -3.5
endloop
endfacet
facet normal 0.9951861975549604 0.09800220505733086 0
outer loop
vertex -53.39742660522461 62.10422134399414 -3.5
vertex -53.38187026977539 61.946250915527344 -6.95226526260376
vertex -53.39742660522461 62.10422134399414 -6.775548458099365
endloop
endfacet
facet normal 0.995177893333444 0.09808649552941488 -0.0000038944241602668365
outer loop
vertex -53.378211975097656 61.90913391113281 -6.958144187927246
vertex -53.38187026977539 61.946250915527344 -6.95226526260376
vertex -53.39742660522461 62.10422134399414 -3.5
endloop
endfacet
facet normal 0.9569440106171242 0.2902725625063677 0
outer loop
vertex -53.32130813598633 61.72153854370117 -6.987855911254883
vertex -53.378211975097656 61.90913391113281 -6.958144187927246
vertex -53.378211975097656 61.90913391113281 -3.5
endloop
endfacet
facet normal 0.8819178600193749 0.4714031058222316 0
outer loop
vertex -53.22889709472656 61.54865264892578 -7.0152387619018555
vertex -53.32130813598633 61.72153854370117 -6.987855911254883
vertex -53.32130813598633 61.72153854370117 -3.5
endloop
endfacet
facet normal 0.7730070588633648 0.6343974203505326 0
outer loop
vertex -53.10453414916992 61.397117614746094 -7.039239406585693
vertex -53.22889709472656 61.54865264892578 -7.0152387619018555
vertex -53.22889709472656 61.54865264892578 -3.5
endloop
endfacet
facet normal -0.4714031058222316 0.881917860019375 0
outer loop
vertex -51.84185791015625 61.27275466918945 -3.5
vertex -51.84185791015625 61.27275466918945 -6.821736812591553
vertex -52.01474380493164 61.18034362792969 -3.5
endloop
endfacet
facet normal -0.2902957875711473 0.9569369653840154 2.807633033528184e-7
outer loop
vertex -52.01474380493164 61.18034362792969 -3.5
vertex -52.057979583740234 61.16722869873047 -7.075650215148926
vertex -52.202335357666016 61.123435974121094 -3.5
endloop
endfacet
facet normal -0.09801622777686082 0.9951848165503705 0
outer loop
vertex -52.202335357666016 61.123435974121094 -3.5
vertex -52.202335357666016 61.123435974121094 -7.08258581161499
vertex -52.39742660522461 61.10422134399414 -3.5
endloop
endfacet
facet normal 0.09801622777686082 0.9951848165503705 0
outer loop
vertex -52.39742660522461 61.10422134399414 -3.5
vertex -52.39742660522461 61.10422134399414 -7.085629463195801
vertex -52.5925178527832 61.123435974121094 -3.5
endloop
endfacet
facet normal 0.9951848165503706 -0.09801622777686084 0
outer loop
vertex -53.39742660522461 62.10422134399414 -6.775548458099365
vertex -53.378211975097656 62.299312591552734 -6.534260272979736
vertex -53.378211975097656 62.299312591552734 -3.5
endloop
endfacet
facet normal 0 0 -1
outer loop
vertex -53.32130813598633 61.72153854370117 -3.5
vertex -53.378211975097656 61.90913391113281 -3.5
vertex -53.32130813598633 62.486907958984375 -3.5
endloop
endfacet
facet normal 0.2902957875711588 0.9569369653840532 0
outer loop
vertex -52.5925178527832 61.123435974121094 -3.5
vertex -52.5925178527832 61.123435974121094 -7.08258581161499
vertex -52.78010940551758 61.18034362792969 -3.5
endloop
endfacet
facet normal 0.4713950159280179 0.8819221841853304 0
outer loop
vertex -52.78010940551758 61.18034362792969 -3.5
vertex -52.78010940551758 61.18034362792969 -7.073573112487793
vertex -52.952999114990234 61.27275466918945 -3.5
endloop
endfacet
facet normal -0.8819405250047339 0.4713607009015226 0
outer loop
vertex -51.535396575927734 61.605831146240234 -6.245643615722656
vertex -51.565956115722656 61.54865264892578 -6.3313140869140625
vertex -51.565956115722656 61.54865264892578 -3.5
endloop
endfacet
facet normal -0.7730070588633648 0.6343974203505326 0
outer loop
vertex -51.565956115722656 61.54865264892578 -6.3313140869140625
vertex -51.6903190612793 61.397117614746094 -6.584377288818359
vertex -51.6903190612793 61.397117614746094 -3.5
endloop
endfacet
facet normal -0.634387877656003 0.773014890337251 0
outer loop
vertex -51.6903190612793 61.397117614746094 -6.584377288818359
vertex -51.84185791015625 61.27275466918945 -6.821736812591553
vertex -51.84185791015625 61.27275466918945 -3.5
endloop
endfacet
facet normal 0.8819187473810279 -0.47140144571042486 0
outer loop
vertex -53.32130813598633 62.486907958984375 -3.5
vertex -53.25946044921875 62.60261535644531 -6.1058220863342285
vertex -53.25946044921875 62.60261535644531 -3.5
endloop
endfacet
facet normal 0.8819187473810279 -0.4714014457104248 0
outer loop
vertex -53.32130813598633 62.486907958984375 -3.5
vertex -53.32130813598633 62.486907958984375 -6.279193878173828
vertex -53.25946044921875 62.60261535644531 -6.1058220863342285
endloop
endfacet
facet normal 0.9569440106171242 -0.2902725625063677 0
outer loop
vertex -53.378211975097656 62.299312591552734 -6.534260272979736
vertex -53.32130813598633 62.486907958984375 -6.279193878173828
vertex -53.32130813598633 62.486907958984375 -3.5
endloop
endfacet
facet normal 0.9569440106171242 -0.2902725625063676 0
outer loop
vertex -53.378211975097656 62.299312591552734 -3.5
vertex -53.378211975097656 62.299312591552734 -6.534260272979736
vertex -53.32130813598633 62.486907958984375 -3.5
endloop
endfacet
facet normal 0 0 -1
outer loop
vertex -53.10453414916992 61.397117614746094 -3.5
vertex -53.22889709472656 61.54865264892578 -3.5
vertex -53.25946044921875 62.60261535644531 -3.5
endloop
endfacet
facet normal 0 0 -1
outer loop
vertex -53.378211975097656 61.90913391113281 -3.5
vertex -53.39742660522461 62.10422134399414 -3.5
vertex -53.32130813598633 62.486907958984375 -3.5
endloop
endfacet
facet normal -0.2903021559158089 0.9569350334639408 0
outer loop
vertex -52.057979583740234 61.16722869873047 -7.075650215148926
vertex -52.202335357666016 61.123435974121094 -7.08258581161499
vertex -52.202335357666016 61.123435974121094 -3.5
endloop
endfacet
facet normal 0 0 -1
outer loop
vertex -51.535396575927734 61.605831146240234 -3.5
vertex -51.565956115722656 61.54865264892578 -3.5
vertex -53.25946044921875 62.60261535644531 -3.5
endloop
endfacet
facet normal 0 0 -1
outer loop
vertex -51.565956115722656 61.54865264892578 -3.5
vertex -51.6903190612793 61.397117614746094 -3.5
vertex -53.25946044921875 62.60261535644531 -3.5
endloop
endfacet
facet normal 0 0 -1
outer loop
vertex -51.6903190612793 61.397117614746094 -3.5
vertex -51.84185791015625 61.27275466918945 -3.5
vertex -53.25946044921875 62.60261535644531 -3.5
endloop
endfacet
facet normal 0 0 -1
outer loop
vertex -51.84185791015625 61.27275466918945 -3.5
vertex -52.01474380493164 61.18034362792969 -3.5
vertex -53.25946044921875 62.60261535644531 -3.5
endloop
endfacet
facet normal 0 0 -1
outer loop
vertex -52.01474380493164 61.18034362792969 -3.5
vertex -52.202335357666016 61.123435974121094 -3.5
vertex -53.25946044921875 62.60261535644531 -3.5
endloop
endfacet
facet normal 0 0 -1
outer loop
vertex -52.39742660522461 61.10422134399414 -3.5
vertex -52.5925178527832 61.123435974121094 -3.5
vertex -53.25946044921875 62.60261535644531 -3.5
endloop
endfacet
facet normal 0 0 -1
outer loop
vertex -52.202335357666016 61.123435974121094 -3.5
vertex -52.39742660522461 61.10422134399414 -3.5
vertex -53.25946044921875 62.60261535644531 -3.5
endloop
endfacet
facet normal 0 0 -1
outer loop
vertex -52.5925178527832 61.123435974121094 -3.5
vertex -52.78010940551758 61.18034362792969 -3.5
vertex -53.25946044921875 62.60261535644531 -3.5
endloop
endfacet
facet normal 0 0 -1
outer loop
vertex -52.952999114990234 61.27275466918945 -3.5
vertex -53.25946044921875 62.60261535644531 -3.5
vertex -52.78010940551758 61.18034362792969 -3.5
endloop
endfacet
facet normal 0 0 -1
outer loop
vertex -53.25946044921875 62.60261535644531 -3.5
vertex -53.32130813598633 61.72153854370117 -3.5
vertex -53.32130813598633 62.486907958984375 -3.5
endloop
endfacet
facet normal -0.6343783351518825 0.773022721457737 0
outer loop
vertex 65.26153564453125 45.95738220214844 -3.5
vertex 65.26153564453125 45.95738220214844 -9.48465347290039
vertex 65.10999298095703 45.8330192565918 -3.5
endloop
endfacet
facet normal 0.8819259499769284 0.471387970526712 0
outer loop
vertex 63.72295379638672 46.108917236328125 -9.416886329650879
vertex 63.63054656982422 46.281803131103516 -9.179356575012207
vertex 63.63054656982422 46.281803131103516 -3.5
endloop
endfacet
facet normal 0.2902779678676651 0.9569423709767578 0
outer loop
vertex 64.35933685302734 45.6837043762207 -9.527999877929688
vertex 64.17174530029297 45.74060821533203 -9.518986701965332
vertex 64.17174530029297 45.74060821533203 -3.5
endloop
endfacet
facet normal 0.09801622777686082 0.9951848165503705 0
outer loop
vertex 64.55442810058594 45.66448974609375 -9.53104305267334
vertex 64.35933685302734 45.6837043762207 -9.527999877929688
vertex 64.35933685302734 45.6837043762207 -3.5
endloop
endfacet
facet normal -0.47141119595445236 0.8819135356307856 0
outer loop
vertex 65.10999298095703 45.8330192565918 -3.5
vertex 65.10999298095703 45.8330192565918 -9.504350662231445
vertex 64.9371109008789 45.74060821533203 -3.5
endloop
endfacet
facet normal -0.2902779678676651 0.9569423709767578 0
outer loop
vertex 64.9371109008789 45.74060821533203 -3.5
vertex 64.9371109008789 45.74060821533203 -9.518986701965332
vertex 64.74951934814453 45.6837043762207 -3.5
endloop
endfacet
facet normal -0.09801622777686082 0.9951848165503705 0
outer loop
vertex 64.74951934814453 45.6837043762207 -3.5
vertex 64.74951934814453 45.6837043762207 -9.527999877929688
vertex 64.55442810058594 45.66448974609375 -3.5
endloop
endfacet
facet normal 0.09801622777686082 0.9951848165503705 0
outer loop
vertex 64.55442810058594 45.66448974609375 -3.5
vertex 64.55442810058594 45.66448974609375 -9.53104305267334
vertex 64.35933685302734 45.6837043762207 -3.5
endloop
endfacet
facet normal 0.4713950159280179 0.8819221841853304 0
outer loop
vertex 64.17174530029297 45.74060821533203 -3.5
vertex 64.17174530029297 45.74060821533203 -9.518986701965332
vertex 63.99885559082031 45.8330192565918 -3.5
endloop
endfacet
facet normal 0.7730132916475222 0.6343898250511666 0.000028422053129401133
outer loop
vertex 63.75253677368164 46.072872161865234 -9.466361045837402
vertex 63.72295379638672 46.108917236328125 -9.416886329650879
vertex 63.84731674194336 45.95738220214844 -9.48465347290039
endloop
endfacet
facet normal 0 0 -1
outer loop
vertex 65.55439758300781 46.664180755615234 -3.5
vertex 65.53520965576172 46.469398498535156 -3.5
vertex 63.55442428588867 46.66448974609375 -3.5
endloop
endfacet
facet normal 0.6343878776560029 0.7730148903372509 0
outer loop
vertex 63.99885559082031 45.8330192565918 -9.504350662231445
vertex 63.84731674194336 45.95738220214844 -9.48465347290039
vertex 63.84731674194336 45.95738220214844 -3.5
endloop
endfacet
facet normal 0 0 -1
outer loop
vertex 65.53520965576172 46.469398498535156 -3.5
vertex 65.47830200195312 46.281803131103516 -3.5
vertex 63.55442428588867 46.66448974609375 -3.5
endloop
endfacet
facet normal 0 0 -1
outer loop
vertex 65.47830200195312 46.281803131103516 -3.5
vertex 65.38589477539062 46.108917236328125 -3.5
vertex 63.55442428588867 46.66448974609375 -3.5
endloop
endfacet
facet normal 0 0 -1
outer loop
vertex 65.38589477539062 46.108917236328125 -3.5
vertex 65.26153564453125 45.95738220214844 -3.5
vertex 63.55442428588867 46.66448974609375 -3.5
endloop
endfacet
facet normal 0 0 -1
outer loop
vertex 65.26153564453125 45.95738220214844 -3.5
vertex 65.10999298095703 45.8330192565918 -3.5
vertex 63.55442428588867 46.66448974609375 -3.5
endloop
endfacet
facet normal 0 0 -1
outer loop
vertex 65.10999298095703 45.8330192565918 -3.5
vertex 64.9371109008789 45.74060821533203 -3.5
vertex 63.55442428588867 46.66448974609375 -3.5
endloop
endfacet
facet normal 0 0 -1
outer loop
vertex 64.9371109008789 45.74060821533203 -3.5
vertex 64.74951934814453 45.6837043762207 -3.5
vertex 63.55442428588867 46.66448974609375 -3.5
endloop
endfacet
facet normal 0 0 -1
outer loop
vertex 64.74951934814453 45.6837043762207 -3.5
vertex 64.55442810058594 45.66448974609375 -3.5
vertex 63.55442428588867 46.66448974609375 -3.5
endloop
endfacet
facet normal 0 0 -1
outer loop
vertex 64.35933685302734 45.6837043762207 -3.5
vertex 64.17174530029297 45.74060821533203 -3.5
vertex 63.55442428588867 46.66448974609375 -3.5
endloop
endfacet
facet normal 0 0 -1
outer loop
vertex 64.55442810058594 45.66448974609375 -3.5
vertex 64.35933685302734 45.6837043762207 -3.5
vertex 63.55442428588867 46.66448974609375 -3.5
endloop
endfacet
facet normal 0 0 -1
outer loop
vertex 64.17174530029297 45.74060821533203 -3.5
vertex 63.99885559082031 45.8330192565918 -3.5
vertex 63.55442428588867 46.66448974609375 -3.5
endloop
endfacet
facet normal 0 0 -1
outer loop
vertex 63.99885559082031 45.8330192565918 -3.5
vertex 63.84731674194336 45.95738220214844 -3.5
vertex 63.55442428588867 46.66448974609375 -3.5
endloop
endfacet
facet normal 0 0 -1
outer loop
vertex 63.84731674194336 45.95738220214844 -3.5
vertex 63.72295379638672 46.108917236328125 -3.5
vertex 63.55442428588867 46.66448974609375 -3.5
endloop
endfacet
facet normal 0 0 -1
outer loop
vertex 63.72295379638672 46.108917236328125 -3.5
vertex 63.573638916015625 46.469398498535156 -3.5
vertex 63.55442428588867 46.66448974609375 -3.5
endloop
endfacet
facet normal 0 0 -1
outer loop
vertex 63.72295379638672 46.108917236328125 -3.5
vertex 63.63054656982422 46.281803131103516 -3.5
vertex 63.573638916015625 46.469398498535156 -3.5
endloop
endfacet
facet normal 0.7730070588633648 0.6343974203505326 0
outer loop
vertex 63.84731674194336 45.95738220214844 -9.48465347290039
vertex 63.72295379638672 46.108917236328125 -9.416886329650879
vertex 63.72295379638672 46.108917236328125 -3.5
endloop
endfacet
facet normal 0.9951848165503705 0.09801622777686082 0
outer loop
vertex 63.573638916015625 46.469398498535156 -3.5
vertex 63.573638916015625 46.469398498535156 -8.92142105102539
vertex 63.55442428588867 46.66448974609375 -3.5
endloop
endfacet
facet normal -0.9951829575670087 0.0980351006945037 0
outer loop
vertex 65.55439758300781 46.664180755615234 -8.644190788269043
vertex 65.53520965576172 46.469398498535156 -3.5
vertex 65.55439758300781 46.664180755615234 -3.5
endloop
endfacet
facet normal -0.956938605216473 0.29029038193910456 0
outer loop
vertex 65.53520965576172 46.469398498535156 -3.5
vertex 65.53520965576172 46.469398498535156 -8.912373542785645
vertex 65.47830200195312 46.281803131103516 -3.5
endloop
endfacet
facet normal 0.956938605216473 0.29029038193910456 0
outer loop
vertex 63.63054656982422 46.281803131103516 -9.179356575012207
vertex 63.573638916015625 46.469398498535156 -8.92142105102539
vertex 63.573638916015625 46.469398498535156 -3.5
endloop
endfacet
facet normal -0.8819259499769284 0.471387970526712 0
outer loop
vertex 65.47830200195312 46.281803131103516 -3.5
vertex 65.47830200195312 46.281803131103516 -9.1708345413208
vertex 65.38589477539062 46.108917236328125 -3.5
endloop
endfacet
facet normal 0.9952164271294097 0.0976947441540903 0.000011680706225228407
outer loop
vertex 63.573638916015625 46.469398498535156 -8.92142105102539
vertex 63.5544548034668 46.664794921875 -8.652570724487305
vertex 63.55442428588867 46.66448974609375 -3.5
endloop
endfacet
facet normal -0.9569386052164729 0.2902903819391045 0
outer loop
vertex 65.47830200195312 46.281803131103516 -9.1708345413208
vertex 65.47830200195312 46.281803131103516 -3.5
vertex 65.53520965576172 46.469398498535156 -8.912373542785645
endloop
endfacet
facet normal -0.77301660168332 0.6343857923390452 5.771114114082862e-7
outer loop
vertex 65.38589477539062 46.108917236328125 -3.5
vertex 65.3513412475586 46.06681823730469 -9.467320442199707
vertex 65.26153564453125 45.95738220214844 -3.5
endloop
endfacet
facet normal -0.8819259499769284 0.471387970526712 0
outer loop
vertex 65.38589477539062 46.108917236328125 -9.40921688079834
vertex 65.38589477539062 46.108917236328125 -3.5
vertex 65.47830200195312 46.281803131103516 -9.1708345413208
endloop
endfacet
facet normal -0.7729764869681796 0.6344346700759125 0
outer loop
vertex 65.3513412475586 46.06681823730469 -9.467320442199707
vertex 65.38589477539062 46.108917236328125 -3.5
vertex 65.38589477539062 46.108917236328125 -9.40921688079834
endloop
endfacet
facet normal -0.7730320337175274 0.6343669875131772 0
outer loop
vertex 65.3513412475586 46.06681823730469 -9.467320442199707
vertex 65.26153564453125 45.95738220214844 -9.48465347290039
vertex 65.26153564453125 45.95738220214844 -3.5
endloop
endfacet
facet normal -0.6343783351518825 0.773022721457737 0
outer loop
vertex 65.26153564453125 45.95738220214844 -9.48465347290039
vertex 65.10999298095703 45.8330192565918 -9.504350662231445
vertex 65.10999298095703 45.8330192565918 -3.5
endloop
endfacet
facet normal -0.4714111959544523 0.8819135356307856 0
outer loop
vertex 65.10999298095703 45.8330192565918 -9.504350662231445
vertex 64.9371109008789 45.74060821533203 -9.518986701965332
vertex 64.9371109008789 45.74060821533203 -3.5
endloop
endfacet
facet normal -0.9951829575670086 0.09803510069450369 0
outer loop
vertex 65.53520965576172 46.469398498535156 -8.912373542785645
vertex 65.53520965576172 46.469398498535156 -3.5
vertex 65.55439758300781 46.664180755615234 -8.644190788269043
endloop
endfacet
facet normal -0.290277967867665 0.9569423709767578 0
outer loop
vertex 64.9371109008789 45.74060821533203 -9.518986701965332
vertex 64.74951934814453 45.6837043762207 -9.527999877929688
vertex 64.74951934814453 45.6837043762207 -3.5
endloop
endfacet
facet normal -0.09801622777686082 0.9951848165503705 0
outer loop
vertex 64.74951934814453 45.6837043762207 -9.527999877929688
vertex 64.55442810058594 45.66448974609375 -9.53104305267334
vertex 64.55442810058594 45.66448974609375 -3.5
endloop
endfacet
facet normal 0.634387877656003 0.773014890337251 0
outer loop
vertex 63.99885559082031 45.8330192565918 -3.5
vertex 63.99885559082031 45.8330192565918 -9.504350662231445
vertex 63.84731674194336 45.95738220214844 -3.5
endloop
endfacet
facet normal 0.8819259499769285 0.47138797052671205 0
outer loop
vertex 63.72295379638672 46.108917236328125 -3.5
vertex 63.72295379638672 46.108917236328125 -9.416886329650879
vertex 63.63054656982422 46.281803131103516 -3.5
endloop
endfacet
facet normal 0.7730070588633648 0.6343974203505326 0
outer loop
vertex 63.84731674194336 45.95738220214844 -3.5
vertex 63.84731674194336 45.95738220214844 -9.48465347290039
vertex 63.72295379638672 46.108917236328125 -3.5
endloop
endfacet
facet normal 0.956938605216473 0.29029038193910456 0
outer loop
vertex 63.63054656982422 46.281803131103516 -3.5
vertex 63.63054656982422 46.281803131103516 -9.179356575012207
vertex 63.573638916015625 46.469398498535156 -3.5
endloop
endfacet
facet normal 0.47139501592801797 0.8819221841853304 0
outer loop
vertex 64.17174530029297 45.74060821533203 -9.518986701965332
vertex 63.99885559082031 45.8330192565918 -9.504350662231445
vertex 63.99885559082031 45.8330192565918 -3.5
endloop
endfacet
facet normal 0.290277967867665 0.9569423709767578 0
outer loop
vertex 64.35933685302734 45.6837043762207 -3.5
vertex 64.35933685302734 45.6837043762207 -9.527999877929688
vertex 64.17174530029297 45.74060821533203 -3.5
endloop
endfacet
facet normal 0.9612688425977818 -0.2756124312340084 0
outer loop
vertex -51.35856246948242 61.50358963012695 -2.5
vertex -51.13128662109375 62.29627227783203 -2.4000000953674316
vertex -51.13128662109375 62.29627227783203 -1.2000000476837158
endloop
endfacet
facet normal -0.7184770716949508 0.6955506433385339 0
outer loop
vertex -53.43629455566406 62.70485305786133 -2.5
vertex -53.43629455566406 62.70485305786133 -1.100000023841858
vertex -52.862728118896484 63.297325134277344 -2.4000000953674316
endloop
endfacet
facet normal 0.062082564334199127 0.10737927321833944 -0.9922779080926832
outer loop
vertex -51.13128662109375 62.29627227783203 -2.4000000953674316
vertex -53.43629455566406 62.70485305786133 -2.5
vertex -52.862728118896484 63.297325134277344 -2.4000000953674316
endloop
endfacet
facet normal 0.06208259331875393 0.1073794416392269 -0.9922778880535764
outer loop
vertex -51.35856246948242 61.50358963012695 -2.5
vertex -53.43629455566406 62.70485305786133 -2.5
vertex -51.13128662109375 62.29627227783203 -2.4000000953674316
endloop
endfacet
facet normal 0.9612688425977818 -0.27561243123400836 0
outer loop
vertex -51.35856246948242 61.50358963012695 -2.5
vertex -51.13128662109375 62.29627227783203 -1.2000000476837158
vertex -51.35856246948242 61.50358963012695 -1.100000023841858
endloop
endfacet
facet normal 0.062082724739618414 0.10737955065883387 0.9922778680335522
outer loop
vertex -51.13128662109375 62.29627227783203 -1.2000000476837158
vertex -52.862728118896484 63.297325134277344 -1.2000000476837158
vertex -51.35856246948242 61.50358963012695 -1.100000023841858
endloop
endfacet
facet normal 0.5005266483473988 0.8657211296336248 0
outer loop
vertex -51.13128662109375 62.29627227783203 -1.2000000476837158
vertex -51.13128662109375 62.29627227783203 -2.4000000953674316
vertex -52.862728118896484 63.297325134277344 -2.4000000953674316
endloop
endfacet
facet normal 0.5005266483473988 0.8657211296336248 0
outer loop
vertex -51.13128662109375 62.29627227783203 -1.2000000476837158
vertex -52.862728118896484 63.297325134277344 -2.4000000953674316
vertex -52.862728118896484 63.297325134277344 -1.2000000476837158
endloop
endfacet
facet normal 0.06208259324211502 0.10737944150667053 0.992277888072716
outer loop
vertex -52.862728118896484 63.297325134277344 -1.2000000476837158
vertex -53.43629455566406 62.70485305786133 -1.100000023841858
vertex -51.35856246948242 61.50358963012695 -1.100000023841858
endloop
endfacet
facet normal -0.7184770716949509 0.695550643338534 0
outer loop
vertex -52.862728118896484 63.297325134277344 -2.4000000953674316
vertex -53.43629455566406 62.70485305786133 -1.100000023841858
vertex -52.862728118896484 63.297325134277344 -1.2000000476837158
endloop
endfacet
facet normal 0.9702172864499223 0.24223628356162769 0
outer loop
vertex 65.55467224121094 47.46417999267578 -2.4000000953674316
vertex 65.55467224121094 47.46417999267578 -1.2000000476837158
vertex 65.75442504882812 46.664119720458984 -2.5
endloop
endfacet
facet normal 0.00003808895302091527 0.12403466460515294 -0.9922778847306429
outer loop
vertex 65.55467224121094 47.46417999267578 -2.4000000953674316
vertex 63.35442352294922 46.66485595703125 -2.5
vertex 63.55467224121094 47.46479415893555 -2.4000000953674316
endloop
endfacet
facet normal 0.00003808903351565322 0.12403492673201735 0.9922778519647653
outer loop
vertex 65.55467224121094 47.46417999267578 -1.2000000476837158
vertex 63.55467224121094 47.46479415893555 -1.2000000476837158
vertex 65.75442504882812 46.664119720458984 -1.100000023841858
endloop
endfacet
facet normal 0.000038049546915433177 0.12403481991532186 0.9922778653183822
outer loop
vertex 63.35442352294922 46.66485595703125 -1.100000023841858
vertex 65.75442504882812 46.664119720458984 -1.100000023841858
vertex 63.55467224121094 47.46479415893555 -1.2000000476837158
endloop
endfacet
facet normal -0.97006707674386 0.24283711952175346 0
outer loop
vertex 63.35442352294922 46.66485595703125 -2.5
vertex 63.35442352294922 46.66485595703125 -1.100000023841858
vertex 63.55467224121094 47.46479415893555 -2.4000000953674316
endloop
endfacet
facet normal 0.00030708311540383643 0.9999999528499789 0
outer loop
vertex 65.55467224121094 47.46417999267578 -2.4000000953674316
vertex 63.55467224121094 47.46479415893555 -2.4000000953674316
vertex 65.55467224121094 47.46417999267578 -1.2000000476837158
endloop
endfacet
facet normal -0.9700670767438598 0.24283711952175344 0
outer loop
vertex 63.55467224121094 47.46479415893555 -2.4000000953674316
vertex 63.35442352294922 46.66485595703125 -1.100000023841858
vertex 63.55467224121094 47.46479415893555 -1.2000000476837158
endloop
endfacet
facet normal 0.00030708311540383643 0.9999999528499789 0
outer loop
vertex 65.55467224121094 47.46417999267578 -1.2000000476837158
vertex 63.55467224121094 47.46479415893555 -2.4000000953674316
vertex 63.55467224121094 47.46479415893555 -1.2000000476837158
endloop
endfacet
facet normal 0.9702172864499223 0.24223628356162766 0
outer loop
vertex 65.55467224121094 47.46417999267578 -1.2000000476837158
vertex 65.75442504882812 46.664119720458984 -1.100000023841858
vertex 65.75442504882812 46.664119720458984 -2.5
endloop
endfacet
facet normal 0.00003804953204678975 0.12403477144616364 -0.9922778713770307
outer loop
vertex 65.75442504882812 46.664119720458984 -2.5
vertex 63.35442352294922 46.66485595703125 -2.5
vertex 65.55467224121094 47.46417999267578 -2.4000000953674316
endloop
endfacet
facet normal 0 0 1
outer loop
vertex -25.654077529907227 45.33997344970703 -0.5
vertex -6.959657669067383 42.77645492553711 -0.5
vertex -7.752570152282715 43.11927032470703 -0.5
endloop
endfacet
facet normal 0 0 1
outer loop
vertex -65.22721099853516 65.1568832397461 -0.5
vertex -65.80237579345703 64.62762451171875 -0.5
vertex -64.64649200439453 63.880584716796875 -0.5
endloop
endfacet
facet normal 0 0 1
outer loop
vertex -48.39742660522461 -72.27921295166016 -0.5
vertex -47.89742660522461 -71.92910766601562 -0.5
vertex -47.89742660522461 -71.34728240966797 -0.5
endloop
endfacet
facet normal 0 0 1
outer loop
vertex -46.706085205078125 -70.61294555664062 -0.5
vertex -47.89742660522461 -71.34728240966797 -0.5
vertex -43.00068283081055 -71.34737396240234 -0.5
endloop
endfacet
facet normal 0 0 1
outer loop
vertex 13.790434837341309 38.80503463745117 -0.5
vertex 14.609809875488281 41.42399978637695 -0.5
vertex 13.855789184570312 41.37068176269531 -0.5
endloop
endfacet
facet normal 0 0 1
outer loop
vertex -46.54387283325195 -70.50456237792969 -0.5
vertex -46.706085205078125 -70.61294555664062 -0.5
vertex -43.00068283081055 -71.34737396240234 -0.5
endloop
endfacet
facet normal 0 0 1
outer loop
vertex -46.43548583984375 -70.34234619140625 -0.5
vertex -46.54387283325195 -70.50456237792969 -0.5
vertex -43.00068283081055 -71.34737396240234 -0.5
endloop
endfacet
facet normal 0 0 1
outer loop
vertex -46.39742660522461 -70.15100860595703 -0.5
vertex -46.43548583984375 -70.34234619140625 -0.5
vertex -43.00068283081055 -71.34737396240234 -0.5
endloop
endfacet
facet normal 0 0 1
outer loop
vertex -46.39742660522461 -69.15100860595703 -0.5
vertex -46.39742660522461 -70.15100860595703 -0.5
vertex -43.00068283081055 -71.34737396240234 -0.5
endloop
endfacet
facet normal 0 0 1
outer loop
vertex -25.63853645324707 -64.0653076171875 -0.5
vertex -61.610565185546875 -63.8438606262207 -0.5
vertex -58.088768005371094 -68.68907165527344 -0.5
endloop
endfacet
facet normal 0 0 1
outer loop
vertex -46.43548583984375 -68.95966339111328 -0.5
vertex -46.39742660522461 -69.15100860595703 -0.5
vertex -43.00068283081055 -71.34737396240234 -0.5
endloop
endfacet
facet normal 0 0 1
outer loop
vertex -46.706085205078125 -70.61294555664062 -0.5
vertex -51.99742889404297 -70.65100860595703 -0.5
vertex -47.89742660522461 -71.34728240966797 -0.5
endloop
endfacet
facet normal 0 0 1
outer loop
vertex -51.99742889404297 -70.65100860595703 -0.5
vertex -48.39742660522461 -72.27921295166016 -0.5
vertex -47.89742660522461 -71.34728240966797 -0.5
endloop
endfacet
facet normal 0 0 1
outer loop
vertex -46.54387283325195 -68.79745483398438 -0.5
vertex -46.43548583984375 -68.95966339111328 -0.5
vertex -43.00068283081055 -71.34737396240234 -0.5
endloop
endfacet
facet normal 0 0 1
outer loop
vertex -51.99742889404297 -70.65100860595703 -0.5
vertex -49.6612663269043 -72.86854553222656 -0.5
vertex -48.39742660522461 -72.27921295166016 -0.5
endloop
endfacet
facet normal 0 0 1
outer loop
vertex -25.63853645324707 -64.0653076171875 -0.5
vertex -58.088768005371094 -68.68907165527344 -0.5
vertex -46.706085205078125 -68.68907165527344 -0.5
endloop
endfacet
facet normal 0 0 1
outer loop
vertex -25.63853645324707 -64.0653076171875 -0.5
vertex -46.706085205078125 -68.68907165527344 -0.5
vertex -46.54387283325195 -68.79745483398438 -0.5
endloop
endfacet
facet normal 0 0 1
outer loop
vertex -6.799732685089111 37.49271011352539 -0.5
vertex -7.025704860687256 36.54899215698242 -0.5
vertex -4.346471786499023 40.0699577331543 -0.5
endloop
endfacet
facet normal 0 0 1
outer loop
vertex -51.99742889404297 -70.65100860595703 -0.5
vertex -51.008243560791016 -73.2294692993164 -0.5
vertex -49.6612663269043 -72.86854553222656 -0.5
endloop
endfacet
facet normal 0 0 1
outer loop
vertex -51.99742889404297 -70.65100860595703 -0.5
vertex -51.99742889404297 -73.31600952148438 -0.5
vertex -51.008243560791016 -73.2294692993164 -0.5
endloop
endfacet
facet normal 0 0 1
outer loop
vertex -6.721244812011719 38.45858383178711 -0.5
vertex -6.719084739685059 37.94709396362305 -0.5
vertex -4.699963092803955 40.480010986328125 -0.5
endloop
endfacet
facet normal 0 0 1
outer loop
vertex -65.1202392578125 -6.0869035720825195 -0.5
vertex -65.11943054199219 -26.3524169921875 -0.5
vertex -64.07814025878906 -61.610782623291016 -0.5
endloop
endfacet
facet normal 0 0 1
outer loop
vertex -6.819836616516113 38.96048355102539 -0.5
vertex -6.721244812011719 38.45858383178711 -0.5
vertex -4.699963092803955 40.480010986328125 -0.5
endloop
endfacet
facet normal 0 0 1
outer loop
vertex -5.151614189147949 41.17694854736328 -0.5
vertex -7.642389297485352 40.234073638916016 -0.5
vertex -7.288825988769531 39.86445236206055 -0.5
endloop
endfacet
facet normal 0 0 1
outer loop
vertex -65.12104797363281 14.178609848022461 -0.5
vertex -65.1202392578125 -6.0869035720825195 -0.5
vertex -64.07814025878906 -61.610782623291016 -0.5
endloop
endfacet
facet normal 0 0 1
outer loop
vertex -7.288825988769531 39.86445236206055 -0.5
vertex -7.011321544647217 39.434783935546875 -0.5
vertex -4.7370219230651855 40.532779693603516 -0.5
endloop
endfacet
facet normal 0 0 1
outer loop
vertex 26.511104583740234 41.493385314941406 -0.5
vertex 14.582159042358398 38.92399215698242 -0.5
vertex 28.89435386657715 38.92399215698242 -0.5
endloop
endfacet
facet normal 0 0 1
outer loop
vertex -7.011321544647217 39.434783935546875 -0.5
vertex -6.819836616516113 38.96048355102539 -0.5
vertex -4.699963092803955 40.480010986328125 -0.5
endloop
endfacet
facet normal 0 0 1
outer loop
vertex -6.719084739685059 37.94709396362305 -0.5
vertex -6.799732685089111 37.49271011352539 -0.5
vertex -4.346471786499023 40.0699577331543 -0.5
endloop
endfacet
facet normal 0 0 1
outer loop
vertex -3.989814281463623 39.758358001708984 -0.5
vertex -4.346471786499023 40.0699577331543 -0.5
vertex -7.025704860687256 36.54899215698242 -0.5
endloop
endfacet
facet normal 0 0 1
outer loop
vertex 14.291449546813965 38.90803527832031 -0.5
vertex 14.582159042358398 38.92399215698242 -0.5
vertex 14.609809875488281 41.42399978637695 -0.5
endloop
endfacet
facet normal 0 0 1
outer loop
vertex 13.790434837341309 38.80503463745117 -0.5
vertex 14.291449546813965 38.90803527832031 -0.5
vertex 14.609809875488281 41.42399978637695 -0.5
endloop
endfacet
facet normal 0 0 1
outer loop
vertex 13.317839622497559 38.60938262939453 -0.5
vertex 13.855789184570312 41.37068176269531 -0.5
vertex 13.015449523925781 41.18030548095703 -0.5
endloop
endfacet
facet normal 0 0 1
outer loop
vertex 13.317839622497559 38.60938262939453 -0.5
vertex 13.790434837341309 38.80503463745117 -0.5
vertex 13.855789184570312 41.37068176269531 -0.5
endloop
endfacet
facet normal 0 0 1
outer loop
vertex 12.524131774902344 37.971309661865234 -0.5
vertex 13.015449523925781 41.18030548095703 -0.5
vertex 12.290163040161133 40.888938903808594 -0.5
endloop
endfacet
facet normal 0 0 1
outer loop
vertex 12.890626907348633 38.32810974121094 -0.5
vertex 13.317839622497559 38.60938262939453 -0.5
vertex 13.015449523925781 41.18030548095703 -0.5
endloop
endfacet
facet normal 0 0 1
outer loop
vertex 12.890626907348633 38.32810974121094 -0.5
vertex 13.015449523925781 41.18030548095703 -0.5
vertex 12.524131774902344 37.971309661865234 -0.5
endloop
endfacet
facet normal 0 0 1
outer loop
vertex 12.231510162353516 37.551788330078125 -0.5
vertex 12.524131774902344 37.971309661865234 -0.5
vertex 12.290163040161133 40.888938903808594 -0.5
endloop
endfacet
facet normal 0 0 1
outer loop
vertex 12.231510162353516 37.551788330078125 -0.5
vertex 12.290163040161133 40.888938903808594 -0.5
vertex 12.02326488494873 37.08460998535156 -0.5
endloop
endfacet
facet normal 0 0 1
outer loop
vertex -64.07814025878906 -61.610782623291016 -0.5
vertex -65.12187194824219 34.67860794067383 -0.5
vertex -65.12104797363281 14.178609848022461 -0.5
endloop
endfacet
facet normal 0 0 1
outer loop
vertex 9.593829154968262 36.54899215698242 -0.5
vertex 12.290163040161133 40.888938903808594 -0.5
vertex 11.551268577575684 40.446998596191406 -0.5
endloop
endfacet
facet normal 0 0 1
outer loop
vertex 9.593829154968262 36.54899215698242 -0.5
vertex 11.551268577575684 40.446998596191406 -0.5
vertex 10.796355247497559 39.81638717651367 -0.5
endloop
endfacet
facet normal 0 0 1
outer loop
vertex 25.98665428161621 41.42800521850586 -0.5
vertex 14.582159042358398 38.92399215698242 -0.5
vertex 26.050662994384766 41.4336051940918 -0.5
endloop
endfacet
facet normal 0 0 1
outer loop
vertex 10.754593849182129 39.78714370727539 -0.5
vertex 9.593829154968262 36.54899215698242 -0.5
vertex 10.796355247497559 39.81638717651367 -0.5
endloop
endfacet
facet normal 0 0 1
outer loop
vertex 14.582159042358398 38.92399215698242 -0.5
vertex 26.511104583740234 41.493385314941406 -0.5
vertex 26.050662994384766 41.4336051940918 -0.5
endloop
endfacet
facet normal 0 0 1
outer loop
vertex 10.754593849182129 39.78714370727539 -0.5
vertex 10.370810508728027 39.525814056396484 -0.5
vertex 9.593829154968262 36.54899215698242 -0.5
endloop
endfacet
facet normal 0 0 1
outer loop
vertex -52.797428131103516 -73.31600952148438 -0.5
vertex -52.797428131103516 -70.65100860595703 -0.5
vertex -56.39742660522461 -72.27921295166016 -0.5
endloop
endfacet
facet normal 0 0 1
outer loop
vertex -55.13358688354492 -72.86854553222656 -0.5
vertex -53.78661346435547 -73.2294692993164 -0.5
vertex -52.797428131103516 -73.31600952148438 -0.5
endloop
endfacet
facet normal 0 0 1
outer loop
vertex 10.370810508728027 39.525814056396484 -0.5
vertex 10.302709579467773 39.489322662353516 -0.5
vertex 9.593829154968262 36.54899215698242 -0.5
endloop
endfacet
facet normal 0 0 1
outer loop
vertex -56.89742660522461 -71.34709930419922 -0.5
vertex -56.39742660522461 -72.27921295166016 -0.5
vertex -52.797428131103516 -70.65100860595703 -0.5
endloop
endfacet
facet normal 0 0 1
outer loop
vertex -56.39742660522461 -72.27921295166016 -0.5
vertex -55.13358688354492 -72.86854553222656 -0.5
vertex -52.797428131103516 -73.31600952148438 -0.5
endloop
endfacet
facet normal 0 0 1
outer loop
vertex 10.302709579467773 39.489322662353516 -0.5
vertex 9.882420539855957 39.29199981689453 -0.5
vertex 9.593829154968262 36.54899215698242 -0.5
endloop
endfacet
facet normal 0 0 1
outer loop
vertex 9.882420539855957 39.29199981689453 -0.5
vertex 9.810346603393555 39.264617919921875 -0.5
vertex 9.593829154968262 36.54899215698242 -0.5
endloop
endfacet
facet normal 0 0 1
outer loop
vertex 12.290163040161133 40.888938903808594 -0.5
vertex 11.902097702026367 36.54899215698242 -0.5
vertex 12.02326488494873 37.08460998535156 -0.5
endloop
endfacet
facet normal 0 0 1
outer loop
vertex -61.58370590209961 -71.34700775146484 -0.5
vertex -56.89742660522461 -71.34709930419922 -0.5
vertex -52.797428131103516 -70.65100860595703 -0.5
endloop
endfacet
facet normal 0 0 1
outer loop
vertex 26.58653450012207 41.5095100402832 -0.5
vertex 26.511104583740234 41.493385314941406 -0.5
vertex 28.89435386657715 38.92399215698242 -0.5
endloop
endfacet
facet normal 0 0 1
outer loop
vertex 27.032238006591797 41.639617919921875 -0.5
vertex 26.58653450012207 41.5095100402832 -0.5
vertex 28.89435386657715 38.92399215698242 -0.5
endloop
endfacet
facet normal 0 0 1
outer loop
vertex 27.105119705200195 41.665279388427734 -0.5
vertex 27.032238006591797 41.639617919921875 -0.5
vertex 28.89435386657715 38.92399215698242 -0.5
endloop
endfacet
facet normal 0 0 1
outer loop
vertex -61.58370590209961 -71.34700775146484 -0.5
vertex -52.797428131103516 -70.65100860595703 -0.5
vertex -58.088768005371094 -70.61294555664062 -0.5
endloop
endfacet
facet normal 0 0 1
outer loop
vertex 12.290163040161133 40.888938903808594 -0.5
vertex 9.593829154968262 36.54899215698242 -0.5
vertex 11.902097702026367 36.54899215698242 -0.5
endloop
endfacet
facet normal 0 0 1
outer loop
vertex -56.89742660522461 -71.34709930419922 -0.5
vertex -56.89742660522461 -71.92910766601562 -0.5
vertex -56.39742660522461 -72.27921295166016 -0.5
endloop
endfacet
facet normal 0 0 1
outer loop
vertex -25.63853645324707 -64.0653076171875 -0.5
vertex -46.54387283325195 -68.79745483398438 -0.5
vertex -43.00068283081055 -71.34737396240234 -0.5
endloop
endfacet
facet normal 0 0 1
outer loop
vertex -24.817840576171875 -64.10100555419922 -0.5
vertex -25.63853645324707 -64.0653076171875 -0.5
vertex -43.00068283081055 -71.34737396240234 -0.5
endloop
endfacet
facet normal 0 0 1
outer loop
vertex -24.817840576171875 -64.40100860595703 -0.5
vertex -24.817840576171875 -64.10100555419922 -0.5
vertex -43.00068283081055 -71.34737396240234 -0.5
endloop
endfacet
facet normal 0 0 1
outer loop
vertex -25.63853645324707 -64.0653076171875 -0.5
vertex -25.953346252441406 -63.851009368896484 -0.5
vertex -61.610565185546875 -63.8438606262207 -0.5
endloop
endfacet
facet normal 0 0 1
outer loop
vertex -24.817840576171875 -64.40100860595703 -0.5
vertex -43.00068283081055 -71.34737396240234 -0.5
vertex -4.278857707977295 -71.34814453125 -0.5
endloop
endfacet
facet normal 0 0 1
outer loop
vertex -3.784233570098877 -71.31070709228516 -0.5
vertex -24.817840576171875 -64.40100860595703 -0.5
vertex -4.278857707977295 -71.34814453125 -0.5
endloop
endfacet
facet normal 0 0 1
outer loop
vertex -24.817840576171875 -64.40100860595703 -0.5
vertex -3.784233570098877 -71.31070709228516 -0.5
vertex -3.225571632385254 -71.21078491210938 -0.5
endloop
endfacet
facet normal 0 0 1
outer loop
vertex -24.817840576171875 -64.40100860595703 -0.5
vertex -3.225571632385254 -71.21078491210938 -0.5
vertex -2.6828620433807373 -71.05128479003906 -0.5
endloop
endfacet
facet normal 0 0 1
outer loop
vertex -24.817840576171875 -64.40100860595703 -0.5
vertex -2.6828620433807373 -71.05128479003906 -0.5
vertex -2.160696029663086 -70.8337631225586 -0.5
endloop
endfacet
facet normal 0 0 1
outer loop
vertex 27.524600982666016 41.864322662353516 -0.5
vertex 27.105119705200195 41.665279388427734 -0.5
vertex 28.89435386657715 38.92399215698242 -0.5
endloop
endfacet
facet normal 0 0 1
outer loop
vertex 27.592700958251953 41.900814056396484 -0.5
vertex 27.524600982666016 41.864322662353516 -0.5
vertex 28.89435386657715 38.92399215698242 -0.5
endloop
endfacet
facet normal 0 0 1
outer loop
vertex 27.976484298706055 42.16214370727539 -0.5
vertex 27.592700958251953 41.900814056396484 -0.5
vertex 28.89435386657715 38.92399215698242 -0.5
endloop
endfacet
facet normal 0 0 1
outer loop
vertex 28.038101196289062 42.208763122558594 -0.5
vertex 27.976484298706055 42.16214370727539 -0.5
vertex 28.89435386657715 38.92399215698242 -0.5
endloop
endfacet
facet normal 0 0 1
outer loop
vertex 28.377140045166016 42.52599334716797 -0.5
vertex 28.038101196289062 42.208763122558594 -0.5
vertex 28.89435386657715 38.92399215698242 -0.5
endloop
endfacet
facet normal 0 0 1
outer loop
vertex 28.429771423339844 42.58244323730469 -0.5
vertex 28.377140045166016 42.52599334716797 -0.5
vertex 28.89435386657715 38.92399215698242 -0.5
endloop
endfacet
facet normal 0 0 1
outer loop
vertex 28.71703338623047 42.94721603393555 -0.5
vertex 28.429771423339844 42.58244323730469 -0.5
vertex 28.89435386657715 38.92399215698242 -0.5
endloop
endfacet
facet normal 0 0 1
outer loop
vertex 9.810346603393555 39.264617919921875 -0.5
vertex 9.365141868591309 39.1328010559082 -0.5
vertex 9.593829154968262 36.54899215698242 -0.5
endloop
endfacet
facet normal 0 0 1
outer loop
vertex 9.365141868591309 39.1328010559082 -0.5
vertex 9.289213180541992 39.118385314941406 -0.5
vertex 9.593829154968262 36.54899215698242 -0.5
endloop
endfacet
facet normal 0 0 1
outer loop
vertex 9.289213180541992 39.118385314941406 -0.5
vertex 8.828771591186523 39.0586051940918 -0.5
vertex 9.593829154968262 36.54899215698242 -0.5
endloop
endfacet
facet normal 0 0 1
outer loop
vertex 8.828771591186523 39.0586051940918 -0.5
vertex 8.764421463012695 39.05300521850586 -0.5
vertex 9.593829154968262 36.54899215698242 -0.5
endloop
endfacet
facet normal 0 0 1
outer loop
vertex 28.754356384277344 43.00052261352539 -0.5
vertex 28.71703338623047 42.94721603393555 -0.5
vertex 28.89435386657715 38.92399215698242 -0.5
endloop
endfacet
facet normal 0 0 1
outer loop
vertex 28.754356384277344 43.00052261352539 -0.5
vertex 28.89435386657715 38.92399215698242 -0.5
vertex 29.31467628479004 43.94143295288086 -0.5
endloop
endfacet
facet normal 0 0 1
outer loop
vertex 8.764421463012695 39.05300521850586 -0.5
vertex -7.025704860687256 36.54899215698242 -0.5
vertex 9.593829154968262 36.54899215698242 -0.5
endloop
endfacet
facet normal 0 0 1
outer loop
vertex -24.817840576171875 -64.40100860595703 -0.5
vertex -2.160696029663086 -70.8337631225586 -0.5
vertex -1.6652568578720093 -70.56078338623047 -0.5
endloop
endfacet
facet normal 0 0 1
outer loop
vertex -24.817840576171875 -64.40100860595703 -0.5
vertex -1.6652568578720093 -70.56078338623047 -0.5
vertex -1.2024104595184326 -70.235595703125 -0.5
endloop
endfacet
facet normal 0 0 1
outer loop
vertex -24.817840576171875 -64.40100860595703 -0.5
vertex -1.2024104595184326 -70.235595703125 -0.5
vertex -0.7776377201080322 -69.86204528808594 -0.5
endloop
endfacet
facet normal 0 0 1
outer loop
vertex -24.817840576171875 -64.40100860595703 -0.5
vertex -0.7776377201080322 -69.86204528808594 -0.5
vertex -0.39596810936927795 -69.44454956054688 -0.5
endloop
endfacet
facet normal 0 0 1
outer loop
vertex -24.817840576171875 -64.40100860595703 -0.5
vertex -0.39596810936927795 -69.44454956054688 -0.5
vertex -0.0613403394818306 -68.98725891113281 -0.5
endloop
endfacet
facet normal 0 0 1
outer loop
vertex -24.817840576171875 -64.40100860595703 -0.5
vertex -0.0613403394818306 -68.98725891113281 -0.5
vertex 0.4074019193649292 -68.18157958984375 -0.5
endloop
endfacet
facet normal 0 0 1
outer loop
vertex 0.4475570619106293 -68.12423706054688 -0.5
vertex -24.817840576171875 -64.40100860595703 -0.5
vertex 0.4074019193649292 -68.18157958984375 -0.5
endloop
endfacet
facet normal 0 0 1
outer loop
vertex 0.4475570619106293 -68.12423706054688 -0.5
vertex 0.7348190546035767 -67.75946044921875 -0.5
vertex -24.817840576171875 -64.40100860595703 -0.5
endloop
endfacet
facet normal 0 0 1
outer loop
vertex 0.7348190546035767 -67.75946044921875 -0.5
vertex 0.7874493598937988 -67.70301055908203 -0.5
vertex -24.817840576171875 -64.40100860595703 -0.5
endloop
endfacet
facet normal 0 0 1
outer loop
vertex -24.817840576171875 -64.40100860595703 -0.5
vertex 0.7874493598937988 -67.70301055908203 -0.5
vertex 1.127557396888733 -67.38693237304688 -0.5
endloop
endfacet
facet normal 0 0 1
outer loop
vertex -24.817840576171875 -64.40100860595703 -0.5
vertex 1.127557396888733 -67.38693237304688 -0.5
vertex 1.1881051063537598 -67.33916473388672 -0.5
endloop
endfacet
facet normal 0 0 1
outer loop
vertex -24.817840576171875 -64.40100860595703 -0.5
vertex 1.1881051063537598 -67.33916473388672 -0.5
vertex 1.5718879699707031 -67.07782745361328 -0.5
endloop
endfacet
facet normal 0 0 1
outer loop
vertex -24.817840576171875 -64.40100860595703 -0.5
vertex 1.5718879699707031 -67.07782745361328 -0.5
vertex 1.6399890184402466 -67.04134368896484 -0.5
endloop
endfacet
facet normal 0 0 1
outer loop
vertex -24.817840576171875 -64.40100860595703 -0.5
vertex 1.6399890184402466 -67.04134368896484 -0.5
vertex 2.0594704151153564 -66.84229278564453 -0.5
endloop
endfacet
facet normal 0 0 1
outer loop
vertex -24.817840576171875 -64.40100860595703 -0.5
vertex 2.0594704151153564 -66.84229278564453 -0.5
vertex 2.132352113723755 -66.81663513183594 -0.5
endloop
endfacet
facet normal 0 0 1
outer loop
vertex -24.817840576171875 -64.40100860595703 -0.5
vertex 2.132352113723755 -66.81663513183594 -0.5
vertex 2.5780558586120605 -66.6865234375 -0.5
endloop
endfacet
facet normal 0 0 1
outer loop
vertex -24.817840576171875 -64.40100860595703 -0.5
vertex 2.5780558586120605 -66.6865234375 -0.5
vertex 2.630844831466675 -66.67237854003906 -0.5
endloop
endfacet
facet normal 0 0 1
outer loop
vertex 28.89435386657715 38.92399215698242 -0.5
vertex 30.882158279418945 38.92399215698242 -0.5
vertex 30.889307022094727 41.16671371459961 -0.5
endloop
endfacet
facet normal 0 0 1
outer loop
vertex 3.1139276027679443 -66.61062622070312 -0.5
vertex -24.817840576171875 -64.40100860595703 -0.5
vertex 2.630844831466675 -66.67237854003906 -0.5
endloop
endfacet
facet normal 0 0 1
outer loop
vertex 3.1139276027679443 -66.61062622070312 -0.5
vertex 3.1780827045440674 -66.60501098632812 -0.5
vertex -24.817840576171875 -64.40100860595703 -0.5
endloop
endfacet
facet normal 0 0 1
outer loop
vertex 13.182159423828125 -64.40100860595703 -0.5
vertex -24.817840576171875 -64.40100860595703 -0.5
vertex 3.1780827045440674 -66.60501098632812 -0.5
endloop
endfacet
facet normal 0 0 1
outer loop
vertex -7.025704860687256 36.54899215698242 -0.5
vertex -3.5411393642425537 39.47199249267578 -0.5
vertex -3.9340810775756836 39.71933364868164 -0.5
endloop
endfacet
facet normal 0 0 1
outer loop
vertex 74.27615356445312 45.41891860961914 -0.5
vertex 73.50614929199219 45.802852630615234 -0.5
vertex 72.2793197631836 43.5821647644043 -0.5
endloop
endfacet
facet normal 0 0 1
outer loop
vertex 73.50614929199219 45.802852630615234 -0.5
vertex 72.76020812988281 46.03632354736328 -0.5
vertex 72.2793197631836 43.5821647644043 -0.5
endloop
endfacet
facet normal 0 0 1
outer loop
vertex -65.11943054199219 -26.3524169921875 -0.5
vertex -65.11862182617188 -46.6179313659668 -0.5
vertex -64.07814025878906 -61.610782623291016 -0.5
endloop
endfacet
facet normal 0 0 1
outer loop
vertex -3.989814281463623 39.758358001708984 -0.5
vertex -7.025704860687256 36.54899215698242 -0.5
vertex -3.9340810775756836 39.71933364868164 -0.5
endloop
endfacet
facet normal 0 0 1
outer loop
vertex -4.346471786499023 40.0699577331543 -0.5
vertex -4.401150703430176 40.1246337890625 -0.5
vertex -6.719084739685059 37.94709396362305 -0.5
endloop
endfacet
facet normal 0 0 1
outer loop
vertex 75.9885482788086 43.731407165527344 -0.5
vertex 76.62757873535156 42.22433853149414 -0.5
vertex 76.38265228271484 42.966552734375 -0.5
endloop
endfacet
facet normal 0 0 1
outer loop
vertex -64.07814025878906 -61.610782623291016 -0.5
vertex -65.11862182617188 -46.6179313659668 -0.5
vertex -65.11781311035156 -66.8834457397461 -0.5
endloop
endfacet
facet normal 0 0 1
outer loop
vertex -7.011321544647217 39.434783935546875 -0.5
vertex -4.699963092803955 40.480010986328125 -0.5
vertex -4.7370219230651855 40.532779693603516 -0.5
endloop
endfacet
facet normal 0 0 1
outer loop
vertex -4.401150703430176 40.1246337890625 -0.5
vertex -4.699963092803955 40.480010986328125 -0.5
vertex -6.719084739685059 37.94709396362305 -0.5
endloop
endfacet
facet normal 0 0 1
outer loop
vertex -63.031585693359375 -63.31536102294922 -0.5
vertex -63.41083908081055 -62.97215270996094 -0.5
vertex -65.11781311035156 -66.8834457397461 -0.5
endloop
endfacet
facet normal 0 0 1
outer loop
vertex -63.94367980957031 -62.104286193847656 -0.5
vertex -64.07814025878906 -61.610782623291016 -0.5
vertex -65.11781311035156 -66.8834457397461 -0.5
endloop
endfacet
facet normal 0 0 1
outer loop
vertex -63.71855163574219 -62.56357192993164 -0.5
vertex -63.94367980957031 -62.104286193847656 -0.5
vertex -65.11781311035156 -66.8834457397461 -0.5
endloop
endfacet
facet normal 0 0 1
outer loop
vertex -65.11781311035156 -66.8834457397461 -0.5
vertex -63.41083908081055 -62.97215270996094 -0.5
vertex -63.71855163574219 -62.56357192993164 -0.5
endloop
endfacet
facet normal 0 0 1
outer loop
vertex -61.610565185546875 -63.8438606262207 -0.5
vertex -58.250980377197266 -68.79745483398438 -0.5
vertex -58.088768005371094 -68.68907165527344 -0.5
endloop
endfacet
facet normal 0 0 1
outer loop
vertex -61.610565185546875 -63.8438606262207 -0.5
vertex -58.35936737060547 -68.95966339111328 -0.5
vertex -58.250980377197266 -68.79745483398438 -0.5
endloop
endfacet
facet normal 0 0 1
outer loop
vertex -61.610565185546875 -63.8438606262207 -0.5
vertex -61.58370590209961 -71.34700775146484 -0.5
vertex -58.35936737060547 -68.95966339111328 -0.5
endloop
endfacet
facet normal 0 0 1
outer loop
vertex -61.610565185546875 -63.8438606262207 -0.5
vertex -62.15258026123047 -71.29717254638672 -0.5
vertex -61.58370590209961 -71.34700775146484 -0.5
endloop
endfacet
facet normal 0 0 1
outer loop
vertex -61.610565185546875 -63.8438606262207 -0.5
vertex -62.7073860168457 -71.18687438964844 -0.5
vertex -62.15258026123047 -71.29717254638672 -0.5
endloop
endfacet
facet normal 0 0 1
outer loop
vertex -61.610565185546875 -63.8438606262207 -0.5
vertex -63.24692153930664 -71.0169448852539 -0.5
vertex -62.7073860168457 -71.18687438964844 -0.5
endloop
endfacet
facet normal 0 0 1
outer loop
vertex -6.959657669067383 42.77645492553711 -0.5
vertex -25.654077529907227 45.33997344970703 -0.5
vertex -8.524652481079102 40.74271774291992 -0.5
endloop
endfacet
facet normal 0 0 1
outer loop
vertex -64.07814025878906 -61.610782623291016 -0.5
vertex -64.1106948852539 34.04171371459961 -0.5
vertex -65.12187194824219 34.67860794067383 -0.5
endloop
endfacet
facet normal 0 0 1
outer loop
vertex 28.89435386657715 38.92399215698242 -0.5
vertex 29.809587478637695 44.5499267578125 -0.5
vertex 29.31467628479004 43.94143295288086 -0.5
endloop
endfacet
facet normal 0 0 1
outer loop
vertex 30.889307022094727 41.16671371459961 -0.5
vertex 30.97398567199707 41.67115020751953 -0.5
vertex 28.89435386657715 38.92399215698242 -0.5
endloop
endfacet
facet normal 0 0 1
outer loop
vertex 30.97398567199707 41.67115020751953 -0.5
vertex 31.108766555786133 45.54585647583008 -0.5
vertex 28.89435386657715 38.92399215698242 -0.5
endloop
endfacet
facet normal 0 0 1
outer loop
vertex -61.58370590209961 -71.34700775146484 -0.5
vertex -58.39742660522461 -69.15100860595703 -0.5
vertex -58.35936737060547 -68.95966339111328 -0.5
endloop
endfacet
facet normal 0 0 1
outer loop
vertex -61.58370590209961 -71.34700775146484 -0.5
vertex -58.39742660522461 -70.15100860595703 -0.5
vertex -58.39742660522461 -69.15100860595703 -0.5
endloop
endfacet
facet normal 0 0 1
outer loop
vertex 28.89435386657715 38.92399215698242 -0.5
vertex 30.451452255249023 45.122928619384766 -0.5
vertex 29.809587478637695 44.5499267578125 -0.5
endloop
endfacet
facet normal 0 0 1
outer loop
vertex 28.89435386657715 38.92399215698242 -0.5
vertex 31.108766555786133 45.54585647583008 -0.5
vertex 30.451452255249023 45.122928619384766 -0.5
endloop
endfacet
facet normal 0 0 1
outer loop
vertex -61.58370590209961 -71.34700775146484 -0.5
vertex -58.250980377197266 -70.50456237792969 -0.5
vertex -58.35936737060547 -70.34234619140625 -0.5
endloop
endfacet
facet normal 0 0 1
outer loop
vertex -61.58370590209961 -71.34700775146484 -0.5
vertex -58.088768005371094 -70.61294555664062 -0.5
vertex -58.250980377197266 -70.50456237792969 -0.5
endloop
endfacet
facet normal 0 0 1
outer loop
vertex -61.58370590209961 -71.34700775146484 -0.5
vertex -58.35936737060547 -70.34234619140625 -0.5
vertex -58.39742660522461 -70.15100860595703 -0.5
endloop
endfacet
facet normal 0 0 1
outer loop
vertex 30.97398567199707 41.67115020751953 -0.5
vertex 31.152284622192383 42.15055847167969 -0.5
vertex 31.108766555786133 45.54585647583008 -0.5
endloop
endfacet
facet normal 0 0 1
outer loop
vertex 31.152284622192383 42.15055847167969 -0.5
vertex 31.41780662536621 42.587738037109375 -0.5
vertex 31.108766555786133 45.54585647583008 -0.5
endloop
endfacet
facet normal 0 0 1
outer loop
vertex 31.41780662536621 42.587738037109375 -0.5
vertex 31.761016845703125 42.96698760986328 -0.5
vertex 31.108766555786133 45.54585647583008 -0.5
endloop
endfacet
facet normal 0 0 1
outer loop
vertex 31.761016845703125 42.96698760986328 -0.5
vertex 32.16959762573242 43.27470016479492 -0.5
vertex 31.108766555786133 45.54585647583008 -0.5
endloop
endfacet
facet normal 0 0 1
outer loop
vertex 32.16959762573242 43.27470016479492 -0.5
vertex 32.62887954711914 43.49983215332031 -0.5
vertex 31.108766555786133 45.54585647583008 -0.5
endloop
endfacet
facet normal 0 0 1
outer loop
vertex 32.62887954711914 43.49983215332031 -0.5
vertex 33.12238311767578 43.63429260253906 -0.5
vertex 32.651519775390625 46.08790588378906 -0.5
endloop
endfacet
facet normal 0 0 1
outer loop
vertex -2.9732561111450195 39.227901458740234 -0.5
vertex -7.025704860687256 36.54899215698242 -0.5
vertex -2.523609161376953 39.112152099609375 -0.5
endloop
endfacet
facet normal 0 0 1
outer loop
vertex -7.025704860687256 36.54899215698242 -0.5
vertex -2.460505723953247 39.09988784790039 -0.5
vertex -2.523609161376953 39.112152099609375 -0.5
endloop
endfacet
facet normal 0 0 1
outer loop
vertex -7.025704860687256 36.54899215698242 -0.5
vertex -2.153130054473877 39.06193923950195 -0.5
vertex -2.460505723953247 39.09988784790039 -0.5
endloop
endfacet
facet normal 0 0 1
outer loop
vertex 75.9885482788086 43.731407165527344 -0.5
vertex 75.52491760253906 44.36067581176758 -0.5
vertex 73.57515716552734 42.795135498046875 -0.5
endloop
endfacet
facet normal 0 0 1
outer loop
vertex -7.025704860687256 36.54899215698242 -0.5
vertex -2.0922207832336426 39.056610107421875 -0.5
vertex -2.153130054473877 39.06193923950195 -0.5
endloop
endfacet
facet normal 0 0 1
outer loop
vertex -25.654077529907227 45.33997344970703 -0.5
vertex -7.752570152282715 43.11927032470703 -0.5
vertex -23.516366958618164 47.357322692871094 -0.5
endloop
endfacet
facet normal 0 0 1
outer loop
vertex 74.87074279785156 -31.275087356567383 -0.5
vertex 75.272216796875 -21.64025115966797 -0.5
vertex 74.24246215820312 41.43376922607422 -0.5
endloop
endfacet
facet normal 0 0 1
outer loop
vertex 74.7959213256836 -31.06441307067871 -0.5
vertex 74.87074279785156 -31.275087356567383 -0.5
vertex 74.24246215820312 41.43376922607422 -0.5
endloop
endfacet
facet normal 0 0 1
outer loop
vertex 74.47248840332031 -30.764053344726562 -0.5
vertex 74.65849304199219 -30.888072967529297 -0.5
vertex 74.24246215820312 41.43376922607422 -0.5
endloop
endfacet
facet normal 0 0 1
outer loop
vertex 74.28215789794922 -30.70909881591797 -0.5
vertex 74.47248840332031 -30.764053344726562 -0.5
vertex 74.24246215820312 41.43376922607422 -0.5
endloop
endfacet
facet normal 0 0 1
outer loop
vertex 74.65849304199219 -30.888072967529297 -0.5
vertex 74.7959213256836 -31.06441307067871 -0.5
vertex 74.24246215820312 41.43376922607422 -0.5
endloop
endfacet
facet normal 0 0 1
outer loop
vertex 32.62887954711914 43.49983215332031 -0.5
vertex 31.897003173828125 45.89082336425781 -0.5
vertex 31.108766555786133 45.54585647583008 -0.5
endloop
endfacet
facet normal 0 0 1
outer loop
vertex -3.472681999206543 39.43640899658203 -0.5
vertex -3.5411393642425537 39.47199249267578 -0.5
vertex -7.025704860687256 36.54899215698242 -0.5
endloop
endfacet
facet normal 0 0 1
outer loop
vertex 32.62887954711914 43.49983215332031 -0.5
vertex 32.651519775390625 46.08790588378906 -0.5
vertex 31.897003173828125 45.89082336425781 -0.5
endloop
endfacet
facet normal 0 0 1
outer loop
vertex -3.0462806224823 39.252662658691406 -0.5
vertex -3.472681999206543 39.43640899658203 -0.5
vertex -7.025704860687256 36.54899215698242 -0.5
endloop
endfacet
facet normal 0 0 1
outer loop
vertex -61.610565185546875 -63.8438606262207 -0.5
vertex -62.11499786376953 -63.75918197631836 -0.5
vertex -65.11781311035156 -66.8834457397461 -0.5
endloop
endfacet
facet normal 0 0 1
outer loop
vertex -62.11499786376953 -63.75918197631836 -0.5
vertex -62.59440994262695 -63.58088302612305 -0.5
vertex -65.11781311035156 -66.8834457397461 -0.5
endloop
endfacet
facet normal 0 0 1
outer loop
vertex -62.59440994262695 -63.58088302612305 -0.5
vertex -63.031585693359375 -63.31536102294922 -0.5
vertex -65.11781311035156 -66.8834457397461 -0.5
endloop
endfacet
facet normal 0 0 1
outer loop
vertex 33.12238311767578 43.63429260253906 -0.5
vertex 33.614295959472656 46.17398452758789 -0.5
vertex 32.651519775390625 46.08790588378906 -0.5
endloop
endfacet
facet normal 0 0 1
outer loop
vertex -61.610565185546875 -63.8438606262207 -0.5
vertex -65.11781311035156 -66.8834457397461 -0.5
vertex -65.50243377685547 -69.36643981933594 -0.5
endloop
endfacet
facet normal 0 0 1
outer loop
vertex -65.80237579345703 64.62762451171875 -0.5
vertex -65.84516143798828 64.57361602783203 -0.5
vertex -64.64649200439453 63.880584716796875 -0.5
endloop
endfacet
facet normal 0 0 1
outer loop
vertex -61.610565185546875 -63.8438606262207 -0.5
vertex -63.76479721069336 -70.78939819335938 -0.5
vertex -63.24692153930664 -71.0169448852539 -0.5
endloop
endfacet
facet normal 0 0 1
outer loop
vertex -64.71138000488281 -70.17288208007812 -0.5
vertex -64.2548828125 -70.50692749023438 -0.5
vertex -61.610565185546875 -63.8438606262207 -0.5
endloop
endfacet
facet normal 0 0 1
outer loop
vertex -61.610565185546875 -63.8438606262207 -0.5
vertex -65.12887573242188 -69.79121398925781 -0.5
vertex -64.71138000488281 -70.17288208007812 -0.5
endloop
endfacet
facet normal 0 0 1
outer loop
vertex -61.610565185546875 -63.8438606262207 -0.5
vertex -65.50243377685547 -69.36643981933594 -0.5
vertex -65.12887573242188 -69.79121398925781 -0.5
endloop
endfacet
facet normal 0 0 1
outer loop
vertex -65.11781311035156 -66.8834457397461 -0.5
vertex -66.55985260009766 -66.88349914550781 -0.5
vertex -66.47761535644531 -67.34327697753906 -0.5
endloop
endfacet
facet normal 0 0 1
outer loop
vertex 75.28227996826172 41.71440124511719 -0.5
vertex 76.70957946777344 41.714176177978516 -0.5
vertex 76.62757873535156 42.22433853149414 -0.5
endloop
endfacet
facet normal 0 0 1
outer loop
vertex -65.11781311035156 -66.8834457397461 -0.5
vertex -66.47761535644531 -67.34327697753906 -0.5
vertex -66.10059356689453 -68.40814971923828 -0.5
endloop
endfacet
facet normal 0 0 1
outer loop
vertex -2.9732561111450195 39.227901458740234 -0.5
vertex -3.0462806224823 39.252662658691406 -0.5
vertex -7.025704860687256 36.54899215698242 -0.5
endloop
endfacet
facet normal 0 0 1
outer loop
vertex -25.66016387939453 48.5378303527832 -0.5
vertex -41.12425994873047 54.80390930175781 -0.5
vertex -43.23061752319336 52.95302200317383 -0.5
endloop
endfacet
facet normal 0 0 1
outer loop
vertex 75.9885482788086 43.731407165527344 -0.5
vertex 75.28227996826172 41.71440124511719 -0.5
vertex 76.62757873535156 42.22433853149414 -0.5
endloop
endfacet
facet normal 0 0 1
outer loop
vertex -66.10059356689453 -68.40814971923828 -0.5
vertex -65.82762145996094 -68.90359497070312 -0.5
vertex -65.11781311035156 -66.8834457397461 -0.5
endloop
endfacet
facet normal 0 0 1
outer loop
vertex -65.82762145996094 -68.90359497070312 -0.5
vertex -65.50243377685547 -69.36643981933594 -0.5
vertex -65.11781311035156 -66.8834457397461 -0.5
endloop
endfacet
facet normal 0 0 1
outer loop
vertex -66.318115234375 -67.885986328125 -0.5
vertex -66.10059356689453 -68.40814971923828 -0.5
vertex -66.47761535644531 -67.34327697753906 -0.5
endloop
endfacet
facet normal 0 0 1
outer loop
vertex 75.9885482788086 43.731407165527344 -0.5
vertex 74.24246215820312 41.43376922607422 -0.5
vertex 75.28227996826172 41.71440124511719 -0.5
endloop
endfacet
facet normal 0 0 1
outer loop
vertex 75.27547454833984 -1.1402506828308105 -0.5
vertex 76.77547454833984 -1.140488862991333 -0.5
vertex 75.27561950683594 -0.21292409300804138 -0.5
endloop
endfacet
facet normal 0 0 1
outer loop
vertex -7.025704860687256 36.54899215698242 -0.5
vertex 8.764421463012695 39.05300521850586 -0.5
vertex -2.0922207832336426 39.056610107421875 -0.5
endloop
endfacet
facet normal 0 0 1
outer loop
vertex 75.52491760253906 44.36067581176758 -0.5
vertex 74.9124984741211 44.96504211425781 -0.5
vertex 73.19590759277344 43.138343811035156 -0.5
endloop
endfacet
facet normal 0 0 1
outer loop
vertex 74.9124984741211 44.96504211425781 -0.5
vertex 74.27615356445312 45.41891860961914 -0.5
vertex 72.75872802734375 43.403865814208984 -0.5
endloop
endfacet
facet normal 0 0 1
outer loop
vertex 76.77561950683594 -0.21316233277320862 -0.5
vertex 75.27561950683594 -0.21292409300804138 -0.5
vertex 76.77547454833984 -1.140488862991333 -0.5
endloop
endfacet
facet normal 0 0 1
outer loop
vertex 75.9885482788086 43.731407165527344 -0.5
vertex 73.57515716552734 42.795135498046875 -0.5
vertex 73.88286590576172 42.38655471801758 -0.5
endloop
endfacet
facet normal 0 0 1
outer loop
vertex 75.52491760253906 44.36067581176758 -0.5
vertex 73.19590759277344 43.138343811035156 -0.5
vertex 73.57515716552734 42.795135498046875 -0.5
endloop
endfacet
facet normal 0 0 1
outer loop
vertex 74.9124984741211 44.96504211425781 -0.5
vertex 72.75872802734375 43.403865814208984 -0.5
vertex 73.19590759277344 43.138343811035156 -0.5
endloop
endfacet
facet normal 0 0 1
outer loop
vertex 74.27615356445312 45.41891860961914 -0.5
vertex 72.2793197631836 43.5821647644043 -0.5
vertex 72.75872802734375 43.403865814208984 -0.5
endloop
endfacet
facet normal 0 0 1
outer loop
vertex 75.9885482788086 43.731407165527344 -0.5
vertex 73.88286590576172 42.38655471801758 -0.5
vertex 74.10799407958984 41.927268981933594 -0.5
endloop
endfacet
facet normal 0 0 1
outer loop
vertex 75.272216796875 -21.64025115966797 -0.5
vertex 75.27547454833984 -1.1402506828308105 -0.5
vertex 74.24246215820312 41.43376922607422 -0.5
endloop
endfacet
facet normal 0 0 1
outer loop
vertex 74.24246215820312 41.43376922607422 -0.5
vertex 75.9885482788086 43.731407165527344 -0.5
vertex 74.10799407958984 41.927268981933594 -0.5
endloop
endfacet
facet normal 0 0 1
outer loop
vertex -24.4344482421875 47.76336669921875 -0.5
vertex -24.899948120117188 48.092140197753906 -0.5
vertex -26.280113220214844 46.005592346191406 -0.5
endloop
endfacet
facet normal 0 0 1
outer loop
vertex -24.899948120117188 48.092140197753906 -0.5
vertex -25.66016387939453 48.5378303527832 -0.5
vertex -26.716096878051758 46.273067474365234 -0.5
endloop
endfacet
facet normal 0 0 1
outer loop
vertex 75.27547454833984 -1.1402506828308105 -0.5
vertex 75.27561950683594 -0.21292409300804138 -0.5
vertex 74.24246215820312 41.43376922607422 -0.5
endloop
endfacet
facet normal 0 0 1
outer loop
vertex 76.772216796875 -21.64048957824707 -0.5
vertex 75.272216796875 -21.64025115966797 -0.5
vertex 76.7720718383789 -22.56781578063965 -0.5
endloop
endfacet
facet normal 0 0 1
outer loop
vertex -23.516366958618164 47.357322692871094 -0.5
vertex -23.89311408996582 47.48560333251953 -0.5
vertex -25.654077529907227 45.33997344970703 -0.5
endloop
endfacet
facet normal 0 0 1
outer loop
vertex -23.95883560180664 47.51424789428711 -0.5
vertex -24.37236976623535 47.725364685058594 -0.5
vertex -25.654077529907227 45.33997344970703 -0.5
endloop
endfacet
facet normal 0 0 1
outer loop
vertex -23.89311408996582 47.48560333251953 -0.5
vertex -23.95883560180664 47.51424789428711 -0.5
vertex -25.654077529907227 45.33997344970703 -0.5
endloop
endfacet
facet normal 0 0 1
outer loop
vertex 75.2720718383789 -22.567577362060547 -0.5
vertex 76.7720718383789 -22.56781578063965 -0.5
vertex 75.272216796875 -21.64025115966797 -0.5
endloop
endfacet
facet normal 0 0 1
outer loop
vertex -24.37236976623535 47.725364685058594 -0.5
vertex -24.4344482421875 47.76336669921875 -0.5
vertex -25.654077529907227 45.33997344970703 -0.5
endloop
endfacet
facet normal 0 0 1
outer loop
vertex 75.27561950683594 -0.21292409300804138 -0.5
vertex 75.27887725830078 20.28707504272461 -0.5
vertex 74.24246215820312 41.43376922607422 -0.5
endloop
endfacet
facet normal 0 0 1
outer loop
vertex 75.27887725830078 20.28707504272461 -0.5
vertex 76.77887725830078 20.286836624145508 -0.5
vertex 75.27902221679688 21.21440315246582 -0.5
endloop
endfacet
facet normal 0 0 1
outer loop
vertex -25.902402877807617 45.66068649291992 -0.5
vertex -25.654077529907227 45.33997344970703 -0.5
vertex -24.4344482421875 47.76336669921875 -0.5
endloop
endfacet
facet normal 0 0 1
outer loop
vertex -26.280113220214844 46.005592346191406 -0.5
vertex -25.902402877807617 45.66068649291992 -0.5
vertex -24.4344482421875 47.76336669921875 -0.5
endloop
endfacet
facet normal 0 0 1
outer loop
vertex -24.899948120117188 48.092140197753906 -0.5
vertex -26.716096878051758 46.273067474365234 -0.5
vertex -26.280113220214844 46.005592346191406 -0.5
endloop
endfacet
facet normal 0 0 1
outer loop
vertex -25.66016387939453 48.5378303527832 -0.5
vertex -43.23061752319336 52.95302200317383 -0.5
vertex -26.716096878051758 46.273067474365234 -0.5
endloop
endfacet
facet normal 0 0 1
outer loop
vertex 76.77902221679688 21.21416473388672 -0.5
vertex 75.27902221679688 21.21440315246582 -0.5
vertex 76.77887725830078 20.286836624145508 -0.5
endloop
endfacet
facet normal 0 0 1
outer loop
vertex 75.2720718383789 -22.567577362060547 -0.5
vertex 75.272216796875 -21.64025115966797 -0.5
vertex 74.87074279785156 -31.275087356567383 -0.5
endloop
endfacet
facet normal 0 0 1
outer loop
vertex 72.76020812988281 46.03632354736328 -0.5
vertex 71.7748794555664 43.66684341430664 -0.5
vertex 72.2793197631836 43.5821647644043 -0.5
endloop
endfacet
facet normal 0 0 1
outer loop
vertex -6.959657669067383 42.77645492553711 -0.5
vertex -8.524652481079102 40.74271774291992 -0.5
vertex -8.059320449829102 40.530372619628906 -0.5
endloop
endfacet
facet normal 0 0 1
outer loop
vertex -5.655149459838867 41.78774642944336 -0.5
vertex -8.059320449829102 40.530372619628906 -0.5
vertex -7.642389297485352 40.234073638916016 -0.5
endloop
endfacet
facet normal 0 0 1
outer loop
vertex 75.27887725830078 20.28707504272461 -0.5
vertex 75.27902221679688 21.21440315246582 -0.5
vertex 74.24246215820312 41.43376922607422 -0.5
endloop
endfacet
facet normal 0 0 1
outer loop
vertex 74.87074279785156 -31.275087356567383 -0.5
vertex 74.88215637207031 -31.40100860595703 -0.5
vertex 75.2720718383789 -22.567577362060547 -0.5
endloop
endfacet
facet normal 0 0 1
outer loop
vertex 25.98665428161621 41.42800521850586 -0.5
vertex 14.609809875488281 41.42399978637695 -0.5
vertex 14.582159042358398 38.92399215698242 -0.5
endloop
endfacet
facet normal 0 0 1
outer loop
vertex -5.655149459838867 41.78774642944336 -0.5
vertex -6.299558162689209 42.35788345336914 -0.5
vertex -8.059320449829102 40.530372619628906 -0.5
endloop
endfacet
facet normal 0 0 1
outer loop
vertex -5.151614189147949 41.17694854736328 -0.5
vertex -5.655149459838867 41.78774642944336 -0.5
vertex -7.642389297485352 40.234073638916016 -0.5
endloop
endfacet
facet normal 0 0 1
outer loop
vertex 74.88215637207031 -31.40100860595703 -0.5
vertex 75.26881408691406 -43.06757736206055 -0.5
vertex 75.2720718383789 -22.567577362060547 -0.5
endloop
endfacet
facet normal 0 0 1
outer loop
vertex -6.299558162689209 42.35788345336914 -0.5
vertex -6.959657669067383 42.77645492553711 -0.5
vertex -8.059320449829102 40.530372619628906 -0.5
endloop
endfacet
facet normal 0 0 1
outer loop
vertex -5.151614189147949 41.17694854736328 -0.5
vertex -7.288825988769531 39.86445236206055 -0.5
vertex -4.7370219230651855 40.532779693603516 -0.5
endloop
endfacet
facet normal 0 0 1
outer loop
vertex -41.12425994873047 54.80390930175781 -0.5
vertex -41.18198776245117 54.83082962036133 -0.5
vertex -43.23061752319336 52.95302200317383 -0.5
endloop
endfacet
facet normal 0 0 1
outer loop
vertex 75.26866912841797 -43.994903564453125 -0.5
vertex 75.26881408691406 -43.06757736206055 -0.5
vertex 74.88215637207031 -31.40100860595703 -0.5
endloop
endfacet
facet normal 0 0 1
outer loop
vertex 76.76881408691406 -43.067813873291016 -0.5
vertex 75.26881408691406 -43.06757736206055 -0.5
vertex 76.76866912841797 -43.995140075683594 -0.5
endloop
endfacet
facet normal 0 0 1
outer loop
vertex 75.26866912841797 -43.994903564453125 -0.5
vertex 76.76866912841797 -43.995140075683594 -0.5
vertex 75.26881408691406 -43.06757736206055 -0.5
endloop
endfacet
facet normal 0 0 1
outer loop
vertex -41.18198776245117 54.83082962036133 -0.5
vertex -41.58662033081055 55.05854415893555 -0.5
vertex -43.64497375488281 53.486331939697266 -0.5
endloop
endfacet
facet normal 0 0 1
outer loop
vertex 75.26541137695312 -64.49490356445312 -0.5
vertex 75.26866912841797 -43.994903564453125 -0.5
vertex 74.88215637207031 -31.40100860595703 -0.5
endloop
endfacet
facet normal 0 0 1
outer loop
vertex -41.649658203125 55.10151290893555 -0.5
vertex -42.677589416503906 55.90703582763672 -0.5
vertex -44.03948211669922 53.8118896484375 -0.5
endloop
endfacet
facet normal 0 0 1
outer loop
vertex -41.58662033081055 55.05854415893555 -0.5
vertex -41.649658203125 55.10151290893555 -0.5
vertex -43.64497375488281 53.486331939697266 -0.5
endloop
endfacet
facet normal 0 0 1
outer loop
vertex -41.18198776245117 54.83082962036133 -0.5
vertex -43.64497375488281 53.486331939697266 -0.5
vertex -43.23061752319336 52.95302200317383 -0.5
endloop
endfacet
facet normal 0 0 1
outer loop
vertex 75.26541137695312 -64.49490356445312 -0.5
vertex 74.88215637207031 -31.40100860595703 -0.5
vertex 74.87815856933594 -63.4757080078125 -0.5
endloop
endfacet
facet normal 0 0 1
outer loop
vertex -74.38126373291016 40.29010009765625 -0.5
vertex -63.09141159057617 36.645503997802734 -0.5
vertex -75.05877685546875 40.82675552368164 -0.5
endloop
endfacet
facet normal 0 0 1
outer loop
vertex -75.05877685546875 40.82675552368164 -0.5
vertex -63.09141159057617 36.645503997802734 -0.5
vertex -73.02069854736328 42.38609313964844 -0.5
endloop
endfacet
facet normal 0 0 1
outer loop
vertex -41.649658203125 55.10151290893555 -0.5
vertex -44.03948211669922 53.8118896484375 -0.5
vertex -43.64497375488281 53.486331939697266 -0.5
endloop
endfacet
facet normal 0 0 1
outer loop
vertex -59.390254974365234 65.56964874267578 -0.5
vertex -61.07533645629883 63.60995864868164 -0.5
vertex -42.677589416503906 55.90703582763672 -0.5
endloop
endfacet
facet normal 0 0 1
outer loop
vertex -42.677589416503906 55.90703582763672 -0.5
vertex -61.07533645629883 63.60995864868164 -0.5
vertex -44.03948211669922 53.8118896484375 -0.5
endloop
endfacet
facet normal 0 0 1
outer loop
vertex -59.390254974365234 65.56964874267578 -0.5
vertex -59.75289535522461 65.76028442382812 -0.5
vertex -61.07533645629883 63.60995864868164 -0.5
endloop
endfacet
facet normal 0 0 1
outer loop
vertex -59.75289535522461 65.76028442382812 -0.5
vertex -60.56740188598633 66.07080841064453 -0.5
vertex -61.569950103759766 63.740264892578125 -0.5
endloop
endfacet
facet normal 0 0 1
outer loop
vertex 75.26541137695312 -64.49490356445312 -0.5
vertex 74.87815856933594 -63.4757080078125 -0.5
vertex 74.8191146850586 -63.69133377075195 -0.5
endloop
endfacet
facet normal 0 0 1
outer loop
vertex 75.26541137695312 -64.49490356445312 -0.5
vertex 74.8191146850586 -63.69133377075195 -0.5
vertex 74.6950912475586 -63.87734603881836 -0.5
endloop
endfacet
facet normal 0 0 1
outer loop
vertex -60.56740188598633 66.07080841064453 -0.5
vertex -61.332637786865234 66.22981262207031 -0.5
vertex -61.569950103759766 63.740264892578125 -0.5
endloop
endfacet
facet normal 0 0 1
outer loop
vertex -59.75289535522461 65.76028442382812 -0.5
vertex -61.569950103759766 63.740264892578125 -0.5
vertex -61.07533645629883 63.60995864868164 -0.5
endloop
endfacet
facet normal 0 0 1
outer loop
vertex 75.26541137695312 -64.49490356445312 -0.5
vertex 74.6950912475586 -63.87734603881836 -0.5
vertex 74.51875305175781 -64.0147705078125 -0.5
endloop
endfacet
facet normal 0 0 1
outer loop
vertex 75.26541137695312 -64.49490356445312 -0.5
vertex 74.51875305175781 -64.0147705078125 -0.5
vertex 74.18215942382812 -64.40100860595703 -0.5
endloop
endfacet
facet normal 0 0 1
outer loop
vertex 74.51875305175781 -64.0147705078125 -0.5
vertex 74.18215942382812 -64.10100555419922 -0.5
vertex 74.18215942382812 -64.40100860595703 -0.5
endloop
endfacet
facet normal 0 0 1
outer loop
vertex 70.55442810058594 -64.40100860595703 -0.5
vertex 75.26541137695312 -64.49490356445312 -0.5
vertex 74.18215942382812 -64.40100860595703 -0.5
endloop
endfacet
facet normal 0 0 1
outer loop
vertex -63.09141159057617 36.645503997802734 -0.5
vertex -74.38126373291016 40.29010009765625 -0.5
vertex -68.19867706298828 36.69942092895508 -0.5
endloop
endfacet
facet normal 0 0 1
outer loop
vertex 76.46989440917969 -64.77372741699219 -0.5
vertex 76.57362365722656 -64.49510955810547 -0.5
vertex 75.26541137695312 -64.49490356445312 -0.5
endloop
endfacet
facet normal 0 0 1
outer loop
vertex 76.16950988769531 -65.2795181274414 -0.5
vertex 76.46989440917969 -64.77372741699219 -0.5
vertex 75.26541137695312 -64.49490356445312 -0.5
endloop
endfacet
facet normal 0 0 1
outer loop
vertex 75.79881286621094 -65.70491027832031 -0.5
vertex 76.16950988769531 -65.2795181274414 -0.5
vertex 75.26541137695312 -64.49490356445312 -0.5
endloop
endfacet
facet normal 0 0 1
outer loop
vertex 75.36762237548828 -66.05345916748047 -0.5
vertex 75.79881286621094 -65.70491027832031 -0.5
vertex 75.26541137695312 -64.49490356445312 -0.5
endloop
endfacet
facet normal 0 0 1
outer loop
vertex 75.26541137695312 -64.49490356445312 -0.5
vertex 74.85144805908203 -66.33563995361328 -0.5
vertex 75.36762237548828 -66.05345916748047 -0.5
endloop
endfacet
facet normal 0 0 1
outer loop
vertex -76.06290435791016 42.11943054199219 -0.5
vertex -75.5880355834961 41.40192413330078 -0.5
vertex -73.41520690917969 42.71165084838867 -0.5
endloop
endfacet
facet normal 0 0 1
outer loop
vertex -76.06290435791016 42.11943054199219 -0.5
vertex -73.98707580566406 43.5543098449707 -0.5
vertex -76.38704681396484 42.83067321777344 -0.5
endloop
endfacet
facet normal 0 0 1
outer loop
vertex -73.98707580566406 43.5543098449707 -0.5
vertex -76.61522674560547 43.660282135009766 -0.5
vertex -76.38704681396484 42.83067321777344 -0.5
endloop
endfacet
facet normal 0 0 1
outer loop
vertex -73.98707580566406 43.5543098449707 -0.5
vertex -74.14390563964844 44.041168212890625 -0.5
vertex -76.61522674560547 43.660282135009766 -0.5
endloop
endfacet
facet normal 0 0 1
outer loop
vertex -76.70209503173828 44.43706130981445 -0.5
vertex -76.61522674560547 43.660282135009766 -0.5
vertex -74.04110717773438 45.55379867553711 -0.5
endloop
endfacet
facet normal 0 0 1
outer loop
vertex 74.31179809570312 -66.51412200927734 -0.5
vertex 74.85144805908203 -66.33563995361328 -0.5
vertex 75.26541137695312 -64.49490356445312 -0.5
endloop
endfacet
facet normal 0 0 1
outer loop
vertex 74.31179809570312 -66.51412200927734 -0.5
vertex 75.26541137695312 -64.49490356445312 -0.5
vertex 73.86759948730469 -66.58658599853516 -0.5
endloop
endfacet
facet normal 0 0 1
outer loop
vertex -74.14390563964844 44.041168212890625 -0.5
vertex -74.20609283447266 44.548866271972656 -0.5
vertex -76.61522674560547 43.660282135009766 -0.5
endloop
endfacet
facet normal 0 0 1
outer loop
vertex 75.26541137695312 -64.49490356445312 -0.5
vertex 73.54329681396484 -66.60100555419922 -0.5
vertex 73.86759948730469 -66.58658599853516 -0.5
endloop
endfacet
facet normal 0 0 1
outer loop
vertex -74.20609283447266 44.548866271972656 -0.5
vertex -74.17141723632812 45.059181213378906 -0.5
vertex -76.61522674560547 43.660282135009766 -0.5
endloop
endfacet
facet normal 0 0 1
outer loop
vertex 75.26541137695312 -64.49490356445312 -0.5
vertex 70.51636505126953 -65.59234619140625 -0.5
vertex 73.54329681396484 -66.60100555419922 -0.5
endloop
endfacet
facet normal 0 0 1
outer loop
vertex -74.17141723632812 45.059181213378906 -0.5
vertex -74.04110717773438 45.55379867553711 -0.5
vertex -76.61522674560547 43.660282135009766 -0.5
endloop
endfacet
facet normal 0 0 1
outer loop
vertex -75.5880355834961 41.40192413330078 -0.5
vertex -75.05877685546875 40.82675552368164 -0.5
vertex -73.41520690917969 42.71165084838867 -0.5
endloop
endfacet
facet normal 0 0 1
outer loop
vertex -76.06290435791016 42.11943054199219 -0.5
vertex -73.41520690917969 42.71165084838867 -0.5
vertex -73.7412338256836 43.105770111083984 -0.5
endloop
endfacet
facet normal 0 0 1
outer loop
vertex -75.05877685546875 40.82675552368164 -0.5
vertex -73.02069854736328 42.38609313964844 -0.5
vertex -73.41520690917969 42.71165084838867 -0.5
endloop
endfacet
facet normal 0 0 1
outer loop
vertex -76.06290435791016 42.11943054199219 -0.5
vertex -73.7412338256836 43.105770111083984 -0.5
vertex -73.98707580566406 43.5543098449707 -0.5
endloop
endfacet
facet normal 0 0 1
outer loop
vertex -61.332637786865234 66.22981262207031 -0.5
vertex -62.080265045166016 63.77494812011719 -0.5
vertex -61.569950103759766 63.740264892578125 -0.5
endloop
endfacet
facet normal 0 0 1
outer loop
vertex 75.26541137695312 -64.49490356445312 -0.5
vertex 70.55442810058594 -64.40100860595703 -0.5
vertex 70.55442810058594 -65.40100860595703 -0.5
endloop
endfacet
facet normal 0 0 1
outer loop
vertex 75.26541137695312 -64.49490356445312 -0.5
vertex 70.55442810058594 -65.40100860595703 -0.5
vertex 70.51636505126953 -65.59234619140625 -0.5
endloop
endfacet
facet normal 0 0 1
outer loop
vertex 33.12238311767578 43.63429260253906 -0.5
vertex 71.90569305419922 46.1622314453125 -0.5
vertex 33.614295959472656 46.17398452758789 -0.5
endloop
endfacet
facet normal 0 0 1
outer loop
vertex 70.51636505126953 -65.59234619140625 -0.5
vertex 70.4079818725586 -65.75456237792969 -0.5
vertex 73.54329681396484 -66.60100555419922 -0.5
endloop
endfacet
facet normal 0 0 1
outer loop
vertex 70.4079818725586 -65.75456237792969 -0.5
vertex 70.24576568603516 -65.86294555664062 -0.5
vertex 73.54329681396484 -66.60100555419922 -0.5
endloop
endfacet
facet normal 0 0 1
outer loop
vertex 70.24576568603516 -65.86294555664062 -0.5
vertex 69.05442810058594 -66.60126495361328 -0.5
vertex 73.54329681396484 -66.60100555419922 -0.5
endloop
endfacet
facet normal 0 0 1
outer loop
vertex -74.90733337402344 46.13332748413086 -0.5
vertex -76.501953125 46.06173324584961 -0.5
vertex -76.66095733642578 45.29649353027344 -0.5
endloop
endfacet
facet normal 0 0 1
outer loop
vertex 70.24576568603516 -65.86294555664062 -0.5
vertex 64.95442199707031 -65.90100860595703 -0.5
vertex 69.05442810058594 -66.60126495361328 -0.5
endloop
endfacet
facet normal 0 0 1
outer loop
vertex 68.55442810058594 -67.52921295166016 -0.5
vertex 69.05442810058594 -67.17910766601562 -0.5
vertex 69.05442810058594 -66.60126495361328 -0.5
endloop
endfacet
facet normal 0 0 1
outer loop
vertex -61.332637786865234 66.22981262207031 -0.5
vertex -62.58796310424805 63.7127571105957 -0.5
vertex -62.080265045166016 63.77494812011719 -0.5
endloop
endfacet
facet normal 0 0 1
outer loop
vertex 64.95442199707031 -65.90100860595703 -0.5
vertex 68.55442810058594 -67.52921295166016 -0.5
vertex 69.05442810058594 -66.60126495361328 -0.5
endloop
endfacet
facet normal 0 0 1
outer loop
vertex 64.95442199707031 -65.90100860595703 -0.5
vertex 67.29058837890625 -68.11854553222656 -0.5
vertex 68.55442810058594 -67.52921295166016 -0.5
endloop
endfacet
facet normal 0 0 1
outer loop
vertex 64.95442199707031 -65.90100860595703 -0.5
vertex 65.94361114501953 -68.4794692993164 -0.5
vertex 67.29058837890625 -68.11854553222656 -0.5
endloop
endfacet
facet normal 0 0 1
outer loop
vertex 64.95442199707031 -65.90100860595703 -0.5
vertex 64.95442199707031 -68.56600952148438 -0.5
vertex 65.94361114501953 -68.4794692993164 -0.5
endloop
endfacet
facet normal 0 0 1
outer loop
vertex 64.15442657470703 -65.90100860595703 -0.5
vertex 63.16524124145508 -68.4794692993164 -0.5
vertex 64.15442657470703 -68.56600952148438 -0.5
endloop
endfacet
facet normal 0 0 1
outer loop
vertex 64.15442657470703 -65.90100860595703 -0.5
vertex 61.81826400756836 -68.11854553222656 -0.5
vertex 63.16524124145508 -68.4794692993164 -0.5
endloop
endfacet
facet normal 0 0 1
outer loop
vertex 64.15442657470703 -65.90100860595703 -0.5
vertex 60.05442428588867 -66.60177612304688 -0.5
vertex 60.05442428588867 -67.17910766601562 -0.5
endloop
endfacet
facet normal 0 0 1
outer loop
vertex 64.15442657470703 -65.90100860595703 -0.5
vertex 60.55442428588867 -67.52921295166016 -0.5
vertex 61.81826400756836 -68.11854553222656 -0.5
endloop
endfacet
facet normal 0 0 1
outer loop
vertex 64.15442657470703 -65.90100860595703 -0.5
vertex 60.05442428588867 -67.17910766601562 -0.5
vertex 60.55442428588867 -67.52921295166016 -0.5
endloop
endfacet
facet normal 0 0 1
outer loop
vertex -64.64649200439453 63.880584716796875 -0.5
vertex -61.332637786865234 66.22981262207031 -0.5
vertex -62.19207000732422 66.27095031738281 -0.5
endloop
endfacet
facet normal 0 0 1
outer loop
vertex -76.66095733642578 45.29649353027344 -0.5
vertex -76.70209503173828 44.43706130981445 -0.5
vertex -74.04110717773438 45.55379867553711 -0.5
endloop
endfacet
facet normal 0 0 1
outer loop
vertex -74.04110717773438 45.55379867553711 -0.5
vertex -74.90733337402344 46.13332748413086 -0.5
vertex -76.66095733642578 45.29649353027344 -0.5
endloop
endfacet
facet normal 0 0 1
outer loop
vertex -64.64649200439453 63.880584716796875 -0.5
vertex -62.19207000732422 66.27095031738281 -0.5
vertex -62.96885299682617 66.18407440185547 -0.5
endloop
endfacet
facet normal -0.0002359863681098511 0.005256128601730603 0.999986158615486
outer loop
vertex -76.501953125 46.06173324584961 -0.5
vertex -74.90733337402344 46.13332748413086 -0.5
vertex -76.19528198242188 46.87797927856445 -0.5042179822921753
endloop
endfacet
facet normal 0 0 1
outer loop
vertex -61.332637786865234 66.22981262207031 -0.5
vertex -64.64649200439453 63.880584716796875 -0.5
vertex -62.58796310424805 63.7127571105957 -0.5
endloop
endfacet
facet normal 0 0 1
outer loop
vertex -62.96885299682617 66.18407440185547 -0.5
vertex -63.7984619140625 65.95589447021484 -0.5
vertex -64.64649200439453 63.880584716796875 -0.5
endloop
endfacet
facet normal 0 0 1
outer loop
vertex -63.7984619140625 65.95589447021484 -0.5
vertex -64.50970458984375 65.63175964355469 -0.5
vertex -64.64649200439453 63.880584716796875 -0.5
endloop
endfacet
facet normal 0 0 1
outer loop
vertex -64.50970458984375 65.63175964355469 -0.5
vertex -65.22721099853516 65.1568832397461 -0.5
vertex -64.64649200439453 63.880584716796875 -0.5
endloop
endfacet
facet normal 0 0 1
outer loop
vertex 64.15442657470703 -65.90100860595703 -0.5
vertex 3.1780827045440674 -66.60501098632812 -0.5
vertex 60.05442428588867 -66.60177612304688 -0.5
endloop
endfacet
facet normal 0 0 1
outer loop
vertex 3.1780827045440674 -66.60501098632812 -0.5
vertex 64.15442657470703 -65.90100860595703 -0.5
vertex 58.86308288574219 -65.86294555664062 -0.5
endloop
endfacet
facet normal 0 0 1
outer loop
vertex -63.07482147216797 63.55592727661133 -0.5
vertex -62.58796310424805 63.7127571105957 -0.5
vertex -64.64649200439453 63.880584716796875 -0.5
endloop
endfacet
facet normal 0 0 1
outer loop
vertex 3.1780827045440674 -66.60501098632812 -0.5
vertex 58.55442428588867 -65.40100860595703 -0.5
vertex 58.55442428588867 -64.40100860595703 -0.5
endloop
endfacet
facet normal 0 0 1
outer loop
vertex 3.1780827045440674 -66.60501098632812 -0.5
vertex 58.86308288574219 -65.86294555664062 -0.5
vertex 58.700870513916016 -65.75456237792969 -0.5
endloop
endfacet
facet normal 0 0 1
outer loop
vertex 3.1780827045440674 -66.60501098632812 -0.5
vertex 58.59248733520508 -65.59234619140625 -0.5
vertex 58.55442428588867 -65.40100860595703 -0.5
endloop
endfacet
facet normal 0 0 1
outer loop
vertex 3.1780827045440674 -66.60501098632812 -0.5
vertex 58.700870513916016 -65.75456237792969 -0.5
vertex 58.59248733520508 -65.59234619140625 -0.5
endloop
endfacet
facet normal 0 0 1
outer loop
vertex -67.05817413330078 35.466651916503906 -0.5
vertex -66.859130859375 35.04716873168945 -0.5
vertex -65.12187194824219 34.67860794067383 -0.5
endloop
endfacet
facet normal 0 0 1
outer loop
vertex -66.83175659179688 34.974788665771484 -0.5
vertex -66.74527740478516 34.67854309082031 -0.5
vertex -65.12187194824219 34.67860794067383 -0.5
endloop
endfacet
facet normal 0 0 1
outer loop
vertex -66.859130859375 35.04716873168945 -0.5
vertex -66.83175659179688 34.974788665771484 -0.5
vertex -65.12187194824219 34.67860794067383 -0.5
endloop
endfacet
facet normal 0 0 1
outer loop
vertex -63.52336120605469 63.31008529663086 -0.5
vertex -63.07482147216797 63.55592727661133 -0.5
vertex -64.64649200439453 63.880584716796875 -0.5
endloop
endfacet
facet normal 0 0 1
outer loop
vertex -67.09617614746094 35.533729553222656 -0.5
vertex -67.05817413330078 35.466651916503906 -0.5
vertex -63.09141159057617 36.645503997802734 -0.5
endloop
endfacet
facet normal 0 0 1
outer loop
vertex -67.35599517822266 35.91853713989258 -0.5
vertex -67.09617614746094 35.533729553222656 -0.5
vertex -63.09141159057617 36.645503997802734 -0.5
endloop
endfacet
facet normal 0 0 1
outer loop
vertex -67.05817413330078 35.466651916503906 -0.5
vertex -65.12187194824219 34.67860794067383 -0.5
vertex -63.58219528198242 35.462738037109375 -0.5
endloop
endfacet
facet normal 0 0 1
outer loop
vertex -64.1106948852539 34.04171371459961 -0.5
vertex -64.02601623535156 34.54615020751953 -0.5
vertex -65.12187194824219 34.67860794067383 -0.5
endloop
endfacet
facet normal 0 0 1
outer loop
vertex -64.02601623535156 34.54615020751953 -0.5
vertex -63.847713470458984 35.02555847167969 -0.5
vertex -65.12187194824219 34.67860794067383 -0.5
endloop
endfacet
facet normal 0 0 1
outer loop
vertex -63.09141159057617 36.645503997802734 -0.5
vertex -67.05817413330078 35.466651916503906 -0.5
vertex -63.58219528198242 35.462738037109375 -0.5
endloop
endfacet
facet normal 0 0 1
outer loop
vertex -63.847713470458984 35.02555847167969 -0.5
vertex -63.58219528198242 35.462738037109375 -0.5
vertex -65.12187194824219 34.67860794067383 -0.5
endloop
endfacet
facet normal 0 0 1
outer loop
vertex -63.238983154296875 35.84198760986328 -0.5
vertex -63.09141159057617 36.645503997802734 -0.5
vertex -63.58219528198242 35.462738037109375 -0.5
endloop
endfacet
facet normal 0 0 1
outer loop
vertex -68.14106750488281 36.65908432006836 -0.5
vertex -63.09141159057617 36.645503997802734 -0.5
vertex -68.19867706298828 36.69942092895508 -0.5
endloop
endfacet
facet normal 0 0 1
outer loop
vertex -67.4026107788086 35.98015213012695 -0.5
vertex -63.09141159057617 36.645503997802734 -0.5
vertex -67.71984100341797 36.319190979003906 -0.5
endloop
endfacet
facet normal 0 0 1
outer loop
vertex -63.09141159057617 36.645503997802734 -0.5
vertex -67.77629089355469 36.371822357177734 -0.5
vertex -67.71984100341797 36.319190979003906 -0.5
endloop
endfacet
facet normal 0 0 1
outer loop
vertex -63.09141159057617 36.645503997802734 -0.5
vertex -68.14106750488281 36.65908432006836 -0.5
vertex -67.77629089355469 36.371822357177734 -0.5
endloop
endfacet
facet normal 0 0 1
outer loop
vertex -67.4026107788086 35.98015213012695 -0.5
vertex -67.35599517822266 35.91853713989258 -0.5
vertex -63.09141159057617 36.645503997802734 -0.5
endloop
endfacet
facet normal 0 0 1
outer loop
vertex -63.238983154296875 35.84198760986328 -0.5
vertex -62.67759323120117 36.236671447753906 -0.5
vertex -63.09141159057617 36.645503997802734 -0.5
endloop
endfacet
facet normal 0 0 1
outer loop
vertex -62.67759323120117 36.236671447753906 -0.5
vertex -62.701759338378906 36.42022705078125 -0.5
vertex -63.09141159057617 36.645503997802734 -0.5
endloop
endfacet
facet normal 0 0 1
outer loop
vertex 58.55442428588867 -64.40100860595703 -0.5
vertex 13.182159423828125 -64.40100860595703 -0.5
vertex 3.1780827045440674 -66.60501098632812 -0.5
endloop
endfacet
facet normal 0 0 1
outer loop
vertex 75.27902221679688 21.21440315246582 -0.5
vertex 75.28227996826172 41.71440124511719 -0.5
vertex 74.24246215820312 41.43376922607422 -0.5
endloop
endfacet
facet normal 0 0 1
outer loop
vertex -64.64649200439453 63.880584716796875 -0.5
vertex -74.90733337402344 46.13332748413086 -0.5
vertex -74.04110717773438 45.55379867553711 -0.5
endloop
endfacet
facet normal 0 0 1
outer loop
vertex -63.917484283447266 62.98405838012695 -0.5
vertex -63.52336120605469 63.31008529663086 -0.5
vertex -64.64649200439453 63.880584716796875 -0.5
endloop
endfacet
facet normal 0 0 1
outer loop
vertex 72.76020812988281 46.03632354736328 -0.5
vertex 33.12238311767578 43.63429260253906 -0.5
vertex 71.7748794555664 43.66684341430664 -0.5
endloop
endfacet
facet normal 0 0 1
outer loop
vertex -64.2430419921875 62.58955001831055 -0.5
vertex -63.917484283447266 62.98405838012695 -0.5
vertex -64.64649200439453 63.880584716796875 -0.5
endloop
endfacet
facet normal 0 0 1
outer loop
vertex -74.04110717773438 45.55379867553711 -0.5
vertex -64.2430419921875 62.58955001831055 -0.5
vertex -64.64649200439453 63.880584716796875 -0.5
endloop
endfacet
facet normal 0 0 1
outer loop
vertex 71.90569305419922 46.1622314453125 -0.5
vertex 33.12238311767578 43.63429260253906 -0.5
vertex 72.76020812988281 46.03632354736328 -0.5
endloop
endfacet
facet normal 0 0 1
outer loop
vertex -64.2548828125 -70.50692749023438 -0.5
vertex -63.76479721069336 -70.78939819335938 -0.5
vertex -61.610565185546875 -63.8438606262207 -0.5
endloop
endfacet
facet normal -0.00015767415168534398 -0.9999999875661971 0.0000025431314787958708
outer loop
vertex 75.26866912841797 -43.994903564453125 -0.5
vertex 77.26866912841797 -43.99522018432617 -1
vertex 76.76866912841797 -43.995140075683594 -0.5
endloop
endfacet
facet normal 0 0 1
outer loop
vertex 77.14716339111328 -64.38765716552734 -1
vertex 75.26541137695312 -64.49490356445312 -1
vertex 77.10712432861328 -64.49519348144531 -1
endloop
endfacet
facet normal -0.00015830993453965286 -0.9999999874689821 0
outer loop
vertex 77.26866912841797 -43.99522018432617 -1
vertex 75.26866912841797 -43.994903564453125 -0.5
vertex 75.26866912841797 -43.994903564453125 -1
endloop
endfacet
facet normal 0.9999999873730584 -0.00015891470359552742 0
outer loop
vertex 75.26541137695312 -64.49490356445312 -0.5
vertex 75.26866912841797 -43.994903564453125 -1
vertex 75.26866912841797 -43.994903564453125 -0.5
endloop
endfacet
facet normal 0 0 1
outer loop
vertex 77.2655258178711 -63.74522018432617 -1
vertex 77.26866912841797 -43.99522018432617 -1
vertex 75.26866912841797 -43.994903564453125 -1
endloop
endfacet
facet normal 0.9999999873730584 -0.00015891470359552742 0
outer loop
vertex 75.26541137695312 -64.49490356445312 -1
vertex 75.26866912841797 -43.994903564453125 -1
vertex 75.26541137695312 -64.49490356445312 -0.5
endloop
endfacet
facet normal 0 0 1
outer loop
vertex 77.2655258178711 -63.74522018432617 -1
vertex 75.26866912841797 -43.994903564453125 -1
vertex 75.26541137695312 -64.49490356445312 -1
endloop
endfacet
facet normal 0.0001574170330583123 0.9999999876099319 1.1750804076160734e-7
outer loop
vertex 77.10712432861328 -64.49519348144531 -1
vertex 75.26541137695312 -64.49490356445312 -1
vertex 76.57362365722656 -64.49510955810547 -0.5
endloop
endfacet
facet normal 0.00015746194474413854 0.9999999876028679 0
outer loop
vertex 75.26541137695312 -64.49490356445312 -0.5
vertex 76.57362365722656 -64.49510955810547 -0.5
vertex 75.26541137695312 -64.49490356445312 -1
endloop
endfacet
facet normal 0 0 1
outer loop
vertex 77.2655258178711 -63.74522018432617 -1
vertex 75.26541137695312 -64.49490356445312 -1
vertex 77.14716339111328 -64.38765716552734 -1
endloop
endfacet
facet normal 0 0 1
outer loop
vertex 75.28227996826172 41.71440124511719 -1
vertex 77.28215789794922 40.96408462524414 -1
vertex 77.26434326171875 41.413455963134766 -1
endloop
endfacet
facet normal 0.999999987373056 -0.00015891471838117442 0
outer loop
vertex 75.27902221679688 21.21440315246582 -0.5
vertex 75.28227996826172 41.71440124511719 -1
vertex 75.28227996826172 41.71440124511719 -0.5
endloop
endfacet
facet normal 0 0 1
outer loop
vertex 77.21601104736328 41.71409606933594 -1
vertex 75.28227996826172 41.71440124511719 -1
vertex 77.26434326171875 41.413455963134766 -1
endloop
endfacet
facet normal 0.00015894571739325989 0.9999999873681293 0
outer loop
vertex 75.27902221679688 21.21440315246582 -0.5
vertex 76.77902221679688 21.21416473388672 -0.5
vertex 75.27902221679688 21.21440315246582 -1
endloop
endfacet
facet normal 0.00015926360881991875 0.9999999873170965 -9.536743043108907e-7
outer loop
vertex 75.27902221679688 21.21440315246582 -1
vertex 76.77902221679688 21.21416473388672 -0.5
vertex 77.27902221679688 21.21408462524414 -1
endloop
endfacet
facet normal 0 0 1
outer loop
vertex 77.27902221679688 21.21408462524414 -1
vertex 75.28227996826172 41.71440124511719 -1
vertex 75.27902221679688 21.21440315246582 -1
endloop
endfacet
facet normal 0.999999987373056 -0.00015891471838117442 0
outer loop
vertex 75.27902221679688 21.21440315246582 -0.5
vertex 75.27902221679688 21.21440315246582 -1
vertex 75.28227996826172 41.71440124511719 -1
endloop
endfacet
facet normal -0.00015781707226394682 -0.9999999875468858 0
outer loop
vertex 75.28227996826172 41.71440124511719 -1
vertex 77.21601104736328 41.71409606933594 -1
vertex 75.28227996826172 41.71440124511719 -0.5
endloop
endfacet
facet normal -0.00015768739213504942 -0.9999999875672173 5.015330035909459e-7
outer loop
vertex 75.28227996826172 41.71440124511719 -0.5
vertex 77.21601104736328 41.71409606933594 -1
vertex 76.70957946777344 41.714176177978516 -0.5
endloop
endfacet
facet normal 0 0 1
outer loop
vertex 75.28227996826172 41.71440124511719 -1
vertex 77.27902221679688 21.21408462524414 -1
vertex 77.28215789794922 40.96408462524414 -1
endloop
endfacet
facet normal -0.5005307938834272 -0.8657187328295634 -0.0000015495998226154884
outer loop
vertex -66.28265380859375 64.8265609741211 -1
vertex -64.64649200439453 63.880584716796875 -1
vertex -65.84516143798828 64.57361602783203 -0.5
endloop
endfacet
facet normal 0 0 1
outer loop
vertex -74.90733337402344 46.13332748413086 -1
vertex -66.75332641601562 64.23235321044922 -1
vertex -76.4386978149414 47.48043441772461 -1
endloop
endfacet
facet normal -0.500530309439592 -0.865719012920651 0
outer loop
vertex -64.64649200439453 63.880584716796875 -0.5
vertex -65.84516143798828 64.57361602783203 -0.5
vertex -64.64649200439453 63.880584716796875 -1
endloop
endfacet
facet normal -0.8657198599661128 0.5005288443838719 0
outer loop
vertex -74.90733337402344 46.13332748413086 -1
vertex -74.90733337402344 46.13332748413086 -0.5
vertex -64.64649200439453 63.880584716796875 -0.5
endloop
endfacet
facet normal -0.8657198599661128 0.5005288443838719 0
outer loop
vertex -74.90733337402344 46.13332748413086 -1
vertex -64.64649200439453 63.880584716796875 -0.5
vertex -64.64649200439453 63.880584716796875 -1
endloop
endfacet
facet normal 0 0 1
outer loop
vertex -74.90733337402344 46.13332748413086 -1
vertex -64.64649200439453 63.880584716796875 -1
vertex -66.75332641601562 64.23235321044922 -1
endloop
endfacet
facet normal 0 0 1
outer loop
vertex -66.75332641601562 64.23235321044922 -1
vertex -64.64649200439453 63.880584716796875 -1
vertex -66.28265380859375 64.8265609741211 -1
endloop
endfacet
facet normal 0 0 1
outer loop
vertex -76.4386978149414 47.48043441772461 -1
vertex -76.62483978271484 47.1263313293457 -1
vertex -74.90733337402344 46.13332748413086 -1
endloop
endfacet
facet normal 0.5005295652084418 0.8657194432102401 0
outer loop
vertex -74.90733337402344 46.13332748413086 -1
vertex -76.62483978271484 47.1263313293457 -1
vertex -74.90733337402344 46.13332748413086 -0.5
endloop
endfacet
facet normal 0.5005314366493883 0.8657183611614853 -0.000008577380786417784
outer loop
vertex -74.90733337402344 46.13332748413086 -0.5
vertex -76.62483978271484 47.1263313293457 -1
vertex -76.19528198242188 46.87797927856445 -0.5042179822921753
endloop
endfacet
facet normal 0 0 1
outer loop
vertex -65.1186294555664 -46.383445739746094 -1
vertex -67.1186294555664 -46.38352584838867 -1
vertex -65.11862182617188 -46.6179313659668 -1
endloop
endfacet
facet normal -0.00003703488154110996 0.9999999992809621 -0.000008154338977714396
outer loop
vertex -66.55985260009766 -66.88349914550781 -0.5
vertex -65.11781311035156 -66.8834457397461 -0.5
vertex -67.06777954101562 -66.8835220336914 -1
endloop
endfacet
facet normal -0.9999999992037552 -0.00003990601002039839 0
outer loop
vertex -65.11781311035156 -66.8834457397461 -1
vertex -65.11862182617188 -46.6179313659668 -0.5
vertex -65.11862182617188 -46.6179313659668 -1
endloop
endfacet
facet normal -0.000039125773682227776 0.9999999992345869 0
outer loop
vertex -65.11781311035156 -66.8834457397461 -1
vertex -67.06777954101562 -66.8835220336914 -1
vertex -65.11781311035156 -66.8834457397461 -0.5
endloop
endfacet
facet normal 0 0 1
outer loop
vertex -67.06777954101562 -66.8835220336914 -1
vertex -65.11781311035156 -66.8834457397461 -1
vertex -67.0741958618164 -66.84766387939453 -1
endloop
endfacet
facet normal 0 0 1
outer loop
vertex -67.1186294555664 -46.38352584838867 -1
vertex -67.0741958618164 -66.84766387939453 -1
vertex -65.11781311035156 -66.8834457397461 -1
endloop
endfacet
facet normal -0.9999999992037552 -0.00003990601002039839 0
outer loop
vertex -65.11781311035156 -66.8834457397461 -1
vertex -65.11781311035156 -66.8834457397461 -0.5
vertex -65.11862182617188 -46.6179313659668 -0.5
endloop
endfacet
facet normal 0 0 1
outer loop
vertex -65.11781311035156 -66.8834457397461 -1
vertex -65.11862182617188 -46.6179313659668 -1
vertex -67.1186294555664 -46.38352584838867 -1
endloop
endfacet
facet normal 0.9999999873730584 -0.00015891470359552742 0
outer loop
vertex 75.26881408691406 -43.06757736206055 -0.5
vertex 75.2720718383789 -22.567577362060547 -1
vertex 75.2720718383789 -22.567577362060547 -0.5
endloop
endfacet
facet normal -0.00015830993453965286 -0.9999999874689821 0
outer loop
vertex 75.2720718383789 -22.567577362060547 -1
vertex 77.2720718383789 -22.567893981933594 -1
vertex 75.2720718383789 -22.567577362060547 -0.5
endloop
endfacet
facet normal 0.00015767415168585385 0.9999999875694309 0
outer loop
vertex 75.26881408691406 -43.06757736206055 -0.5
vertex 76.76881408691406 -43.067813873291016 -0.5
vertex 75.26881408691406 -43.06757736206055 -1
endloop
endfacet
facet normal -0.00015894571739274592 -0.9999999873648956 -0.0000025431314782839347
outer loop
vertex 75.2720718383789 -22.567577362060547 -0.5
vertex 77.2720718383789 -22.567893981933594 -1
vertex 76.7720718383789 -22.56781578063965 -0.5
endloop
endfacet
facet normal 0.0001583099345393649 0.9999999874671631 -0.0000019073486089080107
outer loop
vertex 76.76881408691406 -43.067813873291016 -0.5
vertex 77.26881408691406 -43.067893981933594 -1
vertex 75.26881408691406 -43.06757736206055 -1
endloop
endfacet
facet normal 0 0 1
outer loop
vertex 75.26881408691406 -43.06757736206055 -1
vertex 77.26881408691406 -43.067893981933594 -1
vertex 75.2720718383789 -22.567577362060547 -1
endloop
endfacet
facet normal 0.9999999873730584 -0.00015891470359552742 0
outer loop
vertex 75.26881408691406 -43.06757736206055 -0.5
vertex 75.26881408691406 -43.06757736206055 -1
vertex 75.2720718383789 -22.567577362060547 -1
endloop
endfacet
facet normal 0 0 1
outer loop
vertex 77.26881408691406 -43.067893981933594 -1
vertex 77.2720718383789 -22.567893981933594 -1
vertex 75.2720718383789 -22.567577362060547 -1
endloop
endfacet
facet normal 0.00015894571739325989 0.9999999873681293 0
outer loop
vertex 75.272216796875 -21.64025115966797 -1
vertex 75.272216796875 -21.64025115966797 -0.5
vertex 76.772216796875 -21.64048957824707 -0.5
endloop
endfacet
facet normal -0.0001587867716798762 -0.9999999873933806 0
outer loop
vertex 75.27547454833984 -1.1402506828308105 -0.5
vertex 77.27547454833984 -1.1405682563781738 -1
vertex 76.77547454833984 -1.140488862991333 -0.5
endloop
endfacet
facet normal 0.9999999873730591 -0.00015891469989911614 0
outer loop
vertex 75.272216796875 -21.64025115966797 -0.5
vertex 75.272216796875 -21.64025115966797 -1
vertex 75.27547454833984 -1.1402506828308105 -1
endloop
endfacet
facet normal 0 0 1
outer loop
vertex 75.272216796875 -21.64025115966797 -1
vertex 77.272216796875 -21.640567779541016 -1
vertex 75.27547454833984 -1.1402506828308105 -1
endloop
endfacet
facet normal 0.0001583099345393649 0.9999999874671631 0.0000019073486089080107
outer loop
vertex 75.272216796875 -21.64025115966797 -1
vertex 76.772216796875 -21.64048957824707 -0.5
vertex 77.272216796875 -21.640567779541016 -1
endloop
endfacet
facet normal 0.9999999873730591 -0.00015891469989911614 0
outer loop
vertex 75.272216796875 -21.64025115966797 -0.5
vertex 75.27547454833984 -1.1402506828308105 -1
vertex 75.27547454833984 -1.1402506828308105 -0.5
endloop
endfacet
facet normal -0.00015878677167987618 -0.9999999873933804 0
outer loop
vertex 75.27547454833984 -1.1402506828308105 -1
vertex 77.27547454833984 -1.1405682563781738 -1
vertex 75.27547454833984 -1.1402506828308105 -0.5
endloop
endfacet
facet normal 0 0 1
outer loop
vertex 77.27561950683594 -0.21324174106121063 -1
vertex 77.27887725830078 20.286758422851562 -1
vertex 75.27887725830078 20.28707504272461 -1
endloop
endfacet
facet normal 0.00015882402458145158 0.9999999873874644 7.450580502953115e-9
outer loop
vertex 75.27561950683594 -0.21292409300804138 -1
vertex 76.77561950683594 -0.21316233277320862 -0.5
vertex 77.27561950683594 -0.21324174106121063 -1
endloop
endfacet
facet normal 0.9999999873730573 -0.00015891471029527338 0
outer loop
vertex 75.27561950683594 -0.21292409300804138 -0.5
vertex 75.27561950683594 -0.21292409300804138 -1
vertex 75.27887725830078 20.28707504272461 -1
endloop
endfacet
facet normal -0.00015830993453965286 -0.9999999874689821 0
outer loop
vertex 75.27887725830078 20.28707504272461 -1
vertex 77.27887725830078 20.286758422851562 -1
vertex 75.27887725830078 20.28707504272461 -0.5
endloop
endfacet
facet normal 0.00015882650810822323 0.9999999873870701 0
outer loop
vertex 75.27561950683594 -0.21292409300804138 -0.5
vertex 76.77561950683594 -0.21316233277320862 -0.5
vertex 75.27561950683594 -0.21292409300804138 -1
endloop
endfacet
facet normal 0 0 1
outer loop
vertex 75.27561950683594 -0.21292409300804138 -1
vertex 77.27561950683594 -0.21324174106121063 -1
vertex 75.27887725830078 20.28707504272461 -1
endloop
endfacet
facet normal -0.00015894571739274592 -0.9999999873648956 -0.0000025431314782839347
outer loop
vertex 75.27887725830078 20.28707504272461 -0.5
vertex 77.27887725830078 20.286758422851562 -1
vertex 76.77887725830078 20.286836624145508 -0.5
endloop
endfacet
facet normal 0.9999999873730573 -0.00015891471029527338 0
outer loop
vertex 75.27561950683594 -0.21292409300804138 -0.5
vertex 75.27887725830078 20.28707504272461 -1
vertex 75.27887725830078 20.28707504272461 -0.5
endloop
endfacet
facet normal 0 0 1
outer loop
vertex -65.12187194824219 34.67860794067383 -1
vertex -67.12104797363281 14.178529739379883 -1
vertex -65.12104797363281 14.178609848022461 -1
endloop
endfacet
facet normal 0 0 1
outer loop
vertex -65.12187194824219 34.67860794067383 -1
vertex -67.1816177368164 34.388973236083984 -1
vertex -67.12184143066406 33.928531646728516 -1
endloop
endfacet
facet normal 0 0 1
outer loop
vertex -65.12187194824219 34.67860794067383 -1
vertex -67.26526641845703 34.67552185058594 -1
vertex -67.1816177368164 34.388973236083984 -1
endloop
endfacet
facet normal -0.9999999991922257 -0.000040193887091374146 0
outer loop
vertex -65.12104797363281 14.178609848022461 -1
vertex -65.12104797363281 14.178609848022461 -0.5
vertex -65.12187194824219 34.67860794067383 -0.5
endloop
endfacet
facet normal 0.001439797972955728 -0.9999886346704803 0.004545053538280328
outer loop
vertex -66.74527740478516 34.67854309082031 -0.5
vertex -67.26526641845703 34.67552185058594 -1
vertex -65.12187194824219 34.67860794067383 -1
endloop
endfacet
facet normal 0.00003994680022942658 -0.9999999992021266 0
outer loop
vertex -65.12187194824219 34.67860794067383 -0.5
vertex -66.74527740478516 34.67854309082031 -0.5
vertex -65.12187194824219 34.67860794067383 -1
endloop
endfacet
facet normal 0 0 1
outer loop
vertex -67.12184143066406 33.928531646728516 -1
vertex -67.12104797363281 14.178529739379883 -1
vertex -65.12187194824219 34.67860794067383 -1
endloop
endfacet
facet normal -0.9999999991922257 -0.000040193887091374146 0
outer loop
vertex -65.12187194824219 34.67860794067383 -0.5
vertex -65.12187194824219 34.67860794067383 -1
vertex -65.12104797363281 14.178609848022461 -1
endloop
endfacet
facet normal 0 0 1
outer loop
vertex -67.12104797363281 14.178529739379883 -1
vertex -65.12024688720703 -5.852417469024658 -1
vertex -65.12104797363281 14.178609848022461 -1
endloop
endfacet
facet normal -0.999999999197783 -0.00003990601189809605 -0.0000034560213868712393
outer loop
vertex -65.12024688720703 -5.852417469024658 -1
vertex -65.1202392578125 -6.0869035720825195 -0.5
vertex -65.12104797363281 14.178609848022461 -0.5
endloop
endfacet
facet normal 0 0 1
outer loop
vertex -67.12024688720703 -5.852497577667236 -1
vertex -65.12024688720703 -5.852417469024658 -1
vertex -67.12104797363281 14.178529739379883 -1
endloop
endfacet
facet normal -0.999999999470683 -0.00003253665964728416 0
outer loop
vertex -65.1202392578125 -6.0869035720825195 -1
vertex -65.1202392578125 -6.0869035720825195 -0.5
vertex -65.12024688720703 -5.852417469024658 -1
endloop
endfacet
facet normal -0.9999999992003088 -0.000039992278601650904 0
outer loop
vertex -65.12024688720703 -5.852417469024658 -1
vertex -65.12104797363281 14.178609848022461 -0.5
vertex -65.12104797363281 14.178609848022461 -1
endloop
endfacet
facet normal 0 0 1
outer loop
vertex -65.12024688720703 -5.852417469024658 -1
vertex -67.12024688720703 -5.852497577667236 -1
vertex -65.1202392578125 -6.0869035720825195 -1
endloop
endfacet
facet normal -0.999999999203755 -0.00003990601189833437 0
outer loop
vertex -65.1202392578125 -6.0869035720825195 -1
vertex -65.11943054199219 -26.3524169921875 -1
vertex -65.1202392578125 -6.0869035720825195 -0.5
endloop
endfacet
facet normal 0 0 1
outer loop
vertex -65.1202392578125 -6.0869035720825195 -1
vertex -67.12024688720703 -5.852497577667236 -1
vertex -65.11943054199219 -26.3524169921875 -1
endloop
endfacet
facet normal -0.999999999203755 -0.00003990601189833437 0
outer loop
vertex -65.11943054199219 -26.3524169921875 -1
vertex -65.11943054199219 -26.3524169921875 -0.5
vertex -65.1202392578125 -6.0869035720825195 -0.5
endloop
endfacet
facet normal 0 0 1
outer loop
vertex -67.11943054199219 -26.352497100830078 -1
vertex -65.11943054199219 -26.3524169921875 -1
vertex -67.12024688720703 -5.852497577667236 -1
endloop
endfacet
facet normal -0.9999999994706806 -0.000032536725812057484 0
outer loop
vertex -65.11862182617188 -46.6179313659668 -1
vertex -65.11862182617188 -46.6179313659668 -0.5
vertex -65.1186294555664 -46.383445739746094 -1
endloop
endfacet
facet normal 0 0 1
outer loop
vertex -67.1186294555664 -46.38352584838867 -1
vertex -65.1186294555664 -46.383445739746094 -1
vertex -67.11943054199219 -26.352497100830078 -1
endloop
endfacet
facet normal -0.9999999991977833 -0.000039906010020160076 -0.0000034559824488346335
outer loop
vertex -65.1186294555664 -46.383445739746094 -1
vertex -65.11862182617188 -46.6179313659668 -0.5
vertex -65.11943054199219 -26.3524169921875 -0.5
endloop
endfacet
facet normal -0.9999999992003089 -0.000039992275745611206 0
outer loop
vertex -65.1186294555664 -46.383445739746094 -1
vertex -65.11943054199219 -26.3524169921875 -0.5
vertex -65.11943054199219 -26.3524169921875 -1
endloop
endfacet
facet normal 0 0 1
outer loop
vertex -67.11943054199219 -26.352497100830078 -1
vertex -65.1186294555664 -46.383445739746094 -1
vertex -65.11943054199219 -26.3524169921875 -1
endloop
endfacet
facet normal 0.9999999877069836 -0.0001563187204479161 0.000012267447860384071
outer loop
vertex 77.28215789794922 40.96408462524414 -9.2824125289917
vertex 77.27561950683594 -0.21324174106121063 -1
vertex 77.27547454833984 -1.1405682563781738 -1
endloop
endfacet
facet normal 0.7071067680912424 -0.00011053402656688116 0.7071067856425839
outer loop
vertex 77.27547454833984 -1.1405682563781738 -1
vertex 77.27561950683594 -0.21324174106121063 -1
vertex 76.77547454833984 -1.140488862991333 -0.5
endloop
endfacet
facet normal 0.9999999873726259 -0.00015891470729187027 -9.295677195526127e-7
outer loop
vertex 77.28215789794922 40.96408462524414 -9.2824125289917
vertex 77.27547454833984 -1.1405682563781738 -1
vertex 77.272216796875 -21.640567779541016 -1
endloop
endfacet
facet normal 0 0 1
outer loop
vertex 77.272216796875 -21.640567779541016 -1
vertex 77.27547454833984 -1.1405682563781738 -1
vertex 75.27547454833984 -1.1402506828308105 -1
endloop
endfacet
facet normal 0.9999999876075168 -0.0001563187731818096 0.000018692439080069402
outer loop
vertex 77.2720718383789 -22.567893981933594 -1
vertex 77.28215789794922 40.96408462524414 -9.2824125289917
vertex 77.272216796875 -21.640567779541016 -1
endloop
endfacet
facet normal 0.7071067682230033 -0.00011053406388696559 0.707106785510817
outer loop
vertex 77.272216796875 -21.640567779541016 -1
vertex 76.772216796875 -21.64048957824707 -0.5
vertex 77.2720718383789 -22.567893981933594 -1
endloop
endfacet
endsolid auto-kdk-case
