solid auto-kdk-case
facet normal 0 -1 0
outer loop
vertex -39.96784210205078 -20.85100746154785 5
vertex -35.41783905029297 -20.85100746154785 3.549999952316284
vertex -30.4178409576416 -20.85100746154785 3.549999952316284
endloop
endfacet
facet normal 0 1 0
outer loop
vertex -35.41783905029297 -34.95100784301758 3.549999952316284
vertex -39.96784210205078 -34.95100784301758 5
vertex -25.867841720581055 -34.95100784301758 5
endloop
endfacet
facet normal 1 0 0
outer loop
vertex -20.96784019470215 -42.226009368896484 0
vertex -20.96784019470215 -56.32600784301758 5
vertex -20.96784019470215 -56.32600784301758 0
endloop
endfacet
facet normal 0 1 0
outer loop
vertex 12.132159233093262 -58.70100784301758 0
vertex 7.582159042358398 -58.70100784301758 0
vertex 7.582159042358398 -58.70100784301758 3.549999952316284
endloop
endfacet
facet normal 0 1 0
outer loop
vertex -25.867841720581055 -34.95100784301758 5
vertex -30.4178409576416 -34.95100784301758 3.549999952316284
vertex -35.41783905029297 -34.95100784301758 3.549999952316284
endloop
endfacet
facet normal 0 -1 0
outer loop
vertex 55.03215789794922 38.523990631103516 5
vertex 59.58216094970703 38.523990631103516 3.549999952316284
vertex 64.58216094970703 38.523990631103516 3.549999952316284
endloop
endfacet
facet normal 1 0 0
outer loop
vertex -1.9678407907485962 -20.701007843017578 5
vertex -1.9678407907485962 -6.601008415222168 0
vertex -1.9678407907485962 -6.601008415222168 5
endloop
endfacet
facet normal 0 -1 0
outer loop
vertex 36.03215789794922 38.523990631103516 5
vertex 40.58216094970703 38.523990631103516 3.549999952316284
vertex 45.58216094970703 38.523990631103516 3.549999952316284
endloop
endfacet
facet normal -1 0 0
outer loop
vertex -6.867840766906738 -4.226008415222168 5
vertex -6.867840766906738 -18.326007843017578 0
vertex -6.867840766906738 -18.326007843017578 5
endloop
endfacet
facet normal 1 0 0
outer loop
vertex 55.03215789794922 24.423992156982422 5
vertex 55.03215789794922 38.523990631103516 0
vertex 55.03215789794922 38.523990631103516 5
endloop
endfacet
facet normal 0 -1 0
outer loop
vertex -1.9678407907485962 -6.601008415222168 0
vertex 2.5821592807769775 -6.601008415222168 3.549999952316284
vertex -1.9678407907485962 -6.601008415222168 5
endloop
endfacet
facet normal 0 -1 0
outer loop
vertex 55.03215789794922 38.523990631103516 0
vertex 59.58216094970703 38.523990631103516 3.549999952316284
vertex 55.03215789794922 38.523990631103516 5
endloop
endfacet
facet normal 0 -1 0
outer loop
vertex -11.417840957641602 -4.226008415222168 3.549999952316284
vertex -6.867840766906738 -4.226008415222168 0
vertex -6.867840766906738 -4.226008415222168 5
endloop
endfacet
facet normal 0 1 0
outer loop
vertex 69.13215637207031 24.423992156982422 5
vertex 59.58216094970703 24.423992156982422 3.549999952316284
vertex 55.03215789794922 24.423992156982422 5
endloop
endfacet
facet normal 0 1 0
outer loop
vertex -6.867840766906738 -18.326007843017578 0
vertex -11.417840957641602 -18.326007843017578 3.549999952316284
vertex -6.867840766906738 -18.326007843017578 5
endloop
endfacet
facet normal 0 1 0
outer loop
vertex 69.13215637207031 24.423992156982422 5
vertex 64.58216094970703 24.423992156982422 3.549999952316284
vertex 59.58216094970703 24.423992156982422 3.549999952316284
endloop
endfacet
facet normal 1 0 0
outer loop
vertex -1.9678407907485962 -39.70100784301758 5
vertex -1.9678407907485962 -25.60100746154785 0
vertex -1.9678407907485962 -25.60100746154785 5
endloop
endfacet
facet normal 0 -1 0
outer loop
vertex 55.03215789794922 0.5239918231964111 5
vertex 64.58216094970703 0.5239918231964111 3.549999952316284
vertex 69.13215637207031 0.5239918231964111 5
endloop
endfacet
facet normal -1 0 0
outer loop
vertex -6.867840766906738 -23.22600746154785 5
vertex -6.867840766906738 -37.32600784301758 0
vertex -6.867840766906738 -37.32600784301758 5
endloop
endfacet
facet normal 0 -1 0
outer loop
vertex 7.582159042358398 31.39899253845215 0
vertex 12.132159233093262 31.39899253845215 0
vertex 7.582159042358398 31.39899253845215 3.549999952316284
endloop
endfacet
facet normal 0 -1 0
outer loop
vertex -16.4178409576416 -23.22600746154785 0
vertex -16.4178409576416 -23.22600746154785 3.549999952316284
vertex -20.96784019470215 -23.22600746154785 0
endloop
endfacet
facet normal 1 0 0
outer loop
vertex 17.03215980529785 0.6739917993545532 5
vertex 17.03215980529785 14.773991584777832 0
vertex 17.03215980529785 14.773991584777832 5
endloop
endfacet
facet normal 0 1 0
outer loop
vertex 50.13216018676758 -51.57600784301758 5
vertex 45.58216094970703 -51.57600784301758 3.549999952316284
vertex 40.58216094970703 -51.57600784301758 3.549999952316284
endloop
endfacet
facet normal 0 -1 0
outer loop
vertex 17.03215980529785 -23.22600746154785 5
vertex 26.5821590423584 -23.22600746154785 3.549999952316284
vertex 31.132158279418945 -23.22600746154785 5
endloop
endfacet
facet normal 0 -1 0
outer loop
vertex -20.96784019470215 -4.226008415222168 5
vertex -16.4178409576416 -4.226008415222168 3.549999952316284
vertex -11.417840957641602 -4.226008415222168 3.549999952316284
endloop
endfacet
facet normal 1 0 0
outer loop
vertex -20.96784019470215 -18.326007843017578 5
vertex -20.96784019470215 -4.226008415222168 0
vertex -20.96784019470215 -4.226008415222168 5
endloop
endfacet
facet normal -1 0 0
outer loop
vertex -44.86783981323242 -35.91683578491211 0
vertex -44.86783981323242 -46.82600784301758 0
vertex -44.86783981323242 -32.726009368896484 5
endloop
endfacet
facet normal 1 0 0
outer loop
vertex -1.9678407907485962 -58.70100784301758 5
vertex -1.9678407907485962 -44.601009368896484 0
vertex -1.9678407907485962 -44.601009368896484 5
endloop
endfacet
facet normal -1 0 0
outer loop
vertex -25.867841720581055 17.14899253845215 0
vertex -25.867841720581055 3.0489919185638428 0
vertex -25.867841720581055 17.14899253845215 5
endloop
endfacet
facet normal 0 1 0
outer loop
vertex -16.4178409576416 -56.32600784301758 3.549999952316284
vertex -20.96784019470215 -56.32600784301758 0
vertex -20.96784019470215 -56.32600784301758 5
endloop
endfacet
facet normal 0 1 0
outer loop
vertex 59.58216094970703 -32.57600784301758 0
vertex 55.03215789794922 -32.57600784301758 0
vertex 59.58216094970703 -32.57600784301758 3.549999952316284
endloop
endfacet
facet normal 0 1 0
outer loop
vertex -44.86783981323242 10.173992156982422 0
vertex -49.41783905029297 10.173992156982422 0
vertex -49.41783905029297 10.173992156982422 3.549999952316284
endloop
endfacet
facet normal 0 1 0
outer loop
vertex 31.132158279418945 -37.32600784301758 0
vertex 26.5821590423584 -37.32600784301758 3.549999952316284
vertex 31.132158279418945 -37.32600784301758 5
endloop
endfacet
facet normal 0 -1 0
outer loop
vertex 2.5821592807769775 -44.601009368896484 3.549999952316284
vertex -1.9678407907485962 -44.601009368896484 0
vertex 2.5821592807769775 -44.601009368896484 0
endloop
endfacet
facet normal 0 -1 0
outer loop
vertex 31.132158279418945 -23.22600746154785 0
vertex 26.5821590423584 -23.22600746154785 3.549999952316284
vertex 26.5821590423584 -23.22600746154785 0
endloop
endfacet
facet normal 0 -1 0
outer loop
vertex -58.96784210205078 5.273991584777832 5
vertex -54.41783905029297 5.273991584777832 3.549999952316284
vertex -49.41783905029297 5.273991584777832 3.549999952316284
endloop
endfacet
facet normal 1 0 0
outer loop
vertex 17.03215980529785 14.773991584777832 0
vertex 17.03215980529785 0.6739917993545532 5
vertex 17.03215980529785 0.6739917993545532 0
endloop
endfacet
facet normal 0 -1 0
outer loop
vertex 36.03215789794922 19.52399253845215 5
vertex 45.58216094970703 19.52399253845215 3.549999952316284
vertex 50.13216018676758 19.52399253845215 5
endloop
endfacet
facet normal 0 -1 0
outer loop
vertex -39.96784210205078 -39.851009368896484 5
vertex -35.41783905029297 -39.851009368896484 3.549999952316284
vertex -30.4178409576416 -39.851009368896484 3.549999952316284
endloop
endfacet
facet normal 1 0 0
outer loop
vertex 55.03215789794922 5.423991680145264 0
vertex 55.03215789794922 19.52399253845215 0
vertex 55.03215789794922 5.423991680145264 5
endloop
endfacet
facet normal 0 -1 0
outer loop
vertex 55.03215789794922 -18.47600746154785 5
vertex 55.03215789794922 -18.47600746154785 0
vertex 59.58216094970703 -18.47600746154785 3.549999952316284
endloop
endfacet
facet normal 0 1 0
outer loop
vertex -6.867840766906738 -18.326007843017578 5
vertex -16.4178409576416 -18.326007843017578 3.549999952316284
vertex -20.96784019470215 -18.326007843017578 5
endloop
endfacet
facet normal 0 1 0
outer loop
vertex -16.4178409576416 0.6739917993545532 0
vertex -20.96784019470215 0.6739917993545532 0
vertex -16.4178409576416 0.6739917993545532 3.549999952316284
endloop
endfacet
facet normal 0 -1 0
outer loop
vertex -39.96784210205078 17.14899253845215 0
vertex -35.41783905029297 17.14899253845215 0
vertex -35.41783905029297 17.14899253845215 3.549999952316284
endloop
endfacet
facet normal 0 -1 0
outer loop
vertex 40.58216094970703 -37.476009368896484 0
vertex 40.58216094970703 -37.476009368896484 3.549999952316284
vertex 36.03215789794922 -37.476009368896484 0
endloop
endfacet
facet normal -1 0 0
outer loop
vertex -44.86783981323242 -8.826007843017578 5
vertex -44.86783981323242 5.273991584777832 5
vertex -44.86783981323242 -8.826007843017578 0
endloop
endfacet
facet normal 0 1 0
outer loop
vertex 2.5821592807769775 -1.7010082006454468 3.549999952316284
vertex -1.9678407907485962 -1.7010082006454468 5
vertex 12.132159233093262 -1.7010082006454468 5
endloop
endfacet
facet normal 1 0 0
outer loop
vertex 55.03215789794922 -13.576007843017578 0
vertex 55.03215789794922 0.5239918231964111 0
vertex 55.03215789794922 -13.576007843017578 5
endloop
endfacet
facet normal 1 0 0
outer loop
vertex 36.03215789794922 5.423991680145264 5
vertex 36.03215789794922 19.52399253845215 0
vertex 36.03215789794922 19.52399253845215 5
endloop
endfacet
facet normal -1 0 0
outer loop
vertex -44.86783981323242 -32.726009368896484 5
vertex -44.86783981323242 -46.82600784301758 0
vertex -44.86783981323242 -46.82600784301758 5
endloop
endfacet
facet normal 0 -1 0
outer loop
vertex -39.96784210205078 -39.851009368896484 0
vertex -35.41783905029297 -39.851009368896484 3.549999952316284
vertex -39.96784210205078 -39.851009368896484 5
endloop
endfacet
facet normal 1 0 0
outer loop
vertex -20.96784019470215 -23.22600746154785 0
vertex -20.96784019470215 -37.32600784301758 5
vertex -20.96784019470215 -37.32600784301758 0
endloop
endfacet
facet normal 0 -1 0
outer loop
vertex 36.03215789794922 -37.476009368896484 0
vertex 40.58216094970703 -37.476009368896484 3.549999952316284
vertex 36.03215789794922 -37.476009368896484 5
endloop
endfacet
facet normal 1 0 0
outer loop
vertex 17.03215980529785 -18.326007843017578 5
vertex 17.03215980529785 -4.226008415222168 0
vertex 17.03215980529785 -4.226008415222168 5
endloop
endfacet
facet normal 0 -1 0
outer loop
vertex 26.5821590423584 14.773991584777832 3.549999952316284
vertex 31.132158279418945 14.773991584777832 0
vertex 31.132158279418945 14.773991584777832 5
endloop
endfacet
facet normal -1 0 0
outer loop
vertex -25.867841720581055 -39.851009368896484 0
vertex -25.867841720581055 -53.95100784301758 0
vertex -25.867841720581055 -39.851009368896484 5
endloop
endfacet
facet normal 0 -1 0
outer loop
vertex 45.58216094970703 0.5239918231964111 3.549999952316284
vertex 50.13216018676758 0.5239918231964111 0
vertex 50.13216018676758 0.5239918231964111 5
endloop
endfacet
facet normal -1 0 0
outer loop
vertex 12.132159233093262 31.39899253845215 0
vertex 12.132159233093262 17.298992156982422 0
vertex 12.132159233093262 31.39899253845215 5
endloop
endfacet
facet normal 0 -1 0
outer loop
vertex -49.41783905029297 24.27399253845215 3.549999952316284
vertex -44.86783981323242 24.27399253845215 0
vertex -44.86783981323242 24.27399253845215 5
endloop
endfacet
facet normal 0 1 0
outer loop
vertex 21.5821590423584 19.673992156982422 0
vertex 17.03215980529785 19.673992156982422 0
vertex 21.5821590423584 19.673992156982422 3.549999952316284
endloop
endfacet
facet normal 0 1 0
outer loop
vertex 40.58216094970703 5.423991680145264 3.549999952316284
vertex 36.03215789794922 5.423991680145264 0
vertex 36.03215789794922 5.423991680145264 5
endloop
endfacet
facet normal 0 -1 0
outer loop
vertex 7.582159042358398 12.398991584777832 0
vertex 12.132159233093262 12.398991584777832 0
vertex 7.582159042358398 12.398991584777832 3.549999952316284
endloop
endfacet
facet normal 0 1 0
outer loop
vertex -25.867841720581055 -53.95100784301758 0
vertex -30.4178409576416 -53.95100784301758 0
vertex -30.4178409576416 -53.95100784301758 3.549999952316284
endloop
endfacet
facet normal 0 -1 0
outer loop
vertex 45.58216094970703 -18.47600746154785 3.549999952316284
vertex 50.13216018676758 -18.47600746154785 5
vertex 36.03215789794922 -18.47600746154785 5
endloop
endfacet
facet normal 0 -1 0
outer loop
vertex -39.96784210205078 -1.8510081768035889 5
vertex -30.4178409576416 -1.8510081768035889 3.549999952316284
vertex -25.867841720581055 -1.8510081768035889 5
endloop
endfacet
facet normal 0 1 0
outer loop
vertex 69.13215637207031 -32.57600784301758 0
vertex 64.58216094970703 -32.57600784301758 3.549999952316284
vertex 69.13215637207031 -32.57600784301758 5
endloop
endfacet
facet normal -0.37460658098822186 -0.9271838595879002 0
outer loop
vertex -31.09297752380371 42.49466323852539 0
vertex -35.31166458129883 44.19912338256836 3.549999952316284
vertex -35.31166458129883 44.19912338256836 0
endloop
endfacet
facet normal 0 1 0
outer loop
vertex 50.13216018676758 -32.57600784301758 0
vertex 45.58216094970703 -32.57600784301758 3.549999952316284
vertex 50.13216018676758 -32.57600784301758 5
endloop
endfacet
facet normal 0 1 0
outer loop
vertex 12.132159233093262 -58.70100784301758 5
vertex 7.582159042358398 -58.70100784301758 3.549999952316284
vertex 2.5821592807769775 -58.70100784301758 3.549999952316284
endloop
endfacet
facet normal 1 0 0
outer loop
vertex 55.03215789794922 -51.57600784301758 5
vertex 55.03215789794922 -37.476009368896484 0
vertex 55.03215789794922 -37.476009368896484 5
endloop
endfacet
facet normal 0 1 0
outer loop
vertex 31.132158279418945 19.673992156982422 5
vertex 21.5821590423584 19.673992156982422 3.549999952316284
vertex 17.03215980529785 19.673992156982422 5
endloop
endfacet
facet normal 0.2588192422726816 0.9659257734574614 0
outer loop
vertex -25.282329559326172 25.311262130737305 0
vertex -29.677291870117188 26.488889694213867 0
vertex -25.282329559326172 25.311262130737305 3.549999952316284
endloop
endfacet
facet normal 0 -1 0
outer loop
vertex 69.13215637207031 38.523990631103516 0
vertex 64.58216094970703 38.523990631103516 3.549999952316284
vertex 64.58216094970703 38.523990631103516 0
endloop
endfacet
facet normal 0 1 0
outer loop
vertex 40.58216094970703 -51.57600784301758 0
vertex 36.03215789794922 -51.57600784301758 0
vertex 40.58216094970703 -51.57600784301758 3.549999952316284
endloop
endfacet
facet normal 0 -1 0
outer loop
vertex 59.58216094970703 38.523990631103516 0
vertex 59.58216094970703 38.523990631103516 3.549999952316284
vertex 55.03215789794922 38.523990631103516 0
endloop
endfacet
facet normal 0 1 0
outer loop
vertex 69.13215637207031 -51.57600784301758 0
vertex 64.58216094970703 -51.57600784301758 0
vertex 64.58216094970703 -51.57600784301758 3.549999952316284
endloop
endfacet
facet normal 0.4999999396255752 0.8660254386413025 -7.487731991500754e-7
outer loop
vertex -59.890018463134766 40.74351119995117 3.549999952316284
vertex -64.22014617919922 43.24351119995117 3.549999952316284
vertex -55.94960403442383 38.46851348876953 5
endloop
endfacet
facet normal 0 -1 0
outer loop
vertex 31.132158279418945 -42.226009368896484 0
vertex 26.5821590423584 -42.226009368896484 3.549999952316284
vertex 26.5821590423584 -42.226009368896484 0
endloop
endfacet
facet normal 0 -1 0
outer loop
vertex -39.96784210205078 -20.85100746154785 0
vertex -35.41783905029297 -20.85100746154785 3.549999952316284
vertex -39.96784210205078 -20.85100746154785 5
endloop
endfacet
facet normal 0 1 0
outer loop
vertex -6.867840766906738 -18.326007843017578 5
vertex -11.417840957641602 -18.326007843017578 3.549999952316284
vertex -16.4178409576416 -18.326007843017578 3.549999952316284
endloop
endfacet
facet normal 0 1 0
outer loop
vertex -44.86783981323242 -46.82600784301758 5
vertex -54.41783905029297 -46.82600784301758 3.549999952316284
vertex -58.96784210205078 -46.82600784301758 5
endloop
endfacet
facet normal 1 0 0
outer loop
vertex -39.96784210205078 3.0489919185638428 0
vertex -39.96784210205078 12.152263641357422 0
vertex -39.96784210205078 3.0489919185638428 5
endloop
endfacet
facet normal -1 0 0
outer loop
vertex 12.132159233093262 -44.601009368896484 5
vertex 12.132159233093262 -58.70100784301758 0
vertex 12.132159233093262 -58.70100784301758 5
endloop
endfacet
facet normal 0 -1 0
outer loop
vertex 36.03215789794922 38.523990631103516 0
vertex 40.58216094970703 38.523990631103516 0
vertex 40.58216094970703 38.523990631103516 3.549999952316284
endloop
endfacet
facet normal 0 1 0
outer loop
vertex 12.132159233093262 -39.70100784301758 0
vertex 7.582159042358398 -39.70100784301758 3.549999952316284
vertex 12.132159233093262 -39.70100784301758 5
endloop
endfacet
facet normal -1 0 0
outer loop
vertex -44.86783981323242 -32.726009368896484 0
vertex -44.86783981323242 -35.91683578491211 0
vertex -44.86783981323242 -32.726009368896484 5
endloop
endfacet
facet normal 0 1 0
outer loop
vertex -54.41783905029297 -46.82600784301758 3.549999952316284
vertex -58.96784210205078 -46.82600784301758 0
vertex -58.96784210205078 -46.82600784301758 5
endloop
endfacet
facet normal 0 1 0
outer loop
vertex 31.132158279418945 -18.326007843017578 5
vertex 26.5821590423584 -18.326007843017578 3.549999952316284
vertex 21.5821590423584 -18.326007843017578 3.549999952316284
endloop
endfacet
facet normal -1 0 0
outer loop
vertex -6.867840766906738 -4.226008415222168 0
vertex -6.867840766906738 -18.326007843017578 0
vertex -6.867840766906738 -4.226008415222168 5
endloop
endfacet
facet normal 0 -1 0
outer loop
vertex -58.96784210205078 24.27399253845215 5
vertex -49.41783905029297 24.27399253845215 3.549999952316284
vertex -44.86783981323242 24.27399253845215 5
endloop
endfacet
facet normal 0 1 0
outer loop
vertex 12.132159233093262 -39.70100784301758 5
vertex 7.582159042358398 -39.70100784301758 3.549999952316284
vertex 2.5821592807769775 -39.70100784301758 3.549999952316284
endloop
endfacet
facet normal -1 0 0
outer loop
vertex 50.13216018676758 19.52399253845215 5
vertex 50.13216018676758 5.423991680145264 0
vertex 50.13216018676758 5.423991680145264 5
endloop
endfacet
facet normal -1 0 0
outer loop
vertex 12.132159233093262 -25.60100746154785 5
vertex 12.132159233093262 -39.70100784301758 0
vertex 12.132159233093262 -39.70100784301758 5
endloop
endfacet
facet normal 0 -1 0
outer loop
vertex 7.582159042358398 -6.601008415222168 0
vertex 12.132159233093262 -6.601008415222168 0
vertex 7.582159042358398 -6.601008415222168 3.549999952316284
endloop
endfacet
facet normal 0 1 0
outer loop
vertex -25.867841720581055 -34.95100784301758 0
vertex -30.4178409576416 -34.95100784301758 0
vertex -30.4178409576416 -34.95100784301758 3.549999952316284
endloop
endfacet
facet normal -0.3746065809882218 -0.9271838595879001 0
outer loop
vertex -35.31166458129883 44.19912338256836 3.549999952316284
vertex -31.09297752380371 42.49466323852539 0
vertex -31.09297752380371 42.49466323852539 5
endloop
endfacet
facet normal -1 0 0
outer loop
vertex 31.132158279418945 -4.226008415222168 5
vertex 31.132158279418945 -18.326007843017578 0
vertex 31.132158279418945 -18.326007843017578 5
endloop
endfacet
facet normal 0.25881879407779607 0.9659258935498081 0.0000014560162882797783
outer loop
vertex -20.452699661254883 24.017168045043945 3.549999952316284
vertex -25.282329559326172 25.311262130737305 3.549999952316284
vertex -16.057737350463867 22.839540481567383 5
endloop
endfacet
facet normal 1 0 0
outer loop
vertex 36.03215789794922 24.423992156982422 0
vertex 36.03215789794922 38.523990631103516 0
vertex 36.03215789794922 24.423992156982422 5
endloop
endfacet
facet normal 0 1 0
outer loop
vertex 40.58216094970703 -51.57600784301758 3.549999952316284
vertex 36.03215789794922 -51.57600784301758 0
vertex 36.03215789794922 -51.57600784301758 5
endloop
endfacet
facet normal 0 -1 0
outer loop
vertex -20.96784019470215 -4.226008415222168 0
vertex -16.4178409576416 -4.226008415222168 3.549999952316284
vertex -20.96784019470215 -4.226008415222168 5
endloop
endfacet
facet normal 0 -1 0
outer loop
vertex 7.582159042358398 -44.601009368896484 0
vertex 12.132159233093262 -44.601009368896484 0
vertex 7.582159042358398 -44.601009368896484 3.549999952316284
endloop
endfacet
facet normal 0 -1 0
outer loop
vertex -30.4178409576416 -20.85100746154785 3.549999952316284
vertex -25.867841720581055 -20.85100746154785 0
vertex -25.867841720581055 -20.85100746154785 5
endloop
endfacet
facet normal 0 -1 0
outer loop
vertex 7.582159042358398 31.39899253845215 3.549999952316284
vertex 12.132159233093262 31.39899253845215 0
vertex 12.132159233093262 31.39899253845215 5
endloop
endfacet
facet normal 0 -1 0
outer loop
vertex -20.96784019470215 -42.226009368896484 5
vertex -11.417840957641602 -42.226009368896484 3.549999952316284
vertex -6.867840766906738 -42.226009368896484 5
endloop
endfacet
facet normal 0 -1 0
outer loop
vertex 17.03215980529785 14.773991584777832 5
vertex 17.03215980529785 14.773991584777832 0
vertex 21.5821590423584 14.773991584777832 3.549999952316284
endloop
endfacet
facet normal 0 -1 0
outer loop
vertex 31.132158279418945 -4.226008415222168 0
vertex 26.5821590423584 -4.226008415222168 3.549999952316284
vertex 26.5821590423584 -4.226008415222168 0
endloop
endfacet
facet normal 1 0 0
outer loop
vertex 17.03215980529785 -56.32600784301758 5
vertex 17.03215980529785 -42.226009368896484 0
vertex 17.03215980529785 -42.226009368896484 5
endloop
endfacet
facet normal -1 0 0
outer loop
vertex 50.13216018676758 19.52399253845215 0
vertex 50.13216018676758 5.423991680145264 0
vertex 50.13216018676758 19.52399253845215 5
endloop
endfacet
facet normal 1 0 0
outer loop
vertex -58.96784210205078 10.173992156982422 5
vertex -58.96784210205078 24.27399253845215 0
vertex -58.96784210205078 24.27399253845215 5
endloop
endfacet
facet normal 0 -1 0
outer loop
vertex 2.5821592807769775 12.398991584777832 3.549999952316284
vertex -1.9678407907485962 12.398991584777832 0
vertex 2.5821592807769775 12.398991584777832 0
endloop
endfacet
facet normal 0 1 0
outer loop
vertex -1.9678407907485962 -1.7010082006454468 0
vertex -1.9678407907485962 -1.7010082006454468 5
vertex 2.5821592807769775 -1.7010082006454468 3.549999952316284
endloop
endfacet
facet normal 0 1 0
outer loop
vertex 69.13215637207031 -13.576007843017578 5
vertex 64.58216094970703 -13.576007843017578 3.549999952316284
vertex 59.58216094970703 -13.576007843017578 3.549999952316284
endloop
endfacet
facet normal 0 -1 0
outer loop
vertex 7.582159042358398 12.398991584777832 3.549999952316284
vertex 12.132159233093262 12.398991584777832 0
vertex 12.132159233093262 12.398991584777832 5
endloop
endfacet
facet normal 0 1 0
outer loop
vertex 40.58216094970703 -32.57600784301758 3.549999952316284
vertex 36.03215789794922 -32.57600784301758 5
vertex 50.13216018676758 -32.57600784301758 5
endloop
endfacet
facet normal 0 -1 0
outer loop
vertex 36.03215789794922 0.5239918231964111 5
vertex 45.58216094970703 0.5239918231964111 3.549999952316284
vertex 50.13216018676758 0.5239918231964111 5
endloop
endfacet
facet normal 0 -1 0
outer loop
vertex 64.58216094970703 -18.47600746154785 3.549999952316284
vertex 69.13215637207031 -18.47600746154785 0
vertex 69.13215637207031 -18.47600746154785 5
endloop
endfacet
facet normal -0.25881918987296754 -0.9659257874979323 0
outer loop
vertex -16.80335235595703 37.636722564697266 0
vertex -12.4083890914917 36.4590950012207 0
vertex -16.80335235595703 37.636722564697266 3.549999952316284
endloop
endfacet
facet normal 0 1 0
outer loop
vertex -6.867840766906738 -37.32600784301758 0
vertex -11.417840957641602 -37.32600784301758 3.549999952316284
vertex -6.867840766906738 -37.32600784301758 5
endloop
endfacet
facet normal 0 1 0
outer loop
vertex -54.41783905029297 -27.826007843017578 0
vertex -58.96784210205078 -27.826007843017578 0
vertex -54.41783905029297 -27.826007843017578 3.549999952316284
endloop
endfacet
facet normal -1 0 0
outer loop
vertex 50.13216018676758 -18.47600746154785 5
vertex 50.13216018676758 -32.57600784301758 0
vertex 50.13216018676758 -32.57600784301758 5
endloop
endfacet
facet normal -1 0 0
outer loop
vertex -6.867840766906738 14.773991584777832 0
vertex -6.867840766906738 0.6739917993545532 0
vertex -6.867840766906738 14.773991584777832 5
endloop
endfacet
facet normal 0 1 0
outer loop
vertex 69.13215637207031 -51.57600784301758 5
vertex 64.58216094970703 -51.57600784301758 3.549999952316284
vertex 59.58216094970703 -51.57600784301758 3.549999952316284
endloop
endfacet
facet normal -1 0 0
outer loop
vertex -25.867841720581055 -1.8510081768035889 0
vertex -25.867841720581055 -15.951007843017578 0
vertex -25.867841720581055 -1.8510081768035889 5
endloop
endfacet
facet normal 0 1 0
outer loop
vertex 59.58216094970703 5.423991680145264 0
vertex 55.03215789794922 5.423991680145264 0
vertex 59.58216094970703 5.423991680145264 3.549999952316284
endloop
endfacet
facet normal 0 -1 0
outer loop
vertex 59.58216094970703 0.5239918231964111 0
vertex 59.58216094970703 0.5239918231964111 3.549999952316284
vertex 55.03215789794922 0.5239918231964111 0
endloop
endfacet
facet normal 0 -1 0
outer loop
vertex -16.4178409576416 14.773991584777832 0
vertex -16.4178409576416 14.773991584777832 3.549999952316284
vertex -20.96784019470215 14.773991584777832 0
endloop
endfacet
facet normal 0 -1 0
outer loop
vertex 55.03215789794922 19.52399253845215 5
vertex 64.58216094970703 19.52399253845215 3.549999952316284
vertex 69.13215637207031 19.52399253845215 5
endloop
endfacet
facet normal 0 1 0
outer loop
vertex -6.867840766906738 -56.32600784301758 0
vertex -11.417840957641602 -56.32600784301758 3.549999952316284
vertex -6.867840766906738 -56.32600784301758 5
endloop
endfacet
facet normal 0 -1 0
outer loop
vertex -30.4178409576416 -1.8510081768035889 3.549999952316284
vertex -25.867841720581055 -1.8510081768035889 0
vertex -25.867841720581055 -1.8510081768035889 5
endloop
endfacet
facet normal 0 1 0
outer loop
vertex -25.867841720581055 -53.95100784301758 0
vertex -30.4178409576416 -53.95100784301758 3.549999952316284
vertex -25.867841720581055 -53.95100784301758 5
endloop
endfacet
facet normal 0 1 0
outer loop
vertex -6.867840766906738 0.6739917993545532 5
vertex -16.4178409576416 0.6739917993545532 3.549999952316284
vertex -20.96784019470215 0.6739917993545532 5
endloop
endfacet
facet normal 0 -1 0
outer loop
vertex -58.96784210205078 -13.726008415222168 5
vertex -49.41783905029297 -13.726008415222168 3.549999952316284
vertex -44.86783981323242 -13.726008415222168 5
endloop
endfacet
facet normal 0 1 0
outer loop
vertex -35.41783905029297 3.0489919185638428 0
vertex -39.96784210205078 3.0489919185638428 0
vertex -35.41783905029297 3.0489919185638428 3.549999952316284
endloop
endfacet
facet normal 0 -1 0
outer loop
vertex -58.96784210205078 -32.726009368896484 5
vertex -49.41783905029297 -32.726009368896484 3.549999952316284
vertex -44.86783981323242 -32.726009368896484 5
endloop
endfacet
facet normal -1 0 0
outer loop
vertex -6.867840766906738 -23.22600746154785 0
vertex -6.867840766906738 -37.32600784301758 0
vertex -6.867840766906738 -23.22600746154785 5
endloop
endfacet
facet normal 0 -1 0
outer loop
vertex 45.58216094970703 38.523990631103516 0
vertex 50.13216018676758 38.523990631103516 0
vertex 45.58216094970703 38.523990631103516 3.549999952316284
endloop
endfacet
facet normal 0 1 0
outer loop
vertex 31.132158279418945 -56.32600784301758 0
vertex 26.5821590423584 -56.32600784301758 0
vertex 26.5821590423584 -56.32600784301758 3.549999952316284
endloop
endfacet
facet normal 0 -1 0
outer loop
vertex 64.58216094970703 -37.476009368896484 0
vertex 69.13215637207031 -37.476009368896484 0
vertex 64.58216094970703 -37.476009368896484 3.549999952316284
endloop
endfacet
facet normal -1 0 0
outer loop
vertex 69.13215637207031 -37.476009368896484 0
vertex 69.13215637207031 -51.57600784301758 0
vertex 69.13215637207031 -37.476009368896484 5
endloop
endfacet
facet normal 0 -1 0
outer loop
vertex 17.03215980529785 -23.22600746154785 0
vertex 21.5821590423584 -23.22600746154785 3.549999952316284
vertex 17.03215980529785 -23.22600746154785 5
endloop
endfacet
facet normal 0 1 0
outer loop
vertex 50.13216018676758 -32.57600784301758 0
vertex 45.58216094970703 -32.57600784301758 0
vertex 45.58216094970703 -32.57600784301758 3.549999952316284
endloop
endfacet
facet normal 0 1 0
outer loop
vertex 12.132159233093262 17.298992156982422 5
vertex 7.582159042358398 17.298992156982422 3.549999952316284
vertex 2.5821592807769775 17.298992156982422 3.549999952316284
endloop
endfacet
facet normal 1 0 0
outer loop
vertex -39.96784210205078 -34.95100784301758 5
vertex -39.96784210205078 -20.85100746154785 0
vertex -39.96784210205078 -20.85100746154785 5
endloop
endfacet
facet normal -0.5000003617709581 -0.8660251949157779 0
outer loop
vertex -52.84001922607422 52.954471588134766 0
vertex -48.89960479736328 50.67947006225586 0
vertex -52.84001922607422 52.954471588134766 3.549999952316284
endloop
endfacet
facet normal 1 0 0
outer loop
vertex -58.96784210205078 -27.826007843017578 5
vertex -58.96784210205078 -13.726008415222168 0
vertex -58.96784210205078 -13.726008415222168 5
endloop
endfacet
facet normal 0 -1 0
outer loop
vertex -11.417840957641602 -4.226008415222168 0
vertex -6.867840766906738 -4.226008415222168 0
vertex -11.417840957641602 -4.226008415222168 3.549999952316284
endloop
endfacet
facet normal 0 1 0
outer loop
vertex 69.13215637207031 -32.57600784301758 0
vertex 64.58216094970703 -32.57600784301758 0
vertex 64.58216094970703 -32.57600784301758 3.549999952316284
endloop
endfacet
facet normal 0.5000003617709581 0.8660251949157779 0
outer loop
vertex -64.22014617919922 43.24351119995117 0
vertex -68.16056060791016 45.51851272583008 0
vertex -64.22014617919922 43.24351119995117 3.549999952316284
endloop
endfacet
facet normal -1 0 0
outer loop
vertex 50.13216018676758 -18.47600746154785 0
vertex 50.13216018676758 -32.57600784301758 0
vertex 50.13216018676758 -18.47600746154785 5
endloop
endfacet
facet normal 0 1 0
outer loop
vertex 12.132159233093262 -1.7010082006454468 5
vertex 7.582159042358398 -1.7010082006454468 3.549999952316284
vertex 2.5821592807769775 -1.7010082006454468 3.549999952316284
endloop
endfacet
facet normal 0 1 0
outer loop
vertex 12.132159233093262 -58.70100784301758 0
vertex 7.582159042358398 -58.70100784301758 3.549999952316284
vertex 12.132159233093262 -58.70100784301758 5
endloop
endfacet
facet normal 0.3746067265877794 0.9271838007618494 0
outer loop
vertex -36.37493133544922 29.421369552612305 0
vertex -40.5936164855957 31.125829696655273 0
vertex -40.5936164855957 31.125829696655273 3.549999952316284
endloop
endfacet
facet normal 0 -1 0
outer loop
vertex 17.03215980529785 -4.226008415222168 5
vertex 26.5821590423584 -4.226008415222168 3.549999952316284
vertex 31.132158279418945 -4.226008415222168 5
endloop
endfacet
facet normal 0 1 0
outer loop
vertex 69.13215637207031 -13.576007843017578 0
vertex 64.58216094970703 -13.576007843017578 0
vertex 64.58216094970703 -13.576007843017578 3.549999952316284
endloop
endfacet
facet normal 0 -1 0
outer loop
vertex -1.9678407907485962 -25.60100746154785 5
vertex 7.582159042358398 -25.60100746154785 3.549999952316284
vertex 12.132159233093262 -25.60100746154785 5
endloop
endfacet
facet normal 0 -1 0
outer loop
vertex 2.5821592807769775 -6.601008415222168 3.549999952316284
vertex -1.9678407907485962 -6.601008415222168 0
vertex 2.5821592807769775 -6.601008415222168 0
endloop
endfacet
facet normal 0 -1 0
outer loop
vertex -11.417840957641602 -42.226009368896484 0
vertex -6.867840766906738 -42.226009368896484 0
vertex -11.417840957641602 -42.226009368896484 3.549999952316284
endloop
endfacet
facet normal 0 -1 0
outer loop
vertex 17.03215980529785 -23.22600746154785 5
vertex 21.5821590423584 -23.22600746154785 3.549999952316284
vertex 26.5821590423584 -23.22600746154785 3.549999952316284
endloop
endfacet
facet normal 0 1 0
outer loop
vertex -35.41783905029297 -53.95100784301758 3.549999952316284
vertex -39.96784210205078 -53.95100784301758 0
vertex -39.96784210205078 -53.95100784301758 5
endloop
endfacet
facet normal 0 1 0
outer loop
vertex -54.41783905029297 10.173992156982422 0
vertex -58.96784210205078 10.173992156982422 0
vertex -54.41783905029297 10.173992156982422 3.549999952316284
endloop
endfacet
facet normal 0.25881893437878334 0.9659258559572684 4.993696379054331e-7
outer loop
vertex -16.057737350463867 22.839540481567383 5
vertex -25.282329559326172 25.311262130737305 3.549999952316284
vertex -24.514265060424805 25.105459213256836 5
endloop
endfacet
facet normal 0 1 0
outer loop
vertex 31.132158279418945 -18.326007843017578 5
vertex 21.5821590423584 -18.326007843017578 3.549999952316284
vertex 17.03215980529785 -18.326007843017578 5
endloop
endfacet
facet normal 0.2588193273194835 0.9659257506691773 2.7628523264505493e-7
outer loop
vertex -25.282329559326172 25.311262130737305 3.549999952316284
vertex -29.677291870117188 26.488889694213867 5
vertex -24.514265060424805 25.105459213256836 5
endloop
endfacet
facet normal 0 -1 0
outer loop
vertex 36.03215789794922 0.5239918231964111 5
vertex 40.58216094970703 0.5239918231964111 3.549999952316284
vertex 45.58216094970703 0.5239918231964111 3.549999952316284
endloop
endfacet
facet normal 1 0 0
outer loop
vertex -1.9678407907485962 -25.60100746154785 0
vertex -1.9678407907485962 -39.70100784301758 5
vertex -1.9678407907485962 -39.70100784301758 0
endloop
endfacet
facet normal 0 -1 0
outer loop
vertex -39.96784210205078 17.14899253845215 5
vertex -30.4178409576416 17.14899253845215 3.549999952316284
vertex -25.867841720581055 17.14899253845215 5
endloop
endfacet
facet normal 0 1 0
outer loop
vertex -16.4178409576416 -18.326007843017578 0
vertex -20.96784019470215 -18.326007843017578 0
vertex -16.4178409576416 -18.326007843017578 3.549999952316284
endloop
endfacet
facet normal 0 1 0
outer loop
vertex 2.5821592807769775 -20.701007843017578 0
vertex -1.9678407907485962 -20.701007843017578 0
vertex 2.5821592807769775 -20.701007843017578 3.549999952316284
endloop
endfacet
facet normal 0 1 0
outer loop
vertex 31.132158279418945 -56.32600784301758 5
vertex 21.5821590423584 -56.32600784301758 3.549999952316284
vertex 17.03215980529785 -56.32600784301758 5
endloop
endfacet
facet normal -1 0 0
outer loop
vertex -25.867841720581055 -20.85100746154785 0
vertex -25.867841720581055 -34.95100784301758 0
vertex -25.867841720581055 -20.85100746154785 5
endloop
endfacet
facet normal 0 1 0
outer loop
vertex 12.132159233093262 -20.701007843017578 0
vertex 7.582159042358398 -20.701007843017578 3.549999952316284
vertex 12.132159233093262 -20.701007843017578 5
endloop
endfacet
facet normal 0 1 0
outer loop
vertex 12.132159233093262 -20.701007843017578 0
vertex 7.582159042358398 -20.701007843017578 0
vertex 7.582159042358398 -20.701007843017578 3.549999952316284
endloop
endfacet
facet normal 0 1 0
outer loop
vertex -35.41783905029297 -15.951007843017578 0
vertex -39.96784210205078 -15.951007843017578 0
vertex -35.41783905029297 -15.951007843017578 3.549999952316284
endloop
endfacet
facet normal 0 -1 0
outer loop
vertex -1.9678407907485962 31.39899253845215 0
vertex 2.5821592807769775 31.39899253845215 3.549999952316284
vertex -1.9678407907485962 31.39899253845215 5
endloop
endfacet
facet normal 0 1 0
outer loop
vertex -35.41783905029297 -15.951007843017578 3.549999952316284
vertex -39.96784210205078 -15.951007843017578 5
vertex -25.867841720581055 -15.951007843017578 5
endloop
endfacet
facet normal -1 0 0
outer loop
vertex -44.86783981323242 -21.377315521240234 0
vertex -44.86783981323242 -27.826007843017578 0
vertex -44.86783981323242 -13.726008415222168 5
endloop
endfacet
facet normal 0 -1 0
outer loop
vertex 36.03215789794922 -18.47600746154785 5
vertex 36.03215789794922 -18.47600746154785 0
vertex 40.58216094970703 -18.47600746154785 3.549999952316284
endloop
endfacet
facet normal 0 1 0
outer loop
vertex 21.5821590423584 -37.32600784301758 3.549999952316284
vertex 17.03215980529785 -37.32600784301758 0
vertex 17.03215980529785 -37.32600784301758 5
endloop
endfacet
facet normal 0 1 0
outer loop
vertex -25.867841720581055 -15.951007843017578 0
vertex -30.4178409576416 -15.951007843017578 0
vertex -30.4178409576416 -15.951007843017578 3.549999952316284
endloop
endfacet
facet normal 0 -1 0
outer loop
vertex 64.58216094970703 38.523990631103516 3.549999952316284
vertex 69.13215637207031 38.523990631103516 0
vertex 69.13215637207031 38.523990631103516 5
endloop
endfacet
facet normal 0 1 0
outer loop
vertex 2.5821592807769775 -20.701007843017578 3.549999952316284
vertex -1.9678407907485962 -20.701007843017578 5
vertex 12.132159233093262 -20.701007843017578 5
endloop
endfacet
facet normal 0 -1 0
outer loop
vertex 55.03215789794922 0.5239918231964111 5
vertex 55.03215789794922 0.5239918231964111 0
vertex 59.58216094970703 0.5239918231964111 3.549999952316284
endloop
endfacet
facet normal 0 1 0
outer loop
vertex 69.13215637207031 5.423991680145264 5
vertex 64.58216094970703 5.423991680145264 3.549999952316284
vertex 59.58216094970703 5.423991680145264 3.549999952316284
endloop
endfacet
facet normal 1 0 0
outer loop
vertex -39.96784210205078 -15.951007843017578 0
vertex -39.96784210205078 -1.8510081768035889 0
vertex -39.96784210205078 -15.951007843017578 5
endloop
endfacet
facet normal 0 -1 0
outer loop
vertex -1.9678407907485962 -25.60100746154785 0
vertex 2.5821592807769775 -25.60100746154785 3.549999952316284
vertex -1.9678407907485962 -25.60100746154785 5
endloop
endfacet
facet normal 0 -1 0
outer loop
vertex 55.03215789794922 19.52399253845215 0
vertex 59.58216094970703 19.52399253845215 3.549999952316284
vertex 55.03215789794922 19.52399253845215 5
endloop
endfacet
facet normal -1 0 0
outer loop
vertex 31.132158279418945 14.773991584777832 0
vertex 31.132158279418945 0.6739917993545532 0
vertex 31.132158279418945 14.773991584777832 5
endloop
endfacet
facet normal 0 -1 0
outer loop
vertex -11.417840957641602 14.773991584777832 3.549999952316284
vertex -6.867840766906738 14.773991584777832 0
vertex -6.867840766906738 14.773991584777832 5
endloop
endfacet
facet normal 0 1 0
outer loop
vertex -25.867841720581055 -15.951007843017578 0
vertex -30.4178409576416 -15.951007843017578 3.549999952316284
vertex -25.867841720581055 -15.951007843017578 5
endloop
endfacet
facet normal 1 0 0
outer loop
vertex -58.96784210205078 -46.82600784301758 0
vertex -58.96784210205078 -32.726009368896484 0
vertex -58.96784210205078 -46.82600784301758 5
endloop
endfacet
facet normal -1 0 0
outer loop
vertex -25.867841720581055 -20.85100746154785 5
vertex -25.867841720581055 -34.95100784301758 0
vertex -25.867841720581055 -34.95100784301758 5
endloop
endfacet
facet normal 0 1 0
outer loop
vertex 12.132159233093262 -39.70100784301758 0
vertex 7.582159042358398 -39.70100784301758 0
vertex 7.582159042358398 -39.70100784301758 3.549999952316284
endloop
endfacet
facet normal 0 1 0
outer loop
vertex 21.5821590423584 -18.326007843017578 0
vertex 17.03215980529785 -18.326007843017578 0
vertex 21.5821590423584 -18.326007843017578 3.549999952316284
endloop
endfacet
facet normal 0 1 0
outer loop
vertex -1.9678407907485962 17.298992156982422 0
vertex -1.9678407907485962 17.298992156982422 5
vertex 2.5821592807769775 17.298992156982422 3.549999952316284
endloop
endfacet
facet normal 0 1 0
outer loop
vertex 31.132158279418945 -18.326007843017578 0
vertex 26.5821590423584 -18.326007843017578 0
vertex 26.5821590423584 -18.326007843017578 3.549999952316284
endloop
endfacet
facet normal 0 1 0
outer loop
vertex 21.5821590423584 19.673992156982422 3.549999952316284
vertex 17.03215980529785 19.673992156982422 0
vertex 17.03215980529785 19.673992156982422 5
endloop
endfacet
facet normal 0 1 0
outer loop
vertex -6.867840766906738 -37.32600784301758 5
vertex -11.417840957641602 -37.32600784301758 3.549999952316284
vertex -16.4178409576416 -37.32600784301758 3.549999952316284
endloop
endfacet
facet normal 1 0 0
outer loop
vertex -39.96784210205078 -39.851009368896484 0
vertex -39.96784210205078 -53.95100784301758 5
vertex -39.96784210205078 -53.95100784301758 0
endloop
endfacet
facet normal 0 -1 0
outer loop
vertex 17.03215980529785 14.773991584777832 0
vertex 21.5821590423584 14.773991584777832 0
vertex 21.5821590423584 14.773991584777832 3.549999952316284
endloop
endfacet
facet normal 0 1 0
outer loop
vertex -44.86783981323242 10.173992156982422 0
vertex -49.41783905029297 10.173992156982422 3.549999952316284
vertex -44.86783981323242 10.173992156982422 5
endloop
endfacet
facet normal 1 0 0
outer loop
vertex 17.03215980529785 -23.22600746154785 0
vertex 17.03215980529785 -37.32600784301758 5
vertex 17.03215980529785 -37.32600784301758 0
endloop
endfacet
facet normal 0 1 0
outer loop
vertex 40.58216094970703 24.423992156982422 3.549999952316284
vertex 36.03215789794922 24.423992156982422 0
vertex 36.03215789794922 24.423992156982422 5
endloop
endfacet
facet normal 0 -1 0
outer loop
vertex 2.5821592807769775 31.39899253845215 3.549999952316284
vertex -1.9678407907485962 31.39899253845215 0
vertex 2.5821592807769775 31.39899253845215 0
endloop
endfacet
facet normal -1 0 0
outer loop
vertex 50.13216018676758 38.523990631103516 5
vertex 50.13216018676758 24.423992156982422 0
vertex 50.13216018676758 24.423992156982422 5
endloop
endfacet
facet normal 0 1 0
outer loop
vertex -6.867840766906738 -56.32600784301758 5
vertex -16.4178409576416 -56.32600784301758 3.549999952316284
vertex -20.96784019470215 -56.32600784301758 5
endloop
endfacet
facet normal -1 0 0
outer loop
vertex -6.867840766906738 14.773991584777832 5
vertex -6.867840766906738 0.6739917993545532 0
vertex -6.867840766906738 0.6739917993545532 5
endloop
endfacet
facet normal -1 0 0
outer loop
vertex 12.132159233093262 -6.601008415222168 0
vertex 12.132159233093262 -20.701007843017578 0
vertex 12.132159233093262 -6.601008415222168 5
endloop
endfacet
facet normal 1 0 0
outer loop
vertex -58.96784210205078 5.273991584777832 5
vertex -58.96784210205078 -8.826007843017578 5
vertex -58.96784210205078 5.273991584777832 0
endloop
endfacet
facet normal 0 -1 0
outer loop
vertex -39.96784210205078 -39.851009368896484 5
vertex -30.4178409576416 -39.851009368896484 3.549999952316284
vertex -25.867841720581055 -39.851009368896484 5
endloop
endfacet
facet normal 0 -1 0
outer loop
vertex -35.41783905029297 -20.85100746154785 0
vertex -35.41783905029297 -20.85100746154785 3.549999952316284
vertex -39.96784210205078 -20.85100746154785 0
endloop
endfacet
facet normal 0 -1 0
outer loop
vertex 55.03215789794922 -18.47600746154785 5
vertex 64.58216094970703 -18.47600746154785 3.549999952316284
vertex 69.13215637207031 -18.47600746154785 5
endloop
endfacet
facet normal 0 1 0
outer loop
vertex -6.867840766906738 0.6739917993545532 0
vertex -11.417840957641602 0.6739917993545532 3.549999952316284
vertex -6.867840766906738 0.6739917993545532 5
endloop
endfacet
facet normal 0 1 0
outer loop
vertex 69.13215637207031 -32.57600784301758 5
vertex 59.58216094970703 -32.57600784301758 3.549999952316284
vertex 55.03215789794922 -32.57600784301758 5
endloop
endfacet
facet normal 0 -1 0
outer loop
vertex -39.96784210205078 17.14899253845215 5
vertex -35.41783905029297 17.14899253845215 3.549999952316284
vertex -30.4178409576416 17.14899253845215 3.549999952316284
endloop
endfacet
facet normal 0 1 0
outer loop
vertex 50.13216018676758 -13.576007843017578 5
vertex 45.58216094970703 -13.576007843017578 3.549999952316284
vertex 40.58216094970703 -13.576007843017578 3.549999952316284
endloop
endfacet
facet normal 0 1 0
outer loop
vertex -54.41783905029297 10.173992156982422 3.549999952316284
vertex -58.96784210205078 10.173992156982422 0
vertex -58.96784210205078 10.173992156982422 5
endloop
endfacet
facet normal -1 0 0
outer loop
vertex 69.13215637207031 0.5239918231964111 5
vertex 69.13215637207031 -13.576007843017578 0
vertex 69.13215637207031 -13.576007843017578 5
endloop
endfacet
facet normal 0 -1 0
outer loop
vertex -20.96784019470215 -23.22600746154785 5
vertex -16.4178409576416 -23.22600746154785 3.549999952316284
vertex -11.417840957641602 -23.22600746154785 3.549999952316284
endloop
endfacet
facet normal 0 1 0
outer loop
vertex 69.13215637207031 24.423992156982422 0
vertex 64.58216094970703 24.423992156982422 0
vertex 64.58216094970703 24.423992156982422 3.549999952316284
endloop
endfacet
facet normal -0.9659258329529079 0.258819020232731 0
outer loop
vertex -12.4083890914917 36.4590950012207 0
vertex -16.057737350463867 22.839540481567383 0
vertex -12.4083890914917 36.4590950012207 5
endloop
endfacet
facet normal -0.927183847066166 0.37460661198060075 0
outer loop
vertex -31.09297752380371 42.49466323852539 0
vertex -36.37493133544922 29.421369552612305 0
vertex -31.09297752380371 42.49466323852539 5
endloop
endfacet
facet normal 0 -1 0
outer loop
vertex -20.96784019470215 14.773991584777832 5
vertex -20.96784019470215 14.773991584777832 0
vertex -16.4178409576416 14.773991584777832 3.549999952316284
endloop
endfacet
facet normal -1 0 0
outer loop
vertex 50.13216018676758 0.5239918231964111 5
vertex 50.13216018676758 -13.576007843017578 0
vertex 50.13216018676758 -13.576007843017578 5
endloop
endfacet
facet normal 0 -1 0
outer loop
vertex 69.13215637207031 19.52399253845215 0
vertex 64.58216094970703 19.52399253845215 3.549999952316284
vertex 64.58216094970703 19.52399253845215 0
endloop
endfacet
facet normal -1 0 0
outer loop
vertex 31.132158279418945 -23.22600746154785 0
vertex 31.132158279418945 -37.32600784301758 0
vertex 31.132158279418945 -23.22600746154785 5
endloop
endfacet
facet normal 0 1 0
outer loop
vertex -44.86783981323242 -46.82600784301758 0
vertex -49.41783905029297 -46.82600784301758 0
vertex -49.41783905029297 -46.82600784301758 3.549999952316284
endloop
endfacet
facet normal 0 -1 0
outer loop
vertex 45.58216094970703 -18.47600746154785 3.549999952316284
vertex 50.13216018676758 -18.47600746154785 0
vertex 50.13216018676758 -18.47600746154785 5
endloop
endfacet
facet normal 0 -1 0
outer loop
vertex 59.58216094970703 19.52399253845215 0
vertex 59.58216094970703 19.52399253845215 3.549999952316284
vertex 55.03215789794922 19.52399253845215 0
endloop
endfacet
facet normal 0 1 0
outer loop
vertex 69.13215637207031 5.423991680145264 0
vertex 64.58216094970703 5.423991680145264 0
vertex 64.58216094970703 5.423991680145264 3.549999952316284
endloop
endfacet
facet normal 0 1 0
outer loop
vertex -44.86783981323242 -27.826007843017578 0
vertex -49.41783905029297 -27.826007843017578 0
vertex -49.41783905029297 -27.826007843017578 3.549999952316284
endloop
endfacet
facet normal 0 1 0
outer loop
vertex 69.13215637207031 -51.57600784301758 5
vertex 59.58216094970703 -51.57600784301758 3.549999952316284
vertex 55.03215789794922 -51.57600784301758 5
endloop
endfacet
facet normal 1 0 0
outer loop
vertex -1.9678407907485962 12.398991584777832 0
vertex -1.9678407907485962 -1.7010082006454468 5
vertex -1.9678407907485962 -1.7010082006454468 0
endloop
endfacet
facet normal 0 1 0
outer loop
vertex 40.58216094970703 -51.57600784301758 3.549999952316284
vertex 36.03215789794922 -51.57600784301758 5
vertex 50.13216018676758 -51.57600784301758 5
endloop
endfacet
facet normal 0 1 0
outer loop
vertex -16.4178409576416 -37.32600784301758 0
vertex -20.96784019470215 -37.32600784301758 0
vertex -16.4178409576416 -37.32600784301758 3.549999952316284
endloop
endfacet
facet normal 1 0 0
outer loop
vertex -20.96784019470215 14.773991584777832 0
vertex -20.96784019470215 0.6739917993545532 5
vertex -20.96784019470215 0.6739917993545532 0
endloop
endfacet
facet normal 0 -1 0
outer loop
vertex 17.03215980529785 -42.226009368896484 5
vertex 21.5821590423584 -42.226009368896484 3.549999952316284
vertex 26.5821590423584 -42.226009368896484 3.549999952316284
endloop
endfacet
facet normal 0 -1 0
outer loop
vertex 64.58216094970703 -37.476009368896484 3.549999952316284
vertex 69.13215637207031 -37.476009368896484 0
vertex 69.13215637207031 -37.476009368896484 5
endloop
endfacet
facet normal 0 -1 0
outer loop
vertex -20.96784019470215 14.773991584777832 5
vertex -11.417840957641602 14.773991584777832 3.549999952316284
vertex -6.867840766906738 14.773991584777832 5
endloop
endfacet
facet normal 0 1 0
outer loop
vertex 50.13216018676758 24.423992156982422 0
vertex 45.58216094970703 24.423992156982422 0
vertex 45.58216094970703 24.423992156982422 3.549999952316284
endloop
endfacet
facet normal 1 0 0
outer loop
vertex -1.9678407907485962 -58.70100784301758 0
vertex -1.9678407907485962 -52.39149856567383 0
vertex -1.9678407907485962 -58.70100784301758 5
endloop
endfacet
facet normal 0 -1 0
outer loop
vertex 55.03215789794922 -37.476009368896484 0
vertex 59.58216094970703 -37.476009368896484 3.549999952316284
vertex 55.03215789794922 -37.476009368896484 5
endloop
endfacet
facet normal 0 -1 0
outer loop
vertex 7.582159042358398 -6.601008415222168 3.549999952316284
vertex 12.132159233093262 -6.601008415222168 0
vertex 12.132159233093262 -6.601008415222168 5
endloop
endfacet
facet normal 0 1 0
outer loop
vertex 40.58216094970703 24.423992156982422 0
vertex 36.03215789794922 24.423992156982422 0
vertex 40.58216094970703 24.423992156982422 3.549999952316284
endloop
endfacet
facet normal 0 -1 0
outer loop
vertex 50.13216018676758 19.52399253845215 0
vertex 45.58216094970703 19.52399253845215 3.549999952316284
vertex 45.58216094970703 19.52399253845215 0
endloop
endfacet
facet normal -1 0 0
outer loop
vertex -25.867841720581055 -39.851009368896484 5
vertex -25.867841720581055 -53.95100784301758 0
vertex -25.867841720581055 -53.95100784301758 5
endloop
endfacet
facet normal -0.25881918987296754 -0.9659257874979323 0
outer loop
vertex -16.80335235595703 37.636722564697266 3.549999952316284
vertex -12.4083890914917 36.4590950012207 0
vertex -12.4083890914917 36.4590950012207 5
endloop
endfacet
facet normal 0 -1 0
outer loop
vertex -20.96784019470215 -42.226009368896484 0
vertex -16.4178409576416 -42.226009368896484 3.549999952316284
vertex -20.96784019470215 -42.226009368896484 5
endloop
endfacet
facet normal -1 0 0
outer loop
vertex 50.13216018676758 38.523990631103516 0
vertex 50.13216018676758 24.423992156982422 0
vertex 50.13216018676758 38.523990631103516 5
endloop
endfacet
facet normal 0 1 0
outer loop
vertex 50.13216018676758 5.423991680145264 0
vertex 45.58216094970703 5.423991680145264 0
vertex 45.58216094970703 5.423991680145264 3.549999952316284
endloop
endfacet
facet normal 0 1 0
outer loop
vertex 31.132158279418945 -56.32600784301758 5
vertex 26.5821590423584 -56.32600784301758 3.549999952316284
vertex 21.5821590423584 -56.32600784301758 3.549999952316284
endloop
endfacet
facet normal 1 0 0
outer loop
vertex 36.03215789794922 -13.576007843017578 0
vertex 36.03215789794922 0.5239918231964111 0
vertex 36.03215789794922 -13.576007843017578 5
endloop
endfacet
facet normal 0 1 0
outer loop
vertex -25.867841720581055 3.0489919185638428 0
vertex -30.4178409576416 3.0489919185638428 0
vertex -30.4178409576416 3.0489919185638428 3.549999952316284
endloop
endfacet
facet normal 0 -1 0
outer loop
vertex -58.96784210205078 -13.726008415222168 5
vertex -54.41783905029297 -13.726008415222168 3.549999952316284
vertex -49.41783905029297 -13.726008415222168 3.549999952316284
endloop
endfacet
facet normal 0 1 0
outer loop
vertex 69.13215637207031 24.423992156982422 0
vertex 64.58216094970703 24.423992156982422 3.549999952316284
vertex 69.13215637207031 24.423992156982422 5
endloop
endfacet
facet normal 0 -1 0
outer loop
vertex -35.41783905029297 -1.8510081768035889 0
vertex -35.41783905029297 -1.8510081768035889 3.549999952316284
vertex -39.96784210205078 -1.8510081768035889 0
endloop
endfacet
facet normal 0 1 0
outer loop
vertex 40.58216094970703 5.423991680145264 0
vertex 36.03215789794922 5.423991680145264 0
vertex 40.58216094970703 5.423991680145264 3.549999952316284
endloop
endfacet
facet normal 0 -1 0
outer loop
vertex -58.96784210205078 -32.726009368896484 5
vertex -54.41783905029297 -32.726009368896484 3.549999952316284
vertex -49.41783905029297 -32.726009368896484 3.549999952316284
endloop
endfacet
facet normal 0.9659258160437891 -0.2588190833384205 0
outer loop
vertex -29.677291870117188 26.488889694213867 5
vertex -26.027942657470703 40.10844421386719 0
vertex -26.027942657470703 40.10844421386719 5
endloop
endfacet
facet normal 0 1 0
outer loop
vertex 31.132158279418945 0.6739917993545532 5
vertex 26.5821590423584 0.6739917993545532 3.549999952316284
vertex 21.5821590423584 0.6739917993545532 3.549999952316284
endloop
endfacet
facet normal 0 -1 0
outer loop
vertex -1.9678407907485962 -44.601009368896484 5
vertex 2.5821592807769775 -44.601009368896484 3.549999952316284
vertex 7.582159042358398 -44.601009368896484 3.549999952316284
endloop
endfacet
facet normal -1 0 0
outer loop
vertex -6.867840766906738 -42.226009368896484 0
vertex -6.867840766906738 -56.32600784301758 0
vertex -6.867840766906738 -42.226009368896484 5
endloop
endfacet
facet normal 0.5000003617709581 0.8660251949157778 0
outer loop
vertex -64.22014617919922 43.24351119995117 3.549999952316284
vertex -68.16056060791016 45.51851272583008 0
vertex -68.16056060791016 45.51851272583008 5
endloop
endfacet
facet normal 0 -1 0
outer loop
vertex 17.03215980529785 -42.226009368896484 0
vertex 21.5821590423584 -42.226009368896484 0
vertex 21.5821590423584 -42.226009368896484 3.549999952316284
endloop
endfacet
facet normal 0 -1 0
outer loop
vertex 31.132158279418945 33.773990631103516 0
vertex 26.5821590423584 33.773990631103516 3.549999952316284
vertex 26.5821590423584 33.773990631103516 0
endloop
endfacet
facet normal -1 0 0
outer loop
vertex 50.13216018676758 -37.476009368896484 0
vertex 50.13216018676758 -51.57600784301758 0
vertex 50.13216018676758 -37.476009368896484 5
endloop
endfacet
facet normal 0.9271837810990389 -0.3746067752549194 0
outer loop
vertex -49.44822311401367 34.70332336425781 0
vertex -44.16626739501953 47.776615142822266 0
vertex -49.44822311401367 34.70332336425781 5
endloop
endfacet
facet normal 0 -1 0
outer loop
vertex -44.86783981323242 -13.726008415222168 0
vertex -49.41783905029297 -13.726008415222168 3.549999952316284
vertex -49.41783905029297 -13.726008415222168 0
endloop
endfacet
facet normal 0 1 0
outer loop
vertex 21.5821590423584 -37.32600784301758 0
vertex 17.03215980529785 -37.32600784301758 0
vertex 21.5821590423584 -37.32600784301758 3.549999952316284
endloop
endfacet
facet normal 1 0 0
outer loop
vertex 36.03215789794922 -13.576007843017578 5
vertex 36.03215789794922 0.5239918231964111 0
vertex 36.03215789794922 0.5239918231964111 5
endloop
endfacet
facet normal 0 1 0
outer loop
vertex 40.58216094970703 -32.57600784301758 0
vertex 36.03215789794922 -32.57600784301758 0
vertex 40.58216094970703 -32.57600784301758 3.549999952316284
endloop
endfacet
facet normal 0 1 0
outer loop
vertex -54.41783905029297 -8.826007843017578 0
vertex -58.96784210205078 -8.826007843017578 0
vertex -54.41783905029297 -8.826007843017578 3.549999952316284
endloop
endfacet
facet normal 0 1 0
outer loop
vertex 40.58216094970703 -13.576007843017578 0
vertex 36.03215789794922 -13.576007843017578 0
vertex 40.58216094970703 -13.576007843017578 3.549999952316284
endloop
endfacet
facet normal 0 1 0
outer loop
vertex 40.58216094970703 24.423992156982422 3.549999952316284
vertex 36.03215789794922 24.423992156982422 5
vertex 50.13216018676758 24.423992156982422 5
endloop
endfacet
facet normal 0 1 0
outer loop
vertex -35.41783905029297 -15.951007843017578 3.549999952316284
vertex -39.96784210205078 -15.951007843017578 0
vertex -39.96784210205078 -15.951007843017578 5
endloop
endfacet
facet normal 0 1 0
outer loop
vertex 31.132158279418945 -37.32600784301758 0
vertex 26.5821590423584 -37.32600784301758 0
vertex 26.5821590423584 -37.32600784301758 3.549999952316284
endloop
endfacet
facet normal 0.8660253984932259 -0.5000000091646493 0
outer loop
vertex -68.16056060791016 45.51851272583008 0
vertex -61.11056137084961 57.729469299316406 0
vertex -68.16056060791016 45.51851272583008 5
endloop
endfacet
facet normal -0.8660253984932259 0.5000000091646493 0
outer loop
vertex -48.89960479736328 50.67947006225586 5
vertex -55.94960403442383 38.46851348876953 0
vertex -55.94960403442383 38.46851348876953 5
endloop
endfacet
facet normal 0 1 0
outer loop
vertex -35.41783905029297 -34.95100784301758 3.549999952316284
vertex -39.96784210205078 -34.95100784301758 0
vertex -39.96784210205078 -34.95100784301758 5
endloop
endfacet
facet normal 0.37460643538876826 0.9271839184138823 0
outer loop
vertex -45.22953414916992 32.998863220214844 0
vertex -49.44822311401367 34.70332336425781 0
vertex -45.22953414916992 32.998863220214844 3.549999952316284
endloop
endfacet
facet normal 0 -1 0
outer loop
vertex 50.13216018676758 -18.47600746154785 0
vertex 45.58216094970703 -18.47600746154785 3.549999952316284
vertex 45.58216094970703 -18.47600746154785 0
endloop
endfacet
facet normal 0 -1 0
outer loop
vertex -44.86783981323242 24.27399253845215 0
vertex -49.41783905029297 24.27399253845215 3.549999952316284
vertex -49.41783905029297 24.27399253845215 0
endloop
endfacet
facet normal -0.3746067265877794 -0.9271838007618494 0
outer loop
vertex -44.16626739501953 47.776615142822266 0
vertex -39.94758224487305 46.0721549987793 3.549999952316284
vertex -44.16626739501953 47.776615142822266 5
endloop
endfacet
facet normal -0.4999997329745803 -0.8660255579515819 0
outer loop
vertex -57.17014694213867 55.454471588134766 0
vertex -57.17014694213867 55.454471588134766 3.549999952316284
vertex -61.11056137084961 57.729469299316406 0
endloop
endfacet
facet normal 0 -1 0
outer loop
vertex -58.96784210205078 -32.726009368896484 5
vertex -58.96784210205078 -32.726009368896484 0
vertex -54.41783905029297 -32.726009368896484 3.549999952316284
endloop
endfacet
facet normal 0.4999997329745802 0.8660255579515819 0
outer loop
vertex -55.94960403442383 38.46851348876953 0
vertex -59.890018463134766 40.74351119995117 3.549999952316284
vertex -55.94960403442383 38.46851348876953 5
endloop
endfacet
facet normal 0 -1 0
outer loop
vertex 69.13215637207031 -18.47600746154785 0
vertex 64.58216094970703 -18.47600746154785 3.549999952316284
vertex 64.58216094970703 -18.47600746154785 0
endloop
endfacet
facet normal -1 0 0
outer loop
vertex -44.86783981323242 24.27399253845215 0
vertex -44.86783981323242 10.173992156982422 0
vertex -44.86783981323242 24.27399253845215 5
endloop
endfacet
facet normal 1 0 0
outer loop
vertex -39.96784210205078 3.0489919185638428 5
vertex -39.96784210205078 12.152263641357422 0
vertex -39.96784210205078 17.14899253845215 0
endloop
endfacet
facet normal 0 -1 0
outer loop
vertex 7.582159042358398 -44.601009368896484 3.549999952316284
vertex 12.132159233093262 -44.601009368896484 0
vertex 12.132159233093262 -44.601009368896484 5
endloop
endfacet
facet normal -1 0 0
outer loop
vertex -44.86783981323242 5.273991584777832 0
vertex -44.86783981323242 -3.294334888458252 0
vertex -44.86783981323242 5.273991584777832 5
endloop
endfacet
facet normal -1 0 0
outer loop
vertex -44.86783981323242 -3.294334888458252 0
vertex -44.86783981323242 -8.826007843017578 0
vertex -44.86783981323242 5.273991584777832 5
endloop
endfacet
facet normal 1 0 0
outer loop
vertex -58.96784210205078 10.173992156982422 0
vertex -58.96784210205078 24.27399253845215 0
vertex -58.96784210205078 10.173992156982422 5
endloop
endfacet
facet normal 0.8660253984932259 -0.5000000091646493 0
outer loop
vertex -68.16056060791016 45.51851272583008 5
vertex -61.11056137084961 57.729469299316406 0
vertex -61.11056137084961 57.729469299316406 5
endloop
endfacet
facet normal 0 1 0
outer loop
vertex 59.58216094970703 -51.57600784301758 3.549999952316284
vertex 55.03215789794922 -51.57600784301758 0
vertex 55.03215789794922 -51.57600784301758 5
endloop
endfacet
facet normal -1 0 0
outer loop
vertex 69.13215637207031 0.5239918231964111 0
vertex 69.13215637207031 -13.576007843017578 0
vertex 69.13215637207031 0.5239918231964111 5
endloop
endfacet
facet normal 0 -1 0
outer loop
vertex 17.03215980529785 -4.226008415222168 5
vertex 21.5821590423584 -4.226008415222168 3.549999952316284
vertex 26.5821590423584 -4.226008415222168 3.549999952316284
endloop
endfacet
facet normal 0.4999997329745803 0.8660255579515819 0
outer loop
vertex -55.94960403442383 38.46851348876953 0
vertex -59.890018463134766 40.74351119995117 0
vertex -59.890018463134766 40.74351119995117 3.549999952316284
endloop
endfacet
facet normal 0 -1 0
outer loop
vertex -1.9678407907485962 -6.601008415222168 5
vertex 7.582159042358398 -6.601008415222168 3.549999952316284
vertex 12.132159233093262 -6.601008415222168 5
endloop
endfacet
facet normal 0 -1 0
outer loop
vertex -44.86783981323242 5.273991584777832 0
vertex -49.41783905029297 5.273991584777832 3.549999952316284
vertex -49.41783905029297 5.273991584777832 0
endloop
endfacet
facet normal 0 -1 0
outer loop
vertex -54.41783905029297 5.273991584777832 0
vertex -54.41783905029297 5.273991584777832 3.549999952316284
vertex -58.96784210205078 5.273991584777832 0
endloop
endfacet
facet normal 0 1 0
outer loop
vertex 50.13216018676758 -51.57600784301758 0
vertex 45.58216094970703 -51.57600784301758 3.549999952316284
vertex 50.13216018676758 -51.57600784301758 5
endloop
endfacet
facet normal 0 1 0
outer loop
vertex 59.58216094970703 5.423991680145264 3.549999952316284
vertex 55.03215789794922 5.423991680145264 0
vertex 55.03215789794922 5.423991680145264 5
endloop
endfacet
facet normal 0 -1 0
outer loop
vertex 17.03215980529785 -23.22600746154785 0
vertex 21.5821590423584 -23.22600746154785 0
vertex 21.5821590423584 -23.22600746154785 3.549999952316284
endloop
endfacet
facet normal 0 1 0
outer loop
vertex -6.867840766906738 -37.32600784301758 0
vertex -11.417840957641602 -37.32600784301758 0
vertex -11.417840957641602 -37.32600784301758 3.549999952316284
endloop
endfacet
facet normal 0 -1 0
outer loop
vertex -1.9678407907485962 12.398991584777832 5
vertex 2.5821592807769775 12.398991584777832 3.549999952316284
vertex 7.582159042358398 12.398991584777832 3.549999952316284
endloop
endfacet
facet normal 0 -1 0
outer loop
vertex -39.96784210205078 -1.8510081768035889 5
vertex -35.41783905029297 -1.8510081768035889 3.549999952316284
vertex -30.4178409576416 -1.8510081768035889 3.549999952316284
endloop
endfacet
facet normal 0 1 0
outer loop
vertex 40.58216094970703 -32.57600784301758 3.549999952316284
vertex 36.03215789794922 -32.57600784301758 0
vertex 36.03215789794922 -32.57600784301758 5
endloop
endfacet
facet normal 1 0 0
outer loop
vertex -58.96784210205078 -46.82600784301758 5
vertex -58.96784210205078 -32.726009368896484 0
vertex -58.96784210205078 -32.726009368896484 5
endloop
endfacet
facet normal 1 0 0
outer loop
vertex 55.03215789794922 -32.57600784301758 0
vertex 55.03215789794922 -18.47600746154785 0
vertex 55.03215789794922 -32.57600784301758 5
endloop
endfacet
facet normal -1 0 0
outer loop
vertex 31.132158279418945 -42.226009368896484 0
vertex 31.132158279418945 -56.32600784301758 0
vertex 31.132158279418945 -42.226009368896484 5
endloop
endfacet
facet normal 0 -1 0
outer loop
vertex -1.9678407907485962 -6.601008415222168 5
vertex 2.5821592807769775 -6.601008415222168 3.549999952316284
vertex 7.582159042358398 -6.601008415222168 3.549999952316284
endloop
endfacet
facet normal 0 -1 0
outer loop
vertex 55.03215789794922 38.523990631103516 5
vertex 64.58216094970703 38.523990631103516 3.549999952316284
vertex 69.13215637207031 38.523990631103516 5
endloop
endfacet
facet normal 0 -1 0
outer loop
vertex -58.96784210205078 24.27399253845215 0
vertex -54.41783905029297 24.27399253845215 0
vertex -54.41783905029297 24.27399253845215 3.549999952316284
endloop
endfacet
facet normal -0.9659258329529079 0.258819020232731 0
outer loop
vertex -12.4083890914917 36.4590950012207 5
vertex -16.057737350463867 22.839540481567383 0
vertex -16.057737350463867 22.839540481567383 5
endloop
endfacet
facet normal 0 -1 0
outer loop
vertex 36.03215789794922 0.5239918231964111 5
vertex 36.03215789794922 0.5239918231964111 0
vertex 40.58216094970703 0.5239918231964111 3.549999952316284
endloop
endfacet
facet normal -1 0 0
outer loop
vertex 31.132158279418945 -42.226009368896484 5
vertex 31.132158279418945 -56.32600784301758 0
vertex 31.132158279418945 -56.32600784301758 5
endloop
endfacet
facet normal 1 0 0
outer loop
vertex 17.03215980529785 -42.226009368896484 0
vertex 17.03215980529785 -56.32600784301758 5
vertex 17.03215980529785 -56.32600784301758 0
endloop
endfacet
facet normal 0 1 0
outer loop
vertex -6.867840766906738 -56.32600784301758 0
vertex -11.417840957641602 -56.32600784301758 0
vertex -11.417840957641602 -56.32600784301758 3.549999952316284
endloop
endfacet
facet normal 1 0 0
outer loop
vertex 36.03215789794922 -37.476009368896484 0
vertex 36.03215789794922 -51.57600784301758 5
vertex 36.03215789794922 -51.57600784301758 0
endloop
endfacet
facet normal 1 0 0
outer loop
vertex -20.96784019470215 -18.326007843017578 0
vertex -20.96784019470215 -4.226008415222168 0
vertex -20.96784019470215 -18.326007843017578 5
endloop
endfacet
facet normal 0 -1 0
outer loop
vertex 55.03215789794922 19.52399253845215 5
vertex 59.58216094970703 19.52399253845215 3.549999952316284
vertex 64.58216094970703 19.52399253845215 3.549999952316284
endloop
endfacet
facet normal 0 -1 0
outer loop
vertex -20.96784019470215 -4.226008415222168 0
vertex -16.4178409576416 -4.226008415222168 0
vertex -16.4178409576416 -4.226008415222168 3.549999952316284
endloop
endfacet
facet normal 0 -1 0
outer loop
vertex 2.5821592807769775 -25.60100746154785 3.549999952316284
vertex -1.9678407907485962 -25.60100746154785 0
vertex 2.5821592807769775 -25.60100746154785 0
endloop
endfacet
facet normal 0 1 0
outer loop
vertex 2.5821592807769775 -58.70100784301758 3.549999952316284
vertex -1.9678407907485962 -58.70100784301758 5
vertex 12.132159233093262 -58.70100784301758 5
endloop
endfacet
facet normal 0 1 0
outer loop
vertex 31.132158279418945 19.673992156982422 0
vertex 26.5821590423584 19.673992156982422 3.549999952316284
vertex 31.132158279418945 19.673992156982422 5
endloop
endfacet
facet normal 0 -1 0
outer loop
vertex -1.9678407907485962 -44.601009368896484 5
vertex 7.582159042358398 -44.601009368896484 3.549999952316284
vertex 12.132159233093262 -44.601009368896484 5
endloop
endfacet
facet normal 0 -1 0
outer loop
vertex -20.96784019470215 -4.226008415222168 5
vertex -11.417840957641602 -4.226008415222168 3.549999952316284
vertex -6.867840766906738 -4.226008415222168 5
endloop
endfacet
facet normal 0 1 0
outer loop
vertex 31.132158279418945 -37.32600784301758 5
vertex 26.5821590423584 -37.32600784301758 3.549999952316284
vertex 21.5821590423584 -37.32600784301758 3.549999952316284
endloop
endfacet
facet normal -1 0 0
outer loop
vertex 12.132159233093262 -44.601009368896484 0
vertex 12.132159233093262 -58.70100784301758 0
vertex 12.132159233093262 -44.601009368896484 5
endloop
endfacet
facet normal 0 -1 0
outer loop
vertex 17.03215980529785 -42.226009368896484 5
vertex 26.5821590423584 -42.226009368896484 3.549999952316284
vertex 31.132158279418945 -42.226009368896484 5
endloop
endfacet
facet normal 0 1 0
outer loop
vertex 12.132159233093262 -20.701007843017578 5
vertex 7.582159042358398 -20.701007843017578 3.549999952316284
vertex 2.5821592807769775 -20.701007843017578 3.549999952316284
endloop
endfacet
facet normal 0 -1 0
outer loop
vertex 7.582159042358398 -25.60100746154785 0
vertex 12.132159233093262 -25.60100746154785 0
vertex 7.582159042358398 -25.60100746154785 3.549999952316284
endloop
endfacet
facet normal 0 1 0
outer loop
vertex 2.5821592807769775 -39.70100784301758 0
vertex -1.9678407907485962 -39.70100784301758 0
vertex 2.5821592807769775 -39.70100784301758 3.549999952316284
endloop
endfacet
facet normal 0 1 0
outer loop
vertex 21.5821590423584 -18.326007843017578 3.549999952316284
vertex 17.03215980529785 -18.326007843017578 0
vertex 17.03215980529785 -18.326007843017578 5
endloop
endfacet
facet normal 0 -1 0
outer loop
vertex -20.96784019470215 -23.22600746154785 5
vertex -11.417840957641602 -23.22600746154785 3.549999952316284
vertex -6.867840766906738 -23.22600746154785 5
endloop
endfacet
facet normal 0 -1 0
outer loop
vertex 17.03215980529785 -4.226008415222168 0
vertex 21.5821590423584 -4.226008415222168 3.549999952316284
vertex 17.03215980529785 -4.226008415222168 5
endloop
endfacet
facet normal -0.2588192422726816 -0.9659257734574614 0
outer loop
vertex -26.027942657470703 40.10844421386719 0
vertex -21.632980346679688 38.930816650390625 3.549999952316284
vertex -26.027942657470703 40.10844421386719 5
endloop
endfacet
facet normal 0 -1 0
outer loop
vertex 26.5821590423584 -23.22600746154785 3.549999952316284
vertex 31.132158279418945 -23.22600746154785 0
vertex 31.132158279418945 -23.22600746154785 5
endloop
endfacet
facet normal 1 0 0
outer loop
vertex -39.96784210205078 -34.95100784301758 0
vertex -39.96784210205078 -20.85100746154785 0
vertex -39.96784210205078 -34.95100784301758 5
endloop
endfacet
facet normal 0 -1 0
outer loop
vertex -30.4178409576416 -20.85100746154785 0
vertex -25.867841720581055 -20.85100746154785 0
vertex -30.4178409576416 -20.85100746154785 3.549999952316284
endloop
endfacet
facet normal -1 0 0
outer loop
vertex 69.13215637207031 38.523990631103516 5
vertex 69.13215637207031 24.423992156982422 0
vertex 69.13215637207031 24.423992156982422 5
endloop
endfacet
facet normal 1 0 0
outer loop
vertex 36.03215789794922 -32.57600784301758 5
vertex 36.03215789794922 -18.47600746154785 0
vertex 36.03215789794922 -18.47600746154785 5
endloop
endfacet
facet normal 0 -1 0
outer loop
vertex 36.03215789794922 19.52399253845215 5
vertex 40.58216094970703 19.52399253845215 3.549999952316284
vertex 45.58216094970703 19.52399253845215 3.549999952316284
endloop
endfacet
facet normal 0 -1 0
outer loop
vertex 26.5821590423584 -4.226008415222168 3.549999952316284
vertex 31.132158279418945 -4.226008415222168 0
vertex 31.132158279418945 -4.226008415222168 5
endloop
endfacet
facet normal 0 1 0
outer loop
vertex -25.867841720581055 3.0489919185638428 5
vertex -30.4178409576416 3.0489919185638428 3.549999952316284
vertex -35.41783905029297 3.0489919185638428 3.549999952316284
endloop
endfacet
facet normal 1 0 0
outer loop
vertex -1.9678407907485962 -58.70100784301758 5
vertex -1.9678407907485962 -52.39149856567383 0
vertex -1.9678407907485962 -44.601009368896484 0
endloop
endfacet
facet normal 1 0 0
outer loop
vertex -39.96784210205078 -53.95100784301758 5
vertex -39.96784210205078 -39.851009368896484 0
vertex -39.96784210205078 -39.851009368896484 5
endloop
endfacet
facet normal -1 0 0
outer loop
vertex 12.132159233093262 -6.601008415222168 5
vertex 12.132159233093262 -20.701007843017578 0
vertex 12.132159233093262 -20.701007843017578 5
endloop
endfacet
facet normal -1 0 0
outer loop
vertex 31.132158279418945 14.773991584777832 5
vertex 31.132158279418945 0.6739917993545532 0
vertex 31.132158279418945 0.6739917993545532 5
endloop
endfacet
facet normal 0 -1 0
outer loop
vertex -1.9678407907485962 -25.60100746154785 5
vertex 2.5821592807769775 -25.60100746154785 3.549999952316284
vertex 7.582159042358398 -25.60100746154785 3.549999952316284
endloop
endfacet
facet normal 0 1 0
outer loop
vertex -35.41783905029297 -34.95100784301758 0
vertex -39.96784210205078 -34.95100784301758 0
vertex -35.41783905029297 -34.95100784301758 3.549999952316284
endloop
endfacet
facet normal 0 1 0
outer loop
vertex 40.58216094970703 -13.576007843017578 3.549999952316284
vertex 36.03215789794922 -13.576007843017578 0
vertex 36.03215789794922 -13.576007843017578 5
endloop
endfacet
facet normal 0 1 0
outer loop
vertex -16.4178409576416 -56.32600784301758 0
vertex -20.96784019470215 -56.32600784301758 0
vertex -16.4178409576416 -56.32600784301758 3.549999952316284
endloop
endfacet
facet normal 0 1 0
outer loop
vertex 69.13215637207031 5.423991680145264 5
vertex 59.58216094970703 5.423991680145264 3.549999952316284
vertex 55.03215789794922 5.423991680145264 5
endloop
endfacet
facet normal -1 0 0
outer loop
vertex -44.86783981323242 -13.726008415222168 0
vertex -44.86783981323242 -21.377315521240234 0
vertex -44.86783981323242 -13.726008415222168 5
endloop
endfacet
facet normal 0 1 0
outer loop
vertex -1.9678407907485962 -20.701007843017578 0
vertex -1.9678407907485962 -20.701007843017578 5
vertex 2.5821592807769775 -20.701007843017578 3.549999952316284
endloop
endfacet
facet normal 1 0 0
outer loop
vertex 17.03215980529785 19.673992156982422 5
vertex 17.03215980529785 33.773990631103516 0
vertex 17.03215980529785 33.773990631103516 5
endloop
endfacet
facet normal -1 0 0
outer loop
vertex 31.132158279418945 33.773990631103516 0
vertex 31.132158279418945 19.673992156982422 0
vertex 31.132158279418945 33.773990631103516 5
endloop
endfacet
facet normal 0 1 0
outer loop
vertex -44.86783981323242 10.173992156982422 5
vertex -49.41783905029297 10.173992156982422 3.549999952316284
vertex -54.41783905029297 10.173992156982422 3.549999952316284
endloop
endfacet
facet normal 0 -1 0
outer loop
vertex -11.417840957641602 -23.22600746154785 3.549999952316284
vertex -6.867840766906738 -23.22600746154785 0
vertex -6.867840766906738 -23.22600746154785 5
endloop
endfacet
facet normal 0 1 0
outer loop
vertex 59.58216094970703 -13.576007843017578 0
vertex 55.03215789794922 -13.576007843017578 0
vertex 59.58216094970703 -13.576007843017578 3.549999952316284
endloop
endfacet
facet normal 1 0 0
outer loop
vertex 36.03215789794922 19.52399253845215 0
vertex 36.03215789794922 5.423991680145264 5
vertex 36.03215789794922 5.423991680145264 0
endloop
endfacet
facet normal -1 0 0
outer loop
vertex 12.132159233093262 31.39899253845215 5
vertex 12.132159233093262 17.298992156982422 0
vertex 12.132159233093262 17.298992156982422 5
endloop
endfacet
facet normal -1 0 0
outer loop
vertex -25.867841720581055 -1.8510081768035889 5
vertex -25.867841720581055 -15.951007843017578 0
vertex -25.867841720581055 -15.951007843017578 5
endloop
endfacet
facet normal 0 1 0
outer loop
vertex 31.132158279418945 -18.326007843017578 0
vertex 26.5821590423584 -18.326007843017578 3.549999952316284
vertex 31.132158279418945 -18.326007843017578 5
endloop
endfacet
facet normal 0 1 0
outer loop
vertex -16.4178409576416 -18.326007843017578 3.549999952316284
vertex -20.96784019470215 -18.326007843017578 0
vertex -20.96784019470215 -18.326007843017578 5
endloop
endfacet
facet normal 0 1 0
outer loop
vertex 69.13215637207031 5.423991680145264 0
vertex 64.58216094970703 5.423991680145264 3.549999952316284
vertex 69.13215637207031 5.423991680145264 5
endloop
endfacet
facet normal 1 0 0
outer loop
vertex 17.03215980529785 33.773990631103516 0
vertex 17.03215980529785 19.673992156982422 5
vertex 17.03215980529785 19.673992156982422 0
endloop
endfacet
facet normal -0.25881910024753135 -0.9659258115129616 -2.911594800285192e-7
outer loop
vertex -26.027942657470703 40.10844421386719 5
vertex -16.80335235595703 37.636722564697266 3.549999952316284
vertex -12.4083890914917 36.4590950012207 5
endloop
endfacet
facet normal 1 0 0
outer loop
vertex -20.96784019470215 -37.32600784301758 5
vertex -20.96784019470215 -23.22600746154785 0
vertex -20.96784019470215 -23.22600746154785 5
endloop
endfacet
facet normal 0.2588192422726816 0.9659257734574614 0
outer loop
vertex -16.057737350463867 22.839540481567383 0
vertex -20.452699661254883 24.017168045043945 3.549999952316284
vertex -16.057737350463867 22.839540481567383 5
endloop
endfacet
facet normal 0 -1 0
outer loop
vertex -20.96784019470215 -23.22600746154785 0
vertex -16.4178409576416 -23.22600746154785 3.549999952316284
vertex -20.96784019470215 -23.22600746154785 5
endloop
endfacet
facet normal 1 0 0
outer loop
vertex -1.9678407907485962 -1.7010082006454468 5
vertex -1.9678407907485962 12.398991584777832 0
vertex -1.9678407907485962 12.398991584777832 5
endloop
endfacet
facet normal 0 1 0
outer loop
vertex -25.867841720581055 -34.95100784301758 0
vertex -30.4178409576416 -34.95100784301758 3.549999952316284
vertex -25.867841720581055 -34.95100784301758 5
endloop
endfacet
facet normal -1 0 0
outer loop
vertex -44.86783981323242 24.27399253845215 5
vertex -44.86783981323242 10.173992156982422 0
vertex -44.86783981323242 10.173992156982422 5
endloop
endfacet
facet normal -1 0 0
outer loop
vertex 12.132159233093262 12.398991584777832 0
vertex 12.132159233093262 -1.7010082006454468 0
vertex 12.132159233093262 12.398991584777832 5
endloop
endfacet
facet normal 0 -1 0
outer loop
vertex 26.5821590423584 -42.226009368896484 3.549999952316284
vertex 31.132158279418945 -42.226009368896484 0
vertex 31.132158279418945 -42.226009368896484 5
endloop
endfacet
facet normal 0 1 0
outer loop
vertex 31.132158279418945 19.673992156982422 0
vertex 26.5821590423584 19.673992156982422 0
vertex 26.5821590423584 19.673992156982422 3.549999952316284
endloop
endfacet
facet normal 0 -1 0
outer loop
vertex -39.96784210205078 17.14899253845215 5
vertex -39.96784210205078 17.14899253845215 0
vertex -35.41783905029297 17.14899253845215 3.549999952316284
endloop
endfacet
facet normal 0 -1 0
outer loop
vertex 31.132158279418945 14.773991584777832 0
vertex 26.5821590423584 14.773991584777832 3.549999952316284
vertex 26.5821590423584 14.773991584777832 0
endloop
endfacet
facet normal 0 -1 0
outer loop
vertex 64.58216094970703 0.5239918231964111 3.549999952316284
vertex 69.13215637207031 0.5239918231964111 0
vertex 69.13215637207031 0.5239918231964111 5
endloop
endfacet
facet normal 0 1 0
outer loop
vertex -6.867840766906738 -37.32600784301758 5
vertex -16.4178409576416 -37.32600784301758 3.549999952316284
vertex -20.96784019470215 -37.32600784301758 5
endloop
endfacet
facet normal 0 -1 0
outer loop
vertex 17.03215980529785 33.773990631103516 5
vertex 26.5821590423584 33.773990631103516 3.549999952316284
vertex 31.132158279418945 33.773990631103516 5
endloop
endfacet
facet normal 0 -1 0
outer loop
vertex -20.96784019470215 -42.226009368896484 5
vertex -16.4178409576416 -42.226009368896484 3.549999952316284
vertex -11.417840957641602 -42.226009368896484 3.549999952316284
endloop
endfacet
facet normal -0.927183847066166 0.37460661198060075 0
outer loop
vertex -31.09297752380371 42.49466323852539 5
vertex -36.37493133544922 29.421369552612305 0
vertex -36.37493133544922 29.421369552612305 5
endloop
endfacet
facet normal 0 -1 0
outer loop
vertex 17.03215980529785 -4.226008415222168 0
vertex 21.5821590423584 -4.226008415222168 0
vertex 21.5821590423584 -4.226008415222168 3.549999952316284
endloop
endfacet
facet normal 1 0 0
outer loop
vertex -39.96784210205078 3.0489919185638428 5
vertex -39.96784210205078 17.14899253845215 0
vertex -39.96784210205078 17.14899253845215 5
endloop
endfacet
facet normal 0 1 0
outer loop
vertex 31.132158279418945 0.6739917993545532 0
vertex 26.5821590423584 0.6739917993545532 0
vertex 26.5821590423584 0.6739917993545532 3.549999952316284
endloop
endfacet
facet normal 0 1 0
outer loop
vertex 12.132159233093262 17.298992156982422 0
vertex 7.582159042358398 17.298992156982422 3.549999952316284
vertex 12.132159233093262 17.298992156982422 5
endloop
endfacet
facet normal -1 0 0
outer loop
vertex 12.132159233093262 -25.60100746154785 0
vertex 12.132159233093262 -39.70100784301758 0
vertex 12.132159233093262 -25.60100746154785 5
endloop
endfacet
facet normal 0 1 0
outer loop
vertex -35.41783905029297 3.0489919185638428 3.549999952316284
vertex -39.96784210205078 3.0489919185638428 0
vertex -39.96784210205078 3.0489919185638428 5
endloop
endfacet
facet normal 0 1 0
outer loop
vertex 21.5821590423584 0.6739917993545532 0
vertex 17.03215980529785 0.6739917993545532 0
vertex 21.5821590423584 0.6739917993545532 3.549999952316284
endloop
endfacet
facet normal 0 1 0
outer loop
vertex 21.5821590423584 -56.32600784301758 3.549999952316284
vertex 17.03215980529785 -56.32600784301758 0
vertex 17.03215980529785 -56.32600784301758 5
endloop
endfacet
facet normal 0 -1 0
outer loop
vertex -39.96784210205078 -1.8510081768035889 5
vertex -39.96784210205078 -1.8510081768035889 0
vertex -35.41783905029297 -1.8510081768035889 3.549999952316284
endloop
endfacet
facet normal 1 0 0
outer loop
vertex 55.03215789794922 24.423992156982422 0
vertex 55.03215789794922 38.523990631103516 0
vertex 55.03215789794922 24.423992156982422 5
endloop
endfacet
facet normal 0 1 0
outer loop
vertex 12.132159233093262 17.298992156982422 0
vertex 7.582159042358398 17.298992156982422 0
vertex 7.582159042358398 17.298992156982422 3.549999952316284
endloop
endfacet
facet normal -0.3746065896590051 -0.9271838560846758 2.934512144442899e-8
outer loop
vertex -31.09297752380371 42.49466323852539 5
vertex -44.16626739501953 47.776615142822266 5
vertex -35.31166458129883 44.19912338256836 3.549999952316284
endloop
endfacet
facet normal -1 0 0
outer loop
vertex 12.132159233093262 12.398991584777832 5
vertex 12.132159233093262 -1.7010082006454468 0
vertex 12.132159233093262 -1.7010082006454468 5
endloop
endfacet
facet normal 0 -1 0
outer loop
vertex -49.41783905029297 5.273991584777832 3.549999952316284
vertex -44.86783981323242 5.273991584777832 0
vertex -44.86783981323242 5.273991584777832 5
endloop
endfacet
facet normal 0 1 0
outer loop
vertex 2.5821592807769775 17.298992156982422 0
vertex -1.9678407907485962 17.298992156982422 0
vertex 2.5821592807769775 17.298992156982422 3.549999952316284
endloop
endfacet
facet normal 0 -1 0
outer loop
vertex 17.03215980529785 33.773990631103516 5
vertex 21.5821590423584 33.773990631103516 3.549999952316284
vertex 26.5821590423584 33.773990631103516 3.549999952316284
endloop
endfacet
facet normal 0 1 0
outer loop
vertex -6.867840766906738 -56.32600784301758 5
vertex -11.417840957641602 -56.32600784301758 3.549999952316284
vertex -16.4178409576416 -56.32600784301758 3.549999952316284
endloop
endfacet
facet normal 0 -1 0
outer loop
vertex -58.96784210205078 24.27399253845215 0
vertex -54.41783905029297 24.27399253845215 3.549999952316284
vertex -58.96784210205078 24.27399253845215 5
endloop
endfacet
facet normal 1 0 0
outer loop
vertex 17.03215980529785 -18.326007843017578 0
vertex 17.03215980529785 -4.226008415222168 0
vertex 17.03215980529785 -18.326007843017578 5
endloop
endfacet
facet normal 0 -1 0
outer loop
vertex -1.9678407907485962 12.398991584777832 0
vertex 2.5821592807769775 12.398991584777832 3.549999952316284
vertex -1.9678407907485962 12.398991584777832 5
endloop
endfacet
facet normal 0 1 0
outer loop
vertex 12.132159233093262 -1.7010082006454468 0
vertex 7.582159042358398 -1.7010082006454468 0
vertex 7.582159042358398 -1.7010082006454468 3.549999952316284
endloop
endfacet
facet normal 0 1 0
outer loop
vertex -35.41783905029297 -53.95100784301758 0
vertex -39.96784210205078 -53.95100784301758 0
vertex -35.41783905029297 -53.95100784301758 3.549999952316284
endloop
endfacet
facet normal 0 1 0
outer loop
vertex -35.41783905029297 -53.95100784301758 3.549999952316284
vertex -39.96784210205078 -53.95100784301758 5
vertex -25.867841720581055 -53.95100784301758 5
endloop
endfacet
facet normal -0.4999997329745802 -0.8660255579515819 0
outer loop
vertex -61.11056137084961 57.729469299316406 0
vertex -57.17014694213867 55.454471588134766 3.549999952316284
vertex -61.11056137084961 57.729469299316406 5
endloop
endfacet
facet normal 0 1 0
outer loop
vertex 2.5821592807769775 -1.7010082006454468 0
vertex -1.9678407907485962 -1.7010082006454468 0
vertex 2.5821592807769775 -1.7010082006454468 3.549999952316284
endloop
endfacet
facet normal 0 -1 0
outer loop
vertex -35.41783905029297 -39.851009368896484 0
vertex -35.41783905029297 -39.851009368896484 3.549999952316284
vertex -39.96784210205078 -39.851009368896484 0
endloop
endfacet
facet normal 0 1 0
outer loop
vertex 69.13215637207031 -13.576007843017578 5
vertex 59.58216094970703 -13.576007843017578 3.549999952316284
vertex 55.03215789794922 -13.576007843017578 5
endloop
endfacet
facet normal 1 0 0
outer loop
vertex 55.03215789794922 5.423991680145264 5
vertex 55.03215789794922 19.52399253845215 0
vertex 55.03215789794922 19.52399253845215 5
endloop
endfacet
facet normal 0 -1 0
outer loop
vertex 55.03215789794922 -18.47600746154785 5
vertex 59.58216094970703 -18.47600746154785 3.549999952316284
vertex 64.58216094970703 -18.47600746154785 3.549999952316284
endloop
endfacet
facet normal 1 0 0
outer loop
vertex 36.03215789794922 24.423992156982422 5
vertex 36.03215789794922 38.523990631103516 0
vertex 36.03215789794922 38.523990631103516 5
endloop
endfacet
facet normal 0 1 0
outer loop
vertex 69.13215637207031 -32.57600784301758 5
vertex 64.58216094970703 -32.57600784301758 3.549999952316284
vertex 59.58216094970703 -32.57600784301758 3.549999952316284
endloop
endfacet
facet normal 0 1 0
outer loop
vertex -25.867841720581055 -15.951007843017578 5
vertex -30.4178409576416 -15.951007843017578 3.549999952316284
vertex -35.41783905029297 -15.951007843017578 3.549999952316284
endloop
endfacet
facet normal 0 1 0
outer loop
vertex 40.58216094970703 -13.576007843017578 3.549999952316284
vertex 36.03215789794922 -13.576007843017578 5
vertex 50.13216018676758 -13.576007843017578 5
endloop
endfacet
facet normal 0 -1 0
outer loop
vertex -30.4178409576416 -39.851009368896484 0
vertex -25.867841720581055 -39.851009368896484 0
vertex -30.4178409576416 -39.851009368896484 3.549999952316284
endloop
endfacet
facet normal 0 -1 0
outer loop
vertex 36.03215789794922 -18.47600746154785 5
vertex 40.58216094970703 -18.47600746154785 3.549999952316284
vertex 45.58216094970703 -18.47600746154785 3.549999952316284
endloop
endfacet
facet normal 0 1 0
outer loop
vertex 21.5821590423584 0.6739917993545532 3.549999952316284
vertex 17.03215980529785 0.6739917993545532 0
vertex 17.03215980529785 0.6739917993545532 5
endloop
endfacet
facet normal 0 1 0
outer loop
vertex 50.13216018676758 -32.57600784301758 5
vertex 45.58216094970703 -32.57600784301758 3.549999952316284
vertex 40.58216094970703 -32.57600784301758 3.549999952316284
endloop
endfacet
facet normal 0 -1 0
outer loop
vertex -58.96784210205078 5.273991584777832 0
vertex -54.41783905029297 5.273991584777832 3.549999952316284
vertex -58.96784210205078 5.273991584777832 5
endloop
endfacet
facet normal 0 1 0
outer loop
vertex -30.4178409576416 -53.95100784301758 3.549999952316284
vertex -35.41783905029297 -53.95100784301758 3.549999952316284
vertex -25.867841720581055 -53.95100784301758 5
endloop
endfacet
facet normal 0 1 0
outer loop
vertex -44.86783981323242 -46.82600784301758 0
vertex -49.41783905029297 -46.82600784301758 3.549999952316284
vertex -44.86783981323242 -46.82600784301758 5
endloop
endfacet
facet normal -1 0 0
outer loop
vertex -6.867840766906738 -42.226009368896484 5
vertex -6.867840766906738 -56.32600784301758 0
vertex -6.867840766906738 -56.32600784301758 5
endloop
endfacet
facet normal 0 -1 0
outer loop
vertex -54.41783905029297 -32.726009368896484 0
vertex -54.41783905029297 -32.726009368896484 3.549999952316284
vertex -58.96784210205078 -32.726009368896484 0
endloop
endfacet
facet normal 0 1 0
outer loop
vertex 69.13215637207031 -13.576007843017578 0
vertex 64.58216094970703 -13.576007843017578 3.549999952316284
vertex 69.13215637207031 -13.576007843017578 5
endloop
endfacet
facet normal 0 1 0
outer loop
vertex -54.41783905029297 -46.82600784301758 0
vertex -58.96784210205078 -46.82600784301758 0
vertex -54.41783905029297 -46.82600784301758 3.549999952316284
endloop
endfacet
facet normal -1 0 0
outer loop
vertex 69.13215637207031 -18.47600746154785 5
vertex 69.13215637207031 -32.57600784301758 0
vertex 69.13215637207031 -32.57600784301758 5
endloop
endfacet
facet normal 0.2588192422726816 0.9659257734574614 0
outer loop
vertex -25.282329559326172 25.311262130737305 3.549999952316284
vertex -29.677291870117188 26.488889694213867 0
vertex -29.677291870117188 26.488889694213867 5
endloop
endfacet
facet normal 0 1 0
outer loop
vertex -1.9678407907485962 -39.70100784301758 0
vertex -1.9678407907485962 -39.70100784301758 5
vertex 2.5821592807769775 -39.70100784301758 3.549999952316284
endloop
endfacet
facet normal 0 -1 0
outer loop
vertex 36.03215789794922 38.523990631103516 0
vertex 40.58216094970703 38.523990631103516 3.549999952316284
vertex 36.03215789794922 38.523990631103516 5
endloop
endfacet
facet normal 1 0 0
outer loop
vertex 55.03215789794922 -13.576007843017578 5
vertex 55.03215789794922 0.5239918231964111 0
vertex 55.03215789794922 0.5239918231964111 5
endloop
endfacet
facet normal 0 1 0
outer loop
vertex 59.58216094970703 24.423992156982422 0
vertex 55.03215789794922 24.423992156982422 0
vertex 59.58216094970703 24.423992156982422 3.549999952316284
endloop
endfacet
facet normal 0 -1 0
outer loop
vertex -1.9678407907485962 -44.601009368896484 0
vertex 2.5821592807769775 -44.601009368896484 3.549999952316284
vertex -1.9678407907485962 -44.601009368896484 5
endloop
endfacet
facet normal 0 -1 0
outer loop
vertex -44.86783981323242 -32.726009368896484 0
vertex -49.41783905029297 -32.726009368896484 3.549999952316284
vertex -49.41783905029297 -32.726009368896484 0
endloop
endfacet
facet normal 0 -1 0
outer loop
vertex -11.417840957641602 -42.226009368896484 3.549999952316284
vertex -6.867840766906738 -42.226009368896484 0
vertex -6.867840766906738 -42.226009368896484 5
endloop
endfacet
facet normal -0.2588192422726816 -0.9659257734574614 0
outer loop
vertex -21.632980346679688 38.930816650390625 0
vertex -21.632980346679688 38.930816650390625 3.549999952316284
vertex -26.027942657470703 40.10844421386719 0
endloop
endfacet
facet normal 0 1 0
outer loop
vertex 59.58216094970703 -13.576007843017578 3.549999952316284
vertex 55.03215789794922 -13.576007843017578 0
vertex 55.03215789794922 -13.576007843017578 5
endloop
endfacet
facet normal -0.2588188894452716 -0.9659258679966091 0.0000011462034624632936
outer loop
vertex -26.027942657470703 40.10844421386719 5
vertex -21.632980346679688 38.930816650390625 3.549999952316284
vertex -16.80335235595703 37.636722564697266 3.549999952316284
endloop
endfacet
facet normal 0 1 0
outer loop
vertex 50.13216018676758 -13.576007843017578 0
vertex 45.58216094970703 -13.576007843017578 3.549999952316284
vertex 50.13216018676758 -13.576007843017578 5
endloop
endfacet
facet normal 1 0 0
outer loop
vertex -1.9678407907485962 17.298992156982422 0
vertex -1.9678407907485962 31.39899253845215 0
vertex -1.9678407907485962 17.298992156982422 5
endloop
endfacet
facet normal 1 0 0
outer loop
vertex 55.03215789794922 -32.57600784301758 5
vertex 55.03215789794922 -18.47600746154785 0
vertex 55.03215789794922 -18.47600746154785 5
endloop
endfacet
facet normal 0 -1 0
outer loop
vertex 26.5821590423584 33.773990631103516 3.549999952316284
vertex 31.132158279418945 33.773990631103516 0
vertex 31.132158279418945 33.773990631103516 5
endloop
endfacet
facet normal 1 0 0
outer loop
vertex 36.03215789794922 -18.47600746154785 0
vertex 36.03215789794922 -32.57600784301758 5
vertex 36.03215789794922 -32.57600784301758 0
endloop
endfacet
facet normal 0 -1 0
outer loop
vertex -30.4178409576416 17.14899253845215 3.549999952316284
vertex -25.867841720581055 17.14899253845215 0
vertex -25.867841720581055 17.14899253845215 5
endloop
endfacet
facet normal 0 1 0
outer loop
vertex 59.58216094970703 -32.57600784301758 3.549999952316284
vertex 55.03215789794922 -32.57600784301758 0
vertex 55.03215789794922 -32.57600784301758 5
endloop
endfacet
facet normal 0 1 0
outer loop
vertex -35.41783905029297 3.0489919185638428 3.549999952316284
vertex -39.96784210205078 3.0489919185638428 5
vertex -25.867841720581055 3.0489919185638428 5
endloop
endfacet
facet normal 0 -1 0
outer loop
vertex 55.03215789794922 -37.476009368896484 5
vertex 64.58216094970703 -37.476009368896484 3.549999952316284
vertex 69.13215637207031 -37.476009368896484 5
endloop
endfacet
facet normal 0 -1 0
outer loop
vertex 69.13215637207031 0.5239918231964111 0
vertex 64.58216094970703 0.5239918231964111 3.549999952316284
vertex 64.58216094970703 0.5239918231964111 0
endloop
endfacet
facet normal 0 -1 0
outer loop
vertex 55.03215789794922 -37.476009368896484 5
vertex 59.58216094970703 -37.476009368896484 3.549999952316284
vertex 64.58216094970703 -37.476009368896484 3.549999952316284
endloop
endfacet
facet normal 0 1 0
outer loop
vertex 12.132159233093262 -1.7010082006454468 0
vertex 7.582159042358398 -1.7010082006454468 3.549999952316284
vertex 12.132159233093262 -1.7010082006454468 5
endloop
endfacet
facet normal 0 -1 0
outer loop
vertex 45.58216094970703 -37.476009368896484 3.549999952316284
vertex 50.13216018676758 -37.476009368896484 5
vertex 36.03215789794922 -37.476009368896484 5
endloop
endfacet
facet normal 0.9659258160437891 -0.2588190833384205 0
outer loop
vertex -29.677291870117188 26.488889694213867 0
vertex -26.027942657470703 40.10844421386719 0
vertex -29.677291870117188 26.488889694213867 5
endloop
endfacet
facet normal 0 -1 0
outer loop
vertex 36.03215789794922 -37.476009368896484 5
vertex 40.58216094970703 -37.476009368896484 3.549999952316284
vertex 45.58216094970703 -37.476009368896484 3.549999952316284
endloop
endfacet
facet normal 0 -1 0
outer loop
vertex 36.03215789794922 19.52399253845215 0
vertex 40.58216094970703 19.52399253845215 3.549999952316284
vertex 36.03215789794922 19.52399253845215 5
endloop
endfacet
facet normal -1 0 0
outer loop
vertex 69.13215637207031 -37.476009368896484 5
vertex 69.13215637207031 -51.57600784301758 0
vertex 69.13215637207031 -51.57600784301758 5
endloop
endfacet
facet normal 0 -1 0
outer loop
vertex 17.03215980529785 33.773990631103516 5
vertex 17.03215980529785 33.773990631103516 0
vertex 21.5821590423584 33.773990631103516 3.549999952316284
endloop
endfacet
facet normal 0.3746067265877794 0.9271838007618494 0
outer loop
vertex -36.37493133544922 29.421369552612305 0
vertex -40.5936164855957 31.125829696655273 3.549999952316284
vertex -36.37493133544922 29.421369552612305 5
endloop
endfacet
facet normal 0.3746068008823404 0.9271837707448483 -2.514400905619819e-7
outer loop
vertex -45.22953414916992 32.998863220214844 3.549999952316284
vertex -36.37493133544922 29.421369552612305 5
vertex -40.5936164855957 31.125829696655273 3.549999952316284
endloop
endfacet
facet normal 1 0 0
outer loop
vertex -20.96784019470215 0.6739917993545532 5
vertex -20.96784019470215 14.773991584777832 0
vertex -20.96784019470215 14.773991584777832 5
endloop
endfacet
facet normal 0 -1 0
outer loop
vertex -11.417840957641602 14.773991584777832 0
vertex -6.867840766906738 14.773991584777832 0
vertex -11.417840957641602 14.773991584777832 3.549999952316284
endloop
endfacet
facet normal 0 1 0
outer loop
vertex 69.13215637207031 -51.57600784301758 0
vertex 64.58216094970703 -51.57600784301758 3.549999952316284
vertex 69.13215637207031 -51.57600784301758 5
endloop
endfacet
facet normal -1 0 0
outer loop
vertex 31.132158279418945 -23.22600746154785 5
vertex 31.132158279418945 -37.32600784301758 0
vertex 31.132158279418945 -37.32600784301758 5
endloop
endfacet
facet normal -1 0 0
outer loop
vertex 50.13216018676758 -37.476009368896484 5
vertex 50.13216018676758 -51.57600784301758 0
vertex 50.13216018676758 -51.57600784301758 5
endloop
endfacet
facet normal 0 -1 0
outer loop
vertex 17.03215980529785 14.773991584777832 5
vertex 26.5821590423584 14.773991584777832 3.549999952316284
vertex 31.132158279418945 14.773991584777832 5
endloop
endfacet
facet normal -1 0 0
outer loop
vertex -25.867841720581055 17.14899253845215 5
vertex -25.867841720581055 3.0489919185638428 0
vertex -25.867841720581055 3.0489919185638428 5
endloop
endfacet
facet normal 0 -1 0
outer loop
vertex 50.13216018676758 38.523990631103516 5
vertex 36.03215789794922 38.523990631103516 5
vertex 45.58216094970703 38.523990631103516 3.549999952316284
endloop
endfacet
facet normal -1 0 0
outer loop
vertex 69.13215637207031 38.523990631103516 0
vertex 69.13215637207031 24.423992156982422 0
vertex 69.13215637207031 38.523990631103516 5
endloop
endfacet
facet normal 0 1 0
outer loop
vertex -6.867840766906738 0.6739917993545532 0
vertex -11.417840957641602 0.6739917993545532 0
vertex -11.417840957641602 0.6739917993545532 3.549999952316284
endloop
endfacet
facet normal 0 -1 0
outer loop
vertex 45.58216094970703 -37.476009368896484 3.549999952316284
vertex 50.13216018676758 -37.476009368896484 0
vertex 50.13216018676758 -37.476009368896484 5
endloop
endfacet
facet normal 1 0 0
outer loop
vertex -58.96784210205078 -8.826007843017578 0
vertex -58.96784210205078 5.273991584777832 0
vertex -58.96784210205078 -8.826007843017578 5
endloop
endfacet
facet normal 0 1 0
outer loop
vertex -16.4178409576416 0.6739917993545532 3.549999952316284
vertex -20.96784019470215 0.6739917993545532 0
vertex -20.96784019470215 0.6739917993545532 5
endloop
endfacet
facet normal 0 1 0
outer loop
vertex 40.58216094970703 5.423991680145264 3.549999952316284
vertex 36.03215789794922 5.423991680145264 5
vertex 50.13216018676758 5.423991680145264 5
endloop
endfacet
facet normal 0 1 0
outer loop
vertex -1.9678407907485962 -58.70100784301758 0
vertex -1.9678407907485962 -58.70100784301758 5
vertex 2.5821592807769775 -58.70100784301758 3.549999952316284
endloop
endfacet
facet normal 0 -1 0
outer loop
vertex -20.96784019470215 14.773991584777832 5
vertex -16.4178409576416 14.773991584777832 3.549999952316284
vertex -11.417840957641602 14.773991584777832 3.549999952316284
endloop
endfacet
facet normal 1 0 0
outer loop
vertex -20.96784019470215 -56.32600784301758 5
vertex -20.96784019470215 -42.226009368896484 0
vertex -20.96784019470215 -42.226009368896484 5
endloop
endfacet
facet normal 0 1 0
outer loop
vertex -25.867841720581055 3.0489919185638428 0
vertex -30.4178409576416 3.0489919185638428 3.549999952316284
vertex -25.867841720581055 3.0489919185638428 5
endloop
endfacet
facet normal 0.2588192422726816 0.9659257734574614 0
outer loop
vertex -16.057737350463867 22.839540481567383 0
vertex -20.452699661254883 24.017168045043945 0
vertex -20.452699661254883 24.017168045043945 3.549999952316284
endloop
endfacet
facet normal 1 0 0
outer loop
vertex -1.9678407907485962 17.298992156982422 5
vertex -1.9678407907485962 31.39899253845215 0
vertex -1.9678407907485962 31.39899253845215 5
endloop
endfacet
facet normal 0 1 0
outer loop
vertex -16.4178409576416 -37.32600784301758 3.549999952316284
vertex -20.96784019470215 -37.32600784301758 0
vertex -20.96784019470215 -37.32600784301758 5
endloop
endfacet
facet normal 0 -1 0
outer loop
vertex -30.4178409576416 17.14899253845215 0
vertex -25.867841720581055 17.14899253845215 0
vertex -30.4178409576416 17.14899253845215 3.549999952316284
endloop
endfacet
facet normal 0 -1 0
outer loop
vertex -30.4178409576416 -39.851009368896484 3.549999952316284
vertex -25.867841720581055 -39.851009368896484 0
vertex -25.867841720581055 -39.851009368896484 5
endloop
endfacet
facet normal 0 -1 0
outer loop
vertex -58.96784210205078 5.273991584777832 5
vertex -49.41783905029297 5.273991584777832 3.549999952316284
vertex -44.86783981323242 5.273991584777832 5
endloop
endfacet
facet normal 0 -1 0
outer loop
vertex 36.03215789794922 19.52399253845215 0
vertex 40.58216094970703 19.52399253845215 0
vertex 40.58216094970703 19.52399253845215 3.549999952316284
endloop
endfacet
facet normal 1 0 0
outer loop
vertex -58.96784210205078 -27.826007843017578 0
vertex -58.96784210205078 -13.726008415222168 0
vertex -58.96784210205078 -27.826007843017578 5
endloop
endfacet
facet normal 0 1 0
outer loop
vertex 31.132158279418945 19.673992156982422 5
vertex 26.5821590423584 19.673992156982422 3.549999952316284
vertex 21.5821590423584 19.673992156982422 3.549999952316284
endloop
endfacet
facet normal 0 -1 0
outer loop
vertex 45.58216094970703 19.52399253845215 3.549999952316284
vertex 50.13216018676758 19.52399253845215 0
vertex 50.13216018676758 19.52399253845215 5
endloop
endfacet
facet normal -1 0 0
outer loop
vertex 31.132158279418945 -4.226008415222168 0
vertex 31.132158279418945 -18.326007843017578 0
vertex 31.132158279418945 -4.226008415222168 5
endloop
endfacet
facet normal 0 -1 0
outer loop
vertex 45.58216094970703 0.5239918231964111 0
vertex 50.13216018676758 0.5239918231964111 0
vertex 45.58216094970703 0.5239918231964111 3.549999952316284
endloop
endfacet
facet normal 0 1 0
outer loop
vertex -44.86783981323242 -8.826007843017578 5
vertex -54.41783905029297 -8.826007843017578 3.549999952316284
vertex -58.96784210205078 -8.826007843017578 5
endloop
endfacet
facet normal 0 -1 0
outer loop
vertex 17.03215980529785 14.773991584777832 5
vertex 21.5821590423584 14.773991584777832 3.549999952316284
vertex 26.5821590423584 14.773991584777832 3.549999952316284
endloop
endfacet
facet normal 0 1 0
outer loop
vertex -44.86783981323242 -8.826007843017578 5
vertex -49.41783905029297 -8.826007843017578 3.549999952316284
vertex -54.41783905029297 -8.826007843017578 3.549999952316284
endloop
endfacet
facet normal -0.5000000091642411 -0.866025398492519 -0.0000012776234005178379
outer loop
vertex -61.11056137084961 57.729469299316406 5
vertex -52.84001922607422 52.954471588134766 3.549999952316284
vertex -48.89960479736328 50.67947006225586 5
endloop
endfacet
facet normal 0 -1 0
outer loop
vertex -30.4178409576416 -1.8510081768035889 0
vertex -25.867841720581055 -1.8510081768035889 0
vertex -30.4178409576416 -1.8510081768035889 3.549999952316284
endloop
endfacet
facet normal -1 0 0
outer loop
vertex 69.13215637207031 19.52399253845215 0
vertex 69.13215637207031 5.423991680145264 0
vertex 69.13215637207031 19.52399253845215 5
endloop
endfacet
facet normal 0 1 0
outer loop
vertex -44.86783981323242 -27.826007843017578 5
vertex -54.41783905029297 -27.826007843017578 3.549999952316284
vertex -58.96784210205078 -27.826007843017578 5
endloop
endfacet
facet normal 0 1 0
outer loop
vertex 31.132158279418945 0.6739917993545532 5
vertex 21.5821590423584 0.6739917993545532 3.549999952316284
vertex 17.03215980529785 0.6739917993545532 5
endloop
endfacet
facet normal -0.4999999396255752 -0.8660254386413025 -7.487731991500754e-7
outer loop
vertex -61.11056137084961 57.729469299316406 5
vertex -57.17014694213867 55.454471588134766 3.549999952316284
vertex -52.84001922607422 52.954471588134766 3.549999952316284
endloop
endfacet
facet normal 0.3746066589647402 0.9271838280830305 7.566639904614907e-7
outer loop
vertex -36.37493133544922 29.421369552612305 5
vertex -45.22953414916992 32.998863220214844 3.549999952316284
vertex -49.44822311401367 34.70332336425781 5
endloop
endfacet
facet normal 0 1 0
outer loop
vertex -44.86783981323242 -27.826007843017578 5
vertex -49.41783905029297 -27.826007843017578 3.549999952316284
vertex -54.41783905029297 -27.826007843017578 3.549999952316284
endloop
endfacet
facet normal 0 1 0
outer loop
vertex 21.5821590423584 -56.32600784301758 0
vertex 17.03215980529785 -56.32600784301758 0
vertex 21.5821590423584 -56.32600784301758 3.549999952316284
endloop
endfacet
facet normal 0 1 0
outer loop
vertex 50.13216018676758 -51.57600784301758 0
vertex 45.58216094970703 -51.57600784301758 0
vertex 45.58216094970703 -51.57600784301758 3.549999952316284
endloop
endfacet
facet normal -1 0 0
outer loop
vertex 31.132158279418945 33.773990631103516 5
vertex 31.132158279418945 19.673992156982422 0
vertex 31.132158279418945 19.673992156982422 5
endloop
endfacet
facet normal 0 -1 0
outer loop
vertex 40.58216094970703 0.5239918231964111 0
vertex 40.58216094970703 0.5239918231964111 3.549999952316284
vertex 36.03215789794922 0.5239918231964111 0
endloop
endfacet
facet normal 0 1 0
outer loop
vertex -6.867840766906738 0.6739917993545532 5
vertex -11.417840957641602 0.6739917993545532 3.549999952316284
vertex -16.4178409576416 0.6739917993545532 3.549999952316284
endloop
endfacet
facet normal 0 -1 0
outer loop
vertex 50.13216018676758 -37.476009368896484 0
vertex 45.58216094970703 -37.476009368896484 3.549999952316284
vertex 45.58216094970703 -37.476009368896484 0
endloop
endfacet
facet normal 1 0 0
outer loop
vertex 36.03215789794922 -51.57600784301758 5
vertex 36.03215789794922 -37.476009368896484 0
vertex 36.03215789794922 -37.476009368896484 5
endloop
endfacet
facet normal 0 1 0
outer loop
vertex 59.58216094970703 -51.57600784301758 0
vertex 55.03215789794922 -51.57600784301758 0
vertex 59.58216094970703 -51.57600784301758 3.549999952316284
endloop
endfacet
facet normal 0 1 0
outer loop
vertex 31.132158279418945 0.6739917993545532 0
vertex 26.5821590423584 0.6739917993545532 3.549999952316284
vertex 31.132158279418945 0.6739917993545532 5
endloop
endfacet
facet normal 0 -1 0
outer loop
vertex -58.96784210205078 24.27399253845215 5
vertex -54.41783905029297 24.27399253845215 3.549999952316284
vertex -49.41783905029297 24.27399253845215 3.549999952316284
endloop
endfacet
facet normal 0 -1 0
outer loop
vertex -16.4178409576416 -42.226009368896484 0
vertex -16.4178409576416 -42.226009368896484 3.549999952316284
vertex -20.96784019470215 -42.226009368896484 0
endloop
endfacet
facet normal 0 -1 0
outer loop
vertex 59.58216094970703 -37.476009368896484 0
vertex 59.58216094970703 -37.476009368896484 3.549999952316284
vertex 55.03215789794922 -37.476009368896484 0
endloop
endfacet
facet normal 0 1 0
outer loop
vertex 2.5821592807769775 -39.70100784301758 3.549999952316284
vertex -1.9678407907485962 -39.70100784301758 5
vertex 12.132159233093262 -39.70100784301758 5
endloop
endfacet
facet normal 0 -1 0
outer loop
vertex -58.96784210205078 -13.726008415222168 0
vertex -54.41783905029297 -13.726008415222168 0
vertex -54.41783905029297 -13.726008415222168 3.549999952316284
endloop
endfacet
facet normal 1 0 0
outer loop
vertex -1.9678407907485962 -6.601008415222168 0
vertex -1.9678407907485962 -20.701007843017578 5
vertex -1.9678407907485962 -20.701007843017578 0
endloop
endfacet
facet normal 1 0 0
outer loop
vertex 55.03215789794922 -37.476009368896484 0
vertex 55.03215789794922 -51.57600784301758 5
vertex 55.03215789794922 -51.57600784301758 0
endloop
endfacet
facet normal 0 -1 0
outer loop
vertex -1.9678407907485962 31.39899253845215 5
vertex 7.582159042358398 31.39899253845215 3.549999952316284
vertex 12.132159233093262 31.39899253845215 5
endloop
endfacet
facet normal -0.3746064729440773 -0.9271839032401616 8.584228120403724e-7
outer loop
vertex -44.16626739501953 47.776615142822266 5
vertex -39.94758224487305 46.0721549987793 3.549999952316284
vertex -35.31166458129883 44.19912338256836 3.549999952316284
endloop
endfacet
facet normal 0.5000000091642411 0.866025398492519 -0.0000012776234005178379
outer loop
vertex -55.94960403442383 38.46851348876953 5
vertex -64.22014617919922 43.24351119995117 3.549999952316284
vertex -68.16056060791016 45.51851272583008 5
endloop
endfacet
facet normal 0 -1 0
outer loop
vertex -39.96784210205078 -20.85100746154785 5
vertex -30.4178409576416 -20.85100746154785 3.549999952316284
vertex -25.867841720581055 -20.85100746154785 5
endloop
endfacet
facet normal 0 1 0
outer loop
vertex 50.13216018676758 5.423991680145264 5
vertex 45.58216094970703 5.423991680145264 3.549999952316284
vertex 40.58216094970703 5.423991680145264 3.549999952316284
endloop
endfacet
facet normal 0 -1 0
outer loop
vertex 7.582159042358398 -25.60100746154785 3.549999952316284
vertex 12.132159233093262 -25.60100746154785 0
vertex 12.132159233093262 -25.60100746154785 5
endloop
endfacet
facet normal 0 -1 0
outer loop
vertex 17.03215980529785 33.773990631103516 0
vertex 21.5821590423584 33.773990631103516 0
vertex 21.5821590423584 33.773990631103516 3.549999952316284
endloop
endfacet
facet normal 0 1 0
outer loop
vertex 2.5821592807769775 -58.70100784301758 0
vertex -1.9678407907485962 -58.70100784301758 0
vertex 2.5821592807769775 -58.70100784301758 3.549999952316284
endloop
endfacet
facet normal 1 0 0
outer loop
vertex 17.03215980529785 -37.32600784301758 5
vertex 17.03215980529785 -23.22600746154785 0
vertex 17.03215980529785 -23.22600746154785 5
endloop
endfacet
facet normal 0 1 0
outer loop
vertex -6.867840766906738 -18.326007843017578 0
vertex -11.417840957641602 -18.326007843017578 0
vertex -11.417840957641602 -18.326007843017578 3.549999952316284
endloop
endfacet
facet normal 0 -1 0
outer loop
vertex 64.58216094970703 19.52399253845215 3.549999952316284
vertex 69.13215637207031 19.52399253845215 0
vertex 69.13215637207031 19.52399253845215 5
endloop
endfacet
facet normal 0 1 0
outer loop
vertex 59.58216094970703 24.423992156982422 3.549999952316284
vertex 55.03215789794922 24.423992156982422 0
vertex 55.03215789794922 24.423992156982422 5
endloop
endfacet
facet normal 0 -1 0
outer loop
vertex -1.9678407907485962 31.39899253845215 5
vertex 2.5821592807769775 31.39899253845215 3.549999952316284
vertex 7.582159042358398 31.39899253845215 3.549999952316284
endloop
endfacet
facet normal 0 1 0
outer loop
vertex 50.13216018676758 5.423991680145264 0
vertex 45.58216094970703 5.423991680145264 3.549999952316284
vertex 50.13216018676758 5.423991680145264 5
endloop
endfacet
facet normal 0 -1 0
outer loop
vertex 40.58216094970703 -18.47600746154785 0
vertex 40.58216094970703 -18.47600746154785 3.549999952316284
vertex 36.03215789794922 -18.47600746154785 0
endloop
endfacet
facet normal 0 -1 0
outer loop
vertex -11.417840957641602 -23.22600746154785 0
vertex -6.867840766906738 -23.22600746154785 0
vertex -11.417840957641602 -23.22600746154785 3.549999952316284
endloop
endfacet
facet normal 1 0 0
outer loop
vertex -39.96784210205078 -15.951007843017578 5
vertex -39.96784210205078 -1.8510081768035889 0
vertex -39.96784210205078 -1.8510081768035889 5
endloop
endfacet
facet normal 0 1 0
outer loop
vertex -44.86783981323242 10.173992156982422 5
vertex -54.41783905029297 10.173992156982422 3.549999952316284
vertex -58.96784210205078 10.173992156982422 5
endloop
endfacet
facet normal 0 1 0
outer loop
vertex -44.86783981323242 -8.826007843017578 0
vertex -49.41783905029297 -8.826007843017578 3.549999952316284
vertex -44.86783981323242 -8.826007843017578 5
endloop
endfacet
facet normal -0.5000003617709581 -0.8660251949157778 0
outer loop
vertex -52.84001922607422 52.954471588134766 3.549999952316284
vertex -48.89960479736328 50.67947006225586 0
vertex -48.89960479736328 50.67947006225586 5
endloop
endfacet
facet normal 0 -1 0
outer loop
vertex -49.41783905029297 -13.726008415222168 3.549999952316284
vertex -44.86783981323242 -13.726008415222168 0
vertex -44.86783981323242 -13.726008415222168 5
endloop
endfacet
facet normal 0 1 0
outer loop
vertex 50.13216018676758 24.423992156982422 5
vertex 45.58216094970703 24.423992156982422 3.549999952316284
vertex 40.58216094970703 24.423992156982422 3.549999952316284
endloop
endfacet
facet normal -1 0 0
outer loop
vertex -44.86783981323242 -13.726008415222168 5
vertex -44.86783981323242 -27.826007843017578 0
vertex -44.86783981323242 -27.826007843017578 5
endloop
endfacet
facet normal 0 1 0
outer loop
vertex 50.13216018676758 24.423992156982422 0
vertex 45.58216094970703 24.423992156982422 3.549999952316284
vertex 50.13216018676758 24.423992156982422 5
endloop
endfacet
facet normal 0.9271837810990389 -0.3746067752549194 0
outer loop
vertex -49.44822311401367 34.70332336425781 5
vertex -44.16626739501953 47.776615142822266 0
vertex -44.16626739501953 47.776615142822266 5
endloop
endfacet
facet normal 0 -1 0
outer loop
vertex 55.03215789794922 0.5239918231964111 5
vertex 59.58216094970703 0.5239918231964111 3.549999952316284
vertex 64.58216094970703 0.5239918231964111 3.549999952316284
endloop
endfacet
facet normal 0 1 0
outer loop
vertex -44.86783981323242 -27.826007843017578 0
vertex -49.41783905029297 -27.826007843017578 3.549999952316284
vertex -44.86783981323242 -27.826007843017578 5
endloop
endfacet
facet normal -0.3746067265877794 -0.9271838007618494 0
outer loop
vertex -39.94758224487305 46.0721549987793 0
vertex -39.94758224487305 46.0721549987793 3.549999952316284
vertex -44.16626739501953 47.776615142822266 0
endloop
endfacet
facet normal 0 -1 0
outer loop
vertex -49.41783905029297 -32.726009368896484 3.549999952316284
vertex -44.86783981323242 -32.726009368896484 0
vertex -44.86783981323242 -32.726009368896484 5
endloop
endfacet
facet normal 0 -1 0
outer loop
vertex -1.9678407907485962 12.398991584777832 5
vertex 7.582159042358398 12.398991584777832 3.549999952316284
vertex 12.132159233093262 12.398991584777832 5
endloop
endfacet
facet normal 0 1 0
outer loop
vertex -54.41783905029297 -8.826007843017578 3.549999952316284
vertex -58.96784210205078 -8.826007843017578 0
vertex -58.96784210205078 -8.826007843017578 5
endloop
endfacet
facet normal 0 1 0
outer loop
vertex -44.86783981323242 -8.826007843017578 0
vertex -49.41783905029297 -8.826007843017578 0
vertex -49.41783905029297 -8.826007843017578 3.549999952316284
endloop
endfacet
facet normal 0 1 0
outer loop
vertex 50.13216018676758 -13.576007843017578 0
vertex 45.58216094970703 -13.576007843017578 0
vertex 45.58216094970703 -13.576007843017578 3.549999952316284
endloop
endfacet
facet normal -1 0 0
outer loop
vertex 69.13215637207031 -18.47600746154785 0
vertex 69.13215637207031 -32.57600784301758 0
vertex 69.13215637207031 -18.47600746154785 5
endloop
endfacet
facet normal 0 -1 0
outer loop
vertex -58.96784210205078 -13.726008415222168 0
vertex -54.41783905029297 -13.726008415222168 3.549999952316284
vertex -58.96784210205078 -13.726008415222168 5
endloop
endfacet
facet normal -1 0 0
outer loop
vertex 69.13215637207031 19.52399253845215 5
vertex 69.13215637207031 5.423991680145264 0
vertex 69.13215637207031 5.423991680145264 5
endloop
endfacet
facet normal 0 1 0
outer loop
vertex -54.41783905029297 -27.826007843017578 3.549999952316284
vertex -58.96784210205078 -27.826007843017578 0
vertex -58.96784210205078 -27.826007843017578 5
endloop
endfacet
facet normal 0.37460643538876826 0.9271839184138823 0
outer loop
vertex -45.22953414916992 32.998863220214844 3.549999952316284
vertex -49.44822311401367 34.70332336425781 0
vertex -49.44822311401367 34.70332336425781 5
endloop
endfacet
facet normal 0 -1 0
outer loop
vertex 55.03215789794922 -18.47600746154785 0
vertex 59.58216094970703 -18.47600746154785 0
vertex 59.58216094970703 -18.47600746154785 3.549999952316284
endloop
endfacet
facet normal 0 1 0
outer loop
vertex -44.86783981323242 -46.82600784301758 5
vertex -49.41783905029297 -46.82600784301758 3.549999952316284
vertex -54.41783905029297 -46.82600784301758 3.549999952316284
endloop
endfacet
facet normal -1 0 0
outer loop
vertex 50.13216018676758 0.5239918231964111 0
vertex 50.13216018676758 -13.576007843017578 0
vertex 50.13216018676758 0.5239918231964111 5
endloop
endfacet
facet normal 0 -1 0
outer loop
vertex 17.03215980529785 -42.226009368896484 0
vertex 21.5821590423584 -42.226009368896484 3.549999952316284
vertex 17.03215980529785 -42.226009368896484 5
endloop
endfacet
facet normal 0 1 0
outer loop
vertex 31.132158279418945 -56.32600784301758 0
vertex 26.5821590423584 -56.32600784301758 3.549999952316284
vertex 31.132158279418945 -56.32600784301758 5
endloop
endfacet
facet normal 0 1 0
outer loop
vertex 31.132158279418945 -37.32600784301758 5
vertex 21.5821590423584 -37.32600784301758 3.549999952316284
vertex 17.03215980529785 -37.32600784301758 5
endloop
endfacet
facet normal 0 -1 0
outer loop
vertex 45.58216094970703 38.523990631103516 3.549999952316284
vertex 50.13216018676758 38.523990631103516 0
vertex 50.13216018676758 38.523990631103516 5
endloop
endfacet
facet normal 0 1 0
outer loop
vertex 2.5821592807769775 17.298992156982422 3.549999952316284
vertex -1.9678407907485962 17.298992156982422 5
vertex 12.132159233093262 17.298992156982422 5
endloop
endfacet
facet normal -0.8660253984932259 0.5000000091646493 0
outer loop
vertex -48.89960479736328 50.67947006225586 0
vertex -55.94960403442383 38.46851348876953 0
vertex -48.89960479736328 50.67947006225586 5
endloop
endfacet
facet normal -1 0 0
outer loop
vertex 7.582159042358398 -43.90100860595703 0
vertex 7.582159042358398 -44.601009368896484 0
vertex 7.582159042358398 -43.90100860595703 3.549999952316284
endloop
endfacet
facet normal 0 -1 0
outer loop
vertex 2.5821592807769775 -43.90100860595703 0
vertex 7.582159042358398 -43.90100860595703 0
vertex 7.582159042358398 -43.90100860595703 3.549999952316284
endloop
endfacet
facet normal 1 0 0
outer loop
vertex 2.5821592807769775 -44.601009368896484 3.549999952316284
vertex 2.5821592807769775 -44.601009368896484 0
vertex 2.5821592807769775 -43.90100860595703 0
endloop
endfacet
facet normal 0 0 -1
outer loop
vertex 7.582159042358398 -43.90100860595703 3.549999952316284
vertex 7.582159042358398 -44.601009368896484 3.549999952316284
vertex 2.5821592807769775 -43.90100860595703 3.549999952316284
endloop
endfacet
facet normal 0 0 -1
outer loop
vertex 2.5821592807769775 -43.90100860595703 3.549999952316284
vertex 7.582159042358398 -44.601009368896484 3.549999952316284
vertex 2.5821592807769775 -44.601009368896484 3.549999952316284
endloop
endfacet
facet normal -1 0 0
outer loop
vertex 7.582159042358398 -43.90100860595703 3.549999952316284
vertex 7.582159042358398 -44.601009368896484 0
vertex 7.582159042358398 -44.601009368896484 3.549999952316284
endloop
endfacet
facet normal 0 -1 0
outer loop
vertex 2.5821592807769775 -43.90100860595703 3.549999952316284
vertex 2.5821592807769775 -43.90100860595703 0
vertex 7.582159042358398 -43.90100860595703 3.549999952316284
endloop
endfacet
facet normal 1 0 0
outer loop
vertex 2.5821592807769775 -44.601009368896484 3.549999952316284
vertex 2.5821592807769775 -43.90100860595703 0
vertex 2.5821592807769775 -43.90100860595703 3.549999952316284
endloop
endfacet
facet normal 1 0 0
outer loop
vertex 2.5821592807769775 -58.70100784301758 0
vertex 2.5821592807769775 -59.40100860595703 3.549999952316284
vertex 2.5821592807769775 -59.40100860595703 0
endloop
endfacet
facet normal 0 1 0
outer loop
vertex 7.582159042358398 -59.40100860595703 0
vertex 2.5821592807769775 -59.40100860595703 0
vertex 2.5821592807769775 -59.40100860595703 3.549999952316284
endloop
endfacet
facet normal -1 0 0
outer loop
vertex 7.582159042358398 -58.70100784301758 0
vertex 7.582159042358398 -59.40100860595703 0
vertex 7.582159042358398 -58.70100784301758 3.549999952316284
endloop
endfacet
facet normal 0 0 -1
outer loop
vertex 7.582159042358398 -58.70100784301758 3.549999952316284
vertex 7.582159042358398 -59.40100860595703 3.549999952316284
vertex 2.5821592807769775 -58.70100784301758 3.549999952316284
endloop
endfacet
facet normal 0 0 -1
outer loop
vertex 7.582159042358398 -59.40100860595703 3.549999952316284
vertex 2.5821592807769775 -59.40100860595703 3.549999952316284
vertex 2.5821592807769775 -58.70100784301758 3.549999952316284
endloop
endfacet
facet normal -1 0 0
outer loop
vertex 7.582159042358398 -58.70100784301758 3.549999952316284
vertex 7.582159042358398 -59.40100860595703 0
vertex 7.582159042358398 -59.40100860595703 3.549999952316284
endloop
endfacet
facet normal 0 1 0
outer loop
vertex 7.582159042358398 -59.40100860595703 0
vertex 2.5821592807769775 -59.40100860595703 3.549999952316284
vertex 7.582159042358398 -59.40100860595703 3.549999952316284
endloop
endfacet
facet normal 1 0 0
outer loop
vertex 2.5821592807769775 -59.40100860595703 3.549999952316284
vertex 2.5821592807769775 -58.70100784301758 0
vertex 2.5821592807769775 -58.70100784301758 3.549999952316284
endloop
endfacet
facet normal 1 0 0
outer loop
vertex 21.5821590423584 -42.226009368896484 3.549999952316284
vertex 21.5821590423584 -42.226009368896484 0
vertex 21.5821590423584 -41.52600860595703 0
endloop
endfacet
facet normal -1 0 0
outer loop
vertex 26.5821590423584 -56.32600784301758 0
vertex 26.5821590423584 -57.02600860595703 0
vertex 26.5821590423584 -56.32600784301758 3.549999952316284
endloop
endfacet
facet normal 0 1 0
outer loop
vertex 21.5821590423584 -57.02600860595703 0
vertex 21.5821590423584 -57.02600860595703 3.549999952316284
vertex 26.5821590423584 -57.02600860595703 0
endloop
endfacet
facet normal 1 0 0
outer loop
vertex 21.5821590423584 -56.32600784301758 0
vertex 21.5821590423584 -57.02600860595703 3.549999952316284
vertex 21.5821590423584 -57.02600860595703 0
endloop
endfacet
facet normal -1 0 0
outer loop
vertex 26.5821590423584 -41.52600860595703 3.549999952316284
vertex 26.5821590423584 -42.226009368896484 0
vertex 26.5821590423584 -42.226009368896484 3.549999952316284
endloop
endfacet
facet normal 0 0 -1
outer loop
vertex 26.5821590423584 -41.52600860595703 3.549999952316284
vertex 26.5821590423584 -42.226009368896484 3.549999952316284
vertex 21.5821590423584 -41.52600860595703 3.549999952316284
endloop
endfacet
facet normal 0 0 -1
outer loop
vertex 21.5821590423584 -41.52600860595703 3.549999952316284
vertex 26.5821590423584 -42.226009368896484 3.549999952316284
vertex 21.5821590423584 -42.226009368896484 3.549999952316284
endloop
endfacet
facet normal 0 -1 0
outer loop
vertex 21.5821590423584 -41.52600860595703 3.549999952316284
vertex 21.5821590423584 -41.52600860595703 0
vertex 26.5821590423584 -41.52600860595703 3.549999952316284
endloop
endfacet
facet normal 1 0 0
outer loop
vertex 21.5821590423584 -42.226009368896484 3.549999952316284
vertex 21.5821590423584 -41.52600860595703 0
vertex 21.5821590423584 -41.52600860595703 3.549999952316284
endloop
endfacet
facet normal 0 0 -1
outer loop
vertex 26.5821590423584 -56.32600784301758 3.549999952316284
vertex 26.5821590423584 -57.02600860595703 3.549999952316284
vertex 21.5821590423584 -56.32600784301758 3.549999952316284
endloop
endfacet
facet normal 0 0 -1
outer loop
vertex 26.5821590423584 -57.02600860595703 3.549999952316284
vertex 21.5821590423584 -57.02600860595703 3.549999952316284
vertex 21.5821590423584 -56.32600784301758 3.549999952316284
endloop
endfacet
facet normal -1 0 0
outer loop
vertex 26.5821590423584 -56.32600784301758 3.549999952316284
vertex 26.5821590423584 -57.02600860595703 0
vertex 26.5821590423584 -57.02600860595703 3.549999952316284
endloop
endfacet
facet normal 0 1 0
outer loop
vertex 26.5821590423584 -57.02600860595703 0
vertex 21.5821590423584 -57.02600860595703 3.549999952316284
vertex 26.5821590423584 -57.02600860595703 3.549999952316284
endloop
endfacet
facet normal 1 0 0
outer loop
vertex 21.5821590423584 -57.02600860595703 3.549999952316284
vertex 21.5821590423584 -56.32600784301758 0
vertex 21.5821590423584 -56.32600784301758 3.549999952316284
endloop
endfacet
facet normal -1 0 0
outer loop
vertex 26.5821590423584 -41.52600860595703 0
vertex 26.5821590423584 -42.226009368896484 0
vertex 26.5821590423584 -41.52600860595703 3.549999952316284
endloop
endfacet
facet normal 0 -1 0
outer loop
vertex 26.5821590423584 -41.52600860595703 0
vertex 26.5821590423584 -41.52600860595703 3.549999952316284
vertex 21.5821590423584 -41.52600860595703 0
endloop
endfacet
facet normal 0 0 -1
outer loop
vertex -11.417840957641602 -57.02600860595703 3.549999952316284
vertex -16.4178409576416 -57.02600860595703 3.549999952316284
vertex -16.4178409576416 -56.32600784301758 3.549999952316284
endloop
endfacet
facet normal 0 0 -1
outer loop
vertex -11.417840957641602 -56.32600784301758 3.549999952316284
vertex -11.417840957641602 -57.02600860595703 3.549999952316284
vertex -16.4178409576416 -56.32600784301758 3.549999952316284
endloop
endfacet
facet normal 0 0 -1
outer loop
vertex -16.4178409576416 -41.52600860595703 3.549999952316284
vertex -11.417840957641602 -42.226009368896484 3.549999952316284
vertex -16.4178409576416 -42.226009368896484 3.549999952316284
endloop
endfacet
facet normal 0 0 -1
outer loop
vertex -11.417840957641602 -41.52600860595703 3.549999952316284
vertex -11.417840957641602 -42.226009368896484 3.549999952316284
vertex -16.4178409576416 -41.52600860595703 3.549999952316284
endloop
endfacet
facet normal 1 0 0
outer loop
vertex -16.4178409576416 -57.02600860595703 3.549999952316284
vertex -16.4178409576416 -56.32600784301758 0
vertex -16.4178409576416 -56.32600784301758 3.549999952316284
endloop
endfacet
facet normal 0 1 0
outer loop
vertex -11.417840957641602 -57.02600860595703 0
vertex -16.4178409576416 -57.02600860595703 3.549999952316284
vertex -11.417840957641602 -57.02600860595703 3.549999952316284
endloop
endfacet
facet normal -1 0 0
outer loop
vertex -11.417840957641602 -56.32600784301758 3.549999952316284
vertex -11.417840957641602 -57.02600860595703 0
vertex -11.417840957641602 -57.02600860595703 3.549999952316284
endloop
endfacet
facet normal 1 0 0
outer loop
vertex -16.4178409576416 -42.226009368896484 3.549999952316284
vertex -16.4178409576416 -41.52600860595703 0
vertex -16.4178409576416 -41.52600860595703 3.549999952316284
endloop
endfacet
facet normal 0 -1 0
outer loop
vertex -16.4178409576416 -41.52600860595703 3.549999952316284
vertex -16.4178409576416 -41.52600860595703 0
vertex -11.417840957641602 -41.52600860595703 3.549999952316284
endloop
endfacet
facet normal -1 0 0
outer loop
vertex -11.417840957641602 -41.52600860595703 3.549999952316284
vertex -11.417840957641602 -42.226009368896484 0
vertex -11.417840957641602 -42.226009368896484 3.549999952316284
endloop
endfacet
facet normal -1 0 0
outer loop
vertex -11.417840957641602 -56.32600784301758 0
vertex -11.417840957641602 -57.02600860595703 0
vertex -11.417840957641602 -56.32600784301758 3.549999952316284
endloop
endfacet
facet normal 0 1 0
outer loop
vertex -11.417840957641602 -57.02600860595703 0
vertex -16.4178409576416 -57.02600860595703 0
vertex -16.4178409576416 -57.02600860595703 3.549999952316284
endloop
endfacet
facet normal 1 0 0
outer loop
vertex -16.4178409576416 -56.32600784301758 0
vertex -16.4178409576416 -57.02600860595703 3.549999952316284
vertex -16.4178409576416 -57.02600860595703 0
endloop
endfacet
facet normal -1 0 0
outer loop
vertex -11.417840957641602 -41.52600860595703 0
vertex -11.417840957641602 -42.226009368896484 0
vertex -11.417840957641602 -41.52600860595703 3.549999952316284
endloop
endfacet
facet normal 0 -1 0
outer loop
vertex -11.417840957641602 -41.52600860595703 0
vertex -11.417840957641602 -41.52600860595703 3.549999952316284
vertex -16.4178409576416 -41.52600860595703 0
endloop
endfacet
facet normal 1 0 0
outer loop
vertex -16.4178409576416 -42.226009368896484 3.549999952316284
vertex -16.4178409576416 -42.226009368896484 0
vertex -16.4178409576416 -41.52600860595703 0
endloop
endfacet
facet normal 0 0 -1
outer loop
vertex -30.4178409576416 -54.65100860595703 3.549999952316284
vertex -35.41783905029297 -54.65100860595703 3.549999952316284
vertex -35.41783905029297 -53.95100784301758 3.549999952316284
endloop
endfacet
facet normal 0 0 -1
outer loop
vertex -30.4178409576416 -53.95100784301758 3.549999952316284
vertex -30.4178409576416 -54.65100860595703 3.549999952316284
vertex -35.41783905029297 -53.95100784301758 3.549999952316284
endloop
endfacet
facet normal 0 0 -1
outer loop
vertex -35.41783905029297 -39.15100860595703 3.549999952316284
vertex -30.4178409576416 -39.851009368896484 3.549999952316284
vertex -35.41783905029297 -39.851009368896484 3.549999952316284
endloop
endfacet
facet normal 0 0 -1
outer loop
vertex -30.4178409576416 -39.15100860595703 3.549999952316284
vertex -30.4178409576416 -39.851009368896484 3.549999952316284
vertex -35.41783905029297 -39.15100860595703 3.549999952316284
endloop
endfacet
facet normal -1 0 0
outer loop
vertex -30.4178409576416 -39.15100860595703 0
vertex -30.4178409576416 -39.851009368896484 0
vertex -30.4178409576416 -39.15100860595703 3.549999952316284
endloop
endfacet
facet normal 0 -1 0
outer loop
vertex -30.4178409576416 -39.15100860595703 0
vertex -30.4178409576416 -39.15100860595703 3.549999952316284
vertex -35.41783905029297 -39.15100860595703 0
endloop
endfacet
facet normal 1 0 0
outer loop
vertex -35.41783905029297 -39.851009368896484 3.549999952316284
vertex -35.41783905029297 -39.851009368896484 0
vertex -35.41783905029297 -39.15100860595703 0
endloop
endfacet
facet normal -1 0 0
outer loop
vertex -30.4178409576416 -53.95100784301758 0
vertex -30.4178409576416 -54.65100860595703 0
vertex -30.4178409576416 -53.95100784301758 3.549999952316284
endloop
endfacet
facet normal 0 1 0
outer loop
vertex -30.4178409576416 -54.65100860595703 0
vertex -35.41783905029297 -54.65100860595703 0
vertex -35.41783905029297 -54.65100860595703 3.549999952316284
endloop
endfacet
facet normal 1 0 0
outer loop
vertex -35.41783905029297 -53.95100784301758 0
vertex -35.41783905029297 -54.65100860595703 3.549999952316284
vertex -35.41783905029297 -54.65100860595703 0
endloop
endfacet
facet normal 0 1 0
outer loop
vertex -30.4178409576416 -54.65100860595703 0
vertex -35.41783905029297 -54.65100860595703 3.549999952316284
vertex -30.4178409576416 -54.65100860595703 3.549999952316284
endloop
endfacet
facet normal -1 0 0
outer loop
vertex -30.4178409576416 -53.95100784301758 3.549999952316284
vertex -30.4178409576416 -54.65100860595703 0
vertex -30.4178409576416 -54.65100860595703 3.549999952316284
endloop
endfacet
facet normal 1 0 0
outer loop
vertex -35.41783905029297 -54.65100860595703 3.549999952316284
vertex -35.41783905029297 -53.95100784301758 0
vertex -35.41783905029297 -53.95100784301758 3.549999952316284
endloop
endfacet
facet normal 0 -1 0
outer loop
vertex -35.41783905029297 -39.15100860595703 3.549999952316284
vertex -35.41783905029297 -39.15100860595703 0
vertex -30.4178409576416 -39.15100860595703 3.549999952316284
endloop
endfacet
facet normal -1 0 0
outer loop
vertex -30.4178409576416 -39.15100860595703 3.549999952316284
vertex -30.4178409576416 -39.851009368896484 0
vertex -30.4178409576416 -39.851009368896484 3.549999952316284
endloop
endfacet
facet normal 1 0 0
outer loop
vertex -35.41783905029297 -39.851009368896484 3.549999952316284
vertex -35.41783905029297 -39.15100860595703 0
vertex -35.41783905029297 -39.15100860595703 3.549999952316284
endloop
endfacet
facet normal -1 0 0
outer loop
vertex 64.58216094970703 -36.77600860595703 0
vertex 64.58216094970703 -37.476009368896484 0
vertex 64.58216094970703 -36.77600860595703 3.549999952316284
endloop
endfacet
facet normal 1 0 0
outer loop
vertex 59.58216094970703 -37.476009368896484 3.549999952316284
vertex 59.58216094970703 -37.476009368896484 0
vertex 59.58216094970703 -36.77600860595703 0
endloop
endfacet
facet normal -1 0 0
outer loop
vertex 64.58216094970703 -51.57600784301758 0
vertex 64.58216094970703 -52.27600860595703 0
vertex 64.58216094970703 -51.57600784301758 3.549999952316284
endloop
endfacet
facet normal 0 1 0
outer loop
vertex 64.58216094970703 -52.27600860595703 0
vertex 59.58216094970703 -52.27600860595703 0
vertex 59.58216094970703 -52.27600860595703 3.549999952316284
endloop
endfacet
facet normal 1 0 0
outer loop
vertex 59.58216094970703 -51.57600784301758 0
vertex 59.58216094970703 -52.27600860595703 3.549999952316284
vertex 59.58216094970703 -52.27600860595703 0
endloop
endfacet
facet normal 0 0 -1
outer loop
vertex 64.58216094970703 -52.27600860595703 3.549999952316284
vertex 59.58216094970703 -52.27600860595703 3.549999952316284
vertex 59.58216094970703 -51.57600784301758 3.549999952316284
endloop
endfacet
facet normal 0 0 -1
outer loop
vertex 64.58216094970703 -51.57600784301758 3.549999952316284
vertex 64.58216094970703 -52.27600860595703 3.549999952316284
vertex 59.58216094970703 -51.57600784301758 3.549999952316284
endloop
endfacet
facet normal 0 0 -1
outer loop
vertex 59.58216094970703 -37.476009368896484 3.549999952316284
vertex 59.58216094970703 -36.77600860595703 3.549999952316284
vertex 64.58216094970703 -37.476009368896484 3.549999952316284
endloop
endfacet
facet normal 0 0 -1
outer loop
vertex 64.58216094970703 -36.77600860595703 3.549999952316284
vertex 64.58216094970703 -37.476009368896484 3.549999952316284
vertex 59.58216094970703 -36.77600860595703 3.549999952316284
endloop
endfacet
facet normal 0 -1 0
outer loop
vertex 59.58216094970703 -36.77600860595703 3.549999952316284
vertex 59.58216094970703 -36.77600860595703 0
vertex 64.58216094970703 -36.77600860595703 3.549999952316284
endloop
endfacet
facet normal 0 -1 0
outer loop
vertex 59.58216094970703 -36.77600860595703 0
vertex 64.58216094970703 -36.77600860595703 0
vertex 64.58216094970703 -36.77600860595703 3.549999952316284
endloop
endfacet
facet normal -1 0 0
outer loop
vertex 64.58216094970703 -36.77600860595703 3.549999952316284
vertex 64.58216094970703 -37.476009368896484 0
vertex 64.58216094970703 -37.476009368896484 3.549999952316284
endloop
endfacet
facet normal 1 0 0
outer loop
vertex 59.58216094970703 -37.476009368896484 3.549999952316284
vertex 59.58216094970703 -36.77600860595703 0
vertex 59.58216094970703 -36.77600860595703 3.549999952316284
endloop
endfacet
facet normal -1 0 0
outer loop
vertex 64.58216094970703 -51.57600784301758 3.549999952316284
vertex 64.58216094970703 -52.27600860595703 0
vertex 64.58216094970703 -52.27600860595703 3.549999952316284
endloop
endfacet
facet normal 0 1 0
outer loop
vertex 64.58216094970703 -52.27600860595703 0
vertex 59.58216094970703 -52.27600860595703 3.549999952316284
vertex 64.58216094970703 -52.27600860595703 3.549999952316284
endloop
endfacet
facet normal 1 0 0
outer loop
vertex 59.58216094970703 -52.27600860595703 3.549999952316284
vertex 59.58216094970703 -51.57600784301758 0
vertex 59.58216094970703 -51.57600784301758 3.549999952316284
endloop
endfacet
facet normal 1 0 0
outer loop
vertex 40.58216094970703 -52.27600860595703 3.549999952316284
vertex 40.58216094970703 -51.57600784301758 0
vertex 40.58216094970703 -51.57600784301758 3.549999952316284
endloop
endfacet
facet normal -1 0 0
outer loop
vertex 45.58216094970703 -36.77600860595703 0
vertex 45.58216094970703 -37.476009368896484 0
vertex 45.58216094970703 -36.77600860595703 3.549999952316284
endloop
endfacet
facet normal 1 0 0
outer loop
vertex 40.58216094970703 -37.476009368896484 3.549999952316284
vertex 40.58216094970703 -37.476009368896484 0
vertex 40.58216094970703 -36.77600860595703 0
endloop
endfacet
facet normal -1 0 0
outer loop
vertex 45.58216094970703 -51.57600784301758 0
vertex 45.58216094970703 -52.27600860595703 0
vertex 45.58216094970703 -51.57600784301758 3.549999952316284
endloop
endfacet
facet normal 0 1 0
outer loop
vertex 45.58216094970703 -52.27600860595703 0
vertex 40.58216094970703 -52.27600860595703 0
vertex 40.58216094970703 -52.27600860595703 3.549999952316284
endloop
endfacet
facet normal 1 0 0
outer loop
vertex 40.58216094970703 -52.27600860595703 0
vertex 40.58216094970703 -51.57600784301758 0
vertex 40.58216094970703 -52.27600860595703 3.549999952316284
endloop
endfacet
facet normal 0 0 -1
outer loop
vertex 45.58216094970703 -52.27600860595703 3.549999952316284
vertex 40.58216094970703 -52.27600860595703 3.549999952316284
vertex 40.58216094970703 -51.57600784301758 3.549999952316284
endloop
endfacet
facet normal 0 0 -1
outer loop
vertex 45.58216094970703 -51.57600784301758 3.549999952316284
vertex 45.58216094970703 -52.27600860595703 3.549999952316284
vertex 40.58216094970703 -51.57600784301758 3.549999952316284
endloop
endfacet
facet normal 0 0 -1
outer loop
vertex 40.58216094970703 -37.476009368896484 3.549999952316284
vertex 40.58216094970703 -36.77600860595703 3.549999952316284
vertex 45.58216094970703 -37.476009368896484 3.549999952316284
endloop
endfacet
facet normal 0 0 -1
outer loop
vertex 45.58216094970703 -36.77600860595703 3.549999952316284
vertex 45.58216094970703 -37.476009368896484 3.549999952316284
vertex 40.58216094970703 -36.77600860595703 3.549999952316284
endloop
endfacet
facet normal 0 -1 0
outer loop
vertex 40.58216094970703 -36.77600860595703 3.549999952316284
vertex 40.58216094970703 -36.77600860595703 0
vertex 45.58216094970703 -36.77600860595703 3.549999952316284
endloop
endfacet
facet normal 0 -1 0
outer loop
vertex 45.58216094970703 -36.77600860595703 0
vertex 45.58216094970703 -36.77600860595703 3.549999952316284
vertex 40.58216094970703 -36.77600860595703 0
endloop
endfacet
facet normal -1 0 0
outer loop
vertex 45.58216094970703 -36.77600860595703 3.549999952316284
vertex 45.58216094970703 -37.476009368896484 0
vertex 45.58216094970703 -37.476009368896484 3.549999952316284
endloop
endfacet
facet normal 1 0 0
outer loop
vertex 40.58216094970703 -37.476009368896484 3.549999952316284
vertex 40.58216094970703 -36.77600860595703 0
vertex 40.58216094970703 -36.77600860595703 3.549999952316284
endloop
endfacet
facet normal -1 0 0
outer loop
vertex 45.58216094970703 -51.57600784301758 3.549999952316284
vertex 45.58216094970703 -52.27600860595703 0
vertex 45.58216094970703 -52.27600860595703 3.549999952316284
endloop
endfacet
facet normal 0 1 0
outer loop
vertex 45.58216094970703 -52.27600860595703 0
vertex 40.58216094970703 -52.27600860595703 3.549999952316284
vertex 45.58216094970703 -52.27600860595703 3.549999952316284
endloop
endfacet
facet normal -1 0 0
outer loop
vertex -49.41783905029297 -32.02600860595703 3.549999952316284
vertex -49.41783905029297 -32.726009368896484 0
vertex -49.41783905029297 -32.726009368896484 3.549999952316284
endloop
endfacet
facet normal 0 -1 0
outer loop
vertex -54.41783905029297 -32.02600860595703 3.549999952316284
vertex -54.41783905029297 -32.02600860595703 0
vertex -49.41783905029297 -32.02600860595703 3.549999952316284
endloop
endfacet
facet normal 1 0 0
outer loop
vertex -54.41783905029297 -32.726009368896484 3.549999952316284
vertex -54.41783905029297 -32.02600860595703 0
vertex -54.41783905029297 -32.02600860595703 3.549999952316284
endloop
endfacet
facet normal -1 0 0
outer loop
vertex -49.41783905029297 -32.02600860595703 0
vertex -49.41783905029297 -32.726009368896484 0
vertex -49.41783905029297 -32.02600860595703 3.549999952316284
endloop
endfacet
facet normal 0 -1 0
outer loop
vertex -49.41783905029297 -32.02600860595703 0
vertex -49.41783905029297 -32.02600860595703 3.549999952316284
vertex -54.41783905029297 -32.02600860595703 0
endloop
endfacet
facet normal 1 0 0
outer loop
vertex -54.41783905029297 -32.726009368896484 3.549999952316284
vertex -54.41783905029297 -32.726009368896484 0
vertex -54.41783905029297 -32.02600860595703 0
endloop
endfacet
facet normal -1 0 0
outer loop
vertex -49.41783905029297 -46.82600784301758 3.549999952316284
vertex -49.41783905029297 -47.52600860595703 0
vertex -49.41783905029297 -47.52600860595703 3.549999952316284
endloop
endfacet
facet normal 0 0 -1
outer loop
vertex -49.41783905029297 -47.52600860595703 3.549999952316284
vertex -54.41783905029297 -47.52600860595703 3.549999952316284
vertex -54.41783905029297 -46.82600784301758 3.549999952316284
endloop
endfacet
facet normal 0 1 0
outer loop
vertex -49.41783905029297 -47.52600860595703 0
vertex -54.41783905029297 -47.52600860595703 3.549999952316284
vertex -49.41783905029297 -47.52600860595703 3.549999952316284
endloop
endfacet
facet normal 0 0 -1
outer loop
vertex -49.41783905029297 -46.82600784301758 3.549999952316284
vertex -49.41783905029297 -47.52600860595703 3.549999952316284
vertex -54.41783905029297 -46.82600784301758 3.549999952316284
endloop
endfacet
facet normal 1 0 0
outer loop
vertex -54.41783905029297 -47.52600860595703 3.549999952316284
vertex -54.41783905029297 -46.82600784301758 0
vertex -54.41783905029297 -46.82600784301758 3.549999952316284
endloop
endfacet
facet normal -1 0 0
outer loop
vertex -49.41783905029297 -46.82600784301758 0
vertex -49.41783905029297 -47.52600860595703 0
vertex -49.41783905029297 -46.82600784301758 3.549999952316284
endloop
endfacet
facet normal 0 1 0
outer loop
vertex -49.41783905029297 -47.52600860595703 0
vertex -54.41783905029297 -47.52600860595703 0
vertex -54.41783905029297 -47.52600860595703 3.549999952316284
endloop
endfacet
facet normal 1 0 0
outer loop
vertex -54.41783905029297 -46.82600784301758 0
vertex -54.41783905029297 -47.52600860595703 3.549999952316284
vertex -54.41783905029297 -47.52600860595703 0
endloop
endfacet
facet normal 0 0 -1
outer loop
vertex -54.41783905029297 -32.02600860595703 3.549999952316284
vertex -49.41783905029297 -32.726009368896484 3.549999952316284
vertex -54.41783905029297 -32.726009368896484 3.549999952316284
endloop
endfacet
facet normal 0 0 -1
outer loop
vertex -49.41783905029297 -32.02600860595703 3.549999952316284
vertex -49.41783905029297 -32.726009368896484 3.549999952316284
vertex -54.41783905029297 -32.02600860595703 3.549999952316284
endloop
endfacet
facet normal -1 0 0
outer loop
vertex 7.582159042358398 -24.90100860595703 3.549999952316284
vertex 7.582159042358398 -25.60100746154785 0
vertex 7.582159042358398 -25.60100746154785 3.549999952316284
endloop
endfacet
facet normal 0 -1 0
outer loop
vertex 2.5821592807769775 -24.90100860595703 3.549999952316284
vertex 2.5821592807769775 -24.90100860595703 0
vertex 7.582159042358398 -24.90100860595703 3.549999952316284
endloop
endfacet
facet normal 1 0 0
outer loop
vertex 2.5821592807769775 -25.60100746154785 3.549999952316284
vertex 2.5821592807769775 -24.90100860595703 0
vertex 2.5821592807769775 -24.90100860595703 3.549999952316284
endloop
endfacet
facet normal -1 0 0
outer loop
vertex 7.582159042358398 -39.70100784301758 0
vertex 7.582159042358398 -40.40100860595703 0
vertex 7.582159042358398 -39.70100784301758 3.549999952316284
endloop
endfacet
facet normal 0 1 0
outer loop
vertex 7.582159042358398 -40.40100860595703 0
vertex 2.5821592807769775 -40.40100860595703 0
vertex 2.5821592807769775 -40.40100860595703 3.549999952316284
endloop
endfacet
facet normal 1 0 0
outer loop
vertex 2.5821592807769775 -39.70100784301758 0
vertex 2.5821592807769775 -40.40100860595703 3.549999952316284
vertex 2.5821592807769775 -40.40100860595703 0
endloop
endfacet
facet normal 0 0 -1
outer loop
vertex 7.582159042358398 -24.90100860595703 3.549999952316284
vertex 7.582159042358398 -25.60100746154785 3.549999952316284
vertex 2.5821592807769775 -24.90100860595703 3.549999952316284
endloop
endfacet
facet normal 0 0 -1
outer loop
vertex 2.5821592807769775 -24.90100860595703 3.549999952316284
vertex 7.582159042358398 -25.60100746154785 3.549999952316284
vertex 2.5821592807769775 -25.60100746154785 3.549999952316284
endloop
endfacet
facet normal -1 0 0
outer loop
vertex 7.582159042358398 -24.90100860595703 0
vertex 7.582159042358398 -25.60100746154785 0
vertex 7.582159042358398 -24.90100860595703 3.549999952316284
endloop
endfacet
facet normal 0 -1 0
outer loop
vertex 2.5821592807769775 -24.90100860595703 0
vertex 7.582159042358398 -24.90100860595703 0
vertex 7.582159042358398 -24.90100860595703 3.549999952316284
endloop
endfacet
facet normal 1 0 0
outer loop
vertex 2.5821592807769775 -25.60100746154785 3.549999952316284
vertex 2.5821592807769775 -25.60100746154785 0
vertex 2.5821592807769775 -24.90100860595703 0
endloop
endfacet
facet normal 0 0 -1
outer loop
vertex 7.582159042358398 -39.70100784301758 3.549999952316284
vertex 7.582159042358398 -40.40100860595703 3.549999952316284
vertex 2.5821592807769775 -39.70100784301758 3.549999952316284
endloop
endfacet
facet normal 0 0 -1
outer loop
vertex 7.582159042358398 -40.40100860595703 3.549999952316284
vertex 2.5821592807769775 -40.40100860595703 3.549999952316284
vertex 2.5821592807769775 -39.70100784301758 3.549999952316284
endloop
endfacet
facet normal -1 0 0
outer loop
vertex 7.582159042358398 -39.70100784301758 3.549999952316284
vertex 7.582159042358398 -40.40100860595703 0
vertex 7.582159042358398 -40.40100860595703 3.549999952316284
endloop
endfacet
facet normal 0 1 0
outer loop
vertex 7.582159042358398 -40.40100860595703 0
vertex 2.5821592807769775 -40.40100860595703 3.549999952316284
vertex 7.582159042358398 -40.40100860595703 3.549999952316284
endloop
endfacet
facet normal 1 0 0
outer loop
vertex 2.5821592807769775 -40.40100860595703 3.549999952316284
vertex 2.5821592807769775 -39.70100784301758 0
vertex 2.5821592807769775 -39.70100784301758 3.549999952316284
endloop
endfacet
facet normal -1 0 0
outer loop
vertex 26.5821590423584 -22.52600860595703 3.549999952316284
vertex 26.5821590423584 -23.22600746154785 0
vertex 26.5821590423584 -23.22600746154785 3.549999952316284
endloop
endfacet
facet normal 0 -1 0
outer loop
vertex 21.5821590423584 -22.52600860595703 3.549999952316284
vertex 21.5821590423584 -22.52600860595703 0
vertex 26.5821590423584 -22.52600860595703 3.549999952316284
endloop
endfacet
facet normal 1 0 0
outer loop
vertex 21.5821590423584 -23.22600746154785 3.549999952316284
vertex 21.5821590423584 -22.52600860595703 0
vertex 21.5821590423584 -22.52600860595703 3.549999952316284
endloop
endfacet
facet normal -1 0 0
outer loop
vertex 26.5821590423584 -22.52600860595703 0
vertex 26.5821590423584 -23.22600746154785 0
vertex 26.5821590423584 -22.52600860595703 3.549999952316284
endloop
endfacet
facet normal 0 -1 0
outer loop
vertex 26.5821590423584 -22.52600860595703 0
vertex 26.5821590423584 -22.52600860595703 3.549999952316284
vertex 21.5821590423584 -22.52600860595703 0
endloop
endfacet
facet normal 1 0 0
outer loop
vertex 21.5821590423584 -23.22600746154785 3.549999952316284
vertex 21.5821590423584 -23.22600746154785 0
vertex 21.5821590423584 -22.52600860595703 0
endloop
endfacet
facet normal 0 0 -1
outer loop
vertex 26.5821590423584 -22.52600860595703 3.549999952316284
vertex 26.5821590423584 -23.22600746154785 3.549999952316284
vertex 21.5821590423584 -22.52600860595703 3.549999952316284
endloop
endfacet
facet normal 0 0 -1
outer loop
vertex 21.5821590423584 -22.52600860595703 3.549999952316284
vertex 26.5821590423584 -23.22600746154785 3.549999952316284
vertex 21.5821590423584 -23.22600746154785 3.549999952316284
endloop
endfacet
facet normal -1 0 0
outer loop
vertex 26.5821590423584 -37.32600784301758 3.549999952316284
vertex 26.5821590423584 -38.02600860595703 0
vertex 26.5821590423584 -38.02600860595703 3.549999952316284
endloop
endfacet
facet normal 0 1 0
outer loop
vertex 26.5821590423584 -38.02600860595703 0
vertex 21.5821590423584 -38.02600860595703 3.549999952316284
vertex 26.5821590423584 -38.02600860595703 3.549999952316284
endloop
endfacet
facet normal 1 0 0
outer loop
vertex 21.5821590423584 -38.02600860595703 3.549999952316284
vertex 21.5821590423584 -37.32600784301758 0
vertex 21.5821590423584 -37.32600784301758 3.549999952316284
endloop
endfacet
facet normal 0 0 -1
outer loop
vertex 26.5821590423584 -37.32600784301758 3.549999952316284
vertex 26.5821590423584 -38.02600860595703 3.549999952316284
vertex 21.5821590423584 -37.32600784301758 3.549999952316284
endloop
endfacet
facet normal 0 0 -1
outer loop
vertex 26.5821590423584 -38.02600860595703 3.549999952316284
vertex 21.5821590423584 -38.02600860595703 3.549999952316284
vertex 21.5821590423584 -37.32600784301758 3.549999952316284
endloop
endfacet
facet normal -1 0 0
outer loop
vertex 26.5821590423584 -37.32600784301758 0
vertex 26.5821590423584 -38.02600860595703 0
vertex 26.5821590423584 -37.32600784301758 3.549999952316284
endloop
endfacet
facet normal 0 1 0
outer loop
vertex 26.5821590423584 -38.02600860595703 0
vertex 21.5821590423584 -38.02600860595703 0
vertex 21.5821590423584 -38.02600860595703 3.549999952316284
endloop
endfacet
facet normal 1 0 0
outer loop
vertex 21.5821590423584 -37.32600784301758 0
vertex 21.5821590423584 -38.02600860595703 3.549999952316284
vertex 21.5821590423584 -38.02600860595703 0
endloop
endfacet
facet normal 1 0 0
outer loop
vertex -16.4178409576416 -23.22600746154785 3.549999952316284
vertex -16.4178409576416 -22.52600860595703 0
vertex -16.4178409576416 -22.52600860595703 3.549999952316284
endloop
endfacet
facet normal -1 0 0
outer loop
vertex -11.417840957641602 -22.52600860595703 0
vertex -11.417840957641602 -23.22600746154785 0
vertex -11.417840957641602 -22.52600860595703 3.549999952316284
endloop
endfacet
facet normal 1 0 0
outer loop
vertex -16.4178409576416 -37.32600784301758 0
vertex -16.4178409576416 -38.02600860595703 3.549999952316284
vertex -16.4178409576416 -38.02600860595703 0
endloop
endfacet
facet normal -1 0 0
outer loop
vertex -11.417840957641602 -22.52600860595703 3.549999952316284
vertex -11.417840957641602 -23.22600746154785 0
vertex -11.417840957641602 -23.22600746154785 3.549999952316284
endloop
endfacet
facet normal -1 0 0
outer loop
vertex -11.417840957641602 -37.32600784301758 0
vertex -11.417840957641602 -38.02600860595703 0
vertex -11.417840957641602 -37.32600784301758 3.549999952316284
endloop
endfacet
facet normal 0 0 -1
outer loop
vertex -11.417840957641602 -37.32600784301758 3.549999952316284
vertex -11.417840957641602 -38.02600860595703 3.549999952316284
vertex -16.4178409576416 -37.32600784301758 3.549999952316284
endloop
endfacet
facet normal 1 0 0
outer loop
vertex -16.4178409576416 -38.02600860595703 3.549999952316284
vertex -16.4178409576416 -37.32600784301758 0
vertex -16.4178409576416 -37.32600784301758 3.549999952316284
endloop
endfacet
facet normal 0 0 -1
outer loop
vertex -11.417840957641602 -38.02600860595703 3.549999952316284
vertex -16.4178409576416 -38.02600860595703 3.549999952316284
vertex -16.4178409576416 -37.32600784301758 3.549999952316284
endloop
endfacet
facet normal 0 1 0
outer loop
vertex -11.417840957641602 -38.02600860595703 0
vertex -16.4178409576416 -38.02600860595703 3.549999952316284
vertex -11.417840957641602 -38.02600860595703 3.549999952316284
endloop
endfacet
facet normal -1 0 0
outer loop
vertex -11.417840957641602 -37.32600784301758 3.549999952316284
vertex -11.417840957641602 -38.02600860595703 0
vertex -11.417840957641602 -38.02600860595703 3.549999952316284
endloop
endfacet
facet normal 0 -1 0
outer loop
vertex -16.4178409576416 -22.52600860595703 3.549999952316284
vertex -16.4178409576416 -22.52600860595703 0
vertex -11.417840957641602 -22.52600860595703 3.549999952316284
endloop
endfacet
facet normal 0 0 -1
outer loop
vertex -16.4178409576416 -22.52600860595703 3.549999952316284
vertex -11.417840957641602 -23.22600746154785 3.549999952316284
vertex -16.4178409576416 -23.22600746154785 3.549999952316284
endloop
endfacet
facet normal 0 0 -1
outer loop
vertex -11.417840957641602 -22.52600860595703 3.549999952316284
vertex -11.417840957641602 -23.22600746154785 3.549999952316284
vertex -16.4178409576416 -22.52600860595703 3.549999952316284
endloop
endfacet
facet normal 1 0 0
outer loop
vertex -16.4178409576416 -23.22600746154785 3.549999952316284
vertex -16.4178409576416 -23.22600746154785 0
vertex -16.4178409576416 -22.52600860595703 0
endloop
endfacet
facet normal 0 -1 0
outer loop
vertex -11.417840957641602 -22.52600860595703 0
vertex -11.417840957641602 -22.52600860595703 3.549999952316284
vertex -16.4178409576416 -22.52600860595703 0
endloop
endfacet
facet normal 0 1 0
outer loop
vertex -11.417840957641602 -38.02600860595703 0
vertex -16.4178409576416 -38.02600860595703 0
vertex -16.4178409576416 -38.02600860595703 3.549999952316284
endloop
endfacet
facet normal 0 0 -1
outer loop
vertex -30.4178409576416 -20.15100860595703 3.549999952316284
vertex -30.4178409576416 -20.85100746154785 3.549999952316284
vertex -35.41783905029297 -20.15100860595703 3.549999952316284
endloop
endfacet
facet normal -1 0 0
outer loop
vertex -30.4178409576416 -34.95100784301758 3.549999952316284
vertex -30.4178409576416 -35.65100860595703 0
vertex -30.4178409576416 -35.65100860595703 3.549999952316284
endloop
endfacet
facet normal 0 1 0
outer loop
vertex -30.4178409576416 -35.65100860595703 0
vertex -35.41783905029297 -35.65100860595703 3.549999952316284
vertex -30.4178409576416 -35.65100860595703 3.549999952316284
endloop
endfacet
facet normal 1 0 0
outer loop
vertex -35.41783905029297 -35.65100860595703 3.549999952316284
vertex -35.41783905029297 -34.95100784301758 0
vertex -35.41783905029297 -34.95100784301758 3.549999952316284
endloop
endfacet
facet normal 0 0 -1
outer loop
vertex -30.4178409576416 -35.65100860595703 3.549999952316284
vertex -35.41783905029297 -35.65100860595703 3.549999952316284
vertex -35.41783905029297 -34.95100784301758 3.549999952316284
endloop
endfacet
facet normal 0 0 -1
outer loop
vertex -30.4178409576416 -34.95100784301758 3.549999952316284
vertex -30.4178409576416 -35.65100860595703 3.549999952316284
vertex -35.41783905029297 -34.95100784301758 3.549999952316284
endloop
endfacet
facet normal 1 0 0
outer loop
vertex -35.41783905029297 -34.95100784301758 0
vertex -35.41783905029297 -35.65100860595703 3.549999952316284
vertex -35.41783905029297 -35.65100860595703 0
endloop
endfacet
facet normal 0 1 0
outer loop
vertex -30.4178409576416 -35.65100860595703 0
vertex -35.41783905029297 -35.65100860595703 0
vertex -35.41783905029297 -35.65100860595703 3.549999952316284
endloop
endfacet
facet normal -1 0 0
outer loop
vertex -30.4178409576416 -34.95100784301758 0
vertex -30.4178409576416 -35.65100860595703 0
vertex -30.4178409576416 -34.95100784301758 3.549999952316284
endloop
endfacet
facet normal 1 0 0
outer loop
vertex -35.41783905029297 -20.85100746154785 3.549999952316284
vertex -35.41783905029297 -20.85100746154785 0
vertex -35.41783905029297 -20.15100860595703 0
endloop
endfacet
facet normal 0 -1 0
outer loop
vertex -35.41783905029297 -20.15100860595703 0
vertex -30.4178409576416 -20.15100860595703 0
vertex -30.4178409576416 -20.15100860595703 3.549999952316284
endloop
endfacet
facet normal -1 0 0
outer loop
vertex -30.4178409576416 -20.15100860595703 3.549999952316284
vertex -30.4178409576416 -20.15100860595703 0
vertex -30.4178409576416 -20.85100746154785 0
endloop
endfacet
facet normal 1 0 0
outer loop
vertex -35.41783905029297 -20.85100746154785 3.549999952316284
vertex -35.41783905029297 -20.15100860595703 0
vertex -35.41783905029297 -20.15100860595703 3.549999952316284
endloop
endfacet
facet normal 0 -1 0
outer loop
vertex -35.41783905029297 -20.15100860595703 3.549999952316284
vertex -35.41783905029297 -20.15100860595703 0
vertex -30.4178409576416 -20.15100860595703 3.549999952316284
endloop
endfacet
facet normal -1 0 0
outer loop
vertex -30.4178409576416 -20.15100860595703 3.549999952316284
vertex -30.4178409576416 -20.85100746154785 0
vertex -30.4178409576416 -20.85100746154785 3.549999952316284
endloop
endfacet
facet normal 0 0 -1
outer loop
vertex -35.41783905029297 -20.85100746154785 3.549999952316284
vertex -35.41783905029297 -20.15100860595703 3.549999952316284
vertex -30.4178409576416 -20.85100746154785 3.549999952316284
endloop
endfacet
facet normal -1 0 0
outer loop
vertex 64.58216094970703 -17.77600860595703 3.549999952316284
vertex 64.58216094970703 -18.47600746154785 0
vertex 64.58216094970703 -18.47600746154785 3.549999952316284
endloop
endfacet
facet normal 0 -1 0
outer loop
vertex 59.58216094970703 -17.77600860595703 0
vertex 64.58216094970703 -17.77600860595703 0
vertex 64.58216094970703 -17.77600860595703 3.549999952316284
endloop
endfacet
facet normal 0 0 -1
outer loop
vertex 64.58216094970703 -17.77600860595703 3.549999952316284
vertex 64.58216094970703 -18.47600746154785 3.549999952316284
vertex 59.58216094970703 -17.77600860595703 3.549999952316284
endloop
endfacet
facet normal 0 -1 0
outer loop
vertex 59.58216094970703 -17.77600860595703 3.549999952316284
vertex 59.58216094970703 -17.77600860595703 0
vertex 64.58216094970703 -17.77600860595703 3.549999952316284
endloop
endfacet
facet normal 0 0 -1
outer loop
vertex 59.58216094970703 -18.47600746154785 3.549999952316284
vertex 59.58216094970703 -17.77600860595703 3.549999952316284
vertex 64.58216094970703 -18.47600746154785 3.549999952316284
endloop
endfacet
facet normal 1 0 0
outer loop
vertex 59.58216094970703 -18.47600746154785 3.549999952316284
vertex 59.58216094970703 -17.77600860595703 0
vertex 59.58216094970703 -17.77600860595703 3.549999952316284
endloop
endfacet
facet normal -1 0 0
outer loop
vertex 64.58216094970703 -32.57600784301758 3.549999952316284
vertex 64.58216094970703 -33.27600860595703 0
vertex 64.58216094970703 -33.27600860595703 3.549999952316284
endloop
endfacet
facet normal 0 1 0
outer loop
vertex 64.58216094970703 -33.27600860595703 0
vertex 59.58216094970703 -33.27600860595703 3.549999952316284
vertex 64.58216094970703 -33.27600860595703 3.549999952316284
endloop
endfacet
facet normal 1 0 0
outer loop
vertex 59.58216094970703 -32.57600784301758 0
vertex 59.58216094970703 -33.27600860595703 3.549999952316284
vertex 59.58216094970703 -33.27600860595703 0
endloop
endfacet
facet normal 1 0 0
outer loop
vertex 59.58216094970703 -33.27600860595703 3.549999952316284
vertex 59.58216094970703 -32.57600784301758 0
vertex 59.58216094970703 -32.57600784301758 3.549999952316284
endloop
endfacet
facet normal 0 0 -1
outer loop
vertex 64.58216094970703 -32.57600784301758 3.549999952316284
vertex 64.58216094970703 -33.27600860595703 3.549999952316284
vertex 59.58216094970703 -32.57600784301758 3.549999952316284
endloop
endfacet
facet normal 0 1 0
outer loop
vertex 64.58216094970703 -33.27600860595703 0
vertex 59.58216094970703 -33.27600860595703 0
vertex 59.58216094970703 -33.27600860595703 3.549999952316284
endloop
endfacet
facet normal -1 0 0
outer loop
vertex 64.58216094970703 -32.57600784301758 0
vertex 64.58216094970703 -33.27600860595703 0
vertex 64.58216094970703 -32.57600784301758 3.549999952316284
endloop
endfacet
facet normal 1 0 0
outer loop
vertex 59.58216094970703 -18.47600746154785 3.549999952316284
vertex 59.58216094970703 -18.47600746154785 0
vertex 59.58216094970703 -17.77600860595703 0
endloop
endfacet
facet normal 0 0 -1
outer loop
vertex 64.58216094970703 -33.27600860595703 3.549999952316284
vertex 59.58216094970703 -33.27600860595703 3.549999952316284
vertex 59.58216094970703 -32.57600784301758 3.549999952316284
endloop
endfacet
facet normal -1 0 0
outer loop
vertex 64.58216094970703 -17.77600860595703 0
vertex 64.58216094970703 -18.47600746154785 0
vertex 64.58216094970703 -17.77600860595703 3.549999952316284
endloop
endfacet
facet normal -1 0 0
outer loop
vertex 45.58216094970703 -17.77600860595703 3.549999952316284
vertex 45.58216094970703 -18.47600746154785 0
vertex 45.58216094970703 -18.47600746154785 3.549999952316284
endloop
endfacet
facet normal 0 0 -1
outer loop
vertex 40.58216094970703 -17.77600860595703 3.549999952316284
vertex 45.58216094970703 -18.47600746154785 3.549999952316284
vertex 40.58216094970703 -18.47600746154785 3.549999952316284
endloop
endfacet
facet normal 1 0 0
outer loop
vertex 40.58216094970703 -33.27600860595703 3.549999952316284
vertex 40.58216094970703 -32.57600784301758 0
vertex 40.58216094970703 -32.57600784301758 3.549999952316284
endloop
endfacet
facet normal 0 0 -1
outer loop
vertex 45.58216094970703 -17.77600860595703 3.549999952316284
vertex 45.58216094970703 -18.47600746154785 3.549999952316284
vertex 40.58216094970703 -17.77600860595703 3.549999952316284
endloop
endfacet
facet normal 0 0 -1
outer loop
vertex 45.58216094970703 -32.57600784301758 3.549999952316284
vertex 45.58216094970703 -33.27600860595703 3.549999952316284
vertex 40.58216094970703 -32.57600784301758 3.549999952316284
endloop
endfacet
facet normal 0 0 -1
outer loop
vertex 45.58216094970703 -33.27600860595703 3.549999952316284
vertex 40.58216094970703 -33.27600860595703 3.549999952316284
vertex 40.58216094970703 -32.57600784301758 3.549999952316284
endloop
endfacet
facet normal 1 0 0
outer loop
vertex 40.58216094970703 -32.57600784301758 0
vertex 40.58216094970703 -33.27600860595703 3.549999952316284
vertex 40.58216094970703 -33.27600860595703 0
endloop
endfacet
facet normal -1 0 0
outer loop
vertex 45.58216094970703 -32.57600784301758 0
vertex 45.58216094970703 -33.27600860595703 0
vertex 45.58216094970703 -32.57600784301758 3.549999952316284
endloop
endfacet
facet normal 1 0 0
outer loop
vertex 40.58216094970703 -18.47600746154785 3.549999952316284
vertex 40.58216094970703 -18.47600746154785 0
vertex 40.58216094970703 -17.77600860595703 0
endloop
endfacet
facet normal 0 -1 0
outer loop
vertex 45.58216094970703 -17.77600860595703 0
vertex 45.58216094970703 -17.77600860595703 3.549999952316284
vertex 40.58216094970703 -17.77600860595703 0
endloop
endfacet
facet normal -1 0 0
outer loop
vertex 45.58216094970703 -17.77600860595703 0
vertex 45.58216094970703 -18.47600746154785 0
vertex 45.58216094970703 -17.77600860595703 3.549999952316284
endloop
endfacet
facet normal 1 0 0
outer loop
vertex 40.58216094970703 -18.47600746154785 3.549999952316284
vertex 40.58216094970703 -17.77600860595703 0
vertex 40.58216094970703 -17.77600860595703 3.549999952316284
endloop
endfacet
facet normal 0 -1 0
outer loop
vertex 40.58216094970703 -17.77600860595703 3.549999952316284
vertex 40.58216094970703 -17.77600860595703 0
vertex 45.58216094970703 -17.77600860595703 3.549999952316284
endloop
endfacet
facet normal 0 1 0
outer loop
vertex 45.58216094970703 -33.27600860595703 0
vertex 40.58216094970703 -33.27600860595703 3.549999952316284
vertex 45.58216094970703 -33.27600860595703 3.549999952316284
endloop
endfacet
facet normal -1 0 0
outer loop
vertex 45.58216094970703 -32.57600784301758 3.549999952316284
vertex 45.58216094970703 -33.27600860595703 0
vertex 45.58216094970703 -33.27600860595703 3.549999952316284
endloop
endfacet
facet normal 0 1 0
outer loop
vertex 45.58216094970703 -33.27600860595703 0
vertex 40.58216094970703 -33.27600860595703 0
vertex 40.58216094970703 -33.27600860595703 3.549999952316284
endloop
endfacet
facet normal -1 0 0
outer loop
vertex -49.41783905029297 -13.026008605957031 0
vertex -49.41783905029297 -13.726008415222168 0
vertex -49.41783905029297 -13.026008605957031 3.549999952316284
endloop
endfacet
facet normal 0 -1 0
outer loop
vertex -54.41783905029297 -13.026008605957031 3.549999952316284
vertex -54.41783905029297 -13.026008605957031 0
vertex -49.41783905029297 -13.026008605957031 3.549999952316284
endloop
endfacet
facet normal 1 0 0
outer loop
vertex -54.41783905029297 -13.726008415222168 3.549999952316284
vertex -54.41783905029297 -13.026008605957031 0
vertex -54.41783905029297 -13.026008605957031 3.549999952316284
endloop
endfacet
facet normal 1 0 0
outer loop
vertex -54.41783905029297 -28.52600860595703 3.549999952316284
vertex -54.41783905029297 -27.826007843017578 0
vertex -54.41783905029297 -27.826007843017578 3.549999952316284
endloop
endfacet
facet normal -1 0 0
outer loop
vertex -49.41783905029297 -27.826007843017578 3.549999952316284
vertex -49.41783905029297 -28.52600860595703 0
vertex -49.41783905029297 -28.52600860595703 3.549999952316284
endloop
endfacet
facet normal 0 1 0
outer loop
vertex -49.41783905029297 -28.52600860595703 0
vertex -54.41783905029297 -28.52600860595703 3.549999952316284
vertex -49.41783905029297 -28.52600860595703 3.549999952316284
endloop
endfacet
facet normal -1 0 0
outer loop
vertex -49.41783905029297 -13.026008605957031 3.549999952316284
vertex -49.41783905029297 -13.726008415222168 0
vertex -49.41783905029297 -13.726008415222168 3.549999952316284
endloop
endfacet
facet normal 0 0 -1
outer loop
vertex -49.41783905029297 -13.026008605957031 3.549999952316284
vertex -49.41783905029297 -13.726008415222168 3.549999952316284
vertex -54.41783905029297 -13.026008605957031 3.549999952316284
endloop
endfacet
facet normal 0 0 -1
outer loop
vertex -54.41783905029297 -13.026008605957031 3.549999952316284
vertex -49.41783905029297 -13.726008415222168 3.549999952316284
vertex -54.41783905029297 -13.726008415222168 3.549999952316284
endloop
endfacet
facet normal 0 0 -1
outer loop
vertex -49.41783905029297 -27.826007843017578 3.549999952316284
vertex -49.41783905029297 -28.52600860595703 3.549999952316284
vertex -54.41783905029297 -27.826007843017578 3.549999952316284
endloop
endfacet
facet normal 0 0 -1
outer loop
vertex -49.41783905029297 -28.52600860595703 3.549999952316284
vertex -54.41783905029297 -28.52600860595703 3.549999952316284
vertex -54.41783905029297 -27.826007843017578 3.549999952316284
endloop
endfacet
facet normal 1 0 0
outer loop
vertex -54.41783905029297 -27.826007843017578 0
vertex -54.41783905029297 -28.52600860595703 3.549999952316284
vertex -54.41783905029297 -28.52600860595703 0
endloop
endfacet
facet normal 0 1 0
outer loop
vertex -49.41783905029297 -28.52600860595703 0
vertex -54.41783905029297 -28.52600860595703 0
vertex -54.41783905029297 -28.52600860595703 3.549999952316284
endloop
endfacet
facet normal -1 0 0
outer loop
vertex -49.41783905029297 -27.826007843017578 0
vertex -49.41783905029297 -28.52600860595703 0
vertex -49.41783905029297 -27.826007843017578 3.549999952316284
endloop
endfacet
facet normal 1 0 0
outer loop
vertex -54.41783905029297 -13.726008415222168 3.549999952316284
vertex -54.41783905029297 -13.726008415222168 0
vertex -54.41783905029297 -13.026008605957031 0
endloop
endfacet
facet normal 0 -1 0
outer loop
vertex -54.41783905029297 -13.026008605957031 0
vertex -49.41783905029297 -13.026008605957031 0
vertex -49.41783905029297 -13.026008605957031 3.549999952316284
endloop
endfacet
facet normal -1 0 0
outer loop
vertex 7.582159042358398 -20.701007843017578 3.549999952316284
vertex 7.582159042358398 -21.40100860595703 0
vertex 7.582159042358398 -21.40100860595703 3.549999952316284
endloop
endfacet
facet normal 1 0 0
outer loop
vertex 2.5821592807769775 -6.601008415222168 3.549999952316284
vertex 2.5821592807769775 -6.601008415222168 0
vertex 2.5821592807769775 -5.901008129119873 0
endloop
endfacet
facet normal 0 0 -1
outer loop
vertex 7.582159042358398 -5.901008129119873 3.549999952316284
vertex 7.582159042358398 -6.601008415222168 3.549999952316284
vertex 2.5821592807769775 -5.901008129119873 3.549999952316284
endloop
endfacet
facet normal 0 0 -1
outer loop
vertex 2.5821592807769775 -5.901008129119873 3.549999952316284
vertex 7.582159042358398 -6.601008415222168 3.549999952316284
vertex 2.5821592807769775 -6.601008415222168 3.549999952316284
endloop
endfacet
facet normal -1 0 0
outer loop
vertex 7.582159042358398 -5.901008129119873 3.549999952316284
vertex 7.582159042358398 -6.601008415222168 0
vertex 7.582159042358398 -6.601008415222168 3.549999952316284
endloop
endfacet
facet normal 0 0 -1
outer loop
vertex 7.582159042358398 -20.701007843017578 3.549999952316284
vertex 7.582159042358398 -21.40100860595703 3.549999952316284
vertex 2.5821592807769775 -20.701007843017578 3.549999952316284
endloop
endfacet
facet normal 0 0 -1
outer loop
vertex 7.582159042358398 -21.40100860595703 3.549999952316284
vertex 2.5821592807769775 -21.40100860595703 3.549999952316284
vertex 2.5821592807769775 -20.701007843017578 3.549999952316284
endloop
endfacet
facet normal 0 -1 0
outer loop
vertex 2.5821592807769775 -5.901008129119873 3.549999952316284
vertex 2.5821592807769775 -5.901008129119873 0
vertex 7.582159042358398 -5.901008129119873 3.549999952316284
endloop
endfacet
facet normal 1 0 0
outer loop
vertex 2.5821592807769775 -6.601008415222168 3.549999952316284
vertex 2.5821592807769775 -5.901008129119873 0
vertex 2.5821592807769775 -5.901008129119873 3.549999952316284
endloop
endfacet
facet normal 0 1 0
outer loop
vertex 7.582159042358398 -21.40100860595703 0
vertex 2.5821592807769775 -21.40100860595703 3.549999952316284
vertex 7.582159042358398 -21.40100860595703 3.549999952316284
endloop
endfacet
facet normal 1 0 0
outer loop
vertex 2.5821592807769775 -21.40100860595703 3.549999952316284
vertex 2.5821592807769775 -20.701007843017578 0
vertex 2.5821592807769775 -20.701007843017578 3.549999952316284
endloop
endfacet
facet normal -1 0 0
outer loop
vertex 7.582159042358398 -5.901008129119873 0
vertex 7.582159042358398 -6.601008415222168 0
vertex 7.582159042358398 -5.901008129119873 3.549999952316284
endloop
endfacet
facet normal 0 -1 0
outer loop
vertex 2.5821592807769775 -5.901008129119873 0
vertex 7.582159042358398 -5.901008129119873 0
vertex 7.582159042358398 -5.901008129119873 3.549999952316284
endloop
endfacet
facet normal 1 0 0
outer loop
vertex 2.5821592807769775 -20.701007843017578 0
vertex 2.5821592807769775 -21.40100860595703 3.549999952316284
vertex 2.5821592807769775 -21.40100860595703 0
endloop
endfacet
facet normal 0 1 0
outer loop
vertex 7.582159042358398 -21.40100860595703 0
vertex 2.5821592807769775 -21.40100860595703 0
vertex 2.5821592807769775 -21.40100860595703 3.549999952316284
endloop
endfacet
facet normal -1 0 0
outer loop
vertex 7.582159042358398 -20.701007843017578 0
vertex 7.582159042358398 -21.40100860595703 0
vertex 7.582159042358398 -20.701007843017578 3.549999952316284
endloop
endfacet
facet normal 0 1 0
outer loop
vertex 26.5821590423584 -19.02600860595703 0
vertex 21.5821590423584 -19.02600860595703 3.549999952316284
vertex 26.5821590423584 -19.02600860595703 3.549999952316284
endloop
endfacet
facet normal -1 0 0
outer loop
vertex 26.5821590423584 -3.526008129119873 3.549999952316284
vertex 26.5821590423584 -4.226008415222168 0
vertex 26.5821590423584 -4.226008415222168 3.549999952316284
endloop
endfacet
facet normal 0 -1 0
outer loop
vertex 21.5821590423584 -3.526008129119873 3.549999952316284
vertex 21.5821590423584 -3.526008129119873 0
vertex 26.5821590423584 -3.526008129119873 3.549999952316284
endloop
endfacet
facet normal 0 -1 0
outer loop
vertex 26.5821590423584 -3.526008129119873 0
vertex 26.5821590423584 -3.526008129119873 3.549999952316284
vertex 21.5821590423584 -3.526008129119873 0
endloop
endfacet
facet normal 1 0 0
outer loop
vertex 21.5821590423584 -4.226008415222168 3.549999952316284
vertex 21.5821590423584 -4.226008415222168 0
vertex 21.5821590423584 -3.526008129119873 0
endloop
endfacet
facet normal -1 0 0
outer loop
vertex 26.5821590423584 -18.326007843017578 0
vertex 26.5821590423584 -19.02600860595703 0
vertex 26.5821590423584 -18.326007843017578 3.549999952316284
endloop
endfacet
facet normal 0 1 0
outer loop
vertex 26.5821590423584 -19.02600860595703 0
vertex 21.5821590423584 -19.02600860595703 0
vertex 21.5821590423584 -19.02600860595703 3.549999952316284
endloop
endfacet
facet normal 1 0 0
outer loop
vertex 21.5821590423584 -18.326007843017578 0
vertex 21.5821590423584 -19.02600860595703 3.549999952316284
vertex 21.5821590423584 -19.02600860595703 0
endloop
endfacet
facet normal 0 0 -1
outer loop
vertex 26.5821590423584 -19.02600860595703 3.549999952316284
vertex 21.5821590423584 -19.02600860595703 3.549999952316284
vertex 21.5821590423584 -18.326007843017578 3.549999952316284
endloop
endfacet
facet normal 0 0 -1
outer loop
vertex 26.5821590423584 -18.326007843017578 3.549999952316284
vertex 26.5821590423584 -19.02600860595703 3.549999952316284
vertex 21.5821590423584 -18.326007843017578 3.549999952316284
endloop
endfacet
facet normal -1 0 0
outer loop
vertex 26.5821590423584 -18.326007843017578 3.549999952316284
vertex 26.5821590423584 -19.02600860595703 0
vertex 26.5821590423584 -19.02600860595703 3.549999952316284
endloop
endfacet
facet normal 1 0 0
outer loop
vertex 21.5821590423584 -19.02600860595703 3.549999952316284
vertex 21.5821590423584 -18.326007843017578 0
vertex 21.5821590423584 -18.326007843017578 3.549999952316284
endloop
endfacet
facet normal 0 0 -1
outer loop
vertex 26.5821590423584 -3.526008129119873 3.549999952316284
vertex 26.5821590423584 -4.226008415222168 3.549999952316284
vertex 21.5821590423584 -3.526008129119873 3.549999952316284
endloop
endfacet
facet normal 0 0 -1
outer loop
vertex 21.5821590423584 -3.526008129119873 3.549999952316284
vertex 26.5821590423584 -4.226008415222168 3.549999952316284
vertex 21.5821590423584 -4.226008415222168 3.549999952316284
endloop
endfacet
facet normal 1 0 0
outer loop
vertex 21.5821590423584 -4.226008415222168 3.549999952316284
vertex 21.5821590423584 -3.526008129119873 0
vertex 21.5821590423584 -3.526008129119873 3.549999952316284
endloop
endfacet
facet normal -1 0 0
outer loop
vertex 26.5821590423584 -3.526008129119873 0
vertex 26.5821590423584 -4.226008415222168 0
vertex 26.5821590423584 -3.526008129119873 3.549999952316284
endloop
endfacet
facet normal 1 0 0
outer loop
vertex -16.4178409576416 -19.02600860595703 3.549999952316284
vertex -16.4178409576416 -18.326007843017578 0
vertex -16.4178409576416 -18.326007843017578 3.549999952316284
endloop
endfacet
facet normal 0 1 0
outer loop
vertex -11.417840957641602 -19.02600860595703 0
vertex -16.4178409576416 -19.02600860595703 3.549999952316284
vertex -11.417840957641602 -19.02600860595703 3.549999952316284
endloop
endfacet
facet normal -1 0 0
outer loop
vertex -11.417840957641602 -18.326007843017578 3.549999952316284
vertex -11.417840957641602 -19.02600860595703 0
vertex -11.417840957641602 -19.02600860595703 3.549999952316284
endloop
endfacet
facet normal 1 0 0
outer loop
vertex -16.4178409576416 -4.226008415222168 3.549999952316284
vertex -16.4178409576416 -3.526008129119873 0
vertex -16.4178409576416 -3.526008129119873 3.549999952316284
endloop
endfacet
facet normal 0 -1 0
outer loop
vertex -16.4178409576416 -3.526008129119873 3.549999952316284
vertex -16.4178409576416 -3.526008129119873 0
vertex -11.417840957641602 -3.526008129119873 3.549999952316284
endloop
endfacet
facet normal 1 0 0
outer loop
vertex -16.4178409576416 -18.326007843017578 0
vertex -16.4178409576416 -19.02600860595703 3.549999952316284
vertex -16.4178409576416 -19.02600860595703 0
endloop
endfacet
facet normal 0 1 0
outer loop
vertex -11.417840957641602 -19.02600860595703 0
vertex -16.4178409576416 -19.02600860595703 0
vertex -16.4178409576416 -19.02600860595703 3.549999952316284
endloop
endfacet
facet normal -1 0 0
outer loop
vertex -11.417840957641602 -3.526008129119873 0
vertex -11.417840957641602 -4.226008415222168 0
vertex -11.417840957641602 -3.526008129119873 3.549999952316284
endloop
endfacet
facet normal -1 0 0
outer loop
vertex -11.417840957641602 -3.526008129119873 3.549999952316284
vertex -11.417840957641602 -4.226008415222168 0
vertex -11.417840957641602 -4.226008415222168 3.549999952316284
endloop
endfacet
facet normal 0 0 -1
outer loop
vertex -11.417840957641602 -19.02600860595703 3.549999952316284
vertex -16.4178409576416 -19.02600860595703 3.549999952316284
vertex -16.4178409576416 -18.326007843017578 3.549999952316284
endloop
endfacet
facet normal 0 0 -1
outer loop
vertex -11.417840957641602 -18.326007843017578 3.549999952316284
vertex -11.417840957641602 -19.02600860595703 3.549999952316284
vertex -16.4178409576416 -18.326007843017578 3.549999952316284
endloop
endfacet
facet normal 0 -1 0
outer loop
vertex -11.417840957641602 -3.526008129119873 0
vertex -11.417840957641602 -3.526008129119873 3.549999952316284
vertex -16.4178409576416 -3.526008129119873 0
endloop
endfacet
facet normal 1 0 0
outer loop
vertex -16.4178409576416 -4.226008415222168 3.549999952316284
vertex -16.4178409576416 -4.226008415222168 0
vertex -16.4178409576416 -3.526008129119873 0
endloop
endfacet
facet normal -1 0 0
outer loop
vertex -11.417840957641602 -18.326007843017578 0
vertex -11.417840957641602 -19.02600860595703 0
vertex -11.417840957641602 -18.326007843017578 3.549999952316284
endloop
endfacet
facet normal 0 0 -1
outer loop
vertex -16.4178409576416 -3.526008129119873 3.549999952316284
vertex -11.417840957641602 -4.226008415222168 3.549999952316284
vertex -16.4178409576416 -4.226008415222168 3.549999952316284
endloop
endfacet
facet normal 0 0 -1
outer loop
vertex -11.417840957641602 -3.526008129119873 3.549999952316284
vertex -11.417840957641602 -4.226008415222168 3.549999952316284
vertex -16.4178409576416 -3.526008129119873 3.549999952316284
endloop
endfacet
facet normal 0 0 -1
outer loop
vertex -30.4178409576416 -1.1510082483291626 3.549999952316284
vertex -30.4178409576416 -1.8510081768035889 3.549999952316284
vertex -35.41783905029297 -1.1510082483291626 3.549999952316284
endloop
endfacet
facet normal 1 0 0
outer loop
vertex -35.41783905029297 -15.951007843017578 0
vertex -35.41783905029297 -16.65100860595703 3.549999952316284
vertex -35.41783905029297 -16.65100860595703 0
endloop
endfacet
facet normal 1 0 0
outer loop
vertex -35.41783905029297 -16.65100860595703 3.549999952316284
vertex -35.41783905029297 -15.951007843017578 0
vertex -35.41783905029297 -15.951007843017578 3.549999952316284
endloop
endfacet
facet normal 0 1 0
outer loop
vertex -30.4178409576416 -16.65100860595703 0
vertex -35.41783905029297 -16.65100860595703 0
vertex -35.41783905029297 -16.65100860595703 3.549999952316284
endloop
endfacet
facet normal -1 0 0
outer loop
vertex -30.4178409576416 -1.1510082483291626 0
vertex -30.4178409576416 -1.8510081768035889 0
vertex -30.4178409576416 -1.1510082483291626 3.549999952316284
endloop
endfacet
facet normal -1 0 0
outer loop
vertex -30.4178409576416 -15.951007843017578 0
vertex -30.4178409576416 -16.65100860595703 0
vertex -30.4178409576416 -15.951007843017578 3.549999952316284
endloop
endfacet
facet normal 0 1 0
outer loop
vertex -30.4178409576416 -16.65100860595703 0
vertex -35.41783905029297 -16.65100860595703 3.549999952316284
vertex -30.4178409576416 -16.65100860595703 3.549999952316284
endloop
endfacet
facet normal -1 0 0
outer loop
vertex -30.4178409576416 -15.951007843017578 3.549999952316284
vertex -30.4178409576416 -16.65100860595703 0
vertex -30.4178409576416 -16.65100860595703 3.549999952316284
endloop
endfacet
facet normal 1 0 0
outer loop
vertex -35.41783905029297 -1.8510081768035889 3.549999952316284
vertex -35.41783905029297 -1.8510081768035889 0
vertex -35.41783905029297 -1.1510082483291626 0
endloop
endfacet
facet normal 0 0 -1
outer loop
vertex -30.4178409576416 -16.65100860595703 3.549999952316284
vertex -35.41783905029297 -16.65100860595703 3.549999952316284
vertex -35.41783905029297 -15.951007843017578 3.549999952316284
endloop
endfacet
facet normal 1 0 0
outer loop
vertex -35.41783905029297 -1.8510081768035889 3.549999952316284
vertex -35.41783905029297 -1.1510082483291626 0
vertex -35.41783905029297 -1.1510082483291626 3.549999952316284
endloop
endfacet
facet normal 0 -1 0
outer loop
vertex -35.41783905029297 -1.1510082483291626 3.549999952316284
vertex -35.41783905029297 -1.1510082483291626 0
vertex -30.4178409576416 -1.1510082483291626 3.549999952316284
endloop
endfacet
facet normal 0 -1 0
outer loop
vertex -30.4178409576416 -1.1510082483291626 0
vertex -30.4178409576416 -1.1510082483291626 3.549999952316284
vertex -35.41783905029297 -1.1510082483291626 0
endloop
endfacet
facet normal 0 0 -1
outer loop
vertex -30.4178409576416 -15.951007843017578 3.549999952316284
vertex -30.4178409576416 -16.65100860595703 3.549999952316284
vertex -35.41783905029297 -15.951007843017578 3.549999952316284
endloop
endfacet
facet normal -1 0 0
outer loop
vertex -30.4178409576416 -1.1510082483291626 3.549999952316284
vertex -30.4178409576416 -1.8510081768035889 0
vertex -30.4178409576416 -1.8510081768035889 3.549999952316284
endloop
endfacet
facet normal 0 0 -1
outer loop
vertex -35.41783905029297 -1.1510082483291626 3.549999952316284
vertex -30.4178409576416 -1.8510081768035889 3.549999952316284
vertex -35.41783905029297 -1.8510081768035889 3.549999952316284
endloop
endfacet
facet normal 1 0 0
outer loop
vertex 59.58216094970703 -13.576007843017578 0
vertex 59.58216094970703 -14.276008605957031 3.549999952316284
vertex 59.58216094970703 -14.276008605957031 0
endloop
endfacet
facet normal 1 0 0
outer loop
vertex 59.58216094970703 -14.276008605957031 3.549999952316284
vertex 59.58216094970703 -13.576007843017578 0
vertex 59.58216094970703 -13.576007843017578 3.549999952316284
endloop
endfacet
facet normal 0 0 -1
outer loop
vertex 64.58216094970703 -13.576007843017578 3.549999952316284
vertex 64.58216094970703 -14.276008605957031 3.549999952316284
vertex 59.58216094970703 -13.576007843017578 3.549999952316284
endloop
endfacet
facet normal 0 -1 0
outer loop
vertex 64.58216094970703 1.2239917516708374 0
vertex 64.58216094970703 1.2239917516708374 3.549999952316284
vertex 59.58216094970703 1.2239917516708374 0
endloop
endfacet
facet normal 0 1 0
outer loop
vertex 64.58216094970703 -14.276008605957031 0
vertex 59.58216094970703 -14.276008605957031 3.549999952316284
vertex 64.58216094970703 -14.276008605957031 3.549999952316284
endloop
endfacet
facet normal 0 0 -1
outer loop
vertex 64.58216094970703 -14.276008605957031 3.549999952316284
vertex 59.58216094970703 -14.276008605957031 3.549999952316284
vertex 59.58216094970703 -13.576007843017578 3.549999952316284
endloop
endfacet
facet normal -1 0 0
outer loop
vertex 64.58216094970703 1.2239917516708374 0
vertex 64.58216094970703 0.5239918231964111 0
vertex 64.58216094970703 1.2239917516708374 3.549999952316284
endloop
endfacet
facet normal -1 0 0
outer loop
vertex 64.58216094970703 1.2239917516708374 3.549999952316284
vertex 64.58216094970703 0.5239918231964111 0
vertex 64.58216094970703 0.5239918231964111 3.549999952316284
endloop
endfacet
facet normal -1 0 0
outer loop
vertex 64.58216094970703 -13.576007843017578 0
vertex 64.58216094970703 -14.276008605957031 0
vertex 64.58216094970703 -13.576007843017578 3.549999952316284
endloop
endfacet
facet normal 0 -1 0
outer loop
vertex 59.58216094970703 1.2239917516708374 3.549999952316284
vertex 59.58216094970703 1.2239917516708374 0
vertex 64.58216094970703 1.2239917516708374 3.549999952316284
endloop
endfacet
facet normal 1 0 0
outer loop
vertex 59.58216094970703 0.5239918231964111 3.549999952316284
vertex 59.58216094970703 1.2239917516708374 0
vertex 59.58216094970703 1.2239917516708374 3.549999952316284
endloop
endfacet
facet normal -1 0 0
outer loop
vertex 64.58216094970703 -13.576007843017578 3.549999952316284
vertex 64.58216094970703 -14.276008605957031 0
vertex 64.58216094970703 -14.276008605957031 3.549999952316284
endloop
endfacet
facet normal 0 0 -1
outer loop
vertex 64.58216094970703 1.2239917516708374 3.549999952316284
vertex 64.58216094970703 0.5239918231964111 3.549999952316284
vertex 59.58216094970703 1.2239917516708374 3.549999952316284
endloop
endfacet
facet normal 0 0 -1
outer loop
vertex 59.58216094970703 0.5239918231964111 3.549999952316284
vertex 59.58216094970703 1.2239917516708374 3.549999952316284
vertex 64.58216094970703 0.5239918231964111 3.549999952316284
endloop
endfacet
facet normal 0 1 0
outer loop
vertex 64.58216094970703 -14.276008605957031 0
vertex 59.58216094970703 -14.276008605957031 0
vertex 59.58216094970703 -14.276008605957031 3.549999952316284
endloop
endfacet
facet normal 1 0 0
outer loop
vertex 59.58216094970703 0.5239918231964111 3.549999952316284
vertex 59.58216094970703 0.5239918231964111 0
vertex 59.58216094970703 1.2239917516708374 0
endloop
endfacet
facet normal 0 0 -1
outer loop
vertex 40.58216094970703 1.2239917516708374 3.549999952316284
vertex 45.58216094970703 0.5239918231964111 3.549999952316284
vertex 40.58216094970703 0.5239918231964111 3.549999952316284
endloop
endfacet
facet normal -1 0 0
outer loop
vertex 45.58216094970703 1.2239917516708374 3.549999952316284
vertex 45.58216094970703 0.5239918231964111 0
vertex 45.58216094970703 0.5239918231964111 3.549999952316284
endloop
endfacet
facet normal 0 0 -1
outer loop
vertex 45.58216094970703 -13.576007843017578 3.549999952316284
vertex 45.58216094970703 -14.276008605957031 3.549999952316284
vertex 40.58216094970703 -13.576007843017578 3.549999952316284
endloop
endfacet
facet normal -1 0 0
outer loop
vertex 45.58216094970703 -13.576007843017578 0
vertex 45.58216094970703 -14.276008605957031 0
vertex 45.58216094970703 -13.576007843017578 3.549999952316284
endloop
endfacet
facet normal 0 0 -1
outer loop
vertex 45.58216094970703 -14.276008605957031 3.549999952316284
vertex 40.58216094970703 -14.276008605957031 3.549999952316284
vertex 40.58216094970703 -13.576007843017578 3.549999952316284
endloop
endfacet
facet normal 1 0 0
outer loop
vertex 40.58216094970703 -13.576007843017578 0
vertex 40.58216094970703 -14.276008605957031 3.549999952316284
vertex 40.58216094970703 -14.276008605957031 0
endloop
endfacet
facet normal 0 -1 0
outer loop
vertex 40.58216094970703 1.2239917516708374 3.549999952316284
vertex 40.58216094970703 1.2239917516708374 0
vertex 45.58216094970703 1.2239917516708374 3.549999952316284
endloop
endfacet
facet normal 0 1 0
outer loop
vertex 45.58216094970703 -14.276008605957031 0
vertex 40.58216094970703 -14.276008605957031 0
vertex 40.58216094970703 -14.276008605957031 3.549999952316284
endloop
endfacet
facet normal 1 0 0
outer loop
vertex 40.58216094970703 0.5239918231964111 3.549999952316284
vertex 40.58216094970703 1.2239917516708374 0
vertex 40.58216094970703 1.2239917516708374 3.549999952316284
endloop
endfacet
facet normal 1 0 0
outer loop
vertex 40.58216094970703 0.5239918231964111 3.549999952316284
vertex 40.58216094970703 0.5239918231964111 0
vertex 40.58216094970703 1.2239917516708374 0
endloop
endfacet
facet normal 0 0 -1
outer loop
vertex 45.58216094970703 1.2239917516708374 3.549999952316284
vertex 45.58216094970703 0.5239918231964111 3.549999952316284
vertex 40.58216094970703 1.2239917516708374 3.549999952316284
endloop
endfacet
facet normal 1 0 0
outer loop
vertex 40.58216094970703 -14.276008605957031 3.549999952316284
vertex 40.58216094970703 -13.576007843017578 0
vertex 40.58216094970703 -13.576007843017578 3.549999952316284
endloop
endfacet
facet normal 0 1 0
outer loop
vertex 45.58216094970703 -14.276008605957031 0
vertex 40.58216094970703 -14.276008605957031 3.549999952316284
vertex 45.58216094970703 -14.276008605957031 3.549999952316284
endloop
endfacet
facet normal -1 0 0
outer loop
vertex 45.58216094970703 -13.576007843017578 3.549999952316284
vertex 45.58216094970703 -14.276008605957031 0
vertex 45.58216094970703 -14.276008605957031 3.549999952316284
endloop
endfacet
facet normal 0 -1 0
outer loop
vertex 45.58216094970703 1.2239917516708374 0
vertex 45.58216094970703 1.2239917516708374 3.549999952316284
vertex 40.58216094970703 1.2239917516708374 0
endloop
endfacet
facet normal -1 0 0
outer loop
vertex 45.58216094970703 1.2239917516708374 0
vertex 45.58216094970703 0.5239918231964111 0
vertex 45.58216094970703 1.2239917516708374 3.549999952316284
endloop
endfacet
facet normal 1 0 0
outer loop
vertex -54.41783905029297 -9.526008605957031 0
vertex -54.41783905029297 -8.826007843017578 0
vertex -54.41783905029297 -9.526008605957031 3.549999952316284
endloop
endfacet
facet normal 0 0 -1
outer loop
vertex -49.41783905029297 5.973991870880127 3.549999952316284
vertex -49.41783905029297 5.273991584777832 3.549999952316284
vertex -54.41783905029297 5.973991870880127 3.549999952316284
endloop
endfacet
facet normal 0 1 0
outer loop
vertex -49.41783905029297 -9.526008605957031 0
vertex -54.41783905029297 -9.526008605957031 0
vertex -54.41783905029297 -9.526008605957031 3.549999952316284
endloop
endfacet
facet normal 0 -1 0
outer loop
vertex -54.41783905029297 5.973991870880127 0
vertex -49.41783905029297 5.973991870880127 0
vertex -49.41783905029297 5.973991870880127 3.549999952316284
endloop
endfacet
facet normal -1 0 0
outer loop
vertex -49.41783905029297 5.973991870880127 0
vertex -49.41783905029297 5.273991584777832 0
vertex -49.41783905029297 5.973991870880127 3.549999952316284
endloop
endfacet
facet normal -1 0 0
outer loop
vertex -49.41783905029297 -8.826007843017578 0
vertex -49.41783905029297 -9.526008605957031 0
vertex -49.41783905029297 -8.826007843017578 3.549999952316284
endloop
endfacet
facet normal -1 0 0
outer loop
vertex -49.41783905029297 5.973991870880127 3.549999952316284
vertex -49.41783905029297 5.273991584777832 0
vertex -49.41783905029297 5.273991584777832 3.549999952316284
endloop
endfacet
facet normal 0 -1 0
outer loop
vertex -54.41783905029297 5.973991870880127 3.549999952316284
vertex -54.41783905029297 5.973991870880127 0
vertex -49.41783905029297 5.973991870880127 3.549999952316284
endloop
endfacet
facet normal 0 0 -1
outer loop
vertex -49.41783905029297 -9.526008605957031 3.549999952316284
vertex -54.41783905029297 -9.526008605957031 3.549999952316284
vertex -54.41783905029297 -8.826007843017578 3.549999952316284
endloop
endfacet
facet normal 1 0 0
outer loop
vertex -54.41783905029297 5.273991584777832 3.549999952316284
vertex -54.41783905029297 5.973991870880127 0
vertex -54.41783905029297 5.973991870880127 3.549999952316284
endloop
endfacet
facet normal 0 0 -1
outer loop
vertex -49.41783905029297 -8.826007843017578 3.549999952316284
vertex -49.41783905029297 -9.526008605957031 3.549999952316284
vertex -54.41783905029297 -8.826007843017578 3.549999952316284
endloop
endfacet
facet normal 1 0 0
outer loop
vertex -54.41783905029297 -9.526008605957031 3.549999952316284
vertex -54.41783905029297 -8.826007843017578 0
vertex -54.41783905029297 -8.826007843017578 3.549999952316284
endloop
endfacet
facet normal 0 1 0
outer loop
vertex -49.41783905029297 -9.526008605957031 0
vertex -54.41783905029297 -9.526008605957031 3.549999952316284
vertex -49.41783905029297 -9.526008605957031 3.549999952316284
endloop
endfacet
facet normal 0 0 -1
outer loop
vertex -54.41783905029297 5.973991870880127 3.549999952316284
vertex -49.41783905029297 5.273991584777832 3.549999952316284
vertex -54.41783905029297 5.273991584777832 3.549999952316284
endloop
endfacet
facet normal -1 0 0
outer loop
vertex -49.41783905029297 -8.826007843017578 3.549999952316284
vertex -49.41783905029297 -9.526008605957031 0
vertex -49.41783905029297 -9.526008605957031 3.549999952316284
endloop
endfacet
facet normal 1 0 0
outer loop
vertex -54.41783905029297 5.273991584777832 3.549999952316284
vertex -54.41783905029297 5.273991584777832 0
vertex -54.41783905029297 5.973991870880127 0
endloop
endfacet
facet normal 1 0 0
outer loop
vertex 2.5821592807769775 12.398991584777832 3.549999952316284
vertex 2.5821592807769775 12.398991584777832 0
vertex 2.5821592807769775 13.098991394042969 0
endloop
endfacet
facet normal 1 0 0
outer loop
vertex 2.5821592807769775 -2.401008129119873 3.549999952316284
vertex 2.5821592807769775 -1.7010082006454468 0
vertex 2.5821592807769775 -1.7010082006454468 3.549999952316284
endloop
endfacet
facet normal 0 0 -1
outer loop
vertex 2.5821592807769775 13.098991394042969 3.549999952316284
vertex 7.582159042358398 12.398991584777832 3.549999952316284
vertex 2.5821592807769775 12.398991584777832 3.549999952316284
endloop
endfacet
facet normal 0 1 0
outer loop
vertex 7.582159042358398 -2.401008129119873 0
vertex 2.5821592807769775 -2.401008129119873 3.549999952316284
vertex 7.582159042358398 -2.401008129119873 3.549999952316284
endloop
endfacet
facet normal -1 0 0
outer loop
vertex 7.582159042358398 -1.7010082006454468 3.549999952316284
vertex 7.582159042358398 -2.401008129119873 0
vertex 7.582159042358398 -2.401008129119873 3.549999952316284
endloop
endfacet
facet normal 0 0 -1
outer loop
vertex 7.582159042358398 -1.7010082006454468 3.549999952316284
vertex 7.582159042358398 -2.401008129119873 3.549999952316284
vertex 2.5821592807769775 -1.7010082006454468 3.549999952316284
endloop
endfacet
facet normal 1 0 0
outer loop
vertex 2.5821592807769775 12.398991584777832 3.549999952316284
vertex 2.5821592807769775 13.098991394042969 0
vertex 2.5821592807769775 13.098991394042969 3.549999952316284
endloop
endfacet
facet normal 0 -1 0
outer loop
vertex 2.5821592807769775 13.098991394042969 3.549999952316284
vertex 2.5821592807769775 13.098991394042969 0
vertex 7.582159042358398 13.098991394042969 3.549999952316284
endloop
endfacet
facet normal 0 0 -1
outer loop
vertex 7.582159042358398 -2.401008129119873 3.549999952316284
vertex 2.5821592807769775 -2.401008129119873 3.549999952316284
vertex 2.5821592807769775 -1.7010082006454468 3.549999952316284
endloop
endfacet
facet normal -1 0 0
outer loop
vertex 7.582159042358398 13.098991394042969 0
vertex 7.582159042358398 12.398991584777832 0
vertex 7.582159042358398 13.098991394042969 3.549999952316284
endloop
endfacet
facet normal 1 0 0
outer loop
vertex 2.5821592807769775 -1.7010082006454468 0
vertex 2.5821592807769775 -2.401008129119873 3.549999952316284
vertex 2.5821592807769775 -2.401008129119873 0
endloop
endfacet
facet normal -1 0 0
outer loop
vertex 7.582159042358398 13.098991394042969 3.549999952316284
vertex 7.582159042358398 12.398991584777832 0
vertex 7.582159042358398 12.398991584777832 3.549999952316284
endloop
endfacet
facet normal 0 0 -1
outer loop
vertex 7.582159042358398 13.098991394042969 3.549999952316284
vertex 7.582159042358398 12.398991584777832 3.549999952316284
vertex 2.5821592807769775 13.098991394042969 3.549999952316284
endloop
endfacet
facet normal 0 1 0
outer loop
vertex 7.582159042358398 -2.401008129119873 0
vertex 2.5821592807769775 -2.401008129119873 0
vertex 2.5821592807769775 -2.401008129119873 3.549999952316284
endloop
endfacet
facet normal 0 -1 0
outer loop
vertex 2.5821592807769775 13.098991394042969 0
vertex 7.582159042358398 13.098991394042969 0
vertex 7.582159042358398 13.098991394042969 3.549999952316284
endloop
endfacet
facet normal -1 0 0
outer loop
vertex 7.582159042358398 -1.7010082006454468 0
vertex 7.582159042358398 -2.401008129119873 0
vertex 7.582159042358398 -1.7010082006454468 3.549999952316284
endloop
endfacet
facet normal 0 -1 0
outer loop
vertex 21.5821590423584 15.473991394042969 0
vertex 26.5821590423584 15.473991394042969 0
vertex 26.5821590423584 15.473991394042969 3.549999952316284
endloop
endfacet
facet normal -1 0 0
outer loop
vertex 26.5821590423584 15.473991394042969 0
vertex 26.5821590423584 14.773991584777832 0
vertex 26.5821590423584 15.473991394042969 3.549999952316284
endloop
endfacet
facet normal 0 0 -1
outer loop
vertex 26.5821590423584 15.473991394042969 3.549999952316284
vertex 26.5821590423584 14.773991584777832 3.549999952316284
vertex 21.5821590423584 15.473991394042969 3.549999952316284
endloop
endfacet
facet normal 0 0 -1
outer loop
vertex 21.5821590423584 15.473991394042969 3.549999952316284
vertex 26.5821590423584 14.773991584777832 3.549999952316284
vertex 21.5821590423584 14.773991584777832 3.549999952316284
endloop
endfacet
facet normal 1 0 0
outer loop
vertex 21.5821590423584 -0.02600819244980812 3.549999952316284
vertex 21.5821590423584 0.6739917993545532 0
vertex 21.5821590423584 0.6739917993545532 3.549999952316284
endloop
endfacet
facet normal 0 0 -1
outer loop
vertex 26.5821590423584 0.6739917993545532 3.549999952316284
vertex 26.5821590423584 -0.02600819244980812 3.549999952316284
vertex 21.5821590423584 0.6739917993545532 3.549999952316284
endloop
endfacet
facet normal 0 0 -1
outer loop
vertex 26.5821590423584 -0.02600819244980812 3.549999952316284
vertex 21.5821590423584 -0.02600819244980812 3.549999952316284
vertex 21.5821590423584 0.6739917993545532 3.549999952316284
endloop
endfacet
facet normal -1 0 0
outer loop
vertex 26.5821590423584 15.473991394042969 3.549999952316284
vertex 26.5821590423584 14.773991584777832 0
vertex 26.5821590423584 14.773991584777832 3.549999952316284
endloop
endfacet
facet normal 0 -1 0
outer loop
vertex 21.5821590423584 15.473991394042969 3.549999952316284
vertex 21.5821590423584 15.473991394042969 0
vertex 26.5821590423584 15.473991394042969 3.549999952316284
endloop
endfacet
facet normal 1 0 0
outer loop
vertex 21.5821590423584 0.6739917993545532 0
vertex 21.5821590423584 -0.02600819244980812 3.549999952316284
vertex 21.5821590423584 -0.02600819244980812 0
endloop
endfacet
facet normal 1 0 0
outer loop
vertex 21.5821590423584 14.773991584777832 3.549999952316284
vertex 21.5821590423584 15.473991394042969 0
vertex 21.5821590423584 15.473991394042969 3.549999952316284
endloop
endfacet
facet normal 0 1 0
outer loop
vertex 26.5821590423584 -0.02600819244980812 0
vertex 21.5821590423584 -0.02600819244980812 0
vertex 21.5821590423584 -0.02600819244980812 3.549999952316284
endloop
endfacet
facet normal -1 0 0
outer loop
vertex 26.5821590423584 0.6739917993545532 0
vertex 26.5821590423584 -0.02600819244980812 0
vertex 26.5821590423584 0.6739917993545532 3.549999952316284
endloop
endfacet
facet normal 1 0 0
outer loop
vertex 21.5821590423584 14.773991584777832 3.549999952316284
vertex 21.5821590423584 14.773991584777832 0
vertex 21.5821590423584 15.473991394042969 0
endloop
endfacet
facet normal 0 1 0
outer loop
vertex 26.5821590423584 -0.02600819244980812 0
vertex 21.5821590423584 -0.02600819244980812 3.549999952316284
vertex 26.5821590423584 -0.02600819244980812 3.549999952316284
endloop
endfacet
facet normal -1 0 0
outer loop
vertex 26.5821590423584 0.6739917993545532 3.549999952316284
vertex 26.5821590423584 -0.02600819244980812 0
vertex 26.5821590423584 -0.02600819244980812 3.549999952316284
endloop
endfacet
facet normal -1 0 0
outer loop
vertex -11.417840957641602 0.6739917993545532 3.549999952316284
vertex -11.417840957641602 -0.02600819244980812 0
vertex -11.417840957641602 -0.02600819244980812 3.549999952316284
endloop
endfacet
facet normal 0 0 -1
outer loop
vertex -11.417840957641602 0.6739917993545532 3.549999952316284
vertex -11.417840957641602 -0.02600819244980812 3.549999952316284
vertex -16.4178409576416 0.6739917993545532 3.549999952316284
endloop
endfacet
facet normal -1 0 0
outer loop
vertex -11.417840957641602 15.473991394042969 3.549999952316284
vertex -11.417840957641602 14.773991584777832 0
vertex -11.417840957641602 14.773991584777832 3.549999952316284
endloop
endfacet
facet normal 1 0 0
outer loop
vertex -16.4178409576416 14.773991584777832 3.549999952316284
vertex -16.4178409576416 14.773991584777832 0
vertex -16.4178409576416 15.473991394042969 0
endloop
endfacet
facet normal -1 0 0
outer loop
vertex -11.417840957641602 0.6739917993545532 0
vertex -11.417840957641602 -0.02600819244980812 0
vertex -11.417840957641602 0.6739917993545532 3.549999952316284
endloop
endfacet
facet normal 1 0 0
outer loop
vertex -16.4178409576416 -0.02600819244980812 3.549999952316284
vertex -16.4178409576416 0.6739917993545532 0
vertex -16.4178409576416 0.6739917993545532 3.549999952316284
endloop
endfacet
facet normal 0 1 0
outer loop
vertex -11.417840957641602 -0.02600819244980812 0
vertex -16.4178409576416 -0.02600819244980812 0
vertex -16.4178409576416 -0.02600819244980812 3.549999952316284
endloop
endfacet
facet normal 1 0 0
outer loop
vertex -16.4178409576416 0.6739917993545532 0
vertex -16.4178409576416 -0.02600819244980812 3.549999952316284
vertex -16.4178409576416 -0.02600819244980812 0
endloop
endfacet
facet normal 0 -1 0
outer loop
vertex -11.417840957641602 15.473991394042969 0
vertex -11.417840957641602 15.473991394042969 3.549999952316284
vertex -16.4178409576416 15.473991394042969 0
endloop
endfacet
facet normal 0 -1 0
outer loop
vertex -16.4178409576416 15.473991394042969 3.549999952316284
vertex -16.4178409576416 15.473991394042969 0
vertex -11.417840957641602 15.473991394042969 3.549999952316284
endloop
endfacet
facet normal -1 0 0
outer loop
vertex -11.417840957641602 15.473991394042969 0
vertex -11.417840957641602 14.773991584777832 0
vertex -11.417840957641602 15.473991394042969 3.549999952316284
endloop
endfacet
facet normal 1 0 0
outer loop
vertex -16.4178409576416 14.773991584777832 3.549999952316284
vertex -16.4178409576416 15.473991394042969 0
vertex -16.4178409576416 15.473991394042969 3.549999952316284
endloop
endfacet
facet normal 0 0 -1
outer loop
vertex -11.417840957641602 -0.02600819244980812 3.549999952316284
vertex -16.4178409576416 -0.02600819244980812 3.549999952316284
vertex -16.4178409576416 0.6739917993545532 3.549999952316284
endloop
endfacet
facet normal 0 0 -1
outer loop
vertex -16.4178409576416 15.473991394042969 3.549999952316284
vertex -11.417840957641602 14.773991584777832 3.549999952316284
vertex -16.4178409576416 14.773991584777832 3.549999952316284
endloop
endfacet
facet normal 0 0 -1
outer loop
vertex -11.417840957641602 15.473991394042969 3.549999952316284
vertex -11.417840957641602 14.773991584777832 3.549999952316284
vertex -16.4178409576416 15.473991394042969 3.549999952316284
endloop
endfacet
facet normal 0 1 0
outer loop
vertex -11.417840957641602 -0.02600819244980812 0
vertex -16.4178409576416 -0.02600819244980812 3.549999952316284
vertex -11.417840957641602 -0.02600819244980812 3.549999952316284
endloop
endfacet
facet normal 1 0 0
outer loop
vertex -35.41783905029297 2.348991870880127 3.549999952316284
vertex -35.41783905029297 3.0489919185638428 0
vertex -35.41783905029297 3.0489919185638428 3.549999952316284
endloop
endfacet
facet normal -1 0 0
outer loop
vertex -30.4178409576416 17.84899139404297 3.549999952316284
vertex -30.4178409576416 17.14899253845215 0
vertex -30.4178409576416 17.14899253845215 3.549999952316284
endloop
endfacet
facet normal 0 1 0
outer loop
vertex -30.4178409576416 2.348991870880127 0
vertex -35.41783905029297 2.348991870880127 0
vertex -35.41783905029297 2.348991870880127 3.549999952316284
endloop
endfacet
facet normal 0 -1 0
outer loop
vertex -35.41783905029297 17.84899139404297 0
vertex -30.4178409576416 17.84899139404297 0
vertex -30.4178409576416 17.84899139404297 3.549999952316284
endloop
endfacet
facet normal 0 0 -1
outer loop
vertex -30.4178409576416 17.84899139404297 3.549999952316284
vertex -30.4178409576416 17.14899253845215 3.549999952316284
vertex -35.41783905029297 17.84899139404297 3.549999952316284
endloop
endfacet
facet normal 0 1 0
outer loop
vertex -30.4178409576416 2.348991870880127 0
vertex -35.41783905029297 2.348991870880127 3.549999952316284
vertex -30.4178409576416 2.348991870880127 3.549999952316284
endloop
endfacet
facet normal -1 0 0
outer loop
vertex -30.4178409576416 3.0489919185638428 3.549999952316284
vertex -30.4178409576416 2.348991870880127 0
vertex -30.4178409576416 2.348991870880127 3.549999952316284
endloop
endfacet
facet normal 1 0 0
outer loop
vertex -35.41783905029297 3.0489919185638428 0
vertex -35.41783905029297 2.348991870880127 3.549999952316284
vertex -35.41783905029297 2.348991870880127 0
endloop
endfacet
facet normal 0 0 -1
outer loop
vertex -30.4178409576416 2.348991870880127 3.549999952316284
vertex -35.41783905029297 2.348991870880127 3.549999952316284
vertex -35.41783905029297 3.0489919185638428 3.549999952316284
endloop
endfacet
facet normal 0 0 -1
outer loop
vertex -30.4178409576416 3.0489919185638428 3.549999952316284
vertex -30.4178409576416 2.348991870880127 3.549999952316284
vertex -35.41783905029297 3.0489919185638428 3.549999952316284
endloop
endfacet
facet normal -1 0 0
outer loop
vertex -30.4178409576416 17.84899139404297 0
vertex -30.4178409576416 17.14899253845215 0
vertex -30.4178409576416 17.84899139404297 3.549999952316284
endloop
endfacet
facet normal 1 0 0
outer loop
vertex -35.41783905029297 17.14899253845215 3.549999952316284
vertex -35.41783905029297 17.84899139404297 0
vertex -35.41783905029297 17.84899139404297 3.549999952316284
endloop
endfacet
facet normal 0 -1 0
outer loop
vertex -35.41783905029297 17.84899139404297 3.549999952316284
vertex -35.41783905029297 17.84899139404297 0
vertex -30.4178409576416 17.84899139404297 3.549999952316284
endloop
endfacet
facet normal -1 0 0
outer loop
vertex -30.4178409576416 3.0489919185638428 0
vertex -30.4178409576416 2.348991870880127 0
vertex -30.4178409576416 3.0489919185638428 3.549999952316284
endloop
endfacet
facet normal 0 0 -1
outer loop
vertex -35.41783905029297 17.84899139404297 3.549999952316284
vertex -30.4178409576416 17.14899253845215 3.549999952316284
vertex -35.41783905029297 17.14899253845215 3.549999952316284
endloop
endfacet
facet normal 1 0 0
outer loop
vertex -35.41783905029297 17.14899253845215 3.549999952316284
vertex -35.41783905029297 17.14899253845215 0
vertex -35.41783905029297 17.84899139404297 0
endloop
endfacet
facet normal 0 0 -1
outer loop
vertex 59.58216094970703 19.52399253845215 3.549999952316284
vertex 59.58216094970703 20.22399139404297 3.549999952316284
vertex 64.58216094970703 19.52399253845215 3.549999952316284
endloop
endfacet
facet normal 1 0 0
outer loop
vertex 59.58216094970703 4.723991870880127 3.549999952316284
vertex 59.58216094970703 5.423991680145264 0
vertex 59.58216094970703 5.423991680145264 3.549999952316284
endloop
endfacet
facet normal 0 -1 0
outer loop
vertex 59.58216094970703 20.22399139404297 3.549999952316284
vertex 59.58216094970703 20.22399139404297 0
vertex 64.58216094970703 20.22399139404297 3.549999952316284
endloop
endfacet
facet normal -1 0 0
outer loop
vertex 64.58216094970703 20.22399139404297 3.549999952316284
vertex 64.58216094970703 19.52399253845215 0
vertex 64.58216094970703 19.52399253845215 3.549999952316284
endloop
endfacet
facet normal 1 0 0
outer loop
vertex 59.58216094970703 19.52399253845215 3.549999952316284
vertex 59.58216094970703 20.22399139404297 0
vertex 59.58216094970703 20.22399139404297 3.549999952316284
endloop
endfacet
facet normal -1 0 0
outer loop
vertex 64.58216094970703 5.423991680145264 0
vertex 64.58216094970703 4.723991870880127 0
vertex 64.58216094970703 5.423991680145264 3.549999952316284
endloop
endfacet
facet normal 0 0 -1
outer loop
vertex 64.58216094970703 5.423991680145264 3.549999952316284
vertex 64.58216094970703 4.723991870880127 3.549999952316284
vertex 59.58216094970703 5.423991680145264 3.549999952316284
endloop
endfacet
facet normal 0 -1 0
outer loop
vertex 64.58216094970703 20.22399139404297 0
vertex 64.58216094970703 20.22399139404297 3.549999952316284
vertex 59.58216094970703 20.22399139404297 0
endloop
endfacet
facet normal 1 0 0
outer loop
vertex 59.58216094970703 19.52399253845215 3.549999952316284
vertex 59.58216094970703 19.52399253845215 0
vertex 59.58216094970703 20.22399139404297 0
endloop
endfacet
facet normal -1 0 0
outer loop
vertex 64.58216094970703 5.423991680145264 3.549999952316284
vertex 64.58216094970703 4.723991870880127 0
vertex 64.58216094970703 4.723991870880127 3.549999952316284
endloop
endfacet
facet normal -1 0 0
outer loop
vertex 64.58216094970703 20.22399139404297 0
vertex 64.58216094970703 19.52399253845215 0
vertex 64.58216094970703 20.22399139404297 3.549999952316284
endloop
endfacet
facet normal 0 0 -1
outer loop
vertex 64.58216094970703 20.22399139404297 3.549999952316284
vertex 64.58216094970703 19.52399253845215 3.549999952316284
vertex 59.58216094970703 20.22399139404297 3.549999952316284
endloop
endfacet
facet normal 1 0 0
outer loop
vertex 59.58216094970703 5.423991680145264 0
vertex 59.58216094970703 4.723991870880127 3.549999952316284
vertex 59.58216094970703 4.723991870880127 0
endloop
endfacet
facet normal 0 1 0
outer loop
vertex 64.58216094970703 4.723991870880127 0
vertex 59.58216094970703 4.723991870880127 0
vertex 59.58216094970703 4.723991870880127 3.549999952316284
endloop
endfacet
facet normal 0 1 0
outer loop
vertex 64.58216094970703 4.723991870880127 0
vertex 59.58216094970703 4.723991870880127 3.549999952316284
vertex 64.58216094970703 4.723991870880127 3.549999952316284
endloop
endfacet
facet normal 0 0 -1
outer loop
vertex 64.58216094970703 4.723991870880127 3.549999952316284
vertex 59.58216094970703 4.723991870880127 3.549999952316284
vertex 59.58216094970703 5.423991680145264 3.549999952316284
endloop
endfacet
facet normal 0 1 0
outer loop
vertex 45.58216094970703 4.723991870880127 0
vertex 40.58216094970703 4.723991870880127 0
vertex 40.58216094970703 4.723991870880127 3.549999952316284
endloop
endfacet
facet normal -1 0 0
outer loop
vertex 45.58216094970703 20.22399139404297 0
vertex 45.58216094970703 19.52399253845215 0
vertex 45.58216094970703 20.22399139404297 3.549999952316284
endloop
endfacet
facet normal 0 -1 0
outer loop
vertex 40.58216094970703 20.22399139404297 3.549999952316284
vertex 40.58216094970703 20.22399139404297 0
vertex 45.58216094970703 20.22399139404297 3.549999952316284
endloop
endfacet
facet normal -1 0 0
outer loop
vertex 45.58216094970703 5.423991680145264 0
vertex 45.58216094970703 4.723991870880127 0
vertex 45.58216094970703 5.423991680145264 3.549999952316284
endloop
endfacet
facet normal 1 0 0
outer loop
vertex 40.58216094970703 19.52399253845215 3.549999952316284
vertex 40.58216094970703 20.22399139404297 0
vertex 40.58216094970703 20.22399139404297 3.549999952316284
endloop
endfacet
facet normal -1 0 0
outer loop
vertex 45.58216094970703 5.423991680145264 3.549999952316284
vertex 45.58216094970703 4.723991870880127 0
vertex 45.58216094970703 4.723991870880127 3.549999952316284
endloop
endfacet
facet normal 0 1 0
outer loop
vertex 45.58216094970703 4.723991870880127 0
vertex 40.58216094970703 4.723991870880127 3.549999952316284
vertex 45.58216094970703 4.723991870880127 3.549999952316284
endloop
endfacet
facet normal 0 0 -1
outer loop
vertex 45.58216094970703 20.22399139404297 3.549999952316284
vertex 45.58216094970703 19.52399253845215 3.549999952316284
vertex 40.58216094970703 20.22399139404297 3.549999952316284
endloop
endfacet
facet normal 1 0 0
outer loop
vertex 40.58216094970703 4.723991870880127 3.549999952316284
vertex 40.58216094970703 5.423991680145264 0
vertex 40.58216094970703 5.423991680145264 3.549999952316284
endloop
endfacet
facet normal 0 0 -1
outer loop
vertex 40.58216094970703 20.22399139404297 3.549999952316284
vertex 45.58216094970703 19.52399253845215 3.549999952316284
vertex 40.58216094970703 19.52399253845215 3.549999952316284
endloop
endfacet
facet normal 0 0 -1
outer loop
vertex 45.58216094970703 5.423991680145264 3.549999952316284
vertex 45.58216094970703 4.723991870880127 3.549999952316284
vertex 40.58216094970703 5.423991680145264 3.549999952316284
endloop
endfacet
facet normal 0 0 -1
outer loop
vertex 45.58216094970703 4.723991870880127 3.549999952316284
vertex 40.58216094970703 4.723991870880127 3.549999952316284
vertex 40.58216094970703 5.423991680145264 3.549999952316284
endloop
endfacet
facet normal 1 0 0
outer loop
vertex 40.58216094970703 19.52399253845215 3.549999952316284
vertex 40.58216094970703 19.52399253845215 0
vertex 40.58216094970703 20.22399139404297 0
endloop
endfacet
facet normal 0 -1 0
outer loop
vertex 40.58216094970703 20.22399139404297 0
vertex 45.58216094970703 20.22399139404297 0
vertex 45.58216094970703 20.22399139404297 3.549999952316284
endloop
endfacet
facet normal -1 0 0
outer loop
vertex 45.58216094970703 20.22399139404297 3.549999952316284
vertex 45.58216094970703 19.52399253845215 0
vertex 45.58216094970703 19.52399253845215 3.549999952316284
endloop
endfacet
facet normal 1 0 0
outer loop
vertex 40.58216094970703 5.423991680145264 0
vertex 40.58216094970703 4.723991870880127 3.549999952316284
vertex 40.58216094970703 4.723991870880127 0
endloop
endfacet
facet normal -1 0 0
outer loop
vertex -49.41783905029297 24.97399139404297 3.549999952316284
vertex -49.41783905029297 24.27399253845215 0
vertex -49.41783905029297 24.27399253845215 3.549999952316284
endloop
endfacet
facet normal 0 -1 0
outer loop
vertex -54.41783905029297 24.97399139404297 3.549999952316284
vertex -54.41783905029297 24.97399139404297 0
vertex -49.41783905029297 24.97399139404297 3.549999952316284
endloop
endfacet
facet normal 1 0 0
outer loop
vertex -54.41783905029297 24.27399253845215 3.549999952316284
vertex -54.41783905029297 24.97399139404297 0
vertex -54.41783905029297 24.97399139404297 3.549999952316284
endloop
endfacet
facet normal 1 0 0
outer loop
vertex -54.41783905029297 24.27399253845215 3.549999952316284
vertex -54.41783905029297 24.27399253845215 0
vertex -54.41783905029297 24.97399139404297 0
endloop
endfacet
facet normal 0 -1 0
outer loop
vertex -54.41783905029297 24.97399139404297 0
vertex -49.41783905029297 24.97399139404297 0
vertex -49.41783905029297 24.97399139404297 3.549999952316284
endloop
endfacet
facet normal -1 0 0
outer loop
vertex -49.41783905029297 24.97399139404297 0
vertex -49.41783905029297 24.27399253845215 0
vertex -49.41783905029297 24.97399139404297 3.549999952316284
endloop
endfacet
facet normal -1 0 0
outer loop
vertex -49.41783905029297 10.173992156982422 3.549999952316284
vertex -49.41783905029297 9.473991394042969 0
vertex -49.41783905029297 9.473991394042969 3.549999952316284
endloop
endfacet
facet normal 0 1 0
outer loop
vertex -49.41783905029297 9.473991394042969 0
vertex -54.41783905029297 9.473991394042969 3.549999952316284
vertex -49.41783905029297 9.473991394042969 3.549999952316284
endloop
endfacet
facet normal 1 0 0
outer loop
vertex -54.41783905029297 9.473991394042969 3.549999952316284
vertex -54.41783905029297 10.173992156982422 0
vertex -54.41783905029297 10.173992156982422 3.549999952316284
endloop
endfacet
facet normal 0 0 -1
outer loop
vertex -49.41783905029297 10.173992156982422 3.549999952316284
vertex -49.41783905029297 9.473991394042969 3.549999952316284
vertex -54.41783905029297 10.173992156982422 3.549999952316284
endloop
endfacet
facet normal 0 0 -1
outer loop
vertex -49.41783905029297 9.473991394042969 3.549999952316284
vertex -54.41783905029297 9.473991394042969 3.549999952316284
vertex -54.41783905029297 10.173992156982422 3.549999952316284
endloop
endfacet
facet normal 0 0 -1
outer loop
vertex -49.41783905029297 24.97399139404297 3.549999952316284
vertex -49.41783905029297 24.27399253845215 3.549999952316284
vertex -54.41783905029297 24.97399139404297 3.549999952316284
endloop
endfacet
facet normal 1 0 0
outer loop
vertex -54.41783905029297 10.173992156982422 0
vertex -54.41783905029297 9.473991394042969 3.549999952316284
vertex -54.41783905029297 9.473991394042969 0
endloop
endfacet
facet normal 0 1 0
outer loop
vertex -49.41783905029297 9.473991394042969 0
vertex -54.41783905029297 9.473991394042969 0
vertex -54.41783905029297 9.473991394042969 3.549999952316284
endloop
endfacet
facet normal 0 0 -1
outer loop
vertex -54.41783905029297 24.27399253845215 3.549999952316284
vertex -54.41783905029297 24.97399139404297 3.549999952316284
vertex -49.41783905029297 24.27399253845215 3.549999952316284
endloop
endfacet
facet normal -1 0 0
outer loop
vertex -49.41783905029297 10.173992156982422 0
vertex -49.41783905029297 9.473991394042969 0
vertex -49.41783905029297 10.173992156982422 3.549999952316284
endloop
endfacet
facet normal 1 0 0
outer loop
vertex 2.5821592807769775 16.59899139404297 3.549999952316284
vertex 2.5821592807769775 17.298992156982422 0
vertex 2.5821592807769775 17.298992156982422 3.549999952316284
endloop
endfacet
facet normal 0 -1 0
outer loop
vertex 2.5821592807769775 32.09899139404297 3.549999952316284
vertex 2.5821592807769775 32.09899139404297 0
vertex 7.582159042358398 32.09899139404297 3.549999952316284
endloop
endfacet
facet normal -1 0 0
outer loop
vertex 7.582159042358398 31.39899253845215 0
vertex 7.582159042358398 31.39899253845215 3.549999952316284
vertex 7.582159042358398 32.09899139404297 3.549999952316284
endloop
endfacet
facet normal -1 0 0
outer loop
vertex 7.582159042358398 17.298992156982422 3.549999952316284
vertex 7.582159042358398 16.59899139404297 0
vertex 7.582159042358398 16.59899139404297 3.549999952316284
endloop
endfacet
facet normal 0 1 0
outer loop
vertex 7.582159042358398 16.59899139404297 0
vertex 2.5821592807769775 16.59899139404297 3.549999952316284
vertex 7.582159042358398 16.59899139404297 3.549999952316284
endloop
endfacet
facet normal 0 0 -1
outer loop
vertex 2.5821592807769775 31.39899253845215 3.549999952316284
vertex 2.5821592807769775 32.09899139404297 3.549999952316284
vertex 7.582159042358398 31.39899253845215 3.549999952316284
endloop
endfacet
facet normal 0 0 -1
outer loop
vertex 7.582159042358398 17.298992156982422 3.549999952316284
vertex 7.582159042358398 16.59899139404297 3.549999952316284
vertex 2.5821592807769775 17.298992156982422 3.549999952316284
endloop
endfacet
facet normal 0 0 -1
outer loop
vertex 7.582159042358398 32.09899139404297 3.549999952316284
vertex 7.582159042358398 31.39899253845215 3.549999952316284
vertex 2.5821592807769775 32.09899139404297 3.549999952316284
endloop
endfacet
facet normal 0 0 -1
outer loop
vertex 7.582159042358398 16.59899139404297 3.549999952316284
vertex 2.5821592807769775 16.59899139404297 3.549999952316284
vertex 2.5821592807769775 17.298992156982422 3.549999952316284
endloop
endfacet
facet normal 0 -1 0
outer loop
vertex 2.5821592807769775 32.09899139404297 0
vertex 7.582159042358398 32.09899139404297 0
vertex 7.582159042358398 32.09899139404297 3.549999952316284
endloop
endfacet
facet normal -1 0 0
outer loop
vertex 7.582159042358398 32.09899139404297 0
vertex 7.582159042358398 31.39899253845215 0
vertex 7.582159042358398 32.09899139404297 3.549999952316284
endloop
endfacet
facet normal 1 0 0
outer loop
vertex 2.5821592807769775 17.298992156982422 0
vertex 2.5821592807769775 16.59899139404297 3.549999952316284
vertex 2.5821592807769775 16.59899139404297 0
endloop
endfacet
facet normal 1 0 0
outer loop
vertex 2.5821592807769775 31.39899253845215 3.549999952316284
vertex 2.5821592807769775 31.39899253845215 0
vertex 2.5821592807769775 32.09899139404297 0
endloop
endfacet
facet normal -1 0 0
outer loop
vertex 7.582159042358398 17.298992156982422 0
vertex 7.582159042358398 16.59899139404297 0
vertex 7.582159042358398 17.298992156982422 3.549999952316284
endloop
endfacet
facet normal 0 1 0
outer loop
vertex 7.582159042358398 16.59899139404297 0
vertex 2.5821592807769775 16.59899139404297 0
vertex 2.5821592807769775 16.59899139404297 3.549999952316284
endloop
endfacet
facet normal 1 0 0
outer loop
vertex 2.5821592807769775 31.39899253845215 3.549999952316284
vertex 2.5821592807769775 32.09899139404297 0
vertex 2.5821592807769775 32.09899139404297 3.549999952316284
endloop
endfacet
facet normal 1 0 0
outer loop
vertex 21.5821590423584 33.773990631103516 3.549999952316284
vertex 21.5821590423584 33.773990631103516 0
vertex 21.5821590423584 34.47399139404297 0
endloop
endfacet
facet normal -1 0 0
outer loop
vertex 26.5821590423584 19.673992156982422 0
vertex 26.5821590423584 18.97399139404297 0
vertex 26.5821590423584 19.673992156982422 3.549999952316284
endloop
endfacet
facet normal -1 0 0
outer loop
vertex 26.5821590423584 34.47399139404297 0
vertex 26.5821590423584 33.773990631103516 0
vertex 26.5821590423584 34.47399139404297 3.549999952316284
endloop
endfacet
facet normal 0 0 -1
outer loop
vertex 26.5821590423584 34.47399139404297 3.549999952316284
vertex 26.5821590423584 33.773990631103516 3.549999952316284
vertex 21.5821590423584 34.47399139404297 3.549999952316284
endloop
endfacet
facet normal 1 0 0
outer loop
vertex 21.5821590423584 33.773990631103516 3.549999952316284
vertex 21.5821590423584 34.47399139404297 0
vertex 21.5821590423584 34.47399139404297 3.549999952316284
endloop
endfacet
facet normal 0 0 -1
outer loop
vertex 21.5821590423584 34.47399139404297 3.549999952316284
vertex 26.5821590423584 33.773990631103516 3.549999952316284
vertex 21.5821590423584 33.773990631103516 3.549999952316284
endloop
endfacet
facet normal 1 0 0
outer loop
vertex 21.5821590423584 19.673992156982422 0
vertex 21.5821590423584 18.97399139404297 3.549999952316284
vertex 21.5821590423584 18.97399139404297 0
endloop
endfacet
facet normal 0 -1 0
outer loop
vertex 21.5821590423584 34.47399139404297 0
vertex 26.5821590423584 34.47399139404297 0
vertex 26.5821590423584 34.47399139404297 3.549999952316284
endloop
endfacet
facet normal 0 0 -1
outer loop
vertex 26.5821590423584 19.673992156982422 3.549999952316284
vertex 26.5821590423584 18.97399139404297 3.549999952316284
vertex 21.5821590423584 19.673992156982422 3.549999952316284
endloop
endfacet
facet normal 0 -1 0
outer loop
vertex 21.5821590423584 34.47399139404297 3.549999952316284
vertex 21.5821590423584 34.47399139404297 0
vertex 26.5821590423584 34.47399139404297 3.549999952316284
endloop
endfacet
facet normal -1 0 0
outer loop
vertex 26.5821590423584 34.47399139404297 3.549999952316284
vertex 26.5821590423584 33.773990631103516 0
vertex 26.5821590423584 33.773990631103516 3.549999952316284
endloop
endfacet
facet normal -1 0 0
outer loop
vertex 26.5821590423584 19.673992156982422 3.549999952316284
vertex 26.5821590423584 18.97399139404297 0
vertex 26.5821590423584 18.97399139404297 3.549999952316284
endloop
endfacet
facet normal 0 1 0
outer loop
vertex 26.5821590423584 18.97399139404297 0
vertex 21.5821590423584 18.97399139404297 3.549999952316284
vertex 26.5821590423584 18.97399139404297 3.549999952316284
endloop
endfacet
facet normal 1 0 0
outer loop
vertex 21.5821590423584 18.97399139404297 3.549999952316284
vertex 21.5821590423584 19.673992156982422 0
vertex 21.5821590423584 19.673992156982422 3.549999952316284
endloop
endfacet
facet normal 0 1 0
outer loop
vertex 26.5821590423584 18.97399139404297 0
vertex 21.5821590423584 18.97399139404297 0
vertex 21.5821590423584 18.97399139404297 3.549999952316284
endloop
endfacet
facet normal 0 0 -1
outer loop
vertex 26.5821590423584 18.97399139404297 3.549999952316284
vertex 21.5821590423584 18.97399139404297 3.549999952316284
vertex 21.5821590423584 19.673992156982422 3.549999952316284
endloop
endfacet
facet normal 0 -1 0
outer loop
vertex 64.58216094970703 39.22399139404297 0
vertex 64.58216094970703 39.22399139404297 3.549999952316284
vertex 59.58216094970703 39.22399139404297 0
endloop
endfacet
facet normal 0 1 0
outer loop
vertex 64.58216094970703 23.72399139404297 0
vertex 59.58216094970703 23.72399139404297 0
vertex 59.58216094970703 23.72399139404297 3.549999952316284
endloop
endfacet
facet normal 0 1 0
outer loop
vertex 64.58216094970703 23.72399139404297 0
vertex 59.58216094970703 23.72399139404297 3.549999952316284
vertex 64.58216094970703 23.72399139404297 3.549999952316284
endloop
endfacet
facet normal 0 0 -1
outer loop
vertex 64.58216094970703 23.72399139404297 3.549999952316284
vertex 59.58216094970703 23.72399139404297 3.549999952316284
vertex 59.58216094970703 24.423992156982422 3.549999952316284
endloop
endfacet
facet normal 1 0 0
outer loop
vertex 59.58216094970703 24.423992156982422 0
vertex 59.58216094970703 23.72399139404297 3.549999952316284
vertex 59.58216094970703 23.72399139404297 0
endloop
endfacet
facet normal 1 0 0
outer loop
vertex 59.58216094970703 38.523990631103516 3.549999952316284
vertex 59.58216094970703 39.22399139404297 0
vertex 59.58216094970703 39.22399139404297 3.549999952316284
endloop
endfacet
facet normal 1 0 0
outer loop
vertex 59.58216094970703 23.72399139404297 3.549999952316284
vertex 59.58216094970703 24.423992156982422 0
vertex 59.58216094970703 24.423992156982422 3.549999952316284
endloop
endfacet
facet normal -1 0 0
outer loop
vertex 64.58216094970703 24.423992156982422 3.549999952316284
vertex 64.58216094970703 23.72399139404297 0
vertex 64.58216094970703 23.72399139404297 3.549999952316284
endloop
endfacet
facet normal 1 0 0
outer loop
vertex 59.58216094970703 38.523990631103516 3.549999952316284
vertex 59.58216094970703 38.523990631103516 0
vertex 59.58216094970703 39.22399139404297 0
endloop
endfacet
facet normal -1 0 0
outer loop
vertex 64.58216094970703 24.423992156982422 0
vertex 64.58216094970703 23.72399139404297 0
vertex 64.58216094970703 24.423992156982422 3.549999952316284
endloop
endfacet
facet normal -1 0 0
outer loop
vertex 64.58216094970703 39.22399139404297 0
vertex 64.58216094970703 38.523990631103516 0
vertex 64.58216094970703 39.22399139404297 3.549999952316284
endloop
endfacet
facet normal 0 0 -1
outer loop
vertex 64.58216094970703 24.423992156982422 3.549999952316284
vertex 64.58216094970703 23.72399139404297 3.549999952316284
vertex 59.58216094970703 24.423992156982422 3.549999952316284
endloop
endfacet
facet normal 0 -1 0
outer loop
vertex 59.58216094970703 39.22399139404297 3.549999952316284
vertex 59.58216094970703 39.22399139404297 0
vertex 64.58216094970703 39.22399139404297 3.549999952316284
endloop
endfacet
facet normal 0 0 -1
outer loop
vertex 64.58216094970703 39.22399139404297 3.549999952316284
vertex 64.58216094970703 38.523990631103516 3.549999952316284
vertex 59.58216094970703 39.22399139404297 3.549999952316284
endloop
endfacet
facet normal -1 0 0
outer loop
vertex 64.58216094970703 39.22399139404297 3.549999952316284
vertex 64.58216094970703 38.523990631103516 0
vertex 64.58216094970703 38.523990631103516 3.549999952316284
endloop
endfacet
facet normal 0 0 -1
outer loop
vertex 59.58216094970703 38.523990631103516 3.549999952316284
vertex 59.58216094970703 39.22399139404297 3.549999952316284
vertex 64.58216094970703 38.523990631103516 3.549999952316284
endloop
endfacet
facet normal -1 0 0
outer loop
vertex 45.58216094970703 24.423992156982422 3.549999952316284
vertex 45.58216094970703 23.72399139404297 0
vertex 45.58216094970703 23.72399139404297 3.549999952316284
endloop
endfacet
facet normal 0 0 -1
outer loop
vertex 45.58216094970703 24.423992156982422 3.549999952316284
vertex 45.58216094970703 23.72399139404297 3.549999952316284
vertex 40.58216094970703 24.423992156982422 3.549999952316284
endloop
endfacet
facet normal 0 0 -1
outer loop
vertex 45.58216094970703 23.72399139404297 3.549999952316284
vertex 40.58216094970703 23.72399139404297 3.549999952316284
vertex 40.58216094970703 24.423992156982422 3.549999952316284
endloop
endfacet
facet normal -1 0 0
outer loop
vertex 45.58216094970703 39.22399139404297 0
vertex 45.58216094970703 38.523990631103516 0
vertex 45.58216094970703 39.22399139404297 3.549999952316284
endloop
endfacet
facet normal 0 -1 0
outer loop
vertex 40.58216094970703 39.22399139404297 0
vertex 45.58216094970703 39.22399139404297 0
vertex 45.58216094970703 39.22399139404297 3.549999952316284
endloop
endfacet
facet normal 0 1 0
outer loop
vertex 45.58216094970703 23.72399139404297 0
vertex 40.58216094970703 23.72399139404297 0
vertex 40.58216094970703 23.72399139404297 3.549999952316284
endloop
endfacet
facet normal 1 0 0
outer loop
vertex 40.58216094970703 38.523990631103516 3.549999952316284
vertex 40.58216094970703 38.523990631103516 0
vertex 40.58216094970703 39.22399139404297 0
endloop
endfacet
facet normal 0 0 -1
outer loop
vertex 40.58216094970703 39.22399139404297 3.549999952316284
vertex 45.58216094970703 38.523990631103516 3.549999952316284
vertex 40.58216094970703 38.523990631103516 3.549999952316284
endloop
endfacet
facet normal 0 0 -1
outer loop
vertex 45.58216094970703 39.22399139404297 3.549999952316284
vertex 45.58216094970703 38.523990631103516 3.549999952316284
vertex 40.58216094970703 39.22399139404297 3.549999952316284
endloop
endfacet
facet normal 1 0 0
outer loop
vertex 40.58216094970703 24.423992156982422 0
vertex 40.58216094970703 23.72399139404297 3.549999952316284
vertex 40.58216094970703 23.72399139404297 0
endloop
endfacet
facet normal -1 0 0
outer loop
vertex 45.58216094970703 39.22399139404297 3.549999952316284
vertex 45.58216094970703 38.523990631103516 0
vertex 45.58216094970703 38.523990631103516 3.549999952316284
endloop
endfacet
facet normal 0 -1 0
outer loop
vertex 40.58216094970703 39.22399139404297 3.549999952316284
vertex 40.58216094970703 39.22399139404297 0
vertex 45.58216094970703 39.22399139404297 3.549999952316284
endloop
endfacet
facet normal -1 0 0
outer loop
vertex 45.58216094970703 24.423992156982422 0
vertex 45.58216094970703 23.72399139404297 0
vertex 45.58216094970703 24.423992156982422 3.549999952316284
endloop
endfacet
facet normal 1 0 0
outer loop
vertex 40.58216094970703 38.523990631103516 3.549999952316284
vertex 40.58216094970703 39.22399139404297 0
vertex 40.58216094970703 39.22399139404297 3.549999952316284
endloop
endfacet
facet normal 0 1 0
outer loop
vertex 45.58216094970703 23.72399139404297 0
vertex 40.58216094970703 23.72399139404297 3.549999952316284
vertex 45.58216094970703 23.72399139404297 3.549999952316284
endloop
endfacet
facet normal 1 0 0
outer loop
vertex 40.58216094970703 23.72399139404297 3.549999952316284
vertex 40.58216094970703 24.423992156982422 0
vertex 40.58216094970703 24.423992156982422 3.549999952316284
endloop
endfacet
facet normal 0 0 -1
outer loop
vertex -20.633872985839844 23.341018676757812 3.549999952316284
vertex -25.463502883911133 24.635114669799805 3.549999952316284
vertex -25.282329559326172 25.311262130737305 3.549999952316284
endloop
endfacet
facet normal 0.9659257696952812 -0.25881925631331715 0
outer loop
vertex -21.632980346679688 38.930816650390625 3.549999952316284
vertex -21.632980346679688 38.930816650390625 0
vertex -21.451807022094727 39.606964111328125 0
endloop
endfacet
facet normal 0.9659257696952812 -0.25881925631331715 0
outer loop
vertex -25.463502883911133 24.635114669799805 3.549999952316284
vertex -25.282329559326172 25.311262130737305 0
vertex -25.282329559326172 25.311262130737305 3.549999952316284
endloop
endfacet
facet normal 0.2588191499941359 0.9659257981834388 0
outer loop
vertex -20.633872985839844 23.341018676757812 0
vertex -25.463502883911133 24.635114669799805 3.549999952316284
vertex -20.633872985839844 23.341018676757812 3.549999952316284
endloop
endfacet
facet normal 0.2588191499941359 0.9659257981834388 0
outer loop
vertex -20.633872985839844 23.341018676757812 0
vertex -25.463502883911133 24.635114669799805 0
vertex -25.463502883911133 24.635114669799805 3.549999952316284
endloop
endfacet
facet normal -0.9659257696952812 0.25881925631331715 0
outer loop
vertex -16.62217903137207 38.312870025634766 0
vertex -16.80335235595703 37.636722564697266 0
vertex -16.62217903137207 38.312870025634766 3.549999952316284
endloop
endfacet
facet normal -0.9659259522209167 0.25881857511800727 0
outer loop
vertex -20.452699661254883 24.017168045043945 0
vertex -20.633872985839844 23.341018676757812 0
vertex -20.452699661254883 24.017168045043945 3.549999952316284
endloop
endfacet
facet normal -0.25881888944544157 -0.9659258679972434 0
outer loop
vertex -16.62217903137207 38.312870025634766 0
vertex -16.62217903137207 38.312870025634766 3.549999952316284
vertex -21.451807022094727 39.606964111328125 0
endloop
endfacet
facet normal 0.9659257696952812 -0.25881925631331715 0
outer loop
vertex -25.463502883911133 24.635114669799805 0
vertex -25.282329559326172 25.311262130737305 0
vertex -25.463502883911133 24.635114669799805 3.549999952316284
endloop
endfacet
facet normal 0.9659257696952812 -0.25881925631331715 0
outer loop
vertex -21.632980346679688 38.930816650390625 3.549999952316284
vertex -21.451807022094727 39.606964111328125 0
vertex -21.451807022094727 39.606964111328125 3.549999952316284
endloop
endfacet
facet normal -0.9659257696952812 0.25881925631331715 0
outer loop
vertex -16.62217903137207 38.312870025634766 3.549999952316284
vertex -16.80335235595703 37.636722564697266 0
vertex -16.80335235595703 37.636722564697266 3.549999952316284
endloop
endfacet
facet normal -0.9659259522209167 0.25881857511800727 0
outer loop
vertex -20.452699661254883 24.017168045043945 3.549999952316284
vertex -20.633872985839844 23.341018676757812 0
vertex -20.633872985839844 23.341018676757812 3.549999952316284
endloop
endfacet
facet normal 0 0 -1
outer loop
vertex -16.62217903137207 38.312870025634766 3.549999952316284
vertex -16.80335235595703 37.636722564697266 3.549999952316284
vertex -21.451807022094727 39.606964111328125 3.549999952316284
endloop
endfacet
facet normal -0.25881888944544157 -0.9659258679972434 0
outer loop
vertex -21.451807022094727 39.606964111328125 3.549999952316284
vertex -21.451807022094727 39.606964111328125 0
vertex -16.62217903137207 38.312870025634766 3.549999952316284
endloop
endfacet
facet normal 0 0 -1
outer loop
vertex -21.632980346679688 38.930816650390625 3.549999952316284
vertex -21.451807022094727 39.606964111328125 3.549999952316284
vertex -16.80335235595703 37.636722564697266 3.549999952316284
endloop
endfacet
facet normal 0 0 -1
outer loop
vertex -20.452699661254883 24.017168045043945 3.549999952316284
vertex -20.633872985839844 23.341018676757812 3.549999952316284
vertex -25.282329559326172 25.311262130737305 3.549999952316284
endloop
endfacet
facet normal 0 0 -1
outer loop
vertex -40.5936164855957 31.125829696655273 3.549999952316284
vertex -40.85584259033203 30.4768009185791 3.549999952316284
vertex -45.22953414916992 32.998863220214844 3.549999952316284
endloop
endfacet
facet normal 0 0 -1
outer loop
vertex -35.0494384765625 44.848148345947266 3.549999952316284
vertex -35.31166458129883 44.19912338256836 3.549999952316284
vertex -39.68535614013672 46.72118377685547 3.549999952316284
endloop
endfacet
facet normal 0 0 -1
outer loop
vertex -39.68535614013672 46.72118377685547 3.549999952316284
vertex -35.31166458129883 44.19912338256836 3.549999952316284
vertex -39.94758224487305 46.0721549987793 3.549999952316284
endloop
endfacet
facet normal 0.37460680088235226 0.9271837707448777 0
outer loop
vertex -40.85584259033203 30.4768009185791 0
vertex -45.49176025390625 32.34983444213867 3.549999952316284
vertex -40.85584259033203 30.4768009185791 3.549999952316284
endloop
endfacet
facet normal -0.927183131589193 0.3746083828432794 0
outer loop
vertex -40.5936164855957 31.125829696655273 0
vertex -40.85584259033203 30.4768009185791 0
vertex -40.5936164855957 31.125829696655273 3.549999952316284
endloop
endfacet
facet normal 0 0 -1
outer loop
vertex -45.22953414916992 32.998863220214844 3.549999952316284
vertex -40.85584259033203 30.4768009185791 3.549999952316284
vertex -45.49176025390625 32.34983444213867 3.549999952316284
endloop
endfacet
facet normal 0.927183131589193 -0.3746083828432794 0
outer loop
vertex -45.49176025390625 32.34983444213867 3.549999952316284
vertex -45.49176025390625 32.34983444213867 0
vertex -45.22953414916992 32.998863220214844 0
endloop
endfacet
facet normal -0.927183131589193 0.3746083828432794 0
outer loop
vertex -40.5936164855957 31.125829696655273 3.549999952316284
vertex -40.85584259033203 30.4768009185791 0
vertex -40.85584259033203 30.4768009185791 3.549999952316284
endloop
endfacet
facet normal -0.3746071288203486 -0.9271836382491738 0
outer loop
vertex -35.0494384765625 44.848148345947266 3.549999952316284
vertex -39.68535614013672 46.72118377685547 0
vertex -35.0494384765625 44.848148345947266 0
endloop
endfacet
facet normal 0.927183131589193 -0.3746083828432794 0
outer loop
vertex -39.94758224487305 46.0721549987793 3.549999952316284
vertex -39.94758224487305 46.0721549987793 0
vertex -39.68535614013672 46.72118377685547 0
endloop
endfacet
facet normal -0.9271823668384268 0.3746102756517668 0
outer loop
vertex -35.0494384765625 44.848148345947266 0
vertex -35.31166458129883 44.19912338256836 0
vertex -35.0494384765625 44.848148345947266 3.549999952316284
endloop
endfacet
facet normal 0.927183131589193 -0.3746083828432794 0
outer loop
vertex -45.49176025390625 32.34983444213867 3.549999952316284
vertex -45.22953414916992 32.998863220214844 0
vertex -45.22953414916992 32.998863220214844 3.549999952316284
endloop
endfacet
facet normal -0.9271823668384268 0.3746102756517668 0
outer loop
vertex -35.0494384765625 44.848148345947266 3.549999952316284
vertex -35.31166458129883 44.19912338256836 0
vertex -35.31166458129883 44.19912338256836 3.549999952316284
endloop
endfacet
facet normal 0.927183131589193 -0.3746083828432794 0
outer loop
vertex -39.94758224487305 46.0721549987793 3.549999952316284
vertex -39.68535614013672 46.72118377685547 0
vertex -39.68535614013672 46.72118377685547 3.549999952316284
endloop
endfacet
facet normal -0.3746071288203486 -0.9271836382491738 0
outer loop
vertex -39.68535614013672 46.72118377685547 3.549999952316284
vertex -39.68535614013672 46.72118377685547 0
vertex -35.0494384765625 44.848148345947266 3.549999952316284
endloop
endfacet
facet normal 0.37460680088235226 0.9271837707448777 0
outer loop
vertex -40.85584259033203 30.4768009185791 0
vertex -45.49176025390625 32.34983444213867 0
vertex -45.49176025390625 32.34983444213867 3.549999952316284
endloop
endfacet
facet normal -0.8660258648263254 0.4999992014511777 0
outer loop
vertex -59.890018463134766 40.74351119995117 0
vertex -60.24001693725586 40.13729476928711 0
vertex -59.890018463134766 40.74351119995117 3.549999952316284
endloop
endfacet
facet normal 0.8660258648263254 -0.4999992014511777 0
outer loop
vertex -64.57014465332031 42.63729476928711 3.549999952316284
vertex -64.57014465332031 42.63729476928711 0
vertex -64.22014617919922 43.24351119995117 0
endloop
endfacet
facet normal 0.49999993962571543 0.8660254386415455 0
outer loop
vertex -60.24001693725586 40.13729476928711 0
vertex -64.57014465332031 42.63729476928711 0
vertex -64.57014465332031 42.63729476928711 3.549999952316284
endloop
endfacet
facet normal 0.8660235050871471 -0.5000032886257572 0
outer loop
vertex -57.17014694213867 55.454471588134766 3.549999952316284
vertex -57.17014694213867 55.454471588134766 0
vertex -56.82014465332031 56.06068801879883 0
endloop
endfacet
facet normal 0 0 -1
outer loop
vertex -52.84001922607422 52.954471588134766 3.549999952316284
vertex -57.17014694213867 55.454471588134766 3.549999952316284
vertex -56.82014465332031 56.06068801879883 3.549999952316284
endloop
endfacet
facet normal 0.8660258648263254 -0.4999992014511777 0
outer loop
vertex -64.57014465332031 42.63729476928711 3.549999952316284
vertex -64.22014617919922 43.24351119995117 0
vertex -64.22014617919922 43.24351119995117 3.549999952316284
endloop
endfacet
facet normal 0 0 -1
outer loop
vertex -52.49001693725586 53.56068801879883 3.549999952316284
vertex -52.84001922607422 52.954471588134766 3.549999952316284
vertex -56.82014465332031 56.06068801879883 3.549999952316284
endloop
endfacet
facet normal 0.49999993962571543 0.8660254386415455 0
outer loop
vertex -60.24001693725586 40.13729476928711 0
vertex -64.57014465332031 42.63729476928711 3.549999952316284
vertex -60.24001693725586 40.13729476928711 3.549999952316284
endloop
endfacet
facet normal -0.8660258648263254 0.4999992014511777 0
outer loop
vertex -59.890018463134766 40.74351119995117 3.549999952316284
vertex -60.24001693725586 40.13729476928711 0
vertex -60.24001693725586 40.13729476928711 3.549999952316284
endloop
endfacet
facet normal 0 0 -1
outer loop
vertex -59.890018463134766 40.74351119995117 3.549999952316284
vertex -60.24001693725586 40.13729476928711 3.549999952316284
vertex -64.22014617919922 43.24351119995117 3.549999952316284
endloop
endfacet
facet normal -0.49999993962571543 -0.8660254386415455 0
outer loop
vertex -52.49001693725586 53.56068801879883 0
vertex -52.49001693725586 53.56068801879883 3.549999952316284
vertex -56.82014465332031 56.06068801879883 0
endloop
endfacet
facet normal -0.8660235050871471 0.5000032886257572 0
outer loop
vertex -52.49001693725586 53.56068801879883 0
vertex -52.84001922607422 52.954471588134766 0
vertex -52.49001693725586 53.56068801879883 3.549999952316284
endloop
endfacet
facet normal -0.8660235050871471 0.5000032886257572 0
outer loop
vertex -52.49001693725586 53.56068801879883 3.549999952316284
vertex -52.84001922607422 52.954471588134766 0
vertex -52.84001922607422 52.954471588134766 3.549999952316284
endloop
endfacet
facet normal -0.49999993962571543 -0.8660254386415455 0
outer loop
vertex -56.82014465332031 56.06068801879883 0
vertex -52.49001693725586 53.56068801879883 3.549999952316284
vertex -56.82014465332031 56.06068801879883 3.549999952316284
endloop
endfacet
facet normal 0 0 -1
outer loop
vertex -60.24001693725586 40.13729476928711 3.549999952316284
vertex -64.57014465332031 42.63729476928711 3.549999952316284
vertex -64.22014617919922 43.24351119995117 3.549999952316284
endloop
endfacet
facet normal 0.8660235050871471 -0.5000032886257572 0
outer loop
vertex -57.17014694213867 55.454471588134766 3.549999952316284
vertex -56.82014465332031 56.06068801879883 0
vertex -56.82014465332031 56.06068801879883 3.549999952316284
endloop
endfacet
facet normal 0 0 -1
outer loop
vertex -3.817840814590454 -55.95100784301758 1.7000000476837158
vertex -3.990048408508301 -56.81675338745117 1.7000000476837158
vertex -3.990048408508301 -55.98526382446289 1.7000000476837158
endloop
endfacet
facet normal 0.5555622638012966 -0.8314749371087372 0
outer loop
vertex -3.990048408508301 -55.98526382446289 0
vertex -3.990048408508301 -55.98526382446289 1.7000000476837158
vertex -4.136038780212402 -56.08280944824219 0
endloop
endfacet
facet normal -0.5555622638012966 -0.8314749371087372 0
outer loop
vertex -3.499642848968506 -56.08280944824219 0
vertex -3.499642848968506 -56.08280944824219 1.7000000476837158
vertex -3.6456332206726074 -55.98526382446289 0
endloop
endfacet
facet normal -0.83147264470564 -0.5555656946808436 0
outer loop
vertex -3.499642848968506 -56.08280944824219 0
vertex -3.402095079421997 -56.22880172729492 0
vertex -3.402095079421997 -56.22880172729492 1.7000000476837158
endloop
endfacet
facet normal -0.9807850247417832 -0.1950916073086168 0
outer loop
vertex -3.402095079421997 -56.22880172729492 0
vertex -3.3678407669067383 -56.40100860595703 0
vertex -3.3678407669067383 -56.40100860595703 1.7000000476837158
endloop
endfacet
facet normal 0.5555622638012966 0.8314749371087372 0
outer loop
vertex -3.990048408508301 -56.81675338745117 1.7000000476837158
vertex -3.990048408508301 -56.81675338745117 0
vertex -4.136038780212402 -56.719207763671875 1.7000000476837158
endloop
endfacet
facet normal 0.19509997121620473 0.9807833610086563 0
outer loop
vertex -3.817840814590454 -56.851009368896484 1.7000000476837158
vertex -3.817840814590454 -56.851009368896484 0
vertex -3.990048408508301 -56.81675338745117 1.7000000476837158
endloop
endfacet
facet normal 0.8314720174542991 0.5555666334387602 0
outer loop
vertex -4.136038780212402 -56.719207763671875 1.7000000476837158
vertex -4.136038780212402 -56.719207763671875 0
vertex -4.23358678817749 -56.57321548461914 1.7000000476837158
endloop
endfacet
facet normal 0.9807852845629332 0.19509030110388895 0
outer loop
vertex -4.23358678817749 -56.57321548461914 1.7000000476837158
vertex -4.23358678817749 -56.57321548461914 0
vertex -4.26784086227417 -56.40100860595703 1.7000000476837158
endloop
endfacet
facet normal 0.9807852845629332 -0.19509030110388895 0
outer loop
vertex -4.26784086227417 -56.40100860595703 1.7000000476837158
vertex -4.26784086227417 -56.40100860595703 0
vertex -4.23358678817749 -56.22880172729492 1.7000000476837158
endloop
endfacet
facet normal 0.8314720174542991 -0.5555666334387602 0
outer loop
vertex -4.23358678817749 -56.22880172729492 1.7000000476837158
vertex -4.23358678817749 -56.22880172729492 0
vertex -4.136038780212402 -56.08280944824219 1.7000000476837158
endloop
endfacet
facet normal -0.19509997121620473 0.9807833610086563 0
outer loop
vertex -3.6456332206726074 -56.81675338745117 1.7000000476837158
vertex -3.6456332206726074 -56.81675338745117 0
vertex -3.817840814590454 -56.851009368896484 1.7000000476837158
endloop
endfacet
facet normal -0.5555622638012966 -0.8314749371087372 0
outer loop
vertex -3.6456332206726074 -55.98526382446289 1.7000000476837158
vertex -3.6456332206726074 -55.98526382446289 0
vertex -3.499642848968506 -56.08280944824219 1.7000000476837158
endloop
endfacet
facet normal -0.19509997121620473 -0.9807833610086563 0
outer loop
vertex -3.6456332206726074 -55.98526382446289 0
vertex -3.6456332206726074 -55.98526382446289 1.7000000476837158
vertex -3.817840814590454 -55.95100784301758 0
endloop
endfacet
facet normal -0.5555622638012966 0.8314749371087372 0
outer loop
vertex -3.499642848968506 -56.719207763671875 1.7000000476837158
vertex -3.499642848968506 -56.719207763671875 0
vertex -3.6456332206726074 -56.81675338745117 1.7000000476837158
endloop
endfacet
facet normal -0.83147264470564 0.5555656946808436 0
outer loop
vertex -3.402095079421997 -56.57321548461914 1.7000000476837158
vertex -3.402095079421997 -56.57321548461914 0
vertex -3.499642848968506 -56.719207763671875 1.7000000476837158
endloop
endfacet
facet normal -0.9807850247417832 0.1950916073086168 0
outer loop
vertex -3.3678407669067383 -56.40100860595703 1.7000000476837158
vertex -3.3678407669067383 -56.40100860595703 0
vertex -3.402095079421997 -56.57321548461914 1.7000000476837158
endloop
endfacet
facet normal -0.9807850247417832 -0.1950916073086168 0
outer loop
vertex -3.402095079421997 -56.22880172729492 1.7000000476837158
vertex -3.402095079421997 -56.22880172729492 0
vertex -3.3678407669067383 -56.40100860595703 1.7000000476837158
endloop
endfacet
facet normal 0.5555622638012966 -0.8314749371087372 0
outer loop
vertex -4.136038780212402 -56.08280944824219 1.7000000476837158
vertex -4.136038780212402 -56.08280944824219 0
vertex -3.990048408508301 -55.98526382446289 1.7000000476837158
endloop
endfacet
facet normal -0.19509997121620473 -0.9807833610086563 0
outer loop
vertex -3.817840814590454 -55.95100784301758 1.7000000476837158
vertex -3.817840814590454 -55.95100784301758 0
vertex -3.6456332206726074 -55.98526382446289 1.7000000476837158
endloop
endfacet
facet normal -0.9807850247417832 0.1950916073086168 0
outer loop
vertex -3.3678407669067383 -56.40100860595703 0
vertex -3.402095079421997 -56.57321548461914 0
vertex -3.402095079421997 -56.57321548461914 1.7000000476837158
endloop
endfacet
facet normal 0.19509997121620473 -0.9807833610086563 0
outer loop
vertex -3.990048408508301 -55.98526382446289 1.7000000476837158
vertex -3.990048408508301 -55.98526382446289 0
vertex -3.817840814590454 -55.95100784301758 1.7000000476837158
endloop
endfacet
facet normal 0 0 -1
outer loop
vertex -4.136038780212402 -56.719207763671875 1.7000000476837158
vertex -4.23358678817749 -56.57321548461914 1.7000000476837158
vertex -4.136038780212402 -56.08280944824219 1.7000000476837158
endloop
endfacet
facet normal 0 0 -1
outer loop
vertex -4.23358678817749 -56.57321548461914 1.7000000476837158
vertex -4.26784086227417 -56.40100860595703 1.7000000476837158
vertex -4.23358678817749 -56.22880172729492 1.7000000476837158
endloop
endfacet
facet normal 0.8314720174542991 -0.5555666334387602 0
outer loop
vertex -4.136038780212402 -56.08280944824219 0
vertex -4.136038780212402 -56.08280944824219 1.7000000476837158
vertex -4.23358678817749 -56.22880172729492 0
endloop
endfacet
facet normal 0 0 -1
outer loop
vertex -4.136038780212402 -56.08280944824219 1.7000000476837158
vertex -4.23358678817749 -56.57321548461914 1.7000000476837158
vertex -4.23358678817749 -56.22880172729492 1.7000000476837158
endloop
endfacet
facet normal -0.83147264470564 0.5555656946808436 0
outer loop
vertex -3.402095079421997 -56.57321548461914 0
vertex -3.499642848968506 -56.719207763671875 0
vertex -3.499642848968506 -56.719207763671875 1.7000000476837158
endloop
endfacet
facet normal -0.5555622638012966 0.8314749371087372 0
outer loop
vertex -3.499642848968506 -56.719207763671875 0
vertex -3.6456332206726074 -56.81675338745117 0
vertex -3.6456332206726074 -56.81675338745117 1.7000000476837158
endloop
endfacet
facet normal -0.19509997121620473 0.9807833610086563 0
outer loop
vertex -3.6456332206726074 -56.81675338745117 0
vertex -3.817840814590454 -56.851009368896484 0
vertex -3.817840814590454 -56.851009368896484 1.7000000476837158
endloop
endfacet
facet normal 0.9807852845629332 -0.19509030110388895 0
outer loop
vertex -4.23358678817749 -56.22880172729492 0
vertex -4.23358678817749 -56.22880172729492 1.7000000476837158
vertex -4.26784086227417 -56.40100860595703 0
endloop
endfacet
facet normal 0.9807852845629332 0.19509030110388895 0
outer loop
vertex -4.26784086227417 -56.40100860595703 0
vertex -4.26784086227417 -56.40100860595703 1.7000000476837158
vertex -4.23358678817749 -56.57321548461914 0
endloop
endfacet
facet normal 0.8314720174542991 0.5555666334387602 0
outer loop
vertex -4.23358678817749 -56.57321548461914 0
vertex -4.23358678817749 -56.57321548461914 1.7000000476837158
vertex -4.136038780212402 -56.719207763671875 0
endloop
endfacet
facet normal 0 0 -1
outer loop
vertex -3.990048408508301 -56.81675338745117 1.7000000476837158
vertex -4.136038780212402 -56.719207763671875 1.7000000476837158
vertex -3.990048408508301 -55.98526382446289 1.7000000476837158
endloop
endfacet
facet normal 0 0 -1
outer loop
vertex -3.817840814590454 -56.851009368896484 1.7000000476837158
vertex -3.990048408508301 -56.81675338745117 1.7000000476837158
vertex -3.817840814590454 -55.95100784301758 1.7000000476837158
endloop
endfacet
facet normal 0 0 -1
outer loop
vertex -3.990048408508301 -55.98526382446289 1.7000000476837158
vertex -4.136038780212402 -56.719207763671875 1.7000000476837158
vertex -4.136038780212402 -56.08280944824219 1.7000000476837158
endloop
endfacet
facet normal 0 0 -1
outer loop
vertex -3.3678407669067383 -56.40100860595703 1.7000000476837158
vertex -3.402095079421997 -56.57321548461914 1.7000000476837158
vertex -3.402095079421997 -56.22880172729492 1.7000000476837158
endloop
endfacet
facet normal 0 0 -1
outer loop
vertex -3.499642848968506 -56.08280944824219 1.7000000476837158
vertex -3.402095079421997 -56.22880172729492 1.7000000476837158
vertex -3.499642848968506 -56.719207763671875 1.7000000476837158
endloop
endfacet
facet normal 0 0 -1
outer loop
vertex -3.402095079421997 -56.57321548461914 1.7000000476837158
vertex -3.499642848968506 -56.719207763671875 1.7000000476837158
vertex -3.402095079421997 -56.22880172729492 1.7000000476837158
endloop
endfacet
facet normal 0.19509997121620473 0.9807833610086563 0
outer loop
vertex -3.817840814590454 -56.851009368896484 0
vertex -3.990048408508301 -56.81675338745117 0
vertex -3.990048408508301 -56.81675338745117 1.7000000476837158
endloop
endfacet
facet normal 0 0 -1
outer loop
vertex -3.499642848968506 -56.08280944824219 1.7000000476837158
vertex -3.6456332206726074 -56.81675338745117 1.7000000476837158
vertex -3.6456332206726074 -55.98526382446289 1.7000000476837158
endloop
endfacet
facet normal 0 0 -1
outer loop
vertex -3.6456332206726074 -55.98526382446289 1.7000000476837158
vertex -3.817840814590454 -56.851009368896484 1.7000000476837158
vertex -3.817840814590454 -55.95100784301758 1.7000000476837158
endloop
endfacet
facet normal 0 0 -1
outer loop
vertex -3.499642848968506 -56.719207763671875 1.7000000476837158
vertex -3.6456332206726074 -56.81675338745117 1.7000000476837158
vertex -3.499642848968506 -56.08280944824219 1.7000000476837158
endloop
endfacet
facet normal 0 0 -1
outer loop
vertex -3.6456332206726074 -56.81675338745117 1.7000000476837158
vertex -3.817840814590454 -56.851009368896484 1.7000000476837158
vertex -3.6456332206726074 -55.98526382446289 1.7000000476837158
endloop
endfacet
facet normal -0.83147264470564 -0.5555656946808436 0
outer loop
vertex -3.499642848968506 -56.08280944824219 1.7000000476837158
vertex -3.499642848968506 -56.08280944824219 0
vertex -3.402095079421997 -56.22880172729492 1.7000000476837158
endloop
endfacet
facet normal 0.19509997121620473 -0.9807833610086563 0
outer loop
vertex -3.817840814590454 -55.95100784301758 0
vertex -3.817840814590454 -55.95100784301758 1.7000000476837158
vertex -3.990048408508301 -55.98526382446289 0
endloop
endfacet
facet normal 0.5555622638012966 0.8314749371087372 0
outer loop
vertex -3.990048408508301 -56.81675338745117 0
vertex -4.136038780212402 -56.719207763671875 0
vertex -4.136038780212402 -56.719207763671875 1.7000000476837158
endloop
endfacet
facet normal 0 0 -1
outer loop
vertex -3.6456332206726074 -54.71526336669922 1.7000000476837158
vertex -3.817840814590454 -55.58100891113281 1.7000000476837158
vertex -3.817840814590454 -54.681007385253906 1.7000000476837158
endloop
endfacet
facet normal -0.83147264470564 -0.5555656946808436 0
outer loop
vertex -3.499642848968506 -54.812808990478516 1.7000000476837158
vertex -3.499642848968506 -54.812808990478516 0
vertex -3.402095079421997 -54.95880126953125 1.7000000476837158
endloop
endfacet
facet normal -0.5555622638012966 0.8314749371087372 0
outer loop
vertex -3.499642848968506 -55.4492073059082 0
vertex -3.6456332206726074 -55.5467529296875 0
vertex -3.6456332206726074 -55.5467529296875 1.7000000476837158
endloop
endfacet
facet normal -0.83147264470564 -0.5555656946808436 0
outer loop
vertex -3.499642848968506 -54.812808990478516 0
vertex -3.402095079421997 -54.95880126953125 0
vertex -3.402095079421997 -54.95880126953125 1.7000000476837158
endloop
endfacet
facet normal -0.5555622638012966 -0.8314749371087372 0
outer loop
vertex -3.499642848968506 -54.812808990478516 0
vertex -3.499642848968506 -54.812808990478516 1.7000000476837158
vertex -3.6456332206726074 -54.71526336669922 0
endloop
endfacet
facet normal -0.19509997121620473 -0.9807833610086563 0
outer loop
vertex -3.6456332206726074 -54.71526336669922 0
vertex -3.6456332206726074 -54.71526336669922 1.7000000476837158
vertex -3.817840814590454 -54.681007385253906 0
endloop
endfacet
facet normal 0.19509997121620473 -0.9807833610086563 0
outer loop
vertex -3.817840814590454 -54.681007385253906 0
vertex -3.817840814590454 -54.681007385253906 1.7000000476837158
vertex -3.990048408508301 -54.71526336669922 0
endloop
endfacet
facet normal 0.9807852845629332 0.19509030110388895 0
outer loop
vertex -4.23358678817749 -55.30321502685547 1.7000000476837158
vertex -4.23358678817749 -55.30321502685547 0
vertex -4.26784086227417 -55.13100814819336 1.7000000476837158
endloop
endfacet
facet normal 0.9807852845629332 -0.19509030110388895 0
outer loop
vertex -4.26784086227417 -55.13100814819336 1.7000000476837158
vertex -4.26784086227417 -55.13100814819336 0
vertex -4.23358678817749 -54.95880126953125 1.7000000476837158
endloop
endfacet
facet normal 0.5555622638012966 0.8314749371087372 0
outer loop
vertex -3.990048408508301 -55.5467529296875 1.7000000476837158
vertex -3.990048408508301 -55.5467529296875 0
vertex -4.136038780212402 -55.4492073059082 1.7000000476837158
endloop
endfacet
facet normal 0.19509997121620473 0.9807833610086563 0
outer loop
vertex -3.817840814590454 -55.58100891113281 1.7000000476837158
vertex -3.817840814590454 -55.58100891113281 0
vertex -3.990048408508301 -55.5467529296875 1.7000000476837158
endloop
endfacet
facet normal 0.5555622638012966 -0.8314749371087372 0
outer loop
vertex -3.990048408508301 -54.71526336669922 0
vertex -3.990048408508301 -54.71526336669922 1.7000000476837158
vertex -4.136038780212402 -54.812808990478516 0
endloop
endfacet
facet normal 0.19509997121620473 0.9807833610086563 0
outer loop
vertex -3.817840814590454 -55.58100891113281 0
vertex -3.990048408508301 -55.5467529296875 0
vertex -3.990048408508301 -55.5467529296875 1.7000000476837158
endloop
endfacet
facet normal 0.8314720174542991 -0.5555666334387602 0
outer loop
vertex -4.136038780212402 -54.812808990478516 0
vertex -4.136038780212402 -54.812808990478516 1.7000000476837158
vertex -4.23358678817749 -54.95880126953125 0
endloop
endfacet
facet normal 0.9807852845629332 -0.19509030110388895 0
outer loop
vertex -4.23358678817749 -54.95880126953125 0
vertex -4.23358678817749 -54.95880126953125 1.7000000476837158
vertex -4.26784086227417 -55.13100814819336 0
endloop
endfacet
facet normal -0.19509997121620473 0.9807833610086563 0
outer loop
vertex -3.6456332206726074 -55.5467529296875 0
vertex -3.817840814590454 -55.58100891113281 0
vertex -3.817840814590454 -55.58100891113281 1.7000000476837158
endloop
endfacet
facet normal 0 0 -1
outer loop
vertex -3.499642848968506 -54.812808990478516 1.7000000476837158
vertex -3.6456332206726074 -55.5467529296875 1.7000000476837158
vertex -3.6456332206726074 -54.71526336669922 1.7000000476837158
endloop
endfacet
facet normal -0.9807850247417832 -0.1950916073086168 0
outer loop
vertex -3.402095079421997 -54.95880126953125 1.7000000476837158
vertex -3.402095079421997 -54.95880126953125 0
vertex -3.3678407669067383 -55.13100814819336 1.7000000476837158
endloop
endfacet
facet normal 0 0 -1
outer loop
vertex -3.817840814590454 -54.681007385253906 1.7000000476837158
vertex -3.990048408508301 -55.5467529296875 1.7000000476837158
vertex -3.990048408508301 -54.71526336669922 1.7000000476837158
endloop
endfacet
facet normal 0 0 -1
outer loop
vertex -3.990048408508301 -54.71526336669922 1.7000000476837158
vertex -4.136038780212402 -55.4492073059082 1.7000000476837158
vertex -4.136038780212402 -54.812808990478516 1.7000000476837158
endloop
endfacet
facet normal 0 0 -1
outer loop
vertex -4.136038780212402 -54.812808990478516 1.7000000476837158
vertex -4.23358678817749 -55.30321502685547 1.7000000476837158
vertex -4.23358678817749 -54.95880126953125 1.7000000476837158
endloop
endfacet
facet normal 0 0 -1
outer loop
vertex -3.3678407669067383 -55.13100814819336 1.7000000476837158
vertex -3.402095079421997 -55.30321502685547 1.7000000476837158
vertex -3.402095079421997 -54.95880126953125 1.7000000476837158
endloop
endfacet
facet normal 0 0 -1
outer loop
vertex -3.499642848968506 -54.812808990478516 1.7000000476837158
vertex -3.402095079421997 -54.95880126953125 1.7000000476837158
vertex -3.499642848968506 -55.4492073059082 1.7000000476837158
endloop
endfacet
facet normal 0 0 -1
outer loop
vertex -3.402095079421997 -55.30321502685547 1.7000000476837158
vertex -3.499642848968506 -55.4492073059082 1.7000000476837158
vertex -3.402095079421997 -54.95880126953125 1.7000000476837158
endloop
endfacet
facet normal 0 0 -1
outer loop
vertex -3.499642848968506 -55.4492073059082 1.7000000476837158
vertex -3.6456332206726074 -55.5467529296875 1.7000000476837158
vertex -3.499642848968506 -54.812808990478516 1.7000000476837158
endloop
endfacet
facet normal 0 0 -1
outer loop
vertex -3.6456332206726074 -55.5467529296875 1.7000000476837158
vertex -3.817840814590454 -55.58100891113281 1.7000000476837158
vertex -3.6456332206726074 -54.71526336669922 1.7000000476837158
endloop
endfacet
facet normal 0 0 -1
outer loop
vertex -3.817840814590454 -55.58100891113281 1.7000000476837158
vertex -3.990048408508301 -55.5467529296875 1.7000000476837158
vertex -3.817840814590454 -54.681007385253906 1.7000000476837158
endloop
endfacet
facet normal -0.19509997121620473 0.9807833610086563 0
outer loop
vertex -3.6456332206726074 -55.5467529296875 1.7000000476837158
vertex -3.6456332206726074 -55.5467529296875 0
vertex -3.817840814590454 -55.58100891113281 1.7000000476837158
endloop
endfacet
facet normal -0.5555622638012966 0.8314749371087372 0
outer loop
vertex -3.499642848968506 -55.4492073059082 1.7000000476837158
vertex -3.499642848968506 -55.4492073059082 0
vertex -3.6456332206726074 -55.5467529296875 1.7000000476837158
endloop
endfacet
facet normal 0 0 -1
outer loop
vertex -3.990048408508301 -55.5467529296875 1.7000000476837158
vertex -4.136038780212402 -55.4492073059082 1.7000000476837158
vertex -3.990048408508301 -54.71526336669922 1.7000000476837158
endloop
endfacet
facet normal 0 0 -1
outer loop
vertex -4.136038780212402 -55.4492073059082 1.7000000476837158
vertex -4.23358678817749 -55.30321502685547 1.7000000476837158
vertex -4.136038780212402 -54.812808990478516 1.7000000476837158
endloop
endfacet
facet normal 0 0 -1
outer loop
vertex -4.23358678817749 -55.30321502685547 1.7000000476837158
vertex -4.26784086227417 -55.13100814819336 1.7000000476837158
vertex -4.23358678817749 -54.95880126953125 1.7000000476837158
endloop
endfacet
facet normal -0.9807850247417832 -0.1950916073086168 0
outer loop
vertex -3.402095079421997 -54.95880126953125 0
vertex -3.3678407669067383 -55.13100814819336 0
vertex -3.3678407669067383 -55.13100814819336 1.7000000476837158
endloop
endfacet
facet normal -0.9807850247417832 0.1950916073086168 0
outer loop
vertex -3.3678407669067383 -55.13100814819336 0
vertex -3.402095079421997 -55.30321502685547 0
vertex -3.402095079421997 -55.30321502685547 1.7000000476837158
endloop
endfacet
facet normal 0.8314720174542991 0.5555666334387602 0
outer loop
vertex -4.23358678817749 -55.30321502685547 0
vertex -4.23358678817749 -55.30321502685547 1.7000000476837158
vertex -4.136038780212402 -55.4492073059082 0
endloop
endfacet
facet normal 0.9807852845629332 0.19509030110388895 0
outer loop
vertex -4.23358678817749 -55.30321502685547 0
vertex -4.26784086227417 -55.13100814819336 0
vertex -4.26784086227417 -55.13100814819336 1.7000000476837158
endloop
endfacet
facet normal -0.83147264470564 0.5555656946808436 0
outer loop
vertex -3.402095079421997 -55.30321502685547 0
vertex -3.499642848968506 -55.4492073059082 0
vertex -3.499642848968506 -55.4492073059082 1.7000000476837158
endloop
endfacet
facet normal 0.5555622638012966 0.8314749371087372 0
outer loop
vertex -3.990048408508301 -55.5467529296875 0
vertex -4.136038780212402 -55.4492073059082 0
vertex -4.136038780212402 -55.4492073059082 1.7000000476837158
endloop
endfacet
facet normal -0.83147264470564 0.5555656946808436 0
outer loop
vertex -3.402095079421997 -55.30321502685547 1.7000000476837158
vertex -3.402095079421997 -55.30321502685547 0
vertex -3.499642848968506 -55.4492073059082 1.7000000476837158
endloop
endfacet
facet normal -0.9807850247417832 0.1950916073086168 0
outer loop
vertex -3.3678407669067383 -55.13100814819336 1.7000000476837158
vertex -3.3678407669067383 -55.13100814819336 0
vertex -3.402095079421997 -55.30321502685547 1.7000000476837158
endloop
endfacet
facet normal 0.8314720174542991 -0.5555666334387602 0
outer loop
vertex -4.23358678817749 -54.95880126953125 1.7000000476837158
vertex -4.23358678817749 -54.95880126953125 0
vertex -4.136038780212402 -54.812808990478516 1.7000000476837158
endloop
endfacet
facet normal 0.5555622638012966 -0.8314749371087372 0
outer loop
vertex -4.136038780212402 -54.812808990478516 1.7000000476837158
vertex -4.136038780212402 -54.812808990478516 0
vertex -3.990048408508301 -54.71526336669922 1.7000000476837158
endloop
endfacet
facet normal 0.19509997121620473 -0.9807833610086563 0
outer loop
vertex -3.990048408508301 -54.71526336669922 1.7000000476837158
vertex -3.990048408508301 -54.71526336669922 0
vertex -3.817840814590454 -54.681007385253906 1.7000000476837158
endloop
endfacet
facet normal -0.19509997121620473 -0.9807833610086563 0
outer loop
vertex -3.817840814590454 -54.681007385253906 1.7000000476837158
vertex -3.817840814590454 -54.681007385253906 0
vertex -3.6456332206726074 -54.71526336669922 1.7000000476837158
endloop
endfacet
facet normal -0.5555622638012966 -0.8314749371087372 0
outer loop
vertex -3.6456332206726074 -54.71526336669922 1.7000000476837158
vertex -3.6456332206726074 -54.71526336669922 0
vertex -3.499642848968506 -54.812808990478516 1.7000000476837158
endloop
endfacet
facet normal 0.8314720174542991 0.5555666334387602 0
outer loop
vertex -4.136038780212402 -55.4492073059082 1.7000000476837158
vertex -4.136038780212402 -55.4492073059082 0
vertex -4.23358678817749 -55.30321502685547 1.7000000476837158
endloop
endfacet
facet normal 0.9807852845629332 -0.19509030110388895 0
outer loop
vertex -4.23358678817749 -53.68880081176758 0
vertex -4.23358678817749 -53.68880081176758 1.7000000476837158
vertex -4.26784086227417 -53.86100769042969 0
endloop
endfacet
facet normal -0.5555622638012966 0.8314749371087372 0
outer loop
vertex -3.499642848968506 -54.17920684814453 0
vertex -3.6456332206726074 -54.27675247192383 0
vertex -3.6456332206726074 -54.27675247192383 1.7000000476837158
endloop
endfacet
facet normal 0.8314720174542991 -0.5555666334387602 0
outer loop
vertex -4.136038780212402 -53.542808532714844 0
vertex -4.136038780212402 -53.542808532714844 1.7000000476837158
vertex -4.23358678817749 -53.68880081176758 0
endloop
endfacet
facet normal 0.19509997121620473 -0.9807833610086563 0
outer loop
vertex -3.990048408508301 -53.44526290893555 1.7000000476837158
vertex -3.990048408508301 -53.44526290893555 0
vertex -3.817840814590454 -53.411006927490234 1.7000000476837158
endloop
endfacet
facet normal 0.5555622638012966 -0.8314749371087372 0
outer loop
vertex -4.136038780212402 -53.542808532714844 1.7000000476837158
vertex -4.136038780212402 -53.542808532714844 0
vertex -3.990048408508301 -53.44526290893555 1.7000000476837158
endloop
endfacet
facet normal 0.8314720174542991 -0.5555666334387602 0
outer loop
vertex -4.23358678817749 -53.68880081176758 1.7000000476837158
vertex -4.23358678817749 -53.68880081176758 0
vertex -4.136038780212402 -53.542808532714844 1.7000000476837158
endloop
endfacet
facet normal -0.5555622638012966 0.8314749371087372 0
outer loop
vertex -3.499642848968506 -54.17920684814453 1.7000000476837158
vertex -3.499642848968506 -54.17920684814453 0
vertex -3.6456332206726074 -54.27675247192383 1.7000000476837158
endloop
endfacet
facet normal 0.5555622638012966 0.8314749371087372 0
outer loop
vertex -3.990048408508301 -54.27675247192383 1.7000000476837158
vertex -3.990048408508301 -54.27675247192383 0
vertex -4.136038780212402 -54.17920684814453 1.7000000476837158
endloop
endfacet
facet normal 0.19509997121620473 0.9807833610086563 0
outer loop
vertex -3.817840814590454 -54.31100845336914 1.7000000476837158
vertex -3.817840814590454 -54.31100845336914 0
vertex -3.990048408508301 -54.27675247192383 1.7000000476837158
endloop
endfacet
facet normal 0.8314720174542991 0.5555666334387602 0
outer loop
vertex -4.136038780212402 -54.17920684814453 1.7000000476837158
vertex -4.136038780212402 -54.17920684814453 0
vertex -4.23358678817749 -54.0332145690918 1.7000000476837158
endloop
endfacet
facet normal 0.9807852845629332 -0.19509030110388895 0
outer loop
vertex -4.26784086227417 -53.86100769042969 1.7000000476837158
vertex -4.26784086227417 -53.86100769042969 0
vertex -4.23358678817749 -53.68880081176758 1.7000000476837158
endloop
endfacet
facet normal 0.9807852845629332 0.19509030110388895 0
outer loop
vertex -4.23358678817749 -54.0332145690918 1.7000000476837158
vertex -4.23358678817749 -54.0332145690918 0
vertex -4.26784086227417 -53.86100769042969 1.7000000476837158
endloop
endfacet
facet normal -0.83147264470564 0.5555656946808436 0
outer loop
vertex -3.402095079421997 -54.0332145690918 0
vertex -3.499642848968506 -54.17920684814453 1.7000000476837158
vertex -3.402095079421997 -54.0332145690918 1.7000000476837158
endloop
endfacet
facet normal -0.9807850247417832 0.1950916073086168 0
outer loop
vertex -3.3678407669067383 -53.86100769042969 1.7000000476837158
vertex -3.3678407669067383 -53.86100769042969 0
vertex -3.402095079421997 -54.0332145690918 1.7000000476837158
endloop
endfacet
facet normal -0.9807850247417832 -0.1950916073086168 0
outer loop
vertex -3.402095079421997 -53.68880081176758 1.7000000476837158
vertex -3.402095079421997 -53.68880081176758 0
vertex -3.3678407669067383 -53.86100769042969 1.7000000476837158
endloop
endfacet
facet normal -0.83147264470564 -0.5555656946808436 0
outer loop
vertex -3.499642848968506 -53.542808532714844 1.7000000476837158
vertex -3.499642848968506 -53.542808532714844 0
vertex -3.402095079421997 -53.68880081176758 1.7000000476837158
endloop
endfacet
facet normal 0 0 -1
outer loop
vertex -3.3678407669067383 -53.86100769042969 1.7000000476837158
vertex -3.402095079421997 -54.0332145690918 1.7000000476837158
vertex -3.402095079421997 -53.68880081176758 1.7000000476837158
endloop
endfacet
facet normal 0 0 -1
outer loop
vertex -3.499642848968506 -53.542808532714844 1.7000000476837158
vertex -3.402095079421997 -53.68880081176758 1.7000000476837158
vertex -3.499642848968506 -54.17920684814453 1.7000000476837158
endloop
endfacet
facet normal 0 0 -1
outer loop
vertex -3.402095079421997 -54.0332145690918 1.7000000476837158
vertex -3.499642848968506 -54.17920684814453 1.7000000476837158
vertex -3.402095079421997 -53.68880081176758 1.7000000476837158
endloop
endfacet
facet normal -0.19509997121620473 -0.9807833610086563 0
outer loop
vertex -3.817840814590454 -53.411006927490234 1.7000000476837158
vertex -3.817840814590454 -53.411006927490234 0
vertex -3.6456332206726074 -53.44526290893555 1.7000000476837158
endloop
endfacet
facet normal -0.5555622638012966 -0.8314749371087372 0
outer loop
vertex -3.6456332206726074 -53.44526290893555 1.7000000476837158
vertex -3.6456332206726074 -53.44526290893555 0
vertex -3.499642848968506 -53.542808532714844 1.7000000476837158
endloop
endfacet
facet normal 0 0 -1
outer loop
vertex -3.6456332206726074 -53.44526290893555 1.7000000476837158
vertex -3.817840814590454 -54.31100845336914 1.7000000476837158
vertex -3.817840814590454 -53.411006927490234 1.7000000476837158
endloop
endfacet
facet normal 0 0 -1
outer loop
vertex -3.6456332206726074 -53.44526290893555 1.7000000476837158
vertex -3.499642848968506 -53.542808532714844 1.7000000476837158
vertex -3.6456332206726074 -54.27675247192383 1.7000000476837158
endloop
endfacet
facet normal 0 0 -1
outer loop
vertex -3.817840814590454 -53.411006927490234 1.7000000476837158
vertex -3.990048408508301 -54.27675247192383 1.7000000476837158
vertex -3.990048408508301 -53.44526290893555 1.7000000476837158
endloop
endfacet
facet normal 0 0 -1
outer loop
vertex -3.990048408508301 -53.44526290893555 1.7000000476837158
vertex -4.136038780212402 -54.17920684814453 1.7000000476837158
vertex -4.136038780212402 -53.542808532714844 1.7000000476837158
endloop
endfacet
facet normal 0 0 -1
outer loop
vertex -3.990048408508301 -54.27675247192383 1.7000000476837158
vertex -4.136038780212402 -54.17920684814453 1.7000000476837158
vertex -3.990048408508301 -53.44526290893555 1.7000000476837158
endloop
endfacet
facet normal 0 0 -1
outer loop
vertex -4.136038780212402 -53.542808532714844 1.7000000476837158
vertex -4.23358678817749 -54.0332145690918 1.7000000476837158
vertex -4.23358678817749 -53.68880081176758 1.7000000476837158
endloop
endfacet
facet normal 0 0 -1
outer loop
vertex -4.23358678817749 -54.0332145690918 1.7000000476837158
vertex -4.26784086227417 -53.86100769042969 1.7000000476837158
vertex -4.23358678817749 -53.68880081176758 1.7000000476837158
endloop
endfacet
facet normal 0 0 -1
outer loop
vertex -4.136038780212402 -54.17920684814453 1.7000000476837158
vertex -4.23358678817749 -54.0332145690918 1.7000000476837158
vertex -4.136038780212402 -53.542808532714844 1.7000000476837158
endloop
endfacet
facet normal 0.9807852845629332 0.19509030110388895 0
outer loop
vertex -4.26784086227417 -53.86100769042969 0
vertex -4.26784086227417 -53.86100769042969 1.7000000476837158
vertex -4.23358678817749 -54.0332145690918 0
endloop
endfacet
facet normal 0.5555622638012966 -0.8314749371087372 0
outer loop
vertex -3.990048408508301 -53.44526290893555 0
vertex -3.990048408508301 -53.44526290893555 1.7000000476837158
vertex -4.136038780212402 -53.542808532714844 0
endloop
endfacet
facet normal 0.19509997121620473 -0.9807833610086563 0
outer loop
vertex -3.817840814590454 -53.411006927490234 0
vertex -3.817840814590454 -53.411006927490234 1.7000000476837158
vertex -3.990048408508301 -53.44526290893555 0
endloop
endfacet
facet normal 0 0 -1
outer loop
vertex -3.817840814590454 -54.31100845336914 1.7000000476837158
vertex -3.990048408508301 -54.27675247192383 1.7000000476837158
vertex -3.817840814590454 -53.411006927490234 1.7000000476837158
endloop
endfacet
facet normal 0 0 -1
outer loop
vertex -3.6456332206726074 -54.27675247192383 1.7000000476837158
vertex -3.817840814590454 -54.31100845336914 1.7000000476837158
vertex -3.6456332206726074 -53.44526290893555 1.7000000476837158
endloop
endfacet
facet normal -0.5555622638012966 -0.8314749371087372 0
outer loop
vertex -3.6456332206726074 -53.44526290893555 0
vertex -3.499642848968506 -53.542808532714844 0
vertex -3.499642848968506 -53.542808532714844 1.7000000476837158
endloop
endfacet
facet normal -0.9807850247417832 0.1950916073086168 0
outer loop
vertex -3.3678407669067383 -53.86100769042969 0
vertex -3.402095079421997 -54.0332145690918 0
vertex -3.402095079421997 -54.0332145690918 1.7000000476837158
endloop
endfacet
facet normal -0.9807850247417832 -0.1950916073086168 0
outer loop
vertex -3.402095079421997 -53.68880081176758 0
vertex -3.3678407669067383 -53.86100769042969 0
vertex -3.3678407669067383 -53.86100769042969 1.7000000476837158
endloop
endfacet
facet normal -0.83147264470564 -0.5555656946808436 0
outer loop
vertex -3.499642848968506 -53.542808532714844 0
vertex -3.402095079421997 -53.68880081176758 0
vertex -3.402095079421997 -53.68880081176758 1.7000000476837158
endloop
endfacet
facet normal -0.19509997121620473 -0.9807833610086563 0
outer loop
vertex -3.6456332206726074 -53.44526290893555 0
vertex -3.6456332206726074 -53.44526290893555 1.7000000476837158
vertex -3.817840814590454 -53.411006927490234 0
endloop
endfacet
facet normal 0.8314720174542991 0.5555666334387602 0
outer loop
vertex -4.23358678817749 -54.0332145690918 0
vertex -4.23358678817749 -54.0332145690918 1.7000000476837158
vertex -4.136038780212402 -54.17920684814453 0
endloop
endfacet
facet normal 0.19509997121620473 0.9807833610086563 0
outer loop
vertex -3.817840814590454 -54.31100845336914 0
vertex -3.990048408508301 -54.27675247192383 0
vertex -3.990048408508301 -54.27675247192383 1.7000000476837158
endloop
endfacet
facet normal 0.5555622638012966 0.8314749371087372 0
outer loop
vertex -3.990048408508301 -54.27675247192383 0
vertex -4.136038780212402 -54.17920684814453 0
vertex -4.136038780212402 -54.17920684814453 1.7000000476837158
endloop
endfacet
facet normal 0 0 -1
outer loop
vertex -3.499642848968506 -54.17920684814453 1.7000000476837158
vertex -3.6456332206726074 -54.27675247192383 1.7000000476837158
vertex -3.499642848968506 -53.542808532714844 1.7000000476837158
endloop
endfacet
facet normal -0.19509997121620473 0.9807833610086563 0
outer loop
vertex -3.6456332206726074 -54.27675247192383 0
vertex -3.817840814590454 -54.31100845336914 0
vertex -3.817840814590454 -54.31100845336914 1.7000000476837158
endloop
endfacet
facet normal -0.83147264470564 0.5555656946808436 0
outer loop
vertex -3.402095079421997 -54.0332145690918 0
vertex -3.499642848968506 -54.17920684814453 0
vertex -3.499642848968506 -54.17920684814453 1.7000000476837158
endloop
endfacet
facet normal -0.19509997121620473 0.9807833610086563 0
outer loop
vertex -3.6456332206726074 -54.27675247192383 1.7000000476837158
vertex -3.6456332206726074 -54.27675247192383 0
vertex -3.817840814590454 -54.31100845336914 1.7000000476837158
endloop
endfacet
facet normal 0.9807852845629332 -0.19509030110388895 0
outer loop
vertex -4.23358678817749 -52.418800354003906 0
vertex -4.23358678817749 -52.418800354003906 1.7000000476837158
vertex -4.26784086227417 -52.591007232666016 0
endloop
endfacet
facet normal 0.8314653114796824 -0.5555766696019502 0
outer loop
vertex -4.136038780212402 -52.27281188964844 0
vertex -4.136038780212402 -52.27281188964844 1.7000000476837158
vertex -4.23358678817749 -52.418800354003906 0
endloop
endfacet
facet normal 0.5555772839934787 -0.8314649009491799 0
outer loop
vertex -3.990048408508301 -52.175262451171875 0
vertex -3.990048408508301 -52.175262451171875 1.7000000476837158
vertex -4.136038780212402 -52.27281188964844 0
endloop
endfacet
facet normal 0.9807852845629332 0.19509030110388895 0
outer loop
vertex -4.26784086227417 -52.591007232666016 0
vertex -4.26784086227417 -52.591007232666016 1.7000000476837158
vertex -4.23358678817749 -52.763214111328125 0
endloop
endfacet
facet normal 0.8314720174542991 0.5555666334387602 0
outer loop
vertex -4.23358678817749 -52.763214111328125 0
vertex -4.23358678817749 -52.763214111328125 1.7000000476837158
vertex -4.136038780212402 -52.90920639038086 0
endloop
endfacet
facet normal -0.5555772839934787 0.8314649009491799 0
outer loop
vertex -3.499642848968506 -52.90920639038086 0
vertex -3.6456332206726074 -53.00675582885742 0
vertex -3.6456332206726074 -53.00675582885742 1.7000000476837158
endloop
endfacet
facet normal -0.19507907200914795 0.9807875181016781 0
outer loop
vertex -3.6456332206726074 -53.00675582885742 0
vertex -3.817840814590454 -53.04100799560547 0
vertex -3.817840814590454 -53.04100799560547 1.7000000476837158
endloop
endfacet
facet normal 0.19509997121620473 -0.9807833610086563 0
outer loop
vertex -3.817840814590454 -52.14100646972656 0
vertex -3.817840814590454 -52.14100646972656 1.7000000476837158
vertex -3.990048408508301 -52.175262451171875 0
endloop
endfacet
facet normal -0.83147264470564 0.5555656946808436 0
outer loop
vertex -3.402095079421997 -52.763214111328125 0
vertex -3.499642848968506 -52.90920639038086 0
vertex -3.499642848968506 -52.90920639038086 1.7000000476837158
endloop
endfacet
facet normal -0.9807850247417832 0.1950916073086168 0
outer loop
vertex -3.3678407669067383 -52.591007232666016 0
vertex -3.402095079421997 -52.763214111328125 0
vertex -3.402095079421997 -52.763214111328125 1.7000000476837158
endloop
endfacet
facet normal -0.9807850247417832 -0.1950916073086168 0
outer loop
vertex -3.402095079421997 -52.418800354003906 0
vertex -3.3678407669067383 -52.591007232666016 0
vertex -3.3678407669067383 -52.591007232666016 1.7000000476837158
endloop
endfacet
facet normal -0.19509997121620473 -0.9807833610086563 0
outer loop
vertex -3.6456332206726074 -52.175262451171875 0
vertex -3.6456332206726074 -52.175262451171875 1.7000000476837158
vertex -3.817840814590454 -52.14100646972656 0
endloop
endfacet
facet normal -0.5555772839934787 -0.8314649009491799 0
outer loop
vertex -3.499642848968506 -52.27281188964844 0
vertex -3.499642848968506 -52.27281188964844 1.7000000476837158
vertex -3.6456332206726074 -52.175262451171875 0
endloop
endfacet
facet normal -0.8314659387486268 -0.555575730842218 0
outer loop
vertex -3.499642848968506 -52.27281188964844 0
vertex -3.402095079421997 -52.418800354003906 0
vertex -3.402095079421997 -52.418800354003906 1.7000000476837158
endloop
endfacet
facet normal 0.19507907200914795 0.9807875181016781 0
outer loop
vertex -3.817840814590454 -53.04100799560547 0
vertex -3.990048408508301 -53.00675582885742 0
vertex -3.990048408508301 -53.00675582885742 1.7000000476837158
endloop
endfacet
facet normal 0.5555772839934787 0.8314649009491799 0
outer loop
vertex -4.136038780212402 -52.90920639038086 0
vertex -4.136038780212402 -52.90920639038086 1.7000000476837158
vertex -3.990048408508301 -53.00675582885742 0
endloop
endfacet
facet normal -0.8314659387486268 -0.555575730842218 0
outer loop
vertex -3.499642848968506 -52.27281188964844 1.7000000476837158
vertex -3.499642848968506 -52.27281188964844 0
vertex -3.402095079421997 -52.418800354003906 1.7000000476837158
endloop
endfacet
facet normal -0.5555772839934787 -0.8314649009491799 0
outer loop
vertex -3.6456332206726074 -52.175262451171875 1.7000000476837158
vertex -3.6456332206726074 -52.175262451171875 0
vertex -3.499642848968506 -52.27281188964844 1.7000000476837158
endloop
endfacet
facet normal 0 0 -1
outer loop
vertex -3.6456332206726074 -52.175262451171875 1.7000000476837158
vertex -3.817840814590454 -53.04100799560547 1.7000000476837158
vertex -3.817840814590454 -52.14100646972656 1.7000000476837158
endloop
endfacet
facet normal 0 0 -1
outer loop
vertex -3.499642848968506 -52.27281188964844 1.7000000476837158
vertex -3.6456332206726074 -53.00675582885742 1.7000000476837158
vertex -3.6456332206726074 -52.175262451171875 1.7000000476837158
endloop
endfacet
facet normal -0.19509997121620473 -0.9807833610086563 0
outer loop
vertex -3.817840814590454 -52.14100646972656 1.7000000476837158
vertex -3.817840814590454 -52.14100646972656 0
vertex -3.6456332206726074 -52.175262451171875 1.7000000476837158
endloop
endfacet
facet normal -0.9807850247417832 -0.1950916073086168 0
outer loop
vertex -3.402095079421997 -52.418800354003906 1.7000000476837158
vertex -3.402095079421997 -52.418800354003906 0
vertex -3.3678407669067383 -52.591007232666016 1.7000000476837158
endloop
endfacet
facet normal -0.9807850247417832 0.1950916073086168 0
outer loop
vertex -3.3678407669067383 -52.591007232666016 1.7000000476837158
vertex -3.3678407669067383 -52.591007232666016 0
vertex -3.402095079421997 -52.763214111328125 1.7000000476837158
endloop
endfacet
facet normal -0.83147264470564 0.5555656946808436 0
outer loop
vertex -3.402095079421997 -52.763214111328125 1.7000000476837158
vertex -3.402095079421997 -52.763214111328125 0
vertex -3.499642848968506 -52.90920639038086 1.7000000476837158
endloop
endfacet
facet normal 0.19509997121620473 -0.9807833610086563 0
outer loop
vertex -3.990048408508301 -52.175262451171875 1.7000000476837158
vertex -3.990048408508301 -52.175262451171875 0
vertex -3.817840814590454 -52.14100646972656 1.7000000476837158
endloop
endfacet
facet normal 0.5555772839934787 -0.8314649009491799 0
outer loop
vertex -4.136038780212402 -52.27281188964844 1.7000000476837158
vertex -4.136038780212402 -52.27281188964844 0
vertex -3.990048408508301 -52.175262451171875 1.7000000476837158
endloop
endfacet
facet normal 0.8314653114796824 -0.5555766696019502 0
outer loop
vertex -4.23358678817749 -52.418800354003906 1.7000000476837158
vertex -4.23358678817749 -52.418800354003906 0
vertex -4.136038780212402 -52.27281188964844 1.7000000476837158
endloop
endfacet
facet normal 0.9807852845629332 -0.19509030110388895 0
outer loop
vertex -4.26784086227417 -52.591007232666016 1.7000000476837158
vertex -4.26784086227417 -52.591007232666016 0
vertex -4.23358678817749 -52.418800354003906 1.7000000476837158
endloop
endfacet
facet normal 0.9807852845629332 0.19509030110388895 0
outer loop
vertex -4.23358678817749 -52.763214111328125 1.7000000476837158
vertex -4.23358678817749 -52.763214111328125 0
vertex -4.26784086227417 -52.591007232666016 1.7000000476837158
endloop
endfacet
facet normal 0.8314720174542991 0.5555666334387602 0
outer loop
vertex -4.136038780212402 -52.90920639038086 1.7000000476837158
vertex -4.136038780212402 -52.90920639038086 0
vertex -4.23358678817749 -52.763214111328125 1.7000000476837158
endloop
endfacet
facet normal -0.5555772839934787 0.8314649009491799 0
outer loop
vertex -3.499642848968506 -52.90920639038086 1.7000000476837158
vertex -3.499642848968506 -52.90920639038086 0
vertex -3.6456332206726074 -53.00675582885742 1.7000000476837158
endloop
endfacet
facet normal -0.19507907200914795 0.9807875181016781 0
outer loop
vertex -3.6456332206726074 -53.00675582885742 1.7000000476837158
vertex -3.6456332206726074 -53.00675582885742 0
vertex -3.817840814590454 -53.04100799560547 1.7000000476837158
endloop
endfacet
facet normal 0.19507907200914795 0.9807875181016781 0
outer loop
vertex -3.817840814590454 -53.04100799560547 1.7000000476837158
vertex -3.817840814590454 -53.04100799560547 0
vertex -3.990048408508301 -53.00675582885742 1.7000000476837158
endloop
endfacet
facet normal 0 0 -1
outer loop
vertex -4.23358678817749 -52.763214111328125 1.7000000476837158
vertex -4.26784086227417 -52.591007232666016 1.7000000476837158
vertex -4.23358678817749 -52.418800354003906 1.7000000476837158
endloop
endfacet
facet normal 0 0 -1
outer loop
vertex -4.136038780212402 -52.90920639038086 1.7000000476837158
vertex -4.23358678817749 -52.763214111328125 1.7000000476837158
vertex -4.136038780212402 -52.27281188964844 1.7000000476837158
endloop
endfacet
facet normal 0 0 -1
outer loop
vertex -4.136038780212402 -52.27281188964844 1.7000000476837158
vertex -4.23358678817749 -52.763214111328125 1.7000000476837158
vertex -4.23358678817749 -52.418800354003906 1.7000000476837158
endloop
endfacet
facet normal 0 0 -1
outer loop
vertex -3.990048408508301 -53.00675582885742 1.7000000476837158
vertex -4.136038780212402 -52.90920639038086 1.7000000476837158
vertex -3.990048408508301 -52.175262451171875 1.7000000476837158
endloop
endfacet
facet normal 0 0 -1
outer loop
vertex -3.817840814590454 -53.04100799560547 1.7000000476837158
vertex -3.990048408508301 -53.00675582885742 1.7000000476837158
vertex -3.817840814590454 -52.14100646972656 1.7000000476837158
endloop
endfacet
facet normal 0 0 -1
outer loop
vertex -3.3678407669067383 -52.591007232666016 1.7000000476837158
vertex -3.402095079421997 -52.763214111328125 1.7000000476837158
vertex -3.402095079421997 -52.418800354003906 1.7000000476837158
endloop
endfacet
facet normal 0 0 -1
outer loop
vertex -3.499642848968506 -52.27281188964844 1.7000000476837158
vertex -3.402095079421997 -52.418800354003906 1.7000000476837158
vertex -3.499642848968506 -52.90920639038086 1.7000000476837158
endloop
endfacet
facet normal 0 0 -1
outer loop
vertex -3.499642848968506 -52.90920639038086 1.7000000476837158
vertex -3.6456332206726074 -53.00675582885742 1.7000000476837158
vertex -3.499642848968506 -52.27281188964844 1.7000000476837158
endloop
endfacet
facet normal 0 0 -1
outer loop
vertex -3.6456332206726074 -53.00675582885742 1.7000000476837158
vertex -3.817840814590454 -53.04100799560547 1.7000000476837158
vertex -3.6456332206726074 -52.175262451171875 1.7000000476837158
endloop
endfacet
facet normal 0 0 -1
outer loop
vertex -3.817840814590454 -52.14100646972656 1.7000000476837158
vertex -3.990048408508301 -53.00675582885742 1.7000000476837158
vertex -3.990048408508301 -52.175262451171875 1.7000000476837158
endloop
endfacet
facet normal 0.5555772839934787 0.8314649009491799 0
outer loop
vertex -3.990048408508301 -53.00675582885742 1.7000000476837158
vertex -3.990048408508301 -53.00675582885742 0
vertex -4.136038780212402 -52.90920639038086 1.7000000476837158
endloop
endfacet
facet normal 0 0 -1
outer loop
vertex -3.990048408508301 -52.175262451171875 1.7000000476837158
vertex -4.136038780212402 -52.90920639038086 1.7000000476837158
vertex -4.136038780212402 -52.27281188964844 1.7000000476837158
endloop
endfacet
facet normal 0 0 -1
outer loop
vertex -3.402095079421997 -52.763214111328125 1.7000000476837158
vertex -3.499642848968506 -52.90920639038086 1.7000000476837158
vertex -3.402095079421997 -52.418800354003906 1.7000000476837158
endloop
endfacet
facet normal -0.5555772839934787 -0.8314649009491799 0
outer loop
vertex -3.499642848968506 -51.002811431884766 0
vertex -3.499642848968506 -51.002811431884766 1.7000000476837158
vertex -3.6456332206726074 -50.9052619934082 0
endloop
endfacet
facet normal 0.9807861114401027 0.19508614406513386 0
outer loop
vertex -4.23358678817749 -51.49321746826172 0
vertex -4.26784086227417 -51.321006774902344 0
vertex -4.26784086227417 -51.321006774902344 1.7000000476837158
endloop
endfacet
facet normal 0 0 -1
outer loop
vertex -4.136038780212402 -51.63920593261719 1.7000000476837158
vertex -4.23358678817749 -51.49321746826172 1.7000000476837158
vertex -4.136038780212402 -51.002811431884766 1.7000000476837158
endloop
endfacet
facet normal 0 0 -1
outer loop
vertex -3.990048408508301 -51.73675537109375 1.7000000476837158
vertex -4.136038780212402 -51.63920593261719 1.7000000476837158
vertex -3.990048408508301 -50.9052619934082 1.7000000476837158
endloop
endfacet
facet normal 0 0 -1
outer loop
vertex -3.817840814590454 -51.7710075378418 1.7000000476837158
vertex -3.990048408508301 -51.73675537109375 1.7000000476837158
vertex -3.817840814590454 -50.871009826660156 1.7000000476837158
endloop
endfacet
facet normal 0 0 -1
outer loop
vertex -4.136038780212402 -51.002811431884766 1.7000000476837158
vertex -4.23358678817749 -51.49321746826172 1.7000000476837158
vertex -4.23358678817749 -51.148799896240234 1.7000000476837158
endloop
endfacet
facet normal 0 0 -1
outer loop
vertex -3.990048408508301 -50.9052619934082 1.7000000476837158
vertex -4.136038780212402 -51.63920593261719 1.7000000476837158
vertex -4.136038780212402 -51.002811431884766 1.7000000476837158
endloop
endfacet
facet normal 0 0 -1
outer loop
vertex -3.817840814590454 -50.871009826660156 1.7000000476837158
vertex -3.990048408508301 -51.73675537109375 1.7000000476837158
vertex -3.990048408508301 -50.9052619934082 1.7000000476837158
endloop
endfacet
facet normal 0 0 -1
outer loop
vertex -3.6456332206726074 -51.73675537109375 1.7000000476837158
vertex -3.817840814590454 -51.7710075378418 1.7000000476837158
vertex -3.6456332206726074 -50.9052619934082 1.7000000476837158
endloop
endfacet
facet normal 0 0 -1
outer loop
vertex -3.499642848968506 -51.63920593261719 1.7000000476837158
vertex -3.6456332206726074 -51.73675537109375 1.7000000476837158
vertex -3.499642848968506 -51.002811431884766 1.7000000476837158
endloop
endfacet
facet normal 0 0 -1
outer loop
vertex -3.402095079421997 -51.49321746826172 1.7000000476837158
vertex -3.499642848968506 -51.63920593261719 1.7000000476837158
vertex -3.402095079421997 -51.148799896240234 1.7000000476837158
endloop
endfacet
facet normal 0 0 -1
outer loop
vertex -3.3678407669067383 -51.321006774902344 1.7000000476837158
vertex -3.402095079421997 -51.49321746826172 1.7000000476837158
vertex -3.402095079421997 -51.148799896240234 1.7000000476837158
endloop
endfacet
facet normal 0 0 -1
outer loop
vertex -3.6456332206726074 -50.9052619934082 1.7000000476837158
vertex -3.817840814590454 -51.7710075378418 1.7000000476837158
vertex -3.817840814590454 -50.871009826660156 1.7000000476837158
endloop
endfacet
facet normal 0 0 -1
outer loop
vertex -3.499642848968506 -51.002811431884766 1.7000000476837158
vertex -3.6456332206726074 -51.73675537109375 1.7000000476837158
vertex -3.6456332206726074 -50.9052619934082 1.7000000476837158
endloop
endfacet
facet normal 0 0 -1
outer loop
vertex -3.499642848968506 -51.002811431884766 1.7000000476837158
vertex -3.402095079421997 -51.148799896240234 1.7000000476837158
vertex -3.499642848968506 -51.63920593261719 1.7000000476837158
endloop
endfacet
facet normal -0.9807850247417832 -0.1950916073086168 0
outer loop
vertex -3.402095079421997 -51.148799896240234 0
vertex -3.3678407669067383 -51.321006774902344 0
vertex -3.3678407669067383 -51.321006774902344 1.7000000476837158
endloop
endfacet
facet normal 0.8314653114796824 0.5555766696019502 0
outer loop
vertex -4.136038780212402 -51.63920593261719 1.7000000476837158
vertex -4.136038780212402 -51.63920593261719 0
vertex -4.23358678817749 -51.49321746826172 1.7000000476837158
endloop
endfacet
facet normal 0.9807861114401027 0.19508614406513386 0
outer loop
vertex -4.23358678817749 -51.49321746826172 1.7000000476837158
vertex -4.23358678817749 -51.49321746826172 0
vertex -4.26784086227417 -51.321006774902344 1.7000000476837158
endloop
endfacet
facet normal 0.5555772839934787 0.8314649009491799 0
outer loop
vertex -3.990048408508301 -51.73675537109375 1.7000000476837158
vertex -3.990048408508301 -51.73675537109375 0
vertex -4.136038780212402 -51.63920593261719 1.7000000476837158
endloop
endfacet
facet normal -0.19507907200914795 -0.9807875181016781 0
outer loop
vertex -3.6456332206726074 -50.9052619934082 0
vertex -3.6456332206726074 -50.9052619934082 1.7000000476837158
vertex -3.817840814590454 -50.871009826660156 0
endloop
endfacet
facet normal 0.19507907200914795 0.9807875181016781 0
outer loop
vertex -3.817840814590454 -51.7710075378418 1.7000000476837158
vertex -3.817840814590454 -51.7710075378418 0
vertex -3.990048408508301 -51.73675537109375 1.7000000476837158
endloop
endfacet
facet normal 0.9807852845629332 -0.19509030110388895 0
outer loop
vertex -4.26784086227417 -51.321006774902344 1.7000000476837158
vertex -4.26784086227417 -51.321006774902344 0
vertex -4.23358678817749 -51.148799896240234 1.7000000476837158
endloop
endfacet
facet normal 0.8314653114796824 -0.5555766696019502 0
outer loop
vertex -4.23358678817749 -51.148799896240234 1.7000000476837158
vertex -4.23358678817749 -51.148799896240234 0
vertex -4.136038780212402 -51.002811431884766 1.7000000476837158
endloop
endfacet
facet normal 0.5555772839934787 -0.8314649009491799 0
outer loop
vertex -4.136038780212402 -51.002811431884766 1.7000000476837158
vertex -4.136038780212402 -51.002811431884766 0
vertex -3.990048408508301 -50.9052619934082 1.7000000476837158
endloop
endfacet
facet normal 0.19507907200914795 -0.9807875181016781 0
outer loop
vertex -3.990048408508301 -50.9052619934082 1.7000000476837158
vertex -3.990048408508301 -50.9052619934082 0
vertex -3.817840814590454 -50.871009826660156 1.7000000476837158
endloop
endfacet
facet normal -0.19507907200914795 0.9807875181016781 0
outer loop
vertex -3.6456332206726074 -51.73675537109375 1.7000000476837158
vertex -3.6456332206726074 -51.73675537109375 0
vertex -3.817840814590454 -51.7710075378418 1.7000000476837158
endloop
endfacet
facet normal -0.5555772839934787 0.8314649009491799 0
outer loop
vertex -3.499642848968506 -51.63920593261719 1.7000000476837158
vertex -3.499642848968506 -51.63920593261719 0
vertex -3.6456332206726074 -51.73675537109375 1.7000000476837158
endloop
endfacet
facet normal -0.8314659387486268 0.555575730842218 0
outer loop
vertex -3.402095079421997 -51.49321746826172 1.7000000476837158
vertex -3.402095079421997 -51.49321746826172 0
vertex -3.499642848968506 -51.63920593261719 1.7000000476837158
endloop
endfacet
facet normal -0.9807858516298064 0.1950874502442312 0
outer loop
vertex -3.3678407669067383 -51.321006774902344 1.7000000476837158
vertex -3.3678407669067383 -51.321006774902344 0
vertex -3.402095079421997 -51.49321746826172 1.7000000476837158
endloop
endfacet
facet normal -0.19507907200914795 -0.9807875181016781 0
outer loop
vertex -3.817840814590454 -50.871009826660156 1.7000000476837158
vertex -3.817840814590454 -50.871009826660156 0
vertex -3.6456332206726074 -50.9052619934082 1.7000000476837158
endloop
endfacet
facet normal -0.5555772839934787 -0.8314649009491799 0
outer loop
vertex -3.6456332206726074 -50.9052619934082 1.7000000476837158
vertex -3.6456332206726074 -50.9052619934082 0
vertex -3.499642848968506 -51.002811431884766 1.7000000476837158
endloop
endfacet
facet normal -0.9807850247417832 -0.1950916073086168 0
outer loop
vertex -3.402095079421997 -51.148799896240234 1.7000000476837158
vertex -3.402095079421997 -51.148799896240234 0
vertex -3.3678407669067383 -51.321006774902344 1.7000000476837158
endloop
endfacet
facet normal -0.8314659387486268 -0.555575730842218 0
outer loop
vertex -3.499642848968506 -51.002811431884766 1.7000000476837158
vertex -3.499642848968506 -51.002811431884766 0
vertex -3.402095079421997 -51.148799896240234 1.7000000476837158
endloop
endfacet
facet normal 0 0 -1
outer loop
vertex -4.23358678817749 -51.49321746826172 1.7000000476837158
vertex -4.26784086227417 -51.321006774902344 1.7000000476837158
vertex -4.23358678817749 -51.148799896240234 1.7000000476837158
endloop
endfacet
facet normal -0.8314659387486268 -0.555575730842218 0
outer loop
vertex -3.499642848968506 -51.002811431884766 0
vertex -3.402095079421997 -51.148799896240234 0
vertex -3.402095079421997 -51.148799896240234 1.7000000476837158
endloop
endfacet
facet normal -0.9807858516298064 0.1950874502442312 0
outer loop
vertex -3.3678407669067383 -51.321006774902344 0
vertex -3.402095079421997 -51.49321746826172 0
vertex -3.402095079421997 -51.49321746826172 1.7000000476837158
endloop
endfacet
facet normal -0.8314659387486268 0.555575730842218 0
outer loop
vertex -3.402095079421997 -51.49321746826172 0
vertex -3.499642848968506 -51.63920593261719 0
vertex -3.499642848968506 -51.63920593261719 1.7000000476837158
endloop
endfacet
facet normal -0.5555772839934787 0.8314649009491799 0
outer loop
vertex -3.499642848968506 -51.63920593261719 0
vertex -3.6456332206726074 -51.73675537109375 0
vertex -3.6456332206726074 -51.73675537109375 1.7000000476837158
endloop
endfacet
facet normal -0.19507907200914795 0.9807875181016781 0
outer loop
vertex -3.6456332206726074 -51.73675537109375 0
vertex -3.817840814590454 -51.7710075378418 0
vertex -3.817840814590454 -51.7710075378418 1.7000000476837158
endloop
endfacet
facet normal 0.19507907200914795 -0.9807875181016781 0
outer loop
vertex -3.817840814590454 -50.871009826660156 0
vertex -3.817840814590454 -50.871009826660156 1.7000000476837158
vertex -3.990048408508301 -50.9052619934082 0
endloop
endfacet
facet normal 0.5555772839934787 -0.8314649009491799 0
outer loop
vertex -3.990048408508301 -50.9052619934082 0
vertex -3.990048408508301 -50.9052619934082 1.7000000476837158
vertex -4.136038780212402 -51.002811431884766 0
endloop
endfacet
facet normal 0.8314653114796824 -0.5555766696019502 0
outer loop
vertex -4.136038780212402 -51.002811431884766 0
vertex -4.136038780212402 -51.002811431884766 1.7000000476837158
vertex -4.23358678817749 -51.148799896240234 0
endloop
endfacet
facet normal 0.9807852845629332 -0.19509030110388895 0
outer loop
vertex -4.23358678817749 -51.148799896240234 0
vertex -4.23358678817749 -51.148799896240234 1.7000000476837158
vertex -4.26784086227417 -51.321006774902344 0
endloop
endfacet
facet normal 0.19507907200914795 0.9807875181016781 0
outer loop
vertex -3.817840814590454 -51.7710075378418 0
vertex -3.990048408508301 -51.73675537109375 0
vertex -3.990048408508301 -51.73675537109375 1.7000000476837158
endloop
endfacet
facet normal 0.5555772839934787 0.8314649009491799 0
outer loop
vertex -3.990048408508301 -51.73675537109375 0
vertex -4.136038780212402 -51.63920593261719 0
vertex -4.136038780212402 -51.63920593261719 1.7000000476837158
endloop
endfacet
facet normal 0.8314653114796824 0.5555766696019502 0
outer loop
vertex -4.23358678817749 -51.49321746826172 0
vertex -4.23358678817749 -51.49321746826172 1.7000000476837158
vertex -4.136038780212402 -51.63920593261719 0
endloop
endfacet
facet normal 0.8314653114796824 0.5555766696019502 0
outer loop
vertex -4.23358678817749 -50.22321701049805 0
vertex -4.23358678817749 -50.22321701049805 1.7000000476837158
vertex -4.136038780212402 -50.369205474853516 0
endloop
endfacet
facet normal 0.5555772839934787 0.8314649009491799 0
outer loop
vertex -3.990048408508301 -50.46675491333008 0
vertex -4.136038780212402 -50.369205474853516 0
vertex -4.136038780212402 -50.369205474853516 1.7000000476837158
endloop
endfacet
facet normal -0.19507907200914795 -0.9807875181016781 0
outer loop
vertex -3.6456332206726074 -49.63526153564453 0
vertex -3.6456332206726074 -49.63526153564453 1.7000000476837158
vertex -3.817840814590454 -49.601009368896484 0
endloop
endfacet
facet normal -0.5555772839934787 -0.8314649009491799 0
outer loop
vertex -3.6456332206726074 -49.63526153564453 0
vertex -3.499642848968506 -49.732810974121094 0
vertex -3.499642848968506 -49.732810974121094 1.7000000476837158
endloop
endfacet
facet normal 0 0 -1
outer loop
vertex -4.136038780212402 -50.369205474853516 1.7000000476837158
vertex -4.23358678817749 -50.22321701049805 1.7000000476837158
vertex -4.136038780212402 -49.732810974121094 1.7000000476837158
endloop
endfacet
facet normal 0 0 -1
outer loop
vertex -4.136038780212402 -49.732810974121094 1.7000000476837158
vertex -4.23358678817749 -50.22321701049805 1.7000000476837158
vertex -4.23358678817749 -49.87879943847656 1.7000000476837158
endloop
endfacet
facet normal 0 0 -1
outer loop
vertex -3.990048408508301 -50.46675491333008 1.7000000476837158
vertex -4.136038780212402 -50.369205474853516 1.7000000476837158
vertex -3.990048408508301 -49.63526153564453 1.7000000476837158
endloop
endfacet
facet normal 0 0 -1
outer loop
vertex -3.817840814590454 -49.601009368896484 1.7000000476837158
vertex -3.990048408508301 -50.46675491333008 1.7000000476837158
vertex -3.990048408508301 -49.63526153564453 1.7000000476837158
endloop
endfacet
facet normal 0 0 -1
outer loop
vertex -3.6456332206726074 -50.46675491333008 1.7000000476837158
vertex -3.817840814590454 -50.501007080078125 1.7000000476837158
vertex -3.6456332206726074 -49.63526153564453 1.7000000476837158
endloop
endfacet
facet normal 0 0 -1
outer loop
vertex -3.499642848968506 -50.369205474853516 1.7000000476837158
vertex -3.6456332206726074 -50.46675491333008 1.7000000476837158
vertex -3.499642848968506 -49.732810974121094 1.7000000476837158
endloop
endfacet
facet normal 0 0 -1
outer loop
vertex -3.6456332206726074 -49.63526153564453 1.7000000476837158
vertex -3.817840814590454 -50.501007080078125 1.7000000476837158
vertex -3.817840814590454 -49.601009368896484 1.7000000476837158
endloop
endfacet
facet normal 0 0 -1
outer loop
vertex -3.6456332206726074 -49.63526153564453 1.7000000476837158
vertex -3.499642848968506 -49.732810974121094 1.7000000476837158
vertex -3.6456332206726074 -50.46675491333008 1.7000000476837158
endloop
endfacet
facet normal 0 0 -1
outer loop
vertex -3.402095079421997 -50.22321701049805 1.7000000476837158
vertex -3.499642848968506 -50.369205474853516 1.7000000476837158
vertex -3.402095079421997 -49.87879943847656 1.7000000476837158
endloop
endfacet
facet normal 0 0 -1
outer loop
vertex -3.499642848968506 -49.732810974121094 1.7000000476837158
vertex -3.402095079421997 -49.87879943847656 1.7000000476837158
vertex -3.499642848968506 -50.369205474853516 1.7000000476837158
endloop
endfacet
facet normal 0 0 -1
outer loop
vertex -3.3678407669067383 -50.05100631713867 1.7000000476837158
vertex -3.402095079421997 -50.22321701049805 1.7000000476837158
vertex -3.402095079421997 -49.87879943847656 1.7000000476837158
endloop
endfacet
facet normal 0.8314653114796824 0.5555766696019502 0
outer loop
vertex -4.136038780212402 -50.369205474853516 1.7000000476837158
vertex -4.136038780212402 -50.369205474853516 0
vertex -4.23358678817749 -50.22321701049805 1.7000000476837158
endloop
endfacet
facet normal 0.5555772839934787 0.8314649009491799 0
outer loop
vertex -3.990048408508301 -50.46675491333008 1.7000000476837158
vertex -3.990048408508301 -50.46675491333008 0
vertex -4.136038780212402 -50.369205474853516 1.7000000476837158
endloop
endfacet
facet normal 0.19507907200914795 0.9807875181016781 0
outer loop
vertex -3.817840814590454 -50.501007080078125 1.7000000476837158
vertex -3.817840814590454 -50.501007080078125 0
vertex -3.990048408508301 -50.46675491333008 1.7000000476837158
endloop
endfacet
facet normal 0.9807861114401027 0.19508614406513386 0
outer loop
vertex -4.23358678817749 -50.22321701049805 1.7000000476837158
vertex -4.23358678817749 -50.22321701049805 0
vertex -4.26784086227417 -50.05100631713867 1.7000000476837158
endloop
endfacet
facet normal 0.9807852845629332 -0.19509030110388895 0
outer loop
vertex -4.26784086227417 -50.05100631713867 1.7000000476837158
vertex -4.26784086227417 -50.05100631713867 0
vertex -4.23358678817749 -49.87879943847656 1.7000000476837158
endloop
endfacet
facet normal 0.8314653114796824 -0.5555766696019502 0
outer loop
vertex -4.23358678817749 -49.87879943847656 1.7000000476837158
vertex -4.23358678817749 -49.87879943847656 0
vertex -4.136038780212402 -49.732810974121094 1.7000000476837158
endloop
endfacet
facet normal -0.19507907200914795 0.9807875181016781 0
outer loop
vertex -3.6456332206726074 -50.46675491333008 1.7000000476837158
vertex -3.6456332206726074 -50.46675491333008 0
vertex -3.817840814590454 -50.501007080078125 1.7000000476837158
endloop
endfacet
facet normal -0.5555772839934787 0.8314649009491799 0
outer loop
vertex -3.499642848968506 -50.369205474853516 1.7000000476837158
vertex -3.499642848968506 -50.369205474853516 0
vertex -3.6456332206726074 -50.46675491333008 1.7000000476837158
endloop
endfacet
facet normal -0.8314659387486268 0.555575730842218 0
outer loop
vertex -3.402095079421997 -50.22321701049805 1.7000000476837158
vertex -3.402095079421997 -50.22321701049805 0
vertex -3.499642848968506 -50.369205474853516 1.7000000476837158
endloop
endfacet
facet normal -0.9807858516298064 0.1950874502442312 0
outer loop
vertex -3.3678407669067383 -50.05100631713867 1.7000000476837158
vertex -3.3678407669067383 -50.05100631713867 0
vertex -3.402095079421997 -50.22321701049805 1.7000000476837158
endloop
endfacet
facet normal -0.9807850247417832 -0.1950916073086168 0
outer loop
vertex -3.402095079421997 -49.87879943847656 1.7000000476837158
vertex -3.402095079421997 -49.87879943847656 0
vertex -3.3678407669067383 -50.05100631713867 1.7000000476837158
endloop
endfacet
facet normal -0.8314659387486268 -0.555575730842218 0
outer loop
vertex -3.499642848968506 -49.732810974121094 1.7000000476837158
vertex -3.499642848968506 -49.732810974121094 0
vertex -3.402095079421997 -49.87879943847656 1.7000000476837158
endloop
endfacet
facet normal 0.5555772839934787 -0.8314649009491799 0
outer loop
vertex -4.136038780212402 -49.732810974121094 1.7000000476837158
vertex -4.136038780212402 -49.732810974121094 0
vertex -3.990048408508301 -49.63526153564453 1.7000000476837158
endloop
endfacet
facet normal 0.19507907200914795 -0.9807875181016781 0
outer loop
vertex -3.990048408508301 -49.63526153564453 1.7000000476837158
vertex -3.990048408508301 -49.63526153564453 0
vertex -3.817840814590454 -49.601009368896484 1.7000000476837158
endloop
endfacet
facet normal 0 0 -1
outer loop
vertex -3.990048408508301 -49.63526153564453 1.7000000476837158
vertex -4.136038780212402 -50.369205474853516 1.7000000476837158
vertex -4.136038780212402 -49.732810974121094 1.7000000476837158
endloop
endfacet
facet normal 0 0 -1
outer loop
vertex -4.23358678817749 -50.22321701049805 1.7000000476837158
vertex -4.26784086227417 -50.05100631713867 1.7000000476837158
vertex -4.23358678817749 -49.87879943847656 1.7000000476837158
endloop
endfacet
facet normal -0.19507907200914795 -0.9807875181016781 0
outer loop
vertex -3.817840814590454 -49.601009368896484 1.7000000476837158
vertex -3.817840814590454 -49.601009368896484 0
vertex -3.6456332206726074 -49.63526153564453 1.7000000476837158
endloop
endfacet
facet normal -0.5555772839934787 -0.8314649009491799 0
outer loop
vertex -3.6456332206726074 -49.63526153564453 1.7000000476837158
vertex -3.6456332206726074 -49.63526153564453 0
vertex -3.499642848968506 -49.732810974121094 1.7000000476837158
endloop
endfacet
facet normal 0.19507907200914795 -0.9807875181016781 0
outer loop
vertex -3.817840814590454 -49.601009368896484 0
vertex -3.817840814590454 -49.601009368896484 1.7000000476837158
vertex -3.990048408508301 -49.63526153564453 0
endloop
endfacet
facet normal 0.5555772839934787 -0.8314649009491799 0
outer loop
vertex -3.990048408508301 -49.63526153564453 0
vertex -3.990048408508301 -49.63526153564453 1.7000000476837158
vertex -4.136038780212402 -49.732810974121094 0
endloop
endfacet
facet normal -0.8314659387486268 -0.555575730842218 0
outer loop
vertex -3.499642848968506 -49.732810974121094 0
vertex -3.402095079421997 -49.87879943847656 0
vertex -3.402095079421997 -49.87879943847656 1.7000000476837158
endloop
endfacet
facet normal -0.9807850247417832 -0.1950916073086168 0
outer loop
vertex -3.402095079421997 -49.87879943847656 0
vertex -3.3678407669067383 -50.05100631713867 0
vertex -3.3678407669067383 -50.05100631713867 1.7000000476837158
endloop
endfacet
facet normal -0.9807858516298064 0.1950874502442312 0
outer loop
vertex -3.3678407669067383 -50.05100631713867 0
vertex -3.402095079421997 -50.22321701049805 0
vertex -3.402095079421997 -50.22321701049805 1.7000000476837158
endloop
endfacet
facet normal -0.8314659387486268 0.555575730842218 0
outer loop
vertex -3.402095079421997 -50.22321701049805 0
vertex -3.499642848968506 -50.369205474853516 0
vertex -3.499642848968506 -50.369205474853516 1.7000000476837158
endloop
endfacet
facet normal -0.5555772839934787 0.8314649009491799 0
outer loop
vertex -3.499642848968506 -50.369205474853516 0
vertex -3.6456332206726074 -50.46675491333008 0
vertex -3.6456332206726074 -50.46675491333008 1.7000000476837158
endloop
endfacet
facet normal -0.19507907200914795 0.9807875181016781 0
outer loop
vertex -3.6456332206726074 -50.46675491333008 0
vertex -3.817840814590454 -50.501007080078125 0
vertex -3.817840814590454 -50.501007080078125 1.7000000476837158
endloop
endfacet
facet normal 0.8314653114796824 -0.5555766696019502 0
outer loop
vertex -4.136038780212402 -49.732810974121094 0
vertex -4.136038780212402 -49.732810974121094 1.7000000476837158
vertex -4.23358678817749 -49.87879943847656 0
endloop
endfacet
facet normal 0.9807852845629332 -0.19509030110388895 0
outer loop
vertex -4.23358678817749 -49.87879943847656 0
vertex -4.23358678817749 -49.87879943847656 1.7000000476837158
vertex -4.26784086227417 -50.05100631713867 0
endloop
endfacet
facet normal 0.9807861114401027 0.19508614406513386 0
outer loop
vertex -4.23358678817749 -50.22321701049805 0
vertex -4.26784086227417 -50.05100631713867 0
vertex -4.26784086227417 -50.05100631713867 1.7000000476837158
endloop
endfacet
facet normal 0.19507907200914795 0.9807875181016781 0
outer loop
vertex -3.817840814590454 -50.501007080078125 0
vertex -3.990048408508301 -50.46675491333008 0
vertex -3.990048408508301 -50.46675491333008 1.7000000476837158
endloop
endfacet
facet normal 0 0 -1
outer loop
vertex -3.817840814590454 -50.501007080078125 1.7000000476837158
vertex -3.990048408508301 -50.46675491333008 1.7000000476837158
vertex -3.817840814590454 -49.601009368896484 1.7000000476837158
endloop
endfacet
facet normal 0 0 -1
outer loop
vertex -3.990048408508301 -49.196754455566406 1.7000000476837158
vertex -4.136038780212402 -49.099205017089844 1.7000000476837158
vertex -3.990048408508301 -48.36526107788086 1.7000000476837158
endloop
endfacet
facet normal 0 0 -1
outer loop
vertex -3.990048408508301 -48.36526107788086 1.7000000476837158
vertex -4.136038780212402 -49.099205017089844 1.7000000476837158
vertex -4.136038780212402 -48.46281051635742 1.7000000476837158
endloop
endfacet
facet normal -0.19507907200914795 0.9807875181016781 0
outer loop
vertex -3.6456332206726074 -49.196754455566406 1.7000000476837158
vertex -3.6456332206726074 -49.196754455566406 0
vertex -3.817840814590454 -49.23100662231445 1.7000000476837158
endloop
endfacet
facet normal -0.5555772839934787 0.8314649009491799 0
outer loop
vertex -3.499642848968506 -49.099205017089844 1.7000000476837158
vertex -3.499642848968506 -49.099205017089844 0
vertex -3.6456332206726074 -49.196754455566406 1.7000000476837158
endloop
endfacet
facet normal 0 0 -1
outer loop
vertex -3.6456332206726074 -49.196754455566406 1.7000000476837158
vertex -3.817840814590454 -49.23100662231445 1.7000000476837158
vertex -3.6456332206726074 -48.36526107788086 1.7000000476837158
endloop
endfacet
facet normal 0 0 -1
outer loop
vertex -3.499642848968506 -49.099205017089844 1.7000000476837158
vertex -3.6456332206726074 -49.196754455566406 1.7000000476837158
vertex -3.499642848968506 -48.46281051635742 1.7000000476837158
endloop
endfacet
facet normal 0 0 -1
outer loop
vertex -3.6456332206726074 -48.36526107788086 1.7000000476837158
vertex -3.817840814590454 -49.23100662231445 1.7000000476837158
vertex -3.817840814590454 -48.33100891113281 1.7000000476837158
endloop
endfacet
facet normal 0 0 -1
outer loop
vertex -3.499642848968506 -48.46281051635742 1.7000000476837158
vertex -3.6456332206726074 -49.196754455566406 1.7000000476837158
vertex -3.6456332206726074 -48.36526107788086 1.7000000476837158
endloop
endfacet
facet normal 0 0 -1
outer loop
vertex -3.402095079421997 -48.953216552734375 1.7000000476837158
vertex -3.499642848968506 -49.099205017089844 1.7000000476837158
vertex -3.402095079421997 -48.60879898071289 1.7000000476837158
endloop
endfacet
facet normal 0 0 -1
outer loop
vertex -3.3678407669067383 -48.781009674072266 1.7000000476837158
vertex -3.402095079421997 -48.953216552734375 1.7000000476837158
vertex -3.402095079421997 -48.60879898071289 1.7000000476837158
endloop
endfacet
facet normal 0 0 -1
outer loop
vertex -3.499642848968506 -48.46281051635742 1.7000000476837158
vertex -3.402095079421997 -48.60879898071289 1.7000000476837158
vertex -3.499642848968506 -49.099205017089844 1.7000000476837158
endloop
endfacet
facet normal 0 0 -1
outer loop
vertex -3.817840814590454 -48.33100891113281 1.7000000476837158
vertex -3.990048408508301 -49.196754455566406 1.7000000476837158
vertex -3.990048408508301 -48.36526107788086 1.7000000476837158
endloop
endfacet
facet normal 0 0 -1
outer loop
vertex -4.23358678817749 -48.953216552734375 1.7000000476837158
vertex -4.26784086227417 -48.781009674072266 1.7000000476837158
vertex -4.23358678817749 -48.60879898071289 1.7000000476837158
endloop
endfacet
facet normal 0 0 -1
outer loop
vertex -4.136038780212402 -49.099205017089844 1.7000000476837158
vertex -4.23358678817749 -48.953216552734375 1.7000000476837158
vertex -4.136038780212402 -48.46281051635742 1.7000000476837158
endloop
endfacet
facet normal 0.19507907200914795 0.9807875181016781 0
outer loop
vertex -3.817840814590454 -49.23100662231445 0
vertex -3.990048408508301 -49.196754455566406 0
vertex -3.990048408508301 -49.196754455566406 1.7000000476837158
endloop
endfacet
facet normal 0.8314653114796824 0.5555766696019502 0
outer loop
vertex -4.23358678817749 -48.953216552734375 0
vertex -4.23358678817749 -48.953216552734375 1.7000000476837158
vertex -4.136038780212402 -49.099205017089844 0
endloop
endfacet
facet normal 0.9807852845629332 0.19509030110388895 0
outer loop
vertex -4.26784086227417 -48.781009674072266 0
vertex -4.26784086227417 -48.781009674072266 1.7000000476837158
vertex -4.23358678817749 -48.953216552734375 0
endloop
endfacet
facet normal 0 0 -1
outer loop
vertex -4.136038780212402 -48.46281051635742 1.7000000476837158
vertex -4.23358678817749 -48.953216552734375 1.7000000476837158
vertex -4.23358678817749 -48.60879898071289 1.7000000476837158
endloop
endfacet
facet normal 0 0 -1
outer loop
vertex -3.817840814590454 -49.23100662231445 1.7000000476837158
vertex -3.990048408508301 -49.196754455566406 1.7000000476837158
vertex -3.817840814590454 -48.33100891113281 1.7000000476837158
endloop
endfacet
facet normal 0.9807861114401027 -0.19508614406513386 0
outer loop
vertex -4.23358678817749 -48.60879898071289 0
vertex -4.23358678817749 -48.60879898071289 1.7000000476837158
vertex -4.26784086227417 -48.781009674072266 0
endloop
endfacet
facet normal 0.5555772839934787 0.8314649009491799 0
outer loop
vertex -3.990048408508301 -49.196754455566406 1.7000000476837158
vertex -3.990048408508301 -49.196754455566406 0
vertex -4.136038780212402 -49.099205017089844 1.7000000476837158
endloop
endfacet
facet normal 0.5555772839934787 0.8314649009491799 0
outer loop
vertex -4.136038780212402 -49.099205017089844 0
vertex -4.136038780212402 -49.099205017089844 1.7000000476837158
vertex -3.990048408508301 -49.196754455566406 0
endloop
endfacet
facet normal -0.8314659387486268 0.555575730842218 0
outer loop
vertex -3.402095079421997 -48.953216552734375 1.7000000476837158
vertex -3.402095079421997 -48.953216552734375 0
vertex -3.499642848968506 -49.099205017089844 1.7000000476837158
endloop
endfacet
facet normal -0.9807850247417832 0.1950916073086168 0
outer loop
vertex -3.3678407669067383 -48.781009674072266 1.7000000476837158
vertex -3.3678407669067383 -48.781009674072266 0
vertex -3.402095079421997 -48.953216552734375 1.7000000476837158
endloop
endfacet
facet normal 0.9807861114401027 -0.19508614406513386 0
outer loop
vertex -4.26784086227417 -48.781009674072266 1.7000000476837158
vertex -4.26784086227417 -48.781009674072266 0
vertex -4.23358678817749 -48.60879898071289 1.7000000476837158
endloop
endfacet
facet normal 0.9807852845629332 0.19509030110388895 0
outer loop
vertex -4.23358678817749 -48.953216552734375 1.7000000476837158
vertex -4.23358678817749 -48.953216552734375 0
vertex -4.26784086227417 -48.781009674072266 1.7000000476837158
endloop
endfacet
facet normal 0.8314653114796824 0.5555766696019502 0
outer loop
vertex -4.136038780212402 -49.099205017089844 1.7000000476837158
vertex -4.136038780212402 -49.099205017089844 0
vertex -4.23358678817749 -48.953216552734375 1.7000000476837158
endloop
endfacet
facet normal 0.19507907200914795 0.9807875181016781 0
outer loop
vertex -3.817840814590454 -49.23100662231445 1.7000000476837158
vertex -3.817840814590454 -49.23100662231445 0
vertex -3.990048408508301 -49.196754455566406 1.7000000476837158
endloop
endfacet
facet normal -0.9807858516298064 -0.1950874502442312 0
outer loop
vertex -3.402095079421997 -48.60879898071289 1.7000000476837158
vertex -3.402095079421997 -48.60879898071289 0
vertex -3.3678407669067383 -48.781009674072266 1.7000000476837158
endloop
endfacet
facet normal -0.19507907200914795 0.9807875181016781 0
outer loop
vertex -3.6456332206726074 -49.196754455566406 0
vertex -3.817840814590454 -49.23100662231445 0
vertex -3.817840814590454 -49.23100662231445 1.7000000476837158
endloop
endfacet
facet normal -0.5555772839934787 0.8314649009491799 0
outer loop
vertex -3.499642848968506 -49.099205017089844 0
vertex -3.6456332206726074 -49.196754455566406 0
vertex -3.6456332206726074 -49.196754455566406 1.7000000476837158
endloop
endfacet
facet normal 0.8314653114796824 -0.5555766696019502 0
outer loop
vertex -4.23358678817749 -48.60879898071289 1.7000000476837158
vertex -4.23358678817749 -48.60879898071289 0
vertex -4.136038780212402 -48.46281051635742 1.7000000476837158
endloop
endfacet
facet normal 0.5555772839934787 -0.8314649009491799 0
outer loop
vertex -4.136038780212402 -48.46281051635742 1.7000000476837158
vertex -4.136038780212402 -48.46281051635742 0
vertex -3.990048408508301 -48.36526107788086 1.7000000476837158
endloop
endfacet
facet normal 0.19507907200914795 -0.9807875181016781 0
outer loop
vertex -3.990048408508301 -48.36526107788086 1.7000000476837158
vertex -3.990048408508301 -48.36526107788086 0
vertex -3.817840814590454 -48.33100891113281 1.7000000476837158
endloop
endfacet
facet normal -0.8314659387486268 -0.555575730842218 0
outer loop
vertex -3.499642848968506 -48.46281051635742 1.7000000476837158
vertex -3.499642848968506 -48.46281051635742 0
vertex -3.402095079421997 -48.60879898071289 1.7000000476837158
endloop
endfacet
facet normal -0.8314659387486268 0.555575730842218 0
outer loop
vertex -3.402095079421997 -48.953216552734375 0
vertex -3.499642848968506 -49.099205017089844 0
vertex -3.499642848968506 -49.099205017089844 1.7000000476837158
endloop
endfacet
facet normal -0.9807850247417832 0.1950916073086168 0
outer loop
vertex -3.3678407669067383 -48.781009674072266 0
vertex -3.402095079421997 -48.953216552734375 0
vertex -3.402095079421997 -48.953216552734375 1.7000000476837158
endloop
endfacet
facet normal -0.9807858516298064 -0.1950874502442312 0
outer loop
vertex -3.402095079421997 -48.60879898071289 0
vertex -3.3678407669067383 -48.781009674072266 0
vertex -3.3678407669067383 -48.781009674072266 1.7000000476837158
endloop
endfacet
facet normal 0.8314653114796824 -0.5555766696019502 0
outer loop
vertex -4.136038780212402 -48.46281051635742 0
vertex -4.136038780212402 -48.46281051635742 1.7000000476837158
vertex -4.23358678817749 -48.60879898071289 0
endloop
endfacet
facet normal 0.5555772839934787 -0.8314649009491799 0
outer loop
vertex -3.990048408508301 -48.36526107788086 0
vertex -3.990048408508301 -48.36526107788086 1.7000000476837158
vertex -4.136038780212402 -48.46281051635742 0
endloop
endfacet
facet normal -0.19507907200914795 -0.9807875181016781 0
outer loop
vertex -3.817840814590454 -48.33100891113281 1.7000000476837158
vertex -3.817840814590454 -48.33100891113281 0
vertex -3.6456332206726074 -48.36526107788086 1.7000000476837158
endloop
endfacet
facet normal 0.19507907200914795 -0.9807875181016781 0
outer loop
vertex -3.817840814590454 -48.33100891113281 0
vertex -3.817840814590454 -48.33100891113281 1.7000000476837158
vertex -3.990048408508301 -48.36526107788086 0
endloop
endfacet
facet normal -0.5555772839934787 -0.8314649009491799 0
outer loop
vertex -3.6456332206726074 -48.36526107788086 1.7000000476837158
vertex -3.6456332206726074 -48.36526107788086 0
vertex -3.499642848968506 -48.46281051635742 1.7000000476837158
endloop
endfacet
facet normal -0.8314659387486268 -0.555575730842218 0
outer loop
vertex -3.499642848968506 -48.46281051635742 0
vertex -3.402095079421997 -48.60879898071289 0
vertex -3.402095079421997 -48.60879898071289 1.7000000476837158
endloop
endfacet
facet normal -0.19507907200914795 -0.9807875181016781 0
outer loop
vertex -3.6456332206726074 -48.36526107788086 0
vertex -3.6456332206726074 -48.36526107788086 1.7000000476837158
vertex -3.817840814590454 -48.33100891113281 0
endloop
endfacet
facet normal -0.5555772839934787 -0.8314649009491799 0
outer loop
vertex -3.499642848968506 -48.46281051635742 0
vertex -3.499642848968506 -48.46281051635742 1.7000000476837158
vertex -3.6456332206726074 -48.36526107788086 0
endloop
endfacet
facet normal 0.19509997121620473 0.9807833610086563 0
outer loop
vertex -3.817840814590454 -47.96100997924805 0
vertex -3.990048408508301 -47.926753997802734 0
vertex -3.990048408508301 -47.926753997802734 1.7000000476837158
endloop
endfacet
facet normal 0 0 -1
outer loop
vertex -3.499642848968506 -47.82920455932617 1.7000000476837158
vertex -3.6456332206726074 -47.926753997802734 1.7000000476837158
vertex -3.499642848968506 -47.19281005859375 1.7000000476837158
endloop
endfacet
facet normal 0.9807852845629332 0.19509030110388895 0
outer loop
vertex -4.26784086227417 -47.511009216308594 0
vertex -4.26784086227417 -47.511009216308594 1.7000000476837158
vertex -4.23358678817749 -47.6832160949707 0
endloop
endfacet
facet normal 0.8314653114796824 0.5555766696019502 0
outer loop
vertex -4.23358678817749 -47.6832160949707 0
vertex -4.23358678817749 -47.6832160949707 1.7000000476837158
vertex -4.136038780212402 -47.82920455932617 0
endloop
endfacet
facet normal -0.19509997121620473 0.9807833610086563 0
outer loop
vertex -3.6456332206726074 -47.926753997802734 0
vertex -3.817840814590454 -47.96100997924805 0
vertex -3.817840814590454 -47.96100997924805 1.7000000476837158
endloop
endfacet
facet normal 0.5555772839934787 0.8314649009491799 0
outer loop
vertex -3.990048408508301 -47.926753997802734 1.7000000476837158
vertex -3.990048408508301 -47.926753997802734 0
vertex -4.136038780212402 -47.82920455932617 1.7000000476837158
endloop
endfacet
facet normal -0.5555772839934787 0.8314649009491799 0
outer loop
vertex -3.499642848968506 -47.82920455932617 0
vertex -3.6456332206726074 -47.926753997802734 0
vertex -3.6456332206726074 -47.926753997802734 1.7000000476837158
endloop
endfacet
facet normal -0.8314659387486268 0.555575730842218 0
outer loop
vertex -3.402095079421997 -47.6832160949707 0
vertex -3.499642848968506 -47.82920455932617 0
vertex -3.499642848968506 -47.82920455932617 1.7000000476837158
endloop
endfacet
facet normal -0.9807850247417832 0.1950916073086168 0
outer loop
vertex -3.3678407669067383 -47.511009216308594 0
vertex -3.402095079421997 -47.6832160949707 0
vertex -3.402095079421997 -47.6832160949707 1.7000000476837158
endloop
endfacet
facet normal -0.19507907200914795 -0.9807875181016781 0
outer loop
vertex -3.817840814590454 -47.06100845336914 1.7000000476837158
vertex -3.817840814590454 -47.06100845336914 0
vertex -3.6456332206726074 -47.09526062011719 1.7000000476837158
endloop
endfacet
facet normal 0.19509997121620473 0.9807833610086563 0
outer loop
vertex -3.817840814590454 -47.96100997924805 1.7000000476837158
vertex -3.817840814590454 -47.96100997924805 0
vertex -3.990048408508301 -47.926753997802734 1.7000000476837158
endloop
endfacet
facet normal -0.5555772839934787 -0.8314649009491799 0
outer loop
vertex -3.6456332206726074 -47.09526062011719 1.7000000476837158
vertex -3.6456332206726074 -47.09526062011719 0
vertex -3.499642848968506 -47.19281005859375 1.7000000476837158
endloop
endfacet
facet normal -0.9807850247417832 -0.1950916073086168 0
outer loop
vertex -3.402095079421997 -47.338802337646484 1.7000000476837158
vertex -3.402095079421997 -47.338802337646484 0
vertex -3.3678407669067383 -47.511009216308594 1.7000000476837158
endloop
endfacet
facet normal 0.19507907200914795 -0.9807875181016781 0
outer loop
vertex -3.990048408508301 -47.09526062011719 1.7000000476837158
vertex -3.990048408508301 -47.09526062011719 0
vertex -3.817840814590454 -47.06100845336914 1.7000000476837158
endloop
endfacet
facet normal -0.83147264470564 -0.5555656946808436 0
outer loop
vertex -3.499642848968506 -47.19281005859375 1.7000000476837158
vertex -3.499642848968506 -47.19281005859375 0
vertex -3.402095079421997 -47.338802337646484 1.7000000476837158
endloop
endfacet
facet normal 0.9807852845629332 -0.19509030110388895 0
outer loop
vertex -4.23358678817749 -47.338802337646484 0
vertex -4.23358678817749 -47.338802337646484 1.7000000476837158
vertex -4.26784086227417 -47.511009216308594 0
endloop
endfacet
facet normal 0.8314720174542991 -0.5555666334387602 0
outer loop
vertex -4.136038780212402 -47.19281005859375 0
vertex -4.136038780212402 -47.19281005859375 1.7000000476837158
vertex -4.23358678817749 -47.338802337646484 0
endloop
endfacet
facet normal 0.9807852845629332 0.19509030110388895 0
outer loop
vertex -4.23358678817749 -47.6832160949707 1.7000000476837158
vertex -4.23358678817749 -47.6832160949707 0
vertex -4.26784086227417 -47.511009216308594 1.7000000476837158
endloop
endfacet
facet normal 0.5555772839934787 -0.8314649009491799 0
outer loop
vertex -3.990048408508301 -47.09526062011719 0
vertex -3.990048408508301 -47.09526062011719 1.7000000476837158
vertex -4.136038780212402 -47.19281005859375 0
endloop
endfacet
facet normal 0.19507907200914795 -0.9807875181016781 0
outer loop
vertex -3.817840814590454 -47.06100845336914 0
vertex -3.817840814590454 -47.06100845336914 1.7000000476837158
vertex -3.990048408508301 -47.09526062011719 0
endloop
endfacet
facet normal 0.8314653114796824 0.5555766696019502 0
outer loop
vertex -4.136038780212402 -47.82920455932617 1.7000000476837158
vertex -4.136038780212402 -47.82920455932617 0
vertex -4.23358678817749 -47.6832160949707 1.7000000476837158
endloop
endfacet
facet normal 0.5555772839934787 -0.8314649009491799 0
outer loop
vertex -4.136038780212402 -47.19281005859375 1.7000000476837158
vertex -4.136038780212402 -47.19281005859375 0
vertex -3.990048408508301 -47.09526062011719 1.7000000476837158
endloop
endfacet
facet normal -0.19509997121620473 0.9807833610086563 0
outer loop
vertex -3.6456332206726074 -47.926753997802734 1.7000000476837158
vertex -3.6456332206726074 -47.926753997802734 0
vertex -3.817840814590454 -47.96100997924805 1.7000000476837158
endloop
endfacet
facet normal 0 0 -1
outer loop
vertex -3.6456332206726074 -47.926753997802734 1.7000000476837158
vertex -3.817840814590454 -47.96100997924805 1.7000000476837158
vertex -3.6456332206726074 -47.09526062011719 1.7000000476837158
endloop
endfacet
facet normal 0 0 -1
outer loop
vertex -3.817840814590454 -47.96100997924805 1.7000000476837158
vertex -3.990048408508301 -47.926753997802734 1.7000000476837158
vertex -3.817840814590454 -47.06100845336914 1.7000000476837158
endloop
endfacet
facet normal -0.19507907200914795 -0.9807875181016781 0
outer loop
vertex -3.6456332206726074 -47.09526062011719 0
vertex -3.6456332206726074 -47.09526062011719 1.7000000476837158
vertex -3.817840814590454 -47.06100845336914 0
endloop
endfacet
facet normal -0.5555772839934787 -0.8314649009491799 0
outer loop
vertex -3.499642848968506 -47.19281005859375 0
vertex -3.499642848968506 -47.19281005859375 1.7000000476837158
vertex -3.6456332206726074 -47.09526062011719 0
endloop
endfacet
facet normal 0 0 -1
outer loop
vertex -3.990048408508301 -47.926753997802734 1.7000000476837158
vertex -4.136038780212402 -47.82920455932617 1.7000000476837158
vertex -3.990048408508301 -47.09526062011719 1.7000000476837158
endloop
endfacet
facet normal -0.9807850247417832 -0.1950916073086168 0
outer loop
vertex -3.402095079421997 -47.338802337646484 0
vertex -3.3678407669067383 -47.511009216308594 0
vertex -3.3678407669067383 -47.511009216308594 1.7000000476837158
endloop
endfacet
facet normal 0 0 -1
outer loop
vertex -4.136038780212402 -47.82920455932617 1.7000000476837158
vertex -4.23358678817749 -47.6832160949707 1.7000000476837158
vertex -4.136038780212402 -47.19281005859375 1.7000000476837158
endloop
endfacet
facet normal -0.83147264470564 -0.5555656946808436 0
outer loop
vertex -3.499642848968506 -47.19281005859375 0
vertex -3.402095079421997 -47.338802337646484 0
vertex -3.402095079421997 -47.338802337646484 1.7000000476837158
endloop
endfacet
facet normal 0.8314720174542991 -0.5555666334387602 0
outer loop
vertex -4.23358678817749 -47.338802337646484 1.7000000476837158
vertex -4.23358678817749 -47.338802337646484 0
vertex -4.136038780212402 -47.19281005859375 1.7000000476837158
endloop
endfacet
facet normal -0.5555772839934787 0.8314649009491799 0
outer loop
vertex -3.499642848968506 -47.82920455932617 1.7000000476837158
vertex -3.499642848968506 -47.82920455932617 0
vertex -3.6456332206726074 -47.926753997802734 1.7000000476837158
endloop
endfacet
facet normal -0.8314659387486268 0.555575730842218 0
outer loop
vertex -3.402095079421997 -47.6832160949707 1.7000000476837158
vertex -3.402095079421997 -47.6832160949707 0
vertex -3.499642848968506 -47.82920455932617 1.7000000476837158
endloop
endfacet
facet normal -0.9807850247417832 0.1950916073086168 0
outer loop
vertex -3.3678407669067383 -47.511009216308594 1.7000000476837158
vertex -3.3678407669067383 -47.511009216308594 0
vertex -3.402095079421997 -47.6832160949707 1.7000000476837158
endloop
endfacet
facet normal 0.9807852845629332 -0.19509030110388895 0
outer loop
vertex -4.26784086227417 -47.511009216308594 1.7000000476837158
vertex -4.26784086227417 -47.511009216308594 0
vertex -4.23358678817749 -47.338802337646484 1.7000000476837158
endloop
endfacet
facet normal 0 0 -1
outer loop
vertex -3.3678407669067383 -47.511009216308594 1.7000000476837158
vertex -3.402095079421997 -47.6832160949707 1.7000000476837158
vertex -3.402095079421997 -47.338802337646484 1.7000000476837158
endloop
endfacet
facet normal 0 0 -1
outer loop
vertex -3.499642848968506 -47.19281005859375 1.7000000476837158
vertex -3.402095079421997 -47.338802337646484 1.7000000476837158
vertex -3.499642848968506 -47.82920455932617 1.7000000476837158
endloop
endfacet
facet normal 0 0 -1
outer loop
vertex -3.499642848968506 -47.19281005859375 1.7000000476837158
vertex -3.6456332206726074 -47.926753997802734 1.7000000476837158
vertex -3.6456332206726074 -47.09526062011719 1.7000000476837158
endloop
endfacet
facet normal 0 0 -1
outer loop
vertex -3.6456332206726074 -47.09526062011719 1.7000000476837158
vertex -3.817840814590454 -47.96100997924805 1.7000000476837158
vertex -3.817840814590454 -47.06100845336914 1.7000000476837158
endloop
endfacet
facet normal 0 0 -1
outer loop
vertex -3.817840814590454 -47.06100845336914 1.7000000476837158
vertex -3.990048408508301 -47.926753997802734 1.7000000476837158
vertex -3.990048408508301 -47.09526062011719 1.7000000476837158
endloop
endfacet
facet normal 0 0 -1
outer loop
vertex -3.990048408508301 -47.09526062011719 1.7000000476837158
vertex -4.136038780212402 -47.82920455932617 1.7000000476837158
vertex -4.136038780212402 -47.19281005859375 1.7000000476837158
endloop
endfacet
facet normal 0 0 -1
outer loop
vertex -4.136038780212402 -47.19281005859375 1.7000000476837158
vertex -4.23358678817749 -47.6832160949707 1.7000000476837158
vertex -4.23358678817749 -47.338802337646484 1.7000000476837158
endloop
endfacet
facet normal 0 0 -1
outer loop
vertex -4.23358678817749 -47.6832160949707 1.7000000476837158
vertex -4.26784086227417 -47.511009216308594 1.7000000476837158
vertex -4.23358678817749 -47.338802337646484 1.7000000476837158
endloop
endfacet
facet normal 0 0 -1
outer loop
vertex -3.402095079421997 -47.6832160949707 1.7000000476837158
vertex -3.499642848968506 -47.82920455932617 1.7000000476837158
vertex -3.402095079421997 -47.338802337646484 1.7000000476837158
endloop
endfacet
facet normal 0.5555772839934787 0.8314649009491799 0
outer loop
vertex -3.990048408508301 -47.926753997802734 0
vertex -4.136038780212402 -47.82920455932617 0
vertex -4.136038780212402 -47.82920455932617 1.7000000476837158
endloop
endfacet
facet normal -0.9807850247417832 -0.1950916073086168 0
outer loop
vertex -3.402095079421997 -46.06880187988281 1.7000000476837158
vertex -3.402095079421997 -46.06880187988281 0
vertex -3.3678407669067383 -46.24100875854492 1.7000000476837158
endloop
endfacet
facet normal -0.83147264470564 -0.5555656946808436 0
outer loop
vertex -3.499642848968506 -45.92280960083008 1.7000000476837158
vertex -3.499642848968506 -45.92280960083008 0
vertex -3.402095079421997 -46.06880187988281 1.7000000476837158
endloop
endfacet
facet normal -0.5555622638012966 -0.8314749371087372 0
outer loop
vertex -3.6456332206726074 -45.82526397705078 1.7000000476837158
vertex -3.6456332206726074 -45.82526397705078 0
vertex -3.499642848968506 -45.92280960083008 1.7000000476837158
endloop
endfacet
facet normal -0.9807850247417832 0.1950916073086168 0
outer loop
vertex -3.3678407669067383 -46.24100875854492 1.7000000476837158
vertex -3.3678407669067383 -46.24100875854492 0
vertex -3.402095079421997 -46.41321563720703 1.7000000476837158
endloop
endfacet
facet normal -0.83147264470564 0.5555656946808436 0
outer loop
vertex -3.402095079421997 -46.41321563720703 1.7000000476837158
vertex -3.402095079421997 -46.41321563720703 0
vertex -3.499642848968506 -46.559207916259766 1.7000000476837158
endloop
endfacet
facet normal 0.19509997121620473 -0.9807833610086563 0
outer loop
vertex -3.990048408508301 -45.82526397705078 1.7000000476837158
vertex -3.990048408508301 -45.82526397705078 0
vertex -3.817840814590454 -45.79100799560547 1.7000000476837158
endloop
endfacet
facet normal 0.5555622638012966 -0.8314749371087372 0
outer loop
vertex -4.136038780212402 -45.92280960083008 1.7000000476837158
vertex -4.136038780212402 -45.92280960083008 0
vertex -3.990048408508301 -45.82526397705078 1.7000000476837158
endloop
endfacet
facet normal 0.8314720174542991 -0.5555666334387602 0
outer loop
vertex -4.23358678817749 -46.06880187988281 1.7000000476837158
vertex -4.23358678817749 -46.06880187988281 0
vertex -4.136038780212402 -45.92280960083008 1.7000000476837158
endloop
endfacet
facet normal 0.9807852845629332 -0.19509030110388895 0
outer loop
vertex -4.26784086227417 -46.24100875854492 1.7000000476837158
vertex -4.26784086227417 -46.24100875854492 0
vertex -4.23358678817749 -46.06880187988281 1.7000000476837158
endloop
endfacet
facet normal 0.9807852845629332 0.19509030110388895 0
outer loop
vertex -4.23358678817749 -46.41321563720703 1.7000000476837158
vertex -4.23358678817749 -46.41321563720703 0
vertex -4.26784086227417 -46.24100875854492 1.7000000476837158
endloop
endfacet
facet normal -0.5555622638012966 0.8314749371087372 0
outer loop
vertex -3.499642848968506 -46.559207916259766 1.7000000476837158
vertex -3.499642848968506 -46.559207916259766 0
vertex -3.6456332206726074 -46.65675354003906 1.7000000476837158
endloop
endfacet
facet normal -0.19509997121620473 0.9807833610086563 0
outer loop
vertex -3.6456332206726074 -46.65675354003906 1.7000000476837158
vertex -3.6456332206726074 -46.65675354003906 0
vertex -3.817840814590454 -46.691009521484375 1.7000000476837158
endloop
endfacet
facet normal 0.19509997121620473 0.9807833610086563 0
outer loop
vertex -3.817840814590454 -46.691009521484375 1.7000000476837158
vertex -3.817840814590454 -46.691009521484375 0
vertex -3.990048408508301 -46.65675354003906 1.7000000476837158
endloop
endfacet
facet normal 0.5555622638012966 0.8314749371087372 0
outer loop
vertex -3.990048408508301 -46.65675354003906 1.7000000476837158
vertex -3.990048408508301 -46.65675354003906 0
vertex -4.136038780212402 -46.559207916259766 1.7000000476837158
endloop
endfacet
facet normal 0.8314720174542991 0.5555666334387602 0
outer loop
vertex -4.136038780212402 -46.559207916259766 1.7000000476837158
vertex -4.136038780212402 -46.559207916259766 0
vertex -4.23358678817749 -46.41321563720703 1.7000000476837158
endloop
endfacet
facet normal 0 0 -1
outer loop
vertex -4.23358678817749 -46.41321563720703 1.7000000476837158
vertex -4.26784086227417 -46.24100875854492 1.7000000476837158
vertex -4.23358678817749 -46.06880187988281 1.7000000476837158
endloop
endfacet
facet normal 0 0 -1
outer loop
vertex -4.136038780212402 -46.559207916259766 1.7000000476837158
vertex -4.23358678817749 -46.41321563720703 1.7000000476837158
vertex -4.136038780212402 -45.92280960083008 1.7000000476837158
endloop
endfacet
facet normal 0 0 -1
outer loop
vertex -4.136038780212402 -45.92280960083008 1.7000000476837158
vertex -4.23358678817749 -46.41321563720703 1.7000000476837158
vertex -4.23358678817749 -46.06880187988281 1.7000000476837158
endloop
endfacet
facet normal 0 0 -1
outer loop
vertex -3.990048408508301 -46.65675354003906 1.7000000476837158
vertex -4.136038780212402 -46.559207916259766 1.7000000476837158
vertex -3.990048408508301 -45.82526397705078 1.7000000476837158
endloop
endfacet
facet normal 0 0 -1
outer loop
vertex -3.817840814590454 -46.691009521484375 1.7000000476837158
vertex -3.990048408508301 -46.65675354003906 1.7000000476837158
vertex -3.817840814590454 -45.79100799560547 1.7000000476837158
endloop
endfacet
facet normal 0 0 -1
outer loop
vertex -3.990048408508301 -45.82526397705078 1.7000000476837158
vertex -4.136038780212402 -46.559207916259766 1.7000000476837158
vertex -4.136038780212402 -45.92280960083008 1.7000000476837158
endloop
endfacet
facet normal 0 0 -1
outer loop
vertex -3.817840814590454 -45.79100799560547 1.7000000476837158
vertex -3.990048408508301 -46.65675354003906 1.7000000476837158
vertex -3.990048408508301 -45.82526397705078 1.7000000476837158
endloop
endfacet
facet normal 0 0 -1
outer loop
vertex -3.6456332206726074 -46.65675354003906 1.7000000476837158
vertex -3.817840814590454 -46.691009521484375 1.7000000476837158
vertex -3.6456332206726074 -45.82526397705078 1.7000000476837158
endloop
endfacet
facet normal 0 0 -1
outer loop
vertex -3.499642848968506 -46.559207916259766 1.7000000476837158
vertex -3.6456332206726074 -46.65675354003906 1.7000000476837158
vertex -3.499642848968506 -45.92280960083008 1.7000000476837158
endloop
endfacet
facet normal 0 0 -1
outer loop
vertex -3.6456332206726074 -45.82526397705078 1.7000000476837158
vertex -3.817840814590454 -46.691009521484375 1.7000000476837158
vertex -3.817840814590454 -45.79100799560547 1.7000000476837158
endloop
endfacet
facet normal 0 0 -1
outer loop
vertex -3.499642848968506 -45.92280960083008 1.7000000476837158
vertex -3.6456332206726074 -46.65675354003906 1.7000000476837158
vertex -3.6456332206726074 -45.82526397705078 1.7000000476837158
endloop
endfacet
facet normal 0 0 -1
outer loop
vertex -3.402095079421997 -46.41321563720703 1.7000000476837158
vertex -3.499642848968506 -46.559207916259766 1.7000000476837158
vertex -3.402095079421997 -46.06880187988281 1.7000000476837158
endloop
endfacet
facet normal 0 0 -1
outer loop
vertex -3.3678407669067383 -46.24100875854492 1.7000000476837158
vertex -3.402095079421997 -46.41321563720703 1.7000000476837158
vertex -3.402095079421997 -46.06880187988281 1.7000000476837158
endloop
endfacet
facet normal 0 0 -1
outer loop
vertex -3.499642848968506 -45.92280960083008 1.7000000476837158
vertex -3.402095079421997 -46.06880187988281 1.7000000476837158
vertex -3.499642848968506 -46.559207916259766 1.7000000476837158
endloop
endfacet
facet normal -0.5555622638012966 -0.8314749371087372 0
outer loop
vertex -3.499642848968506 -45.92280960083008 0
vertex -3.499642848968506 -45.92280960083008 1.7000000476837158
vertex -3.6456332206726074 -45.82526397705078 0
endloop
endfacet
facet normal -0.19509997121620473 -0.9807833610086563 0
outer loop
vertex -3.6456332206726074 -45.82526397705078 0
vertex -3.6456332206726074 -45.82526397705078 1.7000000476837158
vertex -3.817840814590454 -45.79100799560547 0
endloop
endfacet
facet normal -0.83147264470564 -0.5555656946808436 0
outer loop
vertex -3.499642848968506 -45.92280960083008 0
vertex -3.402095079421997 -46.06880187988281 0
vertex -3.402095079421997 -46.06880187988281 1.7000000476837158
endloop
endfacet
facet normal -0.9807850247417832 -0.1950916073086168 0
outer loop
vertex -3.402095079421997 -46.06880187988281 0
vertex -3.3678407669067383 -46.24100875854492 0
vertex -3.3678407669067383 -46.24100875854492 1.7000000476837158
endloop
endfacet
facet normal -0.9807850247417832 0.1950916073086168 0
outer loop
vertex -3.3678407669067383 -46.24100875854492 0
vertex -3.402095079421997 -46.41321563720703 0
vertex -3.402095079421997 -46.41321563720703 1.7000000476837158
endloop
endfacet
facet normal 0.19509997121620473 -0.9807833610086563 0
outer loop
vertex -3.817840814590454 -45.79100799560547 0
vertex -3.817840814590454 -45.79100799560547 1.7000000476837158
vertex -3.990048408508301 -45.82526397705078 0
endloop
endfacet
facet normal 0.5555622638012966 -0.8314749371087372 0
outer loop
vertex -3.990048408508301 -45.82526397705078 0
vertex -3.990048408508301 -45.82526397705078 1.7000000476837158
vertex -4.136038780212402 -45.92280960083008 0
endloop
endfacet
facet normal 0.8314720174542991 -0.5555666334387602 0
outer loop
vertex -4.136038780212402 -45.92280960083008 0
vertex -4.136038780212402 -45.92280960083008 1.7000000476837158
vertex -4.23358678817749 -46.06880187988281 0
endloop
endfacet
facet normal 0.9807852845629332 -0.19509030110388895 0
outer loop
vertex -4.23358678817749 -46.06880187988281 0
vertex -4.23358678817749 -46.06880187988281 1.7000000476837158
vertex -4.26784086227417 -46.24100875854492 0
endloop
endfacet
facet normal 0.9807852845629332 0.19509030110388895 0
outer loop
vertex -4.23358678817749 -46.41321563720703 0
vertex -4.26784086227417 -46.24100875854492 0
vertex -4.26784086227417 -46.24100875854492 1.7000000476837158
endloop
endfacet
facet normal 0.8314720174542991 0.5555666334387602 0
outer loop
vertex -4.23358678817749 -46.41321563720703 0
vertex -4.23358678817749 -46.41321563720703 1.7000000476837158
vertex -4.136038780212402 -46.559207916259766 0
endloop
endfacet
facet normal -0.83147264470564 0.5555656946808436 0
outer loop
vertex -3.402095079421997 -46.41321563720703 0
vertex -3.499642848968506 -46.559207916259766 0
vertex -3.499642848968506 -46.559207916259766 1.7000000476837158
endloop
endfacet
facet normal -0.5555622638012966 0.8314749371087372 0
outer loop
vertex -3.499642848968506 -46.559207916259766 0
vertex -3.6456332206726074 -46.65675354003906 0
vertex -3.6456332206726074 -46.65675354003906 1.7000000476837158
endloop
endfacet
facet normal -0.19509997121620473 0.9807833610086563 0
outer loop
vertex -3.6456332206726074 -46.65675354003906 0
vertex -3.817840814590454 -46.691009521484375 0
vertex -3.817840814590454 -46.691009521484375 1.7000000476837158
endloop
endfacet
facet normal 0.19509997121620473 0.9807833610086563 0
outer loop
vertex -3.817840814590454 -46.691009521484375 0
vertex -3.990048408508301 -46.65675354003906 0
vertex -3.990048408508301 -46.65675354003906 1.7000000476837158
endloop
endfacet
facet normal 0.5555622638012966 0.8314749371087372 0
outer loop
vertex -3.990048408508301 -46.65675354003906 0
vertex -4.136038780212402 -46.559207916259766 0
vertex -4.136038780212402 -46.559207916259766 1.7000000476837158
endloop
endfacet
facet normal -0.19509997121620473 -0.9807833610086563 0
outer loop
vertex -3.817840814590454 -45.79100799560547 1.7000000476837158
vertex -3.817840814590454 -45.79100799560547 0
vertex -3.6456332206726074 -45.82526397705078 1.7000000476837158
endloop
endfacet
facet normal -0.8314707629512766 0.5555685109482196 0
outer loop
vertex 15.597613334655762 -46.41321563720703 0
vertex 15.500064849853516 -46.559207916259766 0
vertex 15.500064849853516 -46.559207916259766 1.7000000476837158
endloop
endfacet
facet normal 0.8314732719568675 0.5555647559208026 0
outer loop
vertex 14.863669395446777 -46.559207916259766 0
vertex 14.766121864318848 -46.41321563720703 0
vertex 14.766121864318848 -46.41321563720703 1.7000000476837158
endloop
endfacet
facet normal 0.9807842452687219 0.1950955259165719 0
outer loop
vertex 14.766121864318848 -46.41321563720703 1.7000000476837158
vertex 14.766121864318848 -46.41321563720703 0
vertex 14.731866836547852 -46.24100875854492 1.7000000476837158
endloop
endfacet
facet normal -0.5555622638012966 0.8314749371087372 0
outer loop
vertex 15.500064849853516 -46.559207916259766 1.7000000476837158
vertex 15.500064849853516 -46.559207916259766 0
vertex 15.354074478149414 -46.65675354003906 1.7000000476837158
endloop
endfacet
facet normal 0.5555622638012966 -0.8314749371087372 0
outer loop
vertex 14.863669395446777 -45.92280960083008 1.7000000476837158
vertex 14.863669395446777 -45.92280960083008 0
vertex 15.009659767150879 -45.82526397705078 1.7000000476837158
endloop
endfacet
facet normal 0.19509971138541468 -0.9807834126948354 0
outer loop
vertex 15.009659767150879 -45.82526397705078 1.7000000476837158
vertex 15.009659767150879 -45.82526397705078 0
vertex 15.181867599487305 -45.79100799560547 1.7000000476837158
endloop
endfacet
facet normal -0.1951007507126451 -0.9807832059488795 0
outer loop
vertex 15.181867599487305 -45.79100799560547 1.7000000476837158
vertex 15.181867599487305 -45.79100799560547 0
vertex 15.354074478149414 -45.82526397705078 1.7000000476837158
endloop
endfacet
facet normal -0.5555622638012966 -0.8314749371087372 0
outer loop
vertex 15.354074478149414 -45.82526397705078 1.7000000476837158
vertex 15.354074478149414 -45.82526397705078 0
vertex 15.500064849853516 -45.92280960083008 1.7000000476837158
endloop
endfacet
facet normal -0.8314707629512766 0.5555685109482196 0
outer loop
vertex 15.597613334655762 -46.41321563720703 1.7000000476837158
vertex 15.597613334655762 -46.41321563720703 0
vertex 15.500064849853516 -46.559207916259766 1.7000000476837158
endloop
endfacet
facet normal -0.5555622638012966 -0.8314749371087372 0
outer loop
vertex 15.500064849853516 -45.92280960083008 0
vertex 15.500064849853516 -45.92280960083008 1.7000000476837158
vertex 15.354074478149414 -45.82526397705078 0
endloop
endfacet
facet normal -0.1951007507126451 0.9807832059488795 0
outer loop
vertex 15.354074478149414 -46.65675354003906 1.7000000476837158
vertex 15.354074478149414 -46.65675354003906 0
vertex 15.181867599487305 -46.691009521484375 1.7000000476837158
endloop
endfacet
facet normal 0.19509971138541468 0.9807834126948354 0
outer loop
vertex 15.181867599487305 -46.691009521484375 1.7000000476837158
vertex 15.181867599487305 -46.691009521484375 0
vertex 15.009659767150879 -46.65675354003906 1.7000000476837158
endloop
endfacet
facet normal 0.5555622638012966 0.8314749371087372 0
outer loop
vertex 15.009659767150879 -46.65675354003906 1.7000000476837158
vertex 15.009659767150879 -46.65675354003906 0
vertex 14.863669395446777 -46.559207916259766 1.7000000476837158
endloop
endfacet
facet normal 0.8314732719568675 0.5555647559208026 0
outer loop
vertex 14.863669395446777 -46.559207916259766 1.7000000476837158
vertex 14.863669395446777 -46.559207916259766 0
vertex 14.766121864318848 -46.41321563720703 1.7000000476837158
endloop
endfacet
facet normal -0.8314707629512766 -0.5555685109482196 0
outer loop
vertex 15.597613334655762 -46.06880187988281 0
vertex 15.597613334655762 -46.06880187988281 1.7000000476837158
vertex 15.500064849853516 -45.92280960083008 0
endloop
endfacet
facet normal -0.9807852845629332 -0.19509030110388895 0
outer loop
vertex 15.631867408752441 -46.24100875854492 0
vertex 15.631867408752441 -46.24100875854492 1.7000000476837158
vertex 15.597613334655762 -46.06880187988281 0
endloop
endfacet
facet normal -0.9807852845629332 0.19509030110388895 0
outer loop
vertex 15.631867408752441 -46.24100875854492 0
vertex 15.597613334655762 -46.41321563720703 0
vertex 15.597613334655762 -46.41321563720703 1.7000000476837158
endloop
endfacet
facet normal -0.1951007507126451 -0.9807832059488795 0
outer loop
vertex 15.354074478149414 -45.82526397705078 0
vertex 15.354074478149414 -45.82526397705078 1.7000000476837158
vertex 15.181867599487305 -45.79100799560547 0
endloop
endfacet
facet normal 0.19509971138541468 -0.9807834126948354 0
outer loop
vertex 15.181867599487305 -45.79100799560547 0
vertex 15.181867599487305 -45.79100799560547 1.7000000476837158
vertex 15.009659767150879 -45.82526397705078 0
endloop
endfacet
facet normal 0.5555622638012966 -0.8314749371087372 0
outer loop
vertex 15.009659767150879 -45.82526397705078 0
vertex 15.009659767150879 -45.82526397705078 1.7000000476837158
vertex 14.863669395446777 -45.92280960083008 0
endloop
endfacet
facet normal 0.8314732719568675 -0.5555647559208026 0
outer loop
vertex 14.863669395446777 -45.92280960083008 0
vertex 14.863669395446777 -45.92280960083008 1.7000000476837158
vertex 14.766121864318848 -46.06880187988281 0
endloop
endfacet
facet normal -0.9807852845629332 0.19509030110388895 0
outer loop
vertex 15.631867408752441 -46.24100875854492 1.7000000476837158
vertex 15.631867408752441 -46.24100875854492 0
vertex 15.597613334655762 -46.41321563720703 1.7000000476837158
endloop
endfacet
facet normal -0.8314707629512766 -0.5555685109482196 0
outer loop
vertex 15.500064849853516 -45.92280960083008 1.7000000476837158
vertex 15.500064849853516 -45.92280960083008 0
vertex 15.597613334655762 -46.06880187988281 1.7000000476837158
endloop
endfacet
facet normal -0.9807852845629332 -0.19509030110388895 0
outer loop
vertex 15.597613334655762 -46.06880187988281 1.7000000476837158
vertex 15.597613334655762 -46.06880187988281 0
vertex 15.631867408752441 -46.24100875854492 1.7000000476837158
endloop
endfacet
facet normal -0.5555622638012966 0.8314749371087372 0
outer loop
vertex 15.500064849853516 -46.559207916259766 0
vertex 15.354074478149414 -46.65675354003906 0
vertex 15.354074478149414 -46.65675354003906 1.7000000476837158
endloop
endfacet
facet normal -0.1951007507126451 0.9807832059488795 0
outer loop
vertex 15.354074478149414 -46.65675354003906 0
vertex 15.181867599487305 -46.691009521484375 0
vertex 15.181867599487305 -46.691009521484375 1.7000000476837158
endloop
endfacet
facet normal 0.19509971138541468 0.9807834126948354 0
outer loop
vertex 15.181867599487305 -46.691009521484375 0
vertex 15.009659767150879 -46.65675354003906 0
vertex 15.009659767150879 -46.65675354003906 1.7000000476837158
endloop
endfacet
facet normal 0.5555622638012966 0.8314749371087372 0
outer loop
vertex 15.009659767150879 -46.65675354003906 0
vertex 14.863669395446777 -46.559207916259766 0
vertex 14.863669395446777 -46.559207916259766 1.7000000476837158
endloop
endfacet
facet normal 0.9807842452687219 -0.1950955259165719 0
outer loop
vertex 14.766121864318848 -46.06880187988281 0
vertex 14.766121864318848 -46.06880187988281 1.7000000476837158
vertex 14.731866836547852 -46.24100875854492 0
endloop
endfacet
facet normal 0 0 -1
outer loop
vertex 15.500064849853516 -45.92280960083008 1.7000000476837158
vertex 15.597613334655762 -46.06880187988281 1.7000000476837158
vertex 15.500064849853516 -46.559207916259766 1.7000000476837158
endloop
endfacet
facet normal 0 0 -1
outer loop
vertex 15.631867408752441 -46.24100875854492 1.7000000476837158
vertex 15.597613334655762 -46.41321563720703 1.7000000476837158
vertex 15.597613334655762 -46.06880187988281 1.7000000476837158
endloop
endfacet
facet normal 0 0 -1
outer loop
vertex 15.597613334655762 -46.41321563720703 1.7000000476837158
vertex 15.500064849853516 -46.559207916259766 1.7000000476837158
vertex 15.597613334655762 -46.06880187988281 1.7000000476837158
endloop
endfacet
facet normal 0 0 -1
outer loop
vertex 15.500064849853516 -46.559207916259766 1.7000000476837158
vertex 15.354074478149414 -46.65675354003906 1.7000000476837158
vertex 15.500064849853516 -45.92280960083008 1.7000000476837158
endloop
endfacet
facet normal 0 0 -1
outer loop
vertex 15.354074478149414 -45.82526397705078 1.7000000476837158
vertex 15.500064849853516 -45.92280960083008 1.7000000476837158
vertex 15.354074478149414 -46.65675354003906 1.7000000476837158
endloop
endfacet
facet normal 0 0 -1
outer loop
vertex 15.354074478149414 -45.82526397705078 1.7000000476837158
vertex 15.181867599487305 -46.691009521484375 1.7000000476837158
vertex 15.181867599487305 -45.79100799560547 1.7000000476837158
endloop
endfacet
facet normal 0 0 -1
outer loop
vertex 15.354074478149414 -46.65675354003906 1.7000000476837158
vertex 15.181867599487305 -46.691009521484375 1.7000000476837158
vertex 15.354074478149414 -45.82526397705078 1.7000000476837158
endloop
endfacet
facet normal 0 0 -1
outer loop
vertex 15.181867599487305 -46.691009521484375 1.7000000476837158
vertex 15.009659767150879 -46.65675354003906 1.7000000476837158
vertex 15.181867599487305 -45.79100799560547 1.7000000476837158
endloop
endfacet
facet normal 0 0 -1
outer loop
vertex 15.009659767150879 -46.65675354003906 1.7000000476837158
vertex 15.009659767150879 -45.82526397705078 1.7000000476837158
vertex 15.181867599487305 -45.79100799560547 1.7000000476837158
endloop
endfacet
facet normal 0 0 -1
outer loop
vertex 15.009659767150879 -45.82526397705078 1.7000000476837158
vertex 14.863669395446777 -46.559207916259766 1.7000000476837158
vertex 14.863669395446777 -45.92280960083008 1.7000000476837158
endloop
endfacet
facet normal 0 0 -1
outer loop
vertex 15.009659767150879 -46.65675354003906 1.7000000476837158
vertex 14.863669395446777 -46.559207916259766 1.7000000476837158
vertex 15.009659767150879 -45.82526397705078 1.7000000476837158
endloop
endfacet
facet normal 0 0 -1
outer loop
vertex 14.863669395446777 -46.559207916259766 1.7000000476837158
vertex 14.766121864318848 -46.41321563720703 1.7000000476837158
vertex 14.863669395446777 -45.92280960083008 1.7000000476837158
endloop
endfacet
facet normal 0.9807842452687219 0.1950955259165719 0
outer loop
vertex 14.731866836547852 -46.24100875854492 0
vertex 14.731866836547852 -46.24100875854492 1.7000000476837158
vertex 14.766121864318848 -46.41321563720703 0
endloop
endfacet
facet normal 0 0 -1
outer loop
vertex 14.766121864318848 -46.41321563720703 1.7000000476837158
vertex 14.766121864318848 -46.06880187988281 1.7000000476837158
vertex 14.863669395446777 -45.92280960083008 1.7000000476837158
endloop
endfacet
facet normal 0 0 -1
outer loop
vertex 14.766121864318848 -46.41321563720703 1.7000000476837158
vertex 14.731866836547852 -46.24100875854492 1.7000000476837158
vertex 14.766121864318848 -46.06880187988281 1.7000000476837158
endloop
endfacet
facet normal 0.8314732719568675 -0.5555647559208026 0
outer loop
vertex 14.766121864318848 -46.06880187988281 1.7000000476837158
vertex 14.766121864318848 -46.06880187988281 0
vertex 14.863669395446777 -45.92280960083008 1.7000000476837158
endloop
endfacet
facet normal 0.9807842452687219 -0.1950955259165719 0
outer loop
vertex 14.731866836547852 -46.24100875854492 1.7000000476837158
vertex 14.731866836547852 -46.24100875854492 0
vertex 14.766121864318848 -46.06880187988281 1.7000000476837158
endloop
endfacet
facet normal 0.9807842452687219 -0.1950955259165719 0
outer loop
vertex 14.766121864318848 -47.338802337646484 0
vertex 14.766121864318848 -47.338802337646484 1.7000000476837158
vertex 14.731866836547852 -47.511009216308594 0
endloop
endfacet
facet normal 0 0 -1
outer loop
vertex 14.766121864318848 -47.6832160949707 1.7000000476837158
vertex 14.766121864318848 -47.338802337646484 1.7000000476837158
vertex 14.863669395446777 -47.19281005859375 1.7000000476837158
endloop
endfacet
facet normal 0.9807842452687219 0.1950955259165719 0
outer loop
vertex 14.731866836547852 -47.511009216308594 0
vertex 14.731866836547852 -47.511009216308594 1.7000000476837158
vertex 14.766121864318848 -47.6832160949707 0
endloop
endfacet
facet normal 0 0 -1
outer loop
vertex 15.500064849853516 -47.19281005859375 1.7000000476837158
vertex 15.597613334655762 -47.338802337646484 1.7000000476837158
vertex 15.500064849853516 -47.82920455932617 1.7000000476837158
endloop
endfacet
facet normal 0 0 -1
outer loop
vertex 15.631867408752441 -47.511009216308594 1.7000000476837158
vertex 15.597613334655762 -47.6832160949707 1.7000000476837158
vertex 15.597613334655762 -47.338802337646484 1.7000000476837158
endloop
endfacet
facet normal 0.5555772839934787 0.8314649009491799 0
outer loop
vertex 15.009659767150879 -47.926753997802734 1.7000000476837158
vertex 15.009659767150879 -47.926753997802734 0
vertex 14.863669395446777 -47.82920455932617 1.7000000476837158
endloop
endfacet
facet normal 0 0 -1
outer loop
vertex 15.500064849853516 -47.19281005859375 1.7000000476837158
vertex 15.354074478149414 -47.926753997802734 1.7000000476837158
vertex 15.354074478149414 -47.09526062011719 1.7000000476837158
endloop
endfacet
facet normal 0 0 -1
outer loop
vertex 15.354074478149414 -47.09526062011719 1.7000000476837158
vertex 15.181867599487305 -47.96100997924805 1.7000000476837158
vertex 15.181867599487305 -47.06100845336914 1.7000000476837158
endloop
endfacet
facet normal 0 0 -1
outer loop
vertex 15.181867599487305 -47.06100845336914 1.7000000476837158
vertex 15.009659767150879 -47.926753997802734 1.7000000476837158
vertex 15.009659767150879 -47.09526062011719 1.7000000476837158
endloop
endfacet
facet normal 0 0 -1
outer loop
vertex 15.009659767150879 -47.09526062011719 1.7000000476837158
vertex 14.863669395446777 -47.82920455932617 1.7000000476837158
vertex 14.863669395446777 -47.19281005859375 1.7000000476837158
endloop
endfacet
facet normal 0 0 -1
outer loop
vertex 15.597613334655762 -47.6832160949707 1.7000000476837158
vertex 15.500064849853516 -47.82920455932617 1.7000000476837158
vertex 15.597613334655762 -47.338802337646484 1.7000000476837158
endloop
endfacet
facet normal 0 0 -1
outer loop
vertex 15.500064849853516 -47.82920455932617 1.7000000476837158
vertex 15.354074478149414 -47.926753997802734 1.7000000476837158
vertex 15.500064849853516 -47.19281005859375 1.7000000476837158
endloop
endfacet
facet normal 0 0 -1
outer loop
vertex 15.354074478149414 -47.926753997802734 1.7000000476837158
vertex 15.181867599487305 -47.96100997924805 1.7000000476837158
vertex 15.354074478149414 -47.09526062011719 1.7000000476837158
endloop
endfacet
facet normal 0 0 -1
outer loop
vertex 15.181867599487305 -47.96100997924805 1.7000000476837158
vertex 15.009659767150879 -47.926753997802734 1.7000000476837158
vertex 15.181867599487305 -47.06100845336914 1.7000000476837158
endloop
endfacet
facet normal 0 0 -1
outer loop
vertex 15.009659767150879 -47.926753997802734 1.7000000476837158
vertex 14.863669395446777 -47.82920455932617 1.7000000476837158
vertex 15.009659767150879 -47.09526062011719 1.7000000476837158
endloop
endfacet
facet normal 0 0 -1
outer loop
vertex 14.863669395446777 -47.82920455932617 1.7000000476837158
vertex 14.766121864318848 -47.6832160949707 1.7000000476837158
vertex 14.863669395446777 -47.19281005859375 1.7000000476837158
endloop
endfacet
facet normal 0.5555772839934787 0.8314649009491799 0
outer loop
vertex 14.863669395446777 -47.82920455932617 0
vertex 14.863669395446777 -47.82920455932617 1.7000000476837158
vertex 15.009659767150879 -47.926753997802734 0
endloop
endfacet
facet normal -0.1951007507126451 0.9807832059488795 0
outer loop
vertex 15.354074478149414 -47.926753997802734 0
vertex 15.181867599487305 -47.96100997924805 0
vertex 15.181867599487305 -47.96100997924805 1.7000000476837158
endloop
endfacet
facet normal -0.5555772839934787 0.8314649009491799 0
outer loop
vertex 15.500064849853516 -47.82920455932617 0
vertex 15.354074478149414 -47.926753997802734 0
vertex 15.354074478149414 -47.926753997802734 1.7000000476837158
endloop
endfacet
facet normal -0.8314640569414533 0.5555785471150407 0
outer loop
vertex 15.597613334655762 -47.6832160949707 0
vertex 15.500064849853516 -47.82920455932617 0
vertex 15.500064849853516 -47.82920455932617 1.7000000476837158
endloop
endfacet
facet normal -0.9807852845629332 0.19509030110388895 0
outer loop
vertex 15.631867408752441 -47.511009216308594 0
vertex 15.597613334655762 -47.6832160949707 0
vertex 15.597613334655762 -47.6832160949707 1.7000000476837158
endloop
endfacet
facet normal 0.8314732719568675 -0.5555647559208026 0
outer loop
vertex 14.863669395446777 -47.19281005859375 0
vertex 14.863669395446777 -47.19281005859375 1.7000000476837158
vertex 14.766121864318848 -47.338802337646484 0
endloop
endfacet
facet normal 0.5555772839934787 -0.8314649009491799 0
outer loop
vertex 15.009659767150879 -47.09526062011719 0
vertex 15.009659767150879 -47.09526062011719 1.7000000476837158
vertex 14.863669395446777 -47.19281005859375 0
endloop
endfacet
facet normal 0.1950788122039888 -0.9807875697770038 0
outer loop
vertex 15.181867599487305 -47.06100845336914 0
vertex 15.181867599487305 -47.06100845336914 1.7000000476837158
vertex 15.009659767150879 -47.09526062011719 0
endloop
endfacet
facet normal -0.1950798514286955 -0.9807873630744628 0
outer loop
vertex 15.354074478149414 -47.09526062011719 0
vertex 15.354074478149414 -47.09526062011719 1.7000000476837158
vertex 15.181867599487305 -47.06100845336914 0
endloop
endfacet
facet normal 0.8314665660174577 0.5555747920803612 0
outer loop
vertex 14.863669395446777 -47.82920455932617 1.7000000476837158
vertex 14.863669395446777 -47.82920455932617 0
vertex 14.766121864318848 -47.6832160949707 1.7000000476837158
endloop
endfacet
facet normal 0.19509971138541468 0.9807834126948354 0
outer loop
vertex 15.181867599487305 -47.96100997924805 1.7000000476837158
vertex 15.181867599487305 -47.96100997924805 0
vertex 15.009659767150879 -47.926753997802734 1.7000000476837158
endloop
endfacet
facet normal -0.1951007507126451 0.9807832059488795 0
outer loop
vertex 15.354074478149414 -47.926753997802734 1.7000000476837158
vertex 15.354074478149414 -47.926753997802734 0
vertex 15.181867599487305 -47.96100997924805 1.7000000476837158
endloop
endfacet
facet normal 0.8314665660174577 0.5555747920803612 0
outer loop
vertex 14.863669395446777 -47.82920455932617 0
vertex 14.766121864318848 -47.6832160949707 0
vertex 14.766121864318848 -47.6832160949707 1.7000000476837158
endloop
endfacet
facet normal -0.9807852845629332 -0.19509030110388895 0
outer loop
vertex 15.597613334655762 -47.338802337646484 0
vertex 15.631867408752441 -47.511009216308594 0
vertex 15.631867408752441 -47.511009216308594 1.7000000476837158
endloop
endfacet
facet normal -0.5555772839934787 -0.8314649009491799 0
outer loop
vertex 15.500064849853516 -47.19281005859375 0
vertex 15.500064849853516 -47.19281005859375 1.7000000476837158
vertex 15.354074478149414 -47.09526062011719 0
endloop
endfacet
facet normal -0.8314707629512766 -0.5555685109482196 0
outer loop
vertex 15.500064849853516 -47.19281005859375 0
vertex 15.597613334655762 -47.338802337646484 0
vertex 15.597613334655762 -47.338802337646484 1.7000000476837158
endloop
endfacet
facet normal -0.8314707629512766 -0.5555685109482196 0
outer loop
vertex 15.500064849853516 -47.19281005859375 1.7000000476837158
vertex 15.500064849853516 -47.19281005859375 0
vertex 15.597613334655762 -47.338802337646484 1.7000000476837158
endloop
endfacet
facet normal -0.5555772839934787 0.8314649009491799 0
outer loop
vertex 15.500064849853516 -47.82920455932617 1.7000000476837158
vertex 15.500064849853516 -47.82920455932617 0
vertex 15.354074478149414 -47.926753997802734 1.7000000476837158
endloop
endfacet
facet normal -0.8314640569414533 0.5555785471150407 0
outer loop
vertex 15.597613334655762 -47.6832160949707 1.7000000476837158
vertex 15.597613334655762 -47.6832160949707 0
vertex 15.500064849853516 -47.82920455932617 1.7000000476837158
endloop
endfacet
facet normal -0.9807852845629332 0.19509030110388895 0
outer loop
vertex 15.631867408752441 -47.511009216308594 1.7000000476837158
vertex 15.631867408752441 -47.511009216308594 0
vertex 15.597613334655762 -47.6832160949707 1.7000000476837158
endloop
endfacet
facet normal 0.5555772839934787 -0.8314649009491799 0
outer loop
vertex 14.863669395446777 -47.19281005859375 1.7000000476837158
vertex 14.863669395446777 -47.19281005859375 0
vertex 15.009659767150879 -47.09526062011719 1.7000000476837158
endloop
endfacet
facet normal 0.1950788122039888 -0.9807875697770038 0
outer loop
vertex 15.009659767150879 -47.09526062011719 1.7000000476837158
vertex 15.009659767150879 -47.09526062011719 0
vertex 15.181867599487305 -47.06100845336914 1.7000000476837158
endloop
endfacet
facet normal -0.1950798514286955 -0.9807873630744628 0
outer loop
vertex 15.181867599487305 -47.06100845336914 1.7000000476837158
vertex 15.181867599487305 -47.06100845336914 0
vertex 15.354074478149414 -47.09526062011719 1.7000000476837158
endloop
endfacet
facet normal -0.5555772839934787 -0.8314649009491799 0
outer loop
vertex 15.354074478149414 -47.09526062011719 1.7000000476837158
vertex 15.354074478149414 -47.09526062011719 0
vertex 15.500064849853516 -47.19281005859375 1.7000000476837158
endloop
endfacet
facet normal -0.9807852845629332 -0.19509030110388895 0
outer loop
vertex 15.597613334655762 -47.338802337646484 1.7000000476837158
vertex 15.597613334655762 -47.338802337646484 0
vertex 15.631867408752441 -47.511009216308594 1.7000000476837158
endloop
endfacet
facet normal 0.9807842452687219 0.1950955259165719 0
outer loop
vertex 14.766121864318848 -47.6832160949707 1.7000000476837158
vertex 14.766121864318848 -47.6832160949707 0
vertex 14.731866836547852 -47.511009216308594 1.7000000476837158
endloop
endfacet
facet normal 0.9807842452687219 -0.1950955259165719 0
outer loop
vertex 14.731866836547852 -47.511009216308594 1.7000000476837158
vertex 14.731866836547852 -47.511009216308594 0
vertex 14.766121864318848 -47.338802337646484 1.7000000476837158
endloop
endfacet
facet normal 0.8314732719568675 -0.5555647559208026 0
outer loop
vertex 14.766121864318848 -47.338802337646484 1.7000000476837158
vertex 14.766121864318848 -47.338802337646484 0
vertex 14.863669395446777 -47.19281005859375 1.7000000476837158
endloop
endfacet
facet normal 0.19509971138541468 0.9807834126948354 0
outer loop
vertex 15.181867599487305 -47.96100997924805 0
vertex 15.009659767150879 -47.926753997802734 0
vertex 15.009659767150879 -47.926753997802734 1.7000000476837158
endloop
endfacet
facet normal 0 0 -1
outer loop
vertex 14.766121864318848 -47.6832160949707 1.7000000476837158
vertex 14.731866836547852 -47.511009216308594 1.7000000476837158
vertex 14.766121864318848 -47.338802337646484 1.7000000476837158
endloop
endfacet
facet normal -0.5555772839934787 0.8314649009491799 0
outer loop
vertex 15.500064849853516 -49.099205017089844 1.7000000476837158
vertex 15.500064849853516 -49.099205017089844 0
vertex 15.354074478149414 -49.196754455566406 1.7000000476837158
endloop
endfacet
facet normal -0.9807852845629332 0.19509030110388895 0
outer loop
vertex 15.631867408752441 -48.781009674072266 0
vertex 15.597613334655762 -48.953216552734375 0
vertex 15.597613334655762 -48.953216552734375 1.7000000476837158
endloop
endfacet
facet normal 0.5555772839934787 0.8314649009491799 0
outer loop
vertex 15.009659767150879 -49.196754455566406 1.7000000476837158
vertex 15.009659767150879 -49.196754455566406 0
vertex 14.863669395446777 -49.099205017089844 1.7000000476837158
endloop
endfacet
facet normal 0 0 -1
outer loop
vertex 15.631867408752441 -48.781009674072266 1.7000000476837158
vertex 15.597613334655762 -48.953216552734375 1.7000000476837158
vertex 15.597613334655762 -48.60879898071289 1.7000000476837158
endloop
endfacet
facet normal 0.8314665660174577 0.5555747920803612 0
outer loop
vertex 14.863669395446777 -49.099205017089844 1.7000000476837158
vertex 14.863669395446777 -49.099205017089844 0
vertex 14.766121864318848 -48.953216552734375 1.7000000476837158
endloop
endfacet
facet normal -0.1950798514286955 0.9807873630744628 0
outer loop
vertex 15.354074478149414 -49.196754455566406 1.7000000476837158
vertex 15.354074478149414 -49.196754455566406 0
vertex 15.181867599487305 -49.23100662231445 1.7000000476837158
endloop
endfacet
facet normal 0.1950788122039888 0.9807875697770038 0
outer loop
vertex 15.181867599487305 -49.23100662231445 1.7000000476837158
vertex 15.181867599487305 -49.23100662231445 0
vertex 15.009659767150879 -49.196754455566406 1.7000000476837158
endloop
endfacet
facet normal -0.1950798514286955 -0.9807873630744628 0
outer loop
vertex 15.354074478149414 -48.36526107788086 0
vertex 15.354074478149414 -48.36526107788086 1.7000000476837158
vertex 15.181867599487305 -48.33100891113281 0
endloop
endfacet
facet normal 0 0 -1
outer loop
vertex 15.354074478149414 -48.36526107788086 1.7000000476837158
vertex 15.181867599487305 -49.23100662231445 1.7000000476837158
vertex 15.181867599487305 -48.33100891113281 1.7000000476837158
endloop
endfacet
facet normal 0.1950788122039888 -0.9807875697770038 0
outer loop
vertex 15.181867599487305 -48.33100891113281 0
vertex 15.181867599487305 -48.33100891113281 1.7000000476837158
vertex 15.009659767150879 -48.36526107788086 0
endloop
endfacet
facet normal -0.5555772839934787 -0.8314649009491799 0
outer loop
vertex 15.500064849853516 -48.46281051635742 0
vertex 15.500064849853516 -48.46281051635742 1.7000000476837158
vertex 15.354074478149414 -48.36526107788086 0
endloop
endfacet
facet normal 0 0 -1
outer loop
vertex 15.354074478149414 -49.196754455566406 1.7000000476837158
vertex 15.181867599487305 -49.23100662231445 1.7000000476837158
vertex 15.354074478149414 -48.36526107788086 1.7000000476837158
endloop
endfacet
facet normal 0 0 -1
outer loop
vertex 15.181867599487305 -49.23100662231445 1.7000000476837158
vertex 15.009659767150879 -49.196754455566406 1.7000000476837158
vertex 15.181867599487305 -48.33100891113281 1.7000000476837158
endloop
endfacet
facet normal -0.8314640569414533 -0.5555785471150407 0
outer loop
vertex 15.597613334655762 -48.60879898071289 0
vertex 15.597613334655762 -48.60879898071289 1.7000000476837158
vertex 15.500064849853516 -48.46281051635742 0
endloop
endfacet
facet normal 0.5555772839934787 -0.8314649009491799 0
outer loop
vertex 15.009659767150879 -48.36526107788086 0
vertex 15.009659767150879 -48.36526107788086 1.7000000476837158
vertex 14.863669395446777 -48.46281051635742 0
endloop
endfacet
facet normal 0.8314665660174577 -0.5555747920803612 0
outer loop
vertex 14.863669395446777 -48.46281051635742 0
vertex 14.863669395446777 -48.46281051635742 1.7000000476837158
vertex 14.766121864318848 -48.60879898071289 0
endloop
endfacet
facet normal -0.9807861114401027 -0.19508614406513386 0
outer loop
vertex 15.597613334655762 -48.60879898071289 0
vertex 15.631867408752441 -48.781009674072266 0
vertex 15.631867408752441 -48.781009674072266 1.7000000476837158
endloop
endfacet
facet normal 0 0 -1
outer loop
vertex 15.500064849853516 -49.099205017089844 1.7000000476837158
vertex 15.354074478149414 -49.196754455566406 1.7000000476837158
vertex 15.500064849853516 -48.46281051635742 1.7000000476837158
endloop
endfacet
facet normal 0 0 -1
outer loop
vertex 15.500064849853516 -49.099205017089844 1.7000000476837158
vertex 15.500064849853516 -48.46281051635742 1.7000000476837158
vertex 15.597613334655762 -48.60879898071289 1.7000000476837158
endloop
endfacet
facet normal 0 0 -1
outer loop
vertex 15.597613334655762 -48.953216552734375 1.7000000476837158
vertex 15.500064849853516 -49.099205017089844 1.7000000476837158
vertex 15.597613334655762 -48.60879898071289 1.7000000476837158
endloop
endfacet
facet normal 0.1950788122039888 0.9807875697770038 0
outer loop
vertex 15.181867599487305 -49.23100662231445 0
vertex 15.009659767150879 -49.196754455566406 0
vertex 15.009659767150879 -49.196754455566406 1.7000000476837158
endloop
endfacet
facet normal -0.8314640569414533 0.5555785471150407 0
outer loop
vertex 15.597613334655762 -48.953216552734375 1.7000000476837158
vertex 15.597613334655762 -48.953216552734375 0
vertex 15.500064849853516 -49.099205017089844 1.7000000476837158
endloop
endfacet
facet normal -0.9807852845629332 0.19509030110388895 0
outer loop
vertex 15.631867408752441 -48.781009674072266 1.7000000476837158
vertex 15.631867408752441 -48.781009674072266 0
vertex 15.597613334655762 -48.953216552734375 1.7000000476837158
endloop
endfacet
facet normal 0.8314665660174577 0.5555747920803612 0
outer loop
vertex 14.863669395446777 -49.099205017089844 0
vertex 14.766121864318848 -48.953216552734375 0
vertex 14.766121864318848 -48.953216552734375 1.7000000476837158
endloop
endfacet
facet normal 0.9807842452687219 0.1950955259165719 0
outer loop
vertex 14.731866836547852 -48.781009674072266 0
vertex 14.731866836547852 -48.781009674072266 1.7000000476837158
vertex 14.766121864318848 -48.953216552734375 0
endloop
endfacet
facet normal 0.9807850721893059 -0.19509136877529504 0
outer loop
vertex 14.766121864318848 -48.60879898071289 0
vertex 14.766121864318848 -48.60879898071289 1.7000000476837158
vertex 14.731866836547852 -48.781009674072266 0
endloop
endfacet
facet normal -0.8314640569414533 -0.5555785471150407 0
outer loop
vertex 15.500064849853516 -48.46281051635742 1.7000000476837158
vertex 15.500064849853516 -48.46281051635742 0
vertex 15.597613334655762 -48.60879898071289 1.7000000476837158
endloop
endfacet
facet normal -0.1950798514286955 -0.9807873630744628 0
outer loop
vertex 15.181867599487305 -48.33100891113281 1.7000000476837158
vertex 15.181867599487305 -48.33100891113281 0
vertex 15.354074478149414 -48.36526107788086 1.7000000476837158
endloop
endfacet
facet normal -0.5555772839934787 -0.8314649009491799 0
outer loop
vertex 15.354074478149414 -48.36526107788086 1.7000000476837158
vertex 15.354074478149414 -48.36526107788086 0
vertex 15.500064849853516 -48.46281051635742 1.7000000476837158
endloop
endfacet
facet normal 0.8314665660174577 -0.5555747920803612 0
outer loop
vertex 14.766121864318848 -48.60879898071289 1.7000000476837158
vertex 14.766121864318848 -48.60879898071289 0
vertex 14.863669395446777 -48.46281051635742 1.7000000476837158
endloop
endfacet
facet normal 0.9807850721893059 -0.19509136877529504 0
outer loop
vertex 14.731866836547852 -48.781009674072266 1.7000000476837158
vertex 14.731866836547852 -48.781009674072266 0
vertex 14.766121864318848 -48.60879898071289 1.7000000476837158
endloop
endfacet
facet normal 0.9807842452687219 0.1950955259165719 0
outer loop
vertex 14.766121864318848 -48.953216552734375 1.7000000476837158
vertex 14.766121864318848 -48.953216552734375 0
vertex 14.731866836547852 -48.781009674072266 1.7000000476837158
endloop
endfacet
facet normal 0 0 -1
outer loop
vertex 15.009659767150879 -49.196754455566406 1.7000000476837158
vertex 14.863669395446777 -49.099205017089844 1.7000000476837158
vertex 15.009659767150879 -48.36526107788086 1.7000000476837158
endloop
endfacet
facet normal 0 0 -1
outer loop
vertex 14.766121864318848 -48.953216552734375 1.7000000476837158
vertex 14.766121864318848 -48.60879898071289 1.7000000476837158
vertex 14.863669395446777 -48.46281051635742 1.7000000476837158
endloop
endfacet
facet normal 0 0 -1
outer loop
vertex 14.766121864318848 -48.953216552734375 1.7000000476837158
vertex 14.731866836547852 -48.781009674072266 1.7000000476837158
vertex 14.766121864318848 -48.60879898071289 1.7000000476837158
endloop
endfacet
facet normal 0 0 -1
outer loop
vertex 14.863669395446777 -49.099205017089844 1.7000000476837158
vertex 14.863669395446777 -48.46281051635742 1.7000000476837158
vertex 15.009659767150879 -48.36526107788086 1.7000000476837158
endloop
endfacet
facet normal -0.1950798514286955 0.9807873630744628 0
outer loop
vertex 15.354074478149414 -49.196754455566406 0
vertex 15.181867599487305 -49.23100662231445 0
vertex 15.181867599487305 -49.23100662231445 1.7000000476837158
endloop
endfacet
facet normal 0.5555772839934787 0.8314649009491799 0
outer loop
vertex 14.863669395446777 -49.099205017089844 0
vertex 14.863669395446777 -49.099205017089844 1.7000000476837158
vertex 15.009659767150879 -49.196754455566406 0
endloop
endfacet
facet normal 0.1950788122039888 -0.9807875697770038 0
outer loop
vertex 15.009659767150879 -48.36526107788086 1.7000000476837158
vertex 15.009659767150879 -48.36526107788086 0
vertex 15.181867599487305 -48.33100891113281 1.7000000476837158
endloop
endfacet
facet normal 0.5555772839934787 -0.8314649009491799 0
outer loop
vertex 14.863669395446777 -48.46281051635742 1.7000000476837158
vertex 14.863669395446777 -48.46281051635742 0
vertex 15.009659767150879 -48.36526107788086 1.7000000476837158
endloop
endfacet
facet normal -0.9807861114401027 -0.19508614406513386 0
outer loop
vertex 15.597613334655762 -48.60879898071289 1.7000000476837158
vertex 15.597613334655762 -48.60879898071289 0
vertex 15.631867408752441 -48.781009674072266 1.7000000476837158
endloop
endfacet
facet normal -0.5555772839934787 0.8314649009491799 0
outer loop
vertex 15.500064849853516 -49.099205017089844 0
vertex 15.354074478149414 -49.196754455566406 0
vertex 15.354074478149414 -49.196754455566406 1.7000000476837158
endloop
endfacet
facet normal 0 0 -1
outer loop
vertex 14.863669395446777 -49.099205017089844 1.7000000476837158
vertex 14.766121864318848 -48.953216552734375 1.7000000476837158
vertex 14.863669395446777 -48.46281051635742 1.7000000476837158
endloop
endfacet
facet normal 0 0 -1
outer loop
vertex 15.181867599487305 -48.33100891113281 1.7000000476837158
vertex 15.009659767150879 -49.196754455566406 1.7000000476837158
vertex 15.009659767150879 -48.36526107788086 1.7000000476837158
endloop
endfacet
facet normal -0.8314640569414533 0.5555785471150407 0
outer loop
vertex 15.597613334655762 -48.953216552734375 0
vertex 15.500064849853516 -49.099205017089844 0
vertex 15.500064849853516 -49.099205017089844 1.7000000476837158
endloop
endfacet
facet normal 0 0 -1
outer loop
vertex 15.354074478149414 -49.196754455566406 1.7000000476837158
vertex 15.354074478149414 -48.36526107788086 1.7000000476837158
vertex 15.500064849853516 -48.46281051635742 1.7000000476837158
endloop
endfacet
facet normal 0 0 -1
outer loop
vertex 14.766121864318848 -50.22321701049805 1.7000000476837158
vertex 14.731866836547852 -50.05100631713867 1.7000000476837158
vertex 14.766121864318848 -49.87879943847656 1.7000000476837158
endloop
endfacet
facet normal 0 0 -1
outer loop
vertex 14.863669395446777 -50.369205474853516 1.7000000476837158
vertex 14.766121864318848 -50.22321701049805 1.7000000476837158
vertex 14.863669395446777 -49.732810974121094 1.7000000476837158
endloop
endfacet
facet normal 0 0 -1
outer loop
vertex 15.009659767150879 -50.46675491333008 1.7000000476837158
vertex 14.863669395446777 -50.369205474853516 1.7000000476837158
vertex 15.009659767150879 -49.63526153564453 1.7000000476837158
endloop
endfacet
facet normal 0 0 -1
outer loop
vertex 15.009659767150879 -49.63526153564453 1.7000000476837158
vertex 14.863669395446777 -50.369205474853516 1.7000000476837158
vertex 14.863669395446777 -49.732810974121094 1.7000000476837158
endloop
endfacet
facet normal 0 0 -1
outer loop
vertex 15.009659767150879 -50.46675491333008 1.7000000476837158
vertex 15.009659767150879 -49.63526153564453 1.7000000476837158
vertex 15.181867599487305 -49.601009368896484 1.7000000476837158
endloop
endfacet
facet normal 0 0 -1
outer loop
vertex 15.181867599487305 -50.501007080078125 1.7000000476837158
vertex 15.009659767150879 -50.46675491333008 1.7000000476837158
vertex 15.181867599487305 -49.601009368896484 1.7000000476837158
endloop
endfacet
facet normal 0 0 -1
outer loop
vertex 15.354074478149414 -50.46675491333008 1.7000000476837158
vertex 15.181867599487305 -50.501007080078125 1.7000000476837158
vertex 15.354074478149414 -49.63526153564453 1.7000000476837158
endloop
endfacet
facet normal 0 0 -1
outer loop
vertex 15.354074478149414 -49.63526153564453 1.7000000476837158
vertex 15.181867599487305 -50.501007080078125 1.7000000476837158
vertex 15.181867599487305 -49.601009368896484 1.7000000476837158
endloop
endfacet
facet normal 0 0 -1
outer loop
vertex 15.354074478149414 -49.63526153564453 1.7000000476837158
vertex 15.500064849853516 -49.732810974121094 1.7000000476837158
vertex 15.354074478149414 -50.46675491333008 1.7000000476837158
endloop
endfacet
facet normal 0 0 -1
outer loop
vertex 15.500064849853516 -50.369205474853516 1.7000000476837158
vertex 15.354074478149414 -50.46675491333008 1.7000000476837158
vertex 15.500064849853516 -49.732810974121094 1.7000000476837158
endloop
endfacet
facet normal 0 0 -1
outer loop
vertex 15.500064849853516 -49.732810974121094 1.7000000476837158
vertex 15.597613334655762 -49.87879943847656 1.7000000476837158
vertex 15.500064849853516 -50.369205474853516 1.7000000476837158
endloop
endfacet
facet normal 0 0 -1
outer loop
vertex 15.597613334655762 -50.22321701049805 1.7000000476837158
vertex 15.500064849853516 -50.369205474853516 1.7000000476837158
vertex 15.597613334655762 -49.87879943847656 1.7000000476837158
endloop
endfacet
facet normal 0 0 -1
outer loop
vertex 14.766121864318848 -50.22321701049805 1.7000000476837158
vertex 14.766121864318848 -49.87879943847656 1.7000000476837158
vertex 14.863669395446777 -49.732810974121094 1.7000000476837158
endloop
endfacet
facet normal 0 0 -1
outer loop
vertex 15.631867408752441 -50.05100631713867 1.7000000476837158
vertex 15.597613334655762 -50.22321701049805 1.7000000476837158
vertex 15.597613334655762 -49.87879943847656 1.7000000476837158
endloop
endfacet
facet normal -0.5555772839934787 -0.8314649009491799 0
outer loop
vertex 15.354074478149414 -49.63526153564453 0
vertex 15.500064849853516 -49.732810974121094 0
vertex 15.500064849853516 -49.732810974121094 1.7000000476837158
endloop
endfacet
facet normal -0.1950798514286955 -0.9807873630744628 0
outer loop
vertex 15.354074478149414 -49.63526153564453 0
vertex 15.354074478149414 -49.63526153564453 1.7000000476837158
vertex 15.181867599487305 -49.601009368896484 0
endloop
endfacet
facet normal 0.9807850721893059 0.19509136877529504 0
outer loop
vertex 14.766121864318848 -50.22321701049805 1.7000000476837158
vertex 14.766121864318848 -50.22321701049805 0
vertex 14.731866836547852 -50.05100631713867 1.7000000476837158
endloop
endfacet
facet normal 0.9807842452687219 -0.1950955259165719 0
outer loop
vertex 14.731866836547852 -50.05100631713867 1.7000000476837158
vertex 14.731866836547852 -50.05100631713867 0
vertex 14.766121864318848 -49.87879943847656 1.7000000476837158
endloop
endfacet
facet normal -0.1950798514286955 -0.9807873630744628 0
outer loop
vertex 15.181867599487305 -49.601009368896484 1.7000000476837158
vertex 15.181867599487305 -49.601009368896484 0
vertex 15.354074478149414 -49.63526153564453 1.7000000476837158
endloop
endfacet
facet normal 0.1950788122039888 -0.9807875697770038 0
outer loop
vertex 15.009659767150879 -49.63526153564453 1.7000000476837158
vertex 15.009659767150879 -49.63526153564453 0
vertex 15.181867599487305 -49.601009368896484 1.7000000476837158
endloop
endfacet
facet normal 0.5555772839934787 -0.8314649009491799 0
outer loop
vertex 14.863669395446777 -49.732810974121094 1.7000000476837158
vertex 14.863669395446777 -49.732810974121094 0
vertex 15.009659767150879 -49.63526153564453 1.7000000476837158
endloop
endfacet
facet normal -0.9807852845629332 -0.19509030110388895 0
outer loop
vertex 15.597613334655762 -49.87879943847656 1.7000000476837158
vertex 15.597613334655762 -49.87879943847656 0
vertex 15.631867408752441 -50.05100631713867 1.7000000476837158
endloop
endfacet
facet normal 0.8314665660174577 -0.5555747920803612 0
outer loop
vertex 14.766121864318848 -49.87879943847656 1.7000000476837158
vertex 14.766121864318848 -49.87879943847656 0
vertex 14.863669395446777 -49.732810974121094 1.7000000476837158
endloop
endfacet
facet normal -0.9807861114401027 0.19508614406513386 0
outer loop
vertex 15.631867408752441 -50.05100631713867 1.7000000476837158
vertex 15.631867408752441 -50.05100631713867 0
vertex 15.597613334655762 -50.22321701049805 1.7000000476837158
endloop
endfacet
facet normal 0.9807842452687219 -0.1950955259165719 0
outer loop
vertex 14.766121864318848 -49.87879943847656 0
vertex 14.766121864318848 -49.87879943847656 1.7000000476837158
vertex 14.731866836547852 -50.05100631713867 0
endloop
endfacet
facet normal -0.8314640569414533 0.5555785471150407 0
outer loop
vertex 15.597613334655762 -50.22321701049805 1.7000000476837158
vertex 15.597613334655762 -50.22321701049805 0
vertex 15.500064849853516 -50.369205474853516 1.7000000476837158
endloop
endfacet
facet normal -0.5555772839934787 0.8314649009491799 0
outer loop
vertex 15.500064849853516 -50.369205474853516 1.7000000476837158
vertex 15.500064849853516 -50.369205474853516 0
vertex 15.354074478149414 -50.46675491333008 1.7000000476837158
endloop
endfacet
facet normal -0.1950798514286955 0.9807873630744628 0
outer loop
vertex 15.354074478149414 -50.46675491333008 1.7000000476837158
vertex 15.354074478149414 -50.46675491333008 0
vertex 15.181867599487305 -50.501007080078125 1.7000000476837158
endloop
endfacet
facet normal 0.1950788122039888 0.9807875697770038 0
outer loop
vertex 15.181867599487305 -50.501007080078125 1.7000000476837158
vertex 15.181867599487305 -50.501007080078125 0
vertex 15.009659767150879 -50.46675491333008 1.7000000476837158
endloop
endfacet
facet normal 0.5555772839934787 0.8314649009491799 0
outer loop
vertex 15.009659767150879 -50.46675491333008 1.7000000476837158
vertex 15.009659767150879 -50.46675491333008 0
vertex 14.863669395446777 -50.369205474853516 1.7000000476837158
endloop
endfacet
facet normal 0.8314665660174577 0.5555747920803612 0
outer loop
vertex 14.863669395446777 -50.369205474853516 1.7000000476837158
vertex 14.863669395446777 -50.369205474853516 0
vertex 14.766121864318848 -50.22321701049805 1.7000000476837158
endloop
endfacet
facet normal 0.1950788122039888 -0.9807875697770038 0
outer loop
vertex 15.181867599487305 -49.601009368896484 0
vertex 15.181867599487305 -49.601009368896484 1.7000000476837158
vertex 15.009659767150879 -49.63526153564453 0
endloop
endfacet
facet normal 0.5555772839934787 -0.8314649009491799 0
outer loop
vertex 15.009659767150879 -49.63526153564453 0
vertex 15.009659767150879 -49.63526153564453 1.7000000476837158
vertex 14.863669395446777 -49.732810974121094 0
endloop
endfacet
facet normal -0.8314640569414533 -0.5555785471150407 0
outer loop
vertex 15.597613334655762 -49.87879943847656 0
vertex 15.597613334655762 -49.87879943847656 1.7000000476837158
vertex 15.500064849853516 -49.732810974121094 0
endloop
endfacet
facet normal -0.9807852845629332 -0.19509030110388895 0
outer loop
vertex 15.597613334655762 -49.87879943847656 0
vertex 15.631867408752441 -50.05100631713867 0
vertex 15.631867408752441 -50.05100631713867 1.7000000476837158
endloop
endfacet
facet normal -0.9807861114401027 0.19508614406513386 0
outer loop
vertex 15.631867408752441 -50.05100631713867 0
vertex 15.597613334655762 -50.22321701049805 0
vertex 15.597613334655762 -50.22321701049805 1.7000000476837158
endloop
endfacet
facet normal -0.8314640569414533 0.5555785471150407 0
outer loop
vertex 15.597613334655762 -50.22321701049805 0
vertex 15.500064849853516 -50.369205474853516 0
vertex 15.500064849853516 -50.369205474853516 1.7000000476837158
endloop
endfacet
facet normal 0.8314665660174577 -0.5555747920803612 0
outer loop
vertex 14.863669395446777 -49.732810974121094 0
vertex 14.863669395446777 -49.732810974121094 1.7000000476837158
vertex 14.766121864318848 -49.87879943847656 0
endloop
endfacet
facet normal -0.5555772839934787 0.8314649009491799 0
outer loop
vertex 15.500064849853516 -50.369205474853516 0
vertex 15.354074478149414 -50.46675491333008 0
vertex 15.354074478149414 -50.46675491333008 1.7000000476837158
endloop
endfacet
facet normal 0.9807850721893059 0.19509136877529504 0
outer loop
vertex 14.731866836547852 -50.05100631713867 0
vertex 14.731866836547852 -50.05100631713867 1.7000000476837158
vertex 14.766121864318848 -50.22321701049805 0
endloop
endfacet
facet normal 0.8314665660174577 0.5555747920803612 0
outer loop
vertex 14.863669395446777 -50.369205474853516 0
vertex 14.766121864318848 -50.22321701049805 0
vertex 14.766121864318848 -50.22321701049805 1.7000000476837158
endloop
endfacet
facet normal -0.1950798514286955 0.9807873630744628 0
outer loop
vertex 15.354074478149414 -50.46675491333008 0
vertex 15.181867599487305 -50.501007080078125 0
vertex 15.181867599487305 -50.501007080078125 1.7000000476837158
endloop
endfacet
facet normal 0.1950788122039888 0.9807875697770038 0
outer loop
vertex 15.181867599487305 -50.501007080078125 0
vertex 15.009659767150879 -50.46675491333008 0
vertex 15.009659767150879 -50.46675491333008 1.7000000476837158
endloop
endfacet
facet normal 0.5555772839934787 0.8314649009491799 0
outer loop
vertex 15.009659767150879 -50.46675491333008 0
vertex 14.863669395446777 -50.369205474853516 0
vertex 14.863669395446777 -50.369205474853516 1.7000000476837158
endloop
endfacet
facet normal -0.5555772839934787 -0.8314649009491799 0
outer loop
vertex 15.354074478149414 -49.63526153564453 1.7000000476837158
vertex 15.354074478149414 -49.63526153564453 0
vertex 15.500064849853516 -49.732810974121094 1.7000000476837158
endloop
endfacet
facet normal -0.8314640569414533 -0.5555785471150407 0
outer loop
vertex 15.500064849853516 -49.732810974121094 1.7000000476837158
vertex 15.500064849853516 -49.732810974121094 0
vertex 15.597613334655762 -49.87879943847656 1.7000000476837158
endloop
endfacet
facet normal 0.8314665660174577 -0.5555747920803612 0
outer loop
vertex 14.863669395446777 -51.002811431884766 0
vertex 14.863669395446777 -51.002811431884766 1.7000000476837158
vertex 14.766121864318848 -51.148799896240234 0
endloop
endfacet
facet normal -0.1950798514286955 0.9807873630744628 0
outer loop
vertex 15.354074478149414 -51.73675537109375 0
vertex 15.181867599487305 -51.7710075378418 0
vertex 15.181867599487305 -51.7710075378418 1.7000000476837158
endloop
endfacet
facet normal 0.1950788122039888 0.9807875697770038 0
outer loop
vertex 15.181867599487305 -51.7710075378418 1.7000000476837158
vertex 15.181867599487305 -51.7710075378418 0
vertex 15.009659767150879 -51.73675537109375 1.7000000476837158
endloop
endfacet
facet normal 0.5555772839934787 0.8314649009491799 0
outer loop
vertex 15.009659767150879 -51.73675537109375 1.7000000476837158
vertex 15.009659767150879 -51.73675537109375 0
vertex 14.863669395446777 -51.63920593261719 1.7000000476837158
endloop
endfacet
facet normal -0.8314640569414533 0.5555785471150407 0
outer loop
vertex 15.597613334655762 -51.49321746826172 1.7000000476837158
vertex 15.597613334655762 -51.49321746826172 0
vertex 15.500064849853516 -51.63920593261719 1.7000000476837158
endloop
endfacet
facet normal 0.1950788122039888 0.9807875697770038 0
outer loop
vertex 15.181867599487305 -51.7710075378418 0
vertex 15.009659767150879 -51.73675537109375 0
vertex 15.009659767150879 -51.73675537109375 1.7000000476837158
endloop
endfacet
facet normal 0.5555772839934787 0.8314649009491799 0
outer loop
vertex 15.009659767150879 -51.73675537109375 0
vertex 14.863669395446777 -51.63920593261719 0
vertex 14.863669395446777 -51.63920593261719 1.7000000476837158
endloop
endfacet
facet normal -0.9807861114401027 0.19508614406513386 0
outer loop
vertex 15.631867408752441 -51.321006774902344 1.7000000476837158
vertex 15.631867408752441 -51.321006774902344 0
vertex 15.597613334655762 -51.49321746826172 1.7000000476837158
endloop
endfacet
facet normal 0.8314665660174577 0.5555747920803612 0
outer loop
vertex 14.863669395446777 -51.63920593261719 1.7000000476837158
vertex 14.863669395446777 -51.63920593261719 0
vertex 14.766121864318848 -51.49321746826172 1.7000000476837158
endloop
endfacet
facet normal -0.8314640569414533 -0.5555785471150407 0
outer loop
vertex 15.500064849853516 -51.002811431884766 1.7000000476837158
vertex 15.500064849853516 -51.002811431884766 0
vertex 15.597613334655762 -51.148799896240234 1.7000000476837158
endloop
endfacet
facet normal -0.9807852845629332 -0.19509030110388895 0
outer loop
vertex 15.597613334655762 -51.148799896240234 1.7000000476837158
vertex 15.597613334655762 -51.148799896240234 0
vertex 15.631867408752441 -51.321006774902344 1.7000000476837158
endloop
endfacet
facet normal -0.5555772839934787 0.8314649009491799 0
outer loop
vertex 15.500064849853516 -51.63920593261719 0
vertex 15.354074478149414 -51.73675537109375 0
vertex 15.354074478149414 -51.73675537109375 1.7000000476837158
endloop
endfacet
facet normal 0 0 -1
outer loop
vertex 15.500064849853516 -51.002811431884766 1.7000000476837158
vertex 15.597613334655762 -51.148799896240234 1.7000000476837158
vertex 15.500064849853516 -51.63920593261719 1.7000000476837158
endloop
endfacet
facet normal 0.5555772839934787 -0.8314649009491799 0
outer loop
vertex 14.863669395446777 -51.002811431884766 1.7000000476837158
vertex 14.863669395446777 -51.002811431884766 0
vertex 15.009659767150879 -50.9052619934082 1.7000000476837158
endloop
endfacet
facet normal 0.1950788122039888 -0.9807875697770038 0
outer loop
vertex 15.009659767150879 -50.9052619934082 1.7000000476837158
vertex 15.009659767150879 -50.9052619934082 0
vertex 15.181867599487305 -50.871009826660156 1.7000000476837158
endloop
endfacet
facet normal -0.1950798514286955 -0.9807873630744628 0
outer loop
vertex 15.181867599487305 -50.871009826660156 1.7000000476837158
vertex 15.181867599487305 -50.871009826660156 0
vertex 15.354074478149414 -50.9052619934082 1.7000000476837158
endloop
endfacet
facet normal -0.5555772839934787 -0.8314649009491799 0
outer loop
vertex 15.354074478149414 -50.9052619934082 1.7000000476837158
vertex 15.354074478149414 -50.9052619934082 0
vertex 15.500064849853516 -51.002811431884766 1.7000000476837158
endloop
endfacet
facet normal 0 0 -1
outer loop
vertex 15.631867408752441 -51.321006774902344 1.7000000476837158
vertex 15.597613334655762 -51.49321746826172 1.7000000476837158
vertex 15.597613334655762 -51.148799896240234 1.7000000476837158
endloop
endfacet
facet normal 0 0 -1
outer loop
vertex 15.597613334655762 -51.49321746826172 1.7000000476837158
vertex 15.500064849853516 -51.63920593261719 1.7000000476837158
vertex 15.597613334655762 -51.148799896240234 1.7000000476837158
endloop
endfacet
facet normal 0 0 -1
outer loop
vertex 14.766121864318848 -51.49321746826172 1.7000000476837158
vertex 14.766121864318848 -51.148799896240234 1.7000000476837158
vertex 14.863669395446777 -51.002811431884766 1.7000000476837158
endloop
endfacet
facet normal -0.5555772839934787 0.8314649009491799 0
outer loop
vertex 15.500064849853516 -51.63920593261719 1.7000000476837158
vertex 15.500064849853516 -51.63920593261719 0
vertex 15.354074478149414 -51.73675537109375 1.7000000476837158
endloop
endfacet
facet normal 0 0 -1
outer loop
vertex 14.766121864318848 -51.49321746826172 1.7000000476837158
vertex 14.731866836547852 -51.321006774902344 1.7000000476837158
vertex 14.766121864318848 -51.148799896240234 1.7000000476837158
endloop
endfacet
facet normal 0.9807850721893059 0.19509136877529504 0
outer loop
vertex 14.766121864318848 -51.49321746826172 1.7000000476837158
vertex 14.766121864318848 -51.49321746826172 0
vertex 14.731866836547852 -51.321006774902344 1.7000000476837158
endloop
endfacet
facet normal 0.9807842452687219 -0.1950955259165719 0
outer loop
vertex 14.731866836547852 -51.321006774902344 1.7000000476837158
vertex 14.731866836547852 -51.321006774902344 0
vertex 14.766121864318848 -51.148799896240234 1.7000000476837158
endloop
endfacet
facet normal 0.8314665660174577 -0.5555747920803612 0
outer loop
vertex 14.766121864318848 -51.148799896240234 1.7000000476837158
vertex 14.766121864318848 -51.148799896240234 0
vertex 14.863669395446777 -51.002811431884766 1.7000000476837158
endloop
endfacet
facet normal 0 0 -1
outer loop
vertex 15.500064849853516 -51.63920593261719 1.7000000476837158
vertex 15.354074478149414 -51.73675537109375 1.7000000476837158
vertex 15.500064849853516 -51.002811431884766 1.7000000476837158
endloop
endfacet
facet normal 0 0 -1
outer loop
vertex 15.354074478149414 -50.9052619934082 1.7000000476837158
vertex 15.500064849853516 -51.002811431884766 1.7000000476837158
vertex 15.354074478149414 -51.73675537109375 1.7000000476837158
endloop
endfacet
facet normal 0 0 -1
outer loop
vertex 15.354074478149414 -50.9052619934082 1.7000000476837158
vertex 15.181867599487305 -51.7710075378418 1.7000000476837158
vertex 15.181867599487305 -50.871009826660156 1.7000000476837158
endloop
endfacet
facet normal 0 0 -1
outer loop
vertex 15.181867599487305 -50.871009826660156 1.7000000476837158
vertex 15.009659767150879 -51.73675537109375 1.7000000476837158
vertex 15.009659767150879 -50.9052619934082 1.7000000476837158
endloop
endfacet
facet normal 0 0 -1
outer loop
vertex 15.009659767150879 -50.9052619934082 1.7000000476837158
vertex 14.863669395446777 -51.63920593261719 1.7000000476837158
vertex 14.863669395446777 -51.002811431884766 1.7000000476837158
endloop
endfacet
facet normal 0 0 -1
outer loop
vertex 15.354074478149414 -51.73675537109375 1.7000000476837158
vertex 15.181867599487305 -51.7710075378418 1.7000000476837158
vertex 15.354074478149414 -50.9052619934082 1.7000000476837158
endloop
endfacet
facet normal 0 0 -1
outer loop
vertex 15.181867599487305 -51.7710075378418 1.7000000476837158
vertex 15.009659767150879 -51.73675537109375 1.7000000476837158
vertex 15.181867599487305 -50.871009826660156 1.7000000476837158
endloop
endfacet
facet normal 0 0 -1
outer loop
vertex 15.009659767150879 -51.73675537109375 1.7000000476837158
vertex 14.863669395446777 -51.63920593261719 1.7000000476837158
vertex 15.009659767150879 -50.9052619934082 1.7000000476837158
endloop
endfacet
facet normal 0 0 -1
outer loop
vertex 14.863669395446777 -51.63920593261719 1.7000000476837158
vertex 14.766121864318848 -51.49321746826172 1.7000000476837158
vertex 14.863669395446777 -51.002811431884766 1.7000000476837158
endloop
endfacet
facet normal 0.9807842452687219 -0.1950955259165719 0
outer loop
vertex 14.766121864318848 -51.148799896240234 0
vertex 14.766121864318848 -51.148799896240234 1.7000000476837158
vertex 14.731866836547852 -51.321006774902344 0
endloop
endfacet
facet normal 0.9807850721893059 0.19509136877529504 0
outer loop
vertex 14.731866836547852 -51.321006774902344 0
vertex 14.731866836547852 -51.321006774902344 1.7000000476837158
vertex 14.766121864318848 -51.49321746826172 0
endloop
endfacet
facet normal 0.8314665660174577 0.5555747920803612 0
outer loop
vertex 14.863669395446777 -51.63920593261719 0
vertex 14.766121864318848 -51.49321746826172 0
vertex 14.766121864318848 -51.49321746826172 1.7000000476837158
endloop
endfacet
facet normal -0.5555772839934787 -0.8314649009491799 0
outer loop
vertex 15.500064849853516 -51.002811431884766 0
vertex 15.500064849853516 -51.002811431884766 1.7000000476837158
vertex 15.354074478149414 -50.9052619934082 0
endloop
endfacet
facet normal -0.8314640569414533 -0.5555785471150407 0
outer loop
vertex 15.500064849853516 -51.002811431884766 0
vertex 15.597613334655762 -51.148799896240234 0
vertex 15.597613334655762 -51.148799896240234 1.7000000476837158
endloop
endfacet
facet normal -0.9807852845629332 -0.19509030110388895 0
outer loop
vertex 15.597613334655762 -51.148799896240234 0
vertex 15.631867408752441 -51.321006774902344 0
vertex 15.631867408752441 -51.321006774902344 1.7000000476837158
endloop
endfacet
facet normal -0.9807861114401027 0.19508614406513386 0
outer loop
vertex 15.631867408752441 -51.321006774902344 0
vertex 15.597613334655762 -51.49321746826172 0
vertex 15.597613334655762 -51.49321746826172 1.7000000476837158
endloop
endfacet
facet normal -0.8314640569414533 0.5555785471150407 0
outer loop
vertex 15.597613334655762 -51.49321746826172 0
vertex 15.500064849853516 -51.63920593261719 0
vertex 15.500064849853516 -51.63920593261719 1.7000000476837158
endloop
endfacet
facet normal -0.1950798514286955 -0.9807873630744628 0
outer loop
vertex 15.354074478149414 -50.9052619934082 0
vertex 15.354074478149414 -50.9052619934082 1.7000000476837158
vertex 15.181867599487305 -50.871009826660156 0
endloop
endfacet
facet normal 0.1950788122039888 -0.9807875697770038 0
outer loop
vertex 15.181867599487305 -50.871009826660156 0
vertex 15.181867599487305 -50.871009826660156 1.7000000476837158
vertex 15.009659767150879 -50.9052619934082 0
endloop
endfacet
facet normal 0.5555772839934787 -0.8314649009491799 0
outer loop
vertex 15.009659767150879 -50.9052619934082 0
vertex 15.009659767150879 -50.9052619934082 1.7000000476837158
vertex 14.863669395446777 -51.002811431884766 0
endloop
endfacet
facet normal -0.1950798514286955 0.9807873630744628 0
outer loop
vertex 15.354074478149414 -51.73675537109375 1.7000000476837158
vertex 15.354074478149414 -51.73675537109375 0
vertex 15.181867599487305 -51.7710075378418 1.7000000476837158
endloop
endfacet
facet normal 0.5555772839934787 0.8314649009491799 0
outer loop
vertex 15.009659767150879 -53.00675582885742 1.7000000476837158
vertex 15.009659767150879 -53.00675582885742 0
vertex 14.863669395446777 -52.90920639038086 1.7000000476837158
endloop
endfacet
facet normal 0.9807842452687219 0.1950955259165719 0
outer loop
vertex 14.766121864318848 -52.763214111328125 1.7000000476837158
vertex 14.766121864318848 -52.763214111328125 0
vertex 14.731866836547852 -52.591007232666016 1.7000000476837158
endloop
endfacet
facet normal 0.8314732719568675 0.5555647559208026 0
outer loop
vertex 14.863669395446777 -52.90920639038086 0
vertex 14.766121864318848 -52.763214111328125 0
vertex 14.766121864318848 -52.763214111328125 1.7000000476837158
endloop
endfacet
facet normal 0.9807842452687219 0.1950955259165719 0
outer loop
vertex 14.731866836547852 -52.591007232666016 0
vertex 14.731866836547852 -52.591007232666016 1.7000000476837158
vertex 14.766121864318848 -52.763214111328125 0
endloop
endfacet
facet normal 0.9807842452687219 -0.1950955259165719 0
outer loop
vertex 14.766121864318848 -52.418800354003906 0
vertex 14.766121864318848 -52.418800354003906 1.7000000476837158
vertex 14.731866836547852 -52.591007232666016 0
endloop
endfacet
facet normal -0.8314640569414533 -0.5555785471150407 0
outer loop
vertex 15.500064849853516 -52.27281188964844 0
vertex 15.597613334655762 -52.418800354003906 0
vertex 15.597613334655762 -52.418800354003906 1.7000000476837158
endloop
endfacet
facet normal -0.5555772839934787 -0.8314649009491799 0
outer loop
vertex 15.500064849853516 -52.27281188964844 0
vertex 15.500064849853516 -52.27281188964844 1.7000000476837158
vertex 15.354074478149414 -52.175262451171875 0
endloop
endfacet
facet normal -0.9807852845629332 -0.19509030110388895 0
outer loop
vertex 15.597613334655762 -52.418800354003906 0
vertex 15.631867408752441 -52.591007232666016 0
vertex 15.631867408752441 -52.591007232666016 1.7000000476837158
endloop
endfacet
facet normal -0.9807852845629332 0.19509030110388895 0
outer loop
vertex 15.631867408752441 -52.591007232666016 0
vertex 15.597613334655762 -52.763214111328125 0
vertex 15.597613334655762 -52.763214111328125 1.7000000476837158
endloop
endfacet
facet normal -0.8314707629512766 0.5555685109482196 0
outer loop
vertex 15.597613334655762 -52.763214111328125 0
vertex 15.500064849853516 -52.90920639038086 0
vertex 15.500064849853516 -52.90920639038086 1.7000000476837158
endloop
endfacet
facet normal -0.1951007507126451 -0.9807832059488795 0
outer loop
vertex 15.354074478149414 -52.175262451171875 0
vertex 15.354074478149414 -52.175262451171875 1.7000000476837158
vertex 15.181867599487305 -52.14100646972656 0
endloop
endfacet
facet normal 0.19509971138541468 -0.9807834126948354 0
outer loop
vertex 15.181867599487305 -52.14100646972656 0
vertex 15.181867599487305 -52.14100646972656 1.7000000476837158
vertex 15.009659767150879 -52.175262451171875 0
endloop
endfacet
facet normal 0.5555772839934787 -0.8314649009491799 0
outer loop
vertex 15.009659767150879 -52.175262451171875 0
vertex 15.009659767150879 -52.175262451171875 1.7000000476837158
vertex 14.863669395446777 -52.27281188964844 0
endloop
endfacet
facet normal 0.8314665660174577 -0.5555747920803612 0
outer loop
vertex 14.863669395446777 -52.27281188964844 0
vertex 14.863669395446777 -52.27281188964844 1.7000000476837158
vertex 14.766121864318848 -52.418800354003906 0
endloop
endfacet
facet normal 0 0 -1
outer loop
vertex 15.354074478149414 -53.00675582885742 1.7000000476837158
vertex 15.354074478149414 -52.175262451171875 1.7000000476837158
vertex 15.500064849853516 -52.27281188964844 1.7000000476837158
endloop
endfacet
facet normal 0 0 -1
outer loop
vertex 15.500064849853516 -52.90920639038086 1.7000000476837158
vertex 15.354074478149414 -53.00675582885742 1.7000000476837158
vertex 15.500064849853516 -52.27281188964844 1.7000000476837158
endloop
endfacet
facet normal 0 0 -1
outer loop
vertex 15.597613334655762 -52.763214111328125 1.7000000476837158
vertex 15.500064849853516 -52.90920639038086 1.7000000476837158
vertex 15.597613334655762 -52.418800354003906 1.7000000476837158
endloop
endfacet
facet normal 0 0 -1
outer loop
vertex 15.500064849853516 -52.27281188964844 1.7000000476837158
vertex 15.597613334655762 -52.418800354003906 1.7000000476837158
vertex 15.500064849853516 -52.90920639038086 1.7000000476837158
endloop
endfacet
facet normal -0.5555772839934787 0.8314649009491799 0
outer loop
vertex 15.500064849853516 -52.90920639038086 0
vertex 15.354074478149414 -53.00675582885742 0
vertex 15.354074478149414 -53.00675582885742 1.7000000476837158
endloop
endfacet
facet normal -0.1950798514286955 0.9807873630744628 0
outer loop
vertex 15.354074478149414 -53.00675582885742 0
vertex 15.181867599487305 -53.04100799560547 0
vertex 15.181867599487305 -53.04100799560547 1.7000000476837158
endloop
endfacet
facet normal 0 0 -1
outer loop
vertex 15.631867408752441 -52.591007232666016 1.7000000476837158
vertex 15.597613334655762 -52.763214111328125 1.7000000476837158
vertex 15.597613334655762 -52.418800354003906 1.7000000476837158
endloop
endfacet
facet normal 0 0 -1
outer loop
vertex 15.009659767150879 -52.175262451171875 1.7000000476837158
vertex 14.863669395446777 -52.90920639038086 1.7000000476837158
vertex 14.863669395446777 -52.27281188964844 1.7000000476837158
endloop
endfacet
facet normal 0.1950788122039888 0.9807875697770038 0
outer loop
vertex 15.181867599487305 -53.04100799560547 1.7000000476837158
vertex 15.181867599487305 -53.04100799560547 0
vertex 15.009659767150879 -53.00675582885742 1.7000000476837158
endloop
endfacet
facet normal 0.1950788122039888 0.9807875697770038 0
outer loop
vertex 15.181867599487305 -53.04100799560547 0
vertex 15.009659767150879 -53.00675582885742 0
vertex 15.009659767150879 -53.00675582885742 1.7000000476837158
endloop
endfacet
facet normal 0.5555772839934787 0.8314649009491799 0
outer loop
vertex 14.863669395446777 -52.90920639038086 0
vertex 14.863669395446777 -52.90920639038086 1.7000000476837158
vertex 15.009659767150879 -53.00675582885742 0
endloop
endfacet
facet normal -0.8314640569414533 -0.5555785471150407 0
outer loop
vertex 15.500064849853516 -52.27281188964844 1.7000000476837158
vertex 15.500064849853516 -52.27281188964844 0
vertex 15.597613334655762 -52.418800354003906 1.7000000476837158
endloop
endfacet
facet normal 0 0 -1
outer loop
vertex 15.009659767150879 -53.00675582885742 1.7000000476837158
vertex 15.009659767150879 -52.175262451171875 1.7000000476837158
vertex 15.181867599487305 -52.14100646972656 1.7000000476837158
endloop
endfacet
facet normal -0.1950798514286955 0.9807873630744628 0
outer loop
vertex 15.354074478149414 -53.00675582885742 1.7000000476837158
vertex 15.354074478149414 -53.00675582885742 0
vertex 15.181867599487305 -53.04100799560547 1.7000000476837158
endloop
endfacet
facet normal 0 0 -1
outer loop
vertex 14.766121864318848 -52.763214111328125 1.7000000476837158
vertex 14.731866836547852 -52.591007232666016 1.7000000476837158
vertex 14.766121864318848 -52.418800354003906 1.7000000476837158
endloop
endfacet
facet normal 0 0 -1
outer loop
vertex 14.863669395446777 -52.90920639038086 1.7000000476837158
vertex 14.766121864318848 -52.763214111328125 1.7000000476837158
vertex 14.863669395446777 -52.27281188964844 1.7000000476837158
endloop
endfacet
facet normal 0.8314665660174577 -0.5555747920803612 0
outer loop
vertex 14.766121864318848 -52.418800354003906 1.7000000476837158
vertex 14.766121864318848 -52.418800354003906 0
vertex 14.863669395446777 -52.27281188964844 1.7000000476837158
endloop
endfacet
facet normal 0.9807842452687219 -0.1950955259165719 0
outer loop
vertex 14.731866836547852 -52.591007232666016 1.7000000476837158
vertex 14.731866836547852 -52.591007232666016 0
vertex 14.766121864318848 -52.418800354003906 1.7000000476837158
endloop
endfacet
facet normal -0.9807852845629332 -0.19509030110388895 0
outer loop
vertex 15.597613334655762 -52.418800354003906 1.7000000476837158
vertex 15.597613334655762 -52.418800354003906 0
vertex 15.631867408752441 -52.591007232666016 1.7000000476837158
endloop
endfacet
facet normal 0 0 -1
outer loop
vertex 15.354074478149414 -52.175262451171875 1.7000000476837158
vertex 15.181867599487305 -53.04100799560547 1.7000000476837158
vertex 15.181867599487305 -52.14100646972656 1.7000000476837158
endloop
endfacet
facet normal -0.9807852845629332 0.19509030110388895 0
outer loop
vertex 15.631867408752441 -52.591007232666016 1.7000000476837158
vertex 15.631867408752441 -52.591007232666016 0
vertex 15.597613334655762 -52.763214111328125 1.7000000476837158
endloop
endfacet
facet normal -0.8314707629512766 0.5555685109482196 0
outer loop
vertex 15.597613334655762 -52.763214111328125 1.7000000476837158
vertex 15.597613334655762 -52.763214111328125 0
vertex 15.500064849853516 -52.90920639038086 1.7000000476837158
endloop
endfacet
facet normal -0.5555772839934787 -0.8314649009491799 0
outer loop
vertex 15.354074478149414 -52.175262451171875 1.7000000476837158
vertex 15.354074478149414 -52.175262451171875 0
vertex 15.500064849853516 -52.27281188964844 1.7000000476837158
endloop
endfacet
facet normal -0.1951007507126451 -0.9807832059488795 0
outer loop
vertex 15.181867599487305 -52.14100646972656 1.7000000476837158
vertex 15.181867599487305 -52.14100646972656 0
vertex 15.354074478149414 -52.175262451171875 1.7000000476837158
endloop
endfacet
facet normal 0.19509971138541468 -0.9807834126948354 0
outer loop
vertex 15.009659767150879 -52.175262451171875 1.7000000476837158
vertex 15.009659767150879 -52.175262451171875 0
vertex 15.181867599487305 -52.14100646972656 1.7000000476837158
endloop
endfacet
facet normal 0.5555772839934787 -0.8314649009491799 0
outer loop
vertex 14.863669395446777 -52.27281188964844 1.7000000476837158
vertex 14.863669395446777 -52.27281188964844 0
vertex 15.009659767150879 -52.175262451171875 1.7000000476837158
endloop
endfacet
facet normal 0.8314732719568675 0.5555647559208026 0
outer loop
vertex 14.863669395446777 -52.90920639038086 1.7000000476837158
vertex 14.863669395446777 -52.90920639038086 0
vertex 14.766121864318848 -52.763214111328125 1.7000000476837158
endloop
endfacet
facet normal -0.5555772839934787 0.8314649009491799 0
outer loop
vertex 15.500064849853516 -52.90920639038086 1.7000000476837158
vertex 15.500064849853516 -52.90920639038086 0
vertex 15.354074478149414 -53.00675582885742 1.7000000476837158
endloop
endfacet
facet normal 0 0 -1
outer loop
vertex 15.354074478149414 -53.00675582885742 1.7000000476837158
vertex 15.181867599487305 -53.04100799560547 1.7000000476837158
vertex 15.354074478149414 -52.175262451171875 1.7000000476837158
endloop
endfacet
facet normal 0 0 -1
outer loop
vertex 15.009659767150879 -53.00675582885742 1.7000000476837158
vertex 14.863669395446777 -52.90920639038086 1.7000000476837158
vertex 15.009659767150879 -52.175262451171875 1.7000000476837158
endloop
endfacet
facet normal 0 0 -1
outer loop
vertex 15.181867599487305 -53.04100799560547 1.7000000476837158
vertex 15.009659767150879 -53.00675582885742 1.7000000476837158
vertex 15.181867599487305 -52.14100646972656 1.7000000476837158
endloop
endfacet
facet normal 0 0 -1
outer loop
vertex 14.766121864318848 -52.763214111328125 1.7000000476837158
vertex 14.766121864318848 -52.418800354003906 1.7000000476837158
vertex 14.863669395446777 -52.27281188964844 1.7000000476837158
endloop
endfacet
facet normal 0.9807842452687219 0.1950955259165719 0
outer loop
vertex 14.731866836547852 -53.86100769042969 0
vertex 14.731866836547852 -53.86100769042969 1.7000000476837158
vertex 14.766121864318848 -54.0332145690918 0
endloop
endfacet
facet normal 0.9807842452687219 -0.1950955259165719 0
outer loop
vertex 14.766121864318848 -53.68880081176758 0
vertex 14.766121864318848 -53.68880081176758 1.7000000476837158
vertex 14.731866836547852 -53.86100769042969 0
endloop
endfacet
facet normal 0.9807842452687219 -0.1950955259165719 0
outer loop
vertex 14.731866836547852 -53.86100769042969 1.7000000476837158
vertex 14.731866836547852 -53.86100769042969 0
vertex 14.766121864318848 -53.68880081176758 1.7000000476837158
endloop
endfacet
facet normal 0.9807842452687219 0.1950955259165719 0
outer loop
vertex 14.766121864318848 -54.0332145690918 1.7000000476837158
vertex 14.766121864318848 -54.0332145690918 0
vertex 14.731866836547852 -53.86100769042969 1.7000000476837158
endloop
endfacet
facet normal -0.5555622638012966 -0.8314749371087372 0
outer loop
vertex 15.354074478149414 -53.44526290893555 1.7000000476837158
vertex 15.354074478149414 -53.44526290893555 0
vertex 15.500064849853516 -53.542808532714844 1.7000000476837158
endloop
endfacet
facet normal -0.9807852845629332 -0.19509030110388895 0
outer loop
vertex 15.597613334655762 -53.68880081176758 1.7000000476837158
vertex 15.597613334655762 -53.68880081176758 0
vertex 15.631867408752441 -53.86100769042969 1.7000000476837158
endloop
endfacet
facet normal -0.8314707629512766 -0.5555685109482196 0
outer loop
vertex 15.500064849853516 -53.542808532714844 1.7000000476837158
vertex 15.500064849853516 -53.542808532714844 0
vertex 15.597613334655762 -53.68880081176758 1.7000000476837158
endloop
endfacet
facet normal 0 0 -1
outer loop
vertex 15.631867408752441 -53.86100769042969 1.7000000476837158
vertex 15.597613334655762 -54.0332145690918 1.7000000476837158
vertex 15.597613334655762 -53.68880081176758 1.7000000476837158
endloop
endfacet
facet normal -0.8314707629512766 0.5555685109482196 0
outer loop
vertex 15.597613334655762 -54.0332145690918 0
vertex 15.500064849853516 -54.17920684814453 0
vertex 15.500064849853516 -54.17920684814453 1.7000000476837158
endloop
endfacet
facet normal 0 0 -1
outer loop
vertex 14.863669395446777 -54.17920684814453 1.7000000476837158
vertex 14.766121864318848 -54.0332145690918 1.7000000476837158
vertex 14.863669395446777 -53.542808532714844 1.7000000476837158
endloop
endfacet
facet normal 0 0 -1
outer loop
vertex 15.597613334655762 -54.0332145690918 1.7000000476837158
vertex 15.500064849853516 -54.17920684814453 1.7000000476837158
vertex 15.597613334655762 -53.68880081176758 1.7000000476837158
endloop
endfacet
facet normal -0.9807852845629332 0.19509030110388895 0
outer loop
vertex 15.631867408752441 -53.86100769042969 1.7000000476837158
vertex 15.631867408752441 -53.86100769042969 0
vertex 15.597613334655762 -54.0332145690918 1.7000000476837158
endloop
endfacet
facet normal 0 0 -1
outer loop
vertex 15.500064849853516 -54.17920684814453 1.7000000476837158
vertex 15.500064849853516 -53.542808532714844 1.7000000476837158
vertex 15.597613334655762 -53.68880081176758 1.7000000476837158
endloop
endfacet
facet normal 0 0 -1
outer loop
vertex 15.354074478149414 -53.44526290893555 1.7000000476837158
vertex 15.181867599487305 -54.31100845336914 1.7000000476837158
vertex 15.181867599487305 -53.411006927490234 1.7000000476837158
endloop
endfacet
facet normal 0 0 -1
outer loop
vertex 14.766121864318848 -54.0332145690918 1.7000000476837158
vertex 14.766121864318848 -53.68880081176758 1.7000000476837158
vertex 14.863669395446777 -53.542808532714844 1.7000000476837158
endloop
endfacet
facet normal 0 0 -1
outer loop
vertex 14.766121864318848 -54.0332145690918 1.7000000476837158
vertex 14.731866836547852 -53.86100769042969 1.7000000476837158
vertex 14.766121864318848 -53.68880081176758 1.7000000476837158
endloop
endfacet
facet normal 0 0 -1
outer loop
vertex 15.500064849853516 -54.17920684814453 1.7000000476837158
vertex 15.354074478149414 -54.27675247192383 1.7000000476837158
vertex 15.500064849853516 -53.542808532714844 1.7000000476837158
endloop
endfacet
facet normal 0.8314732719568675 -0.5555647559208026 0
outer loop
vertex 14.863669395446777 -53.542808532714844 0
vertex 14.863669395446777 -53.542808532714844 1.7000000476837158
vertex 14.766121864318848 -53.68880081176758 0
endloop
endfacet
facet normal -0.5555622638012966 0.8314749371087372 0
outer loop
vertex 15.500064849853516 -54.17920684814453 0
vertex 15.354074478149414 -54.27675247192383 0
vertex 15.354074478149414 -54.27675247192383 1.7000000476837158
endloop
endfacet
facet normal 0.8314732719568675 0.5555647559208026 0
outer loop
vertex 14.863669395446777 -54.17920684814453 0
vertex 14.766121864318848 -54.0332145690918 0
vertex 14.766121864318848 -54.0332145690918 1.7000000476837158
endloop
endfacet
facet normal -0.1951007507126451 0.9807832059488795 0
outer loop
vertex 15.354074478149414 -54.27675247192383 0
vertex 15.181867599487305 -54.31100845336914 0
vertex 15.181867599487305 -54.31100845336914 1.7000000476837158
endloop
endfacet
facet normal 0.5555622638012966 0.8314749371087372 0
outer loop
vertex 14.863669395446777 -54.17920684814453 0
vertex 14.863669395446777 -54.17920684814453 1.7000000476837158
vertex 15.009659767150879 -54.27675247192383 0
endloop
endfacet
facet normal 0.19509971138541468 -0.9807834126948354 0
outer loop
vertex 15.009659767150879 -53.44526290893555 1.7000000476837158
vertex 15.009659767150879 -53.44526290893555 0
vertex 15.181867599487305 -53.411006927490234 1.7000000476837158
endloop
endfacet
facet normal 0.5555622638012966 -0.8314749371087372 0
outer loop
vertex 15.009659767150879 -53.44526290893555 0
vertex 15.009659767150879 -53.44526290893555 1.7000000476837158
vertex 14.863669395446777 -53.542808532714844 0
endloop
endfacet
facet normal 0.8314732719568675 0.5555647559208026 0
outer loop
vertex 14.863669395446777 -54.17920684814453 1.7000000476837158
vertex 14.863669395446777 -54.17920684814453 0
vertex 14.766121864318848 -54.0332145690918 1.7000000476837158
endloop
endfacet
facet normal 0 0 -1
outer loop
vertex 15.354074478149414 -54.27675247192383 1.7000000476837158
vertex 15.181867599487305 -54.31100845336914 1.7000000476837158
vertex 15.354074478149414 -53.44526290893555 1.7000000476837158
endloop
endfacet
facet normal 0 0 -1
outer loop
vertex 15.500064849853516 -53.542808532714844 1.7000000476837158
vertex 15.354074478149414 -54.27675247192383 1.7000000476837158
vertex 15.354074478149414 -53.44526290893555 1.7000000476837158
endloop
endfacet
facet normal -0.1951007507126451 -0.9807832059488795 0
outer loop
vertex 15.181867599487305 -53.411006927490234 1.7000000476837158
vertex 15.181867599487305 -53.411006927490234 0
vertex 15.354074478149414 -53.44526290893555 1.7000000476837158
endloop
endfacet
facet normal 0.19509971138541468 -0.9807834126948354 0
outer loop
vertex 15.181867599487305 -53.411006927490234 0
vertex 15.181867599487305 -53.411006927490234 1.7000000476837158
vertex 15.009659767150879 -53.44526290893555 0
endloop
endfacet
facet normal 0.5555622638012966 -0.8314749371087372 0
outer loop
vertex 14.863669395446777 -53.542808532714844 1.7000000476837158
vertex 14.863669395446777 -53.542808532714844 0
vertex 15.009659767150879 -53.44526290893555 1.7000000476837158
endloop
endfacet
facet normal -0.1951007507126451 -0.9807832059488795 0
outer loop
vertex 15.354074478149414 -53.44526290893555 0
vertex 15.354074478149414 -53.44526290893555 1.7000000476837158
vertex 15.181867599487305 -53.411006927490234 0
endloop
endfacet
facet normal 0.5555622638012966 0.8314749371087372 0
outer loop
vertex 15.009659767150879 -54.27675247192383 1.7000000476837158
vertex 15.009659767150879 -54.27675247192383 0
vertex 14.863669395446777 -54.17920684814453 1.7000000476837158
endloop
endfacet
facet normal 0.19509971138541468 0.9807834126948354 0
outer loop
vertex 15.181867599487305 -54.31100845336914 1.7000000476837158
vertex 15.181867599487305 -54.31100845336914 0
vertex 15.009659767150879 -54.27675247192383 1.7000000476837158
endloop
endfacet
facet normal 0.19509971138541468 0.9807834126948354 0
outer loop
vertex 15.181867599487305 -54.31100845336914 0
vertex 15.009659767150879 -54.27675247192383 0
vertex 15.009659767150879 -54.27675247192383 1.7000000476837158
endloop
endfacet
facet normal -0.9807852845629332 0.19509030110388895 0
outer loop
vertex 15.631867408752441 -53.86100769042969 0
vertex 15.597613334655762 -54.0332145690918 0
vertex 15.597613334655762 -54.0332145690918 1.7000000476837158
endloop
endfacet
facet normal -0.9807852845629332 -0.19509030110388895 0
outer loop
vertex 15.597613334655762 -53.68880081176758 0
vertex 15.631867408752441 -53.86100769042969 0
vertex 15.631867408752441 -53.86100769042969 1.7000000476837158
endloop
endfacet
facet normal -0.5555622638012966 -0.8314749371087372 0
outer loop
vertex 15.500064849853516 -53.542808532714844 0
vertex 15.500064849853516 -53.542808532714844 1.7000000476837158
vertex 15.354074478149414 -53.44526290893555 0
endloop
endfacet
facet normal -0.8314707629512766 -0.5555685109482196 0
outer loop
vertex 15.597613334655762 -53.68880081176758 0
vertex 15.597613334655762 -53.68880081176758 1.7000000476837158
vertex 15.500064849853516 -53.542808532714844 0
endloop
endfacet
facet normal 0 0 -1
outer loop
vertex 15.181867599487305 -53.411006927490234 1.7000000476837158
vertex 15.009659767150879 -54.27675247192383 1.7000000476837158
vertex 15.009659767150879 -53.44526290893555 1.7000000476837158
endloop
endfacet
facet normal 0 0 -1
outer loop
vertex 15.181867599487305 -54.31100845336914 1.7000000476837158
vertex 15.009659767150879 -54.27675247192383 1.7000000476837158
vertex 15.181867599487305 -53.411006927490234 1.7000000476837158
endloop
endfacet
facet normal -0.1951007507126451 0.9807832059488795 0
outer loop
vertex 15.354074478149414 -54.27675247192383 1.7000000476837158
vertex 15.354074478149414 -54.27675247192383 0
vertex 15.181867599487305 -54.31100845336914 1.7000000476837158
endloop
endfacet
facet normal -0.5555622638012966 0.8314749371087372 0
outer loop
vertex 15.500064849853516 -54.17920684814453 1.7000000476837158
vertex 15.500064849853516 -54.17920684814453 0
vertex 15.354074478149414 -54.27675247192383 1.7000000476837158
endloop
endfacet
facet normal -0.8314707629512766 0.5555685109482196 0
outer loop
vertex 15.597613334655762 -54.0332145690918 0
vertex 15.500064849853516 -54.17920684814453 1.7000000476837158
vertex 15.597613334655762 -54.0332145690918 1.7000000476837158
endloop
endfacet
facet normal 0 0 -1
outer loop
vertex 15.009659767150879 -53.44526290893555 1.7000000476837158
vertex 14.863669395446777 -54.17920684814453 1.7000000476837158
vertex 14.863669395446777 -53.542808532714844 1.7000000476837158
endloop
endfacet
facet normal 0 0 -1
outer loop
vertex 15.009659767150879 -54.27675247192383 1.7000000476837158
vertex 14.863669395446777 -54.17920684814453 1.7000000476837158
vertex 15.009659767150879 -53.44526290893555 1.7000000476837158
endloop
endfacet
facet normal 0.8314732719568675 -0.5555647559208026 0
outer loop
vertex 14.766121864318848 -53.68880081176758 1.7000000476837158
vertex 14.766121864318848 -53.68880081176758 0
vertex 14.863669395446777 -53.542808532714844 1.7000000476837158
endloop
endfacet
facet normal 0.5555622638012966 -0.8314749371087372 0
outer loop
vertex 15.009659767150879 -54.71526336669922 0
vertex 15.009659767150879 -54.71526336669922 1.7000000476837158
vertex 14.863669395446777 -54.812808990478516 0
endloop
endfacet
facet normal 0.9807842452687219 -0.1950955259165719 0
outer loop
vertex 14.731866836547852 -55.13100814819336 1.7000000476837158
vertex 14.731866836547852 -55.13100814819336 0
vertex 14.766121864318848 -54.95880126953125 1.7000000476837158
endloop
endfacet
facet normal 0 0 -1
outer loop
vertex 15.631867408752441 -55.13100814819336 1.7000000476837158
vertex 15.597613334655762 -55.30321502685547 1.7000000476837158
vertex 15.597613334655762 -54.95880126953125 1.7000000476837158
endloop
endfacet
facet normal 0 0 -1
outer loop
vertex 15.181867599487305 -54.681007385253906 1.7000000476837158
vertex 15.009659767150879 -55.5467529296875 1.7000000476837158
vertex 15.009659767150879 -54.71526336669922 1.7000000476837158
endloop
endfacet
facet normal 0 0 -1
outer loop
vertex 15.354074478149414 -54.71526336669922 1.7000000476837158
vertex 15.181867599487305 -55.58100891113281 1.7000000476837158
vertex 15.181867599487305 -54.681007385253906 1.7000000476837158
endloop
endfacet
facet normal -0.9807852845629332 -0.19509030110388895 0
outer loop
vertex 15.597613334655762 -54.95880126953125 1.7000000476837158
vertex 15.597613334655762 -54.95880126953125 0
vertex 15.631867408752441 -55.13100814819336 1.7000000476837158
endloop
endfacet
facet normal -0.8314707629512766 -0.5555685109482196 0
outer loop
vertex 15.500064849853516 -54.812808990478516 1.7000000476837158
vertex 15.500064849853516 -54.812808990478516 0
vertex 15.597613334655762 -54.95880126953125 1.7000000476837158
endloop
endfacet
facet normal 0 0 -1
outer loop
vertex 15.500064849853516 -54.812808990478516 1.7000000476837158
vertex 15.354074478149414 -55.5467529296875 1.7000000476837158
vertex 15.354074478149414 -54.71526336669922 1.7000000476837158
endloop
endfacet
facet normal -0.1951007507126451 -0.9807832059488795 0
outer loop
vertex 15.354074478149414 -54.71526336669922 0
vertex 15.354074478149414 -54.71526336669922 1.7000000476837158
vertex 15.181867599487305 -54.681007385253906 0
endloop
endfacet
facet normal 0 0 -1
outer loop
vertex 15.597613334655762 -55.30321502685547 1.7000000476837158
vertex 15.500064849853516 -55.4492073059082 1.7000000476837158
vertex 15.597613334655762 -54.95880126953125 1.7000000476837158
endloop
endfacet
facet normal 0 0 -1
outer loop
vertex 15.500064849853516 -54.812808990478516 1.7000000476837158
vertex 15.597613334655762 -54.95880126953125 1.7000000476837158
vertex 15.500064849853516 -55.4492073059082 1.7000000476837158
endloop
endfacet
facet normal 0 0 -1
outer loop
vertex 15.500064849853516 -55.4492073059082 1.7000000476837158
vertex 15.354074478149414 -55.5467529296875 1.7000000476837158
vertex 15.500064849853516 -54.812808990478516 1.7000000476837158
endloop
endfacet
facet normal 0 0 -1
outer loop
vertex 15.354074478149414 -55.5467529296875 1.7000000476837158
vertex 15.181867599487305 -55.58100891113281 1.7000000476837158
vertex 15.354074478149414 -54.71526336669922 1.7000000476837158
endloop
endfacet
facet normal 0 0 -1
outer loop
vertex 15.181867599487305 -55.58100891113281 1.7000000476837158
vertex 15.009659767150879 -55.5467529296875 1.7000000476837158
vertex 15.181867599487305 -54.681007385253906 1.7000000476837158
endloop
endfacet
facet normal 0 0 -1
outer loop
vertex 15.009659767150879 -55.5467529296875 1.7000000476837158
vertex 14.863669395446777 -55.4492073059082 1.7000000476837158
vertex 15.009659767150879 -54.71526336669922 1.7000000476837158
endloop
endfacet
facet normal 0 0 -1
outer loop
vertex 14.766121864318848 -55.30321502685547 1.7000000476837158
vertex 14.731866836547852 -55.13100814819336 1.7000000476837158
vertex 14.766121864318848 -54.95880126953125 1.7000000476837158
endloop
endfacet
facet normal 0.19509971138541468 -0.9807834126948354 0
outer loop
vertex 15.181867599487305 -54.681007385253906 0
vertex 15.181867599487305 -54.681007385253906 1.7000000476837158
vertex 15.009659767150879 -54.71526336669922 0
endloop
endfacet
facet normal -0.5555622638012966 -0.8314749371087372 0
outer loop
vertex 15.354074478149414 -54.71526336669922 1.7000000476837158
vertex 15.354074478149414 -54.71526336669922 0
vertex 15.500064849853516 -54.812808990478516 1.7000000476837158
endloop
endfacet
facet normal 0 0 -1
outer loop
vertex 14.863669395446777 -55.4492073059082 1.7000000476837158
vertex 14.766121864318848 -55.30321502685547 1.7000000476837158
vertex 14.863669395446777 -54.812808990478516 1.7000000476837158
endloop
endfacet
facet normal 0.9807842452687219 0.1950955259165719 0
outer loop
vertex 14.731866836547852 -55.13100814819336 0
vertex 14.731866836547852 -55.13100814819336 1.7000000476837158
vertex 14.766121864318848 -55.30321502685547 0
endloop
endfacet
facet normal -0.1951007507126451 -0.9807832059488795 0
outer loop
vertex 15.181867599487305 -54.681007385253906 1.7000000476837158
vertex 15.181867599487305 -54.681007385253906 0
vertex 15.354074478149414 -54.71526336669922 1.7000000476837158
endloop
endfacet
facet normal 0.19509971138541468 -0.9807834126948354 0
outer loop
vertex 15.009659767150879 -54.71526336669922 1.7000000476837158
vertex 15.009659767150879 -54.71526336669922 0
vertex 15.181867599487305 -54.681007385253906 1.7000000476837158
endloop
endfacet
facet normal 0.5555622638012966 -0.8314749371087372 0
outer loop
vertex 14.863669395446777 -54.812808990478516 1.7000000476837158
vertex 14.863669395446777 -54.812808990478516 0
vertex 15.009659767150879 -54.71526336669922 1.7000000476837158
endloop
endfacet
facet normal -0.9807852845629332 0.19509030110388895 0
outer loop
vertex 15.631867408752441 -55.13100814819336 1.7000000476837158
vertex 15.631867408752441 -55.13100814819336 0
vertex 15.597613334655762 -55.30321502685547 1.7000000476837158
endloop
endfacet
facet normal -0.8314707629512766 0.5555685109482196 0
outer loop
vertex 15.597613334655762 -55.30321502685547 1.7000000476837158
vertex 15.597613334655762 -55.30321502685547 0
vertex 15.500064849853516 -55.4492073059082 1.7000000476837158
endloop
endfacet
facet normal -0.5555622638012966 0.8314749371087372 0
outer loop
vertex 15.500064849853516 -55.4492073059082 1.7000000476837158
vertex 15.500064849853516 -55.4492073059082 0
vertex 15.354074478149414 -55.5467529296875 1.7000000476837158
endloop
endfacet
facet normal 0.8314732719568675 -0.5555647559208026 0
outer loop
vertex 14.766121864318848 -54.95880126953125 1.7000000476837158
vertex 14.766121864318848 -54.95880126953125 0
vertex 14.863669395446777 -54.812808990478516 1.7000000476837158
endloop
endfacet
facet normal -0.1951007507126451 0.9807832059488795 0
outer loop
vertex 15.354074478149414 -55.5467529296875 1.7000000476837158
vertex 15.354074478149414 -55.5467529296875 0
vertex 15.181867599487305 -55.58100891113281 1.7000000476837158
endloop
endfacet
facet normal 0.19509971138541468 0.9807834126948354 0
outer loop
vertex 15.181867599487305 -55.58100891113281 1.7000000476837158
vertex 15.181867599487305 -55.58100891113281 0
vertex 15.009659767150879 -55.5467529296875 1.7000000476837158
endloop
endfacet
facet normal 0.9807842452687219 -0.1950955259165719 0
outer loop
vertex 14.766121864318848 -54.95880126953125 0
vertex 14.766121864318848 -54.95880126953125 1.7000000476837158
vertex 14.731866836547852 -55.13100814819336 0
endloop
endfacet
facet normal 0.5555622638012966 0.8314749371087372 0
outer loop
vertex 15.009659767150879 -55.5467529296875 1.7000000476837158
vertex 15.009659767150879 -55.5467529296875 0
vertex 14.863669395446777 -55.4492073059082 1.7000000476837158
endloop
endfacet
facet normal 0.8314732719568675 0.5555647559208026 0
outer loop
vertex 14.863669395446777 -55.4492073059082 1.7000000476837158
vertex 14.863669395446777 -55.4492073059082 0
vertex 14.766121864318848 -55.30321502685547 1.7000000476837158
endloop
endfacet
facet normal 0.19509971138541468 0.9807834126948354 0
outer loop
vertex 15.181867599487305 -55.58100891113281 0
vertex 15.009659767150879 -55.5467529296875 0
vertex 15.009659767150879 -55.5467529296875 1.7000000476837158
endloop
endfacet
facet normal 0.8314732719568675 0.5555647559208026 0
outer loop
vertex 14.863669395446777 -55.4492073059082 0
vertex 14.766121864318848 -55.30321502685547 0
vertex 14.766121864318848 -55.30321502685547 1.7000000476837158
endloop
endfacet
facet normal 0.8314732719568675 -0.5555647559208026 0
outer loop
vertex 14.863669395446777 -54.812808990478516 0
vertex 14.863669395446777 -54.812808990478516 1.7000000476837158
vertex 14.766121864318848 -54.95880126953125 0
endloop
endfacet
facet normal -0.8314707629512766 -0.5555685109482196 0
outer loop
vertex 15.597613334655762 -54.95880126953125 0
vertex 15.597613334655762 -54.95880126953125 1.7000000476837158
vertex 15.500064849853516 -54.812808990478516 0
endloop
endfacet
facet normal -0.5555622638012966 -0.8314749371087372 0
outer loop
vertex 15.500064849853516 -54.812808990478516 0
vertex 15.500064849853516 -54.812808990478516 1.7000000476837158
vertex 15.354074478149414 -54.71526336669922 0
endloop
endfacet
facet normal -0.9807852845629332 -0.19509030110388895 0
outer loop
vertex 15.597613334655762 -54.95880126953125 0
vertex 15.631867408752441 -55.13100814819336 0
vertex 15.631867408752441 -55.13100814819336 1.7000000476837158
endloop
endfacet
facet normal 0.5555622638012966 0.8314749371087372 0
outer loop
vertex 15.009659767150879 -55.5467529296875 0
vertex 14.863669395446777 -55.4492073059082 0
vertex 14.863669395446777 -55.4492073059082 1.7000000476837158
endloop
endfacet
facet normal -0.9807852845629332 0.19509030110388895 0
outer loop
vertex 15.631867408752441 -55.13100814819336 0
vertex 15.597613334655762 -55.30321502685547 0
vertex 15.597613334655762 -55.30321502685547 1.7000000476837158
endloop
endfacet
facet normal -0.8314707629512766 0.5555685109482196 0
outer loop
vertex 15.597613334655762 -55.30321502685547 0
vertex 15.500064849853516 -55.4492073059082 0
vertex 15.500064849853516 -55.4492073059082 1.7000000476837158
endloop
endfacet
facet normal -0.5555622638012966 0.8314749371087372 0
outer loop
vertex 15.500064849853516 -55.4492073059082 0
vertex 15.354074478149414 -55.5467529296875 0
vertex 15.354074478149414 -55.5467529296875 1.7000000476837158
endloop
endfacet
facet normal -0.1951007507126451 0.9807832059488795 0
outer loop
vertex 15.354074478149414 -55.5467529296875 0
vertex 15.181867599487305 -55.58100891113281 0
vertex 15.181867599487305 -55.58100891113281 1.7000000476837158
endloop
endfacet
facet normal 0 0 -1
outer loop
vertex 14.766121864318848 -55.30321502685547 1.7000000476837158
vertex 14.766121864318848 -54.95880126953125 1.7000000476837158
vertex 14.863669395446777 -54.812808990478516 1.7000000476837158
endloop
endfacet
facet normal 0.9807842452687219 0.1950955259165719 0
outer loop
vertex 14.766121864318848 -55.30321502685547 1.7000000476837158
vertex 14.766121864318848 -55.30321502685547 0
vertex 14.731866836547852 -55.13100814819336 1.7000000476837158
endloop
endfacet
facet normal 0 0 -1
outer loop
vertex 15.009659767150879 -54.71526336669922 1.7000000476837158
vertex 14.863669395446777 -55.4492073059082 1.7000000476837158
vertex 14.863669395446777 -54.812808990478516 1.7000000476837158
endloop
endfacet
facet normal -0.1951007507126451 -0.9807832059488795 0
outer loop
vertex 15.354074478149414 -55.98526382446289 0
vertex 15.354074478149414 -55.98526382446289 1.7000000476837158
vertex 15.181867599487305 -55.95100784301758 0
endloop
endfacet
facet normal 0.9807842452687219 0.1950955259165719 0
outer loop
vertex 14.731866836547852 -56.40100860595703 0
vertex 14.731866836547852 -56.40100860595703 1.7000000476837158
vertex 14.766121864318848 -56.57321548461914 0
endloop
endfacet
facet normal 0.19509971138541468 0.9807834126948354 0
outer loop
vertex 15.181867599487305 -56.851009368896484 1.7000000476837158
vertex 15.181867599487305 -56.851009368896484 0
vertex 15.009659767150879 -56.81675338745117 1.7000000476837158
endloop
endfacet
facet normal 0.8314732719568675 -0.5555647559208026 0
outer loop
vertex 14.766121864318848 -56.22880172729492 1.7000000476837158
vertex 14.766121864318848 -56.22880172729492 0
vertex 14.863669395446777 -56.08280944824219 1.7000000476837158
endloop
endfacet
facet normal 0.9807842452687219 -0.1950955259165719 0
outer loop
vertex 14.731866836547852 -56.40100860595703 1.7000000476837158
vertex 14.731866836547852 -56.40100860595703 0
vertex 14.766121864318848 -56.22880172729492 1.7000000476837158
endloop
endfacet
facet normal 0.9807842452687219 0.1950955259165719 0
outer loop
vertex 14.766121864318848 -56.57321548461914 1.7000000476837158
vertex 14.766121864318848 -56.57321548461914 0
vertex 14.731866836547852 -56.40100860595703 1.7000000476837158
endloop
endfacet
facet normal -0.1951007507126451 0.9807832059488795 0
outer loop
vertex 15.354074478149414 -56.81675338745117 1.7000000476837158
vertex 15.354074478149414 -56.81675338745117 0
vertex 15.181867599487305 -56.851009368896484 1.7000000476837158
endloop
endfacet
facet normal 0.8314732719568675 0.5555647559208026 0
outer loop
vertex 14.863669395446777 -56.719207763671875 1.7000000476837158
vertex 14.863669395446777 -56.719207763671875 0
vertex 14.766121864318848 -56.57321548461914 1.7000000476837158
endloop
endfacet
facet normal -0.5555622638012966 0.8314749371087372 0
outer loop
vertex 15.500064849853516 -56.719207763671875 1.7000000476837158
vertex 15.500064849853516 -56.719207763671875 0
vertex 15.354074478149414 -56.81675338745117 1.7000000476837158
endloop
endfacet
facet normal -0.8314707629512766 0.5555685109482196 0
outer loop
vertex 15.597613334655762 -56.57321548461914 1.7000000476837158
vertex 15.597613334655762 -56.57321548461914 0
vertex 15.500064849853516 -56.719207763671875 1.7000000476837158
endloop
endfacet
facet normal -0.9807852845629332 0.19509030110388895 0
outer loop
vertex 15.631867408752441 -56.40100860595703 1.7000000476837158
vertex 15.631867408752441 -56.40100860595703 0
vertex 15.597613334655762 -56.57321548461914 1.7000000476837158
endloop
endfacet
facet normal -0.9807852845629332 -0.19509030110388895 0
outer loop
vertex 15.597613334655762 -56.22880172729492 1.7000000476837158
vertex 15.597613334655762 -56.22880172729492 0
vertex 15.631867408752441 -56.40100860595703 1.7000000476837158
endloop
endfacet
facet normal 0.5555622638012966 -0.8314749371087372 0
outer loop
vertex 14.863669395446777 -56.08280944824219 1.7000000476837158
vertex 14.863669395446777 -56.08280944824219 0
vertex 15.009659767150879 -55.98526382446289 1.7000000476837158
endloop
endfacet
facet normal 0.19509971138541468 -0.9807834126948354 0
outer loop
vertex 15.009659767150879 -55.98526382446289 1.7000000476837158
vertex 15.009659767150879 -55.98526382446289 0
vertex 15.181867599487305 -55.95100784301758 1.7000000476837158
endloop
endfacet
facet normal -0.1951007507126451 -0.9807832059488795 0
outer loop
vertex 15.181867599487305 -55.95100784301758 1.7000000476837158
vertex 15.181867599487305 -55.95100784301758 0
vertex 15.354074478149414 -55.98526382446289 1.7000000476837158
endloop
endfacet
facet normal -0.5555622638012966 -0.8314749371087372 0
outer loop
vertex 15.354074478149414 -55.98526382446289 1.7000000476837158
vertex 15.354074478149414 -55.98526382446289 0
vertex 15.500064849853516 -56.08280944824219 1.7000000476837158
endloop
endfacet
facet normal -0.8314707629512766 -0.5555685109482196 0
outer loop
vertex 15.500064849853516 -56.08280944824219 1.7000000476837158
vertex 15.500064849853516 -56.08280944824219 0
vertex 15.597613334655762 -56.22880172729492 1.7000000476837158
endloop
endfacet
facet normal 0 0 -1
outer loop
vertex 14.766121864318848 -56.57321548461914 1.7000000476837158
vertex 14.731866836547852 -56.40100860595703 1.7000000476837158
vertex 14.766121864318848 -56.22880172729492 1.7000000476837158
endloop
endfacet
facet normal 0 0 -1
outer loop
vertex 14.766121864318848 -56.57321548461914 1.7000000476837158
vertex 14.766121864318848 -56.22880172729492 1.7000000476837158
vertex 14.863669395446777 -56.08280944824219 1.7000000476837158
endloop
endfacet
facet normal 0 0 -1
outer loop
vertex 14.863669395446777 -56.719207763671875 1.7000000476837158
vertex 14.766121864318848 -56.57321548461914 1.7000000476837158
vertex 14.863669395446777 -56.08280944824219 1.7000000476837158
endloop
endfacet
facet normal 0 0 -1
outer loop
vertex 15.009659767150879 -56.81675338745117 1.7000000476837158
vertex 14.863669395446777 -56.719207763671875 1.7000000476837158
vertex 15.009659767150879 -55.98526382446289 1.7000000476837158
endloop
endfacet
facet normal 0 0 -1
outer loop
vertex 15.009659767150879 -55.98526382446289 1.7000000476837158
vertex 14.863669395446777 -56.719207763671875 1.7000000476837158
vertex 14.863669395446777 -56.08280944824219 1.7000000476837158
endloop
endfacet
facet normal 0 0 -1
outer loop
vertex 15.009659767150879 -56.81675338745117 1.7000000476837158
vertex 15.009659767150879 -55.98526382446289 1.7000000476837158
vertex 15.181867599487305 -55.95100784301758 1.7000000476837158
endloop
endfacet
facet normal 0 0 -1
outer loop
vertex 15.181867599487305 -56.851009368896484 1.7000000476837158
vertex 15.009659767150879 -56.81675338745117 1.7000000476837158
vertex 15.181867599487305 -55.95100784301758 1.7000000476837158
endloop
endfacet
facet normal 0 0 -1
outer loop
vertex 15.354074478149414 -56.81675338745117 1.7000000476837158
vertex 15.181867599487305 -56.851009368896484 1.7000000476837158
vertex 15.354074478149414 -55.98526382446289 1.7000000476837158
endloop
endfacet
facet normal -0.5555622638012966 -0.8314749371087372 0
outer loop
vertex 15.500064849853516 -56.08280944824219 0
vertex 15.500064849853516 -56.08280944824219 1.7000000476837158
vertex 15.354074478149414 -55.98526382446289 0
endloop
endfacet
facet normal 0 0 -1
outer loop
vertex 15.354074478149414 -55.98526382446289 1.7000000476837158
vertex 15.181867599487305 -56.851009368896484 1.7000000476837158
vertex 15.181867599487305 -55.95100784301758 1.7000000476837158
endloop
endfacet
facet normal 0 0 -1
outer loop
vertex 15.354074478149414 -55.98526382446289 1.7000000476837158
vertex 15.500064849853516 -56.08280944824219 1.7000000476837158
vertex 15.354074478149414 -56.81675338745117 1.7000000476837158
endloop
endfacet
facet normal 0 0 -1
outer loop
vertex 15.500064849853516 -56.719207763671875 1.7000000476837158
vertex 15.354074478149414 -56.81675338745117 1.7000000476837158
vertex 15.500064849853516 -56.08280944824219 1.7000000476837158
endloop
endfacet
facet normal 0.19509971138541468 -0.9807834126948354 0
outer loop
vertex 15.181867599487305 -55.95100784301758 0
vertex 15.181867599487305 -55.95100784301758 1.7000000476837158
vertex 15.009659767150879 -55.98526382446289 0
endloop
endfacet
facet normal 0.5555622638012966 -0.8314749371087372 0
outer loop
vertex 15.009659767150879 -55.98526382446289 0
vertex 15.009659767150879 -55.98526382446289 1.7000000476837158
vertex 14.863669395446777 -56.08280944824219 0
endloop
endfacet
facet normal 0.8314732719568675 -0.5555647559208026 0
outer loop
vertex 14.863669395446777 -56.08280944824219 0
vertex 14.863669395446777 -56.08280944824219 1.7000000476837158
vertex 14.766121864318848 -56.22880172729492 0
endloop
endfacet
facet normal -0.8314707629512766 -0.5555685109482196 0
outer loop
vertex 15.597613334655762 -56.22880172729492 0
vertex 15.597613334655762 -56.22880172729492 1.7000000476837158
vertex 15.500064849853516 -56.08280944824219 0
endloop
endfacet
facet normal -0.9807852845629332 -0.19509030110388895 0
outer loop
vertex 15.631867408752441 -56.40100860595703 0
vertex 15.631867408752441 -56.40100860595703 1.7000000476837158
vertex 15.597613334655762 -56.22880172729492 0
endloop
endfacet
facet normal -0.9807852845629332 0.19509030110388895 0
outer loop
vertex 15.597613334655762 -56.57321548461914 0
vertex 15.597613334655762 -56.57321548461914 1.7000000476837158
vertex 15.631867408752441 -56.40100860595703 0
endloop
endfacet
facet normal -0.8314707629512766 0.5555685109482196 0
outer loop
vertex 15.500064849853516 -56.719207763671875 0
vertex 15.500064849853516 -56.719207763671875 1.7000000476837158
vertex 15.597613334655762 -56.57321548461914 0
endloop
endfacet
facet normal -0.5555622638012966 0.8314749371087372 0
outer loop
vertex 15.500064849853516 -56.719207763671875 0
vertex 15.354074478149414 -56.81675338745117 0
vertex 15.354074478149414 -56.81675338745117 1.7000000476837158
endloop
endfacet
facet normal -0.1951007507126451 0.9807832059488795 0
outer loop
vertex 15.354074478149414 -56.81675338745117 0
vertex 15.181867599487305 -56.851009368896484 0
vertex 15.181867599487305 -56.851009368896484 1.7000000476837158
endloop
endfacet
facet normal 0.19509971138541468 0.9807834126948354 0
outer loop
vertex 15.181867599487305 -56.851009368896484 0
vertex 15.009659767150879 -56.81675338745117 0
vertex 15.009659767150879 -56.81675338745117 1.7000000476837158
endloop
endfacet
facet normal 0.5555622638012966 0.8314749371087372 0
outer loop
vertex 15.009659767150879 -56.81675338745117 0
vertex 14.863669395446777 -56.719207763671875 0
vertex 14.863669395446777 -56.719207763671875 1.7000000476837158
endloop
endfacet
facet normal 0 0 -1
outer loop
vertex 15.597613334655762 -56.57321548461914 1.7000000476837158
vertex 15.500064849853516 -56.719207763671875 1.7000000476837158
vertex 15.597613334655762 -56.22880172729492 1.7000000476837158
endloop
endfacet
facet normal 0 0 -1
outer loop
vertex 15.500064849853516 -56.08280944824219 1.7000000476837158
vertex 15.597613334655762 -56.22880172729492 1.7000000476837158
vertex 15.500064849853516 -56.719207763671875 1.7000000476837158
endloop
endfacet
facet normal 0 0 -1
outer loop
vertex 15.631867408752441 -56.40100860595703 1.7000000476837158
vertex 15.597613334655762 -56.57321548461914 1.7000000476837158
vertex 15.597613334655762 -56.22880172729492 1.7000000476837158
endloop
endfacet
facet normal 0.8314732719568675 0.5555647559208026 0
outer loop
vertex 14.863669395446777 -56.719207763671875 0
vertex 14.766121864318848 -56.57321548461914 0
vertex 14.766121864318848 -56.57321548461914 1.7000000476837158
endloop
endfacet
facet normal 0.9807842452687219 -0.1950955259165719 0
outer loop
vertex 14.766121864318848 -56.22880172729492 0
vertex 14.766121864318848 -56.22880172729492 1.7000000476837158
vertex 14.731866836547852 -56.40100860595703 0
endloop
endfacet
facet normal 0.5555622638012966 0.8314749371087372 0
outer loop
vertex 15.009659767150879 -56.81675338745117 1.7000000476837158
vertex 15.009659767150879 -56.81675338745117 0
vertex 14.863669395446777 -56.719207763671875 1.7000000476837158
endloop
endfacet
facet normal 0.999999999811901 0.000019395820197098407 0
outer loop
vertex 76.56433868408203 41.35755157470703 5
vertex 76.56434631347656 40.96419906616211 5
vertex 76.56434631347656 40.96419906616211 4.5
endloop
endfacet
facet normal 0 0 -1
outer loop
vertex -20.96784019470215 -56.32600784301758 0
vertex -30.4178409576416 -54.65100860595703 0
vertex -25.867841720581055 -53.95100784301758 0
endloop
endfacet
facet normal 0 0 -1
outer loop
vertex 14.731866836547852 -55.13100814819336 0
vertex 12.132159233093262 -58.70100784301758 0
vertex 14.731866836547852 -53.86100769042969 0
endloop
endfacet
facet normal 0 0 -1
outer loop
vertex 14.731866836547852 -53.86100769042969 0
vertex 12.132159233093262 -58.70100784301758 0
vertex 14.731866836547852 -52.591007232666016 0
endloop
endfacet
facet normal 0 0 -1
outer loop
vertex 14.731866836547852 -52.591007232666016 0
vertex 12.132159233093262 -58.70100784301758 0
vertex 14.731866836547852 -51.321006774902344 0
endloop
endfacet
facet normal 0 0 -1
outer loop
vertex 14.731866836547852 -55.13100814819336 0
vertex 14.766121864318848 -54.0332145690918 0
vertex 14.766121864318848 -54.95880126953125 0
endloop
endfacet
facet normal 0 0 -1
outer loop
vertex 14.766121864318848 -54.0332145690918 0
vertex 14.731866836547852 -55.13100814819336 0
vertex 14.731866836547852 -53.86100769042969 0
endloop
endfacet
facet normal 0 0 -1
outer loop
vertex 14.766121864318848 -54.95880126953125 0
vertex 14.766121864318848 -54.0332145690918 0
vertex 14.863669395446777 -54.17920684814453 0
endloop
endfacet
facet normal 0 0 -1
outer loop
vertex 15.354074478149414 -56.81675338745117 0
vertex 14.122244834899902 -60.83854675292969 0
vertex 15.181867599487305 -56.851009368896484 0
endloop
endfacet
facet normal 0 0 -1
outer loop
vertex 15.500064849853516 -56.719207763671875 0
vertex 14.321064949035645 -60.94481658935547 0
vertex 15.354074478149414 -56.81675338745117 0
endloop
endfacet
facet normal 0 0 -1
outer loop
vertex 14.863669395446777 -56.08280944824219 0
vertex 15.354074478149414 -55.5467529296875 0
vertex 15.009659767150879 -55.98526382446289 0
endloop
endfacet
facet normal 0 0 -1
outer loop
vertex 15.009659767150879 -55.98526382446289 0
vertex 15.354074478149414 -55.5467529296875 0
vertex 15.181867599487305 -55.95100784301758 0
endloop
endfacet
facet normal 0 0 -1
outer loop
vertex 15.181867599487305 -55.95100784301758 0
vertex 15.354074478149414 -55.5467529296875 0
vertex 15.354074478149414 -55.98526382446289 0
endloop
endfacet
facet normal 0 0 -1
outer loop
vertex 15.354074478149414 -55.98526382446289 0
vertex 15.354074478149414 -55.5467529296875 0
vertex 15.500064849853516 -56.08280944824219 0
endloop
endfacet
facet normal 0 0 -1
outer loop
vertex 15.500064849853516 -56.08280944824219 0
vertex 15.354074478149414 -55.5467529296875 0
vertex 15.500064849853516 -55.4492073059082 0
endloop
endfacet
facet normal 0 0 -1
outer loop
vertex 15.500064849853516 -56.08280944824219 0
vertex 15.500064849853516 -55.4492073059082 0
vertex 15.597613334655762 -55.30321502685547 0
endloop
endfacet
facet normal 0 0 -1
outer loop
vertex 14.766121864318848 -54.95880126953125 0
vertex 14.863669395446777 -54.17920684814453 0
vertex 14.863669395446777 -54.812808990478516 0
endloop
endfacet
facet normal 0 0 -1
outer loop
vertex 14.863669395446777 -54.812808990478516 0
vertex 14.863669395446777 -54.17920684814453 0
vertex 15.009659767150879 -54.71526336669922 0
endloop
endfacet
facet normal 0 0 -1
outer loop
vertex 15.009659767150879 -54.71526336669922 0
vertex 15.181867599487305 -54.31100845336914 0
vertex 15.181867599487305 -54.681007385253906 0
endloop
endfacet
facet normal 0 0 -1
outer loop
vertex 15.181867599487305 -54.681007385253906 0
vertex 15.181867599487305 -54.31100845336914 0
vertex 15.354074478149414 -54.71526336669922 0
endloop
endfacet
facet normal 0 0 -1
outer loop
vertex 15.354074478149414 -54.71526336669922 0
vertex 15.354074478149414 -54.27675247192383 0
vertex 15.500064849853516 -54.812808990478516 0
endloop
endfacet
facet normal 0 0 -1
outer loop
vertex 15.181867599487305 -54.31100845336914 0
vertex 15.009659767150879 -54.71526336669922 0
vertex 15.009659767150879 -54.27675247192383 0
endloop
endfacet
facet normal 0 0 -1
outer loop
vertex 15.009659767150879 -54.27675247192383 0
vertex 15.009659767150879 -54.71526336669922 0
vertex 14.863669395446777 -54.17920684814453 0
endloop
endfacet
facet normal 0 0 -1
outer loop
vertex 15.354074478149414 -54.27675247192383 0
vertex 15.354074478149414 -54.71526336669922 0
vertex 15.181867599487305 -54.31100845336914 0
endloop
endfacet
facet normal 0 0 -1
outer loop
vertex 15.500064849853516 -54.812808990478516 0
vertex 15.500064849853516 -54.17920684814453 0
vertex 15.597613334655762 -54.95880126953125 0
endloop
endfacet
facet normal 0 0 -1
outer loop
vertex 15.631867408752441 -55.13100814819336 0
vertex 15.597613334655762 -54.95880126953125 0
vertex 15.631867408752441 -53.86100769042969 0
endloop
endfacet
facet normal 0 0 -1
outer loop
vertex 15.500064849853516 -54.812808990478516 0
vertex 15.354074478149414 -54.27675247192383 0
vertex 15.500064849853516 -54.17920684814453 0
endloop
endfacet
facet normal 0 0 -1
outer loop
vertex 15.597613334655762 -54.95880126953125 0
vertex 15.500064849853516 -54.17920684814453 0
vertex 15.597613334655762 -54.0332145690918 0
endloop
endfacet
facet normal 0 0 -1
outer loop
vertex 15.631867408752441 -53.86100769042969 0
vertex 15.597613334655762 -54.95880126953125 0
vertex 15.597613334655762 -54.0332145690918 0
endloop
endfacet
facet normal 0 0 -1
outer loop
vertex 15.500064849853516 -56.08280944824219 0
vertex 15.597613334655762 -55.30321502685547 0
vertex 17.03215980529785 -56.32600784301758 0
endloop
endfacet
facet normal 0 0 -1
outer loop
vertex 15.597613334655762 -55.30321502685547 0
vertex 15.631867408752441 -55.13100814819336 0
vertex 17.03215980529785 -56.32600784301758 0
endloop
endfacet
facet normal 0 0 -1
outer loop
vertex 15.631867408752441 -55.13100814819336 0
vertex 15.631867408752441 -53.86100769042969 0
vertex 17.03215980529785 -56.32600784301758 0
endloop
endfacet
facet normal 0 0 -1
outer loop
vertex 15.631867408752441 -53.86100769042969 0
vertex 15.631867408752441 -52.591007232666016 0
vertex 17.03215980529785 -56.32600784301758 0
endloop
endfacet
facet normal 0 0 -1
outer loop
vertex 12.132159233093262 -58.70100784301758 0
vertex 15.009659767150879 -55.5467529296875 0
vertex 15.181867599487305 -55.58100891113281 0
endloop
endfacet
facet normal 0 0 -1
outer loop
vertex 14.863669395446777 -55.4492073059082 0
vertex 12.132159233093262 -58.70100784301758 0
vertex 14.766121864318848 -55.30321502685547 0
endloop
endfacet
facet normal 0 0 -1
outer loop
vertex 12.132159233093262 -58.70100784301758 0
vertex 14.863669395446777 -55.4492073059082 0
vertex 15.009659767150879 -55.5467529296875 0
endloop
endfacet
facet normal 0 0 -1
outer loop
vertex 12.132159233093262 -58.70100784301758 0
vertex 14.731866836547852 -55.13100814819336 0
vertex 14.766121864318848 -55.30321502685547 0
endloop
endfacet
facet normal 0 0 -1
outer loop
vertex 14.863669395446777 -56.08280944824219 0
vertex 12.132159233093262 -58.70100784301758 0
vertex 15.354074478149414 -55.5467529296875 0
endloop
endfacet
facet normal 0 0 -1
outer loop
vertex 14.766121864318848 -56.22880172729492 0
vertex 12.132159233093262 -58.70100784301758 0
vertex 14.863669395446777 -56.08280944824219 0
endloop
endfacet
facet normal 0 0 -1
outer loop
vertex 14.731866836547852 -56.40100860595703 0
vertex 12.132159233093262 -58.70100784301758 0
vertex 14.766121864318848 -56.22880172729492 0
endloop
endfacet
facet normal 0 0 -1
outer loop
vertex 15.181867599487305 -56.851009368896484 0
vertex 13.906513214111328 -60.77310562133789 0
vertex 15.009659767150879 -56.81675338745117 0
endloop
endfacet
facet normal 0 0 -1
outer loop
vertex 13.457805633544922 -60.77310562133789 0
vertex 14.863669395446777 -56.719207763671875 0
vertex 15.009659767150879 -56.81675338745117 0
endloop
endfacet
facet normal 0 0 -1
outer loop
vertex 14.863669395446777 -56.719207763671875 0
vertex 12.132159233093262 -58.70100784301758 0
vertex 14.766121864318848 -56.57321548461914 0
endloop
endfacet
facet normal 0 0 -1
outer loop
vertex 12.132159233093262 -58.70100784301758 0
vertex 14.731866836547852 -56.40100860595703 0
vertex 14.766121864318848 -56.57321548461914 0
endloop
endfacet
facet normal 0 0 -1
outer loop
vertex 14.321064949035645 -60.94481658935547 0
vertex 15.500064849853516 -56.719207763671875 0
vertex 14.495331764221191 -61.08783721923828 0
endloop
endfacet
facet normal 0 0 -1
outer loop
vertex 14.122244834899902 -60.83854675292969 0
vertex 15.354074478149414 -56.81675338745117 0
vertex 14.321064949035645 -60.94481658935547 0
endloop
endfacet
facet normal 0 0 -1
outer loop
vertex 13.906513214111328 -60.77310562133789 0
vertex 15.181867599487305 -56.851009368896484 0
vertex 14.122244834899902 -60.83854675292969 0
endloop
endfacet
facet normal 0 0 -1
outer loop
vertex 13.682159423828125 -60.751007080078125 0
vertex 15.009659767150879 -56.81675338745117 0
vertex 13.906513214111328 -60.77310562133789 0
endloop
endfacet
facet normal 0 0 -1
outer loop
vertex 13.682159423828125 -60.751007080078125 0
vertex 13.457805633544922 -60.77310562133789 0
vertex 15.009659767150879 -56.81675338745117 0
endloop
endfacet
facet normal 0 0 -1
outer loop
vertex 12.132159233093262 -58.70100784301758 0
vertex 14.863669395446777 -56.719207763671875 0
vertex 13.457805633544922 -60.77310562133789 0
endloop
endfacet
facet normal 0 0 -1
outer loop
vertex 13.242073059082031 -60.83854675292969 0
vertex 12.132159233093262 -58.70100784301758 0
vertex 13.457805633544922 -60.77310562133789 0
endloop
endfacet
facet normal 0 0 -1
outer loop
vertex -65.91734313964844 -68.31982421875 0
vertex -66.2787094116211 -67.29918670654297 0
vertex -65.11784362792969 -66.1334457397461 0
endloop
endfacet
facet normal 0 0 -1
outer loop
vertex 13.242073059082031 -60.83854675292969 0
vertex 13.043253898620605 -60.94481658935547 0
vertex 12.132159233093262 -58.70100784301758 0
endloop
endfacet
facet normal 0 0 -1
outer loop
vertex -65.11784362792969 -66.1334457397461 0
vertex -66.2787094116211 -67.29918670654297 0
vertex -66.41320037841797 -66.13349914550781 0
endloop
endfacet
facet normal 0 0 -1
outer loop
vertex 13.043253898620605 -60.94481658935547 0
vertex 12.868986129760742 -61.08783721923828 0
vertex 12.132159233093262 -58.70100784301758 0
endloop
endfacet
facet normal 0 0 -1
outer loop
vertex 12.868986129760742 -61.08783721923828 0
vertex 12.725969314575195 -61.26210403442383 0
vertex 12.132159233093262 -58.70100784301758 0
endloop
endfacet
facet normal 0 0 -1
outer loop
vertex 7.582159042358398 -59.40100860595703 0
vertex 12.132159233093262 -58.70100784301758 0
vertex 12.725969314575195 -61.26210403442383 0
endloop
endfacet
facet normal 0 0 -1
outer loop
vertex 12.725969314575195 -61.26210403442383 0
vertex 12.619697570800781 -61.46092224121094 0
vertex 7.582159042358398 -59.40100860595703 0
endloop
endfacet
facet normal 0 0 -1
outer loop
vertex 12.619697570800781 -61.46092224121094 0
vertex 12.554256439208984 -61.67665481567383 0
vertex 7.582159042358398 -59.40100860595703 0
endloop
endfacet
facet normal 0 0 -1
outer loop
vertex 12.554256439208984 -61.67665481567383 0
vertex 12.532158851623535 -61.90100860595703 0
vertex 7.582159042358398 -59.40100860595703 0
endloop
endfacet
facet normal 0 0 -1
outer loop
vertex 12.532158851623535 -61.90100860595703 0
vertex 12.554256439208984 -62.125362396240234 0
vertex 7.582159042358398 -59.40100860595703 0
endloop
endfacet
facet normal 0 0 -1
outer loop
vertex 13.682159423828125 -63.05100631713867 0
vertex 13.906513214111328 -63.02891159057617 0
vertex 2.6536474227905273 -66.46485900878906 0
endloop
endfacet
facet normal 0 0 -1
outer loop
vertex 7.582159042358398 -59.40100860595703 0
vertex 7.582159042358398 -58.70100784301758 0
vertex 12.132159233093262 -58.70100784301758 0
endloop
endfacet
facet normal 0 0 -1
outer loop
vertex 7.582159042358398 -59.40100860595703 0
vertex 2.529250383377075 -66.48766326904297 0
vertex 2.5821592807769775 -59.40100860595703 0
endloop
endfacet
facet normal 0 0 -1
outer loop
vertex 2.5821592807769775 -59.40100860595703 0
vertex 1.5532885789871216 -66.85667419433594 0
vertex 2.5821592807769775 -58.70100784301758 0
endloop
endfacet
facet normal 0 0 -1
outer loop
vertex 12.619697570800781 -62.341094970703125 0
vertex 2.6536474227905273 -66.46485900878906 0
vertex 12.554256439208984 -62.125362396240234 0
endloop
endfacet
facet normal 0 0 -1
outer loop
vertex 2.6536474227905273 -66.46485900878906 0
vertex 13.242073059082031 -62.963470458984375 0
vertex 13.457805633544922 -63.02891159057617 0
endloop
endfacet
facet normal 0 0 -1
outer loop
vertex 12.725969314575195 -62.539913177490234 0
vertex 12.868986129760742 -62.71417999267578 0
vertex 2.6536474227905273 -66.46485900878906 0
endloop
endfacet
facet normal 0 0 -1
outer loop
vertex 13.043253898620605 -62.85719680786133 0
vertex 13.242073059082031 -62.963470458984375 0
vertex 2.6536474227905273 -66.46485900878906 0
endloop
endfacet
facet normal 0 0 -1
outer loop
vertex 12.868986129760742 -62.71417999267578 0
vertex 13.043253898620605 -62.85719680786133 0
vertex 2.6536474227905273 -66.46485900878906 0
endloop
endfacet
facet normal 0 0 -1
outer loop
vertex 13.682159423828125 -63.05100631713867 0
vertex 2.6536474227905273 -66.46485900878906 0
vertex 13.457805633544922 -63.02891159057617 0
endloop
endfacet
facet normal 0 0 -1
outer loop
vertex 12.725969314575195 -62.539913177490234 0
vertex 2.6536474227905273 -66.46485900878906 0
vertex 12.619697570800781 -62.341094970703125 0
endloop
endfacet
facet normal 0 0 -1
outer loop
vertex 12.554256439208984 -62.125362396240234 0
vertex 2.6536474227905273 -66.46485900878906 0
vertex 7.582159042358398 -59.40100860595703 0
endloop
endfacet
facet normal 0 0 -1
outer loop
vertex 2.529250383377075 -66.48766326904297 0
vertex 7.582159042358398 -59.40100860595703 0
vertex 2.6536474227905273 -66.46485900878906 0
endloop
endfacet
facet normal 0 0 -1
outer loop
vertex 1.5532885789871216 -66.85667419433594 0
vertex 2.5821592807769775 -59.40100860595703 0
vertex 2.529250383377075 -66.48766326904297 0
endloop
endfacet
facet normal 0 0 -1
outer loop
vertex 1.4587947130203247 -66.91033172607422 0
vertex 2.5821592807769775 -58.70100784301758 0
vertex 1.5532885789871216 -66.85667419433594 0
endloop
endfacet
facet normal 0 0 -1
outer loop
vertex 0.6489223837852478 -67.55371856689453 0
vertex 2.5821592807769775 -58.70100784301758 0
vertex 1.4587947130203247 -66.91033172607422 0
endloop
endfacet
facet normal 0 0 -1
outer loop
vertex 0.5754699110984802 -67.63335418701172 0
vertex 2.5821592807769775 -58.70100784301758 0
vertex 0.6489223837852478 -67.55371856689453 0
endloop
endfacet
facet normal 0 0 -1
outer loop
vertex 0.5754699110984802 -67.63335418701172 0
vertex -0.5500126481056213 -69.3123779296875 0
vertex 2.5821592807769775 -58.70100784301758 0
endloop
endfacet
facet normal 0 0 1
outer loop
vertex -6.398430347442627 42.17831802368164 5
vertex -7.844638824462891 42.937042236328125 5
vertex -12.4083890914917 36.4590950012207 5
endloop
endfacet
facet normal 0 0 1
outer loop
vertex -5.8009257316589355 41.649681091308594 5
vertex -12.4083890914917 36.4590950012207 5
vertex -4.166345119476318 39.64432144165039 5
endloop
endfacet
facet normal 0 0 1
outer loop
vertex -5.8009257316589355 41.649681091308594 5
vertex -6.398430347442627 42.17831802368164 5
vertex -12.4083890914917 36.4590950012207 5
endloop
endfacet
facet normal 0 0 1
outer loop
vertex -2.1245343685150146 38.85642623901367 5
vertex -2.1961004734039307 38.86343765258789 5
vertex -16.057737350463867 22.839540481567383 5
endloop
endfacet
facet normal 0 0 1
outer loop
vertex -4.056914329528809 39.554805755615234 5
vertex -4.166345119476318 39.64432144165039 5
vertex -16.057737350463867 22.839540481567383 5
endloop
endfacet
facet normal 0 0 1
outer loop
vertex -2.1961004734039307 38.86343765258789 5
vertex -3.037151575088501 39.03419876098633 5
vertex -16.057737350463867 22.839540481567383 5
endloop
endfacet
facet normal 0 0 1
outer loop
vertex -3.037151575088501 39.03419876098633 5
vertex -3.130950689315796 39.067623138427734 5
vertex -16.057737350463867 22.839540481567383 5
endloop
endfacet
facet normal 0 0 1
outer loop
vertex -3.130950689315796 39.067623138427734 5
vertex -4.056914329528809 39.554805755615234 5
vertex -16.057737350463867 22.839540481567383 5
endloop
endfacet
facet normal 0 0 1
outer loop
vertex -7.844638824462891 42.937042236328125 5
vertex -23.962087631225586 47.2951774597168 5
vertex -12.4083890914917 36.4590950012207 5
endloop
endfacet
facet normal 0 0 1
outer loop
vertex -12.4083890914917 36.4590950012207 5
vertex -16.057737350463867 22.839540481567383 5
vertex -4.166345119476318 39.64432144165039 5
endloop
endfacet
facet normal 0 0 1
outer loop
vertex -23.962087631225586 47.2951774597168 5
vertex -26.027942657470703 40.10844421386719 5
vertex -12.4083890914917 36.4590950012207 5
endloop
endfacet
facet normal 0 0 1
outer loop
vertex -24.051952362060547 47.33353805541992 5
vertex -25.752843856811523 48.359588623046875 5
vertex -31.09297752380371 42.49466323852539 5
endloop
endfacet
facet normal 0 0 1
outer loop
vertex -24.051952362060547 47.33353805541992 5
vertex -36.37493133544922 29.421369552612305 5
vertex -23.962087631225586 47.2951774597168 5
endloop
endfacet
facet normal 0 0 1
outer loop
vertex -25.752843856811523 48.359588623046875 5
vertex -41.23902130126953 54.633270263671875 5
vertex -31.09297752380371 42.49466323852539 5
endloop
endfacet
facet normal 0 0 1
outer loop
vertex -26.027942657470703 40.10844421386719 5
vertex -23.962087631225586 47.2951774597168 5
vertex -36.37493133544922 29.421369552612305 5
endloop
endfacet
facet normal 0 0 1
outer loop
vertex -31.09297752380371 42.49466323852539 5
vertex -36.37493133544922 29.421369552612305 5
vertex -24.051952362060547 47.33353805541992 5
endloop
endfacet
facet normal 0 0 1
outer loop
vertex -29.677291870117188 26.488889694213867 5
vertex -26.027942657470703 40.10844421386719 5
vertex -36.37493133544922 29.421369552612305 5
endloop
endfacet
facet normal 0.775124460494662 0.6318085712799875 0
outer loop
vertex -4.166345119476318 39.64432144165039 5
vertex -5.8009257316589355 41.649681091308594 0
vertex -5.8009257316589355 41.649681091308594 5
endloop
endfacet
facet normal 0.6626267299213837 0.7489498092620718 0
outer loop
vertex -5.8009257316589355 41.649681091308594 5
vertex -6.398430347442627 42.17831802368164 0
vertex -6.398430347442627 42.17831802368164 5
endloop
endfacet
facet normal 0.4645769596824389 0.8855327484244846 0
outer loop
vertex -6.398430347442627 42.17831802368164 5
vertex -7.844638824462891 42.937042236328125 0
vertex -7.844638824462891 42.937042236328125 5
endloop
endfacet
facet normal 0.09750432704598358 0.9952351009722827 0
outer loop
vertex -2.1245343685150146 38.85642623901367 5
vertex -2.1961004734039307 38.86343765258789 0
vertex -2.1961004734039307 38.86343765258789 5
endloop
endfacet
facet normal 0.19897331335339893 0.9800049084434068 0
outer loop
vertex -2.1961004734039307 38.86343765258789 5
vertex -3.037151575088501 39.03419876098633 0
vertex -3.037151575088501 39.03419876098633 5
endloop
endfacet
facet normal 0.3356655965716945 0.9419812138669053 0
outer loop
vertex -3.037151575088501 39.03419876098633 5
vertex -3.130950689315796 39.067623138427734 0
vertex -3.130950689315796 39.067623138427734 5
endloop
endfacet
facet normal 0.4656216905244732 0.8849838650015782 0
outer loop
vertex -3.130950689315796 39.067623138427734 5
vertex -4.056914329528809 39.554805755615234 0
vertex -4.056914329528809 39.554805755615234 5
endloop
endfacet
facet normal 0.6331589949374896 0.7740217614058069 0
outer loop
vertex -4.056914329528809 39.554805755615234 5
vertex -4.166345119476318 39.64432144165039 0
vertex -4.166345119476318 39.64432144165039 5
endloop
endfacet
facet normal 0.26102445046742495 0.9653321895897696 0
outer loop
vertex -7.844638824462891 42.937042236328125 5
vertex -23.962087631225586 47.2951774597168 0
vertex -23.962087631225586 47.2951774597168 5
endloop
endfacet
facet normal 0.3754738741280607 0.9268329783986247 0
outer loop
vertex -25.752843856811523 48.359588623046875 5
vertex -41.23902130126953 54.633270263671875 0
vertex -41.23902130126953 54.633270263671875 5
endloop
endfacet
facet normal 0.3925972157605077 0.9197105121597217 0
outer loop
vertex -23.962087631225586 47.2951774597168 5
vertex -24.051952362060547 47.33353805541992 0
vertex -24.051952362060547 47.33353805541992 5
endloop
endfacet
facet normal 0.516535993857008 0.856265476969703 0
outer loop
vertex -24.051952362060547 47.33353805541992 5
vertex -25.752843856811523 48.359588623046875 0
vertex -25.752843856811523 48.359588623046875 5
endloop
endfacet
facet normal 0 0 1
outer loop
vertex -1.9678407907485962 31.39899253845215 5
vertex -2.1245343685150146 38.85642623901367 5
vertex -16.057737350463867 22.839540481567383 5
endloop
endfacet
facet normal 0 0 1
outer loop
vertex -1.9678407907485962 31.39899253845215 5
vertex -6.867840766906738 0.6739917993545532 5
vertex -1.9678407907485962 17.298992156982422 5
endloop
endfacet
facet normal 0 0 1
outer loop
vertex -16.057737350463867 22.839540481567383 5
vertex -6.867840766906738 14.773991584777832 5
vertex -1.9678407907485962 31.39899253845215 5
endloop
endfacet
facet normal 0 0 1
outer loop
vertex -6.867840766906738 14.773991584777832 5
vertex -6.867840766906738 0.6739917993545532 5
vertex -1.9678407907485962 31.39899253845215 5
endloop
endfacet
facet normal 0 0 1
outer loop
vertex -16.057737350463867 22.839540481567383 5
vertex -24.514265060424805 25.105459213256836 5
vertex -6.867840766906738 14.773991584777832 5
endloop
endfacet
facet normal 0 0 1
outer loop
vertex -24.514265060424805 25.105459213256836 5
vertex -20.96784019470215 14.773991584777832 5
vertex -6.867840766906738 14.773991584777832 5
endloop
endfacet
facet normal 0 0 -1
outer loop
vertex -1.9678407907485962 -44.601009368896484 0
vertex 2.5821592807769775 -43.90100860595703 0
vertex 2.5821592807769775 -44.601009368896484 0
endloop
endfacet
facet normal 0 0 -1
outer loop
vertex -1.9678407907485962 -44.601009368896484 0
vertex 2.5821592807769775 -39.70100784301758 0
vertex 2.5821592807769775 -40.40100860595703 0
endloop
endfacet
facet normal 0 0 -1
outer loop
vertex 2.5821592807769775 -43.90100860595703 0
vertex -1.9678407907485962 -44.601009368896484 0
vertex 7.582159042358398 -40.40100860595703 0
endloop
endfacet
facet normal 0 0 -1
outer loop
vertex 7.582159042358398 -40.40100860595703 0
vertex -1.9678407907485962 -44.601009368896484 0
vertex 2.5821592807769775 -40.40100860595703 0
endloop
endfacet
facet normal 0 0 -1
outer loop
vertex 2.5821592807769775 -43.90100860595703 0
vertex 7.582159042358398 -40.40100860595703 0
vertex 7.582159042358398 -43.90100860595703 0
endloop
endfacet
facet normal 0 0 -1
outer loop
vertex 7.582159042358398 -44.601009368896484 0
vertex 7.582159042358398 -43.90100860595703 0
vertex 12.132159233093262 -39.70100784301758 0
endloop
endfacet
facet normal 0 0 -1
outer loop
vertex 12.132159233093262 -39.70100784301758 0
vertex 7.582159042358398 -43.90100860595703 0
vertex 7.582159042358398 -40.40100860595703 0
endloop
endfacet
facet normal 0 0 -1
outer loop
vertex 12.132159233093262 -39.70100784301758 0
vertex 7.582159042358398 -40.40100860595703 0
vertex 7.582159042358398 -39.70100784301758 0
endloop
endfacet
facet normal 0 0 -1
outer loop
vertex 14.731866836547852 -53.86100769042969 0
vertex 14.731866836547852 -52.591007232666016 0
vertex 14.766121864318848 -53.68880081176758 0
endloop
endfacet
facet normal 0 0 -1
outer loop
vertex 14.766121864318848 -53.68880081176758 0
vertex 14.766121864318848 -52.763214111328125 0
vertex 14.863669395446777 -53.542808532714844 0
endloop
endfacet
facet normal 0 0 -1
outer loop
vertex 14.766121864318848 -52.763214111328125 0
vertex 14.766121864318848 -53.68880081176758 0
vertex 14.731866836547852 -52.591007232666016 0
endloop
endfacet
facet normal 0 0 -1
outer loop
vertex 14.731866836547852 -52.591007232666016 0
vertex 14.731866836547852 -51.321006774902344 0
vertex 14.766121864318848 -52.418800354003906 0
endloop
endfacet
facet normal 0 0 -1
outer loop
vertex 14.766121864318848 -52.418800354003906 0
vertex 14.766121864318848 -51.49321746826172 0
vertex 14.863669395446777 -52.27281188964844 0
endloop
endfacet
facet normal 0 0 -1
outer loop
vertex 14.731866836547852 -51.321006774902344 0
vertex 12.132159233093262 -58.70100784301758 0
vertex 12.132159233093262 -44.601009368896484 0
endloop
endfacet
facet normal 0 0 -1
outer loop
vertex 14.766121864318848 -51.49321746826172 0
vertex 14.766121864318848 -52.418800354003906 0
vertex 14.731866836547852 -51.321006774902344 0
endloop
endfacet
facet normal 0 0 -1
outer loop
vertex 14.731866836547852 -51.321006774902344 0
vertex 14.766121864318848 -50.22321701049805 0
vertex 14.766121864318848 -51.148799896240234 0
endloop
endfacet
facet normal 0 0 -1
outer loop
vertex 14.766121864318848 -51.148799896240234 0
vertex 14.766121864318848 -50.22321701049805 0
vertex 14.863669395446777 -51.002811431884766 0
endloop
endfacet
facet normal 0 0 -1
outer loop
vertex 14.766121864318848 -50.22321701049805 0
vertex 14.731866836547852 -51.321006774902344 0
vertex 14.731866836547852 -50.05100631713867 0
endloop
endfacet
facet normal 0 0 -1
outer loop
vertex 14.731866836547852 -50.05100631713867 0
vertex 14.731866836547852 -51.321006774902344 0
vertex 12.132159233093262 -44.601009368896484 0
endloop
endfacet
facet normal 0 0 -1
outer loop
vertex 14.731866836547852 -50.05100631713867 0
vertex 14.731866836547852 -48.781009674072266 0
vertex 14.766121864318848 -49.87879943847656 0
endloop
endfacet
facet normal 0 0 -1
outer loop
vertex 14.766121864318848 -49.87879943847656 0
vertex 14.766121864318848 -48.953216552734375 0
vertex 14.863669395446777 -49.732810974121094 0
endloop
endfacet
facet normal 0 0 -1
outer loop
vertex 14.766121864318848 -48.953216552734375 0
vertex 14.766121864318848 -49.87879943847656 0
vertex 14.731866836547852 -48.781009674072266 0
endloop
endfacet
facet normal 0 0 -1
outer loop
vertex 14.731866836547852 -48.781009674072266 0
vertex 14.731866836547852 -50.05100631713867 0
vertex 12.132159233093262 -44.601009368896484 0
endloop
endfacet
facet normal 0 0 -1
outer loop
vertex 14.731866836547852 -48.781009674072266 0
vertex 12.132159233093262 -44.601009368896484 0
vertex 14.766121864318848 -48.60879898071289 0
endloop
endfacet
facet normal 0 0 -1
outer loop
vertex 14.766121864318848 -48.60879898071289 0
vertex 12.132159233093262 -44.601009368896484 0
vertex 14.863669395446777 -48.46281051635742 0
endloop
endfacet
facet normal 0 0 -1
outer loop
vertex 14.863669395446777 -48.46281051635742 0
vertex 12.132159233093262 -44.601009368896484 0
vertex 15.009659767150879 -48.36526107788086 0
endloop
endfacet
facet normal 0 0 -1
outer loop
vertex 15.009659767150879 -48.36526107788086 0
vertex 12.132159233093262 -44.601009368896484 0
vertex 15.181867599487305 -48.33100891113281 0
endloop
endfacet
facet normal 0 0 -1
outer loop
vertex 14.766121864318848 -47.6832160949707 0
vertex 12.132159233093262 -44.601009368896484 0
vertex 14.731866836547852 -47.511009216308594 0
endloop
endfacet
facet normal 0 0 -1
outer loop
vertex 12.132159233093262 -44.601009368896484 0
vertex 14.766121864318848 -47.6832160949707 0
vertex 15.181867599487305 -48.33100891113281 0
endloop
endfacet
facet normal 0 0 -1
outer loop
vertex 14.731866836547852 -47.511009216308594 0
vertex 14.766121864318848 -46.41321563720703 0
vertex 14.766121864318848 -47.338802337646484 0
endloop
endfacet
facet normal 0 0 -1
outer loop
vertex 14.766121864318848 -47.338802337646484 0
vertex 14.766121864318848 -46.41321563720703 0
vertex 14.863669395446777 -47.19281005859375 0
endloop
endfacet
facet normal 0 0 -1
outer loop
vertex 14.766121864318848 -46.41321563720703 0
vertex 14.731866836547852 -47.511009216308594 0
vertex 14.731866836547852 -46.24100875854492 0
endloop
endfacet
facet normal 0 0 -1
outer loop
vertex 14.731866836547852 -46.24100875854492 0
vertex 14.731866836547852 -47.511009216308594 0
vertex 12.132159233093262 -44.601009368896484 0
endloop
endfacet
facet normal 0 0 -1
outer loop
vertex 14.731866836547852 -46.24100875854492 0
vertex 12.132159233093262 -44.601009368896484 0
vertex 14.766121864318848 -46.06880187988281 0
endloop
endfacet
facet normal 0 0 -1
outer loop
vertex 14.766121864318848 -46.06880187988281 0
vertex 12.132159233093262 -44.601009368896484 0
vertex 14.863669395446777 -45.92280960083008 0
endloop
endfacet
facet normal 0 0 -1
outer loop
vertex 14.863669395446777 -53.542808532714844 0
vertex 14.863669395446777 -52.90920639038086 0
vertex 15.009659767150879 -53.44526290893555 0
endloop
endfacet
facet normal 0 0 -1
outer loop
vertex 14.863669395446777 -53.542808532714844 0
vertex 14.766121864318848 -52.763214111328125 0
vertex 14.863669395446777 -52.90920639038086 0
endloop
endfacet
facet normal 0 0 -1
outer loop
vertex 15.009659767150879 -53.44526290893555 0
vertex 14.863669395446777 -52.90920639038086 0
vertex 15.009659767150879 -53.00675582885742 0
endloop
endfacet
facet normal 0 0 -1
outer loop
vertex 15.009659767150879 -53.44526290893555 0
vertex 15.009659767150879 -53.00675582885742 0
vertex 15.181867599487305 -53.04100799560547 0
endloop
endfacet
facet normal 0 0 -1
outer loop
vertex 15.009659767150879 -53.44526290893555 0
vertex 15.181867599487305 -53.04100799560547 0
vertex 15.181867599487305 -53.411006927490234 0
endloop
endfacet
facet normal 0 0 -1
outer loop
vertex 15.181867599487305 -53.411006927490234 0
vertex 15.181867599487305 -53.04100799560547 0
vertex 15.354074478149414 -53.44526290893555 0
endloop
endfacet
facet normal 0 0 -1
outer loop
vertex 15.354074478149414 -53.44526290893555 0
vertex 15.354074478149414 -53.00675582885742 0
vertex 15.500064849853516 -53.542808532714844 0
endloop
endfacet
facet normal 0 0 -1
outer loop
vertex 15.354074478149414 -53.00675582885742 0
vertex 15.354074478149414 -53.44526290893555 0
vertex 15.181867599487305 -53.04100799560547 0
endloop
endfacet
facet normal 0 0 -1
outer loop
vertex 15.500064849853516 -53.542808532714844 0
vertex 15.500064849853516 -52.90920639038086 0
vertex 15.597613334655762 -53.68880081176758 0
endloop
endfacet
facet normal 0 0 -1
outer loop
vertex 15.631867408752441 -53.86100769042969 0
vertex 15.597613334655762 -53.68880081176758 0
vertex 15.597613334655762 -52.763214111328125 0
endloop
endfacet
facet normal 0 0 -1
outer loop
vertex 15.500064849853516 -53.542808532714844 0
vertex 15.354074478149414 -53.00675582885742 0
vertex 15.500064849853516 -52.90920639038086 0
endloop
endfacet
facet normal 0 0 -1
outer loop
vertex 15.597613334655762 -52.763214111328125 0
vertex 15.597613334655762 -53.68880081176758 0
vertex 15.500064849853516 -52.90920639038086 0
endloop
endfacet
facet normal 0 0 -1
outer loop
vertex 15.631867408752441 -52.591007232666016 0
vertex 15.631867408752441 -53.86100769042969 0
vertex 15.597613334655762 -52.763214111328125 0
endloop
endfacet
facet normal 0 0 -1
outer loop
vertex 14.863669395446777 -52.27281188964844 0
vertex 14.863669395446777 -51.63920593261719 0
vertex 15.009659767150879 -52.175262451171875 0
endloop
endfacet
facet normal 0 0 -1
outer loop
vertex 15.009659767150879 -52.175262451171875 0
vertex 15.009659767150879 -51.73675537109375 0
vertex 15.181867599487305 -52.14100646972656 0
endloop
endfacet
facet normal 0 0 -1
outer loop
vertex 15.181867599487305 -52.14100646972656 0
vertex 15.181867599487305 -51.7710075378418 0
vertex 15.354074478149414 -52.175262451171875 0
endloop
endfacet
facet normal 0 0 -1
outer loop
vertex 15.181867599487305 -51.7710075378418 0
vertex 15.181867599487305 -52.14100646972656 0
vertex 15.009659767150879 -51.73675537109375 0
endloop
endfacet
facet normal 0 0 -1
outer loop
vertex 15.354074478149414 -52.175262451171875 0
vertex 15.354074478149414 -51.73675537109375 0
vertex 15.500064849853516 -52.27281188964844 0
endloop
endfacet
facet normal 0 0 -1
outer loop
vertex 15.354074478149414 -51.73675537109375 0
vertex 15.354074478149414 -52.175262451171875 0
vertex 15.181867599487305 -51.7710075378418 0
endloop
endfacet
facet normal 0 0 -1
outer loop
vertex 15.631867408752441 -52.591007232666016 0
vertex 15.597613334655762 -52.418800354003906 0
vertex 15.597613334655762 -51.49321746826172 0
endloop
endfacet
facet normal 0 0 -1
outer loop
vertex 15.597613334655762 -52.418800354003906 0
vertex 15.500064849853516 -52.27281188964844 0
vertex 15.500064849853516 -51.63920593261719 0
endloop
endfacet
facet normal 0 0 -1
outer loop
vertex 15.500064849853516 -51.63920593261719 0
vertex 15.500064849853516 -52.27281188964844 0
vertex 15.354074478149414 -51.73675537109375 0
endloop
endfacet
facet normal 0 0 -1
outer loop
vertex 15.631867408752441 -52.591007232666016 0
vertex 15.631867408752441 -51.321006774902344 0
vertex 17.03215980529785 -56.32600784301758 0
endloop
endfacet
facet normal 0 0 -1
outer loop
vertex 15.631867408752441 -51.321006774902344 0
vertex 15.631867408752441 -50.05100631713867 0
vertex 17.03215980529785 -56.32600784301758 0
endloop
endfacet
facet normal 0 0 -1
outer loop
vertex 14.863669395446777 -52.27281188964844 0
vertex 14.766121864318848 -51.49321746826172 0
vertex 14.863669395446777 -51.63920593261719 0
endloop
endfacet
facet normal 0 0 -1
outer loop
vertex 15.009659767150879 -51.73675537109375 0
vertex 15.009659767150879 -52.175262451171875 0
vertex 14.863669395446777 -51.63920593261719 0
endloop
endfacet
facet normal 0 0 -1
outer loop
vertex 15.354074478149414 -50.9052619934082 0
vertex 15.354074478149414 -50.46675491333008 0
vertex 15.500064849853516 -51.002811431884766 0
endloop
endfacet
facet normal 0 0 -1
outer loop
vertex 15.597613334655762 -51.49321746826172 0
vertex 15.597613334655762 -52.418800354003906 0
vertex 15.500064849853516 -51.63920593261719 0
endloop
endfacet
facet normal 0 0 -1
outer loop
vertex 15.631867408752441 -51.321006774902344 0
vertex 15.631867408752441 -52.591007232666016 0
vertex 15.597613334655762 -51.49321746826172 0
endloop
endfacet
facet normal 0 0 -1
outer loop
vertex 15.597613334655762 -51.148799896240234 0
vertex 15.500064849853516 -51.002811431884766 0
vertex 15.500064849853516 -50.369205474853516 0
endloop
endfacet
facet normal 0 0 -1
outer loop
vertex 15.631867408752441 -51.321006774902344 0
vertex 15.597613334655762 -51.148799896240234 0
vertex 15.597613334655762 -50.22321701049805 0
endloop
endfacet
facet normal 0 0 -1
outer loop
vertex 14.863669395446777 -51.002811431884766 0
vertex 14.863669395446777 -50.369205474853516 0
vertex 15.009659767150879 -50.9052619934082 0
endloop
endfacet
facet normal 0 0 -1
outer loop
vertex 14.863669395446777 -51.002811431884766 0
vertex 14.766121864318848 -50.22321701049805 0
vertex 14.863669395446777 -50.369205474853516 0
endloop
endfacet
facet normal 0 0 -1
outer loop
vertex 15.009659767150879 -50.9052619934082 0
vertex 15.009659767150879 -50.46675491333008 0
vertex 15.181867599487305 -50.871009826660156 0
endloop
endfacet
facet normal 0 0 -1
outer loop
vertex 15.009659767150879 -50.46675491333008 0
vertex 15.009659767150879 -50.9052619934082 0
vertex 14.863669395446777 -50.369205474853516 0
endloop
endfacet
facet normal 0 0 -1
outer loop
vertex 15.181867599487305 -50.871009826660156 0
vertex 15.181867599487305 -50.501007080078125 0
vertex 15.354074478149414 -50.9052619934082 0
endloop
endfacet
facet normal 0 0 -1
outer loop
vertex 15.181867599487305 -50.501007080078125 0
vertex 15.181867599487305 -50.871009826660156 0
vertex 15.009659767150879 -50.46675491333008 0
endloop
endfacet
facet normal 0 0 -1
outer loop
vertex 15.354074478149414 -50.46675491333008 0
vertex 15.354074478149414 -50.9052619934082 0
vertex 15.181867599487305 -50.501007080078125 0
endloop
endfacet
facet normal 0 0 -1
outer loop
vertex 15.500064849853516 -50.369205474853516 0
vertex 15.500064849853516 -51.002811431884766 0
vertex 15.354074478149414 -50.46675491333008 0
endloop
endfacet
facet normal 0 0 -1
outer loop
vertex 15.597613334655762 -50.22321701049805 0
vertex 15.597613334655762 -51.148799896240234 0
vertex 15.500064849853516 -50.369205474853516 0
endloop
endfacet
facet normal 0 0 -1
outer loop
vertex 15.631867408752441 -50.05100631713867 0
vertex 15.631867408752441 -51.321006774902344 0
vertex 15.597613334655762 -50.22321701049805 0
endloop
endfacet
facet normal 0 0 -1
outer loop
vertex 15.631867408752441 -50.05100631713867 0
vertex 15.631867408752441 -48.781009674072266 0
vertex 17.03215980529785 -56.32600784301758 0
endloop
endfacet
facet normal 0 0 -1
outer loop
vertex 15.631867408752441 -48.781009674072266 0
vertex 15.597613334655762 -47.6832160949707 0
vertex 17.03215980529785 -56.32600784301758 0
endloop
endfacet
facet normal 0 0 -1
outer loop
vertex 15.597613334655762 -47.6832160949707 0
vertex 15.631867408752441 -47.511009216308594 0
vertex 17.03215980529785 -56.32600784301758 0
endloop
endfacet
facet normal 0 0 -1
outer loop
vertex 14.863669395446777 -49.732810974121094 0
vertex 14.863669395446777 -49.099205017089844 0
vertex 15.009659767150879 -49.63526153564453 0
endloop
endfacet
facet normal 0 0 -1
outer loop
vertex 14.863669395446777 -49.732810974121094 0
vertex 14.766121864318848 -48.953216552734375 0
vertex 14.863669395446777 -49.099205017089844 0
endloop
endfacet
facet normal 0 0 -1
outer loop
vertex 15.009659767150879 -49.63526153564453 0
vertex 14.863669395446777 -49.099205017089844 0
vertex 15.009659767150879 -49.196754455566406 0
endloop
endfacet
facet normal 0 0 -1
outer loop
vertex 15.009659767150879 -49.63526153564453 0
vertex 15.009659767150879 -49.196754455566406 0
vertex 15.181867599487305 -49.23100662231445 0
endloop
endfacet
facet normal 0 0 -1
outer loop
vertex 15.009659767150879 -49.63526153564453 0
vertex 15.181867599487305 -49.23100662231445 0
vertex 15.181867599487305 -49.601009368896484 0
endloop
endfacet
facet normal 0 0 -1
outer loop
vertex 15.181867599487305 -49.601009368896484 0
vertex 15.181867599487305 -49.23100662231445 0
vertex 15.354074478149414 -49.63526153564453 0
endloop
endfacet
facet normal 0 0 -1
outer loop
vertex 15.500064849853516 -49.732810974121094 0
vertex 15.354074478149414 -49.63526153564453 0
vertex 15.354074478149414 -49.196754455566406 0
endloop
endfacet
facet normal 0 0 -1
outer loop
vertex 15.354074478149414 -49.196754455566406 0
vertex 15.354074478149414 -49.63526153564453 0
vertex 15.181867599487305 -49.23100662231445 0
endloop
endfacet
facet normal 0 0 -1
outer loop
vertex 15.500064849853516 -49.732810974121094 0
vertex 15.500064849853516 -49.099205017089844 0
vertex 15.597613334655762 -49.87879943847656 0
endloop
endfacet
facet normal 0 0 -1
outer loop
vertex 15.631867408752441 -50.05100631713867 0
vertex 15.597613334655762 -49.87879943847656 0
vertex 15.597613334655762 -48.953216552734375 0
endloop
endfacet
facet normal 0 0 -1
outer loop
vertex 15.500064849853516 -49.099205017089844 0
vertex 15.500064849853516 -49.732810974121094 0
vertex 15.354074478149414 -49.196754455566406 0
endloop
endfacet
facet normal 0 0 -1
outer loop
vertex 15.597613334655762 -48.953216552734375 0
vertex 15.597613334655762 -49.87879943847656 0
vertex 15.500064849853516 -49.099205017089844 0
endloop
endfacet
facet normal 0 0 -1
outer loop
vertex 15.631867408752441 -48.781009674072266 0
vertex 15.631867408752441 -50.05100631713867 0
vertex 15.597613334655762 -48.953216552734375 0
endloop
endfacet
facet normal 0 0 -1
outer loop
vertex 15.181867599487305 -48.33100891113281 0
vertex 15.181867599487305 -47.96100997924805 0
vertex 15.354074478149414 -48.36526107788086 0
endloop
endfacet
facet normal 0 0 -1
outer loop
vertex 15.354074478149414 -48.36526107788086 0
vertex 15.354074478149414 -47.926753997802734 0
vertex 15.500064849853516 -48.46281051635742 0
endloop
endfacet
facet normal 0 0 -1
outer loop
vertex 15.181867599487305 -48.33100891113281 0
vertex 14.766121864318848 -47.6832160949707 0
vertex 14.863669395446777 -47.82920455932617 0
endloop
endfacet
facet normal 0 0 -1
outer loop
vertex 15.181867599487305 -48.33100891113281 0
vertex 14.863669395446777 -47.82920455932617 0
vertex 15.009659767150879 -47.926753997802734 0
endloop
endfacet
facet normal 0 0 -1
outer loop
vertex 15.181867599487305 -47.96100997924805 0
vertex 15.181867599487305 -48.33100891113281 0
vertex 15.009659767150879 -47.926753997802734 0
endloop
endfacet
facet normal 0 0 -1
outer loop
vertex 15.354074478149414 -47.926753997802734 0
vertex 15.354074478149414 -48.36526107788086 0
vertex 15.181867599487305 -47.96100997924805 0
endloop
endfacet
facet normal 0 0 -1
outer loop
vertex 15.500064849853516 -48.46281051635742 0
vertex 15.500064849853516 -47.82920455932617 0
vertex 15.597613334655762 -48.60879898071289 0
endloop
endfacet
facet normal 0 0 -1
outer loop
vertex 15.597613334655762 -47.6832160949707 0
vertex 15.631867408752441 -48.781009674072266 0
vertex 15.597613334655762 -48.60879898071289 0
endloop
endfacet
facet normal 0 0 -1
outer loop
vertex 15.500064849853516 -48.46281051635742 0
vertex 15.354074478149414 -47.926753997802734 0
vertex 15.500064849853516 -47.82920455932617 0
endloop
endfacet
facet normal 0 0 -1
outer loop
vertex 15.597613334655762 -47.6832160949707 0
vertex 15.597613334655762 -48.60879898071289 0
vertex 15.500064849853516 -47.82920455932617 0
endloop
endfacet
facet normal 0 0 -1
outer loop
vertex 15.631867408752441 -47.511009216308594 0
vertex 17.03215980529785 -42.226009368896484 0
vertex 17.03215980529785 -56.32600784301758 0
endloop
endfacet
facet normal 0 0 -1
outer loop
vertex 14.863669395446777 -47.19281005859375 0
vertex 14.863669395446777 -46.559207916259766 0
vertex 15.009659767150879 -47.09526062011719 0
endloop
endfacet
facet normal 0 0 -1
outer loop
vertex 15.009659767150879 -47.09526062011719 0
vertex 15.009659767150879 -46.65675354003906 0
vertex 15.181867599487305 -47.06100845336914 0
endloop
endfacet
facet normal 0 0 -1
outer loop
vertex 15.009659767150879 -46.65675354003906 0
vertex 15.009659767150879 -47.09526062011719 0
vertex 14.863669395446777 -46.559207916259766 0
endloop
endfacet
facet normal 0 0 -1
outer loop
vertex 14.863669395446777 -47.19281005859375 0
vertex 14.766121864318848 -46.41321563720703 0
vertex 14.863669395446777 -46.559207916259766 0
endloop
endfacet
facet normal 0 0 -1
outer loop
vertex 15.181867599487305 -47.06100845336914 0
vertex 15.181867599487305 -46.691009521484375 0
vertex 15.354074478149414 -47.09526062011719 0
endloop
endfacet
facet normal 0 0 -1
outer loop
vertex 15.181867599487305 -46.691009521484375 0
vertex 15.181867599487305 -47.06100845336914 0
vertex 15.009659767150879 -46.65675354003906 0
endloop
endfacet
facet normal 0 0 -1
outer loop
vertex 15.354074478149414 -47.09526062011719 0
vertex 15.354074478149414 -46.65675354003906 0
vertex 15.500064849853516 -47.19281005859375 0
endloop
endfacet
facet normal 0 0 -1
outer loop
vertex 15.354074478149414 -46.65675354003906 0
vertex 15.354074478149414 -47.09526062011719 0
vertex 15.181867599487305 -46.691009521484375 0
endloop
endfacet
facet normal 0 0 -1
outer loop
vertex 15.597613334655762 -47.338802337646484 0
vertex 15.500064849853516 -47.19281005859375 0
vertex 15.500064849853516 -46.559207916259766 0
endloop
endfacet
facet normal 0 0 -1
outer loop
vertex 15.631867408752441 -47.511009216308594 0
vertex 15.597613334655762 -47.338802337646484 0
vertex 15.597613334655762 -46.41321563720703 0
endloop
endfacet
facet normal 0 0 -1
outer loop
vertex 15.500064849853516 -47.19281005859375 0
vertex 15.354074478149414 -46.65675354003906 0
vertex 15.500064849853516 -46.559207916259766 0
endloop
endfacet
facet normal 0 0 -1
outer loop
vertex 15.597613334655762 -46.41321563720703 0
vertex 15.597613334655762 -47.338802337646484 0
vertex 15.500064849853516 -46.559207916259766 0
endloop
endfacet
facet normal 0 0 -1
outer loop
vertex 15.631867408752441 -47.511009216308594 0
vertex 15.597613334655762 -46.41321563720703 0
vertex 15.631867408752441 -46.24100875854492 0
endloop
endfacet
facet normal 0 0 1
outer loop
vertex -1.9678407907485962 12.398991584777832 5
vertex -1.9678407907485962 17.298992156982422 5
vertex -6.867840766906738 0.6739917993545532 5
endloop
endfacet
facet normal 0 0 1
outer loop
vertex -1.9678407907485962 -1.7010082006454468 5
vertex -1.9678407907485962 12.398991584777832 5
vertex -6.867840766906738 0.6739917993545532 5
endloop
endfacet
facet normal 0 0 1
outer loop
vertex -6.867840766906738 0.6739917993545532 5
vertex -6.867840766906738 -4.226008415222168 5
vertex -1.9678407907485962 -1.7010082006454468 5
endloop
endfacet
facet normal 0 0 1
outer loop
vertex -20.96784019470215 0.6739917993545532 5
vertex -6.867840766906738 -4.226008415222168 5
vertex -6.867840766906738 0.6739917993545532 5
endloop
endfacet
facet normal 0 0 1
outer loop
vertex -29.677291870117188 26.488889694213867 5
vertex -25.867841720581055 17.14899253845215 5
vertex -24.514265060424805 25.105459213256836 5
endloop
endfacet
facet normal 0 0 1
outer loop
vertex -25.867841720581055 17.14899253845215 5
vertex -25.867841720581055 3.0489919185638428 5
vertex -24.514265060424805 25.105459213256836 5
endloop
endfacet
facet normal 0 0 1
outer loop
vertex -36.37493133544922 29.421369552612305 5
vertex -44.86783981323242 24.27399253845215 5
vertex -29.677291870117188 26.488889694213867 5
endloop
endfacet
facet normal 0 0 1
outer loop
vertex -44.86783981323242 24.27399253845215 5
vertex -25.867841720581055 17.14899253845215 5
vertex -29.677291870117188 26.488889694213867 5
endloop
endfacet
facet normal 0 0 1
outer loop
vertex -44.86783981323242 24.27399253845215 5
vertex -39.96784210205078 17.14899253845215 5
vertex -25.867841720581055 17.14899253845215 5
endloop
endfacet
facet normal 0 0 1
outer loop
vertex -25.867841720581055 3.0489919185638428 5
vertex -20.96784019470215 14.773991584777832 5
vertex -24.514265060424805 25.105459213256836 5
endloop
endfacet
facet normal 0 0 1
outer loop
vertex -20.96784019470215 14.773991584777832 5
vertex -25.867841720581055 -1.8510081768035889 5
vertex -20.96784019470215 0.6739917993545532 5
endloop
endfacet
facet normal 0 0 1
outer loop
vertex -25.867841720581055 -1.8510081768035889 5
vertex -20.96784019470215 -4.226008415222168 5
vertex -20.96784019470215 0.6739917993545532 5
endloop
endfacet
facet normal 0 0 1
outer loop
vertex -25.867841720581055 3.0489919185638428 5
vertex -25.867841720581055 -1.8510081768035889 5
vertex -20.96784019470215 14.773991584777832 5
endloop
endfacet
facet normal 0 0 1
outer loop
vertex -25.867841720581055 3.0489919185638428 5
vertex -39.96784210205078 3.0489919185638428 5
vertex -25.867841720581055 -1.8510081768035889 5
endloop
endfacet
facet normal 0 0 1
outer loop
vertex -39.96784210205078 3.0489919185638428 5
vertex -39.96784210205078 -1.8510081768035889 5
vertex -25.867841720581055 -1.8510081768035889 5
endloop
endfacet
facet normal 0 0 1
outer loop
vertex -42.777748107910156 55.733882904052734 5
vertex -48.89960479736328 50.67947006225586 5
vertex -41.31302261352539 54.67423629760742 5
endloop
endfacet
facet normal 0 0 1
outer loop
vertex -41.31302261352539 54.67423629760742 5
vertex -55.94960403442383 38.46851348876953 5
vertex -41.23902130126953 54.633270263671875 5
endloop
endfacet
facet normal 0 0 1
outer loop
vertex -42.777748107910156 55.733882904052734 5
vertex -59.848262786865234 65.58260345458984 5
vertex -65.02188873291016 63.23129653930664 5
endloop
endfacet
facet normal 0 0 1
outer loop
vertex -65.02188873291016 63.23129653930664 5
vertex -61.11056137084961 57.729469299316406 5
vertex -42.777748107910156 55.733882904052734 5
endloop
endfacet
facet normal 0 0 1
outer loop
vertex -61.11056137084961 57.729469299316406 5
vertex -48.89960479736328 50.67947006225586 5
vertex -42.777748107910156 55.733882904052734 5
endloop
endfacet
facet normal 0 0 1
outer loop
vertex -41.23902130126953 54.633270263671875 5
vertex -44.16626739501953 47.776615142822266 5
vertex -31.09297752380371 42.49466323852539 5
endloop
endfacet
facet normal 0 0 1
outer loop
vertex -44.16626739501953 47.776615142822266 5
vertex -41.23902130126953 54.633270263671875 5
vertex -55.94960403442383 38.46851348876953 5
endloop
endfacet
facet normal 0 0 1
outer loop
vertex -48.89960479736328 50.67947006225586 5
vertex -55.94960403442383 38.46851348876953 5
vertex -41.31302261352539 54.67423629760742 5
endloop
endfacet
facet normal 0 0 1
outer loop
vertex -49.44822311401367 34.70332336425781 5
vertex -44.16626739501953 47.776615142822266 5
vertex -55.94960403442383 38.46851348876953 5
endloop
endfacet
facet normal 0 0 1
outer loop
vertex -59.848262786865234 65.58260345458984 5
vertex -60.59664535522461 65.86791229248047 5
vertex -65.02188873291016 63.23129653930664 5
endloop
endfacet
facet normal 0 0 1
outer loop
vertex -62.183048248291016 66.06388092041016 5
vertex -63.725486755371094 65.76190185546875 5
vertex -60.59664535522461 65.86791229248047 5
endloop
endfacet
facet normal 0 0 1
outer loop
vertex -63.725486755371094 65.76190185546875 5
vertex -65.09752655029297 64.99520874023438 5
vertex -60.59664535522461 65.86791229248047 5
endloop
endfacet
facet normal 0 0 1
outer loop
vertex -65.09752655029297 64.99520874023438 5
vertex -65.02188873291016 63.23129653930664 5
vertex -60.59664535522461 65.86791229248047 5
endloop
endfacet
facet normal 0 0 1
outer loop
vertex -65.09752655029297 64.99520874023438 5
vertex -66.13224792480469 63.873268127441406 5
vertex -65.02188873291016 63.23129653930664 5
endloop
endfacet
facet normal -0.7351025361946221 0.677955943465528 0
outer loop
vertex -65.09752655029297 64.99520874023438 5
vertex -66.13224792480469 63.873268127441406 4.5
vertex -66.13224792480469 63.873268127441406 5
endloop
endfacet
facet normal 0 0 1
outer loop
vertex 69.13215637207031 38.523990631103516 5
vertex 69.13215637207031 24.423992156982422 5
vertex 75.28215789794922 40.96440124511719 5
endloop
endfacet
facet normal 0 0 1
outer loop
vertex 74.7809829711914 44.804847717285156 5
vertex 33.64978790283203 45.97397232055664 5
vertex 75.81373596191406 43.62005615234375 5
endloop
endfacet
facet normal 0 0 1
outer loop
vertex 74.7809829711914 44.804847717285156 5
vertex 73.43097686767578 45.60969924926758 5
vertex 33.64978790283203 45.97397232055664 5
endloop
endfacet
facet normal 0 0 1
outer loop
vertex 71.86450958251953 45.96224594116211 5
vertex 33.64978790283203 45.97397232055664 5
vertex 73.43097686767578 45.60969924926758 5
endloop
endfacet
facet normal 0 0 1
outer loop
vertex 33.64978790283203 45.97397232055664 5
vertex 76.43724060058594 42.148216247558594 5
vertex 75.81373596191406 43.62005615234375 5
endloop
endfacet
facet normal 0 0 1
outer loop
vertex 33.64978790283203 45.97397232055664 5
vertex 76.56433868408203 41.35755157470703 5
vertex 76.43724060058594 42.148216247558594 5
endloop
endfacet
facet normal 0 0 1
outer loop
vertex 76.56434631347656 40.96419906616211 5
vertex 76.56433868408203 41.35755157470703 5
vertex 33.64978790283203 45.97397232055664 5
endloop
endfacet
facet normal 0 0 1
outer loop
vertex -74.53193664550781 46.782615661621094 5
vertex -61.11056137084961 57.729469299316406 5
vertex -65.02188873291016 63.23129653930664 5
endloop
endfacet
facet normal 0 0 1
outer loop
vertex -74.53193664550781 46.782615661621094 5
vertex -76.49502563476562 44.446083068847656 5
vertex -61.11056137084961 57.729469299316406 5
endloop
endfacet
facet normal 0 0 1
outer loop
vertex 33.64978790283203 45.97397232055664 5
vertex 75.28215789794922 40.96440124511719 5
vertex 76.56434631347656 40.96419906616211 5
endloop
endfacet
facet normal 0 0 1
outer loop
vertex 75.28215789794922 40.96440124511719 5
vertex 55.03215789794922 38.523990631103516 5
vertex 69.13215637207031 38.523990631103516 5
endloop
endfacet
facet normal 0 0 1
outer loop
vertex 75.28215789794922 40.96440124511719 5
vertex 50.13216018676758 38.523990631103516 5
vertex 55.03215789794922 38.523990631103516 5
endloop
endfacet
facet normal -0.9934100463582259 -0.11461448335418654 0
outer loop
vertex -66.41320037841797 -66.13349914550781 0
vertex -66.2787094116211 -67.29918670654297 0
vertex -66.41320037841797 -66.13349914550781 0.20000000298023224
endloop
endfacet
facet normal 0 0 1
outer loop
vertex -55.94960403442383 38.46851348876953 5
vertex -66.4292984008789 34.03669357299805 5
vertex -49.44822311401367 34.70332336425781 5
endloop
endfacet
facet normal 0 0 1
outer loop
vertex -49.44822311401367 34.70332336425781 5
vertex -66.42184448242188 33.9647331237793 5
vertex -65.12184143066406 33.92860794067383 5
endloop
endfacet
facet normal 0 0 1
outer loop
vertex -66.4292984008789 34.03669357299805 5
vertex -66.42184448242188 33.9647331237793 5
vertex -49.44822311401367 34.70332336425781 5
endloop
endfacet
facet normal 0 0 1
outer loop
vertex -68.16056060791016 45.51851272583008 5
vertex -66.4292984008789 34.03669357299805 5
vertex -55.94960403442383 38.46851348876953 5
endloop
endfacet
facet normal 0 0 1
outer loop
vertex -66.42183685302734 33.928558349609375 5
vertex -65.12184143066406 33.92860794067383 5
vertex -66.42184448242188 33.9647331237793 5
endloop
endfacet
facet normal 0 0 1
outer loop
vertex 33.64978790283203 45.97397232055664 5
vertex 50.13216018676758 38.523990631103516 5
vertex 75.28215789794922 40.96440124511719 5
endloop
endfacet
facet normal -0.9999999777598108 -0.00021090371776016255 0
outer loop
vertex -66.42183685302734 33.928558349609375 4.5
vertex -66.42183685302734 33.928558349609375 5
vertex -66.42184448242188 33.9647331237793 5
endloop
endfacet
facet normal 0 0 1
outer loop
vertex 50.13216018676758 38.523990631103516 5
vertex 50.13216018676758 24.423992156982422 5
vertex 55.03215789794922 38.523990631103516 5
endloop
endfacet
facet normal 0.5120834131939498 0.8589357239815063 0
outer loop
vertex 74.7809829711914 44.804847717285156 5
vertex 73.43097686767578 45.60969924926758 0
vertex 73.43097686767578 45.60969924926758 5
endloop
endfacet
facet normal 0 0 1
outer loop
vertex -61.11056137084961 57.729469299316406 5
vertex -76.19305419921875 42.90364456176758 5
vertex -68.16056060791016 45.51851272583008 5
endloop
endfacet
facet normal 0 0 1
outer loop
vertex -76.49502563476562 44.446083068847656 5
vertex -76.19305419921875 42.90364456176758 5
vertex -61.11056137084961 57.729469299316406 5
endloop
endfacet
facet normal 0 0 1
outer loop
vertex -74.2454605102539 40.44251251220703 5
vertex -68.06509399414062 36.85325241088867 5
vertex -68.16056060791016 45.51851272583008 5
endloop
endfacet
facet normal 0 0 1
outer loop
vertex -75.64234161376953 47.424617767333984 5
vertex -76.01374816894531 46.78086853027344 5
vertex -74.53193664550781 46.782615661621094 5
endloop
endfacet
facet normal 0 0 1
outer loop
vertex -76.01374816894531 46.78086853027344 5
vertex -76.29906463623047 46.03248977661133 5
vertex -74.53193664550781 46.782615661621094 5
endloop
endfacet
facet normal 0 0 1
outer loop
vertex -76.29906463623047 46.03248977661133 5
vertex -76.49502563476562 44.446083068847656 5
vertex -74.53193664550781 46.782615661621094 5
endloop
endfacet
facet normal 0.7538175489252174 0.6570837868433352 0
outer loop
vertex 75.81373596191406 43.62005615234375 5
vertex 74.7809829711914 44.804847717285156 0
vertex 74.7809829711914 44.804847717285156 5
endloop
endfacet
facet normal -0.866178151717559 0.4997353394419423 0
outer loop
vertex -75.64234161376953 47.424617767333984 4.5
vertex -76.01374816894531 46.78086853027344 5
vertex -75.64234161376953 47.424617767333984 5
endloop
endfacet
facet normal 0 0 1
outer loop
vertex -68.16056060791016 45.51851272583008 5
vertex -75.42635345458984 41.53160858154297 5
vertex -74.2454605102539 40.44251251220703 5
endloop
endfacet
facet normal 0 0 1
outer loop
vertex -76.19305419921875 42.90364456176758 5
vertex -75.42635345458984 41.53160858154297 5
vertex -68.16056060791016 45.51851272583008 5
endloop
endfacet
facet normal 0.9207868516187048 0.3900661147627582 0
outer loop
vertex 76.43724060058594 42.148216247558594 5
vertex 75.81373596191406 43.62005615234375 0
vertex 75.81373596191406 43.62005615234375 5
endloop
endfacet
facet normal 0.9873250933970031 0.15871093203871967 0
outer loop
vertex 76.56433868408203 41.35755157470703 5
vertex 76.43724060058594 42.148216247558594 0
vertex 76.43724060058594 42.148216247558594 5
endloop
endfacet
facet normal 0 0 1
outer loop
vertex -68.06509399414062 36.85325241088867 5
vertex -68.0035171508789 36.80784606933594 5
vertex -68.16056060791016 45.51851272583008 5
endloop
endfacet
facet normal 0 0 1
outer loop
vertex -68.0035171508789 36.80784606933594 5
vertex -67.25457000732422 36.11773681640625 5
vertex -68.16056060791016 45.51851272583008 5
endloop
endfacet
facet normal 0 0 1
outer loop
vertex -68.16056060791016 45.51851272583008 5
vertex -67.18697357177734 36.03265380859375 5
vertex -66.67618560791016 35.13306427001953 5
endloop
endfacet
facet normal 0 0 1
outer loop
vertex -66.67618560791016 35.13306427001953 5
vertex -66.63774871826172 35.03142166137695 5
vertex -68.16056060791016 45.51851272583008 5
endloop
endfacet
facet normal 0 0 1
outer loop
vertex -66.63774871826172 35.03142166137695 5
vertex -66.4292984008789 34.03669357299805 5
vertex -68.16056060791016 45.51851272583008 5
endloop
endfacet
facet normal 0 0 1
outer loop
vertex -67.25457000732422 36.11773681640625 5
vertex -67.18697357177734 36.03265380859375 5
vertex -68.16056060791016 45.51851272583008 5
endloop
endfacet
facet normal 0.5861408295416679 0.8102091877683227 0
outer loop
vertex -41.31302261352539 54.67423629760742 5
vertex -42.777748107910156 55.733882904052734 0
vertex -42.777748107910156 55.733882904052734 5
endloop
endfacet
facet normal 0.4843251296836996 0.8748880892759185 0
outer loop
vertex -41.23902130126953 54.633270263671875 5
vertex -41.31302261352539 54.67423629760742 0
vertex -41.31302261352539 54.67423629760742 5
endloop
endfacet
facet normal 0.4997356521837785 0.8661779712833002 0
outer loop
vertex -42.777748107910156 55.733882904052734 5
vertex -59.848262786865234 65.58260345458984 0
vertex -59.848262786865234 65.58260345458984 5
endloop
endfacet
facet normal 0.35622506668231474 0.9344001829340469 0
outer loop
vertex -59.848262786865234 65.58260345458984 5
vertex -60.59664535522461 65.86791229248047 0
vertex -60.59664535522461 65.86791229248047 5
endloop
endfacet
facet normal 0.12259831014458827 0.9924563740284463 0
outer loop
vertex -60.59664535522461 65.86791229248047 5
vertex -62.183048248291016 66.06388092041016 0
vertex -62.183048248291016 66.06388092041016 5
endloop
endfacet
facet normal -0.1921327027511584 0.9813689543354911 0
outer loop
vertex -62.183048248291016 66.06388092041016 5
vertex -63.725486755371094 65.76190185546875 0
vertex -63.725486755371094 65.76190185546875 5
endloop
endfacet
facet normal -0.4878043856070413 0.872952966306053 0
outer loop
vertex -63.725486755371094 65.76190185546875 5
vertex -65.09752655029297 64.99520874023438 0
vertex -65.09752655029297 64.99520874023438 5
endloop
endfacet
facet normal -0.7351024464838193 0.6779560407381443 -4.039195676073005e-7
outer loop
vertex -65.09752655029297 64.99520874023438 5
vertex -66.1859359741211 63.8150520324707 0.20000000298023224
vertex -66.13224792480469 63.873268127441406 4.5
endloop
endfacet
facet normal -0.7351173151942155 0.6779399183568173 0
outer loop
vertex -66.1859359741211 63.8150520324707 0.20000000298023224
vertex -66.1859359741211 63.8150520324707 4.5
vertex -66.13224792480469 63.873268127441406 4.5
endloop
endfacet
facet normal -0.8661720648422561 0.499745889514764 0
outer loop
vertex -66.1859359741211 63.8150520324707 4.5
vertex -66.3971939086914 63.44889450073242 0.20000000298023224
vertex -66.3971939086914 63.44889450073242 4.5
endloop
endfacet
facet normal 0.5005271845696342 0.865720819610338 0
outer loop
vertex -66.3971939086914 63.44889450073242 4.5
vertex -67.00359344482422 63.79949188232422 0.20000000298023224
vertex -67.00359344482422 63.79949188232422 4.5
endloop
endfacet
facet normal -0.8657198589290804 0.5005288461752789 -0.000001502349043440359
outer loop
vertex -67.00359344482422 63.79949188232422 4.5
vertex -75.65272521972656 48.83985137939453 0.20000000298023224
vertex -73.0933609008789 53.26656723022461 4.5
endloop
endfacet
facet normal -0.865720290959327 0.5005280989325892 -4.7594116900486834e-7
outer loop
vertex -76.01310729980469 48.21653366088867 4.5
vertex -73.0933609008789 53.26656723022461 4.5
vertex -75.65272521972656 48.83985137939453 0.20000000298023224
endloop
endfacet
facet normal -0.86959870909993 -0.4937591367577267 0
outer loop
vertex -67.18697357177734 36.03265380859375 5
vertex -66.67618560791016 35.13306427001953 0
vertex -66.67618560791016 35.13306427001953 5
endloop
endfacet
facet normal -0.9353546989949256 -0.35371116333544267 0
outer loop
vertex -66.67618560791016 35.13306427001953 5
vertex -66.63774871826172 35.03142166137695 0
vertex -66.63774871826172 35.03142166137695 5
endloop
endfacet
facet normal -0.9787409934956078 -0.20510014054415135 0
outer loop
vertex -66.63774871826172 35.03142166137695 5
vertex -66.4292984008789 34.03669357299805 0
vertex -66.4292984008789 34.03669357299805 5
endloop
endfacet
facet normal -0.9946780133695287 -0.10303227513380296 0
outer loop
vertex -66.4292984008789 34.03669357299805 5
vertex -66.42184448242188 33.9647331237793 0
vertex -66.42184448242188 33.9647331237793 5
endloop
endfacet
facet normal -0.9999999777598106 -0.00021090371776016253 0
outer loop
vertex -66.42183685302734 33.928558349609375 4.5
vertex -66.42184448242188 33.9647331237793 5
vertex -66.42184448242188 33.9647331237793 0
endloop
endfacet
facet normal -0.9343964077747593 0.35623496899887014 0
outer loop
vertex -76.01374816894531 46.78086853027344 5
vertex -76.29906463623047 46.03248977661133 0
vertex -76.29906463623047 46.03248977661133 5
endloop
endfacet
facet normal -0.9924569906273392 0.12259331855743882 0
outer loop
vertex -76.29906463623047 46.03248977661133 5
vertex -76.49502563476562 44.446083068847656 0
vertex -76.49502563476562 44.446083068847656 5
endloop
endfacet
facet normal -0.866178151717559 0.4997353394419423 0
outer loop
vertex -75.64234161376953 47.424617767333984 4.5
vertex -76.01374816894531 46.78086853027344 0
vertex -76.01374816894531 46.78086853027344 5
endloop
endfacet
facet normal -0.9813698695929104 -0.19212802777105162 0
outer loop
vertex -76.49502563476562 44.446083068847656 5
vertex -76.19305419921875 42.90364456176758 0
vertex -76.19305419921875 42.90364456176758 5
endloop
endfacet
facet normal -0.6779577246735519 -0.7351008934530417 0
outer loop
vertex -75.42635345458984 41.53160858154297 5
vertex -74.2454605102539 40.44251251220703 0
vertex -74.2454605102539 40.44251251220703 5
endloop
endfacet
facet normal -0.872950321713537 -0.4878091182216997 0
outer loop
vertex -76.19305419921875 42.90364456176758 5
vertex -75.42635345458984 41.53160858154297 0
vertex -75.42635345458984 41.53160858154297 5
endloop
endfacet
facet normal -0.782974060107665 -0.6220543555016061 0
outer loop
vertex -67.25457000732422 36.11773681640625 5
vertex -67.18697357177734 36.03265380859375 0
vertex -67.18697357177734 36.03265380859375 5
endloop
endfacet
facet normal -0.5934864351243376 -0.8048439919160765 0
outer loop
vertex -68.06509399414062 36.85325241088867 5
vertex -68.0035171508789 36.80784606933594 0
vertex -68.0035171508789 36.80784606933594 5
endloop
endfacet
facet normal -0.6776295429523483 -0.7354034284106863 0
outer loop
vertex -68.0035171508789 36.80784606933594 5
vertex -67.25457000732422 36.11773681640625 0
vertex -67.25457000732422 36.11773681640625 5
endloop
endfacet
facet normal -0.5022045976604844 -0.864748831793759 0
outer loop
vertex -74.2454605102539 40.44251251220703 5
vertex -68.06509399414062 36.85325241088867 0
vertex -68.06509399414062 36.85325241088867 5
endloop
endfacet
facet normal -0.9999999995343386 -0.000030517578110789142 0
outer loop
vertex -66.42183685302734 33.928558349609375 4.5
vertex -66.42182159423828 33.428558349609375 0.20000000298023224
vertex -66.42182159423828 33.428558349609375 4.5
endloop
endfacet
facet normal -0.500528373416153 -0.8657201322629503 0
outer loop
vertex -76.01310729980469 48.21653366088867 4.5
vertex -75.39247131347656 47.857704162597656 0.20000000298023224
vertex -75.39247131347656 47.857704162597656 4.5
endloop
endfacet
facet normal -0.8661745354700342 0.49974160733507306 -0.000001195122101495821
outer loop
vertex -75.39247131347656 47.857704162597656 4.5
vertex -76.01374816894531 46.78086853027344 0
vertex -75.64234161376953 47.424617767333984 4.5
endloop
endfacet
facet normal -0.000038147138936821716 0.9999999992723978 0
outer loop
vertex -66.42182159423828 33.428558349609375 4.5
vertex -67.12181854248047 33.428531646728516 0.20000000298023224
vertex -67.12181854248047 33.428531646728516 4.5
endloop
endfacet
facet normal 0 0 1
outer loop
vertex -49.44822311401367 34.70332336425781 5
vertex -44.86783981323242 24.27399253845215 5
vertex -36.37493133544922 29.421369552612305 5
endloop
endfacet
facet normal 0 0 1
outer loop
vertex -44.86783981323242 24.27399253845215 5
vertex -44.86783981323242 10.173992156982422 5
vertex -39.96784210205078 17.14899253845215 5
endloop
endfacet
facet normal 0 0 1
outer loop
vertex -49.44822311401367 34.70332336425781 5
vertex -58.96784210205078 24.27399253845215 5
vertex -44.86783981323242 24.27399253845215 5
endloop
endfacet
facet normal 0 0 1
outer loop
vertex -39.96784210205078 17.14899253845215 5
vertex -44.86783981323242 5.273991584777832 5
vertex -39.96784210205078 3.0489919185638428 5
endloop
endfacet
facet normal 0 0 -1
outer loop
vertex 7.582159042358398 -44.601009368896484 0
vertex 17.03215980529785 -42.226009368896484 0
vertex 12.132159233093262 -44.601009368896484 0
endloop
endfacet
facet normal 0 0 -1
outer loop
vertex 17.03215980529785 -42.226009368896484 0
vertex 7.582159042358398 -44.601009368896484 0
vertex 12.132159233093262 -39.70100784301758 0
endloop
endfacet
facet normal 0 0 -1
outer loop
vertex 14.863669395446777 -45.92280960083008 0
vertex 12.132159233093262 -44.601009368896484 0
vertex 17.03215980529785 -42.226009368896484 0
endloop
endfacet
facet normal 0 0 -1
outer loop
vertex 15.009659767150879 -45.82526397705078 0
vertex 14.863669395446777 -45.92280960083008 0
vertex 17.03215980529785 -42.226009368896484 0
endloop
endfacet
facet normal 0 0 -1
outer loop
vertex 15.500064849853516 -45.92280960083008 0
vertex 15.354074478149414 -45.82526397705078 0
vertex 17.03215980529785 -42.226009368896484 0
endloop
endfacet
facet normal 0 0 -1
outer loop
vertex 15.181867599487305 -45.79100799560547 0
vertex 15.009659767150879 -45.82526397705078 0
vertex 17.03215980529785 -42.226009368896484 0
endloop
endfacet
facet normal 0 0 -1
outer loop
vertex 15.354074478149414 -45.82526397705078 0
vertex 15.181867599487305 -45.79100799560547 0
vertex 17.03215980529785 -42.226009368896484 0
endloop
endfacet
facet normal 0 0 -1
outer loop
vertex 17.03215980529785 -42.226009368896484 0
vertex 15.631867408752441 -47.511009216308594 0
vertex 15.631867408752441 -46.24100875854492 0
endloop
endfacet
facet normal 0 0 -1
outer loop
vertex 17.03215980529785 -42.226009368896484 0
vertex 15.631867408752441 -46.24100875854492 0
vertex 15.597613334655762 -46.06880187988281 0
endloop
endfacet
facet normal 0 0 -1
outer loop
vertex 17.03215980529785 -42.226009368896484 0
vertex 15.597613334655762 -46.06880187988281 0
vertex 15.500064849853516 -45.92280960083008 0
endloop
endfacet
facet normal 0 0 -1
outer loop
vertex 17.03215980529785 -42.226009368896484 0
vertex 12.132159233093262 -39.70100784301758 0
vertex 17.03215980529785 -37.32600784301758 0
endloop
endfacet
facet normal 0 0 -1
outer loop
vertex 17.03215980529785 -42.226009368896484 0
vertex 17.03215980529785 -37.32600784301758 0
vertex 21.5821590423584 -41.52600860595703 0
endloop
endfacet
facet normal 0 0 1
outer loop
vertex -44.86783981323242 10.173992156982422 5
vertex -44.86783981323242 5.273991584777832 5
vertex -39.96784210205078 17.14899253845215 5
endloop
endfacet
facet normal 0 0 1
outer loop
vertex -44.86783981323242 5.273991584777832 5
vertex -44.86783981323242 -8.826007843017578 5
vertex -39.96784210205078 3.0489919185638428 5
endloop
endfacet
facet normal 0 0 1
outer loop
vertex -44.86783981323242 10.173992156982422 5
vertex -58.96784210205078 10.173992156982422 5
vertex -44.86783981323242 5.273991584777832 5
endloop
endfacet
facet normal 0 0 1
outer loop
vertex -58.96784210205078 10.173992156982422 5
vertex -58.96784210205078 5.273991584777832 5
vertex -44.86783981323242 5.273991584777832 5
endloop
endfacet
facet normal 0 0 1
outer loop
vertex -65.12184143066406 33.92860794067383 5
vertex -58.96784210205078 24.27399253845215 5
vertex -49.44822311401367 34.70332336425781 5
endloop
endfacet
facet normal 0.9999999998119011 0.000019395820197098407 0
outer loop
vertex 76.56434631347656 40.96419906616211 4.5
vertex 76.56433868408203 41.35755157470703 0
vertex 76.56433868408203 41.35755157470703 5
endloop
endfacet
facet normal 0 0 1
outer loop
vertex -65.12107849121094 14.928609848022461 5
vertex -58.96784210205078 24.27399253845215 5
vertex -65.12184143066406 33.92860794067383 5
endloop
endfacet
facet normal 0.21956646642384936 0.9755975434686911 0
outer loop
vertex 73.43097686767578 45.60969924926758 5
vertex 71.86450958251953 45.96224594116211 0
vertex 71.86450958251953 45.96224594116211 5
endloop
endfacet
facet normal 0.00015944894242107555 0.9999999872880174 0
outer loop
vertex 77.2820816040039 40.46408462524414 4.5
vertex 76.5643539428711 40.46419906616211 0.20000000298023224
vertex 76.5643539428711 40.46419906616211 4.5
endloop
endfacet
facet normal 0 0 1
outer loop
vertex -58.96784210205078 24.27399253845215 5
vertex -65.12103271484375 13.66309642791748 5
vertex -58.96784210205078 10.173992156982422 5
endloop
endfacet
facet normal 0 0 1
outer loop
vertex -65.12107849121094 14.928609848022461 5
vertex -65.12103271484375 13.66309642791748 5
vertex -58.96784210205078 24.27399253845215 5
endloop
endfacet
facet normal 0.9999999998835194 0.000015258789060722647 -3.616247946596129e-7
outer loop
vertex 76.5643539428711 40.46419906616211 4.5
vertex 76.56433868408203 41.35755157470703 0
vertex 76.56434631347656 40.96419906616211 4.5
endloop
endfacet
facet normal 0.99999998726976 -0.00015956336980434618 1.0346616908188376e-7
outer loop
vertex 77.2811508178711 34.63075256347656 4.5
vertex 77.28196716308594 39.744083404541016 0.20000000298023224
vertex 77.2820816040039 40.46408462524414 4.5
endloop
endfacet
facet normal 0.9999999874144467 -0.0001586495827709404 0.000001190093039182135
outer loop
vertex 77.27922058105469 22.46408462524414 4.5
vertex 77.28196716308594 39.744083404541016 0.20000000298023224
vertex 77.2811508178711 34.63075256347656 4.5
endloop
endfacet
facet normal 0 0 -1
outer loop
vertex -65.34259033203125 -69.24060821533203 0
vertex -49.41783905029297 -47.52600860595703 0
vertex -64.5824966430664 -70.01549530029297 0
endloop
endfacet
facet normal 0.0003068550110280222 0.99999995292 0
outer loop
vertex 71.86450958251953 45.96224594116211 5
vertex 33.64978790283203 45.97397232055664 0
vertex 33.64978790283203 45.97397232055664 5
endloop
endfacet
facet normal 0 0 -1
outer loop
vertex -49.41783905029297 -47.52600860595703 0
vertex -65.34259033203125 -69.24060821533203 0
vertex -65.91734313964844 -68.31982421875 0
endloop
endfacet
facet normal 0 0 -1
outer loop
vertex -49.41783905029297 -47.52600860595703 0
vertex -65.91734313964844 -68.31982421875 0
vertex -65.11784362792969 -66.1334457397461 0
endloop
endfacet
facet normal 0 0 1
outer loop
vertex -66.42108154296875 14.928558349609375 5
vertex -65.12103271484375 13.66309642791748 5
vertex -65.12107849121094 14.928609848022461 5
endloop
endfacet
facet normal 0 0 1
outer loop
vertex -66.42108154296875 14.928558349609375 5
vertex -66.42102813720703 13.663043975830078 5
vertex -65.12103271484375 13.66309642791748 5
endloop
endfacet
facet normal 0 0 -1
outer loop
vertex -64.5824966430664 -70.01549530029297 0
vertex -44.86783981323242 -46.82600784301758 0
vertex -63.67295455932617 -70.60787963867188 0
endloop
endfacet
facet normal -0.9999999991095447 -0.00004220083373032349 0
outer loop
vertex -66.42108154296875 14.928558349609375 5
vertex -66.42102813720703 13.663043975830078 4.5
vertex -66.42102813720703 13.663043975830078 5
endloop
endfacet
facet normal 0 0 1
outer loop
vertex -65.12103271484375 13.66309642791748 5
vertex -65.12026977539062 -5.3369035720825195 5
vertex -58.96784210205078 10.173992156982422 5
endloop
endfacet
facet normal 0 0 1
outer loop
vertex 69.13215637207031 24.423992156982422 5
vertex 75.27914428710938 21.964401245117188 5
vertex 75.28215789794922 40.96440124511719 5
endloop
endfacet
facet normal 0 0 1
outer loop
vertex 76.56455993652344 21.964197158813477 5
vertex 75.27914428710938 21.964401245117188 5
vertex 76.56459045410156 19.5368709564209 5
endloop
endfacet
facet normal -0.9999999991095447 -0.00004220083373032349 0
outer loop
vertex -66.42108154296875 14.928558349609375 4.5
vertex -66.42102813720703 13.663043975830078 4.5
vertex -66.42108154296875 14.928558349609375 5
endloop
endfacet
facet normal 0 0 1
outer loop
vertex 69.13215637207031 24.423992156982422 5
vertex 76.56459045410156 19.5368709564209 5
vertex 75.27914428710938 21.964401245117188 5
endloop
endfacet
facet normal 0 0 1
outer loop
vertex 69.13215637207031 24.423992156982422 5
vertex 75.27875518798828 19.53707504272461 5
vertex 76.56459045410156 19.5368709564209 5
endloop
endfacet
facet normal 0 0 1
outer loop
vertex -65.12026977539062 -5.3369035720825195 5
vertex -58.96784210205078 5.273991584777832 5
vertex -58.96784210205078 10.173992156982422 5
endloop
endfacet
facet normal 0.999999999920966 0.000012572508010051293 0
outer loop
vertex 76.56459045410156 19.5368709564209 5
vertex 76.56459045410156 19.5368709564209 4.5
vertex 76.56455993652344 21.964197158813477 5
endloop
endfacet
facet normal 0 0 1
outer loop
vertex 69.13215637207031 19.52399253845215 5
vertex 69.13215637207031 5.423991680145264 5
vertex 75.27875518798828 19.53707504272461 5
endloop
endfacet
facet normal 0.999999999920966 0.000012572508010051293 0
outer loop
vertex 76.56455993652344 21.964197158813477 4.5
vertex 76.56455993652344 21.964197158813477 5
vertex 76.56459045410156 19.5368709564209 4.5
endloop
endfacet
facet normal 0.00004087193457076604 -0.9999999991647425 0
outer loop
vertex -67.12110137939453 15.428529739379883 4.5
vertex -66.42110443115234 15.428558349609375 0.20000000298023224
vertex -66.42110443115234 15.428558349609375 4.5
endloop
endfacet
facet normal -0.9999999991934152 -0.000040132701252722565 0.0000015924824411910675
outer loop
vertex -67.12181854248047 33.428531646728516 4.5
vertex -67.12113189697266 16.148529052734375 0.20000000298023224
vertex -67.12133026123047 21.261863708496094 4.5
endloop
endfacet
facet normal -0.9999999992300945 -0.00003923688185402485 5.272209558154332e-7
outer loop
vertex -67.12110137939453 15.428529739379883 4.5
vertex -67.12133026123047 21.261863708496094 4.5
vertex -67.12113189697266 16.148529052734375 0.20000000298023224
endloop
endfacet
facet normal -0.9999999989482672 -0.000045776367139355494 0.0000028265775496095384
outer loop
vertex -66.42110443115234 15.428558349609375 4.5
vertex -66.42101287841797 13.163043975830078 0.20000000298023224
vertex -66.42108154296875 14.928558349609375 4.5
endloop
endfacet
facet normal -0.999999999108622 -0.00004220083373028455 0.0000013585180977424006
outer loop
vertex -66.42101287841797 13.163043975830078 0.20000000298023224
vertex -66.42102813720703 13.663043975830078 4.5
vertex -66.42108154296875 14.928558349609375 4.5
endloop
endfacet
facet normal -0.9999999995343386 -0.000030517578110789142 0
outer loop
vertex -66.42101287841797 13.163043975830078 0.20000000298023224
vertex -66.42101287841797 13.163043975830078 4.5
vertex -66.42102813720703 13.663043975830078 4.5
endloop
endfacet
facet normal -0.00003950953675390388 0.9999999992194983 0
outer loop
vertex -66.42101287841797 13.163043975830078 4.5
vertex -67.12100982666016 13.163016319274902 0.20000000298023224
vertex -67.12100982666016 13.163016319274902 4.5
endloop
endfacet
facet normal -0.999999999193415 -0.00004013270518493415 0.0000015924759911448046
outer loop
vertex -67.12100982666016 13.163016319274902 4.5
vertex -67.12032318115234 -4.116983890533447 0.20000000298023224
vertex -67.12052154541016 0.996349573135376 4.5
endloop
endfacet
facet normal 0.6626267299213837 0.7489498092620718 0
outer loop
vertex -5.8009257316589355 41.649681091308594 0
vertex -6.398430347442627 42.17831802368164 0
vertex -5.8009257316589355 41.649681091308594 5
endloop
endfacet
facet normal 0.4645769596824389 0.8855327484244846 0
outer loop
vertex -6.398430347442627 42.17831802368164 0
vertex -7.844638824462891 42.937042236328125 0
vertex -6.398430347442627 42.17831802368164 5
endloop
endfacet
facet normal 0.09750432704598358 0.9952351009722827 0
outer loop
vertex -2.1245343685150146 38.85642623901367 0
vertex -2.1961004734039307 38.86343765258789 0
vertex -2.1245343685150146 38.85642623901367 5
endloop
endfacet
facet normal 0.19897331335339893 0.9800049084434068 0
outer loop
vertex -2.1961004734039307 38.86343765258789 0
vertex -3.037151575088501 39.03419876098633 0
vertex -2.1961004734039307 38.86343765258789 5
endloop
endfacet
facet normal 0.3356655965716945 0.9419812138669053 0
outer loop
vertex -3.037151575088501 39.03419876098633 0
vertex -3.130950689315796 39.067623138427734 0
vertex -3.037151575088501 39.03419876098633 5
endloop
endfacet
facet normal 0.6331589949374896 0.7740217614058069 0
outer loop
vertex -4.056914329528809 39.554805755615234 0
vertex -4.166345119476318 39.64432144165039 0
vertex -4.056914329528809 39.554805755615234 5
endloop
endfacet
facet normal 0.4656216905244732 0.8849838650015782 0
outer loop
vertex -3.130950689315796 39.067623138427734 0
vertex -4.056914329528809 39.554805755615234 0
vertex -3.130950689315796 39.067623138427734 5
endloop
endfacet
facet normal 0.775124460494662 0.6318085712799875 0
outer loop
vertex -4.166345119476318 39.64432144165039 0
vertex -5.8009257316589355 41.649681091308594 0
vertex -4.166345119476318 39.64432144165039 5
endloop
endfacet
facet normal 0.26102445046742495 0.9653321895897696 0
outer loop
vertex -7.844638824462891 42.937042236328125 0
vertex -23.962087631225586 47.2951774597168 0
vertex -7.844638824462891 42.937042236328125 5
endloop
endfacet
facet normal 0.3754738741280607 0.9268329783986247 0
outer loop
vertex -25.752843856811523 48.359588623046875 0
vertex -41.23902130126953 54.633270263671875 0
vertex -25.752843856811523 48.359588623046875 5
endloop
endfacet
facet normal 0.3925972157605077 0.9197105121597217 0
outer loop
vertex -23.962087631225586 47.2951774597168 0
vertex -24.051952362060547 47.33353805541992 0
vertex -23.962087631225586 47.2951774597168 5
endloop
endfacet
facet normal 0.516535993857008 0.856265476969703 0
outer loop
vertex -24.051952362060547 47.33353805541992 0
vertex -25.752843856811523 48.359588623046875 0
vertex -24.051952362060547 47.33353805541992 5
endloop
endfacet
facet normal 0 0 -1
outer loop
vertex -2.1961004734039307 38.86343765258789 0
vertex -2.1245343685150146 38.85642623901367 0
vertex -1.9678407907485962 31.39899253845215 0
endloop
endfacet
facet normal 0 0 -1
outer loop
vertex -3.130950689315796 39.067623138427734 0
vertex -12.4083890914917 36.4590950012207 0
vertex -4.056914329528809 39.554805755615234 0
endloop
endfacet
facet normal 0 0 -1
outer loop
vertex -12.4083890914917 36.4590950012207 0
vertex -3.037151575088501 39.03419876098633 0
vertex -2.1961004734039307 38.86343765258789 0
endloop
endfacet
facet normal 0 0 -1
outer loop
vertex -12.4083890914917 36.4590950012207 0
vertex -3.130950689315796 39.067623138427734 0
vertex -3.037151575088501 39.03419876098633 0
endloop
endfacet
facet normal 0 0 -1
outer loop
vertex -4.166345119476318 39.64432144165039 0
vertex -4.056914329528809 39.554805755615234 0
vertex -12.4083890914917 36.4590950012207 0
endloop
endfacet
facet normal 0 0 -1
outer loop
vertex -12.4083890914917 36.4590950012207 0
vertex -5.8009257316589355 41.649681091308594 0
vertex -4.166345119476318 39.64432144165039 0
endloop
endfacet
facet normal 0 0 -1
outer loop
vertex -1.9678407907485962 31.39899253845215 0
vertex -12.4083890914917 36.4590950012207 0
vertex -2.1961004734039307 38.86343765258789 0
endloop
endfacet
facet normal 0 0 -1
outer loop
vertex -5.8009257316589355 41.649681091308594 0
vertex -16.80335235595703 37.636722564697266 0
vertex -6.398430347442627 42.17831802368164 0
endloop
endfacet
facet normal 0 0 -1
outer loop
vertex -7.844638824462891 42.937042236328125 0
vertex -6.398430347442627 42.17831802368164 0
vertex -16.80335235595703 37.636722564697266 0
endloop
endfacet
facet normal 0 0 -1
outer loop
vertex -7.844638824462891 42.937042236328125 0
vertex -21.451807022094727 39.606964111328125 0
vertex -23.962087631225586 47.2951774597168 0
endloop
endfacet
facet normal 0 0 -1
outer loop
vertex -16.80335235595703 37.636722564697266 0
vertex -5.8009257316589355 41.649681091308594 0
vertex -12.4083890914917 36.4590950012207 0
endloop
endfacet
facet normal 0 0 -1
outer loop
vertex -16.62217903137207 38.312870025634766 0
vertex -7.844638824462891 42.937042236328125 0
vertex -16.80335235595703 37.636722564697266 0
endloop
endfacet
facet normal 0 0 -1
outer loop
vertex -21.451807022094727 39.606964111328125 0
vertex -7.844638824462891 42.937042236328125 0
vertex -16.62217903137207 38.312870025634766 0
endloop
endfacet
facet normal 0 0 -1
outer loop
vertex -25.752843856811523 48.359588623046875 0
vertex -39.68535614013672 46.72118377685547 0
vertex -41.23902130126953 54.633270263671875 0
endloop
endfacet
facet normal 0 0 -1
outer loop
vertex -23.962087631225586 47.2951774597168 0
vertex -31.09297752380371 42.49466323852539 0
vertex -24.051952362060547 47.33353805541992 0
endloop
endfacet
facet normal 0 0 -1
outer loop
vertex -31.09297752380371 42.49466323852539 0
vertex -25.752843856811523 48.359588623046875 0
vertex -24.051952362060547 47.33353805541992 0
endloop
endfacet
facet normal 0 0 -1
outer loop
vertex -21.451807022094727 39.606964111328125 0
vertex -26.027942657470703 40.10844421386719 0
vertex -23.962087631225586 47.2951774597168 0
endloop
endfacet
facet normal 0 0 -1
outer loop
vertex -26.027942657470703 40.10844421386719 0
vertex -31.09297752380371 42.49466323852539 0
vertex -23.962087631225586 47.2951774597168 0
endloop
endfacet
facet normal 0 0 -1
outer loop
vertex -26.027942657470703 40.10844421386719 0
vertex -21.451807022094727 39.606964111328125 0
vertex -21.632980346679688 38.930816650390625 0
endloop
endfacet
facet normal 0 0 -1
outer loop
vertex -35.31166458129883 44.19912338256836 0
vertex -25.752843856811523 48.359588623046875 0
vertex -31.09297752380371 42.49466323852539 0
endloop
endfacet
facet normal 0 0 -1
outer loop
vertex -35.31166458129883 44.19912338256836 0
vertex -35.0494384765625 44.848148345947266 0
vertex -25.752843856811523 48.359588623046875 0
endloop
endfacet
facet normal 0 0 -1
outer loop
vertex -39.68535614013672 46.72118377685547 0
vertex -25.752843856811523 48.359588623046875 0
vertex -35.0494384765625 44.848148345947266 0
endloop
endfacet
facet normal 0 0 -1
outer loop
vertex -26.027942657470703 40.10844421386719 0
vertex -29.677291870117188 26.488889694213867 0
vertex -31.09297752380371 42.49466323852539 0
endloop
endfacet
facet normal 0 0 -1
outer loop
vertex -29.677291870117188 26.488889694213867 0
vertex -36.37493133544922 29.421369552612305 0
vertex -31.09297752380371 42.49466323852539 0
endloop
endfacet
facet normal 0 0 -1
outer loop
vertex -1.9678407907485962 17.298992156982422 0
vertex -1.9678407907485962 12.398991584777832 0
vertex -6.867840766906738 14.773991584777832 0
endloop
endfacet
facet normal 0 0 -1
outer loop
vertex -1.9678407907485962 17.298992156982422 0
vertex -11.417840957641602 14.773991584777832 0
vertex -1.9678407907485962 31.39899253845215 0
endloop
endfacet
facet normal 0 0 -1
outer loop
vertex -11.417840957641602 15.473991394042969 0
vertex -1.9678407907485962 31.39899253845215 0
vertex -11.417840957641602 14.773991584777832 0
endloop
endfacet
facet normal 0 0 -1
outer loop
vertex -11.417840957641602 14.773991584777832 0
vertex -1.9678407907485962 17.298992156982422 0
vertex -6.867840766906738 14.773991584777832 0
endloop
endfacet
facet normal 0 0 -1
outer loop
vertex -1.9678407907485962 31.39899253845215 0
vertex -16.057737350463867 22.839540481567383 0
vertex -12.4083890914917 36.4590950012207 0
endloop
endfacet
facet normal 0 0 -1
outer loop
vertex -16.4178409576416 15.473991394042969 0
vertex -1.9678407907485962 31.39899253845215 0
vertex -11.417840957641602 15.473991394042969 0
endloop
endfacet
facet normal 0 0 -1
outer loop
vertex -1.9678407907485962 31.39899253845215 0
vertex -20.96784019470215 14.773991584777832 0
vertex -16.057737350463867 22.839540481567383 0
endloop
endfacet
facet normal 0 0 -1
outer loop
vertex -16.4178409576416 15.473991394042969 0
vertex -20.96784019470215 14.773991584777832 0
vertex -1.9678407907485962 31.39899253845215 0
endloop
endfacet
facet normal 0 0 -1
outer loop
vertex -20.96784019470215 14.773991584777832 0
vertex -16.4178409576416 15.473991394042969 0
vertex -16.4178409576416 14.773991584777832 0
endloop
endfacet
facet normal 0 0 -1
outer loop
vertex -1.9678407907485962 17.298992156982422 0
vertex 2.5821592807769775 13.098991394042969 0
vertex -1.9678407907485962 12.398991584777832 0
endloop
endfacet
facet normal 0 0 -1
outer loop
vertex -1.9678407907485962 12.398991584777832 0
vertex -6.867840766906738 0.6739917993545532 0
vertex -6.867840766906738 14.773991584777832 0
endloop
endfacet
facet normal 0 0 -1
outer loop
vertex -1.9678407907485962 -1.7010082006454468 0
vertex -6.867840766906738 0.6739917993545532 0
vertex -1.9678407907485962 12.398991584777832 0
endloop
endfacet
facet normal 0 0 -1
outer loop
vertex -1.9678407907485962 -1.7010082006454468 0
vertex -6.867840766906738 -4.226008415222168 0
vertex -6.867840766906738 0.6739917993545532 0
endloop
endfacet
facet normal 0 0 -1
outer loop
vertex -6.867840766906738 -4.226008415222168 0
vertex -11.417840957641602 -0.02600819244980812 0
vertex -6.867840766906738 0.6739917993545532 0
endloop
endfacet
facet normal 0 0 -1
outer loop
vertex -11.417840957641602 -0.02600819244980812 0
vertex -11.417840957641602 0.6739917993545532 0
vertex -6.867840766906738 0.6739917993545532 0
endloop
endfacet
facet normal 0 0 -1
outer loop
vertex -11.417840957641602 -0.02600819244980812 0
vertex -11.417840957641602 -3.526008129119873 0
vertex -16.4178409576416 -3.526008129119873 0
endloop
endfacet
facet normal 0 0 -1
outer loop
vertex -11.417840957641602 -0.02600819244980812 0
vertex -20.96784019470215 -4.226008415222168 0
vertex -16.4178409576416 -0.02600819244980812 0
endloop
endfacet
facet normal 0 0 -1
outer loop
vertex -20.96784019470215 -4.226008415222168 0
vertex -16.4178409576416 0.6739917993545532 0
vertex -16.4178409576416 -0.02600819244980812 0
endloop
endfacet
facet normal 0 0 -1
outer loop
vertex -16.057737350463867 22.839540481567383 0
vertex -20.633872985839844 23.341018676757812 0
vertex -20.452699661254883 24.017168045043945 0
endloop
endfacet
facet normal 0 0 -1
outer loop
vertex -16.057737350463867 22.839540481567383 0
vertex -25.867841720581055 17.14899253845215 0
vertex -20.633872985839844 23.341018676757812 0
endloop
endfacet
facet normal 0 0 -1
outer loop
vertex -20.96784019470215 14.773991584777832 0
vertex -25.867841720581055 17.14899253845215 0
vertex -16.057737350463867 22.839540481567383 0
endloop
endfacet
facet normal 0 0 -1
outer loop
vertex -25.867841720581055 17.14899253845215 0
vertex -30.4178409576416 17.84899139404297 0
vertex -20.633872985839844 23.341018676757812 0
endloop
endfacet
facet normal 0 0 -1
outer loop
vertex -20.633872985839844 23.341018676757812 0
vertex -35.41783905029297 17.84899139404297 0
vertex -25.463502883911133 24.635114669799805 0
endloop
endfacet
facet normal 0 0 -1
outer loop
vertex -29.677291870117188 26.488889694213867 0
vertex -44.86783981323242 24.27399253845215 0
vertex -36.37493133544922 29.421369552612305 0
endloop
endfacet
facet normal 0 0 -1
outer loop
vertex -35.41783905029297 17.84899139404297 0
vertex -25.282329559326172 25.311262130737305 0
vertex -25.463502883911133 24.635114669799805 0
endloop
endfacet
facet normal 0 0 -1
outer loop
vertex -35.41783905029297 17.84899139404297 0
vertex -20.633872985839844 23.341018676757812 0
vertex -30.4178409576416 17.84899139404297 0
endloop
endfacet
facet normal 0 0 -1
outer loop
vertex -25.282329559326172 25.311262130737305 0
vertex -39.96784210205078 17.14899253845215 0
vertex -29.677291870117188 26.488889694213867 0
endloop
endfacet
facet normal 0 0 -1
outer loop
vertex -30.4178409576416 17.14899253845215 0
vertex -30.4178409576416 17.84899139404297 0
vertex -25.867841720581055 17.14899253845215 0
endloop
endfacet
facet normal 0 0 -1
outer loop
vertex -35.41783905029297 17.84899139404297 0
vertex -39.96784210205078 17.14899253845215 0
vertex -25.282329559326172 25.311262130737305 0
endloop
endfacet
facet normal 0 0 -1
outer loop
vertex -39.96784210205078 17.14899253845215 0
vertex -35.41783905029297 17.84899139404297 0
vertex -35.41783905029297 17.14899253845215 0
endloop
endfacet
facet normal 0 0 -1
outer loop
vertex -20.96784019470215 0.6739917993545532 0
vertex -25.867841720581055 17.14899253845215 0
vertex -20.96784019470215 14.773991584777832 0
endloop
endfacet
facet normal 0 0 -1
outer loop
vertex -20.96784019470215 0.6739917993545532 0
vertex -25.867841720581055 3.0489919185638428 0
vertex -25.867841720581055 17.14899253845215 0
endloop
endfacet
facet normal 0 0 -1
outer loop
vertex -20.96784019470215 0.6739917993545532 0
vertex -16.4178409576416 0.6739917993545532 0
vertex -20.96784019470215 -4.226008415222168 0
endloop
endfacet
facet normal 0 0 -1
outer loop
vertex -25.867841720581055 -1.8510081768035889 0
vertex -20.96784019470215 0.6739917993545532 0
vertex -20.96784019470215 -4.226008415222168 0
endloop
endfacet
facet normal 0 0 -1
outer loop
vertex -20.96784019470215 0.6739917993545532 0
vertex -30.4178409576416 -1.8510081768035889 0
vertex -25.867841720581055 3.0489919185638428 0
endloop
endfacet
facet normal 0 0 -1
outer loop
vertex -30.4178409576416 -1.8510081768035889 0
vertex -20.96784019470215 0.6739917993545532 0
vertex -25.867841720581055 -1.8510081768035889 0
endloop
endfacet
facet normal 0 0 -1
outer loop
vertex -25.867841720581055 3.0489919185638428 0
vertex -30.4178409576416 2.348991870880127 0
vertex -30.4178409576416 3.0489919185638428 0
endloop
endfacet
facet normal 0 0 -1
outer loop
vertex -25.867841720581055 3.0489919185638428 0
vertex -30.4178409576416 -1.1510082483291626 0
vertex -30.4178409576416 2.348991870880127 0
endloop
endfacet
facet normal 0 0 -1
outer loop
vertex -30.4178409576416 -1.1510082483291626 0
vertex -25.867841720581055 3.0489919185638428 0
vertex -30.4178409576416 -1.8510081768035889 0
endloop
endfacet
facet normal 0 0 -1
outer loop
vertex -35.41783905029297 -1.1510082483291626 0
vertex -30.4178409576416 2.348991870880127 0
vertex -30.4178409576416 -1.1510082483291626 0
endloop
endfacet
facet normal 0 0 -1
outer loop
vertex 17.03215980529785 -56.32600784301758 0
vertex 21.5821590423584 -56.32600784301758 0
vertex 21.5821590423584 -57.02600860595703 0
endloop
endfacet
facet normal 0 0 -1
outer loop
vertex 26.5821590423584 -57.02600860595703 0
vertex 26.5821590423584 -56.32600784301758 0
vertex 31.132158279418945 -56.32600784301758 0
endloop
endfacet
facet normal 0 0 -1
outer loop
vertex 13.906513214111328 -63.02891159057617 0
vertex 73.83092498779297 -66.3848876953125 0
vertex 2.6536474227905273 -66.46485900878906 0
endloop
endfacet
facet normal 0 0 -1
outer loop
vertex 14.122244834899902 -62.963470458984375 0
vertex 73.83092498779297 -66.3848876953125 0
vertex 13.906513214111328 -63.02891159057617 0
endloop
endfacet
facet normal 0 0 -1
outer loop
vertex 14.122244834899902 -62.963470458984375 0
vertex 14.321064949035645 -62.85719680786133 0
vertex 73.83092498779297 -66.3848876953125 0
endloop
endfacet
facet normal 0 0 -1
outer loop
vertex 14.321064949035645 -62.85719680786133 0
vertex 14.495331764221191 -62.71417999267578 0
vertex 73.83092498779297 -66.3848876953125 0
endloop
endfacet
facet normal 0 0 -1
outer loop
vertex 14.495331764221191 -62.71417999267578 0
vertex 14.638349533081055 -62.539913177490234 0
vertex 73.83092498779297 -66.3848876953125 0
endloop
endfacet
facet normal 0 0 -1
outer loop
vertex 14.744620323181152 -62.341094970703125 0
vertex 73.83092498779297 -66.3848876953125 0
vertex 14.638349533081055 -62.539913177490234 0
endloop
endfacet
facet normal 0 0 -1
outer loop
vertex 14.810062408447266 -62.125362396240234 0
vertex 73.83092498779297 -66.3848876953125 0
vertex 14.744620323181152 -62.341094970703125 0
endloop
endfacet
facet normal 0 0 -1
outer loop
vertex 14.832159042358398 -61.90100860595703 0
vertex 73.83092498779297 -66.3848876953125 0
vertex 14.810062408447266 -62.125362396240234 0
endloop
endfacet
facet normal 0 0 -1
outer loop
vertex 14.810062408447266 -61.67665481567383 0
vertex 14.744620323181152 -61.46092224121094 0
vertex 73.83092498779297 -66.3848876953125 0
endloop
endfacet
facet normal 0 0 -1
outer loop
vertex 14.810062408447266 -61.67665481567383 0
vertex 73.83092498779297 -66.3848876953125 0
vertex 14.832159042358398 -61.90100860595703 0
endloop
endfacet
facet normal 0 0 -1
outer loop
vertex 14.638349533081055 -61.26210403442383 0
vertex 14.495331764221191 -61.08783721923828 0
vertex 73.83092498779297 -66.3848876953125 0
endloop
endfacet
facet normal 0 0 -1
outer loop
vertex 14.744620323181152 -61.46092224121094 0
vertex 14.638349533081055 -61.26210403442383 0
vertex 73.83092498779297 -66.3848876953125 0
endloop
endfacet
facet normal 0 0 -1
outer loop
vertex 14.495331764221191 -61.08783721923828 0
vertex 15.500064849853516 -56.719207763671875 0
vertex 73.83092498779297 -66.3848876953125 0
endloop
endfacet
facet normal 0 0 -1
outer loop
vertex 73.83092498779297 -66.3848876953125 0
vertex 15.500064849853516 -56.719207763671875 0
vertex 15.597613334655762 -56.57321548461914 0
endloop
endfacet
facet normal 0 0 -1
outer loop
vertex 73.83092498779297 -66.3848876953125 0
vertex 15.597613334655762 -56.57321548461914 0
vertex 15.631867408752441 -56.40100860595703 0
endloop
endfacet
facet normal 0 0 -1
outer loop
vertex 73.83092498779297 -66.3848876953125 0
vertex 15.631867408752441 -56.40100860595703 0
vertex 15.597613334655762 -56.22880172729492 0
endloop
endfacet
facet normal 0 0 -1
outer loop
vertex 73.83092498779297 -66.3848876953125 0
vertex 15.597613334655762 -56.22880172729492 0
vertex 15.500064849853516 -56.08280944824219 0
endloop
endfacet
facet normal 0 0 -1
outer loop
vertex 15.500064849853516 -56.08280944824219 0
vertex 17.03215980529785 -56.32600784301758 0
vertex 73.83092498779297 -66.3848876953125 0
endloop
endfacet
facet normal 0 0 -1
outer loop
vertex 73.83092498779297 -66.3848876953125 0
vertex 17.03215980529785 -56.32600784301758 0
vertex 21.5821590423584 -57.02600860595703 0
endloop
endfacet
facet normal 0 0 -1
outer loop
vertex -30.4178409576416 2.348991870880127 0
vertex -39.96784210205078 -1.8510081768035889 0
vertex -35.41783905029297 2.348991870880127 0
endloop
endfacet
facet normal 0 0 -1
outer loop
vertex -35.41783905029297 -1.1510082483291626 0
vertex -39.96784210205078 -1.8510081768035889 0
vertex -30.4178409576416 2.348991870880127 0
endloop
endfacet
facet normal 0 0 -1
outer loop
vertex -39.96784210205078 -1.8510081768035889 0
vertex -35.41783905029297 3.0489919185638428 0
vertex -35.41783905029297 2.348991870880127 0
endloop
endfacet
facet normal 0 0 -1
outer loop
vertex -39.96784210205078 -1.8510081768035889 0
vertex -35.41783905029297 -1.1510082483291626 0
vertex -35.41783905029297 -1.8510081768035889 0
endloop
endfacet
facet normal 0.4843251296836996 0.8748880892759185 0
outer loop
vertex -41.23902130126953 54.633270263671875 0
vertex -41.31302261352539 54.67423629760742 0
vertex -41.23902130126953 54.633270263671875 5
endloop
endfacet
facet normal 0 0 -1
outer loop
vertex 17.03215980529785 -42.226009368896484 0
vertex 21.5821590423584 -41.52600860595703 0
vertex 21.5821590423584 -42.226009368896484 0
endloop
endfacet
facet normal 0 0 -1
outer loop
vertex 21.5821590423584 -41.52600860595703 0
vertex 17.03215980529785 -37.32600784301758 0
vertex 21.5821590423584 -38.02600860595703 0
endloop
endfacet
facet normal 0 0 -1
outer loop
vertex 21.5821590423584 -38.02600860595703 0
vertex 17.03215980529785 -37.32600784301758 0
vertex 21.5821590423584 -37.32600784301758 0
endloop
endfacet
facet normal 0 0 -1
outer loop
vertex 21.5821590423584 -41.52600860595703 0
vertex 21.5821590423584 -38.02600860595703 0
vertex 26.5821590423584 -41.52600860595703 0
endloop
endfacet
facet normal 0 0 -1
outer loop
vertex 26.5821590423584 -42.226009368896484 0
vertex 26.5821590423584 -41.52600860595703 0
vertex 31.132158279418945 -42.226009368896484 0
endloop
endfacet
facet normal 0 0 -1
outer loop
vertex 26.5821590423584 -41.52600860595703 0
vertex 21.5821590423584 -38.02600860595703 0
vertex 26.5821590423584 -38.02600860595703 0
endloop
endfacet
facet normal 0 0 -1
outer loop
vertex 31.132158279418945 -42.226009368896484 0
vertex 26.5821590423584 -41.52600860595703 0
vertex 26.5821590423584 -38.02600860595703 0
endloop
endfacet
facet normal 0 0 -1
outer loop
vertex 26.5821590423584 -38.02600860595703 0
vertex 26.5821590423584 -37.32600784301758 0
vertex 31.132158279418945 -37.32600784301758 0
endloop
endfacet
facet normal 0 0 -1
outer loop
vertex 31.132158279418945 -56.32600784301758 0
vertex 31.132158279418945 -42.226009368896484 0
vertex 36.03215789794922 -51.57600784301758 0
endloop
endfacet
facet normal 0 0 -1
outer loop
vertex 31.132158279418945 -56.32600784301758 0
vertex 36.03215789794922 -51.57600784301758 0
vertex 40.58216094970703 -52.27600860595703 0
endloop
endfacet
facet normal 0 0 -1
outer loop
vertex 31.132158279418945 -42.226009368896484 0
vertex 26.5821590423584 -38.02600860595703 0
vertex 31.132158279418945 -37.32600784301758 0
endloop
endfacet
facet normal 0 0 -1
outer loop
vertex 31.132158279418945 -42.226009368896484 0
vertex 31.132158279418945 -37.32600784301758 0
vertex 36.03215789794922 -37.476009368896484 0
endloop
endfacet
facet normal 0 0 -1
outer loop
vertex 36.03215789794922 -51.57600784301758 0
vertex 31.132158279418945 -42.226009368896484 0
vertex 36.03215789794922 -37.476009368896484 0
endloop
endfacet
facet normal 0.5861408295416679 0.8102091877683227 0
outer loop
vertex -41.31302261352539 54.67423629760742 0
vertex -42.777748107910156 55.733882904052734 0
vertex -41.31302261352539 54.67423629760742 5
endloop
endfacet
facet normal 0.4997356521837785 0.8661779712833002 0
outer loop
vertex -42.777748107910156 55.733882904052734 0
vertex -59.848262786865234 65.58260345458984 0
vertex -42.777748107910156 55.733882904052734 5
endloop
endfacet
facet normal 0.35622506668231474 0.9344001829340469 0
outer loop
vertex -59.848262786865234 65.58260345458984 0
vertex -60.59664535522461 65.86791229248047 0
vertex -59.848262786865234 65.58260345458984 5
endloop
endfacet
facet normal 0.12259831014458827 0.9924563740284463 0
outer loop
vertex -60.59664535522461 65.86791229248047 0
vertex -62.183048248291016 66.06388092041016 0
vertex -60.59664535522461 65.86791229248047 5
endloop
endfacet
facet normal -0.7351173151765558 0.6779399183405311 0.000006931534808353271
outer loop
vertex -66.13224792480469 63.873268127441406 0.20000000298023224
vertex -66.1859359741211 63.8150520324707 0.20000000298023224
vertex -65.09752655029297 64.99520874023438 5
endloop
endfacet
facet normal -0.7351025361946222 0.6779559434655281 0
outer loop
vertex -65.09752655029297 64.99520874023438 0
vertex -66.13224792480469 63.873268127441406 0.20000000298023224
vertex -65.09752655029297 64.99520874023438 5
endloop
endfacet
facet normal -0.1921327027511584 0.9813689543354911 0
outer loop
vertex -62.183048248291016 66.06388092041016 0
vertex -63.725486755371094 65.76190185546875 0
vertex -62.183048248291016 66.06388092041016 5
endloop
endfacet
facet normal -0.4878043856070413 0.872952966306053 0
outer loop
vertex -63.725486755371094 65.76190185546875 0
vertex -65.09752655029297 64.99520874023438 0
vertex -63.725486755371094 65.76190185546875 5
endloop
endfacet
facet normal -0.8661720648422561 0.499745889514764 0
outer loop
vertex -66.1859359741211 63.8150520324707 0.20000000298023224
vertex -66.3971939086914 63.44889450073242 0.20000000298023224
vertex -66.1859359741211 63.8150520324707 4.5
endloop
endfacet
facet normal 0.5005271845696342 0.865720819610338 0
outer loop
vertex -66.3971939086914 63.44889450073242 0.20000000298023224
vertex -67.00359344482422 63.79949188232422 0.20000000298023224
vertex -66.3971939086914 63.44889450073242 4.5
endloop
endfacet
facet normal 0.7350671349154202 -0.6779943267957598 0
outer loop
vertex 0.5754699110984802 -67.63335418701172 5
vertex 0.5754699110984802 -67.63335418701172 0
vertex 0.6489223837852478 -67.55371856689453 0
endloop
endfacet
facet normal 0.622032097716565 -0.7829917428749359 0
outer loop
vertex 0.6489223837852478 -67.55371856689453 0
vertex 1.4587947130203247 -66.91033172607422 0
vertex 0.6489223837852478 -67.55371856689453 5
endloop
endfacet
facet normal 0.4937856300191746 -0.8695836656622333 0
outer loop
vertex 1.4587947130203247 -66.91033172607422 0
vertex 1.5532885789871216 -66.85667419433594 0
vertex 1.4587947130203247 -66.91033172607422 5
endloop
endfacet
facet normal 0.3536641149561999 -0.9353724893283145 0
outer loop
vertex 1.5532885789871216 -66.85667419433594 0
vertex 2.529250383377075 -66.48766326904297 0
vertex 1.5532885789871216 -66.85667419433594 5
endloop
endfacet
facet normal 0.1803136121981081 -0.9836091709902212 0
outer loop
vertex 2.529250383377075 -66.48766326904297 0
vertex 2.6536474227905273 -66.46485900878906 0
vertex 2.529250383377075 -66.48766326904297 5
endloop
endfacet
facet normal 0 0 1
outer loop
vertex 55.03215789794922 24.423992156982422 5
vertex 75.27875518798828 19.53707504272461 5
vertex 69.13215637207031 24.423992156982422 5
endloop
endfacet
facet normal 0 0 1
outer loop
vertex 55.03215789794922 24.423992156982422 5
vertex 69.13215637207031 19.52399253845215 5
vertex 75.27875518798828 19.53707504272461 5
endloop
endfacet
facet normal 0 0 1
outer loop
vertex 55.03215789794922 24.423992156982422 5
vertex 50.13216018676758 24.423992156982422 5
vertex 69.13215637207031 19.52399253845215 5
endloop
endfacet
facet normal 0 0 1
outer loop
vertex 50.13216018676758 24.423992156982422 5
vertex 55.03215789794922 19.52399253845215 5
vertex 69.13215637207031 19.52399253845215 5
endloop
endfacet
facet normal 0 0 -1
outer loop
vertex -66.4186019897461 -47.13349533081055 0
vertex -66.41864776611328 -45.867984771728516 0
vertex -65.11865234375 -45.8679313659668 0
endloop
endfacet
facet normal 0 0 1
outer loop
vertex 69.13215637207031 5.423991680145264 5
vertex 75.27574157714844 0.5370758771896362 5
vertex 75.27875518798828 19.53707504272461 5
endloop
endfacet
facet normal 0 0 1
outer loop
vertex 76.56480407714844 0.5368711352348328 5
vertex 75.27574157714844 0.5370758771896362 5
vertex 76.56482696533203 -1.8904554843902588 5
endloop
endfacet
facet normal 0 0 1
outer loop
vertex 69.13215637207031 5.423991680145264 5
vertex 76.56482696533203 -1.8904554843902588 5
vertex 75.27574157714844 0.5370758771896362 5
endloop
endfacet
facet normal 0 0 1
outer loop
vertex 75.27535247802734 -1.8902506828308105 5
vertex 76.56482696533203 -1.8904554843902588 5
vertex 69.13215637207031 5.423991680145264 5
endloop
endfacet
facet normal 0.9999999999555435 0.000009429379387050773 0
outer loop
vertex 76.56482696533203 -1.8904554843902588 5
vertex 76.56480407714844 0.5368711352348328 4.5
vertex 76.56480407714844 0.5368711352348328 5
endloop
endfacet
facet normal 0 0 1
outer loop
vertex 69.13215637207031 5.423991680145264 5
vertex 69.13215637207031 0.5239918231964111 5
vertex 75.27535247802734 -1.8902506828308105 5
endloop
endfacet
facet normal 0.9999999999555435 0.000009429379387050773 0
outer loop
vertex 76.56482696533203 -1.8904554843902588 5
vertex 76.56482696533203 -1.8904554843902588 4.5
vertex 76.56480407714844 0.5368711352348328 4.5
endloop
endfacet
facet normal 0 0 1
outer loop
vertex 69.13215637207031 5.423991680145264 5
vertex 55.03215789794922 5.423991680145264 5
vertex 69.13215637207031 0.5239918231964111 5
endloop
endfacet
facet normal 0 0 1
outer loop
vertex 55.03215789794922 5.423991680145264 5
vertex 55.03215789794922 0.5239918231964111 5
vertex 69.13215637207031 0.5239918231964111 5
endloop
endfacet
facet normal -0.9999999993457841 -0.00003617225224162284 0
outer loop
vertex -66.41864776611328 -45.867984771728516 0
vertex -66.4186019897461 -47.13349533081055 0
vertex -66.41864776611328 -45.867984771728516 0.20000000298023224
endloop
endfacet
facet normal 0 0 -1
outer loop
vertex -66.4186019897461 -47.13349533081055 0
vertex -65.11865234375 -45.8679313659668 0
vertex -65.11859893798828 -47.133445739746094 0
endloop
endfacet
facet normal 0 0 1
outer loop
vertex 55.03215789794922 24.423992156982422 5
vertex 55.03215789794922 38.523990631103516 5
vertex 50.13216018676758 24.423992156982422 5
endloop
endfacet
facet normal 0 0 1
outer loop
vertex 50.13216018676758 24.423992156982422 5
vertex 50.13216018676758 19.52399253845215 5
vertex 55.03215789794922 19.52399253845215 5
endloop
endfacet
facet normal 0 0 1
outer loop
vertex 50.13216018676758 19.52399253845215 5
vertex 50.13216018676758 5.423991680145264 5
vertex 55.03215789794922 19.52399253845215 5
endloop
endfacet
facet normal -0.9999999993457841 -0.00003617225224162284 0
outer loop
vertex -66.41864776611328 -45.867984771728516 0.20000000298023224
vertex -66.4186019897461 -47.13349533081055 0
vertex -66.4186019897461 -47.13349533081055 0.20000000298023224
endloop
endfacet
facet normal 0 0 1
outer loop
vertex 36.03215789794922 24.423992156982422 5
vertex 50.13216018676758 19.52399253845215 5
vertex 50.13216018676758 24.423992156982422 5
endloop
endfacet
facet normal 0 0 1
outer loop
vertex 36.03215789794922 24.423992156982422 5
vertex 36.03215789794922 19.52399253845215 5
vertex 50.13216018676758 19.52399253845215 5
endloop
endfacet
facet normal 0 0 -1
outer loop
vertex -65.11865234375 -45.8679313659668 0
vertex -58.96784210205078 -46.82600784301758 0
vertex -65.11859893798828 -47.133445739746094 0
endloop
endfacet
facet normal 0 0 1
outer loop
vertex 55.03215789794922 5.423991680145264 5
vertex 55.03215789794922 19.52399253845215 5
vertex 50.13216018676758 5.423991680145264 5
endloop
endfacet
facet normal 0 0 1
outer loop
vertex 55.03215789794922 0.5239918231964111 5
vertex 55.03215789794922 5.423991680145264 5
vertex 50.13216018676758 5.423991680145264 5
endloop
endfacet
facet normal 0 0 1
outer loop
vertex 50.13216018676758 5.423991680145264 5
vertex 50.13216018676758 0.5239918231964111 5
vertex 55.03215789794922 0.5239918231964111 5
endloop
endfacet
facet normal 0 0 1
outer loop
vertex 50.13216018676758 5.423991680145264 5
vertex 36.03215789794922 5.423991680145264 5
vertex 50.13216018676758 0.5239918231964111 5
endloop
endfacet
facet normal 0 0 1
outer loop
vertex 36.03215789794922 5.423991680145264 5
vertex 36.03215789794922 0.5239918231964111 5
vertex 50.13216018676758 0.5239918231964111 5
endloop
endfacet
facet normal 0 0 -1
outer loop
vertex -65.11859893798828 -47.133445739746094 0
vertex -54.41783905029297 -47.52600860595703 0
vertex -65.11784362792969 -66.1334457397461 0
endloop
endfacet
facet normal 0 0 -1
outer loop
vertex -54.41783905029297 -47.52600860595703 0
vertex -65.11859893798828 -47.133445739746094 0
vertex -58.96784210205078 -46.82600784301758 0
endloop
endfacet
facet normal -0.8657200460519442 0.5005285225277571 0
outer loop
vertex -67.00359344482422 63.79949188232422 0.20000000298023224
vertex -75.65272521972656 48.83985137939453 0.20000000298023224
vertex -67.00359344482422 63.79949188232422 4.5
endloop
endfacet
facet normal -0.9353546989949256 -0.35371116333544267 0
outer loop
vertex -66.67618560791016 35.13306427001953 0
vertex -66.63774871826172 35.03142166137695 0
vertex -66.67618560791016 35.13306427001953 5
endloop
endfacet
facet normal -0.9787409934956078 -0.20510014054415135 0
outer loop
vertex -66.63774871826172 35.03142166137695 0
vertex -66.4292984008789 34.03669357299805 0
vertex -66.63774871826172 35.03142166137695 5
endloop
endfacet
facet normal -0.9946780133695287 -0.10303227513380296 0
outer loop
vertex -66.4292984008789 34.03669357299805 0
vertex -66.42184448242188 33.9647331237793 0
vertex -66.4292984008789 34.03669357299805 5
endloop
endfacet
facet normal 0 0 -1
outer loop
vertex -58.96784210205078 -46.82600784301758 0
vertex -65.11865234375 -45.8679313659668 0
vertex -65.1194076538086 -26.867931365966797 0
endloop
endfacet
facet normal 0 0 -1
outer loop
vertex -63.67295455932617 -70.60787963867188 0
vertex -44.86783981323242 -46.82600784301758 0
vertex -62.65692138671875 -70.98980712890625 0
endloop
endfacet
facet normal -0.9999999777598108 -0.00021090371776016255 0
outer loop
vertex -66.42183685302734 33.928558349609375 0.20000000298023224
vertex -66.42183685302734 33.928558349609375 4.5
vertex -66.42184448242188 33.9647331237793 0
endloop
endfacet
facet normal -0.9999999995343386 -0.000030517578110789142 0
outer loop
vertex -66.42183685302734 33.928558349609375 0.20000000298023224
vertex -66.42182159423828 33.428558349609375 0.20000000298023224
vertex -66.42183685302734 33.928558349609375 4.5
endloop
endfacet
facet normal -0.000038147138936821716 0.9999999992723978 0
outer loop
vertex -66.42182159423828 33.428558349609375 0.20000000298023224
vertex -67.12181854248047 33.428531646728516 0.20000000298023224
vertex -66.42182159423828 33.428558349609375 4.5
endloop
endfacet
facet normal -0.8657188682419378 0.5005305596763282 0
outer loop
vertex -75.65272521972656 48.83985137939453 0.20000000298023224
vertex -76.01310729980469 48.21653366088867 0.20000000298023224
vertex -76.01310729980469 48.21653366088867 4.5
endloop
endfacet
facet normal -0.500528373416153 -0.8657201322629503 0
outer loop
vertex -75.39247131347656 47.857704162597656 0.20000000298023224
vertex -76.01310729980469 48.21653366088867 4.5
vertex -76.01310729980469 48.21653366088867 0.20000000298023224
endloop
endfacet
facet normal -0.8661745354706527 0.49974160733542994 0
outer loop
vertex -75.39247131347656 47.857704162597656 0.20000000298023224
vertex -75.64234161376953 47.424617767333984 0.20000000298023224
vertex -75.39247131347656 47.857704162597656 4.5
endloop
endfacet
facet normal -0.8661782685280753 0.49973513697652955 8.686057195381609e-7
outer loop
vertex -75.64234161376953 47.424617767333984 0.20000000298023224
vertex -76.01374816894531 46.78086853027344 0
vertex -75.39247131347656 47.857704162597656 4.5
endloop
endfacet
facet normal -0.9343964077747593 0.35623496899887014 0
outer loop
vertex -76.01374816894531 46.78086853027344 0
vertex -76.29906463623047 46.03248977661133 0
vertex -76.01374816894531 46.78086853027344 5
endloop
endfacet
facet normal -0.9924569906273392 0.12259331855743882 0
outer loop
vertex -76.29906463623047 46.03248977661133 0
vertex -76.49502563476562 44.446083068847656 0
vertex -76.29906463623047 46.03248977661133 5
endloop
endfacet
facet normal -0.9813698695929104 -0.19212802777105162 0
outer loop
vertex -76.49502563476562 44.446083068847656 0
vertex -76.19305419921875 42.90364456176758 0
vertex -76.49502563476562 44.446083068847656 5
endloop
endfacet
facet normal -0.6779577246735519 -0.7351008934530417 0
outer loop
vertex -75.42635345458984 41.53160858154297 0
vertex -74.2454605102539 40.44251251220703 0
vertex -75.42635345458984 41.53160858154297 5
endloop
endfacet
facet normal -0.872950321713537 -0.4878091182216997 0
outer loop
vertex -76.19305419921875 42.90364456176758 0
vertex -75.42635345458984 41.53160858154297 0
vertex -76.19305419921875 42.90364456176758 5
endloop
endfacet
facet normal -0.782974060107665 -0.6220543555016061 0
outer loop
vertex -67.25457000732422 36.11773681640625 0
vertex -67.18697357177734 36.03265380859375 0
vertex -67.25457000732422 36.11773681640625 5
endloop
endfacet
facet normal -0.5934864351243376 -0.8048439919160765 0
outer loop
vertex -68.06509399414062 36.85325241088867 0
vertex -68.0035171508789 36.80784606933594 0
vertex -68.06509399414062 36.85325241088867 5
endloop
endfacet
facet normal -0.6776295429523483 -0.7354034284106863 0
outer loop
vertex -68.0035171508789 36.80784606933594 0
vertex -67.25457000732422 36.11773681640625 0
vertex -68.0035171508789 36.80784606933594 5
endloop
endfacet
facet normal -0.86959870909993 -0.4937591367577267 0
outer loop
vertex -67.18697357177734 36.03265380859375 0
vertex -66.67618560791016 35.13306427001953 0
vertex -67.18697357177734 36.03265380859375 5
endloop
endfacet
facet normal -0.5022045976604844 -0.864748831793759 0
outer loop
vertex -74.2454605102539 40.44251251220703 0
vertex -68.06509399414062 36.85325241088867 0
vertex -74.2454605102539 40.44251251220703 5
endloop
endfacet
facet normal 0 0 -1
outer loop
vertex -39.68535614013672 46.72118377685547 0
vertex -44.16626739501953 47.776615142822266 0
vertex -41.23902130126953 54.633270263671875 0
endloop
endfacet
facet normal 0 0 -1
outer loop
vertex -41.23902130126953 54.633270263671875 0
vertex -48.89960479736328 50.67947006225586 0
vertex -41.31302261352539 54.67423629760742 0
endloop
endfacet
facet normal 0 0 -1
outer loop
vertex -41.31302261352539 54.67423629760742 0
vertex -52.84001922607422 52.954471588134766 0
vertex -42.777748107910156 55.733882904052734 0
endloop
endfacet
facet normal 0 0 -1
outer loop
vertex -44.16626739501953 47.776615142822266 0
vertex -48.89960479736328 50.67947006225586 0
vertex -41.23902130126953 54.633270263671875 0
endloop
endfacet
facet normal 0 0 -1
outer loop
vertex -42.777748107910156 55.733882904052734 0
vertex -66.13224792480469 63.873268127441406 0
vertex -59.848262786865234 65.58260345458984 0
endloop
endfacet
facet normal 0 0 -1
outer loop
vertex -61.11056137084961 57.729469299316406 0
vertex -65.02188873291016 63.23129653930664 0
vertex -42.777748107910156 55.733882904052734 0
endloop
endfacet
facet normal 0 0 -1
outer loop
vertex -52.49001693725586 53.56068801879883 0
vertex -42.777748107910156 55.733882904052734 0
vertex -52.84001922607422 52.954471588134766 0
endloop
endfacet
facet normal 0 0 -1
outer loop
vertex -56.82014465332031 56.06068801879883 0
vertex -42.777748107910156 55.733882904052734 0
vertex -52.49001693725586 53.56068801879883 0
endloop
endfacet
facet normal 0 0 -1
outer loop
vertex -52.84001922607422 52.954471588134766 0
vertex -41.31302261352539 54.67423629760742 0
vertex -48.89960479736328 50.67947006225586 0
endloop
endfacet
facet normal 0 0 -1
outer loop
vertex -56.82014465332031 56.06068801879883 0
vertex -61.11056137084961 57.729469299316406 0
vertex -42.777748107910156 55.733882904052734 0
endloop
endfacet
facet normal 0 0 -1
outer loop
vertex -44.16626739501953 47.776615142822266 0
vertex -39.68535614013672 46.72118377685547 0
vertex -39.94758224487305 46.0721549987793 0
endloop
endfacet
facet normal 0 0 -1
outer loop
vertex -49.44822311401367 34.70332336425781 0
vertex -48.89960479736328 50.67947006225586 0
vertex -44.16626739501953 47.776615142822266 0
endloop
endfacet
facet normal 0 0 -1
outer loop
vertex -45.49176025390625 32.34983444213867 0
vertex -49.44822311401367 34.70332336425781 0
vertex -45.22953414916992 32.998863220214844 0
endloop
endfacet
facet normal 0 0 -1
outer loop
vertex -49.44822311401367 34.70332336425781 0
vertex -55.94960403442383 38.46851348876953 0
vertex -48.89960479736328 50.67947006225586 0
endloop
endfacet
facet normal 0 0 -1
outer loop
vertex -65.02188873291016 63.23129653930664 0
vertex -66.13224792480469 63.873268127441406 0
vertex -42.777748107910156 55.733882904052734 0
endloop
endfacet
facet normal -0.00015746266071483392 -0.9999999876027552 0
outer loop
vertex 76.5645523071289 22.464197158813477 4.5
vertex 77.27922058105469 22.46408462524414 0.20000000298023224
vertex 77.27922058105469 22.46408462524414 4.5
endloop
endfacet
facet normal 0.9999999998835846 0.000015258789060723641 0
outer loop
vertex 76.56455993652344 21.964197158813477 4.5
vertex 76.5645523071289 22.464197158813477 0.20000000298023224
vertex 76.5645523071289 22.464197158813477 4.5
endloop
endfacet
facet normal 0 0 -1
outer loop
vertex -60.59664535522461 65.86791229248047 0
vertex -63.725486755371094 65.76190185546875 0
vertex -62.183048248291016 66.06388092041016 0
endloop
endfacet
facet normal 0 0 -1
outer loop
vertex -66.13224792480469 63.873268127441406 0
vertex -60.59664535522461 65.86791229248047 0
vertex -59.848262786865234 65.58260345458984 0
endloop
endfacet
facet normal 0 0 -1
outer loop
vertex -60.59664535522461 65.86791229248047 0
vertex -65.09752655029297 64.99520874023438 0
vertex -63.725486755371094 65.76190185546875 0
endloop
endfacet
facet normal 0 0 -1
outer loop
vertex -66.13224792480469 63.873268127441406 0
vertex -65.09752655029297 64.99520874023438 0
vertex -60.59664535522461 65.86791229248047 0
endloop
endfacet
facet normal -0.7351025361946221 0.6779559434655281 0
outer loop
vertex -66.13224792480469 63.873268127441406 0
vertex -66.13224792480469 63.873268127441406 0.20000000298023224
vertex -65.09752655029297 64.99520874023438 0
endloop
endfacet
facet normal 0.9999999999209173 0.00001257250801005068 -3.123582619888853e-7
outer loop
vertex 76.56459045410156 19.5368709564209 4.5
vertex 76.5645523071289 22.464197158813477 0.20000000298023224
vertex 76.56455993652344 21.964197158813477 4.5
endloop
endfacet
facet normal 0.9999999999606491 0 -0.000008871388995625042
outer loop
vertex 76.56459045410156 19.0368709564209 4.5
vertex 76.5645523071289 22.464197158813477 0.20000000298023224
vertex 76.56459045410156 19.5368709564209 4.5
endloop
endfacet
facet normal 0 0 -1
outer loop
vertex -61.11056137084961 57.729469299316406 0
vertex -56.82014465332031 56.06068801879883 0
vertex -57.17014694213867 55.454471588134766 0
endloop
endfacet
facet normal 0 0 -1
outer loop
vertex -68.16056060791016 45.51851272583008 0
vertex -65.02188873291016 63.23129653930664 0
vertex -61.11056137084961 57.729469299316406 0
endloop
endfacet
facet normal 0.00015759051910684699 0.999999987582614 0
outer loop
vertex 77.27867889404297 19.036758422851562 4.5
vertex 76.56459045410156 19.0368709564209 0.20000000298023224
vertex 76.56459045410156 19.0368709564209 4.5
endloop
endfacet
facet normal 0.9999999872697684 -0.0001595633176312717 1.0345743311019199e-7
outer loop
vertex 77.27774810791016 13.203424453735352 4.5
vertex 77.278564453125 18.316757202148438 0.20000000298023224
vertex 77.27867889404297 19.036758422851562 4.5
endloop
endfacet
facet normal 0 0 -1
outer loop
vertex -62.65692138671875 -70.98980712890625 0
vertex -44.86783981323242 -46.82600784301758 0
vertex -61.555843353271484 -71.14701080322266 0
endloop
endfacet
facet normal 0 0 -1
outer loop
vertex -68.16056060791016 45.51851272583008 0
vertex -74.53193664550781 46.782615661621094 0
vertex -65.02188873291016 63.23129653930664 0
endloop
endfacet
facet normal 0 0 -1
outer loop
vertex -44.86783981323242 -46.82600784301758 0
vertex -64.5824966430664 -70.01549530029297 0
vertex -49.41783905029297 -47.52600860595703 0
endloop
endfacet
facet normal 0 0 -1
outer loop
vertex -61.555843353271484 -71.14701080322266 0
vertex -44.86783981323242 -46.82600784301758 0
vertex -39.96784210205078 -53.95100784301758 0
endloop
endfacet
facet normal 0 0 -1
outer loop
vertex -55.94960403442383 38.46851348876953 0
vertex -60.24001693725586 40.13729476928711 0
vertex -59.890018463134766 40.74351119995117 0
endloop
endfacet
facet normal 0 0 -1
outer loop
vertex -55.94960403442383 38.46851348876953 0
vertex -66.67618560791016 35.13306427001953 0
vertex -60.24001693725586 40.13729476928711 0
endloop
endfacet
facet normal 0 0 -1
outer loop
vertex -49.44822311401367 34.70332336425781 0
vertex -66.4292984008789 34.03669357299805 0
vertex -55.94960403442383 38.46851348876953 0
endloop
endfacet
facet normal 0 0 -1
outer loop
vertex -49.44822311401367 34.70332336425781 0
vertex -65.12184143066406 33.92860794067383 0
vertex -66.42183685302734 33.928558349609375 0
endloop
endfacet
facet normal 0 0 -1
outer loop
vertex -49.44822311401367 34.70332336425781 0
vertex -66.42184448242188 33.9647331237793 0
vertex -66.4292984008789 34.03669357299805 0
endloop
endfacet
facet normal 0 0 -1
outer loop
vertex -66.42183685302734 33.928558349609375 0
vertex -66.42184448242188 33.9647331237793 0
vertex -49.44822311401367 34.70332336425781 0
endloop
endfacet
facet normal 0 0 -1
outer loop
vertex -60.24001693725586 40.13729476928711 0
vertex -68.06509399414062 36.85325241088867 0
vertex -64.57014465332031 42.63729476928711 0
endloop
endfacet
facet normal 0 0 -1
outer loop
vertex -55.94960403442383 38.46851348876953 0
vertex -66.63774871826172 35.03142166137695 0
vertex -66.67618560791016 35.13306427001953 0
endloop
endfacet
facet normal 0 0 -1
outer loop
vertex -60.24001693725586 40.13729476928711 0
vertex -67.18697357177734 36.03265380859375 0
vertex -67.25457000732422 36.11773681640625 0
endloop
endfacet
facet normal 0 0 -1
outer loop
vertex -68.0035171508789 36.80784606933594 0
vertex -60.24001693725586 40.13729476928711 0
vertex -67.25457000732422 36.11773681640625 0
endloop
endfacet
facet normal 0 0 -1
outer loop
vertex -68.0035171508789 36.80784606933594 0
vertex -68.06509399414062 36.85325241088867 0
vertex -60.24001693725586 40.13729476928711 0
endloop
endfacet
facet normal 0 0 -1
outer loop
vertex -67.18697357177734 36.03265380859375 0
vertex -60.24001693725586 40.13729476928711 0
vertex -66.67618560791016 35.13306427001953 0
endloop
endfacet
facet normal 0 0 -1
outer loop
vertex -61.555843353271484 -71.14701080322266 0
vertex -39.96784210205078 -53.95100784301758 0
vertex -35.41783905029297 -54.65100860595703 0
endloop
endfacet
facet normal 0 0 -1
outer loop
vertex -66.4292984008789 34.03669357299805 0
vertex -66.63774871826172 35.03142166137695 0
vertex -55.94960403442383 38.46851348876953 0
endloop
endfacet
facet normal 0 0 -1
outer loop
vertex -61.555843353271484 -71.14701080322266 0
vertex -35.41783905029297 -54.65100860595703 0
vertex -30.4178409576416 -54.65100860595703 0
endloop
endfacet
facet normal 0 0 -1
outer loop
vertex -49.41783905029297 -47.52600860595703 0
vertex -65.11784362792969 -66.1334457397461 0
vertex -54.41783905029297 -47.52600860595703 0
endloop
endfacet
facet normal -0.9999999777598106 -0.00021090371776016253 0
outer loop
vertex -66.42184448242188 33.9647331237793 0
vertex -66.42183685302734 33.928558349609375 0
vertex -66.42183685302734 33.928558349609375 0.20000000298023224
endloop
endfacet
facet normal 0 0 -1
outer loop
vertex -64.22014617919922 43.24351119995117 0
vertex -75.42635345458984 41.53160858154297 0
vertex -68.16056060791016 45.51851272583008 0
endloop
endfacet
facet normal 0 0 -1
outer loop
vertex -64.57014465332031 42.63729476928711 0
vertex -74.2454605102539 40.44251251220703 0
vertex -64.22014617919922 43.24351119995117 0
endloop
endfacet
facet normal 0 0 -1
outer loop
vertex -75.42635345458984 41.53160858154297 0
vertex -64.22014617919922 43.24351119995117 0
vertex -74.2454605102539 40.44251251220703 0
endloop
endfacet
facet normal 0 0 -1
outer loop
vertex -54.41783905029297 -47.52600860595703 0
vertex -58.96784210205078 -46.82600784301758 0
vertex -54.41783905029297 -46.82600784301758 0
endloop
endfacet
facet normal 0.9999999874144433 -0.00015864960453327402 0.000001189996788456338
outer loop
vertex 77.27581787109375 1.0367581844329834 4.5
vertex 77.278564453125 18.316757202148438 0.20000000298023224
vertex 77.27774810791016 13.203424453735352 4.5
endloop
endfacet
facet normal -0.00015894092829981966 -0.9999999873688906 0
outer loop
vertex 76.5647964477539 1.0368711948394775 4.5
vertex 77.27581787109375 1.0367581844329834 0.20000000298023224
vertex 77.27581787109375 1.0367581844329834 4.5
endloop
endfacet
facet normal 0 0 -1
outer loop
vertex -68.16056060791016 45.51851272583008 0
vertex -76.01374816894531 46.78086853027344 0
vertex -74.53193664550781 46.782615661621094 0
endloop
endfacet
facet normal 0 0 -1
outer loop
vertex -68.16056060791016 45.51851272583008 0
vertex -76.29906463623047 46.03248977661133 0
vertex -76.01374816894531 46.78086853027344 0
endloop
endfacet
facet normal 0 0 -1
outer loop
vertex -68.16056060791016 45.51851272583008 0
vertex -76.49502563476562 44.446083068847656 0
vertex -76.29906463623047 46.03248977661133 0
endloop
endfacet
facet normal 0.9999999998835846 0.000015258787241734456 0
outer loop
vertex 76.56480407714844 0.5368711352348328 4.5
vertex 76.5647964477539 1.0368711948394775 0.20000000298023224
vertex 76.5647964477539 1.0368711948394775 4.5
endloop
endfacet
facet normal 0.9999999999553137 0.000009429379387048608 -6.778382040395522e-7
outer loop
vertex 76.56482696533203 -1.8904554843902588 4.5
vertex 76.5647964477539 1.0368711948394775 0.20000000298023224
vertex 76.56480407714844 0.5368711352348328 4.5
endloop
endfacet
facet normal -0.866178151717559 0.4997353394419423 0
outer loop
vertex -75.64234161376953 47.424617767333984 0
vertex -76.01374816894531 46.78086853027344 0
vertex -75.64234161376953 47.424617767333984 0.20000000298023224
endloop
endfacet
facet normal 0 0 -1
outer loop
vertex -76.01374816894531 46.78086853027344 0
vertex -75.64234161376953 47.424617767333984 0
vertex -74.53193664550781 46.782615661621094 0
endloop
endfacet
facet normal 0 0 -1
outer loop
vertex -68.16056060791016 45.51851272583008 0
vertex -76.19305419921875 42.90364456176758 0
vertex -76.49502563476562 44.446083068847656 0
endloop
endfacet
facet normal 0 0 -1
outer loop
vertex -76.19305419921875 42.90364456176758 0
vertex -68.16056060791016 45.51851272583008 0
vertex -75.42635345458984 41.53160858154297 0
endloop
endfacet
facet normal 0 0 -1
outer loop
vertex -68.06509399414062 36.85325241088867 0
vertex -74.2454605102539 40.44251251220703 0
vertex -64.57014465332031 42.63729476928711 0
endloop
endfacet
facet normal -0.999999998952262 -0.00004577636713953836 0
outer loop
vertex -66.42110443115234 15.428558349609375 0.20000000298023224
vertex -66.42108154296875 14.928558349609375 0.20000000298023224
vertex -66.42110443115234 15.428558349609375 4.5
endloop
endfacet
facet normal -0.9999999991094584 -0.000042200833730319845 -4.1575969987122286e-7
outer loop
vertex -66.42108154296875 14.928558349609375 0.20000000298023224
vertex -66.42102813720703 13.663043975830078 0.20000000298023224
vertex -66.42110443115234 15.428558349609375 4.5
endloop
endfacet
facet normal -0.9999999992105084 -0.00003973642385383961 0
outer loop
vertex -67.12181854248047 33.428531646728516 0.20000000298023224
vertex -67.12113189697266 16.148529052734375 0.20000000298023224
vertex -67.12181854248047 33.428531646728516 4.5
endloop
endfacet
facet normal 0.00004087193457076604 -0.9999999991647425 0
outer loop
vertex -67.12110137939453 15.428529739379883 4.5
vertex -67.12110137939453 15.428529739379883 0.20000000298023224
vertex -66.42110443115234 15.428558349609375 0.20000000298023224
endloop
endfacet
facet normal -0.9999999991017319 -0.000042385565557562806 0
outer loop
vertex -67.12113189697266 16.148529052734375 0.20000000298023224
vertex -67.12110137939453 15.428529739379883 0.20000000298023224
vertex -67.12110137939453 15.428529739379883 4.5
endloop
endfacet
facet normal -0.9999999995207524 -0.000030517578110374523 -0.00000521272615922623
outer loop
vertex -66.42102813720703 13.663043975830078 0.20000000298023224
vertex -66.42101287841797 13.163043975830078 0.20000000298023224
vertex -66.42110443115234 15.428558349609375 4.5
endloop
endfacet
facet normal -0.00003950953675390388 0.9999999992194983 0
outer loop
vertex -66.42101287841797 13.163043975830078 0.20000000298023224
vertex -67.12100982666016 13.163016319274902 0.20000000298023224
vertex -66.42101287841797 13.163043975830078 4.5
endloop
endfacet
facet normal -0.9999999992105081 -0.000039736429336421545 0
outer loop
vertex -67.12100982666016 13.163016319274902 0.20000000298023224
vertex -67.12032318115234 -4.116983890533447 0.20000000298023224
vertex -67.12100982666016 13.163016319274902 4.5
endloop
endfacet
facet normal 0 0 -1
outer loop
vertex -36.37493133544922 29.421369552612305 0
vertex -40.85584259033203 30.4768009185791 0
vertex -40.5936164855957 31.125829696655273 0
endloop
endfacet
facet normal 0 0 -1
outer loop
vertex -44.86783981323242 24.27399253845215 0
vertex -40.85584259033203 30.4768009185791 0
vertex -36.37493133544922 29.421369552612305 0
endloop
endfacet
facet normal 0 0 -1
outer loop
vertex -40.85584259033203 30.4768009185791 0
vertex -54.41783905029297 24.97399139404297 0
vertex -45.49176025390625 32.34983444213867 0
endloop
endfacet
facet normal 0 0 -1
outer loop
vertex -44.86783981323242 24.27399253845215 0
vertex -49.41783905029297 24.97399139404297 0
vertex -40.85584259033203 30.4768009185791 0
endloop
endfacet
facet normal 0 0 -1
outer loop
vertex -44.86783981323242 24.27399253845215 0
vertex -29.677291870117188 26.488889694213867 0
vertex -39.96784210205078 17.14899253845215 0
endloop
endfacet
facet normal 0 0 -1
outer loop
vertex -39.96784210205078 12.152263641357422 0
vertex -44.86783981323242 24.27399253845215 0
vertex -39.96784210205078 17.14899253845215 0
endloop
endfacet
facet normal 0 0 -1
outer loop
vertex -39.96784210205078 12.152263641357422 0
vertex -44.86783981323242 10.173992156982422 0
vertex -44.86783981323242 24.27399253845215 0
endloop
endfacet
facet normal 0 0 -1
outer loop
vertex -45.49176025390625 32.34983444213867 0
vertex -58.96784210205078 24.27399253845215 0
vertex -49.44822311401367 34.70332336425781 0
endloop
endfacet
facet normal 0 0 -1
outer loop
vertex -54.41783905029297 24.97399139404297 0
vertex -40.85584259033203 30.4768009185791 0
vertex -49.41783905029297 24.97399139404297 0
endloop
endfacet
facet normal 0 0 -1
outer loop
vertex -49.41783905029297 24.27399253845215 0
vertex -49.41783905029297 24.97399139404297 0
vertex -44.86783981323242 24.27399253845215 0
endloop
endfacet
facet normal 0 0 -1
outer loop
vertex -54.41783905029297 24.97399139404297 0
vertex -58.96784210205078 24.27399253845215 0
vertex -45.49176025390625 32.34983444213867 0
endloop
endfacet
facet normal 0 0 -1
outer loop
vertex -58.96784210205078 24.27399253845215 0
vertex -54.41783905029297 24.97399139404297 0
vertex -54.41783905029297 24.27399253845215 0
endloop
endfacet
facet normal 0 0 -1
outer loop
vertex -39.96784210205078 3.0489919185638428 0
vertex -44.86783981323242 5.273991584777832 0
vertex -39.96784210205078 12.152263641357422 0
endloop
endfacet
facet normal 0 0 -1
outer loop
vertex -49.41783905029297 5.273991584777832 0
vertex -39.96784210205078 12.152263641357422 0
vertex -44.86783981323242 5.273991584777832 0
endloop
endfacet
facet normal 0 0 -1
outer loop
vertex -39.96784210205078 12.152263641357422 0
vertex -54.41783905029297 5.973991870880127 0
vertex -44.86783981323242 10.173992156982422 0
endloop
endfacet
facet normal 0 0 -1
outer loop
vertex -49.41783905029297 5.273991584777832 0
vertex -49.41783905029297 5.973991870880127 0
vertex -39.96784210205078 12.152263641357422 0
endloop
endfacet
facet normal 0 0 -1
outer loop
vertex -35.41783905029297 3.0489919185638428 0
vertex -44.86783981323242 -3.294334888458252 0
vertex -39.96784210205078 3.0489919185638428 0
endloop
endfacet
facet normal 0 0 -1
outer loop
vertex -39.96784210205078 -1.8510081768035889 0
vertex -44.86783981323242 -3.294334888458252 0
vertex -35.41783905029297 3.0489919185638428 0
endloop
endfacet
facet normal 0 0 -1
outer loop
vertex -44.86783981323242 -3.294334888458252 0
vertex -44.86783981323242 5.273991584777832 0
vertex -39.96784210205078 3.0489919185638428 0
endloop
endfacet
facet normal 0 0 -1
outer loop
vertex -44.86783981323242 10.173992156982422 0
vertex -49.41783905029297 9.473991394042969 0
vertex -49.41783905029297 10.173992156982422 0
endloop
endfacet
facet normal 0 0 -1
outer loop
vertex -49.41783905029297 9.473991394042969 0
vertex -44.86783981323242 10.173992156982422 0
vertex -54.41783905029297 5.973991870880127 0
endloop
endfacet
facet normal 0 0 -1
outer loop
vertex -54.41783905029297 5.973991870880127 0
vertex -39.96784210205078 12.152263641357422 0
vertex -49.41783905029297 5.973991870880127 0
endloop
endfacet
facet normal 0 0 -1
outer loop
vertex -54.41783905029297 9.473991394042969 0
vertex -49.41783905029297 9.473991394042969 0
vertex -54.41783905029297 5.973991870880127 0
endloop
endfacet
facet normal 0 0 -1
outer loop
vertex -54.41783905029297 9.473991394042969 0
vertex -58.96784210205078 10.173992156982422 0
vertex -54.41783905029297 10.173992156982422 0
endloop
endfacet
facet normal 0 0 -1
outer loop
vertex -54.41783905029297 5.973991870880127 0
vertex -58.96784210205078 10.173992156982422 0
vertex -54.41783905029297 9.473991394042969 0
endloop
endfacet
facet normal 0 0 -1
outer loop
vertex -58.96784210205078 5.273991584777832 0
vertex -54.41783905029297 5.973991870880127 0
vertex -54.41783905029297 5.273991584777832 0
endloop
endfacet
facet normal 0 0 -1
outer loop
vertex -65.12184143066406 33.92860794067383 0
vertex -49.44822311401367 34.70332336425781 0
vertex -58.96784210205078 24.27399253845215 0
endloop
endfacet
facet normal 0.9999999998781702 0.000015258789060641025 0.000003290670278715868
outer loop
vertex 76.56483459472656 -2.390455484390259 4.5
vertex 76.5647964477539 1.0368711948394775 0.20000000298023224
vertex 76.56482696533203 -1.8904554843902588 4.5
endloop
endfacet
facet normal 0.00015873505744026204 0.9999999874015906 0
outer loop
vertex 77.27527618408203 -2.390568256378174 4.5
vertex 76.56483459472656 -2.390455484390259 0.20000000298023224
vertex 76.56483459472656 -2.390455484390259 4.5
endloop
endfacet
facet normal 0 0 -1
outer loop
vertex -58.96784210205078 10.173992156982422 0
vertex -65.12184143066406 33.92860794067383 0
vertex -58.96784210205078 24.27399253845215 0
endloop
endfacet
facet normal 0 0 -1
outer loop
vertex -44.86783981323242 -46.82600784301758 0
vertex -49.41783905029297 -47.52600860595703 0
vertex -49.41783905029297 -46.82600784301758 0
endloop
endfacet
facet normal 0 0 -1
outer loop
vertex -58.96784210205078 10.173992156982422 0
vertex -65.12107849121094 14.928609848022461 0
vertex -65.12184143066406 33.92860794067383 0
endloop
endfacet
facet normal 0 0 -1
outer loop
vertex -39.96784210205078 -53.95100784301758 0
vertex -44.86783981323242 -46.82600784301758 0
vertex -44.86783981323242 -35.91683578491211 0
endloop
endfacet
facet normal 0 0 -1
outer loop
vertex -39.96784210205078 -53.95100784301758 0
vertex -44.86783981323242 -35.91683578491211 0
vertex -39.96784210205078 -39.851009368896484 0
endloop
endfacet
facet normal 0 0 -1
outer loop
vertex -39.96784210205078 -39.851009368896484 0
vertex -44.86783981323242 -35.91683578491211 0
vertex -35.41783905029297 -34.95100784301758 0
endloop
endfacet
facet normal -0.5489499124541646 -0.8358552468080612 0
outer loop
vertex -66.41783905029297 -66.09326171875 0.20000000298023224
vertex -67.11785888671875 -65.6335220336914 4.5
vertex -67.11785888671875 -65.6335220336914 0.20000000298023224
endloop
endfacet
facet normal -0.9999999991017368 -0.00004238545327434988 0
outer loop
vertex -67.11788940429688 -64.91352081298828 0.20000000298023224
vertex -67.11785888671875 -65.6335220336914 0.20000000298023224
vertex -67.11785888671875 -65.6335220336914 4.5
endloop
endfacet
facet normal -0.7138883786521976 -0.7002595110566773 0
outer loop
vertex -65.34259033203125 -69.24060821533203 0
vertex -64.5824966430664 -70.01549530029297 0
vertex -65.34259033203125 -69.24060821533203 5
endloop
endfacet
facet normal -0.8483034044695519 -0.5295104663416651 0
outer loop
vertex -65.91734313964844 -68.31982421875 0
vertex -65.34259033203125 -69.24060821533203 0
vertex -65.91734313964844 -68.31982421875 5
endloop
endfacet
facet normal 0 0 -1
outer loop
vertex -58.96784210205078 10.173992156982422 0
vertex -54.41783905029297 5.973991870880127 0
vertex -58.96784210205078 5.273991584777832 0
endloop
endfacet
facet normal 0 0 -1
outer loop
vertex -58.96784210205078 5.273991584777832 0
vertex -65.12103271484375 13.66309642791748 0
vertex -58.96784210205078 10.173992156982422 0
endloop
endfacet
facet normal -0.9426590510363547 -0.3337572673354683 0
outer loop
vertex -66.2787094116211 -67.29918670654297 0
vertex -65.91734313964844 -68.31982421875 0
vertex -66.2787094116211 -67.29918670654297 5
endloop
endfacet
facet normal 0 0 -1
outer loop
vertex -65.12103271484375 13.66309642791748 0
vertex -65.12107849121094 14.928609848022461 0
vertex -58.96784210205078 10.173992156982422 0
endloop
endfacet
facet normal 0.0011235504607069857 -0.9999993688169818 0
outer loop
vertex 2.6536474227905273 -66.46485900878906 0
vertex 73.83092498779297 -66.3848876953125 0
vertex 2.6536474227905273 -66.46485900878906 5
endloop
endfacet
facet normal -0.5457536360973957 -0.8379456836134854 0
outer loop
vertex -64.5824966430664 -70.01549530029297 0
vertex -63.67295455932617 -70.60787963867188 0
vertex -64.5824966430664 -70.01549530029297 5
endloop
endfacet
facet normal -0.9999999991095448 -0.00004220083373032349 0
outer loop
vertex -66.42108154296875 14.928558349609375 0.20000000298023224
vertex -66.42102813720703 13.663043975830078 0
vertex -66.42102813720703 13.663043975830078 0.20000000298023224
endloop
endfacet
facet normal -0.35186241678359337 -0.9360517291556107 0
outer loop
vertex -63.67295455932617 -70.60787963867188 0
vertex -62.65692138671875 -70.98980712890625 0
vertex -63.67295455932617 -70.60787963867188 5
endloop
endfacet
facet normal 0 0 -1
outer loop
vertex -66.42102813720703 13.663043975830078 0
vertex -65.12107849121094 14.928609848022461 0
vertex -65.12103271484375 13.66309642791748 0
endloop
endfacet
facet normal -0.9999999991095448 -0.00004220083373032349 0
outer loop
vertex -66.42108154296875 14.928558349609375 0
vertex -66.42102813720703 13.663043975830078 0
vertex -66.42108154296875 14.928558349609375 0.20000000298023224
endloop
endfacet
facet normal 0 0 -1
outer loop
vertex -66.42102813720703 13.663043975830078 0
vertex -66.42108154296875 14.928558349609375 0
vertex -65.12107849121094 14.928609848022461 0
endloop
endfacet
facet normal -0.14133924797129288 -0.9899612199388971 0
outer loop
vertex -62.65692138671875 -70.98980712890625 0
vertex -61.555843353271484 -71.14701080322266 0
vertex -62.65692138671875 -70.98980712890625 5
endloop
endfacet
facet normal -0.993410046358226 -0.11461448335418654 0
outer loop
vertex -66.41320037841797 -66.13349914550781 0.20000000298023224
vertex -66.2787094116211 -67.29918670654297 0
vertex -66.41320037841797 -66.13349914550781 4.5
endloop
endfacet
facet normal 0 0 -1
outer loop
vertex -58.96784210205078 5.273991584777832 0
vertex -58.96784210205078 -8.826007843017578 0
vertex -65.12103271484375 13.66309642791748 0
endloop
endfacet
facet normal -0.993420480023278 -0.11452401438266079 0
outer loop
vertex -66.41783905029297 -66.09326171875 0.20000000298023224
vertex -66.41320037841797 -66.13349914550781 0.20000000298023224
vertex -66.41320037841797 -66.13349914550781 4.5
endloop
endfacet
facet normal 0 0 -1
outer loop
vertex -58.96784210205078 -8.826007843017578 0
vertex -65.12026977539062 -5.3369035720825195 0
vertex -65.12103271484375 13.66309642791748 0
endloop
endfacet
facet normal 0 0 -1
outer loop
vertex -1.9678407907485962 -25.60100746154785 0
vertex 2.5821592807769775 -24.90100860595703 0
vertex 2.5821592807769775 -25.60100746154785 0
endloop
endfacet
facet normal 0 0 -1
outer loop
vertex 2.5821592807769775 -24.90100860595703 0
vertex -1.9678407907485962 -25.60100746154785 0
vertex 2.5821592807769775 -21.40100860595703 0
endloop
endfacet
facet normal 0 0 -1
outer loop
vertex 2.5821592807769775 -21.40100860595703 0
vertex -1.9678407907485962 -25.60100746154785 0
vertex 2.5821592807769775 -20.701007843017578 0
endloop
endfacet
facet normal 0 0 -1
outer loop
vertex 2.5821592807769775 -21.40100860595703 0
vertex 7.582159042358398 -21.40100860595703 0
vertex 2.5821592807769775 -24.90100860595703 0
endloop
endfacet
facet normal 0 0 -1
outer loop
vertex 7.582159042358398 -25.60100746154785 0
vertex 7.582159042358398 -24.90100860595703 0
vertex 12.132159233093262 -25.60100746154785 0
endloop
endfacet
facet normal 0 0 -1
outer loop
vertex 2.5821592807769775 -24.90100860595703 0
vertex 7.582159042358398 -21.40100860595703 0
vertex 7.582159042358398 -24.90100860595703 0
endloop
endfacet
facet normal 0 0 -1
outer loop
vertex 7.582159042358398 -24.90100860595703 0
vertex 7.582159042358398 -21.40100860595703 0
vertex 12.132159233093262 -20.701007843017578 0
endloop
endfacet
facet normal 0 0 -1
outer loop
vertex 12.132159233093262 -20.701007843017578 0
vertex 7.582159042358398 -21.40100860595703 0
vertex 7.582159042358398 -20.701007843017578 0
endloop
endfacet
facet normal 0 0 -1
outer loop
vertex 17.03215980529785 -37.32600784301758 0
vertex 12.132159233093262 -39.70100784301758 0
vertex 12.132159233093262 -25.60100746154785 0
endloop
endfacet
facet normal 0 0 -1
outer loop
vertex 12.132159233093262 -25.60100746154785 0
vertex 17.03215980529785 -23.22600746154785 0
vertex 17.03215980529785 -37.32600784301758 0
endloop
endfacet
facet normal 0 0 -1
outer loop
vertex 12.132159233093262 -25.60100746154785 0
vertex 7.582159042358398 -24.90100860595703 0
vertex 12.132159233093262 -20.701007843017578 0
endloop
endfacet
facet normal 0 0 -1
outer loop
vertex 17.03215980529785 -23.22600746154785 0
vertex 12.132159233093262 -25.60100746154785 0
vertex 17.03215980529785 -18.326007843017578 0
endloop
endfacet
facet normal 0 0 -1
outer loop
vertex 17.03215980529785 -23.22600746154785 0
vertex 17.03215980529785 -18.326007843017578 0
vertex 21.5821590423584 -22.52600860595703 0
endloop
endfacet
facet normal -0.9999999991928659 -0.00004017795741293284 0
outer loop
vertex -67.11858367919922 -47.63352584838867 0.20000000298023224
vertex -67.11788940429688 -64.91352081298828 0.20000000298023224
vertex -67.11858367919922 -47.63352584838867 4.5
endloop
endfacet
facet normal 0.000038147138936821716 -0.9999999992723978 0
outer loop
vertex -66.41867065429688 -45.367984771728516 0.20000000298023224
vertex -67.11866760253906 -45.368011474609375 4.5
vertex -67.11866760253906 -45.368011474609375 0.20000000298023224
endloop
endfacet
facet normal 0 0 1
outer loop
vertex -1.9678407907485962 -6.601008415222168 5
vertex -1.9678407907485962 -1.7010082006454468 5
vertex -6.867840766906738 -4.226008415222168 5
endloop
endfacet
facet normal 0 0 1
outer loop
vertex -6.867840766906738 -4.226008415222168 5
vertex -6.867840766906738 -18.326007843017578 5
vertex -1.9678407907485962 -6.601008415222168 5
endloop
endfacet
facet normal 0 0 1
outer loop
vertex -6.867840766906738 -18.326007843017578 5
vertex -1.9678407907485962 -20.701007843017578 5
vertex -1.9678407907485962 -6.601008415222168 5
endloop
endfacet
facet normal 0 0 1
outer loop
vertex -20.96784019470215 -4.226008415222168 5
vertex -6.867840766906738 -4.226008415222168 5
vertex -20.96784019470215 0.6739917993545532 5
endloop
endfacet
facet normal 0 0 1
outer loop
vertex -6.867840766906738 -18.326007843017578 5
vertex -6.867840766906738 -23.22600746154785 5
vertex -1.9678407907485962 -20.701007843017578 5
endloop
endfacet
facet normal 0 0 1
outer loop
vertex -1.9678407907485962 -25.60100746154785 5
vertex -6.867840766906738 -37.32600784301758 5
vertex -1.9678407907485962 -39.70100784301758 5
endloop
endfacet
facet normal 0 0 1
outer loop
vertex -6.867840766906738 -23.22600746154785 5
vertex -6.867840766906738 -37.32600784301758 5
vertex -1.9678407907485962 -25.60100746154785 5
endloop
endfacet
facet normal 0 0 1
outer loop
vertex -6.867840766906738 -18.326007843017578 5
vertex -20.96784019470215 -23.22600746154785 5
vertex -6.867840766906738 -23.22600746154785 5
endloop
endfacet
facet normal 0 0 -1
outer loop
vertex -1.9678407907485962 -6.601008415222168 0
vertex 2.5821592807769775 -5.901008129119873 0
vertex 2.5821592807769775 -6.601008415222168 0
endloop
endfacet
facet normal 0 0 -1
outer loop
vertex 2.5821592807769775 -5.901008129119873 0
vertex -1.9678407907485962 -1.7010082006454468 0
vertex 2.5821592807769775 -2.401008129119873 0
endloop
endfacet
facet normal 0 0 -1
outer loop
vertex 2.5821592807769775 -2.401008129119873 0
vertex 7.582159042358398 -2.401008129119873 0
vertex 2.5821592807769775 -5.901008129119873 0
endloop
endfacet
facet normal 0 0 -1
outer loop
vertex 2.5821592807769775 -5.901008129119873 0
vertex 7.582159042358398 -2.401008129119873 0
vertex 7.582159042358398 -5.901008129119873 0
endloop
endfacet
facet normal 0 0 -1
outer loop
vertex 7.582159042358398 -6.601008415222168 0
vertex 7.582159042358398 -5.901008129119873 0
vertex 12.132159233093262 -1.7010082006454468 0
endloop
endfacet
facet normal 0 0 -1
outer loop
vertex 12.132159233093262 -1.7010082006454468 0
vertex 7.582159042358398 -5.901008129119873 0
vertex 7.582159042358398 -2.401008129119873 0
endloop
endfacet
facet normal 0 0 -1
outer loop
vertex 12.132159233093262 -20.701007843017578 0
vertex 17.03215980529785 0.6739917993545532 0
vertex 12.132159233093262 -25.60100746154785 0
endloop
endfacet
facet normal 0 0 -1
outer loop
vertex 17.03215980529785 -18.326007843017578 0
vertex 12.132159233093262 -25.60100746154785 0
vertex 17.03215980529785 -4.226008415222168 0
endloop
endfacet
facet normal 0 0 -1
outer loop
vertex 17.03215980529785 0.6739917993545532 0
vertex 12.132159233093262 -20.701007843017578 0
vertex 12.132159233093262 -6.601008415222168 0
endloop
endfacet
facet normal 0 0 -1
outer loop
vertex 7.582159042358398 -6.601008415222168 0
vertex 12.132159233093262 -1.7010082006454468 0
vertex 12.132159233093262 -6.601008415222168 0
endloop
endfacet
facet normal 0 0 -1
outer loop
vertex 17.03215980529785 0.6739917993545532 0
vertex 12.132159233093262 -6.601008415222168 0
vertex 12.132159233093262 -1.7010082006454468 0
endloop
endfacet
facet normal 0 0 -1
outer loop
vertex 17.03215980529785 -4.226008415222168 0
vertex 12.132159233093262 -25.60100746154785 0
vertex 17.03215980529785 0.6739917993545532 0
endloop
endfacet
facet normal 0 0 1
outer loop
vertex -20.96784019470215 -18.326007843017578 5
vertex -20.96784019470215 -23.22600746154785 5
vertex -6.867840766906738 -18.326007843017578 5
endloop
endfacet
facet normal 0 0 1
outer loop
vertex -25.867841720581055 -1.8510081768035889 5
vertex -25.867841720581055 -15.951007843017578 5
vertex -20.96784019470215 -4.226008415222168 5
endloop
endfacet
facet normal 0 0 1
outer loop
vertex -20.96784019470215 -18.326007843017578 5
vertex -20.96784019470215 -4.226008415222168 5
vertex -25.867841720581055 -15.951007843017578 5
endloop
endfacet
facet normal 0 0 1
outer loop
vertex -25.867841720581055 -15.951007843017578 5
vertex -25.867841720581055 -20.85100746154785 5
vertex -20.96784019470215 -18.326007843017578 5
endloop
endfacet
facet normal 0 0 1
outer loop
vertex -25.867841720581055 -15.951007843017578 5
vertex -39.96784210205078 -15.951007843017578 5
vertex -25.867841720581055 -20.85100746154785 5
endloop
endfacet
facet normal 0 0 -1
outer loop
vertex 17.03215980529785 -23.22600746154785 0
vertex 21.5821590423584 -22.52600860595703 0
vertex 21.5821590423584 -23.22600746154785 0
endloop
endfacet
facet normal 0 0 -1
outer loop
vertex 21.5821590423584 -22.52600860595703 0
vertex 17.03215980529785 -18.326007843017578 0
vertex 21.5821590423584 -19.02600860595703 0
endloop
endfacet
facet normal 0 0 -1
outer loop
vertex 21.5821590423584 -22.52600860595703 0
vertex 21.5821590423584 -19.02600860595703 0
vertex 26.5821590423584 -22.52600860595703 0
endloop
endfacet
facet normal 0 0 -1
outer loop
vertex 26.5821590423584 -22.52600860595703 0
vertex 21.5821590423584 -19.02600860595703 0
vertex 26.5821590423584 -19.02600860595703 0
endloop
endfacet
facet normal 0 0 -1
outer loop
vertex 26.5821590423584 -23.22600746154785 0
vertex 26.5821590423584 -22.52600860595703 0
vertex 31.132158279418945 -23.22600746154785 0
endloop
endfacet
facet normal 0 0 -1
outer loop
vertex 31.132158279418945 -23.22600746154785 0
vertex 26.5821590423584 -22.52600860595703 0
vertex 26.5821590423584 -19.02600860595703 0
endloop
endfacet
facet normal 0 0 -1
outer loop
vertex 31.132158279418945 -37.32600784301758 0
vertex 31.132158279418945 -23.22600746154785 0
vertex 36.03215789794922 -32.57600784301758 0
endloop
endfacet
facet normal 0 0 -1
outer loop
vertex 36.03215789794922 -37.476009368896484 0
vertex 31.132158279418945 -37.32600784301758 0
vertex 36.03215789794922 -32.57600784301758 0
endloop
endfacet
facet normal 0 0 -1
outer loop
vertex 36.03215789794922 -37.476009368896484 0
vertex 36.03215789794922 -32.57600784301758 0
vertex 40.58216094970703 -36.77600860595703 0
endloop
endfacet
facet normal 0 0 -1
outer loop
vertex 31.132158279418945 -23.22600746154785 0
vertex 26.5821590423584 -19.02600860595703 0
vertex 31.132158279418945 -18.326007843017578 0
endloop
endfacet
facet normal 0 0 -1
outer loop
vertex 31.132158279418945 -23.22600746154785 0
vertex 31.132158279418945 -18.326007843017578 0
vertex 36.03215789794922 -18.47600746154785 0
endloop
endfacet
facet normal 0 0 -1
outer loop
vertex 36.03215789794922 -32.57600784301758 0
vertex 31.132158279418945 -23.22600746154785 0
vertex 36.03215789794922 -18.47600746154785 0
endloop
endfacet
facet normal 0 0 1
outer loop
vertex -39.96784210205078 -15.951007843017578 5
vertex -39.96784210205078 -20.85100746154785 5
vertex -25.867841720581055 -20.85100746154785 5
endloop
endfacet
facet normal 0 0 1
outer loop
vertex -20.96784019470215 -23.22600746154785 5
vertex -20.96784019470215 -18.326007843017578 5
vertex -25.867841720581055 -20.85100746154785 5
endloop
endfacet
facet normal 0 0 1
outer loop
vertex -25.867841720581055 -20.85100746154785 5
vertex -25.867841720581055 -34.95100784301758 5
vertex -20.96784019470215 -23.22600746154785 5
endloop
endfacet
facet normal 0 0 1
outer loop
vertex -25.867841720581055 -34.95100784301758 5
vertex -20.96784019470215 -37.32600784301758 5
vertex -20.96784019470215 -23.22600746154785 5
endloop
endfacet
facet normal 0 0 1
outer loop
vertex -25.867841720581055 -34.95100784301758 5
vertex -39.96784210205078 -34.95100784301758 5
vertex -25.867841720581055 -39.851009368896484 5
endloop
endfacet
facet normal 0 0 -1
outer loop
vertex 21.5821590423584 -19.02600860595703 0
vertex 17.03215980529785 -18.326007843017578 0
vertex 21.5821590423584 -18.326007843017578 0
endloop
endfacet
facet normal 0 0 -1
outer loop
vertex 31.132158279418945 -18.326007843017578 0
vertex 26.5821590423584 -19.02600860595703 0
vertex 26.5821590423584 -18.326007843017578 0
endloop
endfacet
facet normal 0 0 -1
outer loop
vertex 17.03215980529785 -4.226008415222168 0
vertex 21.5821590423584 -3.526008129119873 0
vertex 21.5821590423584 -4.226008415222168 0
endloop
endfacet
facet normal 0 0 -1
outer loop
vertex 21.5821590423584 -3.526008129119873 0
vertex 17.03215980529785 -4.226008415222168 0
vertex 21.5821590423584 -0.02600819244980812 0
endloop
endfacet
facet normal 0 0 -1
outer loop
vertex 26.5821590423584 -4.226008415222168 0
vertex 26.5821590423584 -3.526008129119873 0
vertex 31.132158279418945 -4.226008415222168 0
endloop
endfacet
facet normal 0 0 -1
outer loop
vertex 31.132158279418945 -4.226008415222168 0
vertex 26.5821590423584 -3.526008129119873 0
vertex 26.5821590423584 -0.02600819244980812 0
endloop
endfacet
facet normal 0 0 -1
outer loop
vertex 31.132158279418945 -18.326007843017578 0
vertex 31.132158279418945 -4.226008415222168 0
vertex 36.03215789794922 -13.576007843017578 0
endloop
endfacet
facet normal 0 0 -1
outer loop
vertex 36.03215789794922 -18.47600746154785 0
vertex 31.132158279418945 -18.326007843017578 0
vertex 36.03215789794922 -13.576007843017578 0
endloop
endfacet
facet normal 0 0 -1
outer loop
vertex 36.03215789794922 -18.47600746154785 0
vertex 36.03215789794922 -13.576007843017578 0
vertex 40.58216094970703 -17.77600860595703 0
endloop
endfacet
facet normal 0 0 -1
outer loop
vertex 31.132158279418945 -4.226008415222168 0
vertex 36.03215789794922 0.5239918231964111 0
vertex 36.03215789794922 -13.576007843017578 0
endloop
endfacet
facet normal 0 0 1
outer loop
vertex -6.867840766906738 -42.226009368896484 5
vertex -6.867840766906738 -56.32600784301758 5
vertex -1.9678407907485962 -44.601009368896484 5
endloop
endfacet
facet normal 0 0 1
outer loop
vertex -6.867840766906738 -37.32600784301758 5
vertex -25.867841720581055 -39.851009368896484 5
vertex -1.9678407907485962 -39.70100784301758 5
endloop
endfacet
facet normal 0 0 1
outer loop
vertex -6.867840766906738 -42.226009368896484 5
vertex -1.9678407907485962 -39.70100784301758 5
vertex -25.867841720581055 -39.851009368896484 5
endloop
endfacet
facet normal 0 0 1
outer loop
vertex -20.96784019470215 -37.32600784301758 5
vertex -25.867841720581055 -39.851009368896484 5
vertex -6.867840766906738 -37.32600784301758 5
endloop
endfacet
facet normal 0 0 1
outer loop
vertex -20.96784019470215 -42.226009368896484 5
vertex -6.867840766906738 -42.226009368896484 5
vertex -25.867841720581055 -39.851009368896484 5
endloop
endfacet
facet normal 0 0 1
outer loop
vertex -1.9678407907485962 -44.601009368896484 5
vertex -4.30543851852417 -71.14813995361328 5
vertex -1.9678407907485962 -58.70100784301758 5
endloop
endfacet
facet normal 0 0 1
outer loop
vertex -6.867840766906738 -56.32600784301758 5
vertex -4.30543851852417 -71.14813995361328 5
vertex -1.9678407907485962 -44.601009368896484 5
endloop
endfacet
facet normal 0 0 1
outer loop
vertex 1.4587947130203247 -66.91033172607422 5
vertex 1.5532885789871216 -66.85667419433594 5
vertex -1.9678407907485962 -58.70100784301758 5
endloop
endfacet
facet normal 0 0 1
outer loop
vertex 0.6489223837852478 -67.55371856689453 5
vertex 1.4587947130203247 -66.91033172607422 5
vertex -1.9678407907485962 -58.70100784301758 5
endloop
endfacet
facet normal 0 0 1
outer loop
vertex 0.5754699110984802 -67.63335418701172 5
vertex 0.6489223837852478 -67.55371856689453 5
vertex -1.9678407907485962 -58.70100784301758 5
endloop
endfacet
facet normal 0 0 1
outer loop
vertex -1.9678407907485962 -58.70100784301758 5
vertex -0.5500126481056213 -69.3123779296875 5
vertex 0.5754699110984802 -67.63335418701172 5
endloop
endfacet
facet normal 0 0 1
outer loop
vertex -1.9678407907485962 -58.70100784301758 5
vertex -1.3282400369644165 -70.07575225830078 5
vertex -0.5500126481056213 -69.3123779296875 5
endloop
endfacet
facet normal 0 0 1
outer loop
vertex -1.9678407907485962 -58.70100784301758 5
vertex -2.2490251064300537 -70.6505126953125 5
vertex -1.3282400369644165 -70.07575225830078 5
endloop
endfacet
facet normal 0 0 1
outer loop
vertex -1.9678407907485962 -58.70100784301758 5
vertex -3.274634838104248 -71.01363372802734 5
vertex -2.2490251064300537 -70.6505126953125 5
endloop
endfacet
facet normal 0 0 1
outer loop
vertex -3.274634838104248 -71.01363372802734 5
vertex -1.9678407907485962 -58.70100784301758 5
vertex -4.30543851852417 -71.14813995361328 5
endloop
endfacet
facet normal 0 0 1
outer loop
vertex -6.867840766906738 -56.32600784301758 5
vertex -20.96784019470215 -56.32600784301758 5
vertex -4.30543851852417 -71.14813995361328 5
endloop
endfacet
facet normal 0 0 1
outer loop
vertex -25.867841720581055 -53.95100784301758 5
vertex -4.30543851852417 -71.14813995361328 5
vertex -20.96784019470215 -56.32600784301758 5
endloop
endfacet
facet normal 0 0 1
outer loop
vertex -25.867841720581055 -39.851009368896484 5
vertex -20.96784019470215 -37.32600784301758 5
vertex -25.867841720581055 -34.95100784301758 5
endloop
endfacet
facet normal 0 0 1
outer loop
vertex -25.867841720581055 -39.851009368896484 5
vertex -25.867841720581055 -53.95100784301758 5
vertex -20.96784019470215 -42.226009368896484 5
endloop
endfacet
facet normal 0 0 1
outer loop
vertex -20.96784019470215 -56.32600784301758 5
vertex -20.96784019470215 -42.226009368896484 5
vertex -25.867841720581055 -53.95100784301758 5
endloop
endfacet
facet normal 0 0 1
outer loop
vertex -39.96784210205078 -34.95100784301758 5
vertex -39.96784210205078 -39.851009368896484 5
vertex -25.867841720581055 -39.851009368896484 5
endloop
endfacet
facet normal 0 0 1
outer loop
vertex -25.867841720581055 -53.95100784301758 5
vertex -61.555843353271484 -71.14701080322266 5
vertex -4.30543851852417 -71.14813995361328 5
endloop
endfacet
facet normal 0.830647188799519 -0.5567991089607242 0
outer loop
vertex -0.5500126481056213 -69.3123779296875 5
vertex 0.5754699110984802 -67.63335418701172 0
vertex 0.5754699110984802 -67.63335418701172 5
endloop
endfacet
facet normal 0.7002614304328714 -0.7138864959138174 0
outer loop
vertex -1.3282400369644165 -70.07575225830078 5
vertex -0.5500126481056213 -69.3123779296875 0
vertex -0.5500126481056213 -69.3123779296875 5
endloop
endfacet
facet normal 0.5295150804070714 -0.8483005243553092 0
outer loop
vertex -2.2490251064300537 -70.6505126953125 5
vertex -1.3282400369644165 -70.07575225830078 0
vertex -1.3282400369644165 -70.07575225830078 5
endloop
endfacet
facet normal 0.33375261181499627 -0.942660699354051 0
outer loop
vertex -3.274634838104248 -71.01363372802734 5
vertex -2.2490251064300537 -70.6505126953125 0
vertex -2.2490251064300537 -70.6505126953125 5
endloop
endfacet
facet normal 0.1293898556605358 -0.9915938005313193 0
outer loop
vertex -4.30543851852417 -71.14813995361328 5
vertex -3.274634838104248 -71.01363372802734 0
vertex -3.274634838104248 -71.01363372802734 5
endloop
endfacet
facet normal -0.000019723011455808257 -0.9999999998055014 0
outer loop
vertex -61.555843353271484 -71.14701080322266 5
vertex -4.30543851852417 -71.14813995361328 0
vertex -4.30543851852417 -71.14813995361328 5
endloop
endfacet
facet normal 0 0 1
outer loop
vertex -44.86783981323242 -8.826007843017578 5
vertex -39.96784210205078 -1.8510081768035889 5
vertex -39.96784210205078 3.0489919185638428 5
endloop
endfacet
facet normal 0 0 1
outer loop
vertex -44.86783981323242 -8.826007843017578 5
vertex -44.86783981323242 -13.726008415222168 5
vertex -39.96784210205078 -1.8510081768035889 5
endloop
endfacet
facet normal 0 0 1
outer loop
vertex -39.96784210205078 -1.8510081768035889 5
vertex -44.86783981323242 -27.826007843017578 5
vertex -39.96784210205078 -15.951007843017578 5
endloop
endfacet
facet normal 0 0 1
outer loop
vertex -44.86783981323242 -13.726008415222168 5
vertex -44.86783981323242 -27.826007843017578 5
vertex -39.96784210205078 -1.8510081768035889 5
endloop
endfacet
facet normal 0 0 1
outer loop
vertex -44.86783981323242 -8.826007843017578 5
vertex -58.96784210205078 -8.826007843017578 5
vertex -44.86783981323242 -13.726008415222168 5
endloop
endfacet
facet normal 0 0 1
outer loop
vertex -58.96784210205078 -8.826007843017578 5
vertex -58.96784210205078 -13.726008415222168 5
vertex -44.86783981323242 -13.726008415222168 5
endloop
endfacet
facet normal 0 0 1
outer loop
vertex -39.96784210205078 -20.85100746154785 5
vertex -39.96784210205078 -15.951007843017578 5
vertex -44.86783981323242 -27.826007843017578 5
endloop
endfacet
facet normal 0 0 1
outer loop
vertex -44.86783981323242 -27.826007843017578 5
vertex -44.86783981323242 -32.726009368896484 5
vertex -39.96784210205078 -20.85100746154785 5
endloop
endfacet
facet normal 0 0 -1
outer loop
vertex 73.83092498779297 -66.3848876953125 0
vertex 21.5821590423584 -57.02600860595703 0
vertex 26.5821590423584 -57.02600860595703 0
endloop
endfacet
facet normal 0 0 -1
outer loop
vertex 73.83092498779297 -66.3848876953125 0
vertex 26.5821590423584 -57.02600860595703 0
vertex 31.132158279418945 -56.32600784301758 0
endloop
endfacet
facet normal 0 0 -1
outer loop
vertex 73.83092498779297 -66.3848876953125 0
vertex 31.132158279418945 -56.32600784301758 0
vertex 40.58216094970703 -52.27600860595703 0
endloop
endfacet
facet normal 0 0 -1
outer loop
vertex 73.83092498779297 -66.3848876953125 0
vertex 40.58216094970703 -52.27600860595703 0
vertex 45.58216094970703 -52.27600860595703 0
endloop
endfacet
facet normal 0 0 -1
outer loop
vertex 73.83092498779297 -66.3848876953125 0
vertex 45.58216094970703 -52.27600860595703 0
vertex 50.13216018676758 -51.57600784301758 0
endloop
endfacet
facet normal 0 0 -1
outer loop
vertex 40.58216094970703 -52.27600860595703 0
vertex 36.03215789794922 -51.57600784301758 0
vertex 40.58216094970703 -51.57600784301758 0
endloop
endfacet
facet normal 0 0 -1
outer loop
vertex 50.13216018676758 -51.57600784301758 0
vertex 45.58216094970703 -52.27600860595703 0
vertex 45.58216094970703 -51.57600784301758 0
endloop
endfacet
facet normal 0 0 -1
outer loop
vertex 36.03215789794922 -37.476009368896484 0
vertex 40.58216094970703 -36.77600860595703 0
vertex 40.58216094970703 -37.476009368896484 0
endloop
endfacet
facet normal 0 0 -1
outer loop
vertex 45.58216094970703 -37.476009368896484 0
vertex 45.58216094970703 -36.77600860595703 0
vertex 50.13216018676758 -37.476009368896484 0
endloop
endfacet
facet normal 0 0 -1
outer loop
vertex 50.13216018676758 -51.57600784301758 0
vertex 55.03215789794922 -37.476009368896484 0
vertex 55.03215789794922 -51.57600784301758 0
endloop
endfacet
facet normal 0 0 -1
outer loop
vertex 55.03215789794922 -37.476009368896484 0
vertex 50.13216018676758 -51.57600784301758 0
vertex 50.13216018676758 -37.476009368896484 0
endloop
endfacet
facet normal 0 0 1
outer loop
vertex -39.96784210205078 -20.85100746154785 5
vertex -44.86783981323242 -46.82600784301758 5
vertex -39.96784210205078 -34.95100784301758 5
endloop
endfacet
facet normal 0 0 1
outer loop
vertex -44.86783981323242 -32.726009368896484 5
vertex -44.86783981323242 -46.82600784301758 5
vertex -39.96784210205078 -20.85100746154785 5
endloop
endfacet
facet normal 0 0 1
outer loop
vertex -58.96784210205078 -27.826007843017578 5
vertex -44.86783981323242 -32.726009368896484 5
vertex -44.86783981323242 -27.826007843017578 5
endloop
endfacet
facet normal 0 0 1
outer loop
vertex -58.96784210205078 -27.826007843017578 5
vertex -58.96784210205078 -32.726009368896484 5
vertex -44.86783981323242 -32.726009368896484 5
endloop
endfacet
facet normal 0 0 1
outer loop
vertex -58.96784210205078 -8.826007843017578 5
vertex -58.96784210205078 5.273991584777832 5
vertex -65.12026977539062 -5.3369035720825195 5
endloop
endfacet
facet normal 0 0 1
outer loop
vertex -65.12026977539062 -5.3369035720825195 5
vertex -66.42027282714844 -5.336955547332764 5
vertex -65.1202163696289 -6.602417469024658 5
endloop
endfacet
facet normal 0 0 1
outer loop
vertex -66.42027282714844 -5.336955547332764 5
vertex -66.42021942138672 -6.602469444274902 5
vertex -65.1202163696289 -6.602417469024658 5
endloop
endfacet
facet normal -0.9999999991017368 -0.00004238545327434988 0
outer loop
vertex -67.11869812011719 -44.64801025390625 0.20000000298023224
vertex -67.11866760253906 -45.368011474609375 0.20000000298023224
vertex -67.11866760253906 -45.368011474609375 4.5
endloop
endfacet
facet normal -0.000043596255040258234 0.9999999990496833 0
outer loop
vertex -66.4185791015625 -47.63349533081055 0.20000000298023224
vertex -67.11858367919922 -47.63352584838867 0.20000000298023224
vertex -66.4185791015625 -47.63349533081055 4.5
endloop
endfacet
facet normal 0 0 -1
outer loop
vertex 73.83092498779297 -66.3848876953125 0
vertex 50.13216018676758 -51.57600784301758 0
vertex 55.03215789794922 -51.57600784301758 0
endloop
endfacet
facet normal 0 0 -1
outer loop
vertex 73.83092498779297 -66.3848876953125 0
vertex 55.03215789794922 -51.57600784301758 0
vertex 59.58216094970703 -52.27600860595703 0
endloop
endfacet
facet normal 0 0 -1
outer loop
vertex 59.58216094970703 -52.27600860595703 0
vertex 64.58216094970703 -52.27600860595703 0
vertex 73.83092498779297 -66.3848876953125 0
endloop
endfacet
facet normal 0 0 -1
outer loop
vertex 75.22858428955078 -65.90152740478516 0
vertex 75.2655258178711 -63.744903564453125 0
vertex 76.02245330810547 -65.13545989990234 0
endloop
endfacet
facet normal 0 0 -1
outer loop
vertex 76.02245330810547 -65.13545989990234 0
vertex 75.2655258178711 -63.744903564453125 0
vertex 76.53952026367188 -63.7451057434082 0
endloop
endfacet
facet normal -0.9999999989482674 -0.00004577636713935551 0.0000028265369396135676
outer loop
vertex -66.4186019897461 -47.13349533081055 0.20000000298023224
vertex -66.4185791015625 -47.63349533081055 0.20000000298023224
vertex -66.41867065429688 -45.367984771728516 4.5
endloop
endfacet
facet normal 0 0 -1
outer loop
vertex 76.02245330810547 -65.13545989990234 0
vertex 76.53952026367188 -63.7451057434082 0
vertex 76.27285766601562 -64.71382904052734 0
endloop
endfacet
facet normal 0.964138264392096 -0.2654004655892618 0
outer loop
vertex 76.27285766601562 -64.71382904052734 0
vertex 76.53952026367188 -63.7451057434082 0
vertex 76.53952026367188 -63.7451057434082 0.20000000298023224
endloop
endfacet
facet normal -0.9999999993451606 -0.00003617225224160028 -0.0000011167575491372027
outer loop
vertex -66.41864776611328 -45.867984771728516 0.20000000298023224
vertex -66.4186019897461 -47.13349533081055 0.20000000298023224
vertex -66.41867065429688 -45.367984771728516 4.5
endloop
endfacet
facet normal -0.999999998952262 -0.00004577636713953836 0
outer loop
vertex -66.41867065429688 -45.367984771728516 0.20000000298023224
vertex -66.41864776611328 -45.867984771728516 0.20000000298023224
vertex -66.41867065429688 -45.367984771728516 4.5
endloop
endfacet
facet normal 0 0 1
outer loop
vertex 33.64978790283203 45.97397232055664 5
vertex 31.93340301513672 45.688438415527344 5
vertex 50.13216018676758 38.523990631103516 5
endloop
endfacet
facet normal 0 0 -1
outer loop
vertex 64.58216094970703 -52.27600860595703 0
vertex 69.13215637207031 -51.57600784301758 0
vertex 73.83092498779297 -66.3848876953125 0
endloop
endfacet
facet normal 0 0 -1
outer loop
vertex 73.83092498779297 -66.3848876953125 0
vertex 69.13215637207031 -51.57600784301758 0
vertex 74.7931137084961 -66.13959503173828 0
endloop
endfacet
facet normal 0 0 -1
outer loop
vertex 74.7931137084961 -66.13959503173828 0
vertex 69.13215637207031 -51.57600784301758 0
vertex 75.22858428955078 -65.90152740478516 0
endloop
endfacet
facet normal 0 0 -1
outer loop
vertex 75.2655258178711 -63.744903564453125 0
vertex 75.22858428955078 -65.90152740478516 0
vertex 69.13215637207031 -51.57600784301758 0
endloop
endfacet
facet normal 0 0 1
outer loop
vertex 31.93340301513672 45.688438415527344 5
vertex 31.230117797851562 45.38064956665039 5
vertex 50.13216018676758 38.523990631103516 5
endloop
endfacet
facet normal 0 0 1
outer loop
vertex 31.230117797851562 45.38064956665039 5
vertex 29.95783233642578 44.406009674072266 5
vertex 50.13216018676758 38.523990631103516 5
endloop
endfacet
facet normal 0 0 1
outer loop
vertex 29.95783233642578 44.406009674072266 5
vertex 28.581653594970703 42.44749450683594 5
vertex 50.13216018676758 38.523990631103516 5
endloop
endfacet
facet normal 0 0 -1
outer loop
vertex 59.58216094970703 -52.27600860595703 0
vertex 55.03215789794922 -51.57600784301758 0
vertex 59.58216094970703 -51.57600784301758 0
endloop
endfacet
facet normal 0 0 -1
outer loop
vertex 69.13215637207031 -51.57600784301758 0
vertex 64.58216094970703 -52.27600860595703 0
vertex 64.58216094970703 -51.57600784301758 0
endloop
endfacet
facet normal 0 0 -1
outer loop
vertex 55.03215789794922 -37.476009368896484 0
vertex 59.58216094970703 -36.77600860595703 0
vertex 59.58216094970703 -37.476009368896484 0
endloop
endfacet
facet normal 0 0 -1
outer loop
vertex 64.58216094970703 -37.476009368896484 0
vertex 64.58216094970703 -36.77600860595703 0
vertex 69.13215637207031 -37.476009368896484 0
endloop
endfacet
facet normal 0 0 -1
outer loop
vertex 69.13215637207031 -51.57600784301758 0
vertex 69.13215637207031 -37.476009368896484 0
vertex 75.2655258178711 -63.744903564453125 0
endloop
endfacet
facet normal 0 0 1
outer loop
vertex 36.03215789794922 38.523990631103516 5
vertex 28.581653594970703 42.44749450683594 5
vertex 28.512638092041016 42.37429428100586 5
endloop
endfacet
facet normal 0 0 1
outer loop
vertex 36.03215789794922 38.523990631103516 5
vertex 50.13216018676758 38.523990631103516 5
vertex 28.581653594970703 42.44749450683594 5
endloop
endfacet
facet normal 0 0 -1
outer loop
vertex 75.26854705810547 -44.744903564453125 0
vertex 75.2655258178711 -63.744903564453125 0
vertex 69.13215637207031 -37.476009368896484 0
endloop
endfacet
facet normal 0 0 1
outer loop
vertex 28.512638092041016 42.37429428100586 5
vertex 36.03215789794922 24.423992156982422 5
vertex 36.03215789794922 38.523990631103516 5
endloop
endfacet
facet normal 0 0 -1
outer loop
vertex 75.26854705810547 -44.744903564453125 0
vertex 69.13215637207031 -37.476009368896484 0
vertex 69.13215637207031 -32.57600784301758 0
endloop
endfacet
facet normal 0 0 1
outer loop
vertex 31.132158279418945 33.773990631103516 5
vertex 36.03215789794922 19.52399253845215 5
vertex 28.512638092041016 42.37429428100586 5
endloop
endfacet
facet normal 0 0 -1
outer loop
vertex 76.56531524658203 -44.74510955810547 0
vertex 75.26854705810547 -44.744903564453125 0
vertex 76.5652847290039 -42.31778335571289 0
endloop
endfacet
facet normal 0.999999999920966 0.000012572508010051293 0
outer loop
vertex 76.56531524658203 -44.74510955810547 0.20000000298023224
vertex 76.56531524658203 -44.74510955810547 0
vertex 76.5652847290039 -42.31778335571289 0
endloop
endfacet
facet normal 0 0 1
outer loop
vertex 28.512638092041016 42.37429428100586 5
vertex 27.705795288085938 41.73331069946289 5
vertex 31.132158279418945 33.773990631103516 5
endloop
endfacet
facet normal 0 0 -1
outer loop
vertex 76.5652847290039 -42.31778335571289 0
vertex 75.26854705810547 -44.744903564453125 0
vertex 75.26893615722656 -42.31757736206055 0
endloop
endfacet
facet normal 0 0 1
outer loop
vertex 27.61130142211914 41.679656982421875 5
vertex 31.132158279418945 33.773990631103516 5
vertex 27.705795288085938 41.73331069946289 5
endloop
endfacet
facet normal 0.999999999920966 0.000012572508010051293 0
outer loop
vertex 76.56531524658203 -44.74510955810547 0.20000000298023224
vertex 76.5652847290039 -42.31778335571289 0
vertex 76.5652847290039 -42.31778335571289 0.20000000298023224
endloop
endfacet
facet normal 0 0 1
outer loop
vertex 27.61130142211914 41.679656982421875 5
vertex 26.636730194091797 41.3111686706543 5
vertex 31.132158279418945 33.773990631103516 5
endloop
endfacet
facet normal 0 0 1
outer loop
vertex 26.636730194091797 41.3111686706543 5
vertex 26.51535415649414 41.28839111328125 5
vertex 31.132158279418945 33.773990631103516 5
endloop
endfacet
facet normal 0 0 1
outer loop
vertex 26.51535415649414 41.28839111328125 5
vertex 17.03215980529785 33.773990631103516 5
vertex 31.132158279418945 33.773990631103516 5
endloop
endfacet
facet normal -0.000019723011455808257 -0.9999999998055014 0
outer loop
vertex -61.555843353271484 -71.14701080322266 0
vertex -4.30543851852417 -71.14813995361328 0
vertex -61.555843353271484 -71.14701080322266 5
endloop
endfacet
facet normal 0 0 -1
outer loop
vertex 75.26893615722656 -42.31757736206055 0
vertex 75.26854705810547 -44.744903564453125 0
vertex 69.13215637207031 -32.57600784301758 0
endloop
endfacet
facet normal -0.9999999991095441 -0.00004220084963131489 0
outer loop
vertex -66.42027282714844 -5.336955547332764 5
vertex -66.42027282714844 -5.336955547332764 4.5
vertex -66.42021942138672 -6.602469444274902 5
endloop
endfacet
facet normal 0 0 1
outer loop
vertex -65.1202163696289 -6.602417469024658 5
vertex -58.96784210205078 -8.826007843017578 5
vertex -65.12026977539062 -5.3369035720825195 5
endloop
endfacet
facet normal 0 0 1
outer loop
vertex 13.864095687866211 41.16749572753906 5
vertex 17.03215980529785 33.773990631103516 5
vertex 26.51535415649414 41.28839111328125 5
endloop
endfacet
facet normal 0 0 1
outer loop
vertex 13.103463172912598 40.995174407958984 5
vertex 11.63697624206543 40.26137161254883 5
vertex 12.132159233093262 31.39899253845215 5
endloop
endfacet
facet normal -0.9999999991095441 -0.00004220084963131489 0
outer loop
vertex -66.42027282714844 -5.336955547332764 4.5
vertex -66.42021942138672 -6.602469444274902 4.5
vertex -66.42021942138672 -6.602469444274902 5
endloop
endfacet
facet normal 0 0 1
outer loop
vertex 11.63697624206543 40.26137161254883 5
vertex 10.480706214904785 39.35628128051758 5
vertex 12.132159233093262 31.39899253845215 5
endloop
endfacet
facet normal 0 0 1
outer loop
vertex 10.480706214904785 39.35628128051758 5
vertex 10.388226509094238 39.3042106628418 5
vertex 12.132159233093262 31.39899253845215 5
endloop
endfacet
facet normal 0 0 1
outer loop
vertex 10.388226509094238 39.3042106628418 5
vertex 9.414081573486328 38.935882568359375 5
vertex 12.132159233093262 31.39899253845215 5
endloop
endfacet
facet normal 0 0 1
outer loop
vertex 9.414081573486328 38.935882568359375 5
vertex 9.291061401367188 38.9130859375 5
vertex 12.132159233093262 31.39899253845215 5
endloop
endfacet
facet normal 0 0 1
outer loop
vertex -58.96784210205078 -8.826007843017578 5
vertex -65.11946105957031 -25.6024169921875 5
vertex -58.96784210205078 -13.726008415222168 5
endloop
endfacet
facet normal 0 0 1
outer loop
vertex -65.1202163696289 -6.602417469024658 5
vertex -65.11946105957031 -25.6024169921875 5
vertex -58.96784210205078 -8.826007843017578 5
endloop
endfacet
facet normal 0 0 1
outer loop
vertex 13.103463172912598 40.995174407958984 5
vertex 12.132159233093262 17.298992156982422 5
vertex 13.864095687866211 41.16749572753906 5
endloop
endfacet
facet normal 0 0 1
outer loop
vertex 9.291061401367188 38.9130859375 5
vertex -2.1245343685150146 38.85642623901367 5
vertex 12.132159233093262 31.39899253845215 5
endloop
endfacet
facet normal 0 0 1
outer loop
vertex -2.1245343685150146 38.85642623901367 5
vertex -1.9678407907485962 31.39899253845215 5
vertex 12.132159233093262 31.39899253845215 5
endloop
endfacet
facet normal -0.16410247414223741 0.9864432968906001 0
outer loop
vertex 33.64978790283203 45.97397232055664 5
vertex 31.93340301513672 45.688438415527344 0
vertex 31.93340301513672 45.688438415527344 5
endloop
endfacet
facet normal -0.4009298776995609 0.9161087452741705 0
outer loop
vertex 31.93340301513672 45.688438415527344 5
vertex 31.230117797851562 45.38064956665039 0
vertex 31.230117797851562 45.38064956665039 5
endloop
endfacet
facet normal 0.24703100762895003 -0.9690075754450146 0
outer loop
vertex 73.83092498779297 -66.3848876953125 0
vertex 74.7931137084961 -66.13959503173828 0
vertex 73.83092498779297 -66.3848876953125 5
endloop
endfacet
facet normal 0.4796877150388544 -0.8774392833927616 0
outer loop
vertex 74.7931137084961 -66.13959503173828 0
vertex 75.22858428955078 -65.90152740478516 0
vertex 74.7931137084961 -66.13959503173828 5
endloop
endfacet
facet normal 0.6943943049736072 -0.7195947117789436 0
outer loop
vertex 75.22858428955078 -65.90152740478516 0
vertex 76.02245330810547 -65.13545989990234 0
vertex 75.22858428955078 -65.90152740478516 5
endloop
endfacet
facet normal 0.8598001003913245 -0.5106307740109955 0
outer loop
vertex 76.02245330810547 -65.13545989990234 0
vertex 76.27285766601562 -64.71382904052734 0
vertex 76.02245330810547 -65.13545989990234 5
endloop
endfacet
facet normal 0.9999999998230273 0.000018813436553059108 0
outer loop
vertex 76.56552124023438 -63.24510955810547 0.20000000298023224
vertex 76.5655288696289 -63.650638580322266 4.5
vertex 76.5655288696289 -63.650638580322266 0.20000000298023224
endloop
endfacet
facet normal -0.00015801747802980488 -0.9999999875152382 0
outer loop
vertex 77.26560974121094 -63.24522018432617 0.20000000298023224
vertex 76.56552124023438 -63.24510955810547 4.5
vertex 76.56552124023438 -63.24510955810547 0.20000000298023224
endloop
endfacet
facet normal 0.964138264392096 -0.2654004655892618 0
outer loop
vertex 76.53952026367188 -63.7451057434082 0.20000000298023224
vertex 76.27285766601562 -64.71382904052734 5
vertex 76.27285766601562 -64.71382904052734 0
endloop
endfacet
facet normal 0.9641267160292212 -0.26544241438730537 -0.00000910756133770806
outer loop
vertex 76.53952026367188 -63.7451057434082 0.20000000298023224
vertex 76.5655288696289 -63.650638580322266 0.20000000298023224
vertex 76.27285766601562 -64.71382904052734 5
endloop
endfacet
facet normal 0.9999999873681277 -0.00015894572862158992 0
outer loop
vertex 77.26560974121094 -63.24522018432617 0.20000000298023224
vertex 77.26835632324219 -45.9652214050293 0.20000000298023224
vertex 77.26560974121094 -63.24522018432617 4.5
endloop
endfacet
facet normal 0.9999999873681722 -0.00015894544791381535 0
outer loop
vertex 77.26847076416016 -45.24522018432617 0.20000000298023224
vertex 77.26847076416016 -45.24522018432617 4.5
vertex 77.26835632324219 -45.9652214050293 0.20000000298023224
endloop
endfacet
facet normal 0 0 1
outer loop
vertex -65.11946105957031 -25.6024169921875 5
vertex -58.96784210205078 -27.826007843017578 5
vertex -58.96784210205078 -13.726008415222168 5
endloop
endfacet
facet normal 0.9999999998835846 0.000015258789060723641 0
outer loop
vertex 76.56532287597656 -45.24510955810547 0.20000000298023224
vertex 76.56531524658203 -44.74510955810547 0.20000000298023224
vertex 76.56532287597656 -45.24510955810547 4.5
endloop
endfacet
facet normal 0.000157329946079694 0.999999987623644 0
outer loop
vertex 77.26847076416016 -45.24522018432617 0.20000000298023224
vertex 76.56532287597656 -45.24510955810547 0.20000000298023224
vertex 77.26847076416016 -45.24522018432617 4.5
endloop
endfacet
facet normal 0.9999999999209173 0.00001257250801005068 -3.123582619888853e-7
outer loop
vertex 76.56532287597656 -45.24510955810547 4.5
vertex 76.56531524658203 -44.74510955810547 0.20000000298023224
vertex 76.5652847290039 -42.31778335571289 0.20000000298023224
endloop
endfacet
facet normal 0.9999999999606491 0 -0.000008871388995625042
outer loop
vertex 76.56532287597656 -45.24510955810547 4.5
vertex 76.5652847290039 -42.31778335571289 0.20000000298023224
vertex 76.5652847290039 -41.81778335571289 0.20000000298023224
endloop
endfacet
facet normal -0.00015720031462655105 -0.9999999876440305 0
outer loop
vertex 77.26901245117188 -41.817893981933594 0.20000000298023224
vertex 76.5652847290039 -41.81778335571289 4.5
vertex 76.5652847290039 -41.81778335571289 0.20000000298023224
endloop
endfacet
facet normal 0 0 1
outer loop
vertex -65.11946105957031 -25.6024169921875 5
vertex -65.1194076538086 -26.867931365966797 5
vertex -58.96784210205078 -27.826007843017578 5
endloop
endfacet
facet normal 0 0 1
outer loop
vertex -65.11946105957031 -25.6024169921875 5
vertex -66.41946411132812 -25.602468490600586 5
vertex -65.1194076538086 -26.867931365966797 5
endloop
endfacet
facet normal 0 0 1
outer loop
vertex -66.41946411132812 -25.602468490600586 5
vertex -66.4194107055664 -26.867982864379883 5
vertex -65.1194076538086 -26.867931365966797 5
endloop
endfacet
facet normal -0.608125390135968 0.7938409852558488 0
outer loop
vertex 31.230117797851562 45.38064956665039 5
vertex 29.95783233642578 44.406009674072266 0
vertex 29.95783233642578 44.406009674072266 5
endloop
endfacet
facet normal -0.9999999991095447 -0.00004220083373032349 0
outer loop
vertex -66.41946411132812 -25.602468490600586 5
vertex -66.41946411132812 -25.602468490600586 4.5
vertex -66.4194107055664 -26.867982864379883 5
endloop
endfacet
facet normal 0 0 -1
outer loop
vertex 40.58216094970703 -36.77600860595703 0
vertex 36.03215789794922 -32.57600784301758 0
vertex 40.58216094970703 -33.27600860595703 0
endloop
endfacet
facet normal 0 0 -1
outer loop
vertex 40.58216094970703 -33.27600860595703 0
vertex 36.03215789794922 -32.57600784301758 0
vertex 40.58216094970703 -32.57600784301758 0
endloop
endfacet
facet normal 0 0 -1
outer loop
vertex 40.58216094970703 -36.77600860595703 0
vertex 40.58216094970703 -33.27600860595703 0
vertex 45.58216094970703 -36.77600860595703 0
endloop
endfacet
facet normal 0 0 -1
outer loop
vertex 45.58216094970703 -36.77600860595703 0
vertex 40.58216094970703 -33.27600860595703 0
vertex 45.58216094970703 -33.27600860595703 0
endloop
endfacet
facet normal 0 0 -1
outer loop
vertex 50.13216018676758 -37.476009368896484 0
vertex 45.58216094970703 -36.77600860595703 0
vertex 45.58216094970703 -33.27600860595703 0
endloop
endfacet
facet normal 0 0 -1
outer loop
vertex 45.58216094970703 -33.27600860595703 0
vertex 45.58216094970703 -32.57600784301758 0
vertex 50.13216018676758 -32.57600784301758 0
endloop
endfacet
facet normal 0 0 -1
outer loop
vertex 50.13216018676758 -37.476009368896484 0
vertex 45.58216094970703 -33.27600860595703 0
vertex 50.13216018676758 -32.57600784301758 0
endloop
endfacet
facet normal 0 0 -1
outer loop
vertex 50.13216018676758 -37.476009368896484 0
vertex 50.13216018676758 -32.57600784301758 0
vertex 55.03215789794922 -32.57600784301758 0
endloop
endfacet
facet normal 0 0 -1
outer loop
vertex 55.03215789794922 -37.476009368896484 0
vertex 50.13216018676758 -37.476009368896484 0
vertex 55.03215789794922 -32.57600784301758 0
endloop
endfacet
facet normal 0 0 -1
outer loop
vertex 59.58216094970703 -36.77600860595703 0
vertex 55.03215789794922 -37.476009368896484 0
vertex 55.03215789794922 -32.57600784301758 0
endloop
endfacet
facet normal 0 0 -1
outer loop
vertex 55.03215789794922 -32.57600784301758 0
vertex 50.13216018676758 -32.57600784301758 0
vertex 50.13216018676758 -18.47600746154785 0
endloop
endfacet
facet normal 0 0 -1
outer loop
vertex 50.13216018676758 -18.47600746154785 0
vertex 50.13216018676758 -13.576007843017578 0
vertex 55.03215789794922 -32.57600784301758 0
endloop
endfacet
facet normal -0.8182064673768161 0.5749244965582446 0
outer loop
vertex 29.95783233642578 44.406009674072266 5
vertex 28.581653594970703 42.44749450683594 0
vertex 28.581653594970703 42.44749450683594 5
endloop
endfacet
facet normal -0.7275985987338425 0.6860031188854384 0
outer loop
vertex 28.581653594970703 42.44749450683594 5
vertex 28.512638092041016 42.37429428100586 0
vertex 28.512638092041016 42.37429428100586 5
endloop
endfacet
facet normal -0.6220341719330156 0.7829900950507659 0
outer loop
vertex 28.512638092041016 42.37429428100586 5
vertex 27.705795288085938 41.73331069946289 0
vertex 27.705795288085938 41.73331069946289 5
endloop
endfacet
facet normal -0.49375908384907646 0.8695987391415196 0
outer loop
vertex 27.705795288085938 41.73331069946289 5
vertex 27.61130142211914 41.679656982421875 0
vertex 27.61130142211914 41.679656982421875 5
endloop
endfacet
facet normal -0.9999999991095447 -0.00004220083373032349 0
outer loop
vertex -66.41946411132812 -25.602468490600586 4.5
vertex -66.4194107055664 -26.867982864379883 4.5
vertex -66.4194107055664 -26.867982864379883 5
endloop
endfacet
facet normal -0.35366677107603145 0.9353714850457299 0
outer loop
vertex 27.61130142211914 41.679656982421875 5
vertex 26.636730194091797 41.3111686706543 0
vertex 26.636730194091797 41.3111686706543 5
endloop
endfacet
facet normal 0 0 -1
outer loop
vertex 36.03215789794922 -18.47600746154785 0
vertex 40.58216094970703 -17.77600860595703 0
vertex 40.58216094970703 -18.47600746154785 0
endloop
endfacet
facet normal 0 0 -1
outer loop
vertex 40.58216094970703 -17.77600860595703 0
vertex 40.58216094970703 -14.276008605957031 0
vertex 45.58216094970703 -17.77600860595703 0
endloop
endfacet
facet normal 0 0 -1
outer loop
vertex 40.58216094970703 -17.77600860595703 0
vertex 36.03215789794922 -13.576007843017578 0
vertex 40.58216094970703 -14.276008605957031 0
endloop
endfacet
facet normal 0 0 -1
outer loop
vertex 40.58216094970703 -14.276008605957031 0
vertex 36.03215789794922 -13.576007843017578 0
vertex 40.58216094970703 -13.576007843017578 0
endloop
endfacet
facet normal 0 0 -1
outer loop
vertex 45.58216094970703 -17.77600860595703 0
vertex 40.58216094970703 -14.276008605957031 0
vertex 45.58216094970703 -14.276008605957031 0
endloop
endfacet
facet normal 0 0 -1
outer loop
vertex 45.58216094970703 -18.47600746154785 0
vertex 45.58216094970703 -17.77600860595703 0
vertex 50.13216018676758 -18.47600746154785 0
endloop
endfacet
facet normal 0 0 -1
outer loop
vertex 50.13216018676758 -18.47600746154785 0
vertex 45.58216094970703 -17.77600860595703 0
vertex 45.58216094970703 -14.276008605957031 0
endloop
endfacet
facet normal 0 0 -1
outer loop
vertex 45.58216094970703 -14.276008605957031 0
vertex 45.58216094970703 -13.576007843017578 0
vertex 50.13216018676758 -13.576007843017578 0
endloop
endfacet
facet normal 0 0 -1
outer loop
vertex 50.13216018676758 -13.576007843017578 0
vertex 50.13216018676758 -18.47600746154785 0
vertex 45.58216094970703 -14.276008605957031 0
endloop
endfacet
facet normal 0 0 -1
outer loop
vertex 50.13216018676758 -13.576007843017578 0
vertex 50.13216018676758 0.5239918231964111 0
vertex 55.03215789794922 -32.57600784301758 0
endloop
endfacet
facet normal 0 0 -1
outer loop
vertex 55.03215789794922 -32.57600784301758 0
vertex 50.13216018676758 0.5239918231964111 0
vertex 55.03215789794922 -18.47600746154785 0
endloop
endfacet
facet normal 0 0 -1
outer loop
vertex 55.03215789794922 -18.47600746154785 0
vertex 55.03215789794922 -13.576007843017578 0
vertex 59.58216094970703 -13.576007843017578 0
endloop
endfacet
facet normal 0 0 -1
outer loop
vertex 50.13216018676758 0.5239918231964111 0
vertex 50.13216018676758 5.423991680145264 0
vertex 55.03215789794922 -13.576007843017578 0
endloop
endfacet
facet normal 0 0 -1
outer loop
vertex 55.03215789794922 -13.576007843017578 0
vertex 55.03215789794922 -18.47600746154785 0
vertex 50.13216018676758 0.5239918231964111 0
endloop
endfacet
facet normal 0 0 -1
outer loop
vertex 55.03215789794922 -13.576007843017578 0
vertex 50.13216018676758 5.423991680145264 0
vertex 55.03215789794922 0.5239918231964111 0
endloop
endfacet
facet normal -0.1844414652015234 0.9828435002147164 0
outer loop
vertex 26.636730194091797 41.3111686706543 5
vertex 26.51535415649414 41.28839111328125 0
vertex 26.51535415649414 41.28839111328125 5
endloop
endfacet
facet normal 0 0 1
outer loop
vertex -58.96784210205078 -27.826007843017578 5
vertex -65.11865234375 -45.8679313659668 5
vertex -58.96784210205078 -32.726009368896484 5
endloop
endfacet
facet normal 0 0 1
outer loop
vertex -65.1194076538086 -26.867931365966797 5
vertex -65.11865234375 -45.8679313659668 5
vertex -58.96784210205078 -27.826007843017578 5
endloop
endfacet
facet normal 0 0 -1
outer loop
vertex -58.96784210205078 -32.726009368896484 0
vertex -58.96784210205078 -46.82600784301758 0
vertex -65.1194076538086 -26.867931365966797 0
endloop
endfacet
facet normal 0 0 -1
outer loop
vertex -58.96784210205078 -32.726009368896484 0
vertex -65.1194076538086 -26.867931365966797 0
vertex -58.96784210205078 -27.826007843017578 0
endloop
endfacet
facet normal -0.00955556054075264 0.9999543445891678 0
outer loop
vertex 26.51535415649414 41.28839111328125 5
vertex 13.864095687866211 41.16749572753906 0
vertex 13.864095687866211 41.16749572753906 5
endloop
endfacet
facet normal -0.22095083473175306 0.9752849474032405 0
outer loop
vertex 13.864095687866211 41.16749572753906 5
vertex 13.103463172912598 40.995174407958984 0
vertex 13.103463172912598 40.995174407958984 5
endloop
endfacet
facet normal 0.00004019029762097268 -0.99999999919237 0
outer loop
vertex -67.12029266357422 -4.836983680725098 4.5
vertex -66.4202880859375 -4.836955547332764 0.20000000298023224
vertex -66.4202880859375 -4.836955547332764 4.5
endloop
endfacet
facet normal -0.9999999995207524 -0.000030517578110374523 -0.000005212729543392563
outer loop
vertex -66.4202880859375 -4.836955547332764 4.5
vertex -66.42019653320312 -7.102469444274902 0.20000000298023224
vertex -66.42027282714844 -5.336955547332764 4.5
endloop
endfacet
facet normal -0.9999999991094577 -0.000042200849631311245 -4.157578509187294e-7
outer loop
vertex -66.42019653320312 -7.102469444274902 0.20000000298023224
vertex -66.42021942138672 -6.602469444274902 4.5
vertex -66.42027282714844 -5.336955547332764 4.5
endloop
endfacet
facet normal 0 0 -1
outer loop
vertex 59.58216094970703 -36.77600860595703 0
vertex 55.03215789794922 -32.57600784301758 0
vertex 59.58216094970703 -33.27600860595703 0
endloop
endfacet
facet normal 0 0 -1
outer loop
vertex 59.58216094970703 -33.27600860595703 0
vertex 55.03215789794922 -32.57600784301758 0
vertex 59.58216094970703 -32.57600784301758 0
endloop
endfacet
facet normal 0 0 -1
outer loop
vertex 59.58216094970703 -33.27600860595703 0
vertex 64.58216094970703 -33.27600860595703 0
vertex 59.58216094970703 -36.77600860595703 0
endloop
endfacet
facet normal 0 0 -1
outer loop
vertex 59.58216094970703 -36.77600860595703 0
vertex 64.58216094970703 -33.27600860595703 0
vertex 64.58216094970703 -36.77600860595703 0
endloop
endfacet
facet normal 0 0 -1
outer loop
vertex 69.13215637207031 -32.57600784301758 0
vertex 69.13215637207031 -37.476009368896484 0
vertex 64.58216094970703 -36.77600860595703 0
endloop
endfacet
facet normal 0 0 -1
outer loop
vertex 69.13215637207031 -32.57600784301758 0
vertex 64.58216094970703 -36.77600860595703 0
vertex 64.58216094970703 -33.27600860595703 0
endloop
endfacet
facet normal 0 0 -1
outer loop
vertex 69.13215637207031 -32.57600784301758 0
vertex 64.58216094970703 -33.27600860595703 0
vertex 64.58216094970703 -32.57600784301758 0
endloop
endfacet
facet normal 0 0 -1
outer loop
vertex 69.13215637207031 -32.57600784301758 0
vertex 69.13215637207031 -18.47600746154785 0
vertex 75.26893615722656 -42.31757736206055 0
endloop
endfacet
facet normal -0.44748644646192787 0.8942907134891183 0
outer loop
vertex 13.103463172912598 40.995174407958984 5
vertex 11.63697624206543 40.26137161254883 0
vertex 11.63697624206543 40.26137161254883 5
endloop
endfacet
facet normal -0.6163856974145865 0.7874443929718046 0
outer loop
vertex 11.63697624206543 40.26137161254883 5
vertex 10.480706214904785 39.35628128051758 0
vertex 10.480706214904785 39.35628128051758 5
endloop
endfacet
facet normal -0.49062468194200987 0.8713710010490949 0
outer loop
vertex 10.480706214904785 39.35628128051758 5
vertex 10.388226509094238 39.3042106628418 0
vertex 10.388226509094238 39.3042106628418 5
endloop
endfacet
facet normal 0 0 -1
outer loop
vertex -58.96784210205078 -27.826007843017578 0
vertex -54.41783905029297 -28.52600860595703 0
vertex -58.96784210205078 -32.726009368896484 0
endloop
endfacet
facet normal -0.3536675819028558 0.9353711784692678 0
outer loop
vertex 10.388226509094238 39.3042106628418 5
vertex 9.414081573486328 38.935882568359375 0
vertex 9.414081573486328 38.935882568359375 5
endloop
endfacet
facet normal 0 0 -1
outer loop
vertex 75.2719497680664 -23.317577362060547 0
vertex 75.26893615722656 -42.31757736206055 0
vertex 69.13215637207031 -18.47600746154785 0
endloop
endfacet
facet normal -0.18220608192993362 0.9832603641496703 0
outer loop
vertex 9.414081573486328 38.935882568359375 5
vertex 9.291061401367188 38.9130859375 0
vertex 9.291061401367188 38.9130859375 5
endloop
endfacet
facet normal -0.004963297732109423 0.999987682761954 0
outer loop
vertex 9.291061401367188 38.9130859375 5
vertex -2.1245343685150146 38.85642623901367 0
vertex -2.1245343685150146 38.85642623901367 5
endloop
endfacet
facet normal 0 0 -1
outer loop
vertex 76.56507110595703 -23.317781448364258 0
vertex 75.2719497680664 -23.317577362060547 0
vertex 76.56504821777344 -20.89045524597168 0
endloop
endfacet
facet normal 0 0 -1
outer loop
vertex -66.4194107055664 -26.867982864379883 0
vertex -65.11946105957031 -25.6024169921875 0
vertex -65.1194076538086 -26.867931365966797 0
endloop
endfacet
facet normal 0.9999999999555433 0.000009429381007864512 0
outer loop
vertex 76.56507110595703 -23.317781448364258 0.20000000298023224
vertex 76.56507110595703 -23.317781448364258 0
vertex 76.56504821777344 -20.89045524597168 0.20000000298023224
endloop
endfacet
facet normal 0 0 -1
outer loop
vertex 76.56504821777344 -20.89045524597168 0
vertex 75.2719497680664 -23.317577362060547 0
vertex 75.2723388671875 -20.89025115966797 0
endloop
endfacet
facet normal 0 0 1
outer loop
vertex 36.03215789794922 19.52399253845215 5
vertex 36.03215789794922 24.423992156982422 5
vertex 28.512638092041016 42.37429428100586 5
endloop
endfacet
facet normal 0.9999999999555433 0.000009429381007864512 0
outer loop
vertex 76.56504821777344 -20.89045524597168 0.20000000298023224
vertex 76.56507110595703 -23.317781448364258 0
vertex 76.56504821777344 -20.89045524597168 0
endloop
endfacet
facet normal 0 0 1
outer loop
vertex 31.132158279418945 33.773990631103516 5
vertex 31.132158279418945 19.673992156982422 5
vertex 36.03215789794922 19.52399253845215 5
endloop
endfacet
facet normal 0 0 1
outer loop
vertex 31.132158279418945 19.673992156982422 5
vertex 31.132158279418945 14.773991584777832 5
vertex 36.03215789794922 19.52399253845215 5
endloop
endfacet
facet normal 0 0 1
outer loop
vertex 31.132158279418945 19.673992156982422 5
vertex 17.03215980529785 19.673992156982422 5
vertex 31.132158279418945 14.773991584777832 5
endloop
endfacet
facet normal 0 0 1
outer loop
vertex 17.03215980529785 19.673992156982422 5
vertex 17.03215980529785 14.773991584777832 5
vertex 31.132158279418945 14.773991584777832 5
endloop
endfacet
facet normal -0.999999998952262 -0.00004577636713953836 0
outer loop
vertex -66.42019653320312 -7.102469444274902 0.20000000298023224
vertex -66.42019653320312 -7.102469444274902 4.5
vertex -66.42021942138672 -6.602469444274902 4.5
endloop
endfacet
facet normal -0.9999999992300944 -0.000039236886665065746 5.272157991755045e-7
outer loop
vertex -67.12029266357422 -4.836983680725098 4.5
vertex -67.12052154541016 0.996349573135376 4.5
vertex -67.12032318115234 -4.116983890533447 0.20000000298023224
endloop
endfacet
facet normal -0.00004019029762097268 0.99999999919237 0
outer loop
vertex -66.42019653320312 -7.102469444274902 4.5
vertex -67.12020111083984 -7.102497577667236 0.20000000298023224
vertex -67.12020111083984 -7.102497577667236 4.5
endloop
endfacet
facet normal -0.9999999991946663 -0.00004013270911719673 -1.8178600461204412e-7
outer loop
vertex -67.12020111083984 -7.102497577667236 4.5
vertex -67.1195068359375 -24.382497787475586 0.20000000298023224
vertex -67.11971282958984 -19.269163131713867 4.5
endloop
endfacet
facet normal 0.00004087148910494548 -0.9999999991647607 0
outer loop
vertex -67.1194839477539 -25.102497100830078 4.5
vertex -66.41947937011719 -25.102468490600586 0.20000000298023224
vertex -66.41947937011719 -25.102468490600586 4.5
endloop
endfacet
facet normal -0.9999999995207524 -0.000030517578110374523 -0.00000521272615922623
outer loop
vertex -66.41947937011719 -25.102468490600586 4.5
vertex -66.41938781738281 -27.367982864379883 0.20000000298023224
vertex -66.41946411132812 -25.602468490600586 4.5
endloop
endfacet
facet normal 0 0 -1
outer loop
vertex 55.03215789794922 -18.47600746154785 0
vertex 59.58216094970703 -17.77600860595703 0
vertex 59.58216094970703 -18.47600746154785 0
endloop
endfacet
facet normal 0 0 -1
outer loop
vertex 59.58216094970703 -17.77600860595703 0
vertex 55.03215789794922 -18.47600746154785 0
vertex 59.58216094970703 -14.276008605957031 0
endloop
endfacet
facet normal 0 0 -1
outer loop
vertex 59.58216094970703 -14.276008605957031 0
vertex 55.03215789794922 -18.47600746154785 0
vertex 59.58216094970703 -13.576007843017578 0
endloop
endfacet
facet normal 0 0 -1
outer loop
vertex 59.58216094970703 -14.276008605957031 0
vertex 64.58216094970703 -14.276008605957031 0
vertex 59.58216094970703 -17.77600860595703 0
endloop
endfacet
facet normal 0 0 -1
outer loop
vertex 59.58216094970703 -17.77600860595703 0
vertex 64.58216094970703 -14.276008605957031 0
vertex 64.58216094970703 -17.77600860595703 0
endloop
endfacet
facet normal 0 0 -1
outer loop
vertex 64.58216094970703 -18.47600746154785 0
vertex 64.58216094970703 -17.77600860595703 0
vertex 69.13215637207031 -18.47600746154785 0
endloop
endfacet
facet normal 0 0 -1
outer loop
vertex 69.13215637207031 -18.47600746154785 0
vertex 64.58216094970703 -17.77600860595703 0
vertex 64.58216094970703 -14.276008605957031 0
endloop
endfacet
facet normal 0 0 -1
outer loop
vertex 69.13215637207031 -18.47600746154785 0
vertex 64.58216094970703 -14.276008605957031 0
vertex 69.13215637207031 -13.576007843017578 0
endloop
endfacet
facet normal 0 0 -1
outer loop
vertex 69.13215637207031 -13.576007843017578 0
vertex 64.58216094970703 -14.276008605957031 0
vertex 64.58216094970703 -13.576007843017578 0
endloop
endfacet
facet normal 0 0 -1
outer loop
vertex 75.2719497680664 -23.317577362060547 0
vertex 69.13215637207031 -18.47600746154785 0
vertex 69.13215637207031 -13.576007843017578 0
endloop
endfacet
facet normal 0 0 -1
outer loop
vertex 69.13215637207031 -13.576007843017578 0
vertex 69.13215637207031 0.5239918231964111 0
vertex 75.2723388671875 -20.89025115966797 0
endloop
endfacet
facet normal 0 0 -1
outer loop
vertex 75.2723388671875 -20.89025115966797 0
vertex 75.2719497680664 -23.317577362060547 0
vertex 69.13215637207031 -13.576007843017578 0
endloop
endfacet
facet normal -0.9999999991095448 -0.00004220083373032349 0
outer loop
vertex -66.4194107055664 -26.867982864379883 0
vertex -66.4194107055664 -26.867982864379883 0.20000000298023224
vertex -66.41946411132812 -25.602468490600586 0.20000000298023224
endloop
endfacet
facet normal 0 0 -1
outer loop
vertex -65.11946105957031 -25.6024169921875 0
vertex -66.4194107055664 -26.867982864379883 0
vertex -66.41946411132812 -25.602468490600586 0
endloop
endfacet
facet normal 0 0 1
outer loop
vertex 31.132158279418945 14.773991584777832 5
vertex 36.03215789794922 5.423991680145264 5
vertex 36.03215789794922 19.52399253845215 5
endloop
endfacet
facet normal 0 0 -1
outer loop
vertex 75.2723388671875 -20.89025115966797 0
vertex 69.13215637207031 0.5239918231964111 0
vertex 75.27535247802734 -1.8902506828308105 0
endloop
endfacet
facet normal 0 0 1
outer loop
vertex 31.132158279418945 14.773991584777832 5
vertex 31.132158279418945 0.6739917993545532 5
vertex 36.03215789794922 5.423991680145264 5
endloop
endfacet
facet normal 0 0 1
outer loop
vertex 36.03215789794922 0.5239918231964111 5
vertex 36.03215789794922 5.423991680145264 5
vertex 31.132158279418945 0.6739917993545532 5
endloop
endfacet
facet normal 0 0 1
outer loop
vertex 31.132158279418945 0.6739917993545532 5
vertex 31.132158279418945 -4.226008415222168 5
vertex 36.03215789794922 0.5239918231964111 5
endloop
endfacet
facet normal -0.9999999991094584 -0.000042200833730319845 -4.1575969987122286e-7
outer loop
vertex -66.41938781738281 -27.367982864379883 0.20000000298023224
vertex -66.4194107055664 -26.867982864379883 4.5
vertex -66.41946411132812 -25.602468490600586 4.5
endloop
endfacet
facet normal -0.999999998952262 -0.00004577636713953836 0
outer loop
vertex -66.41938781738281 -27.367982864379883 0.20000000298023224
vertex -66.41938781738281 -27.367982864379883 4.5
vertex -66.4194107055664 -26.867982864379883 4.5
endloop
endfacet
facet normal -0.9999999992294558 -0.00003923688185399979 -0.0000012470568420125721
outer loop
vertex -67.1195068359375 -24.382497787475586 0.20000000298023224
vertex -67.1194839477539 -25.102497100830078 4.5
vertex -67.11971282958984 -19.269163131713867 4.5
endloop
endfacet
facet normal -0.00004087148910494548 0.9999999991647607 0
outer loop
vertex -66.41938781738281 -27.367982864379883 4.5
vertex -67.11939239501953 -27.368011474609375 0.20000000298023224
vertex -67.11939239501953 -27.368011474609375 4.5
endloop
endfacet
facet normal 0 0 1
outer loop
vertex -39.96784210205078 -39.851009368896484 5
vertex -39.96784210205078 -34.95100784301758 5
vertex -44.86783981323242 -46.82600784301758 5
endloop
endfacet
facet normal 0 0 1
outer loop
vertex -39.96784210205078 -53.95100784301758 5
vertex -39.96784210205078 -39.851009368896484 5
vertex -44.86783981323242 -46.82600784301758 5
endloop
endfacet
facet normal 0 0 1
outer loop
vertex -39.96784210205078 -53.95100784301758 5
vertex -61.555843353271484 -71.14701080322266 5
vertex -25.867841720581055 -53.95100784301758 5
endloop
endfacet
facet normal 0 0 1
outer loop
vertex -44.86783981323242 -46.82600784301758 5
vertex -61.555843353271484 -71.14701080322266 5
vertex -39.96784210205078 -53.95100784301758 5
endloop
endfacet
facet normal 0 0 1
outer loop
vertex -58.96784210205078 -46.82600784301758 5
vertex -61.555843353271484 -71.14701080322266 5
vertex -44.86783981323242 -46.82600784301758 5
endloop
endfacet
facet normal 0 0 1
outer loop
vertex -58.96784210205078 -46.82600784301758 5
vertex -58.96784210205078 -32.726009368896484 5
vertex -65.11865234375 -45.8679313659668 5
endloop
endfacet
facet normal 0 0 1
outer loop
vertex 17.03215980529785 0.6739917993545532 5
vertex 31.132158279418945 -4.226008415222168 5
vertex 31.132158279418945 0.6739917993545532 5
endloop
endfacet
facet normal -0.9999999991095448 -0.00004220083373032349 0
outer loop
vertex -66.41946411132812 -25.602468490600586 0
vertex -66.4194107055664 -26.867982864379883 0
vertex -66.41946411132812 -25.602468490600586 0.20000000298023224
endloop
endfacet
facet normal 0 0 1
outer loop
vertex 17.03215980529785 33.773990631103516 5
vertex 12.132159233093262 17.298992156982422 5
vertex 17.03215980529785 19.673992156982422 5
endloop
endfacet
facet normal 0 0 1
outer loop
vertex -65.11865234375 -45.8679313659668 5
vertex -65.11859893798828 -47.133445739746094 5
vertex -58.96784210205078 -46.82600784301758 5
endloop
endfacet
facet normal 0 0 1
outer loop
vertex -65.11865234375 -45.8679313659668 5
vertex -66.41864776611328 -45.867984771728516 5
vertex -65.11859893798828 -47.133445739746094 5
endloop
endfacet
facet normal 0 0 1
outer loop
vertex -66.41864776611328 -45.867984771728516 5
vertex -66.4186019897461 -47.13349533081055 5
vertex -65.11859893798828 -47.133445739746094 5
endloop
endfacet
facet normal 0 0 1
outer loop
vertex 17.03215980529785 33.773990631103516 5
vertex 13.864095687866211 41.16749572753906 5
vertex 12.132159233093262 17.298992156982422 5
endloop
endfacet
facet normal 0 0 1
outer loop
vertex 12.132159233093262 31.39899253845215 5
vertex 12.132159233093262 17.298992156982422 5
vertex 13.103463172912598 40.995174407958984 5
endloop
endfacet
facet normal -0.9999999993457841 -0.00003617225224162284 0
outer loop
vertex -66.41864776611328 -45.867984771728516 5
vertex -66.4186019897461 -47.13349533081055 4.5
vertex -66.4186019897461 -47.13349533081055 5
endloop
endfacet
facet normal 0 0 1
outer loop
vertex -65.11859893798828 -47.133445739746094 5
vertex -65.11784362792969 -66.1334457397461 5
vertex -58.96784210205078 -46.82600784301758 5
endloop
endfacet
facet normal 0 0 1
outer loop
vertex 17.03215980529785 14.773991584777832 5
vertex 17.03215980529785 19.673992156982422 5
vertex 12.132159233093262 17.298992156982422 5
endloop
endfacet
facet normal 0 0 1
outer loop
vertex 12.132159233093262 17.298992156982422 5
vertex 12.132159233093262 12.398991584777832 5
vertex 17.03215980529785 14.773991584777832 5
endloop
endfacet
facet normal 0 0 1
outer loop
vertex 12.132159233093262 17.298992156982422 5
vertex -1.9678407907485962 17.298992156982422 5
vertex 12.132159233093262 12.398991584777832 5
endloop
endfacet
facet normal -0.9999999993457841 -0.00003617225224162284 0
outer loop
vertex -66.41864776611328 -45.867984771728516 4.5
vertex -66.4186019897461 -47.13349533081055 4.5
vertex -66.41864776611328 -45.867984771728516 5
endloop
endfacet
facet normal 0.9999999873681277 -0.00015894572862158992 0
outer loop
vertex 77.26901245117188 -41.817893981933594 0.20000000298023224
vertex 77.27175903320312 -24.53789520263672 0.20000000298023224
vertex 77.26901245117188 -41.817893981933594 4.5
endloop
endfacet
facet normal 0 0 -1
outer loop
vertex -58.96784210205078 -27.826007843017578 0
vertex -65.1194076538086 -26.867931365966797 0
vertex -65.11946105957031 -25.6024169921875 0
endloop
endfacet
facet normal 0.9999999873681722 -0.00015894544791381535 0
outer loop
vertex 77.2718734741211 -23.817893981933594 0.20000000298023224
vertex 77.2718734741211 -23.817893981933594 4.5
vertex 77.27175903320312 -24.53789520263672 0.20000000298023224
endloop
endfacet
facet normal 0.9999999998835846 0.000015258789060723641 0
outer loop
vertex 76.56507873535156 -23.817781448364258 0.20000000298023224
vertex 76.56507110595703 -23.317781448364258 0.20000000298023224
vertex 76.56507873535156 -23.817781448364258 4.5
endloop
endfacet
facet normal 0.0001592167594590292 0.9999999873250117 0
outer loop
vertex 77.2718734741211 -23.817893981933594 0.20000000298023224
vertex 76.56507873535156 -23.817781448364258 0.20000000298023224
vertex 77.2718734741211 -23.817893981933594 4.5
endloop
endfacet
facet normal 0.9999999999553136 0.000009429381007862346 -6.778381462786074e-7
outer loop
vertex 76.56507873535156 -23.817781448364258 4.5
vertex 76.56507110595703 -23.317781448364258 0.20000000298023224
vertex 76.56504821777344 -20.89045524597168 0.20000000298023224
endloop
endfacet
facet normal 0.9999999998781702 0.000015258789060641025 0.000003290668586632701
outer loop
vertex 76.56507873535156 -23.817781448364258 4.5
vertex 76.56504821777344 -20.89045524597168 0.20000000298023224
vertex 76.5650405883789 -20.39045524597168 0.20000000298023224
endloop
endfacet
facet normal -0.00015908624969908746 -0.9999999873457825 0
outer loop
vertex 77.27241516113281 -20.390567779541016 0.20000000298023224
vertex 76.5650405883789 -20.39045524597168 4.5
vertex 76.5650405883789 -20.39045524597168 0.20000000298023224
endloop
endfacet
facet normal 0 0 1
outer loop
vertex 12.132159233093262 12.398991584777832 5
vertex 17.03215980529785 0.6739917993545532 5
vertex 17.03215980529785 14.773991584777832 5
endloop
endfacet
facet normal 0 0 1
outer loop
vertex 12.132159233093262 12.398991584777832 5
vertex 12.132159233093262 -1.7010082006454468 5
vertex 17.03215980529785 0.6739917993545532 5
endloop
endfacet
facet normal 0 0 1
outer loop
vertex -1.9678407907485962 17.298992156982422 5
vertex -1.9678407907485962 12.398991584777832 5
vertex 12.132159233093262 12.398991584777832 5
endloop
endfacet
facet normal 0.9999999873681286 -0.0001589457220424901 0
outer loop
vertex 77.27241516113281 -20.390567779541016 0.20000000298023224
vertex 77.27516174316406 -3.1105682849884033 0.20000000298023224
vertex 77.27241516113281 -20.390567779541016 4.5
endloop
endfacet
facet normal 0 0 -1
outer loop
vertex 15.354074478149414 -55.5467529296875 0
vertex 12.132159233093262 -58.70100784301758 0
vertex 15.181867599487305 -55.58100891113281 0
endloop
endfacet
facet normal 0 0 -1
outer loop
vertex -58.96784210205078 -27.826007843017578 0
vertex -65.11946105957031 -25.6024169921875 0
vertex -65.1202163696289 -6.602417469024658 0
endloop
endfacet
facet normal 0.9999999873681303 -0.00015894571107732497 0
outer loop
vertex 77.27516174316406 -3.1105682849884033 0.20000000298023224
vertex 77.27527618408203 -2.390568256378174 0.20000000298023224
vertex 77.27527618408203 -2.390568256378174 4.5
endloop
endfacet
facet normal 0 0 1
outer loop
vertex -58.96784210205078 -46.82600784301758 5
vertex -64.5824966430664 -70.01549530029297 5
vertex -63.67295455932617 -70.60787963867188 5
endloop
endfacet
facet normal 0 0 1
outer loop
vertex -65.34259033203125 -69.24060821533203 5
vertex -64.5824966430664 -70.01549530029297 5
vertex -58.96784210205078 -46.82600784301758 5
endloop
endfacet
facet normal 0 0 -1
outer loop
vertex -58.96784210205078 -27.826007843017578 0
vertex -65.1202163696289 -6.602417469024658 0
vertex -58.96784210205078 -13.726008415222168 0
endloop
endfacet
facet normal 0 0 -1
outer loop
vertex -65.1202163696289 -6.602417469024658 0
vertex -65.12026977539062 -5.3369035720825195 0
vertex -58.96784210205078 -8.826007843017578 0
endloop
endfacet
facet normal 0 0 1
outer loop
vertex -58.96784210205078 -46.82600784301758 5
vertex -62.65692138671875 -70.98980712890625 5
vertex -61.555843353271484 -71.14701080322266 5
endloop
endfacet
facet normal 0 0 1
outer loop
vertex -63.67295455932617 -70.60787963867188 5
vertex -62.65692138671875 -70.98980712890625 5
vertex -58.96784210205078 -46.82600784301758 5
endloop
endfacet
facet normal 0 0 1
outer loop
vertex -66.41320037841797 -66.13349914550781 5
vertex -66.2787094116211 -67.29918670654297 5
vertex -65.11784362792969 -66.1334457397461 5
endloop
endfacet
facet normal 0 0 -1
outer loop
vertex -66.42021942138672 -6.602469444274902 0
vertex -66.42027282714844 -5.336955547332764 0
vertex -65.12026977539062 -5.3369035720825195 0
endloop
endfacet
facet normal 0.7350671349154202 -0.6779943267957598 0
outer loop
vertex 0.6489223837852478 -67.55371856689453 5
vertex 0.5754699110984802 -67.63335418701172 5
vertex 0.6489223837852478 -67.55371856689453 0
endloop
endfacet
facet normal 0.622032097716565 -0.7829917428749359 0
outer loop
vertex 1.4587947130203247 -66.91033172607422 5
vertex 0.6489223837852478 -67.55371856689453 5
vertex 1.4587947130203247 -66.91033172607422 0
endloop
endfacet
facet normal 0.4937856300191746 -0.8695836656622333 0
outer loop
vertex 1.5532885789871216 -66.85667419433594 5
vertex 1.4587947130203247 -66.91033172607422 5
vertex 1.5532885789871216 -66.85667419433594 0
endloop
endfacet
facet normal 0.3536641149561999 -0.9353724893283145 0
outer loop
vertex 1.5532885789871216 -66.85667419433594 5
vertex 2.529250383377075 -66.48766326904297 0
vertex 2.529250383377075 -66.48766326904297 5
endloop
endfacet
facet normal 0.1803136121981081 -0.9836091709902212 0
outer loop
vertex 2.529250383377075 -66.48766326904297 5
vertex 2.6536474227905273 -66.46485900878906 0
vertex 2.6536474227905273 -66.46485900878906 5
endloop
endfacet
facet normal -0.993410046358226 -0.11461448335418656 0
outer loop
vertex -66.2787094116211 -67.29918670654297 5
vertex -66.41320037841797 -66.13349914550781 5
vertex -66.41320037841797 -66.13349914550781 4.5
endloop
endfacet
facet normal 0 0 1
outer loop
vertex -65.91734313964844 -68.31982421875 5
vertex -65.34259033203125 -69.24060821533203 5
vertex -65.11784362792969 -66.1334457397461 5
endloop
endfacet
facet normal -0.9999999991095443 -0.0000422008496313149 0
outer loop
vertex -66.42027282714844 -5.336955547332764 0
vertex -66.42021942138672 -6.602469444274902 0
vertex -66.42027282714844 -5.336955547332764 0.20000000298023224
endloop
endfacet
facet normal 0 0 -1
outer loop
vertex -65.12026977539062 -5.3369035720825195 0
vertex -65.1202163696289 -6.602417469024658 0
vertex -66.42021942138672 -6.602469444274902 0
endloop
endfacet
facet normal -0.9999999991095443 -0.0000422008496313149 0
outer loop
vertex -66.42027282714844 -5.336955547332764 0.20000000298023224
vertex -66.42021942138672 -6.602469444274902 0
vertex -66.42021942138672 -6.602469444274902 0.20000000298023224
endloop
endfacet
facet normal 0 0 -1
outer loop
vertex -58.96784210205078 -13.726008415222168 0
vertex -65.1202163696289 -6.602417469024658 0
vertex -58.96784210205078 -8.826007843017578 0
endloop
endfacet
facet normal 0 0 -1
outer loop
vertex -58.96784210205078 -8.826007843017578 0
vertex -54.41783905029297 -9.526008605957031 0
vertex -58.96784210205078 -13.726008415222168 0
endloop
endfacet
facet normal 0 0 -1
outer loop
vertex -58.96784210205078 -32.726009368896484 0
vertex -54.41783905029297 -32.02600860595703 0
vertex -54.41783905029297 -32.726009368896484 0
endloop
endfacet
facet normal 0 0 -1
outer loop
vertex -54.41783905029297 -32.02600860595703 0
vertex -58.96784210205078 -32.726009368896484 0
vertex -54.41783905029297 -28.52600860595703 0
endloop
endfacet
facet normal 0 0 -1
outer loop
vertex -54.41783905029297 -28.52600860595703 0
vertex -49.41783905029297 -28.52600860595703 0
vertex -54.41783905029297 -32.02600860595703 0
endloop
endfacet
facet normal 0 0 -1
outer loop
vertex -54.41783905029297 -32.02600860595703 0
vertex -49.41783905029297 -28.52600860595703 0
vertex -49.41783905029297 -32.02600860595703 0
endloop
endfacet
facet normal 0 0 -1
outer loop
vertex -49.41783905029297 -32.726009368896484 0
vertex -49.41783905029297 -32.02600860595703 0
vertex -44.86783981323242 -32.726009368896484 0
endloop
endfacet
facet normal 0 0 -1
outer loop
vertex -44.86783981323242 -32.726009368896484 0
vertex -49.41783905029297 -32.02600860595703 0
vertex -49.41783905029297 -28.52600860595703 0
endloop
endfacet
facet normal 0 0 -1
outer loop
vertex -44.86783981323242 -32.726009368896484 0
vertex -49.41783905029297 -28.52600860595703 0
vertex -49.41783905029297 -27.826007843017578 0
endloop
endfacet
facet normal 0 0 -1
outer loop
vertex -54.41783905029297 -28.52600860595703 0
vertex -58.96784210205078 -27.826007843017578 0
vertex -54.41783905029297 -27.826007843017578 0
endloop
endfacet
facet normal 0 0 -1
outer loop
vertex -44.86783981323242 -35.91683578491211 0
vertex -44.86783981323242 -32.726009368896484 0
vertex -39.96784210205078 -34.95100784301758 0
endloop
endfacet
facet normal 0 0 -1
outer loop
vertex -44.86783981323242 -32.726009368896484 0
vertex -49.41783905029297 -27.826007843017578 0
vertex -44.86783981323242 -27.826007843017578 0
endloop
endfacet
facet normal 0 0 -1
outer loop
vertex -39.96784210205078 -34.95100784301758 0
vertex -44.86783981323242 -32.726009368896484 0
vertex -44.86783981323242 -27.826007843017578 0
endloop
endfacet
facet normal 0 0 -1
outer loop
vertex -35.41783905029297 -34.95100784301758 0
vertex -44.86783981323242 -35.91683578491211 0
vertex -39.96784210205078 -34.95100784301758 0
endloop
endfacet
facet normal 0 0 -1
outer loop
vertex -44.86783981323242 -27.826007843017578 0
vertex -44.86783981323242 -21.377315521240234 0
vertex -39.96784210205078 -20.85100746154785 0
endloop
endfacet
facet normal 0 0 -1
outer loop
vertex -44.86783981323242 -27.826007843017578 0
vertex -39.96784210205078 -20.85100746154785 0
vertex -39.96784210205078 -34.95100784301758 0
endloop
endfacet
facet normal 0 0 -1
outer loop
vertex -58.96784210205078 -13.726008415222168 0
vertex -54.41783905029297 -13.026008605957031 0
vertex -54.41783905029297 -13.726008415222168 0
endloop
endfacet
facet normal 0 0 -1
outer loop
vertex -54.41783905029297 -13.026008605957031 0
vertex -58.96784210205078 -13.726008415222168 0
vertex -49.41783905029297 -9.526008605957031 0
endloop
endfacet
facet normal 0 0 -1
outer loop
vertex -49.41783905029297 -13.726008415222168 0
vertex -49.41783905029297 -13.026008605957031 0
vertex -44.86783981323242 -13.726008415222168 0
endloop
endfacet
facet normal 0 0 -1
outer loop
vertex -54.41783905029297 -13.026008605957031 0
vertex -44.86783981323242 -8.826007843017578 0
vertex -49.41783905029297 -13.026008605957031 0
endloop
endfacet
facet normal 0.5120834131939498 0.8589357239815063 0
outer loop
vertex 74.7809829711914 44.804847717285156 0
vertex 73.43097686767578 45.60969924926758 0
vertex 74.7809829711914 44.804847717285156 5
endloop
endfacet
facet normal 0.21956646642384936 0.9755975434686911 0
outer loop
vertex 73.43097686767578 45.60969924926758 0
vertex 71.86450958251953 45.96224594116211 0
vertex 73.43097686767578 45.60969924926758 5
endloop
endfacet
facet normal 0.9207868516187048 0.3900661147627582 0
outer loop
vertex 76.43724060058594 42.148216247558594 0
vertex 75.81373596191406 43.62005615234375 0
vertex 76.43724060058594 42.148216247558594 5
endloop
endfacet
facet normal 0.7538175489252174 0.6570837868433352 0
outer loop
vertex 75.81373596191406 43.62005615234375 0
vertex 74.7809829711914 44.804847717285156 0
vertex 75.81373596191406 43.62005615234375 5
endloop
endfacet
facet normal 0.9873250933970031 0.15871093203871967 0
outer loop
vertex 76.56433868408203 41.35755157470703 0
vertex 76.43724060058594 42.148216247558594 0
vertex 76.56433868408203 41.35755157470703 5
endloop
endfacet
facet normal 0.00015944894242107555 0.9999999872880174 0
outer loop
vertex 77.2820816040039 40.46408462524414 0.20000000298023224
vertex 76.5643539428711 40.46419906616211 0.20000000298023224
vertex 77.2820816040039 40.46408462524414 4.5
endloop
endfacet
facet normal 0.9999999998835846 0.000015258789060723641 0
outer loop
vertex 76.5643539428711 40.46419906616211 0.20000000298023224
vertex 76.56434631347656 40.96419906616211 0.20000000298023224
vertex 76.5643539428711 40.46419906616211 4.5
endloop
endfacet
facet normal 0 0 1
outer loop
vertex -66.2787094116211 -67.29918670654297 5
vertex -65.91734313964844 -68.31982421875 5
vertex -65.11784362792969 -66.1334457397461 5
endloop
endfacet
facet normal 0.9999999998066945 0.000019655779362947457 5.112779426098277e-7
outer loop
vertex 76.56434631347656 40.96419906616211 0.20000000298023224
vertex 76.56433868408203 41.35755157470703 0
vertex 76.5643539428711 40.46419906616211 4.5
endloop
endfacet
facet normal 0.9999999873681722 -0.00015894544791381535 0
outer loop
vertex 77.2820816040039 40.46408462524414 0.20000000298023224
vertex 77.2820816040039 40.46408462524414 4.5
vertex 77.28196716308594 39.744083404541016 0.20000000298023224
endloop
endfacet
facet normal 0 0 -1
outer loop
vertex -54.41783905029297 -9.526008605957031 0
vertex -58.96784210205078 -8.826007843017578 0
vertex -54.41783905029297 -8.826007843017578 0
endloop
endfacet
facet normal 0.0003068550110280222 0.99999995292 0
outer loop
vertex 71.86450958251953 45.96224594116211 0
vertex 33.64978790283203 45.97397232055664 0
vertex 71.86450958251953 45.96224594116211 5
endloop
endfacet
facet normal 0 0 -1
outer loop
vertex -49.41783905029297 -9.526008605957031 0
vertex -58.96784210205078 -13.726008415222168 0
vertex -54.41783905029297 -9.526008605957031 0
endloop
endfacet
facet normal 0 0 -1
outer loop
vertex -44.86783981323242 -8.826007843017578 0
vertex -54.41783905029297 -13.026008605957031 0
vertex -49.41783905029297 -9.526008605957031 0
endloop
endfacet
facet normal 0.000038147138936821716 -0.9999999992723978 0
outer loop
vertex -67.11866760253906 -45.368011474609375 4.5
vertex -66.41867065429688 -45.367984771728516 0.20000000298023224
vertex -66.41867065429688 -45.367984771728516 4.5
endloop
endfacet
facet normal -0.9999999989482674 -0.00004577636713935551 0.0000028265369396135676
outer loop
vertex -66.41867065429688 -45.367984771728516 4.5
vertex -66.4185791015625 -47.63349533081055 0.20000000298023224
vertex -66.41864776611328 -45.867984771728516 4.5
endloop
endfacet
facet normal -0.9999999993451606 -0.00003617225224160028 -0.0000011167575491372027
outer loop
vertex -66.4185791015625 -47.63349533081055 0.20000000298023224
vertex -66.4186019897461 -47.13349533081055 4.5
vertex -66.41864776611328 -45.867984771728516 4.5
endloop
endfacet
facet normal -0.999999998952262 -0.00004577636713953836 0
outer loop
vertex -66.4185791015625 -47.63349533081055 0.20000000298023224
vertex -66.4185791015625 -47.63349533081055 4.5
vertex -66.4186019897461 -47.13349533081055 4.5
endloop
endfacet
facet normal -0.9999999991946666 -0.000040132701252772784 -1.8183095985330956e-7
outer loop
vertex -67.11939239501953 -27.368011474609375 4.5
vertex -67.11869812011719 -44.64801025390625 0.20000000298023224
vertex -67.11890411376953 -39.5346794128418 4.5
endloop
endfacet
facet normal -0.9999999991780124 -0.00004054479117080721 3.082044103951108e-7
outer loop
vertex -67.11866760253906 -45.368011474609375 4.5
vertex -67.11890411376953 -39.5346794128418 4.5
vertex -67.11869812011719 -44.64801025390625 0.20000000298023224
endloop
endfacet
facet normal -0.000043596255040258234 0.9999999990496833 0
outer loop
vertex -66.4185791015625 -47.63349533081055 4.5
vertex -67.11858367919922 -47.63352584838867 0.20000000298023224
vertex -67.11858367919922 -47.63352584838867 4.5
endloop
endfacet
facet normal -0.14133924797129288 -0.9899612199388971 0
outer loop
vertex -62.65692138671875 -70.98980712890625 5
vertex -61.555843353271484 -71.14701080322266 0
vertex -61.555843353271484 -71.14701080322266 5
endloop
endfacet
facet normal -0.35186241678359337 -0.9360517291556107 0
outer loop
vertex -63.67295455932617 -70.60787963867188 5
vertex -62.65692138671875 -70.98980712890625 0
vertex -62.65692138671875 -70.98980712890625 5
endloop
endfacet
facet normal -0.5457536360973957 -0.8379456836134854 0
outer loop
vertex -64.5824966430664 -70.01549530029297 5
vertex -63.67295455932617 -70.60787963867188 0
vertex -63.67295455932617 -70.60787963867188 5
endloop
endfacet
facet normal -0.8483034044695519 -0.5295104663416651 0
outer loop
vertex -65.91734313964844 -68.31982421875 5
vertex -65.34259033203125 -69.24060821533203 0
vertex -65.34259033203125 -69.24060821533203 5
endloop
endfacet
facet normal -0.9426590510363547 -0.3337572673354683 0
outer loop
vertex -66.2787094116211 -67.29918670654297 5
vertex -65.91734313964844 -68.31982421875 0
vertex -65.91734313964844 -68.31982421875 5
endloop
endfacet
facet normal -0.7138883786521976 -0.7002595110566773 0
outer loop
vertex -65.34259033203125 -69.24060821533203 5
vertex -64.5824966430664 -70.01549530029297 0
vertex -64.5824966430664 -70.01549530029297 5
endloop
endfacet
facet normal -0.993410046358226 -0.11461448335418656 0
outer loop
vertex -66.41320037841797 -66.13349914550781 4.5
vertex -66.2787094116211 -67.29918670654297 0
vertex -66.2787094116211 -67.29918670654297 5
endloop
endfacet
facet normal -0.993420480023278 -0.11452401438266079 0
outer loop
vertex -66.41783905029297 -66.09326171875 0.20000000298023224
vertex -66.41320037841797 -66.13349914550781 4.5
vertex -66.41783905029297 -66.09326171875 4.5
endloop
endfacet
facet normal -0.5489499124541646 -0.8358552468080612 0
outer loop
vertex -67.11785888671875 -65.6335220336914 4.5
vertex -66.41783905029297 -66.09326171875 0.20000000298023224
vertex -66.41783905029297 -66.09326171875 4.5
endloop
endfacet
facet normal -0.9999999991946661 -0.00004013271383585258 -1.8181599672537207e-7
outer loop
vertex -67.11858367919922 -47.63352584838867 4.5
vertex -67.11788940429688 -64.91352081298828 0.20000000298023224
vertex -67.11809539794922 -59.80018997192383 4.5
endloop
endfacet
facet normal -0.9999999991780124 -0.00004054479117080721 3.082044103951108e-7
outer loop
vertex -67.11785888671875 -65.6335220336914 4.5
vertex -67.11809539794922 -59.80018997192383 4.5
vertex -67.11788940429688 -64.91352081298828 0.20000000298023224
endloop
endfacet
facet normal 0 0 -1
outer loop
vertex -1.9678407907485962 -1.7010082006454468 0
vertex 2.5821592807769775 -5.901008129119873 0
vertex -1.9678407907485962 -6.601008415222168 0
endloop
endfacet
facet normal 0 0 1
outer loop
vertex 1.5532885789871216 -66.85667419433594 5
vertex 2.529250383377075 -66.48766326904297 5
vertex -1.9678407907485962 -58.70100784301758 5
endloop
endfacet
facet normal 0 0 1
outer loop
vertex 2.529250383377075 -66.48766326904297 5
vertex 2.6536474227905273 -66.46485900878906 5
vertex -1.9678407907485962 -58.70100784301758 5
endloop
endfacet
facet normal 0 0 1
outer loop
vertex 2.6536474227905273 -66.46485900878906 5
vertex 12.725969314575195 -62.539913177490234 5
vertex 12.619697570800781 -62.341094970703125 5
endloop
endfacet
facet normal 0 0 1
outer loop
vertex 2.6536474227905273 -66.46485900878906 5
vertex 13.682159423828125 -63.05100631713867 5
vertex 13.457805633544922 -63.02891159057617 5
endloop
endfacet
facet normal 0 0 1
outer loop
vertex 12.868986129760742 -62.71417999267578 5
vertex 2.6536474227905273 -66.46485900878906 5
vertex 13.043253898620605 -62.85719680786133 5
endloop
endfacet
facet normal 0 0 1
outer loop
vertex 13.242073059082031 -62.963470458984375 5
vertex 13.043253898620605 -62.85719680786133 5
vertex 2.6536474227905273 -66.46485900878906 5
endloop
endfacet
facet normal 0 0 1
outer loop
vertex 2.6536474227905273 -66.46485900878906 5
vertex 12.868986129760742 -62.71417999267578 5
vertex 12.725969314575195 -62.539913177490234 5
endloop
endfacet
facet normal 0 0 1
outer loop
vertex 13.457805633544922 -63.02891159057617 5
vertex 13.242073059082031 -62.963470458984375 5
vertex 2.6536474227905273 -66.46485900878906 5
endloop
endfacet
facet normal 0 0 1
outer loop
vertex 12.532158851623535 -61.90100860595703 5
vertex 2.6536474227905273 -66.46485900878906 5
vertex 12.554256439208984 -62.125362396240234 5
endloop
endfacet
facet normal 0 0 1
outer loop
vertex 2.6536474227905273 -66.46485900878906 5
vertex 12.619697570800781 -62.341094970703125 5
vertex 12.554256439208984 -62.125362396240234 5
endloop
endfacet
facet normal 0 0 1
outer loop
vertex 12.532158851623535 -61.90100860595703 5
vertex 12.554256439208984 -61.67665481567383 5
vertex 2.6536474227905273 -66.46485900878906 5
endloop
endfacet
facet normal 0 0 1
outer loop
vertex 12.619697570800781 -61.46092224121094 5
vertex 2.6536474227905273 -66.46485900878906 5
vertex 12.554256439208984 -61.67665481567383 5
endloop
endfacet
facet normal 0 0 1
outer loop
vertex 12.619697570800781 -61.46092224121094 5
vertex 12.725969314575195 -61.26210403442383 5
vertex 2.6536474227905273 -66.46485900878906 5
endloop
endfacet
facet normal 0 0 1
outer loop
vertex 12.725969314575195 -61.26210403442383 5
vertex 12.868986129760742 -61.08783721923828 5
vertex 2.6536474227905273 -66.46485900878906 5
endloop
endfacet
facet normal 0 0 1
outer loop
vertex 12.868986129760742 -61.08783721923828 5
vertex 13.043253898620605 -60.94481658935547 5
vertex 2.6536474227905273 -66.46485900878906 5
endloop
endfacet
facet normal 0 0 -1
outer loop
vertex -1.9678407907485962 -6.601008415222168 0
vertex -6.867840766906738 -4.226008415222168 0
vertex -1.9678407907485962 -1.7010082006454468 0
endloop
endfacet
facet normal 0 0 1
outer loop
vertex 12.132159233093262 -58.70100784301758 5
vertex -1.9678407907485962 -58.70100784301758 5
vertex 2.6536474227905273 -66.46485900878906 5
endloop
endfacet
facet normal 0 0 1
outer loop
vertex 13.043253898620605 -60.94481658935547 5
vertex 12.132159233093262 -58.70100784301758 5
vertex 2.6536474227905273 -66.46485900878906 5
endloop
endfacet
facet normal 0 0 1
outer loop
vertex 2.6536474227905273 -66.46485900878906 5
vertex 13.906513214111328 -63.02891159057617 5
vertex 13.682159423828125 -63.05100631713867 5
endloop
endfacet
facet normal 0 0 1
outer loop
vertex 13.043253898620605 -60.94481658935547 5
vertex 13.242073059082031 -60.83854675292969 5
vertex 12.132159233093262 -58.70100784301758 5
endloop
endfacet
facet normal 0 0 1
outer loop
vertex 13.457805633544922 -60.77310562133789 5
vertex 12.132159233093262 -58.70100784301758 5
vertex 13.242073059082031 -60.83854675292969 5
endloop
endfacet
facet normal 0 0 1
outer loop
vertex 13.457805633544922 -60.77310562133789 5
vertex 13.682159423828125 -60.751007080078125 5
vertex 12.132159233093262 -58.70100784301758 5
endloop
endfacet
facet normal 0 0 1
outer loop
vertex 17.03215980529785 -56.32600784301758 5
vertex 12.132159233093262 -58.70100784301758 5
vertex 13.682159423828125 -60.751007080078125 5
endloop
endfacet
facet normal 0 0 1
outer loop
vertex 17.03215980529785 -56.32600784301758 5
vertex 14.122244834899902 -60.83854675292969 5
vertex 14.321064949035645 -60.94481658935547 5
endloop
endfacet
facet normal 0 0 1
outer loop
vertex 14.638349533081055 -61.26210403442383 5
vertex 17.03215980529785 -56.32600784301758 5
vertex 14.495331764221191 -61.08783721923828 5
endloop
endfacet
facet normal 0 0 1
outer loop
vertex 14.495331764221191 -61.08783721923828 5
vertex 17.03215980529785 -56.32600784301758 5
vertex 14.321064949035645 -60.94481658935547 5
endloop
endfacet
facet normal 0 0 1
outer loop
vertex 14.744620323181152 -61.46092224121094 5
vertex 14.810062408447266 -61.67665481567383 5
vertex 17.03215980529785 -56.32600784301758 5
endloop
endfacet
facet normal 0 0 1
outer loop
vertex 14.744620323181152 -61.46092224121094 5
vertex 17.03215980529785 -56.32600784301758 5
vertex 14.638349533081055 -61.26210403442383 5
endloop
endfacet
facet normal 0 0 1
outer loop
vertex 17.03215980529785 -56.32600784301758 5
vertex 13.682159423828125 -60.751007080078125 5
vertex 13.906513214111328 -60.77310562133789 5
endloop
endfacet
facet normal 0 0 1
outer loop
vertex 17.03215980529785 -56.32600784301758 5
vertex 13.906513214111328 -60.77310562133789 5
vertex 14.122244834899902 -60.83854675292969 5
endloop
endfacet
facet normal 0 0 -1
outer loop
vertex -1.9678407907485962 -6.601008415222168 0
vertex -6.867840766906738 -18.326007843017578 0
vertex -6.867840766906738 -4.226008415222168 0
endloop
endfacet
facet normal 0 0 -1
outer loop
vertex -6.867840766906738 -18.326007843017578 0
vertex -1.9678407907485962 -6.601008415222168 0
vertex -1.9678407907485962 -20.701007843017578 0
endloop
endfacet
facet normal 0 0 -1
outer loop
vertex -6.867840766906738 -4.226008415222168 0
vertex -11.417840957641602 -3.526008129119873 0
vertex -11.417840957641602 -0.02600819244980812 0
endloop
endfacet
facet normal 0 0 -1
outer loop
vertex -11.417840957641602 -4.226008415222168 0
vertex -11.417840957641602 -3.526008129119873 0
vertex -6.867840766906738 -4.226008415222168 0
endloop
endfacet
facet normal 0 0 1
outer loop
vertex -1.9678407907485962 -44.601009368896484 5
vertex 12.132159233093262 -44.601009368896484 5
vertex -6.867840766906738 -42.226009368896484 5
endloop
endfacet
facet normal 0 0 1
outer loop
vertex -1.9678407907485962 -39.70100784301758 5
vertex -6.867840766906738 -42.226009368896484 5
vertex 12.132159233093262 -44.601009368896484 5
endloop
endfacet
facet normal 0 0 1
outer loop
vertex 12.132159233093262 -39.70100784301758 5
vertex -1.9678407907485962 -39.70100784301758 5
vertex 12.132159233093262 -44.601009368896484 5
endloop
endfacet
facet normal 0 0 1
outer loop
vertex 12.132159233093262 -44.601009368896484 5
vertex 12.132159233093262 -58.70100784301758 5
vertex 17.03215980529785 -56.32600784301758 5
endloop
endfacet
facet normal 0 0 1
outer loop
vertex 12.132159233093262 -44.601009368896484 5
vertex 17.03215980529785 -56.32600784301758 5
vertex 17.03215980529785 -42.226009368896484 5
endloop
endfacet
facet normal 0 0 1
outer loop
vertex 12.132159233093262 -39.70100784301758 5
vertex 12.132159233093262 -44.601009368896484 5
vertex 17.03215980529785 -42.226009368896484 5
endloop
endfacet
facet normal 0 0 1
outer loop
vertex 17.03215980529785 -42.226009368896484 5
vertex 17.03215980529785 -37.32600784301758 5
vertex 12.132159233093262 -39.70100784301758 5
endloop
endfacet
facet normal 0 0 -1
outer loop
vertex -16.4178409576416 -3.526008129119873 0
vertex -20.96784019470215 -4.226008415222168 0
vertex -11.417840957641602 -0.02600819244980812 0
endloop
endfacet
facet normal 0 0 -1
outer loop
vertex -20.96784019470215 -4.226008415222168 0
vertex -16.4178409576416 -3.526008129119873 0
vertex -16.4178409576416 -4.226008415222168 0
endloop
endfacet
facet normal 0 0 1
outer loop
vertex 14.810062408447266 -61.67665481567383 5
vertex 14.832159042358398 -61.90100860595703 5
vertex 31.132158279418945 -56.32600784301758 5
endloop
endfacet
facet normal 0 0 1
outer loop
vertex 14.810062408447266 -61.67665481567383 5
vertex 31.132158279418945 -56.32600784301758 5
vertex 17.03215980529785 -56.32600784301758 5
endloop
endfacet
facet normal 0 0 1
outer loop
vertex 2.6536474227905273 -66.46485900878906 5
vertex 73.83092498779297 -66.3848876953125 5
vertex 13.906513214111328 -63.02891159057617 5
endloop
endfacet
facet normal 0 0 1
outer loop
vertex 73.83092498779297 -66.3848876953125 5
vertex 14.122244834899902 -62.963470458984375 5
vertex 13.906513214111328 -63.02891159057617 5
endloop
endfacet
facet normal 0 0 1
outer loop
vertex 73.83092498779297 -66.3848876953125 5
vertex 14.321064949035645 -62.85719680786133 5
vertex 14.122244834899902 -62.963470458984375 5
endloop
endfacet
facet normal 0 0 1
outer loop
vertex 73.83092498779297 -66.3848876953125 5
vertex 14.495331764221191 -62.71417999267578 5
vertex 14.321064949035645 -62.85719680786133 5
endloop
endfacet
facet normal 0 0 1
outer loop
vertex 14.495331764221191 -62.71417999267578 5
vertex 73.83092498779297 -66.3848876953125 5
vertex 14.638349533081055 -62.539913177490234 5
endloop
endfacet
facet normal 0 0 1
outer loop
vertex 14.638349533081055 -62.539913177490234 5
vertex 73.83092498779297 -66.3848876953125 5
vertex 14.744620323181152 -62.341094970703125 5
endloop
endfacet
facet normal 0 0 1
outer loop
vertex 14.810062408447266 -62.125362396240234 5
vertex 14.744620323181152 -62.341094970703125 5
vertex 73.83092498779297 -66.3848876953125 5
endloop
endfacet
facet normal 0 0 1
outer loop
vertex 14.810062408447266 -62.125362396240234 5
vertex 73.83092498779297 -66.3848876953125 5
vertex 14.832159042358398 -61.90100860595703 5
endloop
endfacet
facet normal 0 0 -1
outer loop
vertex -6.867840766906738 -18.326007843017578 0
vertex -11.417840957641602 -19.02600860595703 0
vertex -11.417840957641602 -18.326007843017578 0
endloop
endfacet
facet normal 0 0 -1
outer loop
vertex -16.4178409576416 -19.02600860595703 0
vertex -20.96784019470215 -18.326007843017578 0
vertex -16.4178409576416 -18.326007843017578 0
endloop
endfacet
facet normal 0 0 -1
outer loop
vertex -1.9678407907485962 -20.701007843017578 0
vertex 2.5821592807769775 -20.701007843017578 0
vertex -1.9678407907485962 -25.60100746154785 0
endloop
endfacet
facet normal 0 0 -1
outer loop
vertex -1.9678407907485962 -25.60100746154785 0
vertex -6.867840766906738 -23.22600746154785 0
vertex -1.9678407907485962 -20.701007843017578 0
endloop
endfacet
facet normal 0 0 1
outer loop
vertex 17.03215980529785 -37.32600784301758 5
vertex 17.03215980529785 -42.226009368896484 5
vertex 31.132158279418945 -37.32600784301758 5
endloop
endfacet
facet normal 0 0 1
outer loop
vertex 31.132158279418945 -37.32600784301758 5
vertex 17.03215980529785 -42.226009368896484 5
vertex 31.132158279418945 -42.226009368896484 5
endloop
endfacet
facet normal 0 0 1
outer loop
vertex 31.132158279418945 -42.226009368896484 5
vertex 31.132158279418945 -56.32600784301758 5
vertex 36.03215789794922 -51.57600784301758 5
endloop
endfacet
facet normal 0 0 1
outer loop
vertex 31.132158279418945 -37.32600784301758 5
vertex 31.132158279418945 -42.226009368896484 5
vertex 36.03215789794922 -37.476009368896484 5
endloop
endfacet
facet normal 0 0 1
outer loop
vertex 31.132158279418945 -42.226009368896484 5
vertex 36.03215789794922 -51.57600784301758 5
vertex 36.03215789794922 -37.476009368896484 5
endloop
endfacet
facet normal 0 0 -1
outer loop
vertex -6.867840766906738 -23.22600746154785 0
vertex -6.867840766906738 -18.326007843017578 0
vertex -1.9678407907485962 -20.701007843017578 0
endloop
endfacet
facet normal 0 0 -1
outer loop
vertex -6.867840766906738 -23.22600746154785 0
vertex -11.417840957641602 -19.02600860595703 0
vertex -6.867840766906738 -18.326007843017578 0
endloop
endfacet
facet normal 0 0 -1
outer loop
vertex -1.9678407907485962 -39.70100784301758 0
vertex -6.867840766906738 -37.32600784301758 0
vertex -1.9678407907485962 -25.60100746154785 0
endloop
endfacet
facet normal 0 0 -1
outer loop
vertex -6.867840766906738 -37.32600784301758 0
vertex -6.867840766906738 -23.22600746154785 0
vertex -1.9678407907485962 -25.60100746154785 0
endloop
endfacet
facet normal 0 0 -1
outer loop
vertex -6.867840766906738 -23.22600746154785 0
vertex -11.417840957641602 -22.52600860595703 0
vertex -11.417840957641602 -19.02600860595703 0
endloop
endfacet
facet normal 0 0 -1
outer loop
vertex -11.417840957641602 -23.22600746154785 0
vertex -11.417840957641602 -22.52600860595703 0
vertex -6.867840766906738 -23.22600746154785 0
endloop
endfacet
facet normal 0 0 -1
outer loop
vertex -11.417840957641602 -22.52600860595703 0
vertex -16.4178409576416 -19.02600860595703 0
vertex -11.417840957641602 -19.02600860595703 0
endloop
endfacet
facet normal 0 0 -1
outer loop
vertex -16.4178409576416 -22.52600860595703 0
vertex -16.4178409576416 -19.02600860595703 0
vertex -11.417840957641602 -22.52600860595703 0
endloop
endfacet
facet normal 0 0 -1
outer loop
vertex -16.4178409576416 -22.52600860595703 0
vertex -20.96784019470215 -18.326007843017578 0
vertex -16.4178409576416 -19.02600860595703 0
endloop
endfacet
facet normal 0 0 -1
outer loop
vertex -20.96784019470215 -23.22600746154785 0
vertex -16.4178409576416 -22.52600860595703 0
vertex -16.4178409576416 -23.22600746154785 0
endloop
endfacet
facet normal 0 0 -1
outer loop
vertex -20.96784019470215 -18.326007843017578 0
vertex -25.867841720581055 -1.8510081768035889 0
vertex -20.96784019470215 -4.226008415222168 0
endloop
endfacet
facet normal 0 0 -1
outer loop
vertex -20.96784019470215 -18.326007843017578 0
vertex -25.867841720581055 -15.951007843017578 0
vertex -25.867841720581055 -1.8510081768035889 0
endloop
endfacet
facet normal 0 0 -1
outer loop
vertex -20.96784019470215 -18.326007843017578 0
vertex -25.867841720581055 -20.85100746154785 0
vertex -25.867841720581055 -15.951007843017578 0
endloop
endfacet
facet normal 0 0 -1
outer loop
vertex -25.867841720581055 -20.85100746154785 0
vertex -30.4178409576416 -20.85100746154785 0
vertex -25.867841720581055 -15.951007843017578 0
endloop
endfacet
facet normal 0 0 -1
outer loop
vertex -25.867841720581055 -15.951007843017578 0
vertex -30.4178409576416 -16.65100860595703 0
vertex -30.4178409576416 -15.951007843017578 0
endloop
endfacet
facet normal 0 0 -1
outer loop
vertex -30.4178409576416 -20.85100746154785 0
vertex -30.4178409576416 -20.15100860595703 0
vertex -25.867841720581055 -15.951007843017578 0
endloop
endfacet
facet normal 0 0 -1
outer loop
vertex -25.867841720581055 -15.951007843017578 0
vertex -35.41783905029297 -20.15100860595703 0
vertex -30.4178409576416 -16.65100860595703 0
endloop
endfacet
facet normal 0 0 -1
outer loop
vertex -30.4178409576416 -20.15100860595703 0
vertex -35.41783905029297 -20.15100860595703 0
vertex -25.867841720581055 -15.951007843017578 0
endloop
endfacet
facet normal 0 0 -1
outer loop
vertex -35.41783905029297 -16.65100860595703 0
vertex -30.4178409576416 -16.65100860595703 0
vertex -35.41783905029297 -20.15100860595703 0
endloop
endfacet
facet normal 0 0 -1
outer loop
vertex -35.41783905029297 -16.65100860595703 0
vertex -39.96784210205078 -20.85100746154785 0
vertex -35.41783905029297 -15.951007843017578 0
endloop
endfacet
facet normal 0 0 -1
outer loop
vertex -35.41783905029297 -20.15100860595703 0
vertex -39.96784210205078 -20.85100746154785 0
vertex -35.41783905029297 -16.65100860595703 0
endloop
endfacet
facet normal 0 0 -1
outer loop
vertex -20.96784019470215 -23.22600746154785 0
vertex -20.96784019470215 -18.326007843017578 0
vertex -16.4178409576416 -22.52600860595703 0
endloop
endfacet
facet normal 0 0 -1
outer loop
vertex -20.96784019470215 -23.22600746154785 0
vertex -25.867841720581055 -20.85100746154785 0
vertex -20.96784019470215 -18.326007843017578 0
endloop
endfacet
facet normal 0 0 -1
outer loop
vertex -20.96784019470215 -23.22600746154785 0
vertex -25.867841720581055 -34.95100784301758 0
vertex -25.867841720581055 -20.85100746154785 0
endloop
endfacet
facet normal 0 0 -1
outer loop
vertex -25.867841720581055 -34.95100784301758 0
vertex -20.96784019470215 -23.22600746154785 0
vertex -20.96784019470215 -37.32600784301758 0
endloop
endfacet
facet normal 0 0 -1
outer loop
vertex -25.867841720581055 -34.95100784301758 0
vertex -25.867841720581055 -39.851009368896484 0
vertex -30.4178409576416 -35.65100860595703 0
endloop
endfacet
facet normal 0 0 -1
outer loop
vertex -39.96784210205078 -20.85100746154785 0
vertex -35.41783905029297 -20.15100860595703 0
vertex -35.41783905029297 -20.85100746154785 0
endloop
endfacet
facet normal 0 0 -1
outer loop
vertex -30.4178409576416 -35.65100860595703 0
vertex -30.4178409576416 -34.95100784301758 0
vertex -25.867841720581055 -34.95100784301758 0
endloop
endfacet
facet normal 0 0 -1
outer loop
vertex -30.4178409576416 -35.65100860595703 0
vertex -30.4178409576416 -39.15100860595703 0
vertex -35.41783905029297 -35.65100860595703 0
endloop
endfacet
facet normal 0 0 -1
outer loop
vertex -35.41783905029297 -35.65100860595703 0
vertex -39.96784210205078 -39.851009368896484 0
vertex -35.41783905029297 -34.95100784301758 0
endloop
endfacet
facet normal 0.830647188799519 -0.5567991089607242 0
outer loop
vertex -0.5500126481056213 -69.3123779296875 0
vertex 0.5754699110984802 -67.63335418701172 0
vertex -0.5500126481056213 -69.3123779296875 5
endloop
endfacet
facet normal 0.7002614304328714 -0.7138864959138174 0
outer loop
vertex -1.3282400369644165 -70.07575225830078 0
vertex -0.5500126481056213 -69.3123779296875 0
vertex -1.3282400369644165 -70.07575225830078 5
endloop
endfacet
facet normal 0.5295150804070714 -0.8483005243553092 0
outer loop
vertex -2.2490251064300537 -70.6505126953125 0
vertex -1.3282400369644165 -70.07575225830078 0
vertex -2.2490251064300537 -70.6505126953125 5
endloop
endfacet
facet normal 0.33375261181499627 -0.942660699354051 0
outer loop
vertex -3.274634838104248 -71.01363372802734 0
vertex -2.2490251064300537 -70.6505126953125 0
vertex -3.274634838104248 -71.01363372802734 5
endloop
endfacet
facet normal 0.1293898556605358 -0.9915938005313193 0
outer loop
vertex -4.30543851852417 -71.14813995361328 0
vertex -3.274634838104248 -71.01363372802734 0
vertex -4.30543851852417 -71.14813995361328 5
endloop
endfacet
facet normal 0 0 -1
outer loop
vertex -1.9678407907485962 -39.70100784301758 0
vertex 2.5821592807769775 -39.70100784301758 0
vertex -1.9678407907485962 -44.601009368896484 0
endloop
endfacet
facet normal 0 0 1
outer loop
vertex -1.9678407907485962 -25.60100746154785 5
vertex 12.132159233093262 -25.60100746154785 5
vertex -6.867840766906738 -23.22600746154785 5
endloop
endfacet
facet normal 0 0 1
outer loop
vertex -1.9678407907485962 -20.701007843017578 5
vertex -6.867840766906738 -23.22600746154785 5
vertex 12.132159233093262 -25.60100746154785 5
endloop
endfacet
facet normal 0 0 1
outer loop
vertex 12.132159233093262 -20.701007843017578 5
vertex -1.9678407907485962 -20.701007843017578 5
vertex 12.132159233093262 -25.60100746154785 5
endloop
endfacet
facet normal 0 0 1
outer loop
vertex 17.03215980529785 -37.32600784301758 5
vertex 17.03215980529785 -23.22600746154785 5
vertex 12.132159233093262 -39.70100784301758 5
endloop
endfacet
facet normal 0 0 1
outer loop
vertex 12.132159233093262 -25.60100746154785 5
vertex 12.132159233093262 -39.70100784301758 5
vertex 17.03215980529785 -4.226008415222168 5
endloop
endfacet
facet normal 0 0 1
outer loop
vertex 17.03215980529785 -23.22600746154785 5
vertex 17.03215980529785 -18.326007843017578 5
vertex 12.132159233093262 -39.70100784301758 5
endloop
endfacet
facet normal 0 0 1
outer loop
vertex 17.03215980529785 -4.226008415222168 5
vertex 12.132159233093262 -39.70100784301758 5
vertex 17.03215980529785 -18.326007843017578 5
endloop
endfacet
facet normal 0 0 -1
outer loop
vertex -1.9678407907485962 -44.601009368896484 0
vertex -6.867840766906738 -42.226009368896484 0
vertex -1.9678407907485962 -39.70100784301758 0
endloop
endfacet
facet normal 0 0 -1
outer loop
vertex -1.9678407907485962 -44.601009368896484 0
vertex -3.6456332206726074 -45.82526397705078 0
vertex -3.817840814590454 -45.79100799560547 0
endloop
endfacet
facet normal 0 0 1
outer loop
vertex -1.9678407907485962 -1.7010082006454468 5
vertex -1.9678407907485962 -6.601008415222168 5
vertex 12.132159233093262 -6.601008415222168 5
endloop
endfacet
facet normal 0 0 1
outer loop
vertex -1.9678407907485962 -1.7010082006454468 5
vertex 12.132159233093262 -6.601008415222168 5
vertex 12.132159233093262 -1.7010082006454468 5
endloop
endfacet
facet normal 0 0 1
outer loop
vertex 12.132159233093262 -20.701007843017578 5
vertex 12.132159233093262 -25.60100746154785 5
vertex 17.03215980529785 0.6739917993545532 5
endloop
endfacet
facet normal 0 0 1
outer loop
vertex 12.132159233093262 -6.601008415222168 5
vertex 12.132159233093262 -20.701007843017578 5
vertex 17.03215980529785 0.6739917993545532 5
endloop
endfacet
facet normal 0 0 1
outer loop
vertex 12.132159233093262 -1.7010082006454468 5
vertex 12.132159233093262 -6.601008415222168 5
vertex 17.03215980529785 0.6739917993545532 5
endloop
endfacet
facet normal 0 0 1
outer loop
vertex 17.03215980529785 0.6739917993545532 5
vertex 12.132159233093262 -25.60100746154785 5
vertex 17.03215980529785 -4.226008415222168 5
endloop
endfacet
facet normal 0 0 -1
outer loop
vertex -1.9678407907485962 -44.601009368896484 0
vertex -3.990048408508301 -45.82526397705078 0
vertex -6.867840766906738 -42.226009368896484 0
endloop
endfacet
facet normal 0 0 -1
outer loop
vertex -3.817840814590454 -45.79100799560547 0
vertex -3.990048408508301 -45.82526397705078 0
vertex -1.9678407907485962 -44.601009368896484 0
endloop
endfacet
facet normal 0 0 1
outer loop
vertex 17.03215980529785 -18.326007843017578 5
vertex 17.03215980529785 -23.22600746154785 5
vertex 31.132158279418945 -18.326007843017578 5
endloop
endfacet
facet normal 0 0 1
outer loop
vertex 31.132158279418945 -18.326007843017578 5
vertex 17.03215980529785 -23.22600746154785 5
vertex 31.132158279418945 -23.22600746154785 5
endloop
endfacet
facet normal 0 0 1
outer loop
vertex 31.132158279418945 -23.22600746154785 5
vertex 31.132158279418945 -37.32600784301758 5
vertex 36.03215789794922 -32.57600784301758 5
endloop
endfacet
facet normal 0 0 1
outer loop
vertex 36.03215789794922 -32.57600784301758 5
vertex 31.132158279418945 -37.32600784301758 5
vertex 36.03215789794922 -37.476009368896484 5
endloop
endfacet
facet normal 0 0 1
outer loop
vertex 31.132158279418945 -18.326007843017578 5
vertex 31.132158279418945 -23.22600746154785 5
vertex 36.03215789794922 -18.47600746154785 5
endloop
endfacet
facet normal 0 0 1
outer loop
vertex 31.132158279418945 -23.22600746154785 5
vertex 36.03215789794922 -32.57600784301758 5
vertex 36.03215789794922 -18.47600746154785 5
endloop
endfacet
facet normal 0 0 -1
outer loop
vertex -6.867840766906738 -42.226009368896484 0
vertex -6.867840766906738 -37.32600784301758 0
vertex -1.9678407907485962 -39.70100784301758 0
endloop
endfacet
facet normal 0 0 -1
outer loop
vertex -6.867840766906738 -42.226009368896484 0
vertex -11.417840957641602 -38.02600860595703 0
vertex -6.867840766906738 -37.32600784301758 0
endloop
endfacet
facet normal 0 0 -1
outer loop
vertex -3.990048408508301 -45.82526397705078 0
vertex -4.136038780212402 -45.92280960083008 0
vertex -6.867840766906738 -42.226009368896484 0
endloop
endfacet
facet normal 0 0 -1
outer loop
vertex -4.136038780212402 -45.92280960083008 0
vertex -4.23358678817749 -46.06880187988281 0
vertex -6.867840766906738 -42.226009368896484 0
endloop
endfacet
facet normal 0 0 1
outer loop
vertex 17.03215980529785 0.6739917993545532 5
vertex 17.03215980529785 -4.226008415222168 5
vertex 31.132158279418945 -4.226008415222168 5
endloop
endfacet
facet normal 0 0 1
outer loop
vertex 31.132158279418945 -4.226008415222168 5
vertex 31.132158279418945 -18.326007843017578 5
vertex 36.03215789794922 -13.576007843017578 5
endloop
endfacet
facet normal 0 0 1
outer loop
vertex 36.03215789794922 -13.576007843017578 5
vertex 31.132158279418945 -18.326007843017578 5
vertex 36.03215789794922 -18.47600746154785 5
endloop
endfacet
facet normal 0 0 1
outer loop
vertex 31.132158279418945 -4.226008415222168 5
vertex 36.03215789794922 -13.576007843017578 5
vertex 36.03215789794922 0.5239918231964111 5
endloop
endfacet
facet normal 0.0011235504607069857 -0.9999993688169818 0
outer loop
vertex 2.6536474227905273 -66.46485900878906 5
vertex 73.83092498779297 -66.3848876953125 0
vertex 73.83092498779297 -66.3848876953125 5
endloop
endfacet
facet normal 0 0 -1
outer loop
vertex -4.23358678817749 -46.06880187988281 0
vertex -4.26784086227417 -46.24100875854492 0
vertex -6.867840766906738 -42.226009368896484 0
endloop
endfacet
facet normal 0 0 -1
outer loop
vertex -4.26784086227417 -46.24100875854492 0
vertex -4.26784086227417 -47.511009216308594 0
vertex -6.867840766906738 -42.226009368896484 0
endloop
endfacet
facet normal 0 0 -1
outer loop
vertex -1.9678407907485962 -44.601009368896484 0
vertex -3.402095079421997 -46.06880187988281 0
vertex -3.499642848968506 -45.92280960083008 0
endloop
endfacet
facet normal 0 0 -1
outer loop
vertex -3.6456332206726074 -45.82526397705078 0
vertex -1.9678407907485962 -44.601009368896484 0
vertex -3.499642848968506 -45.92280960083008 0
endloop
endfacet
facet normal 0 0 -1
outer loop
vertex -1.9678407907485962 -44.601009368896484 0
vertex -3.3678407669067383 -46.24100875854492 0
vertex -3.402095079421997 -46.06880187988281 0
endloop
endfacet
facet normal 0 0 -1
outer loop
vertex -1.9678407907485962 -44.601009368896484 0
vertex -3.402095079421997 -46.41321563720703 0
vertex -3.3678407669067383 -46.24100875854492 0
endloop
endfacet
facet normal 0 0 -1
outer loop
vertex -1.9678407907485962 -44.601009368896484 0
vertex -3.402095079421997 -47.338802337646484 0
vertex -3.402095079421997 -46.41321563720703 0
endloop
endfacet
facet normal 0 0 -1
outer loop
vertex -1.9678407907485962 -44.601009368896484 0
vertex -3.3678407669067383 -47.511009216308594 0
vertex -3.402095079421997 -47.338802337646484 0
endloop
endfacet
facet normal 0 0 -1
outer loop
vertex -3.402095079421997 -47.338802337646484 0
vertex -3.499642848968506 -46.559207916259766 0
vertex -3.402095079421997 -46.41321563720703 0
endloop
endfacet
facet normal 0 0 -1
outer loop
vertex -3.499642848968506 -46.559207916259766 0
vertex -3.499642848968506 -47.19281005859375 0
vertex -3.6456332206726074 -46.65675354003906 0
endloop
endfacet
facet normal 0.9641267160692072 -0.26544241439831423 0
outer loop
vertex 76.5655288696289 -63.650638580322266 0.20000000298023224
vertex 76.5655288696289 -63.650638580322266 4.5
vertex 76.53952026367188 -63.7451057434082 4.5
endloop
endfacet
facet normal 0.9999999998230273 0.000018813436553059108 0
outer loop
vertex 76.5655288696289 -63.650638580322266 4.5
vertex 76.56552124023438 -63.24510955810547 0.20000000298023224
vertex 76.56552124023438 -63.24510955810547 4.5
endloop
endfacet
facet normal -0.00015801747802980488 -0.9999999875152382 0
outer loop
vertex 76.56552124023438 -63.24510955810547 4.5
vertex 77.26560974121094 -63.24522018432617 0.20000000298023224
vertex 77.26560974121094 -63.24522018432617 4.5
endloop
endfacet
facet normal 0.964138396833337 -0.26539998445862256 0.0000010027991690939893
outer loop
vertex 76.27285766601562 -64.71382904052734 5
vertex 76.5655288696289 -63.650638580322266 0.20000000298023224
vertex 76.53952026367188 -63.7451057434082 4.5
endloop
endfacet
facet normal 0.24703100762895003 -0.9690075754450146 0
outer loop
vertex 73.83092498779297 -66.3848876953125 5
vertex 74.7931137084961 -66.13959503173828 0
vertex 74.7931137084961 -66.13959503173828 5
endloop
endfacet
facet normal 0.4796877150388544 -0.8774392833927616 0
outer loop
vertex 74.7931137084961 -66.13959503173828 5
vertex 75.22858428955078 -65.90152740478516 0
vertex 75.22858428955078 -65.90152740478516 5
endloop
endfacet
facet normal 0.6943943049736072 -0.7195947117789436 0
outer loop
vertex 75.22858428955078 -65.90152740478516 5
vertex 76.02245330810547 -65.13545989990234 0
vertex 76.02245330810547 -65.13545989990234 5
endloop
endfacet
facet normal 0.8598001003913245 -0.5106307740109955 0
outer loop
vertex 76.02245330810547 -65.13545989990234 5
vertex 76.27285766601562 -64.71382904052734 0
vertex 76.27285766601562 -64.71382904052734 5
endloop
endfacet
facet normal 0 0 -1
outer loop
vertex -3.6456332206726074 -47.09526062011719 0
vertex -3.6456332206726074 -46.65675354003906 0
vertex -3.499642848968506 -47.19281005859375 0
endloop
endfacet
facet normal 0 0 -1
outer loop
vertex -3.6456332206726074 -47.09526062011719 0
vertex -3.817840814590454 -46.691009521484375 0
vertex -3.6456332206726074 -46.65675354003906 0
endloop
endfacet
facet normal 0.9999999874144467 -0.0001586495827709404 0.000001190093039182135
outer loop
vertex 77.26560974121094 -63.24522018432617 4.5
vertex 77.26835632324219 -45.9652214050293 0.20000000298023224
vertex 77.26753997802734 -51.07855224609375 4.5
endloop
endfacet
facet normal 0.99999998726976 -0.00015956336980434618 1.0346616908188376e-7
outer loop
vertex 77.26753997802734 -51.07855224609375 4.5
vertex 77.26835632324219 -45.9652214050293 0.20000000298023224
vertex 77.26847076416016 -45.24522018432617 4.5
endloop
endfacet
facet normal 0.000157329946079694 0.999999987623644 0
outer loop
vertex 77.26847076416016 -45.24522018432617 4.5
vertex 76.56532287597656 -45.24510955810547 0.20000000298023224
vertex 76.56532287597656 -45.24510955810547 4.5
endloop
endfacet
facet normal 0.9999999998781702 0.000015258789060641025 0.000003290668586632701
outer loop
vertex 76.56532287597656 -45.24510955810547 4.5
vertex 76.5652847290039 -41.81778335571289 0.20000000298023224
vertex 76.56531524658203 -44.74510955810547 4.5
endloop
endfacet
facet normal 0.9999999999198974 0.000012572508010037858 0.0000014619195370641369
outer loop
vertex 76.56531524658203 -44.74510955810547 4.5
vertex 76.5652847290039 -41.81778335571289 0.20000000298023224
vertex 76.5652847290039 -42.31778335571289 4.5
endloop
endfacet
facet normal 1 0 0
outer loop
vertex 76.5652847290039 -42.31778335571289 4.5
vertex 76.5652847290039 -41.81778335571289 0.20000000298023224
vertex 76.5652847290039 -41.81778335571289 4.5
endloop
endfacet
facet normal -0.00015720031462655105 -0.9999999876440305 0
outer loop
vertex 76.5652847290039 -41.81778335571289 4.5
vertex 77.26901245117188 -41.817893981933594 0.20000000298023224
vertex 77.26901245117188 -41.817893981933594 4.5
endloop
endfacet
facet normal 0 0 -1
outer loop
vertex -3.817840814590454 -47.06100845336914 0
vertex -3.817840814590454 -46.691009521484375 0
vertex -3.6456332206726074 -47.09526062011719 0
endloop
endfacet
facet normal 0 0 -1
outer loop
vertex -3.402095079421997 -47.338802337646484 0
vertex -3.499642848968506 -47.19281005859375 0
vertex -3.499642848968506 -46.559207916259766 0
endloop
endfacet
facet normal 0 0 -1
outer loop
vertex -3.817840814590454 -47.06100845336914 0
vertex -3.990048408508301 -46.65675354003906 0
vertex -3.817840814590454 -46.691009521484375 0
endloop
endfacet
facet normal 0 0 -1
outer loop
vertex -3.990048408508301 -47.09526062011719 0
vertex -3.990048408508301 -46.65675354003906 0
vertex -3.817840814590454 -47.06100845336914 0
endloop
endfacet
facet normal 0 0 -1
outer loop
vertex -3.990048408508301 -47.09526062011719 0
vertex -4.136038780212402 -46.559207916259766 0
vertex -3.990048408508301 -46.65675354003906 0
endloop
endfacet
facet normal 0 0 1
outer loop
vertex 14.832159042358398 -61.90100860595703 5
vertex 73.83092498779297 -66.3848876953125 5
vertex 31.132158279418945 -56.32600784301758 5
endloop
endfacet
facet normal 0 0 1
outer loop
vertex 31.132158279418945 -56.32600784301758 5
vertex 73.83092498779297 -66.3848876953125 5
vertex 50.13216018676758 -51.57600784301758 5
endloop
endfacet
facet normal 0 0 -1
outer loop
vertex -4.136038780212402 -47.19281005859375 0
vertex -4.136038780212402 -46.559207916259766 0
vertex -3.990048408508301 -47.09526062011719 0
endloop
endfacet
facet normal 0 0 -1
outer loop
vertex -4.136038780212402 -47.19281005859375 0
vertex -4.23358678817749 -46.41321563720703 0
vertex -4.136038780212402 -46.559207916259766 0
endloop
endfacet
facet normal 0 0 -1
outer loop
vertex -4.23358678817749 -46.41321563720703 0
vertex -4.26784086227417 -47.511009216308594 0
vertex -4.26784086227417 -46.24100875854492 0
endloop
endfacet
facet normal 0 0 1
outer loop
vertex 36.03215789794922 -51.57600784301758 5
vertex 31.132158279418945 -56.32600784301758 5
vertex 50.13216018676758 -51.57600784301758 5
endloop
endfacet
facet normal 0 0 -1
outer loop
vertex -4.23358678817749 -47.338802337646484 0
vertex -4.23358678817749 -46.41321563720703 0
vertex -4.136038780212402 -47.19281005859375 0
endloop
endfacet
facet normal 0 0 1
outer loop
vertex 50.13216018676758 -37.476009368896484 5
vertex 50.13216018676758 -51.57600784301758 5
vertex 55.03215789794922 -51.57600784301758 5
endloop
endfacet
facet normal 0 0 1
outer loop
vertex 50.13216018676758 -37.476009368896484 5
vertex 55.03215789794922 -51.57600784301758 5
vertex 55.03215789794922 -37.476009368896484 5
endloop
endfacet
facet normal 0 0 1
outer loop
vertex 55.03215789794922 -51.57600784301758 5
vertex 50.13216018676758 -51.57600784301758 5
vertex 73.83092498779297 -66.3848876953125 5
endloop
endfacet
facet normal 0 0 1
outer loop
vertex 75.2655258178711 -63.744903564453125 5
vertex 69.13215637207031 -51.57600784301758 5
vertex 55.03215789794922 -51.57600784301758 5
endloop
endfacet
facet normal 0 0 -1
outer loop
vertex -44.86783981323242 -8.826007843017578 0
vertex -49.41783905029297 -9.526008605957031 0
vertex -49.41783905029297 -8.826007843017578 0
endloop
endfacet
facet normal 0 0 -1
outer loop
vertex -44.86783981323242 -21.377315521240234 0
vertex -44.86783981323242 -13.726008415222168 0
vertex -39.96784210205078 -15.951007843017578 0
endloop
endfacet
facet normal 0 0 -1
outer loop
vertex -44.86783981323242 -13.726008415222168 0
vertex -49.41783905029297 -13.026008605957031 0
vertex -44.86783981323242 -8.826007843017578 0
endloop
endfacet
facet normal 0 0 -1
outer loop
vertex -39.96784210205078 -15.951007843017578 0
vertex -44.86783981323242 -13.726008415222168 0
vertex -44.86783981323242 -8.826007843017578 0
endloop
endfacet
facet normal 0.964138264392096 -0.2654004655892618 0
outer loop
vertex 76.27285766601562 -64.71382904052734 5
vertex 76.53952026367188 -63.7451057434082 4.5
vertex 76.53952026367188 -63.7451057434082 5
endloop
endfacet
facet normal 0 0 1
outer loop
vertex 76.02245330810547 -65.13545989990234 5
vertex 76.27285766601562 -64.71382904052734 5
vertex 75.2655258178711 -63.744903564453125 5
endloop
endfacet
facet normal 0 0 1
outer loop
vertex 76.53952026367188 -63.7451057434082 5
vertex 75.2655258178711 -63.744903564453125 5
vertex 76.27285766601562 -64.71382904052734 5
endloop
endfacet
facet normal 0 0 -1
outer loop
vertex -39.96784210205078 -20.85100746154785 0
vertex -44.86783981323242 -21.377315521240234 0
vertex -35.41783905029297 -15.951007843017578 0
endloop
endfacet
facet normal 0 0 -1
outer loop
vertex -35.41783905029297 -15.951007843017578 0
vertex -44.86783981323242 -21.377315521240234 0
vertex -39.96784210205078 -15.951007843017578 0
endloop
endfacet
facet normal 0 0 -1
outer loop
vertex -39.96784210205078 -15.951007843017578 0
vertex -44.86783981323242 -8.826007843017578 0
vertex -44.86783981323242 -3.294334888458252 0
endloop
endfacet
facet normal 0 0 1
outer loop
vertex 73.83092498779297 -66.3848876953125 5
vertex 74.7931137084961 -66.13959503173828 5
vertex 55.03215789794922 -51.57600784301758 5
endloop
endfacet
facet normal 0 0 1
outer loop
vertex 74.7931137084961 -66.13959503173828 5
vertex 75.22858428955078 -65.90152740478516 5
vertex 55.03215789794922 -51.57600784301758 5
endloop
endfacet
facet normal 0 0 1
outer loop
vertex 55.03215789794922 -51.57600784301758 5
vertex 75.22858428955078 -65.90152740478516 5
vertex 76.02245330810547 -65.13545989990234 5
endloop
endfacet
facet normal 0 0 1
outer loop
vertex 75.2655258178711 -63.744903564453125 5
vertex 55.03215789794922 -51.57600784301758 5
vertex 76.02245330810547 -65.13545989990234 5
endloop
endfacet
facet normal 0 0 -1
outer loop
vertex -4.26784086227417 -47.511009216308594 0
vertex -4.23358678817749 -46.41321563720703 0
vertex -4.23358678817749 -47.338802337646484 0
endloop
endfacet
facet normal 0 0 -1
outer loop
vertex -3.3678407669067383 -47.511009216308594 0
vertex -1.9678407907485962 -44.601009368896484 0
vertex -1.9678407907485962 -52.39149856567383 0
endloop
endfacet
facet normal 0 0 -1
outer loop
vertex -3.402095079421997 -47.6832160949707 0
vertex -3.3678407669067383 -47.511009216308594 0
vertex -1.9678407907485962 -52.39149856567383 0
endloop
endfacet
facet normal 0 0 -1
outer loop
vertex -3.402095079421997 -48.60879898071289 0
vertex -3.402095079421997 -47.6832160949707 0
vertex -1.9678407907485962 -52.39149856567383 0
endloop
endfacet
facet normal 0.999999999811901 0.000019395820197098403 0
outer loop
vertex 76.56434631347656 40.96419906616211 0
vertex 76.56433868408203 41.35755157470703 0
vertex 76.56434631347656 40.96419906616211 0.20000000298023224
endloop
endfacet
facet normal 0 0 -1
outer loop
vertex 76.56434631347656 40.96419906616211 0
vertex 75.28215789794922 40.96440124511719 0
vertex 76.56433868408203 41.35755157470703 0
endloop
endfacet
facet normal 0 0 -1
outer loop
vertex 75.27914428710938 21.964401245117188 0
vertex 69.13215637207031 38.523990631103516 0
vertex 75.28215789794922 40.96440124511719 0
endloop
endfacet
facet normal 0 0 -1
outer loop
vertex 69.13215637207031 38.523990631103516 0
vertex 64.58216094970703 39.22399139404297 0
vertex 75.28215789794922 40.96440124511719 0
endloop
endfacet
facet normal 0 0 1
outer loop
vertex 69.13215637207031 -51.57600784301758 5
vertex 75.2655258178711 -63.744903564453125 5
vertex 75.26854705810547 -44.744903564453125 5
endloop
endfacet
facet normal 0 0 -1
outer loop
vertex 75.81373596191406 43.62005615234375 0
vertex 33.64978790283203 45.97397232055664 0
vertex 74.7809829711914 44.804847717285156 0
endloop
endfacet
facet normal 0 0 -1
outer loop
vertex 33.64978790283203 45.97397232055664 0
vertex 73.43097686767578 45.60969924926758 0
vertex 74.7809829711914 44.804847717285156 0
endloop
endfacet
facet normal 0 0 -1
outer loop
vertex 71.86450958251953 45.96224594116211 0
vertex 73.43097686767578 45.60969924926758 0
vertex 33.64978790283203 45.97397232055664 0
endloop
endfacet
facet normal 0.999999999920966 0.000012572508010051293 0
outer loop
vertex 76.56531524658203 -44.74510955810547 5
vertex 76.56531524658203 -44.74510955810547 4.5
vertex 76.5652847290039 -42.31778335571289 4.5
endloop
endfacet
facet normal 0 0 -1
outer loop
vertex 76.43724060058594 42.148216247558594 0
vertex 33.64978790283203 45.97397232055664 0
vertex 75.81373596191406 43.62005615234375 0
endloop
endfacet
facet normal 0 0 -1
outer loop
vertex 76.56433868408203 41.35755157470703 0
vertex 33.64978790283203 45.97397232055664 0
vertex 76.43724060058594 42.148216247558594 0
endloop
endfacet
facet normal 0 0 -1
outer loop
vertex 75.28215789794922 40.96440124511719 0
vertex 33.64978790283203 45.97397232055664 0
vertex 76.56433868408203 41.35755157470703 0
endloop
endfacet
facet normal 0 0 1
outer loop
vertex 69.13215637207031 -37.476009368896484 5
vertex 69.13215637207031 -51.57600784301758 5
vertex 75.26854705810547 -44.744903564453125 5
endloop
endfacet
facet normal 0 0 1
outer loop
vertex 76.56531524658203 -44.74510955810547 5
vertex 69.13215637207031 -32.57600784301758 5
vertex 69.13215637207031 -37.476009368896484 5
endloop
endfacet
facet normal 0 0 -1
outer loop
vertex 64.58216094970703 38.523990631103516 0
vertex 64.58216094970703 39.22399139404297 0
vertex 69.13215637207031 38.523990631103516 0
endloop
endfacet
facet normal 0 0 -1
outer loop
vertex 55.03215789794922 38.523990631103516 0
vertex 59.58216094970703 39.22399139404297 0
vertex 59.58216094970703 38.523990631103516 0
endloop
endfacet
facet normal 0.999999999920966 0.000012572508010051293 0
outer loop
vertex 76.56531524658203 -44.74510955810547 5
vertex 76.5652847290039 -42.31778335571289 4.5
vertex 76.5652847290039 -42.31778335571289 5
endloop
endfacet
facet normal 0 0 1
outer loop
vertex 76.56531524658203 -44.74510955810547 5
vertex 69.13215637207031 -37.476009368896484 5
vertex 75.26854705810547 -44.744903564453125 5
endloop
endfacet
facet normal 0 0 1
outer loop
vertex 76.5652847290039 -42.31778335571289 5
vertex 75.26893615722656 -42.31757736206055 5
vertex 76.56531524658203 -44.74510955810547 5
endloop
endfacet
facet normal 0 0 1
outer loop
vertex 69.13215637207031 -32.57600784301758 5
vertex 76.56531524658203 -44.74510955810547 5
vertex 75.26893615722656 -42.31757736206055 5
endloop
endfacet
facet normal 0 0 -1
outer loop
vertex -3.402095079421997 -48.60879898071289 0
vertex -3.499642848968506 -47.82920455932617 0
vertex -3.402095079421997 -47.6832160949707 0
endloop
endfacet
facet normal 0 0 -1
outer loop
vertex -3.499642848968506 -47.82920455932617 0
vertex -3.499642848968506 -48.46281051635742 0
vertex -3.6456332206726074 -47.926753997802734 0
endloop
endfacet
facet normal 0 0 -1
outer loop
vertex -3.6456332206726074 -48.36526107788086 0
vertex -3.817840814590454 -47.96100997924805 0
vertex -3.6456332206726074 -47.926753997802734 0
endloop
endfacet
facet normal 0 0 -1
outer loop
vertex -3.402095079421997 -48.60879898071289 0
vertex -3.499642848968506 -48.46281051635742 0
vertex -3.499642848968506 -47.82920455932617 0
endloop
endfacet
facet normal 0 0 -1
outer loop
vertex -3.6456332206726074 -48.36526107788086 0
vertex -3.6456332206726074 -47.926753997802734 0
vertex -3.499642848968506 -48.46281051635742 0
endloop
endfacet
facet normal 0 0 -1
outer loop
vertex -3.817840814590454 -48.33100891113281 0
vertex -3.817840814590454 -47.96100997924805 0
vertex -3.6456332206726074 -48.36526107788086 0
endloop
endfacet
facet normal 0 0 -1
outer loop
vertex -3.817840814590454 -48.33100891113281 0
vertex -3.990048408508301 -47.926753997802734 0
vertex -3.817840814590454 -47.96100997924805 0
endloop
endfacet
facet normal 0 0 -1
outer loop
vertex -3.990048408508301 -47.926753997802734 0
vertex -3.990048408508301 -48.36526107788086 0
vertex -4.136038780212402 -47.82920455932617 0
endloop
endfacet
facet normal 0 0 -1
outer loop
vertex -4.23358678817749 -47.6832160949707 0
vertex -4.23358678817749 -48.60879898071289 0
vertex -4.26784086227417 -47.511009216308594 0
endloop
endfacet
facet normal 0 0 -1
outer loop
vertex -4.136038780212402 -47.82920455932617 0
vertex -4.136038780212402 -48.46281051635742 0
vertex -4.23358678817749 -47.6832160949707 0
endloop
endfacet
facet normal 0 0 -1
outer loop
vertex -3.990048408508301 -48.36526107788086 0
vertex -3.990048408508301 -47.926753997802734 0
vertex -3.817840814590454 -48.33100891113281 0
endloop
endfacet
facet normal 0 0 -1
outer loop
vertex -4.136038780212402 -48.46281051635742 0
vertex -4.136038780212402 -47.82920455932617 0
vertex -3.990048408508301 -48.36526107788086 0
endloop
endfacet
facet normal 0 0 -1
outer loop
vertex -4.23358678817749 -48.60879898071289 0
vertex -4.23358678817749 -47.6832160949707 0
vertex -4.136038780212402 -48.46281051635742 0
endloop
endfacet
facet normal 0 0 -1
outer loop
vertex -4.26784086227417 -48.781009674072266 0
vertex -4.26784086227417 -47.511009216308594 0
vertex -4.23358678817749 -48.60879898071289 0
endloop
endfacet
facet normal 0 0 -1
outer loop
vertex -3.402095079421997 -48.953216552734375 0
vertex -3.402095079421997 -49.87879943847656 0
vertex -3.499642848968506 -49.099205017089844 0
endloop
endfacet
facet normal 0 0 -1
outer loop
vertex -3.402095079421997 -49.87879943847656 0
vertex -3.499642848968506 -49.732810974121094 0
vertex -3.499642848968506 -49.099205017089844 0
endloop
endfacet
facet normal 0 0 -1
outer loop
vertex -3.499642848968506 -49.732810974121094 0
vertex -3.6456332206726074 -49.196754455566406 0
vertex -3.499642848968506 -49.099205017089844 0
endloop
endfacet
facet normal 0.999999987414443 -0.00015864960764217932 0.0000011899930915103791
outer loop
vertex 77.26901245117188 -41.817893981933594 4.5
vertex 77.27175903320312 -24.53789520263672 0.20000000298023224
vertex 77.27094268798828 -29.651227951049805 4.5
endloop
endfacet
facet normal 0.9999999872697684 -0.0001595633176312717 1.0345743311019199e-7
outer loop
vertex 77.27094268798828 -29.651227951049805 4.5
vertex 77.27175903320312 -24.53789520263672 0.20000000298023224
vertex 77.2718734741211 -23.817893981933594 4.5
endloop
endfacet
facet normal 0.0001592167594590292 0.9999999873250117 0
outer loop
vertex 77.2718734741211 -23.817893981933594 4.5
vertex 76.56507873535156 -23.817781448364258 0.20000000298023224
vertex 76.56507873535156 -23.817781448364258 4.5
endloop
endfacet
facet normal 0.9999999998781702 0.000015258789060641025 0.000003290668586632701
outer loop
vertex 76.56507873535156 -23.817781448364258 4.5
vertex 76.5650405883789 -20.39045524597168 0.20000000298023224
vertex 76.56507110595703 -23.317781448364258 4.5
endloop
endfacet
facet normal 0.9999999999553136 0.000009429381007862346 -6.778381462786074e-7
outer loop
vertex 76.56507110595703 -23.317781448364258 4.5
vertex 76.5650405883789 -20.39045524597168 0.20000000298023224
vertex 76.56504821777344 -20.89045524597168 4.5
endloop
endfacet
facet normal 0.9999999998835846 0.000015258789060723641 0
outer loop
vertex 76.56504821777344 -20.89045524597168 4.5
vertex 76.5650405883789 -20.39045524597168 0.20000000298023224
vertex 76.5650405883789 -20.39045524597168 4.5
endloop
endfacet
facet normal -0.00015908624969908746 -0.9999999873457825 0
outer loop
vertex 76.5650405883789 -20.39045524597168 4.5
vertex 77.27241516113281 -20.390567779541016 0.20000000298023224
vertex 77.27241516113281 -20.390567779541016 4.5
endloop
endfacet
facet normal 0 0 -1
outer loop
vertex -3.6456332206726074 -49.63526153564453 0
vertex -3.817840814590454 -49.23100662231445 0
vertex -3.6456332206726074 -49.196754455566406 0
endloop
endfacet
facet normal 0 0 -1
outer loop
vertex -3.499642848968506 -49.732810974121094 0
vertex -3.6456332206726074 -49.63526153564453 0
vertex -3.6456332206726074 -49.196754455566406 0
endloop
endfacet
facet normal 0 0 -1
outer loop
vertex -3.817840814590454 -49.601009368896484 0
vertex -3.817840814590454 -49.23100662231445 0
vertex -3.6456332206726074 -49.63526153564453 0
endloop
endfacet
facet normal 0 0 -1
outer loop
vertex -3.817840814590454 -49.23100662231445 0
vertex -3.990048408508301 -49.63526153564453 0
vertex -3.990048408508301 -49.196754455566406 0
endloop
endfacet
facet normal 0 0 -1
outer loop
vertex -3.990048408508301 -49.63526153564453 0
vertex -4.136038780212402 -49.099205017089844 0
vertex -3.990048408508301 -49.196754455566406 0
endloop
endfacet
facet normal 0.999999987414443 -0.00015864960764217932 0.0000011899667019656894
outer loop
vertex 77.27241516113281 -20.390567779541016 4.5
vertex 77.27516174316406 -3.1105682849884033 0.20000000298023224
vertex 77.27434539794922 -8.223901748657227 4.5
endloop
endfacet
facet normal 0.9999999872697662 -0.00015956333067453714 1.0341538121583226e-7
outer loop
vertex 77.27434539794922 -8.223901748657227 4.5
vertex 77.27516174316406 -3.1105682849884033 0.20000000298023224
vertex 77.27527618408203 -2.390568256378174 4.5
endloop
endfacet
facet normal 0 0 -1
outer loop
vertex -3.990048408508301 -49.63526153564453 0
vertex -3.817840814590454 -49.23100662231445 0
vertex -3.817840814590454 -49.601009368896484 0
endloop
endfacet
facet normal 0 0 -1
outer loop
vertex -4.136038780212402 -49.732810974121094 0
vertex -4.136038780212402 -49.099205017089844 0
vertex -3.990048408508301 -49.63526153564453 0
endloop
endfacet
facet normal 0 0 -1
outer loop
vertex -4.136038780212402 -49.732810974121094 0
vertex -4.23358678817749 -48.953216552734375 0
vertex -4.136038780212402 -49.099205017089844 0
endloop
endfacet
facet normal 0 0 -1
outer loop
vertex -4.23358678817749 -48.953216552734375 0
vertex -4.23358678817749 -49.87879943847656 0
vertex -4.26784086227417 -48.781009674072266 0
endloop
endfacet
facet normal 0 0 -1
outer loop
vertex -4.23358678817749 -49.87879943847656 0
vertex -4.23358678817749 -48.953216552734375 0
vertex -4.136038780212402 -49.732810974121094 0
endloop
endfacet
facet normal 0 0 -1
outer loop
vertex -4.26784086227417 -50.05100631713867 0
vertex -4.26784086227417 -48.781009674072266 0
vertex -4.23358678817749 -49.87879943847656 0
endloop
endfacet
facet normal 0 0 -1
outer loop
vertex -3.3678407669067383 -48.781009674072266 0
vertex -3.402095079421997 -48.60879898071289 0
vertex -1.9678407907485962 -52.39149856567383 0
endloop
endfacet
facet normal 0 0 1
outer loop
vertex 36.03215789794922 -32.57600784301758 5
vertex 36.03215789794922 -37.476009368896484 5
vertex 50.13216018676758 -32.57600784301758 5
endloop
endfacet
facet normal 0 0 1
outer loop
vertex 50.13216018676758 -32.57600784301758 5
vertex 36.03215789794922 -37.476009368896484 5
vertex 50.13216018676758 -37.476009368896484 5
endloop
endfacet
facet normal 0 0 1
outer loop
vertex 50.13216018676758 -32.57600784301758 5
vertex 50.13216018676758 -37.476009368896484 5
vertex 55.03215789794922 -37.476009368896484 5
endloop
endfacet
facet normal 0 0 1
outer loop
vertex 50.13216018676758 -32.57600784301758 5
vertex 55.03215789794922 -37.476009368896484 5
vertex 55.03215789794922 -32.57600784301758 5
endloop
endfacet
facet normal 0 0 1
outer loop
vertex 50.13216018676758 -18.47600746154785 5
vertex 50.13216018676758 -32.57600784301758 5
vertex 55.03215789794922 -18.47600746154785 5
endloop
endfacet
facet normal 0 0 1
outer loop
vertex 55.03215789794922 -18.47600746154785 5
vertex 50.13216018676758 -32.57600784301758 5
vertex 55.03215789794922 -32.57600784301758 5
endloop
endfacet
facet normal 0 0 -1
outer loop
vertex -3.402095079421997 -48.953216552734375 0
vertex -3.3678407669067383 -48.781009674072266 0
vertex -1.9678407907485962 -52.39149856567383 0
endloop
endfacet
facet normal 0 0 -1
outer loop
vertex -1.9678407907485962 -52.39149856567383 0
vertex -3.402095079421997 -49.87879943847656 0
vertex -3.402095079421997 -48.953216552734375 0
endloop
endfacet
facet normal 0 0 -1
outer loop
vertex -1.9678407907485962 -52.39149856567383 0
vertex -3.3678407669067383 -50.05100631713867 0
vertex -3.402095079421997 -49.87879943847656 0
endloop
endfacet
facet normal 0 0 -1
outer loop
vertex -1.9678407907485962 -52.39149856567383 0
vertex -3.402095079421997 -50.22321701049805 0
vertex -3.3678407669067383 -50.05100631713867 0
endloop
endfacet
facet normal 0 0 1
outer loop
vertex 36.03215789794922 -13.576007843017578 5
vertex 36.03215789794922 -18.47600746154785 5
vertex 50.13216018676758 -13.576007843017578 5
endloop
endfacet
facet normal 0 0 1
outer loop
vertex 50.13216018676758 -13.576007843017578 5
vertex 36.03215789794922 -18.47600746154785 5
vertex 50.13216018676758 -18.47600746154785 5
endloop
endfacet
facet normal 0 0 1
outer loop
vertex 50.13216018676758 -13.576007843017578 5
vertex 50.13216018676758 -18.47600746154785 5
vertex 55.03215789794922 -18.47600746154785 5
endloop
endfacet
facet normal 0 0 1
outer loop
vertex 50.13216018676758 -13.576007843017578 5
vertex 55.03215789794922 -18.47600746154785 5
vertex 55.03215789794922 -13.576007843017578 5
endloop
endfacet
facet normal 0 0 1
outer loop
vertex 50.13216018676758 0.5239918231964111 5
vertex 50.13216018676758 -13.576007843017578 5
vertex 55.03215789794922 0.5239918231964111 5
endloop
endfacet
facet normal 0 0 1
outer loop
vertex 55.03215789794922 0.5239918231964111 5
vertex 50.13216018676758 -13.576007843017578 5
vertex 55.03215789794922 -13.576007843017578 5
endloop
endfacet
facet normal 0 0 -1
outer loop
vertex -1.9678407907485962 -52.39149856567383 0
vertex -3.402095079421997 -51.148799896240234 0
vertex -3.402095079421997 -50.22321701049805 0
endloop
endfacet
facet normal 0 0 -1
outer loop
vertex -1.9678407907485962 -52.39149856567383 0
vertex -3.3678407669067383 -51.321006774902344 0
vertex -3.402095079421997 -51.148799896240234 0
endloop
endfacet
facet normal 0 0 1
outer loop
vertex 55.03215789794922 -32.57600784301758 5
vertex 55.03215789794922 -37.476009368896484 5
vertex 69.13215637207031 -37.476009368896484 5
endloop
endfacet
facet normal 0 0 1
outer loop
vertex 69.13215637207031 -32.57600784301758 5
vertex 55.03215789794922 -32.57600784301758 5
vertex 69.13215637207031 -37.476009368896484 5
endloop
endfacet
facet normal 0 0 -1
outer loop
vertex -39.96784210205078 -15.951007843017578 0
vertex -44.86783981323242 -3.294334888458252 0
vertex -39.96784210205078 -1.8510081768035889 0
endloop
endfacet
facet normal -0.9999999991928663 -0.00004017794854332897 0
outer loop
vertex -67.11939239501953 -27.368011474609375 0.20000000298023224
vertex -67.11869812011719 -44.64801025390625 0.20000000298023224
vertex -67.11939239501953 -27.368011474609375 4.5
endloop
endfacet
facet normal 0.00004087148910494548 -0.9999999991647607 0
outer loop
vertex -66.41947937011719 -25.102468490600586 0.20000000298023224
vertex -67.1194839477539 -25.102497100830078 4.5
vertex -67.1194839477539 -25.102497100830078 0.20000000298023224
endloop
endfacet
facet normal 0 0 1
outer loop
vertex 69.13215637207031 -32.57600784301758 5
vertex 75.26893615722656 -42.31757736206055 5
vertex 75.2719497680664 -23.317577362060547 5
endloop
endfacet
facet normal -0.9999999994947241 -0.000031789174180665 0
outer loop
vertex -67.1195068359375 -24.382497787475586 0.20000000298023224
vertex -67.1194839477539 -25.102497100830078 0.20000000298023224
vertex -67.1194839477539 -25.102497100830078 4.5
endloop
endfacet
facet normal -0.00004087148910494548 0.9999999991647607 0
outer loop
vertex -66.41938781738281 -27.367982864379883 0.20000000298023224
vertex -67.11939239501953 -27.368011474609375 0.20000000298023224
vertex -66.41938781738281 -27.367982864379883 4.5
endloop
endfacet
facet normal 0 0 -1
outer loop
vertex 64.58216094970703 39.22399139404297 0
vertex 33.64978790283203 45.97397232055664 0
vertex 75.28215789794922 40.96440124511719 0
endloop
endfacet
facet normal 0 0 -1
outer loop
vertex 59.58216094970703 39.22399139404297 0
vertex 33.64978790283203 45.97397232055664 0
vertex 64.58216094970703 39.22399139404297 0
endloop
endfacet
facet normal 0 0 -1
outer loop
vertex 55.03215789794922 38.523990631103516 0
vertex 33.64978790283203 45.97397232055664 0
vertex 59.58216094970703 39.22399139404297 0
endloop
endfacet
facet normal 0.9999999999555435 0.000009429381007864514 0
outer loop
vertex 76.56504821777344 -20.89045524597168 4.5
vertex 76.56507110595703 -23.317781448364258 5
vertex 76.56507110595703 -23.317781448364258 4.5
endloop
endfacet
facet normal 0 0 -1
outer loop
vertex 55.03215789794922 38.523990631103516 0
vertex 55.03215789794922 24.423992156982422 0
vertex 50.13216018676758 38.523990631103516 0
endloop
endfacet
facet normal 0 0 1
outer loop
vertex 69.13215637207031 -18.47600746154785 5
vertex 69.13215637207031 -32.57600784301758 5
vertex 75.2719497680664 -23.317577362060547 5
endloop
endfacet
facet normal 0 0 -1
outer loop
vertex 50.13216018676758 38.523990631103516 0
vertex 33.64978790283203 45.97397232055664 0
vertex 55.03215789794922 38.523990631103516 0
endloop
endfacet
facet normal 0 0 -1
outer loop
vertex 50.13216018676758 38.523990631103516 0
vertex 45.58216094970703 39.22399139404297 0
vertex 33.64978790283203 45.97397232055664 0
endloop
endfacet
facet normal 0.9999999999555435 0.000009429381007864514 0
outer loop
vertex 76.56507110595703 -23.317781448364258 5
vertex 76.56504821777344 -20.89045524597168 4.5
vertex 76.56504821777344 -20.89045524597168 5
endloop
endfacet
facet normal 0 0 1
outer loop
vertex 75.2719497680664 -23.317577362060547 5
vertex 76.56507110595703 -23.317781448364258 5
vertex 69.13215637207031 -13.576007843017578 5
endloop
endfacet
facet normal 0 0 1
outer loop
vertex 76.56504821777344 -20.89045524597168 5
vertex 75.2723388671875 -20.89025115966797 5
vertex 76.56507110595703 -23.317781448364258 5
endloop
endfacet
facet normal 0 0 -1
outer loop
vertex -1.9678407907485962 -52.39149856567383 0
vertex -3.402095079421997 -51.49321746826172 0
vertex -3.3678407669067383 -51.321006774902344 0
endloop
endfacet
facet normal 0 0 -1
outer loop
vertex -3.402095079421997 -51.148799896240234 0
vertex -3.499642848968506 -50.369205474853516 0
vertex -3.402095079421997 -50.22321701049805 0
endloop
endfacet
facet normal 0 0 -1
outer loop
vertex -3.499642848968506 -50.369205474853516 0
vertex -3.499642848968506 -51.002811431884766 0
vertex -3.6456332206726074 -50.46675491333008 0
endloop
endfacet
facet normal 0 0 -1
outer loop
vertex -3.6456332206726074 -50.46675491333008 0
vertex -3.6456332206726074 -50.9052619934082 0
vertex -3.817840814590454 -50.501007080078125 0
endloop
endfacet
facet normal 0 0 1
outer loop
vertex 55.03215789794922 -13.576007843017578 5
vertex 55.03215789794922 -18.47600746154785 5
vertex 69.13215637207031 -18.47600746154785 5
endloop
endfacet
facet normal 0 0 1
outer loop
vertex 69.13215637207031 -13.576007843017578 5
vertex 55.03215789794922 -13.576007843017578 5
vertex 69.13215637207031 -18.47600746154785 5
endloop
endfacet
facet normal 0 0 -1
outer loop
vertex 40.58216094970703 39.22399139404297 0
vertex 33.64978790283203 45.97397232055664 0
vertex 45.58216094970703 39.22399139404297 0
endloop
endfacet
facet normal 0 0 -1
outer loop
vertex 45.58216094970703 38.523990631103516 0
vertex 45.58216094970703 39.22399139404297 0
vertex 50.13216018676758 38.523990631103516 0
endloop
endfacet
facet normal 0 0 1
outer loop
vertex 69.13215637207031 -18.47600746154785 5
vertex 75.2719497680664 -23.317577362060547 5
vertex 69.13215637207031 -13.576007843017578 5
endloop
endfacet
facet normal 0 0 1
outer loop
vertex 69.13215637207031 -13.576007843017578 5
vertex 76.56507110595703 -23.317781448364258 5
vertex 75.2723388671875 -20.89025115966797 5
endloop
endfacet
facet normal 0 0 -1
outer loop
vertex 36.03215789794922 38.523990631103516 0
vertex 40.58216094970703 39.22399139404297 0
vertex 40.58216094970703 38.523990631103516 0
endloop
endfacet
facet normal 0 0 1
outer loop
vertex 69.13215637207031 -13.576007843017578 5
vertex 75.2723388671875 -20.89025115966797 5
vertex 75.27535247802734 -1.8902506828308105 5
endloop
endfacet
facet normal -0.9999999989482672 -0.000045776367139355494 0.0000028265775496095384
outer loop
vertex -66.4194107055664 -26.867982864379883 0.20000000298023224
vertex -66.41938781738281 -27.367982864379883 0.20000000298023224
vertex -66.41947937011719 -25.102468490600586 4.5
endloop
endfacet
facet normal -0.999999999108622 -0.00004220083373028455 0.0000013585180977424006
outer loop
vertex -66.41946411132812 -25.602468490600586 0.20000000298023224
vertex -66.4194107055664 -26.867982864379883 0.20000000298023224
vertex -66.41947937011719 -25.102468490600586 4.5
endloop
endfacet
facet normal -0.9999999995343386 -0.000030517578110789142 0
outer loop
vertex -66.41947937011719 -25.102468490600586 0.20000000298023224
vertex -66.41946411132812 -25.602468490600586 0.20000000298023224
vertex -66.41947937011719 -25.102468490600586 4.5
endloop
endfacet
facet normal -0.9999999991928663 -0.000040177945217228535 0
outer loop
vertex -67.12020111083984 -7.102497577667236 0.20000000298023224
vertex -67.1195068359375 -24.382497787475586 0.20000000298023224
vertex -67.12020111083984 -7.102497577667236 4.5
endloop
endfacet
facet normal 0 0 1
outer loop
vertex 69.13215637207031 0.5239918231964111 5
vertex 69.13215637207031 -13.576007843017578 5
vertex 75.27535247802734 -1.8902506828308105 5
endloop
endfacet
facet normal 0 0 -1
outer loop
vertex 2.5821592807769775 -2.401008129119873 0
vertex -1.9678407907485962 -1.7010082006454468 0
vertex 2.5821592807769775 -1.7010082006454468 0
endloop
endfacet
facet normal 0 0 -1
outer loop
vertex 12.132159233093262 -1.7010082006454468 0
vertex 7.582159042358398 -2.401008129119873 0
vertex 7.582159042358398 -1.7010082006454468 0
endloop
endfacet
facet normal 0 0 -1
outer loop
vertex -1.9678407907485962 12.398991584777832 0
vertex 2.5821592807769775 13.098991394042969 0
vertex 2.5821592807769775 12.398991584777832 0
endloop
endfacet
facet normal 0 0 -1
outer loop
vertex 2.5821592807769775 13.098991394042969 0
vertex 7.582159042358398 16.59899139404297 0
vertex 7.582159042358398 13.098991394042969 0
endloop
endfacet
facet normal 0 0 -1
outer loop
vertex 7.582159042358398 12.398991584777832 0
vertex 7.582159042358398 13.098991394042969 0
vertex 12.132159233093262 17.298992156982422 0
endloop
endfacet
facet normal 0 0 -1
outer loop
vertex 17.03215980529785 0.6739917993545532 0
vertex 12.132159233093262 -1.7010082006454468 0
vertex 12.132159233093262 12.398991584777832 0
endloop
endfacet
facet normal 0 0 -1
outer loop
vertex 17.03215980529785 -4.226008415222168 0
vertex 17.03215980529785 0.6739917993545532 0
vertex 21.5821590423584 0.6739917993545532 0
endloop
endfacet
facet normal 0 0 -1
outer loop
vertex 7.582159042358398 12.398991584777832 0
vertex 12.132159233093262 17.298992156982422 0
vertex 12.132159233093262 12.398991584777832 0
endloop
endfacet
facet normal 0 0 -1
outer loop
vertex 12.132159233093262 12.398991584777832 0
vertex 17.03215980529785 14.773991584777832 0
vertex 17.03215980529785 0.6739917993545532 0
endloop
endfacet
facet normal 0 0 -1
outer loop
vertex -3.817840814590454 -50.871009826660156 0
vertex -3.817840814590454 -50.501007080078125 0
vertex -3.6456332206726074 -50.9052619934082 0
endloop
endfacet
facet normal 0 0 -1
outer loop
vertex -3.817840814590454 -50.871009826660156 0
vertex -3.990048408508301 -50.46675491333008 0
vertex -3.817840814590454 -50.501007080078125 0
endloop
endfacet
facet normal 0 0 -1
outer loop
vertex -3.990048408508301 -50.9052619934082 0
vertex -3.990048408508301 -50.46675491333008 0
vertex -3.817840814590454 -50.871009826660156 0
endloop
endfacet
facet normal 0 0 -1
outer loop
vertex -3.990048408508301 -50.9052619934082 0
vertex -4.136038780212402 -50.369205474853516 0
vertex -3.990048408508301 -50.46675491333008 0
endloop
endfacet
facet normal 0 0 -1
outer loop
vertex -4.136038780212402 -51.002811431884766 0
vertex -4.136038780212402 -50.369205474853516 0
vertex -3.990048408508301 -50.9052619934082 0
endloop
endfacet
facet normal 0 0 -1
outer loop
vertex -4.136038780212402 -51.002811431884766 0
vertex -4.23358678817749 -50.22321701049805 0
vertex -4.136038780212402 -50.369205474853516 0
endloop
endfacet
facet normal 0 0 -1
outer loop
vertex -4.23358678817749 -50.22321701049805 0
vertex -4.26784086227417 -51.321006774902344 0
vertex -4.26784086227417 -50.05100631713867 0
endloop
endfacet
facet normal 0 0 -1
outer loop
vertex -3.402095079421997 -51.148799896240234 0
vertex -3.499642848968506 -51.002811431884766 0
vertex -3.499642848968506 -50.369205474853516 0
endloop
endfacet
facet normal 0 0 -1
outer loop
vertex -3.6456332206726074 -50.9052619934082 0
vertex -3.6456332206726074 -50.46675491333008 0
vertex -3.499642848968506 -51.002811431884766 0
endloop
endfacet
facet normal 0 0 -1
outer loop
vertex -3.402095079421997 -51.49321746826172 0
vertex -3.402095079421997 -52.418800354003906 0
vertex -3.499642848968506 -51.63920593261719 0
endloop
endfacet
facet normal 0 0 -1
outer loop
vertex 2.5821592807769775 13.098991394042969 0
vertex -1.9678407907485962 17.298992156982422 0
vertex 2.5821592807769775 16.59899139404297 0
endloop
endfacet
facet normal 0 0 -1
outer loop
vertex 2.5821592807769775 16.59899139404297 0
vertex -1.9678407907485962 17.298992156982422 0
vertex 2.5821592807769775 17.298992156982422 0
endloop
endfacet
facet normal 0 0 -1
outer loop
vertex 7.582159042358398 16.59899139404297 0
vertex 2.5821592807769775 13.098991394042969 0
vertex 2.5821592807769775 16.59899139404297 0
endloop
endfacet
facet normal 0 0 -1
outer loop
vertex 12.132159233093262 17.298992156982422 0
vertex 7.582159042358398 13.098991394042969 0
vertex 7.582159042358398 16.59899139404297 0
endloop
endfacet
facet normal 0 0 -1
outer loop
vertex 12.132159233093262 17.298992156982422 0
vertex 7.582159042358398 16.59899139404297 0
vertex 7.582159042358398 17.298992156982422 0
endloop
endfacet
facet normal 0 0 -1
outer loop
vertex -1.9678407907485962 31.39899253845215 0
vertex 2.5821592807769775 32.09899139404297 0
vertex 2.5821592807769775 31.39899253845215 0
endloop
endfacet
facet normal 0 0 -1
outer loop
vertex 17.03215980529785 14.773991584777832 0
vertex 12.132159233093262 12.398991584777832 0
vertex 12.132159233093262 17.298992156982422 0
endloop
endfacet
facet normal 0 0 -1
outer loop
vertex 12.132159233093262 17.298992156982422 0
vertex 12.132159233093262 31.39899253845215 0
vertex 17.03215980529785 19.673992156982422 0
endloop
endfacet
facet normal 0 0 -1
outer loop
vertex 17.03215980529785 14.773991584777832 0
vertex 12.132159233093262 17.298992156982422 0
vertex 17.03215980529785 19.673992156982422 0
endloop
endfacet
facet normal 0 0 -1
outer loop
vertex 17.03215980529785 19.673992156982422 0
vertex 21.5821590423584 18.97399139404297 0
vertex 17.03215980529785 14.773991584777832 0
endloop
endfacet
facet normal 0 0 -1
outer loop
vertex 12.132159233093262 31.39899253845215 0
vertex 17.03215980529785 33.773990631103516 0
vertex 17.03215980529785 19.673992156982422 0
endloop
endfacet
facet normal 0 0 -1
outer loop
vertex -4.23358678817749 -51.148799896240234 0
vertex -4.23358678817749 -50.22321701049805 0
vertex -4.136038780212402 -51.002811431884766 0
endloop
endfacet
facet normal 0 0 -1
outer loop
vertex -4.26784086227417 -51.321006774902344 0
vertex -4.23358678817749 -50.22321701049805 0
vertex -4.23358678817749 -51.148799896240234 0
endloop
endfacet
facet normal 0 0 -1
outer loop
vertex -3.990048408508301 -51.73675537109375 0
vertex -3.990048408508301 -52.175262451171875 0
vertex -4.136038780212402 -51.63920593261719 0
endloop
endfacet
facet normal 0 0 -1
outer loop
vertex -4.136038780212402 -51.63920593261719 0
vertex -4.136038780212402 -52.27281188964844 0
vertex -4.23358678817749 -51.49321746826172 0
endloop
endfacet
facet normal 0 0 -1
outer loop
vertex -4.23358678817749 -51.49321746826172 0
vertex -4.23358678817749 -52.418800354003906 0
vertex -4.26784086227417 -51.321006774902344 0
endloop
endfacet
facet normal 0 0 -1
outer loop
vertex -1.9678407907485962 -52.39149856567383 0
vertex -3.402095079421997 -52.418800354003906 0
vertex -3.402095079421997 -51.49321746826172 0
endloop
endfacet
facet normal 0 0 -1
outer loop
vertex -1.9678407907485962 -52.39149856567383 0
vertex -3.3678407669067383 -52.591007232666016 0
vertex -3.402095079421997 -52.418800354003906 0
endloop
endfacet
facet normal 0 0 -1
outer loop
vertex -1.9678407907485962 -52.39149856567383 0
vertex -3.402095079421997 -52.763214111328125 0
vertex -3.3678407669067383 -52.591007232666016 0
endloop
endfacet
facet normal 0 0 -1
outer loop
vertex 21.5821590423584 -0.02600819244980812 0
vertex 17.03215980529785 -4.226008415222168 0
vertex 21.5821590423584 0.6739917993545532 0
endloop
endfacet
facet normal 0 0 -1
outer loop
vertex 26.5821590423584 -3.526008129119873 0
vertex 21.5821590423584 -3.526008129119873 0
vertex 21.5821590423584 -0.02600819244980812 0
endloop
endfacet
facet normal 0 0 -1
outer loop
vertex 26.5821590423584 -0.02600819244980812 0
vertex 26.5821590423584 -3.526008129119873 0
vertex 21.5821590423584 -0.02600819244980812 0
endloop
endfacet
facet normal 0 0 -1
outer loop
vertex 26.5821590423584 -0.02600819244980812 0
vertex 26.5821590423584 0.6739917993545532 0
vertex 31.132158279418945 0.6739917993545532 0
endloop
endfacet
facet normal 0 0 -1
outer loop
vertex 31.132158279418945 -4.226008415222168 0
vertex 26.5821590423584 -0.02600819244980812 0
vertex 31.132158279418945 0.6739917993545532 0
endloop
endfacet
facet normal 0 0 -1
outer loop
vertex 36.03215789794922 0.5239918231964111 0
vertex 31.132158279418945 -4.226008415222168 0
vertex 31.132158279418945 0.6739917993545532 0
endloop
endfacet
facet normal 0 0 -1
outer loop
vertex 36.03215789794922 0.5239918231964111 0
vertex 31.132158279418945 0.6739917993545532 0
vertex 36.03215789794922 5.423991680145264 0
endloop
endfacet
facet normal 0 0 -1
outer loop
vertex 36.03215789794922 5.423991680145264 0
vertex 40.58216094970703 1.2239917516708374 0
vertex 36.03215789794922 0.5239918231964111 0
endloop
endfacet
facet normal 0 0 -1
outer loop
vertex 36.03215789794922 5.423991680145264 0
vertex 31.132158279418945 0.6739917993545532 0
vertex 31.132158279418945 14.773991584777832 0
endloop
endfacet
facet normal 0 0 -1
outer loop
vertex 31.132158279418945 14.773991584777832 0
vertex 36.03215789794922 19.52399253845215 0
vertex 36.03215789794922 5.423991680145264 0
endloop
endfacet
facet normal 0 0 -1
outer loop
vertex -1.9678407907485962 -52.39149856567383 0
vertex -3.499642848968506 -52.90920639038086 0
vertex -3.402095079421997 -52.763214111328125 0
endloop
endfacet
facet normal 0 0 -1
outer loop
vertex -1.9678407907485962 -52.39149856567383 0
vertex -3.817840814590454 -53.411006927490234 0
vertex -3.499642848968506 -52.90920639038086 0
endloop
endfacet
facet normal 0 0 -1
outer loop
vertex -1.9678407907485962 -52.39149856567383 0
vertex -3.499642848968506 -53.542808532714844 0
vertex -3.6456332206726074 -53.44526290893555 0
endloop
endfacet
facet normal 0 0 -1
outer loop
vertex -3.817840814590454 -53.411006927490234 0
vertex -1.9678407907485962 -52.39149856567383 0
vertex -3.6456332206726074 -53.44526290893555 0
endloop
endfacet
facet normal 0 0 -1
outer loop
vertex -1.9678407907485962 -52.39149856567383 0
vertex -3.402095079421997 -53.68880081176758 0
vertex -3.499642848968506 -53.542808532714844 0
endloop
endfacet
facet normal 0 0 -1
outer loop
vertex 17.03215980529785 14.773991584777832 0
vertex 21.5821590423584 15.473991394042969 0
vertex 21.5821590423584 14.773991584777832 0
endloop
endfacet
facet normal 0 0 -1
outer loop
vertex 21.5821590423584 15.473991394042969 0
vertex 17.03215980529785 14.773991584777832 0
vertex 26.5821590423584 18.97399139404297 0
endloop
endfacet
facet normal 0 0 -1
outer loop
vertex 26.5821590423584 18.97399139404297 0
vertex 17.03215980529785 14.773991584777832 0
vertex 21.5821590423584 18.97399139404297 0
endloop
endfacet
facet normal 0 0 -1
outer loop
vertex 21.5821590423584 18.97399139404297 0
vertex 17.03215980529785 19.673992156982422 0
vertex 21.5821590423584 19.673992156982422 0
endloop
endfacet
facet normal 0 0 -1
outer loop
vertex 21.5821590423584 15.473991394042969 0
vertex 26.5821590423584 18.97399139404297 0
vertex 26.5821590423584 15.473991394042969 0
endloop
endfacet
facet normal 0 0 -1
outer loop
vertex 26.5821590423584 14.773991584777832 0
vertex 26.5821590423584 15.473991394042969 0
vertex 31.132158279418945 14.773991584777832 0
endloop
endfacet
facet normal 0 0 -1
outer loop
vertex 31.132158279418945 14.773991584777832 0
vertex 26.5821590423584 15.473991394042969 0
vertex 26.5821590423584 18.97399139404297 0
endloop
endfacet
facet normal 0 0 -1
outer loop
vertex 26.5821590423584 18.97399139404297 0
vertex 26.5821590423584 19.673992156982422 0
vertex 31.132158279418945 19.673992156982422 0
endloop
endfacet
facet normal 0 0 -1
outer loop
vertex 31.132158279418945 14.773991584777832 0
vertex 26.5821590423584 18.97399139404297 0
vertex 31.132158279418945 19.673992156982422 0
endloop
endfacet
facet normal 0 0 -1
outer loop
vertex 36.03215789794922 19.52399253845215 0
vertex 31.132158279418945 14.773991584777832 0
vertex 31.132158279418945 19.673992156982422 0
endloop
endfacet
facet normal 0 0 -1
outer loop
vertex 36.03215789794922 24.423992156982422 0
vertex 40.58216094970703 24.423992156982422 0
vertex 36.03215789794922 19.52399253845215 0
endloop
endfacet
facet normal 0 0 -1
outer loop
vertex 36.03215789794922 19.52399253845215 0
vertex 31.132158279418945 19.673992156982422 0
vertex 31.132158279418945 33.773990631103516 0
endloop
endfacet
facet normal 0 0 -1
outer loop
vertex 36.03215789794922 24.423992156982422 0
vertex 36.03215789794922 19.52399253845215 0
vertex 28.512638092041016 42.37429428100586 0
endloop
endfacet
facet normal 0 0 -1
outer loop
vertex -1.9678407907485962 -52.39149856567383 0
vertex -3.3678407669067383 -53.86100769042969 0
vertex -3.402095079421997 -53.68880081176758 0
endloop
endfacet
facet normal 0 0 -1
outer loop
vertex -1.9678407907485962 -52.39149856567383 0
vertex -3.402095079421997 -54.0332145690918 0
vertex -3.3678407669067383 -53.86100769042969 0
endloop
endfacet
facet normal 0 0 -1
outer loop
vertex -1.9678407907485962 -52.39149856567383 0
vertex -3.402095079421997 -54.95880126953125 0
vertex -3.402095079421997 -54.0332145690918 0
endloop
endfacet
facet normal 0 0 -1
outer loop
vertex -3.402095079421997 -52.418800354003906 0
vertex -3.499642848968506 -52.27281188964844 0
vertex -3.499642848968506 -51.63920593261719 0
endloop
endfacet
facet normal 0 0 -1
outer loop
vertex -3.499642848968506 -52.27281188964844 0
vertex -3.6456332206726074 -51.73675537109375 0
vertex -3.499642848968506 -51.63920593261719 0
endloop
endfacet
facet normal 0 0 -1
outer loop
vertex -3.6456332206726074 -52.175262451171875 0
vertex -3.6456332206726074 -51.73675537109375 0
vertex -3.499642848968506 -52.27281188964844 0
endloop
endfacet
facet normal 0 0 -1
outer loop
vertex -3.6456332206726074 -52.175262451171875 0
vertex -3.817840814590454 -51.7710075378418 0
vertex -3.6456332206726074 -51.73675537109375 0
endloop
endfacet
facet normal 0 0 -1
outer loop
vertex -3.817840814590454 -52.14100646972656 0
vertex -3.817840814590454 -51.7710075378418 0
vertex -3.6456332206726074 -52.175262451171875 0
endloop
endfacet
facet normal 0 0 -1
outer loop
vertex -3.817840814590454 -52.14100646972656 0
vertex -3.990048408508301 -51.73675537109375 0
vertex -3.817840814590454 -51.7710075378418 0
endloop
endfacet
facet normal 0 0 -1
outer loop
vertex -3.990048408508301 -52.175262451171875 0
vertex -3.990048408508301 -51.73675537109375 0
vertex -3.817840814590454 -52.14100646972656 0
endloop
endfacet
facet normal 0 0 -1
outer loop
vertex -4.136038780212402 -52.27281188964844 0
vertex -4.136038780212402 -51.63920593261719 0
vertex -3.990048408508301 -52.175262451171875 0
endloop
endfacet
facet normal 0 0 -1
outer loop
vertex -4.23358678817749 -52.418800354003906 0
vertex -4.23358678817749 -51.49321746826172 0
vertex -4.136038780212402 -52.27281188964844 0
endloop
endfacet
facet normal 0 0 -1
outer loop
vertex -4.26784086227417 -52.591007232666016 0
vertex -4.26784086227417 -51.321006774902344 0
vertex -4.23358678817749 -52.418800354003906 0
endloop
endfacet
facet normal 0 0 -1
outer loop
vertex -3.6456332206726074 -53.00675582885742 0
vertex -3.499642848968506 -52.90920639038086 0
vertex -3.817840814590454 -53.411006927490234 0
endloop
endfacet
facet normal 0 0 -1
outer loop
vertex -3.990048408508301 -53.44526290893555 0
vertex -3.6456332206726074 -53.00675582885742 0
vertex -3.817840814590454 -53.411006927490234 0
endloop
endfacet
facet normal 0 0 -1
outer loop
vertex -4.136038780212402 -53.542808532714844 0
vertex -3.817840814590454 -53.04100799560547 0
vertex -3.6456332206726074 -53.00675582885742 0
endloop
endfacet
facet normal 0 0 -1
outer loop
vertex -4.136038780212402 -53.542808532714844 0
vertex -3.6456332206726074 -53.00675582885742 0
vertex -3.990048408508301 -53.44526290893555 0
endloop
endfacet
facet normal 0 0 -1
outer loop
vertex -4.26784086227417 -48.781009674072266 0
vertex -6.867840766906738 -42.226009368896484 0
vertex -4.26784086227417 -47.511009216308594 0
endloop
endfacet
facet normal 0 0 -1
outer loop
vertex -4.26784086227417 -48.781009674072266 0
vertex -6.867840766906738 -56.32600784301758 0
vertex -6.867840766906738 -42.226009368896484 0
endloop
endfacet
facet normal 0 0 -1
outer loop
vertex -4.26784086227417 -50.05100631713867 0
vertex -6.867840766906738 -56.32600784301758 0
vertex -4.26784086227417 -48.781009674072266 0
endloop
endfacet
facet normal 0 0 -1
outer loop
vertex -4.26784086227417 -51.321006774902344 0
vertex -6.867840766906738 -56.32600784301758 0
vertex -4.26784086227417 -50.05100631713867 0
endloop
endfacet
facet normal 0 0 -1
outer loop
vertex -4.26784086227417 -52.591007232666016 0
vertex -6.867840766906738 -56.32600784301758 0
vertex -4.26784086227417 -51.321006774902344 0
endloop
endfacet
facet normal 0 0 -1
outer loop
vertex -4.23358678817749 -52.763214111328125 0
vertex -6.867840766906738 -56.32600784301758 0
vertex -4.26784086227417 -52.591007232666016 0
endloop
endfacet
facet normal 0 0 -1
outer loop
vertex -11.417840957641602 -38.02600860595703 0
vertex -11.417840957641602 -37.32600784301758 0
vertex -6.867840766906738 -37.32600784301758 0
endloop
endfacet
facet normal 0 0 -1
outer loop
vertex -6.867840766906738 -42.226009368896484 0
vertex -11.417840957641602 -41.52600860595703 0
vertex -11.417840957641602 -38.02600860595703 0
endloop
endfacet
facet normal 0 0 -1
outer loop
vertex -11.417840957641602 -41.52600860595703 0
vertex -16.4178409576416 -38.02600860595703 0
vertex -11.417840957641602 -38.02600860595703 0
endloop
endfacet
facet normal 0 0 -1
outer loop
vertex -11.417840957641602 -42.226009368896484 0
vertex -11.417840957641602 -41.52600860595703 0
vertex -6.867840766906738 -42.226009368896484 0
endloop
endfacet
facet normal 0 0 -1
outer loop
vertex -16.4178409576416 -41.52600860595703 0
vertex -16.4178409576416 -38.02600860595703 0
vertex -11.417840957641602 -41.52600860595703 0
endloop
endfacet
facet normal 0 0 -1
outer loop
vertex -16.4178409576416 -38.02600860595703 0
vertex -20.96784019470215 -37.32600784301758 0
vertex -16.4178409576416 -37.32600784301758 0
endloop
endfacet
facet normal 0 0 -1
outer loop
vertex -16.4178409576416 -41.52600860595703 0
vertex -20.96784019470215 -37.32600784301758 0
vertex -16.4178409576416 -38.02600860595703 0
endloop
endfacet
facet normal 0 0 -1
outer loop
vertex -20.96784019470215 -42.226009368896484 0
vertex -16.4178409576416 -41.52600860595703 0
vertex -16.4178409576416 -42.226009368896484 0
endloop
endfacet
facet normal 0 0 -1
outer loop
vertex -1.9678407907485962 -52.39149856567383 0
vertex -3.3678407669067383 -55.13100814819336 0
vertex -3.402095079421997 -54.95880126953125 0
endloop
endfacet
facet normal 0 0 -1
outer loop
vertex -1.9678407907485962 -52.39149856567383 0
vertex -3.402095079421997 -55.30321502685547 0
vertex -3.3678407669067383 -55.13100814819336 0
endloop
endfacet
facet normal 0 0 -1
outer loop
vertex -1.9678407907485962 -52.39149856567383 0
vertex -3.402095079421997 -56.22880172729492 0
vertex -3.402095079421997 -55.30321502685547 0
endloop
endfacet
facet normal 0 0 -1
outer loop
vertex -1.9678407907485962 -52.39149856567383 0
vertex -3.3678407669067383 -56.40100860595703 0
vertex -3.402095079421997 -56.22880172729492 0
endloop
endfacet
facet normal 0 0 -1
outer loop
vertex -1.9678407907485962 -52.39149856567383 0
vertex -3.402095079421997 -56.57321548461914 0
vertex -3.3678407669067383 -56.40100860595703 0
endloop
endfacet
facet normal 0 0 -1
outer loop
vertex -3.402095079421997 -54.95880126953125 0
vertex -3.499642848968506 -54.17920684814453 0
vertex -3.402095079421997 -54.0332145690918 0
endloop
endfacet
facet normal 0 0 -1
outer loop
vertex 2.5821592807769775 32.09899139404297 0
vertex -1.9678407907485962 31.39899253845215 0
vertex 9.291061401367188 38.9130859375 0
endloop
endfacet
facet normal 0 0 -1
outer loop
vertex 9.291061401367188 38.9130859375 0
vertex -1.9678407907485962 31.39899253845215 0
vertex -2.1245343685150146 38.85642623901367 0
endloop
endfacet
facet normal 0 0 -1
outer loop
vertex 2.5821592807769775 32.09899139404297 0
vertex 9.414081573486328 38.935882568359375 0
vertex 7.582159042358398 32.09899139404297 0
endloop
endfacet
facet normal 0 0 -1
outer loop
vertex 7.582159042358398 31.39899253845215 0
vertex 7.582159042358398 32.09899139404297 0
vertex 9.414081573486328 38.935882568359375 0
endloop
endfacet
facet normal 0 0 -1
outer loop
vertex 9.414081573486328 38.935882568359375 0
vertex 2.5821592807769775 32.09899139404297 0
vertex 9.291061401367188 38.9130859375 0
endloop
endfacet
facet normal 0 0 -1
outer loop
vertex 9.414081573486328 38.935882568359375 0
vertex 10.388226509094238 39.3042106628418 0
vertex 7.582159042358398 31.39899253845215 0
endloop
endfacet
facet normal 0 0 -1
outer loop
vertex 10.388226509094238 39.3042106628418 0
vertex 10.480706214904785 39.35628128051758 0
vertex 7.582159042358398 31.39899253845215 0
endloop
endfacet
facet normal 0 0 -1
outer loop
vertex 7.582159042358398 31.39899253845215 0
vertex 10.480706214904785 39.35628128051758 0
vertex 11.63697624206543 40.26137161254883 0
endloop
endfacet
facet normal 0 0 -1
outer loop
vertex 12.132159233093262 31.39899253845215 0
vertex 7.582159042358398 31.39899253845215 0
vertex 11.63697624206543 40.26137161254883 0
endloop
endfacet
facet normal 0 0 -1
outer loop
vertex 17.03215980529785 33.773990631103516 0
vertex 12.132159233093262 31.39899253845215 0
vertex 13.864095687866211 41.16749572753906 0
endloop
endfacet
facet normal 0 0 -1
outer loop
vertex 12.132159233093262 31.39899253845215 0
vertex 11.63697624206543 40.26137161254883 0
vertex 13.103463172912598 40.995174407958984 0
endloop
endfacet
facet normal 0 0 -1
outer loop
vertex 13.864095687866211 41.16749572753906 0
vertex 12.132159233093262 31.39899253845215 0
vertex 13.103463172912598 40.995174407958984 0
endloop
endfacet
facet normal 0 0 -1
outer loop
vertex 13.864095687866211 41.16749572753906 0
vertex 21.5821590423584 34.47399139404297 0
vertex 17.03215980529785 33.773990631103516 0
endloop
endfacet
facet normal 0 0 -1
outer loop
vertex -3.499642848968506 -54.17920684814453 0
vertex -3.499642848968506 -54.812808990478516 0
vertex -3.6456332206726074 -54.27675247192383 0
endloop
endfacet
facet normal 0 0 -1
outer loop
vertex -3.6456332206726074 -54.71526336669922 0
vertex -3.817840814590454 -54.31100845336914 0
vertex -3.6456332206726074 -54.27675247192383 0
endloop
endfacet
facet normal 0 0 -1
outer loop
vertex 17.03215980529785 33.773990631103516 0
vertex 21.5821590423584 34.47399139404297 0
vertex 21.5821590423584 33.773990631103516 0
endloop
endfacet
facet normal 0 0 -1
outer loop
vertex 21.5821590423584 34.47399139404297 0
vertex 13.864095687866211 41.16749572753906 0
vertex 26.51535415649414 41.28839111328125 0
endloop
endfacet
facet normal 0 0 -1
outer loop
vertex 26.5821590423584 33.773990631103516 0
vertex 26.5821590423584 34.47399139404297 0
vertex 31.132158279418945 33.773990631103516 0
endloop
endfacet
facet normal 0 0 -1
outer loop
vertex 21.5821590423584 34.47399139404297 0
vertex 27.705795288085938 41.73331069946289 0
vertex 26.5821590423584 34.47399139404297 0
endloop
endfacet
facet normal 0 0 -1
outer loop
vertex 21.5821590423584 34.47399139404297 0
vertex 26.51535415649414 41.28839111328125 0
vertex 26.636730194091797 41.3111686706543 0
endloop
endfacet
facet normal 0 0 -1
outer loop
vertex 21.5821590423584 34.47399139404297 0
vertex 26.636730194091797 41.3111686706543 0
vertex 27.61130142211914 41.679656982421875 0
endloop
endfacet
facet normal 0 0 -1
outer loop
vertex 27.705795288085938 41.73331069946289 0
vertex 21.5821590423584 34.47399139404297 0
vertex 27.61130142211914 41.679656982421875 0
endloop
endfacet
facet normal 0 0 -1
outer loop
vertex 31.132158279418945 33.773990631103516 0
vertex 26.5821590423584 34.47399139404297 0
vertex 28.512638092041016 42.37429428100586 0
endloop
endfacet
facet normal 0 0 -1
outer loop
vertex 28.512638092041016 42.37429428100586 0
vertex 26.5821590423584 34.47399139404297 0
vertex 27.705795288085938 41.73331069946289 0
endloop
endfacet
facet normal 0 0 -1
outer loop
vertex 28.512638092041016 42.37429428100586 0
vertex 36.03215789794922 19.52399253845215 0
vertex 31.132158279418945 33.773990631103516 0
endloop
endfacet
facet normal 0 0 -1
outer loop
vertex 36.03215789794922 38.523990631103516 0
vertex 36.03215789794922 24.423992156982422 0
vertex 28.581653594970703 42.44749450683594 0
endloop
endfacet
facet normal 0 0 -1
outer loop
vertex 28.581653594970703 42.44749450683594 0
vertex 36.03215789794922 24.423992156982422 0
vertex 28.512638092041016 42.37429428100586 0
endloop
endfacet
facet normal 0 0 -1
outer loop
vertex 36.03215789794922 38.523990631103516 0
vertex 28.581653594970703 42.44749450683594 0
vertex 29.95783233642578 44.406009674072266 0
endloop
endfacet
facet normal 0 0 -1
outer loop
vertex 29.95783233642578 44.406009674072266 0
vertex 31.230117797851562 45.38064956665039 0
vertex 40.58216094970703 39.22399139404297 0
endloop
endfacet
facet normal 0 0 -1
outer loop
vertex 36.03215789794922 38.523990631103516 0
vertex 29.95783233642578 44.406009674072266 0
vertex 40.58216094970703 39.22399139404297 0
endloop
endfacet
facet normal 0 0 -1
outer loop
vertex 40.58216094970703 39.22399139404297 0
vertex 31.230117797851562 45.38064956665039 0
vertex 31.93340301513672 45.688438415527344 0
endloop
endfacet
facet normal 0 0 -1
outer loop
vertex 40.58216094970703 39.22399139404297 0
vertex 31.93340301513672 45.688438415527344 0
vertex 33.64978790283203 45.97397232055664 0
endloop
endfacet
facet normal 0 0 -1
outer loop
vertex -3.402095079421997 -54.95880126953125 0
vertex -3.499642848968506 -54.812808990478516 0
vertex -3.499642848968506 -54.17920684814453 0
endloop
endfacet
facet normal 0 0 -1
outer loop
vertex -3.6456332206726074 -54.71526336669922 0
vertex -3.6456332206726074 -54.27675247192383 0
vertex -3.499642848968506 -54.812808990478516 0
endloop
endfacet
facet normal 0 0 -1
outer loop
vertex -3.817840814590454 -54.681007385253906 0
vertex -3.817840814590454 -54.31100845336914 0
vertex -3.6456332206726074 -54.71526336669922 0
endloop
endfacet
facet normal 0 0 -1
outer loop
vertex -3.990048408508301 -54.71526336669922 0
vertex -3.817840814590454 -54.31100845336914 0
vertex -3.817840814590454 -54.681007385253906 0
endloop
endfacet
facet normal 0 0 -1
outer loop
vertex -4.136038780212402 -54.812808990478516 0
vertex -3.817840814590454 -54.31100845336914 0
vertex -3.990048408508301 -54.71526336669922 0
endloop
endfacet
facet normal -0.004963297732109423 0.999987682761954 0
outer loop
vertex 9.291061401367188 38.9130859375 0
vertex -2.1245343685150146 38.85642623901367 0
vertex 9.291061401367188 38.9130859375 5
endloop
endfacet
facet normal -0.18220608192993362 0.9832603641496703 0
outer loop
vertex 9.414081573486328 38.935882568359375 0
vertex 9.291061401367188 38.9130859375 0
vertex 9.414081573486328 38.935882568359375 5
endloop
endfacet
facet normal -0.3536675819028558 0.9353711784692678 0
outer loop
vertex 10.388226509094238 39.3042106628418 0
vertex 9.414081573486328 38.935882568359375 0
vertex 10.388226509094238 39.3042106628418 5
endloop
endfacet
facet normal -0.49062468194200987 0.8713710010490949 0
outer loop
vertex 10.480706214904785 39.35628128051758 0
vertex 10.388226509094238 39.3042106628418 0
vertex 10.480706214904785 39.35628128051758 5
endloop
endfacet
facet normal -0.6163856974145865 0.7874443929718046 0
outer loop
vertex 11.63697624206543 40.26137161254883 0
vertex 10.480706214904785 39.35628128051758 0
vertex 11.63697624206543 40.26137161254883 5
endloop
endfacet
facet normal -0.44748644646192787 0.8942907134891183 0
outer loop
vertex 13.103463172912598 40.995174407958984 0
vertex 11.63697624206543 40.26137161254883 0
vertex 13.103463172912598 40.995174407958984 5
endloop
endfacet
facet normal -0.22095083473175306 0.9752849474032405 0
outer loop
vertex 13.864095687866211 41.16749572753906 0
vertex 13.103463172912598 40.995174407958984 0
vertex 13.864095687866211 41.16749572753906 5
endloop
endfacet
facet normal 0 0 -1
outer loop
vertex -3.402095079421997 -56.22880172729492 0
vertex -3.499642848968506 -55.4492073059082 0
vertex -3.402095079421997 -55.30321502685547 0
endloop
endfacet
facet normal 0 0 -1
outer loop
vertex -3.402095079421997 -56.22880172729492 0
vertex -3.499642848968506 -56.08280944824219 0
vertex -3.499642848968506 -55.4492073059082 0
endloop
endfacet
facet normal -0.00955556054075264 0.9999543445891678 0
outer loop
vertex 26.51535415649414 41.28839111328125 0
vertex 13.864095687866211 41.16749572753906 0
vertex 26.51535415649414 41.28839111328125 5
endloop
endfacet
facet normal -0.1844414652015234 0.9828435002147164 0
outer loop
vertex 26.636730194091797 41.3111686706543 0
vertex 26.51535415649414 41.28839111328125 0
vertex 26.636730194091797 41.3111686706543 5
endloop
endfacet
facet normal -0.35366677107603145 0.9353714850457299 0
outer loop
vertex 27.61130142211914 41.679656982421875 0
vertex 26.636730194091797 41.3111686706543 0
vertex 27.61130142211914 41.679656982421875 5
endloop
endfacet
facet normal -0.49375908384907646 0.8695987391415196 0
outer loop
vertex 27.705795288085938 41.73331069946289 0
vertex 27.61130142211914 41.679656982421875 0
vertex 27.705795288085938 41.73331069946289 5
endloop
endfacet
facet normal -0.6220341719330156 0.7829900950507659 0
outer loop
vertex 28.512638092041016 42.37429428100586 0
vertex 27.705795288085938 41.73331069946289 0
vertex 28.512638092041016 42.37429428100586 5
endloop
endfacet
facet normal -0.7275985987338425 0.6860031188854384 0
outer loop
vertex 28.581653594970703 42.44749450683594 0
vertex 28.512638092041016 42.37429428100586 0
vertex 28.581653594970703 42.44749450683594 5
endloop
endfacet
facet normal -0.8182064673768161 0.5749244965582446 0
outer loop
vertex 29.95783233642578 44.406009674072266 0
vertex 28.581653594970703 42.44749450683594 0
vertex 29.95783233642578 44.406009674072266 5
endloop
endfacet
facet normal -0.608125390135968 0.7938409852558488 0
outer loop
vertex 31.230117797851562 45.38064956665039 0
vertex 29.95783233642578 44.406009674072266 0
vertex 31.230117797851562 45.38064956665039 5
endloop
endfacet
facet normal -0.4009298776995609 0.9161087452741705 0
outer loop
vertex 31.93340301513672 45.688438415527344 0
vertex 31.230117797851562 45.38064956665039 0
vertex 31.93340301513672 45.688438415527344 5
endloop
endfacet
facet normal -0.16410247414223741 0.9864432968906001 0
outer loop
vertex 33.64978790283203 45.97397232055664 0
vertex 31.93340301513672 45.688438415527344 0
vertex 33.64978790283203 45.97397232055664 5
endloop
endfacet
facet normal 0 0 -1
outer loop
vertex -3.499642848968506 -56.08280944824219 0
vertex -3.6456332206726074 -55.5467529296875 0
vertex -3.499642848968506 -55.4492073059082 0
endloop
endfacet
facet normal 0 0 -1
outer loop
vertex -3.6456332206726074 -55.98526382446289 0
vertex -3.6456332206726074 -55.5467529296875 0
vertex -3.499642848968506 -56.08280944824219 0
endloop
endfacet
facet normal 0 0 -1
outer loop
vertex -3.6456332206726074 -55.98526382446289 0
vertex -3.817840814590454 -55.58100891113281 0
vertex -3.6456332206726074 -55.5467529296875 0
endloop
endfacet
facet normal 0 0 -1
outer loop
vertex 36.03215789794922 0.5239918231964111 0
vertex 40.58216094970703 1.2239917516708374 0
vertex 40.58216094970703 0.5239918231964111 0
endloop
endfacet
facet normal 0 0 -1
outer loop
vertex 40.58216094970703 1.2239917516708374 0
vertex 36.03215789794922 5.423991680145264 0
vertex 40.58216094970703 4.723991870880127 0
endloop
endfacet
facet normal 0 0 -1
outer loop
vertex 40.58216094970703 4.723991870880127 0
vertex 36.03215789794922 5.423991680145264 0
vertex 40.58216094970703 5.423991680145264 0
endloop
endfacet
facet normal 0 0 -1
outer loop
vertex 40.58216094970703 4.723991870880127 0
vertex 45.58216094970703 4.723991870880127 0
vertex 40.58216094970703 1.2239917516708374 0
endloop
endfacet
facet normal 0 0 -1
outer loop
vertex 45.58216094970703 0.5239918231964111 0
vertex 45.58216094970703 1.2239917516708374 0
vertex 50.13216018676758 0.5239918231964111 0
endloop
endfacet
facet normal 0 0 -1
outer loop
vertex 40.58216094970703 1.2239917516708374 0
vertex 45.58216094970703 4.723991870880127 0
vertex 45.58216094970703 1.2239917516708374 0
endloop
endfacet
facet normal 0 0 -1
outer loop
vertex 50.13216018676758 0.5239918231964111 0
vertex 45.58216094970703 1.2239917516708374 0
vertex 45.58216094970703 4.723991870880127 0
endloop
endfacet
facet normal 0 0 -1
outer loop
vertex 50.13216018676758 0.5239918231964111 0
vertex 45.58216094970703 4.723991870880127 0
vertex 45.58216094970703 5.423991680145264 0
endloop
endfacet
facet normal 0 0 -1
outer loop
vertex 50.13216018676758 5.423991680145264 0
vertex 50.13216018676758 0.5239918231964111 0
vertex 45.58216094970703 5.423991680145264 0
endloop
endfacet
facet normal 0 0 -1
outer loop
vertex 55.03215789794922 0.5239918231964111 0
vertex 50.13216018676758 5.423991680145264 0
vertex 55.03215789794922 5.423991680145264 0
endloop
endfacet
facet normal 0 0 -1
outer loop
vertex 55.03215789794922 5.423991680145264 0
vertex 59.58216094970703 5.423991680145264 0
vertex 55.03215789794922 0.5239918231964111 0
endloop
endfacet
facet normal 0 0 -1
outer loop
vertex 55.03215789794922 5.423991680145264 0
vertex 50.13216018676758 5.423991680145264 0
vertex 50.13216018676758 19.52399253845215 0
endloop
endfacet
facet normal 0 0 -1
outer loop
vertex -3.817840814590454 -55.95100784301758 0
vertex -3.817840814590454 -55.58100891113281 0
vertex -3.6456332206726074 -55.98526382446289 0
endloop
endfacet
facet normal 0 0 -1
outer loop
vertex -3.817840814590454 -55.95100784301758 0
vertex -3.990048408508301 -55.5467529296875 0
vertex -3.817840814590454 -55.58100891113281 0
endloop
endfacet
facet normal 0 0 -1
outer loop
vertex -3.990048408508301 -55.98526382446289 0
vertex -3.990048408508301 -55.5467529296875 0
vertex -3.817840814590454 -55.95100784301758 0
endloop
endfacet
facet normal 0 0 -1
outer loop
vertex -3.990048408508301 -55.5467529296875 0
vertex -4.136038780212402 -56.08280944824219 0
vertex -4.136038780212402 -55.4492073059082 0
endloop
endfacet
facet normal 0 0 -1
outer loop
vertex -4.136038780212402 -56.08280944824219 0
vertex -3.990048408508301 -55.5467529296875 0
vertex -3.990048408508301 -55.98526382446289 0
endloop
endfacet
facet normal 0 0 -1
outer loop
vertex -1.9678407907485962 -52.39149856567383 0
vertex -4.30543851852417 -71.14813995361328 0
vertex -3.402095079421997 -56.57321548461914 0
endloop
endfacet
facet normal 0 0 -1
outer loop
vertex -1.9678407907485962 -58.70100784301758 0
vertex -4.30543851852417 -71.14813995361328 0
vertex -1.9678407907485962 -52.39149856567383 0
endloop
endfacet
facet normal 0 0 -1
outer loop
vertex -4.30543851852417 -71.14813995361328 0
vertex -3.499642848968506 -56.719207763671875 0
vertex -3.402095079421997 -56.57321548461914 0
endloop
endfacet
facet normal 0 0 -1
outer loop
vertex -4.136038780212402 -56.719207763671875 0
vertex -4.30543851852417 -71.14813995361328 0
vertex -4.23358678817749 -56.57321548461914 0
endloop
endfacet
facet normal 0 0 -1
outer loop
vertex -4.30543851852417 -71.14813995361328 0
vertex -4.26784086227417 -56.40100860595703 0
vertex -4.23358678817749 -56.57321548461914 0
endloop
endfacet
facet normal 0 0 -1
outer loop
vertex 36.03215789794922 19.52399253845215 0
vertex 40.58216094970703 20.22399139404297 0
vertex 40.58216094970703 19.52399253845215 0
endloop
endfacet
facet normal 0 0 -1
outer loop
vertex 40.58216094970703 20.22399139404297 0
vertex 36.03215789794922 19.52399253845215 0
vertex 40.58216094970703 23.72399139404297 0
endloop
endfacet
facet normal 0 0 -1
outer loop
vertex 40.58216094970703 23.72399139404297 0
vertex 36.03215789794922 19.52399253845215 0
vertex 40.58216094970703 24.423992156982422 0
endloop
endfacet
facet normal 0 0 -1
outer loop
vertex 40.58216094970703 23.72399139404297 0
vertex 45.58216094970703 23.72399139404297 0
vertex 40.58216094970703 20.22399139404297 0
endloop
endfacet
facet normal 0 0 -1
outer loop
vertex 40.58216094970703 20.22399139404297 0
vertex 45.58216094970703 23.72399139404297 0
vertex 45.58216094970703 20.22399139404297 0
endloop
endfacet
facet normal 0 0 -1
outer loop
vertex 45.58216094970703 20.22399139404297 0
vertex 50.13216018676758 19.52399253845215 0
vertex 45.58216094970703 19.52399253845215 0
endloop
endfacet
facet normal 0 0 -1
outer loop
vertex 50.13216018676758 19.52399253845215 0
vertex 45.58216094970703 20.22399139404297 0
vertex 45.58216094970703 23.72399139404297 0
endloop
endfacet
facet normal 0 0 -1
outer loop
vertex 45.58216094970703 23.72399139404297 0
vertex 45.58216094970703 24.423992156982422 0
vertex 50.13216018676758 24.423992156982422 0
endloop
endfacet
facet normal 0 0 -1
outer loop
vertex 50.13216018676758 19.52399253845215 0
vertex 45.58216094970703 23.72399139404297 0
vertex 50.13216018676758 24.423992156982422 0
endloop
endfacet
facet normal 0 0 -1
outer loop
vertex 50.13216018676758 19.52399253845215 0
vertex 50.13216018676758 24.423992156982422 0
vertex 55.03215789794922 19.52399253845215 0
endloop
endfacet
facet normal 0 0 -1
outer loop
vertex 55.03215789794922 5.423991680145264 0
vertex 50.13216018676758 19.52399253845215 0
vertex 55.03215789794922 19.52399253845215 0
endloop
endfacet
facet normal 0 0 -1
outer loop
vertex 55.03215789794922 19.52399253845215 0
vertex 50.13216018676758 24.423992156982422 0
vertex 55.03215789794922 24.423992156982422 0
endloop
endfacet
facet normal 0 0 -1
outer loop
vertex 55.03215789794922 19.52399253845215 0
vertex 55.03215789794922 24.423992156982422 0
vertex 59.58216094970703 20.22399139404297 0
endloop
endfacet
facet normal 0 0 -1
outer loop
vertex 55.03215789794922 24.423992156982422 0
vertex 50.13216018676758 24.423992156982422 0
vertex 50.13216018676758 38.523990631103516 0
endloop
endfacet
facet normal 0 0 -1
outer loop
vertex -4.30543851852417 -71.14813995361328 0
vertex -3.6456332206726074 -56.81675338745117 0
vertex -3.499642848968506 -56.719207763671875 0
endloop
endfacet
facet normal 0 0 -1
outer loop
vertex -4.30543851852417 -71.14813995361328 0
vertex -3.817840814590454 -56.851009368896484 0
vertex -3.6456332206726074 -56.81675338745117 0
endloop
endfacet
facet normal 0 0 -1
outer loop
vertex -4.30543851852417 -71.14813995361328 0
vertex -3.990048408508301 -56.81675338745117 0
vertex -3.817840814590454 -56.851009368896484 0
endloop
endfacet
facet normal 0 0 -1
outer loop
vertex -4.30543851852417 -71.14813995361328 0
vertex -4.136038780212402 -56.719207763671875 0
vertex -3.990048408508301 -56.81675338745117 0
endloop
endfacet
facet normal 0 0 -1
outer loop
vertex -6.867840766906738 -56.32600784301758 0
vertex -3.990048408508301 -53.00675582885742 0
vertex -3.817840814590454 -53.04100799560547 0
endloop
endfacet
facet normal 0 0 -1
outer loop
vertex -6.867840766906738 -56.32600784301758 0
vertex -4.136038780212402 -52.90920639038086 0
vertex -3.990048408508301 -53.00675582885742 0
endloop
endfacet
facet normal 0 0 -1
outer loop
vertex -4.136038780212402 -53.542808532714844 0
vertex -6.867840766906738 -56.32600784301758 0
vertex -3.817840814590454 -53.04100799560547 0
endloop
endfacet
facet normal 0 0 -1
outer loop
vertex -3.990048408508301 -54.27675247192383 0
vertex -6.867840766906738 -56.32600784301758 0
vertex -4.136038780212402 -54.17920684814453 0
endloop
endfacet
facet normal 0 0 -1
outer loop
vertex -3.817840814590454 -54.31100845336914 0
vertex -6.867840766906738 -56.32600784301758 0
vertex -3.990048408508301 -54.27675247192383 0
endloop
endfacet
facet normal 0 0 -1
outer loop
vertex -6.867840766906738 -56.32600784301758 0
vertex -4.23358678817749 -52.763214111328125 0
vertex -4.136038780212402 -52.90920639038086 0
endloop
endfacet
facet normal 0 0 -1
outer loop
vertex 55.03215789794922 0.5239918231964111 0
vertex 59.58216094970703 1.2239917516708374 0
vertex 59.58216094970703 0.5239918231964111 0
endloop
endfacet
facet normal 0 0 -1
outer loop
vertex 59.58216094970703 1.2239917516708374 0
vertex 55.03215789794922 0.5239918231964111 0
vertex 59.58216094970703 4.723991870880127 0
endloop
endfacet
facet normal 0 0 -1
outer loop
vertex 59.58216094970703 4.723991870880127 0
vertex 55.03215789794922 0.5239918231964111 0
vertex 59.58216094970703 5.423991680145264 0
endloop
endfacet
facet normal 0 0 -1
outer loop
vertex 59.58216094970703 1.2239917516708374 0
vertex 59.58216094970703 4.723991870880127 0
vertex 64.58216094970703 4.723991870880127 0
endloop
endfacet
facet normal 0 0 -1
outer loop
vertex 64.58216094970703 0.5239918231964111 0
vertex 64.58216094970703 1.2239917516708374 0
vertex 69.13215637207031 0.5239918231964111 0
endloop
endfacet
facet normal 0 0 -1
outer loop
vertex 59.58216094970703 1.2239917516708374 0
vertex 64.58216094970703 4.723991870880127 0
vertex 64.58216094970703 1.2239917516708374 0
endloop
endfacet
facet normal 0 0 -1
outer loop
vertex 69.13215637207031 0.5239918231964111 0
vertex 64.58216094970703 1.2239917516708374 0
vertex 64.58216094970703 4.723991870880127 0
endloop
endfacet
facet normal 0 0 -1
outer loop
vertex 69.13215637207031 0.5239918231964111 0
vertex 64.58216094970703 4.723991870880127 0
vertex 69.13215637207031 5.423991680145264 0
endloop
endfacet
facet normal 0 0 -1
outer loop
vertex 69.13215637207031 5.423991680145264 0
vertex 64.58216094970703 4.723991870880127 0
vertex 64.58216094970703 5.423991680145264 0
endloop
endfacet
facet normal 0 0 -1
outer loop
vertex 75.27535247802734 -1.8902506828308105 0
vertex 69.13215637207031 0.5239918231964111 0
vertex 69.13215637207031 5.423991680145264 0
endloop
endfacet
facet normal 0 0 -1
outer loop
vertex 75.27535247802734 -1.8902506828308105 0
vertex 69.13215637207031 5.423991680145264 0
vertex 75.27574157714844 0.5370758771896362 0
endloop
endfacet
facet normal 0.00004019029762097268 -0.99999999919237 0
outer loop
vertex -66.4202880859375 -4.836955547332764 0.20000000298023224
vertex -67.12029266357422 -4.836983680725098 4.5
vertex -67.12029266357422 -4.836983680725098 0.20000000298023224
endloop
endfacet
facet normal 0 0 -1
outer loop
vertex 76.56482696533203 -1.8904554843902588 0
vertex 75.27535247802734 -1.8902506828308105 0
vertex 76.56480407714844 0.5368711352348328 0
endloop
endfacet
facet normal 0.9999999999555435 0.000009429379387050773 0
outer loop
vertex 76.56482696533203 -1.8904554843902588 0.20000000298023224
vertex 76.56482696533203 -1.8904554843902588 0
vertex 76.56480407714844 0.5368711352348328 0
endloop
endfacet
facet normal -0.9999999991017331 -0.0000423855374867038 0
outer loop
vertex -67.12032318115234 -4.116983890533447 0.20000000298023224
vertex -67.12029266357422 -4.836983680725098 0.20000000298023224
vertex -67.12029266357422 -4.836983680725098 4.5
endloop
endfacet
facet normal 0 0 -1
outer loop
vertex 76.56480407714844 0.5368711352348328 0
vertex 75.27535247802734 -1.8902506828308105 0
vertex 75.27574157714844 0.5370758771896362 0
endloop
endfacet
facet normal 0.9999999873681277 -0.00015894572862158992 0
outer loop
vertex 77.27922058105469 22.46408462524414 0.20000000298023224
vertex 77.28196716308594 39.744083404541016 0.20000000298023224
vertex 77.27922058105469 22.46408462524414 4.5
endloop
endfacet
facet normal 0.9999999999555435 0.000009429379387050773 0
outer loop
vertex 76.56482696533203 -1.8904554843902588 0.20000000298023224
vertex 76.56480407714844 0.5368711352348328 0
vertex 76.56480407714844 0.5368711352348328 0.20000000298023224
endloop
endfacet
facet normal -0.00015746266071483392 -0.9999999876027552 0
outer loop
vertex 77.27922058105469 22.46408462524414 0.20000000298023224
vertex 76.5645523071289 22.464197158813477 4.5
vertex 76.5645523071289 22.464197158813477 0.20000000298023224
endloop
endfacet
facet normal 0.9999999998781702 0.000015258789060641025 0.000003290668586632701
outer loop
vertex 76.56459045410156 19.0368709564209 4.5
vertex 76.56455993652344 21.964197158813477 0.20000000298023224
vertex 76.5645523071289 22.464197158813477 0.20000000298023224
endloop
endfacet
facet normal 0.9999999999198974 0.000012572508010037858 0.0000014619195370641369
outer loop
vertex 76.56459045410156 19.0368709564209 4.5
vertex 76.56459045410156 19.5368709564209 0.20000000298023224
vertex 76.56455993652344 21.964197158813477 0.20000000298023224
endloop
endfacet
facet normal 0.00015759051910684699 0.999999987582614 0
outer loop
vertex 77.27867889404297 19.036758422851562 0.20000000298023224
vertex 76.56459045410156 19.0368709564209 0.20000000298023224
vertex 77.27867889404297 19.036758422851562 4.5
endloop
endfacet
facet normal 0 0 -1
outer loop
vertex 75.27574157714844 0.5370758771896362 0
vertex 69.13215637207031 5.423991680145264 0
vertex 69.13215637207031 19.52399253845215 0
endloop
endfacet
facet normal 1 0 0
outer loop
vertex 76.56459045410156 19.0368709564209 0.20000000298023224
vertex 76.56459045410156 19.5368709564209 0.20000000298023224
vertex 76.56459045410156 19.0368709564209 4.5
endloop
endfacet
facet normal 0.9999999873681722 -0.00015894544791381535 0
outer loop
vertex 77.27867889404297 19.036758422851562 0.20000000298023224
vertex 77.27867889404297 19.036758422851562 4.5
vertex 77.278564453125 18.316757202148438 0.20000000298023224
endloop
endfacet
facet normal -0.00004019029762097268 0.99999999919237 0
outer loop
vertex -66.42019653320312 -7.102469444274902 0.20000000298023224
vertex -67.12020111083984 -7.102497577667236 0.20000000298023224
vertex -66.42019653320312 -7.102469444274902 4.5
endloop
endfacet
facet normal 0 0 -1
outer loop
vertex 75.27574157714844 0.5370758771896362 0
vertex 69.13215637207031 19.52399253845215 0
vertex 75.27875518798828 19.53707504272461 0
endloop
endfacet
facet normal -0.9999999989482672 -0.000045776367139355494 0.000002826572473360042
outer loop
vertex -66.42021942138672 -6.602469444274902 0.20000000298023224
vertex -66.42019653320312 -7.102469444274902 0.20000000298023224
vertex -66.4202880859375 -4.836955547332764 4.5
endloop
endfacet
facet normal -0.9999999991086214 -0.00004220084963127595 0.0000013585199466948928
outer loop
vertex -66.42027282714844 -5.336955547332764 0.20000000298023224
vertex -66.42021942138672 -6.602469444274902 0.20000000298023224
vertex -66.4202880859375 -4.836955547332764 4.5
endloop
endfacet
facet normal 0 0 -1
outer loop
vertex -4.23358678817749 -53.68880081176758 0
vertex -6.867840766906738 -56.32600784301758 0
vertex -4.136038780212402 -53.542808532714844 0
endloop
endfacet
facet normal 0 0 -1
outer loop
vertex -4.26784086227417 -53.86100769042969 0
vertex -6.867840766906738 -56.32600784301758 0
vertex -4.23358678817749 -53.68880081176758 0
endloop
endfacet
facet normal 0 0 -1
outer loop
vertex -4.23358678817749 -54.0332145690918 0
vertex -6.867840766906738 -56.32600784301758 0
vertex -4.26784086227417 -53.86100769042969 0
endloop
endfacet
facet normal 0 0 -1
outer loop
vertex -6.867840766906738 -56.32600784301758 0
vertex -4.23358678817749 -54.0332145690918 0
vertex -4.136038780212402 -54.17920684814453 0
endloop
endfacet
facet normal 0 0 -1
outer loop
vertex -4.136038780212402 -54.812808990478516 0
vertex -6.867840766906738 -56.32600784301758 0
vertex -3.817840814590454 -54.31100845336914 0
endloop
endfacet
facet normal 0 0 -1
outer loop
vertex -4.23358678817749 -54.95880126953125 0
vertex -6.867840766906738 -56.32600784301758 0
vertex -4.136038780212402 -54.812808990478516 0
endloop
endfacet
facet normal 0 0 -1
outer loop
vertex -4.26784086227417 -55.13100814819336 0
vertex -6.867840766906738 -56.32600784301758 0
vertex -4.23358678817749 -54.95880126953125 0
endloop
endfacet
facet normal 0 0 -1
outer loop
vertex -4.23358678817749 -55.30321502685547 0
vertex -6.867840766906738 -56.32600784301758 0
vertex -4.26784086227417 -55.13100814819336 0
endloop
endfacet
facet normal 0 0 -1
outer loop
vertex -4.136038780212402 -55.4492073059082 0
vertex -6.867840766906738 -56.32600784301758 0
vertex -4.23358678817749 -55.30321502685547 0
endloop
endfacet
facet normal 0 0 -1
outer loop
vertex -4.136038780212402 -56.08280944824219 0
vertex -6.867840766906738 -56.32600784301758 0
vertex -4.136038780212402 -55.4492073059082 0
endloop
endfacet
facet normal 0 0 -1
outer loop
vertex 55.03215789794922 19.52399253845215 0
vertex 59.58216094970703 20.22399139404297 0
vertex 59.58216094970703 19.52399253845215 0
endloop
endfacet
facet normal 0 0 -1
outer loop
vertex 59.58216094970703 20.22399139404297 0
vertex 55.03215789794922 24.423992156982422 0
vertex 59.58216094970703 23.72399139404297 0
endloop
endfacet
facet normal 0 0 -1
outer loop
vertex 59.58216094970703 20.22399139404297 0
vertex 59.58216094970703 23.72399139404297 0
vertex 64.58216094970703 20.22399139404297 0
endloop
endfacet
facet normal 0 0 -1
outer loop
vertex 59.58216094970703 23.72399139404297 0
vertex 64.58216094970703 23.72399139404297 0
vertex 64.58216094970703 20.22399139404297 0
endloop
endfacet
facet normal 0 0 -1
outer loop
vertex 64.58216094970703 19.52399253845215 0
vertex 64.58216094970703 20.22399139404297 0
vertex 69.13215637207031 19.52399253845215 0
endloop
endfacet
facet normal 0 0 -1
outer loop
vertex 69.13215637207031 19.52399253845215 0
vertex 64.58216094970703 20.22399139404297 0
vertex 64.58216094970703 23.72399139404297 0
endloop
endfacet
facet normal 0 0 -1
outer loop
vertex 69.13215637207031 19.52399253845215 0
vertex 64.58216094970703 23.72399139404297 0
vertex 69.13215637207031 24.423992156982422 0
endloop
endfacet
facet normal 0 0 -1
outer loop
vertex 59.58216094970703 23.72399139404297 0
vertex 55.03215789794922 24.423992156982422 0
vertex 59.58216094970703 24.423992156982422 0
endloop
endfacet
facet normal 0 0 -1
outer loop
vertex 69.13215637207031 24.423992156982422 0
vertex 64.58216094970703 23.72399139404297 0
vertex 64.58216094970703 24.423992156982422 0
endloop
endfacet
facet normal 0 0 -1
outer loop
vertex 75.27875518798828 19.53707504272461 0
vertex 69.13215637207031 19.52399253845215 0
vertex 69.13215637207031 24.423992156982422 0
endloop
endfacet
facet normal -0.9999999995343386 -0.000030517578110789142 0
outer loop
vertex -66.4202880859375 -4.836955547332764 0.20000000298023224
vertex -66.42027282714844 -5.336955547332764 0.20000000298023224
vertex -66.4202880859375 -4.836955547332764 4.5
endloop
endfacet
facet normal 0 0 -1
outer loop
vertex 75.27875518798828 19.53707504272461 0
vertex 69.13215637207031 24.423992156982422 0
vertex 75.27914428710938 21.964401245117188 0
endloop
endfacet
facet normal 0 0 -1
outer loop
vertex -4.30543851852417 -71.14813995361328 0
vertex -61.555843353271484 -71.14701080322266 0
vertex -20.96784019470215 -56.32600784301758 0
endloop
endfacet
facet normal 0 0 -1
outer loop
vertex 76.56459045410156 19.5368709564209 0
vertex 75.27875518798828 19.53707504272461 0
vertex 76.56455993652344 21.964197158813477 0
endloop
endfacet
facet normal 0.999999999920966 0.000012572508010051293 0
outer loop
vertex 76.56459045410156 19.5368709564209 0.20000000298023224
vertex 76.56459045410156 19.5368709564209 0
vertex 76.56455993652344 21.964197158813477 0
endloop
endfacet
facet normal 0 0 -1
outer loop
vertex -20.96784019470215 -56.32600784301758 0
vertex -61.555843353271484 -71.14701080322266 0
vertex -30.4178409576416 -54.65100860595703 0
endloop
endfacet
facet normal 0 0 -1
outer loop
vertex 76.56455993652344 21.964197158813477 0
vertex 75.27875518798828 19.53707504272461 0
vertex 75.27914428710938 21.964401245117188 0
endloop
endfacet
facet normal 0 0 -1
outer loop
vertex -35.41783905029297 -54.65100860595703 0
vertex -39.96784210205078 -53.95100784301758 0
vertex -35.41783905029297 -53.95100784301758 0
endloop
endfacet
facet normal 0.999999999920966 0.000012572508010051293 0
outer loop
vertex 76.56459045410156 19.5368709564209 0.20000000298023224
vertex 76.56455993652344 21.964197158813477 0
vertex 76.56455993652344 21.964197158813477 0.20000000298023224
endloop
endfacet
facet normal 0.999999987368128 -0.0001589457264285566 0
outer loop
vertex 77.27581787109375 1.0367581844329834 0.20000000298023224
vertex 77.278564453125 18.316757202148438 0.20000000298023224
vertex 77.27581787109375 1.0367581844329834 4.5
endloop
endfacet
facet normal -0.00015894092829981966 -0.9999999873688906 0
outer loop
vertex 77.27581787109375 1.0367581844329834 0.20000000298023224
vertex 76.5647964477539 1.0368711948394775 4.5
vertex 76.5647964477539 1.0368711948394775 0.20000000298023224
endloop
endfacet
facet normal 0.9999999998781705 0.000015258787241651835 0.0000032906688288855947
outer loop
vertex 76.56483459472656 -2.390455484390259 4.5
vertex 76.56480407714844 0.5368711352348328 0.20000000298023224
vertex 76.5647964477539 1.0368711948394775 0.20000000298023224
endloop
endfacet
facet normal 0.9999999999553137 0.000009429379387048608 -6.778383347453217e-7
outer loop
vertex 76.56483459472656 -2.390455484390259 4.5
vertex 76.56482696533203 -1.8904554843902588 0.20000000298023224
vertex 76.56480407714844 0.5368711352348328 0.20000000298023224
endloop
endfacet
facet normal 0 0 -1
outer loop
vertex 75.27914428710938 21.964401245117188 0
vertex 69.13215637207031 24.423992156982422 0
vertex 69.13215637207031 38.523990631103516 0
endloop
endfacet
facet normal 0.00015873505744026204 0.9999999874015906 0
outer loop
vertex 77.27527618408203 -2.390568256378174 0.20000000298023224
vertex 76.56483459472656 -2.390455484390259 0.20000000298023224
vertex 77.27527618408203 -2.390568256378174 4.5
endloop
endfacet
facet normal 0.9999999998835846 0.000015258789060723641 0
outer loop
vertex 76.56483459472656 -2.390455484390259 0.20000000298023224
vertex 76.56482696533203 -1.8904554843902588 0.20000000298023224
vertex 76.56483459472656 -2.390455484390259 4.5
endloop
endfacet
facet normal 0 0 -1
outer loop
vertex -30.4178409576416 -54.65100860595703 0
vertex -30.4178409576416 -53.95100784301758 0
vertex -25.867841720581055 -53.95100784301758 0
endloop
endfacet
facet normal 0 0 -1
outer loop
vertex -4.23358678817749 -56.22880172729492 0
vertex -6.867840766906738 -56.32600784301758 0
vertex -4.136038780212402 -56.08280944824219 0
endloop
endfacet
facet normal 0 0 -1
outer loop
vertex -4.26784086227417 -56.40100860595703 0
vertex -6.867840766906738 -56.32600784301758 0
vertex -4.23358678817749 -56.22880172729492 0
endloop
endfacet
facet normal 0 0 -1
outer loop
vertex -4.26784086227417 -56.40100860595703 0
vertex -11.417840957641602 -56.32600784301758 0
vertex -6.867840766906738 -56.32600784301758 0
endloop
endfacet
facet normal 0 0 -1
outer loop
vertex -4.30543851852417 -71.14813995361328 0
vertex -11.417840957641602 -56.32600784301758 0
vertex -4.26784086227417 -56.40100860595703 0
endloop
endfacet
facet normal 0 0 -1
outer loop
vertex -4.30543851852417 -71.14813995361328 0
vertex -11.417840957641602 -57.02600860595703 0
vertex -11.417840957641602 -56.32600784301758 0
endloop
endfacet
facet normal 0 0 -1
outer loop
vertex 2.5821592807769775 -58.70100784301758 0
vertex -3.274634838104248 -71.01363372802734 0
vertex -1.9678407907485962 -58.70100784301758 0
endloop
endfacet
facet normal 0 0 -1
outer loop
vertex -1.3282400369644165 -70.07575225830078 0
vertex 2.5821592807769775 -58.70100784301758 0
vertex -0.5500126481056213 -69.3123779296875 0
endloop
endfacet
facet normal 0 0 -1
outer loop
vertex -2.2490251064300537 -70.6505126953125 0
vertex 2.5821592807769775 -58.70100784301758 0
vertex -1.3282400369644165 -70.07575225830078 0
endloop
endfacet
facet normal 0 0 -1
outer loop
vertex -3.274634838104248 -71.01363372802734 0
vertex 2.5821592807769775 -58.70100784301758 0
vertex -2.2490251064300537 -70.6505126953125 0
endloop
endfacet
facet normal 0 0 -1
outer loop
vertex -4.30543851852417 -71.14813995361328 0
vertex -1.9678407907485962 -58.70100784301758 0
vertex -3.274634838104248 -71.01363372802734 0
endloop
endfacet
facet normal 0 0 -1
outer loop
vertex -4.30543851852417 -71.14813995361328 0
vertex -16.4178409576416 -57.02600860595703 0
vertex -11.417840957641602 -57.02600860595703 0
endloop
endfacet
facet normal 0 0 -1
outer loop
vertex -4.30543851852417 -71.14813995361328 0
vertex -20.96784019470215 -56.32600784301758 0
vertex -16.4178409576416 -57.02600860595703 0
endloop
endfacet
facet normal 0 0 -1
outer loop
vertex -20.96784019470215 -56.32600784301758 0
vertex -16.4178409576416 -56.32600784301758 0
vertex -16.4178409576416 -57.02600860595703 0
endloop
endfacet
facet normal 0 0 -1
outer loop
vertex -20.96784019470215 -42.226009368896484 0
vertex -20.96784019470215 -37.32600784301758 0
vertex -16.4178409576416 -41.52600860595703 0
endloop
endfacet
facet normal 0 0 -1
outer loop
vertex -20.96784019470215 -42.226009368896484 0
vertex -25.867841720581055 -39.851009368896484 0
vertex -20.96784019470215 -37.32600784301758 0
endloop
endfacet
facet normal 0 0 -1
outer loop
vertex -25.867841720581055 -39.851009368896484 0
vertex -25.867841720581055 -34.95100784301758 0
vertex -20.96784019470215 -37.32600784301758 0
endloop
endfacet
facet normal 0 0 -1
outer loop
vertex -20.96784019470215 -42.226009368896484 0
vertex -25.867841720581055 -53.95100784301758 0
vertex -25.867841720581055 -39.851009368896484 0
endloop
endfacet
facet normal 0 0 -1
outer loop
vertex -25.867841720581055 -53.95100784301758 0
vertex -20.96784019470215 -42.226009368896484 0
vertex -20.96784019470215 -56.32600784301758 0
endloop
endfacet
facet normal 0 0 -1
outer loop
vertex -25.867841720581055 -39.851009368896484 0
vertex -30.4178409576416 -39.15100860595703 0
vertex -30.4178409576416 -35.65100860595703 0
endloop
endfacet
facet normal 0 0 -1
outer loop
vertex -30.4178409576416 -39.851009368896484 0
vertex -30.4178409576416 -39.15100860595703 0
vertex -25.867841720581055 -39.851009368896484 0
endloop
endfacet
facet normal 0 0 -1
outer loop
vertex -35.41783905029297 -39.15100860595703 0
vertex -35.41783905029297 -35.65100860595703 0
vertex -30.4178409576416 -39.15100860595703 0
endloop
endfacet
facet normal 0 0 -1
outer loop
vertex -35.41783905029297 -39.15100860595703 0
vertex -39.96784210205078 -39.851009368896484 0
vertex -35.41783905029297 -35.65100860595703 0
endloop
endfacet
facet normal 0 0 -1
outer loop
vertex -39.96784210205078 -39.851009368896484 0
vertex -35.41783905029297 -39.15100860595703 0
vertex -35.41783905029297 -39.851009368896484 0
endloop
endfacet
facet normal 0 0 1
outer loop
vertex -65.11784362792969 -66.1334457397461 5
vertex -65.34259033203125 -69.24060821533203 5
vertex -58.96784210205078 -46.82600784301758 5
endloop
endfacet
facet normal -0.00015885156003614433 -0.9999999873830908 0
outer loop
vertex 75.26854705810547 -44.744903564453125 4.5
vertex 76.56531524658203 -44.74510955810547 4.5
vertex 76.56531524658203 -44.74510955810547 5
endloop
endfacet
facet normal -0.00015885156003614433 -0.9999999873830908 0
outer loop
vertex 75.26854705810547 -44.744903564453125 5
vertex 75.26854705810547 -44.744903564453125 4.5
vertex 76.56531524658203 -44.74510955810547 5
endloop
endfacet
facet normal 0 0 1
outer loop
vertex 76.56532287597656 -45.24510955810547 4.5
vertex 76.56531524658203 -44.74510955810547 4.5
vertex 75.26854705810547 -44.744903564453125 4.5
endloop
endfacet
facet normal 0.9999999873574897 -0.0001590126419041547 0
outer loop
vertex 75.2655258178711 -63.744903564453125 5
vertex 75.26854705810547 -44.744903564453125 4.5
vertex 75.26854705810547 -44.744903564453125 5
endloop
endfacet
facet normal 0 0 1
outer loop
vertex 77.26847076416016 -45.24522018432617 4.5
vertex 76.56532287597656 -45.24510955810547 4.5
vertex 77.26753997802734 -51.07855224609375 4.5
endloop
endfacet
facet normal 0 0 1
outer loop
vertex 75.26854705810547 -44.744903564453125 4.5
vertex 77.26753997802734 -51.07855224609375 4.5
vertex 76.56532287597656 -45.24510955810547 4.5
endloop
endfacet
facet normal 0 0 1
outer loop
vertex 75.26854705810547 -44.744903564453125 4.5
vertex 75.2655258178711 -63.744903564453125 4.5
vertex 77.26753997802734 -51.07855224609375 4.5
endloop
endfacet
facet normal 0.9999999873574897 -0.0001590126419041547 0
outer loop
vertex 75.2655258178711 -63.744903564453125 5
vertex 75.2655258178711 -63.744903564453125 4.5
vertex 75.26854705810547 -44.744903564453125 4.5
endloop
endfacet
facet normal 0 0 1
outer loop
vertex 77.26753997802734 -51.07855224609375 4.5
vertex 76.56552124023438 -63.24510955810547 4.5
vertex 77.26560974121094 -63.24522018432617 4.5
endloop
endfacet
facet normal 0 0 1
outer loop
vertex 75.2655258178711 -63.744903564453125 4.5
vertex 76.56552124023438 -63.24510955810547 4.5
vertex 77.26753997802734 -51.07855224609375 4.5
endloop
endfacet
facet normal 0.0001586968869437536 0.999999987407649 0
outer loop
vertex 75.2655258178711 -63.744903564453125 5
vertex 76.53952026367188 -63.7451057434082 5
vertex 76.53952026367188 -63.7451057434082 4.5
endloop
endfacet
facet normal 0.0001586968869437536 0.999999987407649 0
outer loop
vertex 76.53952026367188 -63.7451057434082 4.5
vertex 75.2655258178711 -63.744903564453125 4.5
vertex 75.2655258178711 -63.744903564453125 5
endloop
endfacet
facet normal 0 0 1
outer loop
vertex 75.2655258178711 -63.744903564453125 4.5
vertex 76.5655288696289 -63.650638580322266 4.5
vertex 76.56552124023438 -63.24510955810547 4.5
endloop
endfacet
facet normal 0 0 1
outer loop
vertex 76.53952026367188 -63.7451057434082 4.5
vertex 76.5655288696289 -63.650638580322266 4.5
vertex 75.2655258178711 -63.744903564453125 4.5
endloop
endfacet
facet normal 0.00015877066786268757 0.9999999873959374 0
outer loop
vertex 76.56455993652344 21.964197158813477 5
vertex 75.27914428710938 21.964401245117188 4.5
vertex 75.27914428710938 21.964401245117188 5
endloop
endfacet
facet normal 0 0 1
outer loop
vertex 77.2811508178711 34.63075256347656 4.5
vertex 76.5645523071289 22.464197158813477 4.5
vertex 77.27922058105469 22.46408462524414 4.5
endloop
endfacet
facet normal 0 0 1
outer loop
vertex 75.27914428710938 21.964401245117188 4.5
vertex 76.56455993652344 21.964197158813477 4.5
vertex 76.5645523071289 22.464197158813477 4.5
endloop
endfacet
facet normal -0.00015768271660877509 -0.9999999875680804 0
outer loop
vertex 75.28215789794922 40.96440124511719 4.5
vertex 76.56434631347656 40.96419906616211 4.5
vertex 76.56434631347656 40.96419906616211 5
endloop
endfacet
facet normal 0 0 1
outer loop
vertex 76.5643539428711 40.46419906616211 4.5
vertex 76.56434631347656 40.96419906616211 4.5
vertex 75.28215789794922 40.96440124511719 4.5
endloop
endfacet
facet normal 0 0 1
outer loop
vertex 77.2820816040039 40.46408462524414 4.5
vertex 76.5643539428711 40.46419906616211 4.5
vertex 77.2811508178711 34.63075256347656 4.5
endloop
endfacet
facet normal 0 0 1
outer loop
vertex 75.28215789794922 40.96440124511719 4.5
vertex 77.2811508178711 34.63075256347656 4.5
vertex 76.5643539428711 40.46419906616211 4.5
endloop
endfacet
facet normal -0.00015768271660877509 -0.9999999875680804 0
outer loop
vertex 76.56434631347656 40.96419906616211 5
vertex 75.28215789794922 40.96440124511719 5
vertex 75.28215789794922 40.96440124511719 4.5
endloop
endfacet
facet normal 0.9999999874212603 -0.00015861109483875386 0
outer loop
vertex 75.28215789794922 40.96440124511719 5
vertex 75.27914428710938 21.964401245117188 4.5
vertex 75.28215789794922 40.96440124511719 4.5
endloop
endfacet
facet normal 0 0 1
outer loop
vertex 75.27914428710938 21.964401245117188 4.5
vertex 77.2811508178711 34.63075256347656 4.5
vertex 75.28215789794922 40.96440124511719 4.5
endloop
endfacet
facet normal 0.9999999874212603 -0.00015861109483875386 0
outer loop
vertex 75.27914428710938 21.964401245117188 5
vertex 75.27914428710938 21.964401245117188 4.5
vertex 75.28215789794922 40.96440124511719 5
endloop
endfacet
facet normal 0.00015877066786268757 0.9999999873959374 0
outer loop
vertex 76.56455993652344 21.964197158813477 4.5
vertex 75.27914428710938 21.964401245117188 4.5
vertex 76.56455993652344 21.964197158813477 5
endloop
endfacet
facet normal 0 0 1
outer loop
vertex 75.27914428710938 21.964401245117188 4.5
vertex 76.5645523071289 22.464197158813477 4.5
vertex 77.2811508178711 34.63075256347656 4.5
endloop
endfacet
facet normal 0 0 1
outer loop
vertex -66.1859359741211 63.8150520324707 4.5
vertex -66.3971939086914 63.44889450073242 4.5
vertex -65.02188873291016 63.23129653930664 4.5
endloop
endfacet
facet normal -0.5005293507623195 -0.8657195671956658 0
outer loop
vertex -66.13224792480469 63.873268127441406 4.5
vertex -65.02188873291016 63.23129653930664 5
vertex -66.13224792480469 63.873268127441406 5
endloop
endfacet
facet normal -0.5005293507623195 -0.8657195671956658 0
outer loop
vertex -66.13224792480469 63.873268127441406 4.5
vertex -65.02188873291016 63.23129653930664 4.5
vertex -65.02188873291016 63.23129653930664 5
endloop
endfacet
facet normal 0.5005317179825474 0.8657181985458314 0
outer loop
vertex -74.53193664550781 46.782615661621094 5
vertex -75.64234161376953 47.424617767333984 4.5
vertex -75.64234161376953 47.424617767333984 5
endloop
endfacet
facet normal 0 0 1
outer loop
vertex -73.0933609008789 53.26656723022461 4.5
vertex -76.01310729980469 48.21653366088867 4.5
vertex -75.39247131347656 47.857704162597656 4.5
endloop
endfacet
facet normal 0 0 1
outer loop
vertex -66.13224792480469 63.873268127441406 4.5
vertex -66.1859359741211 63.8150520324707 4.5
vertex -65.02188873291016 63.23129653930664 4.5
endloop
endfacet
facet normal -0.8657199096022808 0.5005287585326327 0
outer loop
vertex -74.53193664550781 46.782615661621094 5
vertex -65.02188873291016 63.23129653930664 4.5
vertex -74.53193664550781 46.782615661621094 4.5
endloop
endfacet
facet normal 0 0 1
outer loop
vertex -73.0933609008789 53.26656723022461 4.5
vertex -74.53193664550781 46.782615661621094 4.5
vertex -65.02188873291016 63.23129653930664 4.5
endloop
endfacet
facet normal 0 0 1
outer loop
vertex -75.39247131347656 47.857704162597656 4.5
vertex -75.64234161376953 47.424617767333984 4.5
vertex -74.53193664550781 46.782615661621094 4.5
endloop
endfacet
facet normal 0.5005317179825474 0.8657181985458314 0
outer loop
vertex -74.53193664550781 46.782615661621094 4.5
vertex -75.64234161376953 47.424617767333984 4.5
vertex -74.53193664550781 46.782615661621094 5
endloop
endfacet
facet normal 0 0 1
outer loop
vertex -67.00359344482422 63.79949188232422 4.5
vertex -73.0933609008789 53.26656723022461 4.5
vertex -66.3971939086914 63.44889450073242 4.5
endloop
endfacet
facet normal 0 0 1
outer loop
vertex -66.3971939086914 63.44889450073242 4.5
vertex -73.0933609008789 53.26656723022461 4.5
vertex -65.02188873291016 63.23129653930664 4.5
endloop
endfacet
facet normal -0.8657199096022808 0.5005287585326327 0
outer loop
vertex -65.02188873291016 63.23129653930664 4.5
vertex -74.53193664550781 46.782615661621094 5
vertex -65.02188873291016 63.23129653930664 5
endloop
endfacet
facet normal 0 0 1
outer loop
vertex -73.0933609008789 53.26656723022461 4.5
vertex -75.39247131347656 47.857704162597656 4.5
vertex -74.53193664550781 46.782615661621094 4.5
endloop
endfacet
facet normal 0 0 1
outer loop
vertex -66.4185791015625 -47.63349533081055 4.5
vertex -67.11809539794922 -59.80018997192383 4.5
vertex -65.11859893798828 -47.133445739746094 4.5
endloop
endfacet
facet normal 0 0 1
outer loop
vertex -66.4186019897461 -47.13349533081055 4.5
vertex -66.4185791015625 -47.63349533081055 4.5
vertex -65.11859893798828 -47.133445739746094 4.5
endloop
endfacet
facet normal 0 0 1
outer loop
vertex -67.11785888671875 -65.6335220336914 4.5
vertex -66.41783905029297 -66.09326171875 4.5
vertex -65.11784362792969 -66.1334457397461 4.5
endloop
endfacet
facet normal 0 0 1
outer loop
vertex -67.11809539794922 -59.80018997192383 4.5
vertex -67.11785888671875 -65.6335220336914 4.5
vertex -65.11784362792969 -66.1334457397461 4.5
endloop
endfacet
facet normal -0.00004122861262214392 0.9999999991501007 0
outer loop
vertex -65.11784362792969 -66.1334457397461 4.5
vertex -66.41320037841797 -66.13349914550781 4.5
vertex -65.11784362792969 -66.1334457397461 5
endloop
endfacet
facet normal 0 0 1
outer loop
vertex -65.11784362792969 -66.1334457397461 4.5
vertex -65.11859893798828 -47.133445739746094 4.5
vertex -67.11809539794922 -59.80018997192383 4.5
endloop
endfacet
facet normal -0.9999999992098431 -0.000039753160947207185 0
outer loop
vertex -65.11784362792969 -66.1334457397461 5
vertex -65.11859893798828 -47.133445739746094 4.5
vertex -65.11784362792969 -66.1334457397461 4.5
endloop
endfacet
facet normal -0.00004122861262214392 0.9999999991501007 0
outer loop
vertex -65.11784362792969 -66.1334457397461 5
vertex -66.41320037841797 -66.13349914550781 4.5
vertex -66.41320037841797 -66.13349914550781 5
endloop
endfacet
facet normal 0.00003814688307845728 -0.9999999992724077 0
outer loop
vertex -66.4186019897461 -47.13349533081055 5
vertex -66.4186019897461 -47.13349533081055 4.5
vertex -65.11859893798828 -47.133445739746094 5
endloop
endfacet
facet normal -0.9999999992098431 -0.000039753160947207185 0
outer loop
vertex -65.11859893798828 -47.133445739746094 4.5
vertex -65.11784362792969 -66.1334457397461 5
vertex -65.11859893798828 -47.133445739746094 5
endloop
endfacet
facet normal 0 0 1
outer loop
vertex -67.11858367919922 -47.63352584838867 4.5
vertex -67.11809539794922 -59.80018997192383 4.5
vertex -66.4185791015625 -47.63349533081055 4.5
endloop
endfacet
facet normal 0.00003814688307845728 -0.9999999992724077 0
outer loop
vertex -66.4186019897461 -47.13349533081055 4.5
vertex -65.11859893798828 -47.133445739746094 4.5
vertex -65.11859893798828 -47.133445739746094 5
endloop
endfacet
facet normal 0 0 1
outer loop
vertex -66.41783905029297 -66.09326171875 4.5
vertex -66.41320037841797 -66.13349914550781 4.5
vertex -65.11784362792969 -66.1334457397461 4.5
endloop
endfacet
facet normal 0 0 1
outer loop
vertex 76.56507873535156 -23.817781448364258 4.5
vertex 76.56507110595703 -23.317781448364258 4.5
vertex 75.2719497680664 -23.317577362060547 4.5
endloop
endfacet
facet normal 0 0 1
outer loop
vertex 77.2718734741211 -23.817893981933594 4.5
vertex 76.56507873535156 -23.817781448364258 4.5
vertex 77.27094268798828 -29.651227951049805 4.5
endloop
endfacet
facet normal -0.0001578245561256437 -0.9999999875457047 0
outer loop
vertex 75.2719497680664 -23.317577362060547 4.5
vertex 76.56507110595703 -23.317781448364258 4.5
vertex 75.2719497680664 -23.317577362060547 5
endloop
endfacet
facet normal 0 0 1
outer loop
vertex 75.2719497680664 -23.317577362060547 4.5
vertex 77.27094268798828 -29.651227951049805 4.5
vertex 76.56507873535156 -23.817781448364258 4.5
endloop
endfacet
facet normal 0.9999999874212603 -0.00015861109483875386 0
outer loop
vertex 75.26893615722656 -42.31757736206055 5
vertex 75.26893615722656 -42.31757736206055 4.5
vertex 75.2719497680664 -23.317577362060547 5
endloop
endfacet
facet normal 0.9999999874212603 -0.00015861109483875386 0
outer loop
vertex 75.26893615722656 -42.31757736206055 4.5
vertex 75.2719497680664 -23.317577362060547 4.5
vertex 75.2719497680664 -23.317577362060547 5
endloop
endfacet
facet normal -0.0001578245561256437 -0.9999999875457047 0
outer loop
vertex 75.2719497680664 -23.317577362060547 5
vertex 76.56507110595703 -23.317781448364258 4.5
vertex 76.56507110595703 -23.317781448364258 5
endloop
endfacet
facet normal 0.0001589029788960532 0.9999999873749216 0
outer loop
vertex 76.5652847290039 -42.31778335571289 5
vertex 75.26893615722656 -42.31757736206055 4.5
vertex 75.26893615722656 -42.31757736206055 5
endloop
endfacet
facet normal 0 0 1
outer loop
vertex 75.26893615722656 -42.31757736206055 4.5
vertex 76.5652847290039 -42.31778335571289 4.5
vertex 76.5652847290039 -41.81778335571289 4.5
endloop
endfacet
facet normal 0 0 1
outer loop
vertex 75.26893615722656 -42.31757736206055 4.5
vertex 77.27094268798828 -29.651227951049805 4.5
vertex 75.2719497680664 -23.317577362060547 4.5
endloop
endfacet
facet normal 0.0001589029788960532 0.9999999873749216 0
outer loop
vertex 76.5652847290039 -42.31778335571289 4.5
vertex 75.26893615722656 -42.31757736206055 4.5
vertex 76.5652847290039 -42.31778335571289 5
endloop
endfacet
facet normal 0 0 1
outer loop
vertex 75.26893615722656 -42.31757736206055 4.5
vertex 76.5652847290039 -41.81778335571289 4.5
vertex 77.27094268798828 -29.651227951049805 4.5
endloop
endfacet
facet normal 0 0 1
outer loop
vertex 77.27094268798828 -29.651227951049805 4.5
vertex 76.5652847290039 -41.81778335571289 4.5
vertex 77.26901245117188 -41.817893981933594 4.5
endloop
endfacet
facet normal 0.00015787485491232907 0.999999987537765 0
outer loop
vertex 76.56504821777344 -20.89045524597168 5
vertex 75.2723388671875 -20.89025115966797 4.5
vertex 75.2723388671875 -20.89025115966797 5
endloop
endfacet
facet normal 0.999999987421261 -0.0001586110908581402 0
outer loop
vertex 75.27535247802734 -1.8902506828308105 5
vertex 75.2723388671875 -20.89025115966797 4.5
vertex 75.27535247802734 -1.8902506828308105 4.5
endloop
endfacet
facet normal 0 0 1
outer loop
vertex 75.2723388671875 -20.89025115966797 4.5
vertex 77.27434539794922 -8.223901748657227 4.5
vertex 75.27535247802734 -1.8902506828308105 4.5
endloop
endfacet
facet normal 0.999999987421261 -0.0001586110908581402 0
outer loop
vertex 75.2723388671875 -20.89025115966797 5
vertex 75.2723388671875 -20.89025115966797 4.5
vertex 75.27535247802734 -1.8902506828308105 5
endloop
endfacet
facet normal 0 0 1
outer loop
vertex 77.27434539794922 -8.223901748657227 4.5
vertex 76.5650405883789 -20.39045524597168 4.5
vertex 77.27241516113281 -20.390567779541016 4.5
endloop
endfacet
facet normal 0 0 1
outer loop
vertex 75.2723388671875 -20.89025115966797 4.5
vertex 76.5650405883789 -20.39045524597168 4.5
vertex 77.27434539794922 -8.223901748657227 4.5
endloop
endfacet
facet normal 0.00015787485491232907 0.999999987537765 0
outer loop
vertex 76.56504821777344 -20.89045524597168 4.5
vertex 75.2723388671875 -20.89025115966797 4.5
vertex 76.56504821777344 -20.89045524597168 5
endloop
endfacet
facet normal 0 0 1
outer loop
vertex 76.56483459472656 -2.390455484390259 4.5
vertex 76.56482696533203 -1.8904554843902588 4.5
vertex 75.27535247802734 -1.8902506828308105 4.5
endloop
endfacet
facet normal 0 0 1
outer loop
vertex 75.2723388671875 -20.89025115966797 4.5
vertex 76.56504821777344 -20.89045524597168 4.5
vertex 76.5650405883789 -20.39045524597168 4.5
endloop
endfacet
facet normal -0.00015882559824290026 -0.9999999873872146 0
outer loop
vertex 75.27535247802734 -1.8902506828308105 4.5
vertex 76.56482696533203 -1.8904554843902588 4.5
vertex 76.56482696533203 -1.8904554843902588 5
endloop
endfacet
facet normal -0.00015882559824290026 -0.9999999873872146 0
outer loop
vertex 75.27535247802734 -1.8902506828308105 5
vertex 75.27535247802734 -1.8902506828308105 4.5
vertex 76.56482696533203 -1.8904554843902588 5
endloop
endfacet
facet normal 0 0 1
outer loop
vertex 75.27535247802734 -1.8902506828308105 4.5
vertex 77.27434539794922 -8.223901748657227 4.5
vertex 76.56483459472656 -2.390455484390259 4.5
endloop
endfacet
facet normal 0 0 1
outer loop
vertex 76.56483459472656 -2.390455484390259 4.5
vertex 77.27434539794922 -8.223901748657227 4.5
vertex 77.27527618408203 -2.390568256378174 4.5
endloop
endfacet
facet normal 0 0 1
outer loop
vertex 77.27867889404297 19.036758422851562 4.5
vertex 76.56459045410156 19.0368709564209 4.5
vertex 77.27774810791016 13.203424453735352 4.5
endloop
endfacet
facet normal 0 0 1
outer loop
vertex 75.27574157714844 0.5370758771896362 4.5
vertex 76.5647964477539 1.0368711948394775 4.5
vertex 77.27774810791016 13.203424453735352 4.5
endloop
endfacet
facet normal 0 0 1
outer loop
vertex 77.27774810791016 13.203424453735352 4.5
vertex 76.5647964477539 1.0368711948394775 4.5
vertex 77.27581787109375 1.0367581844329834 4.5
endloop
endfacet
facet normal 0.0001588301205108002 0.9999999873864963 0
outer loop
vertex 76.56480407714844 0.5368711352348328 4.5
vertex 75.27574157714844 0.5370758771896362 4.5
vertex 76.56480407714844 0.5368711352348328 5
endloop
endfacet
facet normal 0.0001588301205108002 0.9999999873864963 0
outer loop
vertex 76.56480407714844 0.5368711352348328 5
vertex 75.27574157714844 0.5370758771896362 4.5
vertex 75.27574157714844 0.5370758771896362 5
endloop
endfacet
facet normal 0 0 1
outer loop
vertex 75.27574157714844 0.5370758771896362 4.5
vertex 77.27774810791016 13.203424453735352 4.5
vertex 75.27875518798828 19.53707504272461 4.5
endloop
endfacet
facet normal -0.00015871885498769614 -0.9999999874041624 0
outer loop
vertex 75.27875518798828 19.53707504272461 5
vertex 75.27875518798828 19.53707504272461 4.5
vertex 76.56459045410156 19.5368709564209 5
endloop
endfacet
facet normal 0.9999999874212592 -0.00015861110180482828 0
outer loop
vertex 75.27574157714844 0.5370758771896362 4.5
vertex 75.27875518798828 19.53707504272461 4.5
vertex 75.27875518798828 19.53707504272461 5
endloop
endfacet
facet normal 0.9999999874212592 -0.00015861110180482828 0
outer loop
vertex 75.27574157714844 0.5370758771896362 5
vertex 75.27574157714844 0.5370758771896362 4.5
vertex 75.27875518798828 19.53707504272461 5
endloop
endfacet
facet normal 0 0 1
outer loop
vertex 75.27875518798828 19.53707504272461 4.5
vertex 77.27774810791016 13.203424453735352 4.5
vertex 76.56459045410156 19.0368709564209 4.5
endloop
endfacet
facet normal -0.00015871885498769614 -0.9999999874041624 0
outer loop
vertex 75.27875518798828 19.53707504272461 4.5
vertex 76.56459045410156 19.5368709564209 4.5
vertex 76.56459045410156 19.5368709564209 5
endloop
endfacet
facet normal 0 0 1
outer loop
vertex 75.27574157714844 0.5370758771896362 4.5
vertex 76.56480407714844 0.5368711352348328 4.5
vertex 76.5647964477539 1.0368711948394775 4.5
endloop
endfacet
facet normal 0 0 1
outer loop
vertex 76.56459045410156 19.0368709564209 4.5
vertex 76.56459045410156 19.5368709564209 4.5
vertex 75.27875518798828 19.53707504272461 4.5
endloop
endfacet
facet normal 0 0 1
outer loop
vertex -66.42183685302734 33.928558349609375 4.5
vertex -66.42182159423828 33.428558349609375 4.5
vertex -65.12184143066406 33.92860794067383 4.5
endloop
endfacet
facet normal -0.9999999991937997 -0.000040154712057839634 0
outer loop
vertex -65.12107849121094 14.928609848022461 5
vertex -65.12184143066406 33.92860794067383 4.5
vertex -65.12107849121094 14.928609848022461 4.5
endloop
endfacet
facet normal 0.000038147106954338465 -0.9999999992723991 0
outer loop
vertex -66.42183685302734 33.928558349609375 5
vertex -65.12184143066406 33.92860794067383 4.5
vertex -65.12184143066406 33.92860794067383 5
endloop
endfacet
facet normal -0.9999999991937997 -0.000040154712057839634 0
outer loop
vertex -65.12184143066406 33.92860794067383 4.5
vertex -65.12107849121094 14.928609848022461 5
vertex -65.12184143066406 33.92860794067383 5
endloop
endfacet
facet normal 0 0 1
outer loop
vertex -66.42182159423828 33.428558349609375 4.5
vertex -67.12133026123047 21.261863708496094 4.5
vertex -65.12184143066406 33.92860794067383 4.5
endloop
endfacet
facet normal 0.000038147106954338465 -0.9999999992723991 0
outer loop
vertex -66.42183685302734 33.928558349609375 5
vertex -66.42183685302734 33.928558349609375 4.5
vertex -65.12184143066406 33.92860794067383 4.5
endloop
endfacet
facet normal 0 0 1
outer loop
vertex -65.12107849121094 14.928609848022461 4.5
vertex -65.12184143066406 33.92860794067383 4.5
vertex -67.12133026123047 21.261863708496094 4.5
endloop
endfacet
facet normal -0.00003961407088690739 0.9999999992153626 0
outer loop
vertex -65.12107849121094 14.928609848022461 5
vertex -65.12107849121094 14.928609848022461 4.5
vertex -66.42108154296875 14.928558349609375 5
endloop
endfacet
facet normal -0.00003961407088690739 0.9999999992153626 0
outer loop
vertex -65.12107849121094 14.928609848022461 4.5
vertex -66.42108154296875 14.928558349609375 4.5
vertex -66.42108154296875 14.928558349609375 5
endloop
endfacet
facet normal 0 0 1
outer loop
vertex -67.12133026123047 21.261863708496094 4.5
vertex -66.42110443115234 15.428558349609375 4.5
vertex -65.12107849121094 14.928609848022461 4.5
endloop
endfacet
facet normal 0 0 1
outer loop
vertex -66.42110443115234 15.428558349609375 4.5
vertex -66.42108154296875 14.928558349609375 4.5
vertex -65.12107849121094 14.928609848022461 4.5
endloop
endfacet
facet normal 0 0 1
outer loop
vertex -67.12133026123047 21.261863708496094 4.5
vertex -67.12110137939453 15.428529739379883 4.5
vertex -66.42110443115234 15.428558349609375 4.5
endloop
endfacet
facet normal 0 0 1
outer loop
vertex -67.12181854248047 33.428531646728516 4.5
vertex -67.12133026123047 21.261863708496094 4.5
vertex -66.42182159423828 33.428558349609375 4.5
endloop
endfacet
facet normal -0.00003998086783898032 0.9999999992007651 0
outer loop
vertex -66.42027282714844 -5.336955547332764 5
vertex -65.12026977539062 -5.3369035720825195 5
vertex -65.12026977539062 -5.3369035720825195 4.5
endloop
endfacet
facet normal -0.00003998086783898032 0.9999999992007651 0
outer loop
vertex -65.12026977539062 -5.3369035720825195 4.5
vertex -66.42027282714844 -5.336955547332764 4.5
vertex -66.42027282714844 -5.336955547332764 5
endloop
endfacet
facet normal 0 0 1
outer loop
vertex -67.12052154541016 0.996349573135376 4.5
vertex -66.4202880859375 -4.836955547332764 4.5
vertex -65.12026977539062 -5.3369035720825195 4.5
endloop
endfacet
facet normal 0 0 1
outer loop
vertex -66.4202880859375 -4.836955547332764 4.5
vertex -66.42027282714844 -5.336955547332764 4.5
vertex -65.12026977539062 -5.3369035720825195 4.5
endloop
endfacet
facet normal 0.00004034790158283446 -0.9999999991860234 0
outer loop
vertex -66.42102813720703 13.663043975830078 5
vertex -66.42102813720703 13.663043975830078 4.5
vertex -65.12103271484375 13.66309642791748 5
endloop
endfacet
facet normal -0.9999999991937997 -0.00004015470802683779 0
outer loop
vertex -65.12103271484375 13.66309642791748 4.5
vertex -65.12026977539062 -5.3369035720825195 5
vertex -65.12103271484375 13.66309642791748 5
endloop
endfacet
facet normal 0.00004034790158283446 -0.9999999991860234 0
outer loop
vertex -66.42102813720703 13.663043975830078 4.5
vertex -65.12103271484375 13.66309642791748 4.5
vertex -65.12103271484375 13.66309642791748 5
endloop
endfacet
facet normal 0 0 1
outer loop
vertex -67.12052154541016 0.996349573135376 4.5
vertex -67.12029266357422 -4.836983680725098 4.5
vertex -66.4202880859375 -4.836955547332764 4.5
endloop
endfacet
facet normal 0 0 1
outer loop
vertex -66.42102813720703 13.663043975830078 4.5
vertex -66.42101287841797 13.163043975830078 4.5
vertex -65.12103271484375 13.66309642791748 4.5
endloop
endfacet
facet normal 0 0 1
outer loop
vertex -66.42101287841797 13.163043975830078 4.5
vertex -67.12052154541016 0.996349573135376 4.5
vertex -65.12103271484375 13.66309642791748 4.5
endloop
endfacet
facet normal 0 0 1
outer loop
vertex -67.12052154541016 0.996349573135376 4.5
vertex -65.12026977539062 -5.3369035720825195 4.5
vertex -65.12103271484375 13.66309642791748 4.5
endloop
endfacet
facet normal -0.9999999991937997 -0.00004015470802683779 0
outer loop
vertex -65.12026977539062 -5.3369035720825195 5
vertex -65.12103271484375 13.66309642791748 4.5
vertex -65.12026977539062 -5.3369035720825195 4.5
endloop
endfacet
facet normal 0 0 1
outer loop
vertex -67.12100982666016 13.163016319274902 4.5
vertex -67.12052154541016 0.996349573135376 4.5
vertex -66.42101287841797 13.163043975830078 4.5
endloop
endfacet
facet normal 0 0 1
outer loop
vertex -66.42021942138672 -6.602469444274902 4.5
vertex -66.42019653320312 -7.102469444274902 4.5
vertex -65.1202163696289 -6.602417469024658 4.5
endloop
endfacet
facet normal 0.00003998086783898032 -0.9999999992007651 0
outer loop
vertex -66.42021942138672 -6.602469444274902 5
vertex -66.42021942138672 -6.602469444274902 4.5
vertex -65.1202163696289 -6.602417469024658 5
endloop
endfacet
facet normal 0 0 1
outer loop
vertex -67.11971282958984 -19.269163131713867 4.5
vertex -67.1194839477539 -25.102497100830078 4.5
vertex -66.41947937011719 -25.102468490600586 4.5
endloop
endfacet
facet normal 0.00003998086783898032 -0.9999999992007651 0
outer loop
vertex -66.42021942138672 -6.602469444274902 4.5
vertex -65.1202163696289 -6.602417469024658 4.5
vertex -65.1202163696289 -6.602417469024658 5
endloop
endfacet
facet normal 0 0 1
outer loop
vertex -66.42019653320312 -7.102469444274902 4.5
vertex -67.11971282958984 -19.269163131713867 4.5
vertex -65.1202163696289 -6.602417469024658 4.5
endloop
endfacet
facet normal -0.999999999209843 -0.00003975316194488006 0
outer loop
vertex -65.1202163696289 -6.602417469024658 4.5
vertex -65.11946105957031 -25.6024169921875 5
vertex -65.1202163696289 -6.602417469024658 5
endloop
endfacet
facet normal -0.999999999209843 -0.00003975316194488006 0
outer loop
vertex -65.1202163696289 -6.602417469024658 4.5
vertex -65.11946105957031 -25.6024169921875 4.5
vertex -65.11946105957031 -25.6024169921875 5
endloop
endfacet
facet normal 0 0 1
outer loop
vertex -66.41947937011719 -25.102468490600586 4.5
vertex -66.41946411132812 -25.602468490600586 4.5
vertex -65.11946105957031 -25.6024169921875 4.5
endloop
endfacet
facet normal -0.00003961407088690739 0.9999999992153626 0
outer loop
vertex -65.11946105957031 -25.6024169921875 4.5
vertex -66.41946411132812 -25.602468490600586 4.5
vertex -66.41946411132812 -25.602468490600586 5
endloop
endfacet
facet normal 0 0 1
outer loop
vertex -67.11971282958984 -19.269163131713867 4.5
vertex -65.11946105957031 -25.6024169921875 4.5
vertex -65.1202163696289 -6.602417469024658 4.5
endloop
endfacet
facet normal 0 0 1
outer loop
vertex -67.12020111083984 -7.102497577667236 4.5
vertex -67.11971282958984 -19.269163131713867 4.5
vertex -66.42019653320312 -7.102469444274902 4.5
endloop
endfacet
facet normal -0.00003961407088690739 0.9999999992153626 0
outer loop
vertex -66.41946411132812 -25.602468490600586 5
vertex -65.11946105957031 -25.6024169921875 5
vertex -65.11946105957031 -25.6024169921875 4.5
endloop
endfacet
facet normal 0 0 1
outer loop
vertex -67.11971282958984 -19.269163131713867 4.5
vertex -66.41947937011719 -25.102468490600586 4.5
vertex -65.11946105957031 -25.6024169921875 4.5
endloop
endfacet
facet normal -0.00004108149979220441 0.9999999991561551 0
outer loop
vertex -66.41864776611328 -45.867984771728516 5
vertex -65.11865234375 -45.8679313659668 5
vertex -65.11865234375 -45.8679313659668 4.5
endloop
endfacet
facet normal 0 0 1
outer loop
vertex -66.41867065429688 -45.367984771728516 4.5
vertex -65.11865234375 -45.8679313659668 4.5
vertex -67.11890411376953 -39.5346794128418 4.5
endloop
endfacet
facet normal 0.00003961407088690739 -0.9999999992153626 0
outer loop
vertex -66.4194107055664 -26.867982864379883 5
vertex -66.4194107055664 -26.867982864379883 4.5
vertex -65.1194076538086 -26.867931365966797 5
endloop
endfacet
facet normal 0 0 1
outer loop
vertex -65.11865234375 -45.8679313659668 4.5
vertex -65.1194076538086 -26.867931365966797 4.5
vertex -67.11890411376953 -39.5346794128418 4.5
endloop
endfacet
facet normal -0.9999999992098431 -0.000039753160947207185 0
outer loop
vertex -65.1194076538086 -26.867931365966797 4.5
vertex -65.11865234375 -45.8679313659668 4.5
vertex -65.11865234375 -45.8679313659668 5
endloop
endfacet
facet normal -0.00004108149979220441 0.9999999991561551 0
outer loop
vertex -65.11865234375 -45.8679313659668 4.5
vertex -66.41864776611328 -45.867984771728516 4.5
vertex -66.41864776611328 -45.867984771728516 5
endloop
endfacet
facet normal 0.00003961407088690739 -0.9999999992153626 0
outer loop
vertex -66.4194107055664 -26.867982864379883 4.5
vertex -65.1194076538086 -26.867931365966797 4.5
vertex -65.1194076538086 -26.867931365966797 5
endloop
endfacet
facet normal 0 0 1
outer loop
vertex -66.41867065429688 -45.367984771728516 4.5
vertex -66.41864776611328 -45.867984771728516 4.5
vertex -65.11865234375 -45.8679313659668 4.5
endloop
endfacet
facet normal 0 0 1
outer loop
vertex -66.4194107055664 -26.867982864379883 4.5
vertex -66.41938781738281 -27.367982864379883 4.5
vertex -65.1194076538086 -26.867931365966797 4.5
endloop
endfacet
facet normal -0.9999999992098431 -0.000039753160947207185 0
outer loop
vertex -65.1194076538086 -26.867931365966797 4.5
vertex -65.11865234375 -45.8679313659668 5
vertex -65.1194076538086 -26.867931365966797 5
endloop
endfacet
facet normal 0 0 1
outer loop
vertex -66.41938781738281 -27.367982864379883 4.5
vertex -67.11890411376953 -39.5346794128418 4.5
vertex -65.1194076538086 -26.867931365966797 4.5
endloop
endfacet
facet normal 0 0 1
outer loop
vertex -67.11890411376953 -39.5346794128418 4.5
vertex -67.11866760253906 -45.368011474609375 4.5
vertex -66.41867065429688 -45.367984771728516 4.5
endloop
endfacet
facet normal 0 0 1
outer loop
vertex -67.11939239501953 -27.368011474609375 4.5
vertex -67.11890411376953 -39.5346794128418 4.5
vertex -66.41938781738281 -27.367982864379883 4.5
endloop
endfacet
facet normal 0 0 -1
outer loop
vertex 76.56532287597656 -45.24510955810547 0.20000000298023224
vertex 75.26854705810547 -44.744903564453125 0.20000000298023224
vertex 76.56531524658203 -44.74510955810547 0.20000000298023224
endloop
endfacet
facet normal 0 0 -1
outer loop
vertex 76.5655288696289 -63.650638580322266 0.20000000298023224
vertex 75.2655258178711 -63.744903564453125 0.20000000298023224
vertex 76.56552124023438 -63.24510955810547 0.20000000298023224
endloop
endfacet
facet normal -0.00015885156003614433 -0.9999999873830909 0
outer loop
vertex 75.26854705810547 -44.744903564453125 0.20000000298023224
vertex 75.26854705810547 -44.744903564453125 0
vertex 76.56531524658203 -44.74510955810547 0.20000000298023224
endloop
endfacet
facet normal -0.00015885156003614433 -0.9999999873830909 0
outer loop
vertex 75.26854705810547 -44.744903564453125 0
vertex 76.56531524658203 -44.74510955810547 0
vertex 76.56531524658203 -44.74510955810547 0.20000000298023224
endloop
endfacet
facet normal 0 0 -1
outer loop
vertex 76.56552124023438 -63.24510955810547 0.20000000298023224
vertex 75.2655258178711 -63.744903564453125 0.20000000298023224
vertex 77.26835632324219 -45.9652214050293 0.20000000298023224
endloop
endfacet
facet normal 0 0 -1
outer loop
vertex 76.56532287597656 -45.24510955810547 0.20000000298023224
vertex 77.26847076416016 -45.24522018432617 0.20000000298023224
vertex 77.26835632324219 -45.9652214050293 0.20000000298023224
endloop
endfacet
facet normal 0 0 -1
outer loop
vertex 77.26835632324219 -45.9652214050293 0.20000000298023224
vertex 75.2655258178711 -63.744903564453125 0.20000000298023224
vertex 75.26854705810547 -44.744903564453125 0.20000000298023224
endloop
endfacet
facet normal 0.9999999873574899 -0.0001590126419041547 0
outer loop
vertex 75.26854705810547 -44.744903564453125 0.20000000298023224
vertex 75.2655258178711 -63.744903564453125 0
vertex 75.26854705810547 -44.744903564453125 0
endloop
endfacet
facet normal 0 0 -1
outer loop
vertex 76.56532287597656 -45.24510955810547 0.20000000298023224
vertex 77.26835632324219 -45.9652214050293 0.20000000298023224
vertex 75.26854705810547 -44.744903564453125 0.20000000298023224
endloop
endfacet
facet normal 0 0 -1
outer loop
vertex 76.56552124023438 -63.24510955810547 0.20000000298023224
vertex 77.26835632324219 -45.9652214050293 0.20000000298023224
vertex 77.26560974121094 -63.24522018432617 0.20000000298023224
endloop
endfacet
facet normal 0.00015869688694375363 0.9999999874076491 0
outer loop
vertex 76.53952026367188 -63.7451057434082 0
vertex 75.2655258178711 -63.744903564453125 0
vertex 75.2655258178711 -63.744903564453125 0.20000000298023224
endloop
endfacet
facet normal 0.00015869688694375363 0.9999999874076491 0
outer loop
vertex 76.53952026367188 -63.7451057434082 0.20000000298023224
vertex 76.53952026367188 -63.7451057434082 0
vertex 75.2655258178711 -63.744903564453125 0.20000000298023224
endloop
endfacet
facet normal 0 0 -1
outer loop
vertex 76.53952026367188 -63.7451057434082 0.20000000298023224
vertex 75.2655258178711 -63.744903564453125 0.20000000298023224
vertex 76.5655288696289 -63.650638580322266 0.20000000298023224
endloop
endfacet
facet normal 0.9999999873574899 -0.0001590126419041547 0
outer loop
vertex 75.2655258178711 -63.744903564453125 0.20000000298023224
vertex 75.2655258178711 -63.744903564453125 0
vertex 75.26854705810547 -44.744903564453125 0.20000000298023224
endloop
endfacet
facet normal 0.9999999874212602 -0.00015861109483875386 0
outer loop
vertex 75.28215789794922 40.96440124511719 0.20000000298023224
vertex 75.27914428710938 21.964401245117188 0
vertex 75.28215789794922 40.96440124511719 0
endloop
endfacet
facet normal 0.00015877066786268754 0.9999999873959373 0
outer loop
vertex 76.56455993652344 21.964197158813477 0
vertex 75.27914428710938 21.964401245117188 0
vertex 75.27914428710938 21.964401245117188 0.20000000298023224
endloop
endfacet
facet normal 0 0 -1
outer loop
vertex 76.5645523071289 22.464197158813477 0.20000000298023224
vertex 75.27914428710938 21.964401245117188 0.20000000298023224
vertex 77.28196716308594 39.744083404541016 0.20000000298023224
endloop
endfacet
facet normal 0.00015877066786268754 0.9999999873959373 0
outer loop
vertex 76.56455993652344 21.964197158813477 0.20000000298023224
vertex 76.56455993652344 21.964197158813477 0
vertex 75.27914428710938 21.964401245117188 0.20000000298023224
endloop
endfacet
facet normal 0 0 -1
outer loop
vertex 76.56455993652344 21.964197158813477 0.20000000298023224
vertex 75.27914428710938 21.964401245117188 0.20000000298023224
vertex 76.5645523071289 22.464197158813477 0.20000000298023224
endloop
endfacet
facet normal 0 0 -1
outer loop
vertex 76.5645523071289 22.464197158813477 0.20000000298023224
vertex 77.28196716308594 39.744083404541016 0.20000000298023224
vertex 77.27922058105469 22.46408462524414 0.20000000298023224
endloop
endfacet
facet normal 0 0 -1
outer loop
vertex 76.5643539428711 40.46419906616211 0.20000000298023224
vertex 75.28215789794922 40.96440124511719 0.20000000298023224
vertex 76.56434631347656 40.96419906616211 0.20000000298023224
endloop
endfacet
facet normal 0 0 -1
outer loop
vertex 76.5643539428711 40.46419906616211 0.20000000298023224
vertex 77.28196716308594 39.744083404541016 0.20000000298023224
vertex 75.28215789794922 40.96440124511719 0.20000000298023224
endloop
endfacet
facet normal -0.00015768271660877509 -0.9999999875680804 0
outer loop
vertex 75.28215789794922 40.96440124511719 0.20000000298023224
vertex 76.56434631347656 40.96419906616211 0
vertex 76.56434631347656 40.96419906616211 0.20000000298023224
endloop
endfacet
facet normal -0.00015768271660877509 -0.9999999875680804 0
outer loop
vertex 75.28215789794922 40.96440124511719 0.20000000298023224
vertex 75.28215789794922 40.96440124511719 0
vertex 76.56434631347656 40.96419906616211 0
endloop
endfacet
facet normal 0 0 -1
outer loop
vertex 76.5643539428711 40.46419906616211 0.20000000298023224
vertex 77.2820816040039 40.46408462524414 0.20000000298023224
vertex 77.28196716308594 39.744083404541016 0.20000000298023224
endloop
endfacet
facet normal 0.9999999874212602 -0.00015861109483875386 0
outer loop
vertex 75.27914428710938 21.964401245117188 0.20000000298023224
vertex 75.27914428710938 21.964401245117188 0
vertex 75.28215789794922 40.96440124511719 0.20000000298023224
endloop
endfacet
facet normal 0 0 -1
outer loop
vertex 77.28196716308594 39.744083404541016 0.20000000298023224
vertex 75.27914428710938 21.964401245117188 0.20000000298023224
vertex 75.28215789794922 40.96440124511719 0.20000000298023224
endloop
endfacet
facet normal -0.865719909602281 0.5005287585326328 0
outer loop
vertex -65.02188873291016 63.23129653930664 0
vertex -74.53193664550781 46.782615661621094 0.20000000298023224
vertex -65.02188873291016 63.23129653930664 0.20000000298023224
endloop
endfacet
facet normal 0 0 -1
outer loop
vertex -65.02188873291016 63.23129653930664 0.20000000298023224
vertex -66.1859359741211 63.8150520324707 0.20000000298023224
vertex -66.13224792480469 63.873268127441406 0.20000000298023224
endloop
endfacet
facet normal -0.5005293507623196 -0.8657195671956659 0
outer loop
vertex -66.13224792480469 63.873268127441406 0
vertex -65.02188873291016 63.23129653930664 0.20000000298023224
vertex -66.13224792480469 63.873268127441406 0.20000000298023224
endloop
endfacet
facet normal -0.5005293507623196 -0.8657195671956659 0
outer loop
vertex -66.13224792480469 63.873268127441406 0
vertex -65.02188873291016 63.23129653930664 0
vertex -65.02188873291016 63.23129653930664 0.20000000298023224
endloop
endfacet
facet normal 0 0 -1
outer loop
vertex -65.02188873291016 63.23129653930664 0.20000000298023224
vertex -75.65272521972656 48.83985137939453 0.20000000298023224
vertex -66.3971939086914 63.44889450073242 0.20000000298023224
endloop
endfacet
facet normal 0 0 -1
outer loop
vertex -65.02188873291016 63.23129653930664 0.20000000298023224
vertex -66.3971939086914 63.44889450073242 0.20000000298023224
vertex -66.1859359741211 63.8150520324707 0.20000000298023224
endloop
endfacet
facet normal 0 0 -1
outer loop
vertex -75.65272521972656 48.83985137939453 0.20000000298023224
vertex -67.00359344482422 63.79949188232422 0.20000000298023224
vertex -66.3971939086914 63.44889450073242 0.20000000298023224
endloop
endfacet
facet normal 0.5005317179825474 0.8657181985458314 0
outer loop
vertex -74.53193664550781 46.782615661621094 0
vertex -75.64234161376953 47.424617767333984 0.20000000298023224
vertex -74.53193664550781 46.782615661621094 0.20000000298023224
endloop
endfacet
facet normal 0 0 -1
outer loop
vertex -76.01310729980469 48.21653366088867 0.20000000298023224
vertex -75.65272521972656 48.83985137939453 0.20000000298023224
vertex -75.39247131347656 47.857704162597656 0.20000000298023224
endloop
endfacet
facet normal 0 0 -1
outer loop
vertex -74.53193664550781 46.782615661621094 0.20000000298023224
vertex -75.64234161376953 47.424617767333984 0.20000000298023224
vertex -75.39247131347656 47.857704162597656 0.20000000298023224
endloop
endfacet
facet normal 0 0 -1
outer loop
vertex -74.53193664550781 46.782615661621094 0.20000000298023224
vertex -75.39247131347656 47.857704162597656 0.20000000298023224
vertex -75.65272521972656 48.83985137939453 0.20000000298023224
endloop
endfacet
facet normal 0 0 -1
outer loop
vertex -74.53193664550781 46.782615661621094 0.20000000298023224
vertex -75.65272521972656 48.83985137939453 0.20000000298023224
vertex -65.02188873291016 63.23129653930664 0.20000000298023224
endloop
endfacet
facet normal -0.865719909602281 0.5005287585326328 0
outer loop
vertex -74.53193664550781 46.782615661621094 0
vertex -74.53193664550781 46.782615661621094 0.20000000298023224
vertex -65.02188873291016 63.23129653930664 0
endloop
endfacet
facet normal 0.5005317179825474 0.8657181985458314 0
outer loop
vertex -74.53193664550781 46.782615661621094 0
vertex -75.64234161376953 47.424617767333984 0
vertex -75.64234161376953 47.424617767333984 0.20000000298023224
endloop
endfacet
facet normal 0 0 -1
outer loop
vertex -67.11785888671875 -65.6335220336914 0.20000000298023224
vertex -67.11788940429688 -64.91352081298828 0.20000000298023224
vertex -66.41783905029297 -66.09326171875 0.20000000298023224
endloop
endfacet
facet normal 0 0 -1
outer loop
vertex -65.11784362792969 -66.1334457397461 0.20000000298023224
vertex -66.41320037841797 -66.13349914550781 0.20000000298023224
vertex -66.41783905029297 -66.09326171875 0.20000000298023224
endloop
endfacet
facet normal -0.00004122861262214392 0.9999999991501008 0
outer loop
vertex -65.11784362792969 -66.1334457397461 0
vertex -66.41320037841797 -66.13349914550781 0
vertex -66.41320037841797 -66.13349914550781 0.20000000298023224
endloop
endfacet
facet normal -0.00004122861262214392 0.9999999991501008 0
outer loop
vertex -66.41320037841797 -66.13349914550781 0.20000000298023224
vertex -65.11784362792969 -66.1334457397461 0.20000000298023224
vertex -65.11784362792969 -66.1334457397461 0
endloop
endfacet
facet normal 0.00003814688307845728 -0.9999999992724077 0
outer loop
vertex -65.11859893798828 -47.133445739746094 0
vertex -65.11859893798828 -47.133445739746094 0.20000000298023224
vertex -66.4186019897461 -47.13349533081055 0
endloop
endfacet
facet normal 0 0 -1
outer loop
vertex -65.11859893798828 -47.133445739746094 0.20000000298023224
vertex -67.11788940429688 -64.91352081298828 0.20000000298023224
vertex -66.4185791015625 -47.63349533081055 0.20000000298023224
endloop
endfacet
facet normal -0.9999999992098431 -0.000039753160947207185 0
outer loop
vertex -65.11784362792969 -66.1334457397461 0
vertex -65.11859893798828 -47.133445739746094 0.20000000298023224
vertex -65.11859893798828 -47.133445739746094 0
endloop
endfacet
facet normal 0 0 -1
outer loop
vertex -67.11788940429688 -64.91352081298828 0.20000000298023224
vertex -67.11858367919922 -47.63352584838867 0.20000000298023224
vertex -66.4185791015625 -47.63349533081055 0.20000000298023224
endloop
endfacet
facet normal 0 0 -1
outer loop
vertex -65.11784362792969 -66.1334457397461 0.20000000298023224
vertex -67.11788940429688 -64.91352081298828 0.20000000298023224
vertex -65.11859893798828 -47.133445739746094 0.20000000298023224
endloop
endfacet
facet normal 0.00003814688307845728 -0.9999999992724077 0
outer loop
vertex -66.4186019897461 -47.13349533081055 0.20000000298023224
vertex -66.4186019897461 -47.13349533081055 0
vertex -65.11859893798828 -47.133445739746094 0.20000000298023224
endloop
endfacet
facet normal -0.9999999992098431 -0.000039753160947207185 0
outer loop
vertex -65.11784362792969 -66.1334457397461 0
vertex -65.11784362792969 -66.1334457397461 0.20000000298023224
vertex -65.11859893798828 -47.133445739746094 0.20000000298023224
endloop
endfacet
facet normal 0 0 -1
outer loop
vertex -66.41783905029297 -66.09326171875 0.20000000298023224
vertex -67.11788940429688 -64.91352081298828 0.20000000298023224
vertex -65.11784362792969 -66.1334457397461 0.20000000298023224
endloop
endfacet
facet normal 0 0 -1
outer loop
vertex -65.11859893798828 -47.133445739746094 0.20000000298023224
vertex -66.4185791015625 -47.63349533081055 0.20000000298023224
vertex -66.4186019897461 -47.13349533081055 0.20000000298023224
endloop
endfacet
facet normal 0 0 -1
outer loop
vertex 77.27175903320312 -24.53789520263672 0.20000000298023224
vertex 75.26893615722656 -42.31757736206055 0.20000000298023224
vertex 75.2719497680664 -23.317577362060547 0.20000000298023224
endloop
endfacet
facet normal 0 0 -1
outer loop
vertex 77.26901245117188 -41.817893981933594 0.20000000298023224
vertex 76.5652847290039 -41.81778335571289 0.20000000298023224
vertex 77.27175903320312 -24.53789520263672 0.20000000298023224
endloop
endfacet
facet normal 0.9999999874212602 -0.00015861109483875386 0
outer loop
vertex 75.2719497680664 -23.317577362060547 0.20000000298023224
vertex 75.26893615722656 -42.31757736206055 0
vertex 75.2719497680664 -23.317577362060547 0
endloop
endfacet
facet normal 0 0 -1
outer loop
vertex 76.5652847290039 -41.81778335571289 0.20000000298023224
vertex 75.26893615722656 -42.31757736206055 0.20000000298023224
vertex 77.27175903320312 -24.53789520263672 0.20000000298023224
endloop
endfacet
facet normal 0.9999999874212602 -0.00015861109483875386 0
outer loop
vertex 75.26893615722656 -42.31757736206055 0.20000000298023224
vertex 75.26893615722656 -42.31757736206055 0
vertex 75.2719497680664 -23.317577362060547 0.20000000298023224
endloop
endfacet
facet normal 0 0 -1
outer loop
vertex 76.5652847290039 -42.31778335571289 0.20000000298023224
vertex 75.26893615722656 -42.31757736206055 0.20000000298023224
vertex 76.5652847290039 -41.81778335571289 0.20000000298023224
endloop
endfacet
facet normal 0.0001589029788960532 0.9999999873749216 0
outer loop
vertex 76.5652847290039 -42.31778335571289 0
vertex 75.26893615722656 -42.31757736206055 0
vertex 75.26893615722656 -42.31757736206055 0.20000000298023224
endloop
endfacet
facet normal 0 0 -1
outer loop
vertex 76.56507873535156 -23.817781448364258 0.20000000298023224
vertex 75.2719497680664 -23.317577362060547 0.20000000298023224
vertex 76.56507110595703 -23.317781448364258 0.20000000298023224
endloop
endfacet
facet normal 0 0 -1
outer loop
vertex 76.56507873535156 -23.817781448364258 0.20000000298023224
vertex 77.27175903320312 -24.53789520263672 0.20000000298023224
vertex 75.2719497680664 -23.317577362060547 0.20000000298023224
endloop
endfacet
facet normal 0.0001589029788960532 0.9999999873749216 0
outer loop
vertex 76.5652847290039 -42.31778335571289 0.20000000298023224
vertex 76.5652847290039 -42.31778335571289 0
vertex 75.26893615722656 -42.31757736206055 0.20000000298023224
endloop
endfacet
facet normal -0.0001578245561256437 -0.9999999875457047 0
outer loop
vertex 75.2719497680664 -23.317577362060547 0.20000000298023224
vertex 75.2719497680664 -23.317577362060547 0
vertex 76.56507110595703 -23.317781448364258 0.20000000298023224
endloop
endfacet
facet normal -0.0001578245561256437 -0.9999999875457047 0
outer loop
vertex 75.2719497680664 -23.317577362060547 0
vertex 76.56507110595703 -23.317781448364258 0
vertex 76.56507110595703 -23.317781448364258 0.20000000298023224
endloop
endfacet
facet normal 0 0 -1
outer loop
vertex 76.56507873535156 -23.817781448364258 0.20000000298023224
vertex 77.2718734741211 -23.817893981933594 0.20000000298023224
vertex 77.27175903320312 -24.53789520263672 0.20000000298023224
endloop
endfacet
facet normal 0.0001578748549123291 0.9999999875377651 0
outer loop
vertex 76.56504821777344 -20.89045524597168 0
vertex 75.2723388671875 -20.89025115966797 0
vertex 75.2723388671875 -20.89025115966797 0.20000000298023224
endloop
endfacet
facet normal 0 0 -1
outer loop
vertex 76.5650405883789 -20.39045524597168 0.20000000298023224
vertex 77.27516174316406 -3.1105682849884033 0.20000000298023224
vertex 77.27241516113281 -20.390567779541016 0.20000000298023224
endloop
endfacet
facet normal 0 0 -1
outer loop
vertex 76.5650405883789 -20.39045524597168 0.20000000298023224
vertex 75.2723388671875 -20.89025115966797 0.20000000298023224
vertex 77.27516174316406 -3.1105682849884033 0.20000000298023224
endloop
endfacet
facet normal 0.9999999874212608 -0.00015861109085814017 0
outer loop
vertex 75.2723388671875 -20.89025115966797 0.20000000298023224
vertex 75.2723388671875 -20.89025115966797 0
vertex 75.27535247802734 -1.8902506828308105 0.20000000298023224
endloop
endfacet
facet normal 0 0 -1
outer loop
vertex 76.56504821777344 -20.89045524597168 0.20000000298023224
vertex 75.2723388671875 -20.89025115966797 0.20000000298023224
vertex 76.5650405883789 -20.39045524597168 0.20000000298023224
endloop
endfacet
facet normal 0.9999999874212608 -0.00015861109085814017 0
outer loop
vertex 75.27535247802734 -1.8902506828308105 0.20000000298023224
vertex 75.2723388671875 -20.89025115966797 0
vertex 75.27535247802734 -1.8902506828308105 0
endloop
endfacet
facet normal 0 0 -1
outer loop
vertex 76.56483459472656 -2.390455484390259 0.20000000298023224
vertex 75.27535247802734 -1.8902506828308105 0.20000000298023224
vertex 76.56482696533203 -1.8904554843902588 0.20000000298023224
endloop
endfacet
facet normal 0 0 -1
outer loop
vertex 77.27516174316406 -3.1105682849884033 0.20000000298023224
vertex 75.2723388671875 -20.89025115966797 0.20000000298023224
vertex 75.27535247802734 -1.8902506828308105 0.20000000298023224
endloop
endfacet
facet normal 0 0 -1
outer loop
vertex 76.56483459472656 -2.390455484390259 0.20000000298023224
vertex 77.27527618408203 -2.390568256378174 0.20000000298023224
vertex 77.27516174316406 -3.1105682849884033 0.20000000298023224
endloop
endfacet
facet normal 0.0001578748549123291 0.9999999875377651 0
outer loop
vertex 76.56504821777344 -20.89045524597168 0.20000000298023224
vertex 76.56504821777344 -20.89045524597168 0
vertex 75.2723388671875 -20.89025115966797 0.20000000298023224
endloop
endfacet
facet normal 0 0 -1
outer loop
vertex 76.56483459472656 -2.390455484390259 0.20000000298023224
vertex 77.27516174316406 -3.1105682849884033 0.20000000298023224
vertex 75.27535247802734 -1.8902506828308105 0.20000000298023224
endloop
endfacet
facet normal -0.00015882559824290023 -0.9999999873872145 0
outer loop
vertex 75.27535247802734 -1.8902506828308105 0
vertex 76.56482696533203 -1.8904554843902588 0
vertex 76.56482696533203 -1.8904554843902588 0.20000000298023224
endloop
endfacet
facet normal -0.00015882559824290023 -0.9999999873872145 0
outer loop
vertex 75.27535247802734 -1.8902506828308105 0.20000000298023224
vertex 75.27535247802734 -1.8902506828308105 0
vertex 76.56482696533203 -1.8904554843902588 0.20000000298023224
endloop
endfacet
facet normal 0.9999999874212591 -0.00015861110180482828 0
outer loop
vertex 75.27875518798828 19.53707504272461 0.20000000298023224
vertex 75.27574157714844 0.5370758771896362 0
vertex 75.27875518798828 19.53707504272461 0
endloop
endfacet
facet normal 0.0001588301205108002 0.9999999873864963 0
outer loop
vertex 76.56480407714844 0.5368711352348328 0
vertex 75.27574157714844 0.5370758771896362 0
vertex 75.27574157714844 0.5370758771896362 0.20000000298023224
endloop
endfacet
facet normal 0.0001588301205108002 0.9999999873864963 0
outer loop
vertex 76.56480407714844 0.5368711352348328 0.20000000298023224
vertex 76.56480407714844 0.5368711352348328 0
vertex 75.27574157714844 0.5370758771896362 0.20000000298023224
endloop
endfacet
facet normal 0 0 -1
outer loop
vertex 77.278564453125 18.316757202148438 0.20000000298023224
vertex 75.27574157714844 0.5370758771896362 0.20000000298023224
vertex 75.27875518798828 19.53707504272461 0.20000000298023224
endloop
endfacet
facet normal 0 0 -1
outer loop
vertex 76.56459045410156 19.0368709564209 0.20000000298023224
vertex 77.27867889404297 19.036758422851562 0.20000000298023224
vertex 77.278564453125 18.316757202148438 0.20000000298023224
endloop
endfacet
facet normal -0.00015871885498769617 -0.9999999874041625 0
outer loop
vertex 75.27875518798828 19.53707504272461 0
vertex 76.56459045410156 19.5368709564209 0
vertex 76.56459045410156 19.5368709564209 0.20000000298023224
endloop
endfacet
facet normal 0 0 -1
outer loop
vertex 76.56480407714844 0.5368711352348328 0.20000000298023224
vertex 75.27574157714844 0.5370758771896362 0.20000000298023224
vertex 76.5647964477539 1.0368711948394775 0.20000000298023224
endloop
endfacet
facet normal -0.00015871885498769617 -0.9999999874041625 0
outer loop
vertex 75.27875518798828 19.53707504272461 0.20000000298023224
vertex 75.27875518798828 19.53707504272461 0
vertex 76.56459045410156 19.5368709564209 0.20000000298023224
endloop
endfacet
facet normal 0 0 -1
outer loop
vertex 76.5647964477539 1.0368711948394775 0.20000000298023224
vertex 77.278564453125 18.316757202148438 0.20000000298023224
vertex 77.27581787109375 1.0367581844329834 0.20000000298023224
endloop
endfacet
facet normal 0 0 -1
outer loop
vertex 76.56459045410156 19.0368709564209 0.20000000298023224
vertex 77.278564453125 18.316757202148438 0.20000000298023224
vertex 75.27875518798828 19.53707504272461 0.20000000298023224
endloop
endfacet
facet normal 0 0 -1
outer loop
vertex 76.5647964477539 1.0368711948394775 0.20000000298023224
vertex 75.27574157714844 0.5370758771896362 0.20000000298023224
vertex 77.278564453125 18.316757202148438 0.20000000298023224
endloop
endfacet
facet normal 0 0 -1
outer loop
vertex 76.56459045410156 19.0368709564209 0.20000000298023224
vertex 75.27875518798828 19.53707504272461 0.20000000298023224
vertex 76.56459045410156 19.5368709564209 0.20000000298023224
endloop
endfacet
facet normal 0.9999999874212591 -0.00015861110180482828 0
outer loop
vertex 75.27574157714844 0.5370758771896362 0.20000000298023224
vertex 75.27574157714844 0.5370758771896362 0
vertex 75.27875518798828 19.53707504272461 0.20000000298023224
endloop
endfacet
facet normal -0.00003961407088690739 0.9999999992153626 0
outer loop
vertex -65.12107849121094 14.928609848022461 0
vertex -66.42108154296875 14.928558349609375 0
vertex -66.42108154296875 14.928558349609375 0.20000000298023224
endloop
endfacet
facet normal 0 0 -1
outer loop
vertex -67.12113189697266 16.148529052734375 0.20000000298023224
vertex -67.12181854248047 33.428531646728516 0.20000000298023224
vertex -66.42182159423828 33.428558349609375 0.20000000298023224
endloop
endfacet
facet normal -0.00003961407088690739 0.9999999992153626 0
outer loop
vertex -65.12107849121094 14.928609848022461 0
vertex -66.42108154296875 14.928558349609375 0.20000000298023224
vertex -65.12107849121094 14.928609848022461 0.20000000298023224
endloop
endfacet
facet normal 0 0 -1
outer loop
vertex -65.12184143066406 33.92860794067383 0.20000000298023224
vertex -66.42182159423828 33.428558349609375 0.20000000298023224
vertex -66.42183685302734 33.928558349609375 0.20000000298023224
endloop
endfacet
facet normal 0 0 -1
outer loop
vertex -65.12107849121094 14.928609848022461 0.20000000298023224
vertex -66.42108154296875 14.928558349609375 0.20000000298023224
vertex -66.42110443115234 15.428558349609375 0.20000000298023224
endloop
endfacet
facet normal 0.000038147106954338465 -0.9999999992723991 0
outer loop
vertex -66.42183685302734 33.928558349609375 0.20000000298023224
vertex -66.42183685302734 33.928558349609375 0
vertex -65.12184143066406 33.92860794067383 0.20000000298023224
endloop
endfacet
facet normal 0.000038147106954338465 -0.9999999992723991 0
outer loop
vertex -65.12184143066406 33.92860794067383 0
vertex -65.12184143066406 33.92860794067383 0.20000000298023224
vertex -66.42183685302734 33.928558349609375 0
endloop
endfacet
facet normal 0 0 -1
outer loop
vertex -66.42110443115234 15.428558349609375 0.20000000298023224
vertex -67.12113189697266 16.148529052734375 0.20000000298023224
vertex -65.12107849121094 14.928609848022461 0.20000000298023224
endloop
endfacet
facet normal -0.9999999991937996 -0.000040154712057839634 0
outer loop
vertex -65.12107849121094 14.928609848022461 0
vertex -65.12107849121094 14.928609848022461 0.20000000298023224
vertex -65.12184143066406 33.92860794067383 0
endloop
endfacet
facet normal 0 0 -1
outer loop
vertex -65.12107849121094 14.928609848022461 0.20000000298023224
vertex -67.12113189697266 16.148529052734375 0.20000000298023224
vertex -65.12184143066406 33.92860794067383 0.20000000298023224
endloop
endfacet
facet normal -0.9999999991937996 -0.000040154712057839634 0
outer loop
vertex -65.12184143066406 33.92860794067383 0
vertex -65.12107849121094 14.928609848022461 0.20000000298023224
vertex -65.12184143066406 33.92860794067383 0.20000000298023224
endloop
endfacet
facet normal 0 0 -1
outer loop
vertex -65.12184143066406 33.92860794067383 0.20000000298023224
vertex -67.12113189697266 16.148529052734375 0.20000000298023224
vertex -66.42182159423828 33.428558349609375 0.20000000298023224
endloop
endfacet
facet normal 0 0 -1
outer loop
vertex -67.12110137939453 15.428529739379883 0.20000000298023224
vertex -67.12113189697266 16.148529052734375 0.20000000298023224
vertex -66.42110443115234 15.428558349609375 0.20000000298023224
endloop
endfacet
facet normal -0.9999999991937998 -0.00004015470802683779 0
outer loop
vertex -65.12103271484375 13.66309642791748 0
vertex -65.12026977539062 -5.3369035720825195 0.20000000298023224
vertex -65.12103271484375 13.66309642791748 0.20000000298023224
endloop
endfacet
facet normal 0 0 -1
outer loop
vertex -65.12103271484375 13.66309642791748 0.20000000298023224
vertex -66.42101287841797 13.163043975830078 0.20000000298023224
vertex -66.42102813720703 13.663043975830078 0.20000000298023224
endloop
endfacet
facet normal 0.00004034790158283446 -0.9999999991860234 0
outer loop
vertex -66.42102813720703 13.663043975830078 0.20000000298023224
vertex -66.42102813720703 13.663043975830078 0
vertex -65.12103271484375 13.66309642791748 0.20000000298023224
endloop
endfacet
facet normal 0.00004034790158283446 -0.9999999991860234 0
outer loop
vertex -66.42102813720703 13.663043975830078 0
vertex -65.12103271484375 13.66309642791748 0
vertex -65.12103271484375 13.66309642791748 0.20000000298023224
endloop
endfacet
facet normal 0 0 -1
outer loop
vertex -67.12032318115234 -4.116983890533447 0.20000000298023224
vertex -67.12100982666016 13.163016319274902 0.20000000298023224
vertex -66.42101287841797 13.163043975830078 0.20000000298023224
endloop
endfacet
facet normal -0.9999999991937998 -0.00004015470802683779 0
outer loop
vertex -65.12026977539062 -5.3369035720825195 0
vertex -65.12026977539062 -5.3369035720825195 0.20000000298023224
vertex -65.12103271484375 13.66309642791748 0
endloop
endfacet
facet normal 0 0 -1
outer loop
vertex -65.12026977539062 -5.3369035720825195 0.20000000298023224
vertex -67.12032318115234 -4.116983890533447 0.20000000298023224
vertex -65.12103271484375 13.66309642791748 0.20000000298023224
endloop
endfacet
facet normal -0.00003998086783898032 0.9999999992007651 0
outer loop
vertex -65.12026977539062 -5.3369035720825195 0
vertex -66.42027282714844 -5.336955547332764 0
vertex -66.42027282714844 -5.336955547332764 0.20000000298023224
endloop
endfacet
facet normal 0 0 -1
outer loop
vertex -65.12103271484375 13.66309642791748 0.20000000298023224
vertex -67.12032318115234 -4.116983890533447 0.20000000298023224
vertex -66.42101287841797 13.163043975830078 0.20000000298023224
endloop
endfacet
facet normal 0 0 -1
outer loop
vertex -66.4202880859375 -4.836955547332764 0.20000000298023224
vertex -67.12032318115234 -4.116983890533447 0.20000000298023224
vertex -65.12026977539062 -5.3369035720825195 0.20000000298023224
endloop
endfacet
facet normal 0 0 -1
outer loop
vertex -67.12029266357422 -4.836983680725098 0.20000000298023224
vertex -67.12032318115234 -4.116983890533447 0.20000000298023224
vertex -66.4202880859375 -4.836955547332764 0.20000000298023224
endloop
endfacet
facet normal 0 0 -1
outer loop
vertex -65.12026977539062 -5.3369035720825195 0.20000000298023224
vertex -66.42027282714844 -5.336955547332764 0.20000000298023224
vertex -66.4202880859375 -4.836955547332764 0.20000000298023224
endloop
endfacet
facet normal -0.00003998086783898032 0.9999999992007651 0
outer loop
vertex -66.42027282714844 -5.336955547332764 0.20000000298023224
vertex -65.12026977539062 -5.3369035720825195 0.20000000298023224
vertex -65.12026977539062 -5.3369035720825195 0
endloop
endfacet
facet normal 0 0 -1
outer loop
vertex -66.41947937011719 -25.102468490600586 0.20000000298023224
vertex -67.1195068359375 -24.382497787475586 0.20000000298023224
vertex -65.11946105957031 -25.6024169921875 0.20000000298023224
endloop
endfacet
facet normal 0.00003998086783898032 -0.9999999992007651 0
outer loop
vertex -66.42021942138672 -6.602469444274902 0
vertex -65.1202163696289 -6.602417469024658 0
vertex -65.1202163696289 -6.602417469024658 0.20000000298023224
endloop
endfacet
facet normal -0.00003961407088690739 0.9999999992153626 0
outer loop
vertex -65.11946105957031 -25.6024169921875 0
vertex -66.41946411132812 -25.602468490600586 0
vertex -66.41946411132812 -25.602468490600586 0.20000000298023224
endloop
endfacet
facet normal 0 0 -1
outer loop
vertex -65.11946105957031 -25.6024169921875 0.20000000298023224
vertex -66.41946411132812 -25.602468490600586 0.20000000298023224
vertex -66.41947937011719 -25.102468490600586 0.20000000298023224
endloop
endfacet
facet normal 0.00003998086783898032 -0.9999999992007651 0
outer loop
vertex -66.42021942138672 -6.602469444274902 0.20000000298023224
vertex -66.42021942138672 -6.602469444274902 0
vertex -65.1202163696289 -6.602417469024658 0.20000000298023224
endloop
endfacet
facet normal -0.9999999992098431 -0.00003975316194488007 0
outer loop
vertex -65.1202163696289 -6.602417469024658 0
vertex -65.11946105957031 -25.6024169921875 0.20000000298023224
vertex -65.1202163696289 -6.602417469024658 0.20000000298023224
endloop
endfacet
facet normal 0 0 -1
outer loop
vertex -65.11946105957031 -25.6024169921875 0.20000000298023224
vertex -67.1195068359375 -24.382497787475586 0.20000000298023224
vertex -65.1202163696289 -6.602417469024658 0.20000000298023224
endloop
endfacet
facet normal 0 0 -1
outer loop
vertex -65.1202163696289 -6.602417469024658 0.20000000298023224
vertex -66.42019653320312 -7.102469444274902 0.20000000298023224
vertex -66.42021942138672 -6.602469444274902 0.20000000298023224
endloop
endfacet
facet normal -0.00003961407088690739 0.9999999992153626 0
outer loop
vertex -65.11946105957031 -25.6024169921875 0
vertex -66.41946411132812 -25.602468490600586 0.20000000298023224
vertex -65.11946105957031 -25.6024169921875 0.20000000298023224
endloop
endfacet
facet normal 0 0 -1
outer loop
vertex -65.1202163696289 -6.602417469024658 0.20000000298023224
vertex -67.1195068359375 -24.382497787475586 0.20000000298023224
vertex -66.42019653320312 -7.102469444274902 0.20000000298023224
endloop
endfacet
facet normal 0 0 -1
outer loop
vertex -67.1194839477539 -25.102497100830078 0.20000000298023224
vertex -67.1195068359375 -24.382497787475586 0.20000000298023224
vertex -66.41947937011719 -25.102468490600586 0.20000000298023224
endloop
endfacet
facet normal -0.9999999992098431 -0.00003975316194488007 0
outer loop
vertex -65.1202163696289 -6.602417469024658 0
vertex -65.11946105957031 -25.6024169921875 0
vertex -65.11946105957031 -25.6024169921875 0.20000000298023224
endloop
endfacet
facet normal 0 0 -1
outer loop
vertex -67.1195068359375 -24.382497787475586 0.20000000298023224
vertex -67.12020111083984 -7.102497577667236 0.20000000298023224
vertex -66.42019653320312 -7.102469444274902 0.20000000298023224
endloop
endfacet
facet normal 0 0 -1
outer loop
vertex -67.11866760253906 -45.368011474609375 0.20000000298023224
vertex -67.11869812011719 -44.64801025390625 0.20000000298023224
vertex -66.41867065429688 -45.367984771728516 0.20000000298023224
endloop
endfacet
facet normal 0.00003961407088690739 -0.9999999992153626 0
outer loop
vertex -66.4194107055664 -26.867982864379883 0
vertex -65.1194076538086 -26.867931365966797 0
vertex -65.1194076538086 -26.867931365966797 0.20000000298023224
endloop
endfacet
facet normal 0.00003961407088690739 -0.9999999992153626 0
outer loop
vertex -66.4194107055664 -26.867982864379883 0.20000000298023224
vertex -66.4194107055664 -26.867982864379883 0
vertex -65.1194076538086 -26.867931365966797 0.20000000298023224
endloop
endfacet
facet normal 0 0 -1
outer loop
vertex -65.1194076538086 -26.867931365966797 0.20000000298023224
vertex -67.11869812011719 -44.64801025390625 0.20000000298023224
vertex -66.41938781738281 -27.367982864379883 0.20000000298023224
endloop
endfacet
facet normal 0 0 -1
outer loop
vertex -65.11865234375 -45.8679313659668 0.20000000298023224
vertex -67.11869812011719 -44.64801025390625 0.20000000298023224
vertex -65.1194076538086 -26.867931365966797 0.20000000298023224
endloop
endfacet
facet normal -0.9999999992098431 -0.000039753160947207185 0
outer loop
vertex -65.11865234375 -45.8679313659668 0
vertex -65.11865234375 -45.8679313659668 0.20000000298023224
vertex -65.1194076538086 -26.867931365966797 0
endloop
endfacet
facet normal 0 0 -1
outer loop
vertex -66.41867065429688 -45.367984771728516 0.20000000298023224
vertex -67.11869812011719 -44.64801025390625 0.20000000298023224
vertex -65.11865234375 -45.8679313659668 0.20000000298023224
endloop
endfacet
facet normal 0 0 -1
outer loop
vertex -65.11865234375 -45.8679313659668 0.20000000298023224
vertex -66.41864776611328 -45.867984771728516 0.20000000298023224
vertex -66.41867065429688 -45.367984771728516 0.20000000298023224
endloop
endfacet
facet normal -0.9999999992098431 -0.000039753160947207185 0
outer loop
vertex -65.1194076538086 -26.867931365966797 0
vertex -65.11865234375 -45.8679313659668 0.20000000298023224
vertex -65.1194076538086 -26.867931365966797 0.20000000298023224
endloop
endfacet
facet normal -0.00004108149979220441 0.9999999991561551 0
outer loop
vertex -65.11865234375 -45.8679313659668 0
vertex -66.41864776611328 -45.867984771728516 0
vertex -66.41864776611328 -45.867984771728516 0.20000000298023224
endloop
endfacet
facet normal 0 0 -1
outer loop
vertex -65.1194076538086 -26.867931365966797 0.20000000298023224
vertex -66.41938781738281 -27.367982864379883 0.20000000298023224
vertex -66.4194107055664 -26.867982864379883 0.20000000298023224
endloop
endfacet
facet normal 0 0 -1
outer loop
vertex -67.11869812011719 -44.64801025390625 0.20000000298023224
vertex -67.11939239501953 -27.368011474609375 0.20000000298023224
vertex -66.41938781738281 -27.367982864379883 0.20000000298023224
endloop
endfacet
facet normal -0.00004108149979220441 0.9999999991561551 0
outer loop
vertex -65.11865234375 -45.8679313659668 0
vertex -66.41864776611328 -45.867984771728516 0.20000000298023224
vertex -65.11865234375 -45.8679313659668 0.20000000298023224
endloop
endfacet
facet normal 0.9951844376610333 -0.09802007466480116 0
outer loop
vertex 12.532158851623535 -61.90100860595703 0
vertex 12.554256439208984 -61.67665481567383 0
vertex 12.554256439208984 -61.67665481567383 5
endloop
endfacet
facet normal 0.956941111292252 0.2902821205633403 0
outer loop
vertex 12.619697570800781 -62.341094970703125 0
vertex 12.554256439208984 -62.125362396240234 0
vertex 12.554256439208984 -62.125362396240234 5
endloop
endfacet
facet normal 0.6343905099530386 0.7730127300902123 0
outer loop
vertex 13.043253898620605 -62.85719680786133 0
vertex 12.868986129760742 -62.71417999267578 0
vertex 12.868986129760742 -62.71417999267578 5
endloop
endfacet
facet normal -0.6343925844553703 0.7730110275979483 0
outer loop
vertex 14.495331764221191 -62.71417999267578 0
vertex 14.321064949035645 -62.85719680786133 5
vertex 14.495331764221191 -62.71417999267578 5
endloop
endfacet
facet normal -0.7730089530925516 0.6343951122437477 0
outer loop
vertex 14.495331764221191 -62.71417999267578 5
vertex 14.638349533081055 -62.539913177490234 5
vertex 14.638349533081055 -62.539913177490234 0
endloop
endfacet
facet normal 0.8819190546839591 0.4714008707940113 0
outer loop
vertex 12.725969314575195 -62.539913177490234 0
vertex 12.619697570800781 -62.341094970703125 5
vertex 12.725969314575195 -62.539913177490234 5
endloop
endfacet
facet normal 0.9951844376610333 0.09802007466480116 0
outer loop
vertex 12.554256439208984 -62.125362396240234 5
vertex 12.554256439208984 -62.125362396240234 0
vertex 12.532158851623535 -61.90100860595703 5
endloop
endfacet
facet normal 0.956941111292252 0.2902821205633403 0
outer loop
vertex 12.619697570800781 -62.341094970703125 5
vertex 12.619697570800781 -62.341094970703125 0
vertex 12.554256439208984 -62.125362396240234 5
endloop
endfacet
facet normal 0.9951844376610333 -0.09802007466480116 0
outer loop
vertex 12.532158851623535 -61.90100860595703 0
vertex 12.554256439208984 -61.67665481567383 5
vertex 12.532158851623535 -61.90100860595703 5
endloop
endfacet
facet normal 0.956941111292252 -0.2902821205633403 0
outer loop
vertex 12.619697570800781 -61.46092224121094 5
vertex 12.554256439208984 -61.67665481567383 5
vertex 12.554256439208984 -61.67665481567383 0
endloop
endfacet
facet normal 0.8819190546839591 -0.4714008707940113 0
outer loop
vertex 12.619697570800781 -61.46092224121094 0
vertex 12.725969314575195 -61.26210403442383 5
vertex 12.619697570800781 -61.46092224121094 5
endloop
endfacet
facet normal 0.7730110275979483 -0.6343925844553703 0
outer loop
vertex 12.725969314575195 -61.26210403442383 0
vertex 12.868986129760742 -61.08783721923828 5
vertex 12.725969314575195 -61.26210403442383 5
endloop
endfacet
facet normal 0.6344006209959167 -0.7730044321218316 0
outer loop
vertex 12.868986129760742 -61.08783721923828 0
vertex 13.043253898620605 -60.94481658935547 5
vertex 12.868986129760742 -61.08783721923828 5
endloop
endfacet
facet normal 0.4713925315523721 -0.8819235121010471 0
outer loop
vertex 13.043253898620605 -60.94481658935547 0
vertex 13.242073059082031 -60.83854675292969 5
vertex 13.043253898620605 -60.94481658935547 5
endloop
endfacet
facet normal 0.2902821205633403 -0.956941111292252 0
outer loop
vertex 13.242073059082031 -60.83854675292969 0
vertex 13.457805633544922 -60.77310562133789 5
vertex 13.242073059082031 -60.83854675292969 5
endloop
endfacet
facet normal 0.0980242643089155 -0.9951840249957271 0
outer loop
vertex 13.457805633544922 -60.77310562133789 0
vertex 13.682159423828125 -60.751007080078125 5
vertex 13.457805633544922 -60.77310562133789 5
endloop
endfacet
facet normal -0.8819208133813415 0.47139758052496705 0
outer loop
vertex 14.744620323181152 -62.341094970703125 0
vertex 14.638349533081055 -62.539913177490234 5
vertex 14.744620323181152 -62.341094970703125 5
endloop
endfacet
facet normal -0.9569399361851862 0.29028599438121616 0
outer loop
vertex 14.810062408447266 -62.125362396240234 0
vertex 14.744620323181152 -62.341094970703125 5
vertex 14.810062408447266 -62.125362396240234 5
endloop
endfacet
facet normal -0.9569399361851862 -0.29028599438121616 0
outer loop
vertex 14.744620323181152 -61.46092224121094 0
vertex 14.810062408447266 -61.67665481567383 5
vertex 14.744620323181152 -61.46092224121094 5
endloop
endfacet
facet normal -0.0980242643089155 -0.9951840249957271 0
outer loop
vertex 13.682159423828125 -60.751007080078125 0
vertex 13.906513214111328 -60.77310562133789 5
vertex 13.682159423828125 -60.751007080078125 5
endloop
endfacet
facet normal -0.29028329566854627 -0.9569407548306256 0
outer loop
vertex 13.906513214111328 -60.77310562133789 0
vertex 14.122244834899902 -60.83854675292969 5
vertex 13.906513214111328 -60.77310562133789 5
endloop
endfacet
facet normal 0.2902821205633403 -0.956941111292252 0
outer loop
vertex 13.457805633544922 -60.77310562133789 5
vertex 13.242073059082031 -60.83854675292969 0
vertex 13.457805633544922 -60.77310562133789 0
endloop
endfacet
facet normal -0.4713907728797535 -0.8819244521181102 0
outer loop
vertex 14.122244834899902 -60.83854675292969 0
vertex 14.321064949035645 -60.94481658935547 5
vertex 14.122244834899902 -60.83854675292969 5
endloop
endfacet
facet normal -0.6344026954867736 -0.7730027295935741 0
outer loop
vertex 14.321064949035645 -60.94481658935547 0
vertex 14.495331764221191 -61.08783721923828 5
vertex 14.321064949035645 -60.94481658935547 5
endloop
endfacet
facet normal -0.8819208133813415 -0.47139758052496705 0
outer loop
vertex 14.744620323181152 -61.46092224121094 5
vertex 14.638349533081055 -61.26210403442383 5
vertex 14.638349533081055 -61.26210403442383 0
endloop
endfacet
facet normal -0.7730089530925516 -0.6343951122437477 0
outer loop
vertex 14.638349533081055 -61.26210403442383 5
vertex 14.495331764221191 -61.08783721923828 5
vertex 14.495331764221191 -61.08783721923828 0
endloop
endfacet
facet normal -0.9951848503090435 0.09801588501547505 0
outer loop
vertex 14.810062408447266 -62.125362396240234 5
vertex 14.832159042358398 -61.90100860595703 5
vertex 14.832159042358398 -61.90100860595703 0
endloop
endfacet
facet normal 0.0980242643089155 -0.9951840249957271 0
outer loop
vertex 13.457805633544922 -60.77310562133789 0
vertex 13.682159423828125 -60.751007080078125 0
vertex 13.682159423828125 -60.751007080078125 5
endloop
endfacet
facet normal -0.9951848503090435 -0.09801588501547505 0
outer loop
vertex 14.810062408447266 -61.67665481567383 0
vertex 14.832159042358398 -61.90100860595703 5
vertex 14.810062408447266 -61.67665481567383 5
endloop
endfacet
facet normal -0.8819208133813415 0.47139758052496705 0
outer loop
vertex 14.744620323181152 -62.341094970703125 0
vertex 14.638349533081055 -62.539913177490234 0
vertex 14.638349533081055 -62.539913177490234 5
endloop
endfacet
facet normal 0.47140569256813675 0.8819164773459873 0
outer loop
vertex 13.242073059082031 -62.963470458984375 0
vertex 13.043253898620605 -62.85719680786133 0
vertex 13.043253898620605 -62.85719680786133 5
endloop
endfacet
facet normal -0.9569399361851862 0.29028599438121616 0
outer loop
vertex 14.810062408447266 -62.125362396240234 0
vertex 14.744620323181152 -62.341094970703125 0
vertex 14.744620323181152 -62.341094970703125 5
endloop
endfacet
facet normal -0.9569399361851862 -0.29028599438121616 0
outer loop
vertex 14.810062408447266 -61.67665481567383 5
vertex 14.744620323181152 -61.46092224121094 0
vertex 14.810062408447266 -61.67665481567383 0
endloop
endfacet
facet normal -0.0980242643089155 -0.9951840249957271 0
outer loop
vertex 13.682159423828125 -60.751007080078125 0
vertex 13.906513214111328 -60.77310562133789 0
vertex 13.906513214111328 -60.77310562133789 5
endloop
endfacet
facet normal 0.2902821205633403 0.956941111292252 0
outer loop
vertex 13.242073059082031 -62.963470458984375 5
vertex 13.457805633544922 -63.02891159057617 0
vertex 13.242073059082031 -62.963470458984375 0
endloop
endfacet
facet normal 0.4713925315523721 -0.8819235121010471 0
outer loop
vertex 13.043253898620605 -60.94481658935547 0
vertex 13.242073059082031 -60.83854675292969 0
vertex 13.242073059082031 -60.83854675292969 5
endloop
endfacet
facet normal 0.6344006209959167 -0.7730044321218316 0
outer loop
vertex 12.868986129760742 -61.08783721923828 0
vertex 13.043253898620605 -60.94481658935547 0
vertex 13.043253898620605 -60.94481658935547 5
endloop
endfacet
facet normal 0.09800750570118845 0.9951856755531762 0
outer loop
vertex 13.457805633544922 -63.02891159057617 5
vertex 13.682159423828125 -63.05100631713867 0
vertex 13.457805633544922 -63.02891159057617 0
endloop
endfacet
facet normal -0.29028329566854627 -0.9569407548306256 0
outer loop
vertex 13.906513214111328 -60.77310562133789 0
vertex 14.122244834899902 -60.83854675292969 0
vertex 14.122244834899902 -60.83854675292969 5
endloop
endfacet
facet normal -0.6344026954867736 -0.7730027295935741 0
outer loop
vertex 14.321064949035645 -60.94481658935547 0
vertex 14.495331764221191 -61.08783721923828 0
vertex 14.495331764221191 -61.08783721923828 5
endloop
endfacet
facet normal -0.8819208133813415 -0.47139758052496705 0
outer loop
vertex 14.744620323181152 -61.46092224121094 5
vertex 14.638349533081055 -61.26210403442383 0
vertex 14.744620323181152 -61.46092224121094 0
endloop
endfacet
facet normal -0.09800750570118845 0.9951856755531762 0
outer loop
vertex 13.682159423828125 -63.05100631713867 5
vertex 13.906513214111328 -63.02891159057617 0
vertex 13.682159423828125 -63.05100631713867 0
endloop
endfacet
facet normal -0.7730089530925516 -0.6343951122437477 0
outer loop
vertex 14.638349533081055 -61.26210403442383 0
vertex 14.638349533081055 -61.26210403442383 5
vertex 14.495331764221191 -61.08783721923828 0
endloop
endfacet
facet normal -0.4713907728797535 -0.8819244521181102 0
outer loop
vertex 14.122244834899902 -60.83854675292969 0
vertex 14.321064949035645 -60.94481658935547 0
vertex 14.321064949035645 -60.94481658935547 5
endloop
endfacet
facet normal -0.47140393387447393 0.8819174174080421 0
outer loop
vertex 14.321064949035645 -62.85719680786133 0
vertex 14.122244834899902 -62.963470458984375 5
vertex 14.321064949035645 -62.85719680786133 5
endloop
endfacet
facet normal -0.29028329566854627 0.9569407548306256 0
outer loop
vertex 14.122244834899902 -62.963470458984375 0
vertex 13.906513214111328 -63.02891159057617 5
vertex 14.122244834899902 -62.963470458984375 5
endloop
endfacet
facet normal -0.9951848503090435 0.09801588501547505 0
outer loop
vertex 14.832159042358398 -61.90100860595703 0
vertex 14.810062408447266 -62.125362396240234 0
vertex 14.810062408447266 -62.125362396240234 5
endloop
endfacet
facet normal -0.09800750570118845 0.9951856755531762 0
outer loop
vertex 13.906513214111328 -63.02891159057617 0
vertex 13.682159423828125 -63.05100631713867 5
vertex 13.906513214111328 -63.02891159057617 5
endloop
endfacet
facet normal -0.29028329566854627 0.9569407548306256 0
outer loop
vertex 13.906513214111328 -63.02891159057617 5
vertex 14.122244834899902 -62.963470458984375 0
vertex 13.906513214111328 -63.02891159057617 0
endloop
endfacet
facet normal -0.47140393387447393 0.8819174174080421 0
outer loop
vertex 14.122244834899902 -62.963470458984375 5
vertex 14.321064949035645 -62.85719680786133 0
vertex 14.122244834899902 -62.963470458984375 0
endloop
endfacet
facet normal -0.6343925844553703 0.7730110275979483 0
outer loop
vertex 14.321064949035645 -62.85719680786133 5
vertex 14.495331764221191 -62.71417999267578 0
vertex 14.321064949035645 -62.85719680786133 0
endloop
endfacet
facet normal -0.7730089530925516 0.6343951122437477 0
outer loop
vertex 14.638349533081055 -62.539913177490234 0
vertex 14.495331764221191 -62.71417999267578 0
vertex 14.495331764221191 -62.71417999267578 5
endloop
endfacet
facet normal 0.09800750570118845 0.9951856755531762 0
outer loop
vertex 13.682159423828125 -63.05100631713867 0
vertex 13.457805633544922 -63.02891159057617 5
vertex 13.682159423828125 -63.05100631713867 5
endloop
endfacet
facet normal 0.2902821205633403 0.956941111292252 0
outer loop
vertex 13.457805633544922 -63.02891159057617 0
vertex 13.242073059082031 -62.963470458984375 5
vertex 13.457805633544922 -63.02891159057617 5
endloop
endfacet
facet normal 0.8819190546839591 0.4714008707940113 0
outer loop
vertex 12.725969314575195 -62.539913177490234 0
vertex 12.619697570800781 -62.341094970703125 0
vertex 12.619697570800781 -62.341094970703125 5
endloop
endfacet
facet normal 0.7730110275979483 -0.6343925844553703 0
outer loop
vertex 12.725969314575195 -61.26210403442383 0
vertex 12.868986129760742 -61.08783721923828 0
vertex 12.868986129760742 -61.08783721923828 5
endloop
endfacet
facet normal 0.8819190546839591 -0.4714008707940113 0
outer loop
vertex 12.725969314575195 -61.26210403442383 5
vertex 12.619697570800781 -61.46092224121094 0
vertex 12.725969314575195 -61.26210403442383 0
endloop
endfacet
facet normal 0.956941111292252 -0.2902821205633403 0
outer loop
vertex 12.554256439208984 -61.67665481567383 0
vertex 12.619697570800781 -61.46092224121094 0
vertex 12.619697570800781 -61.46092224121094 5
endloop
endfacet
facet normal 0.7730110275979483 0.6343925844553703 0
outer loop
vertex 12.868986129760742 -62.71417999267578 5
vertex 12.868986129760742 -62.71417999267578 0
vertex 12.725969314575195 -62.539913177490234 5
endloop
endfacet
facet normal 0.6343905099530386 0.7730127300902123 0
outer loop
vertex 13.043253898620605 -62.85719680786133 0
vertex 12.868986129760742 -62.71417999267578 5
vertex 13.043253898620605 -62.85719680786133 5
endloop
endfacet
facet normal 0.47140569256813675 0.8819164773459873 0
outer loop
vertex 13.242073059082031 -62.963470458984375 0
vertex 13.043253898620605 -62.85719680786133 5
vertex 13.242073059082031 -62.963470458984375 5
endloop
endfacet
facet normal -0.9951848503090435 -0.09801588501547505 0
outer loop
vertex 14.810062408447266 -61.67665481567383 0
vertex 14.832159042358398 -61.90100860595703 0
vertex 14.832159042358398 -61.90100860595703 5
endloop
endfacet
facet normal 0.9951844376610333 0.09802007466480116 0
outer loop
vertex 12.554256439208984 -62.125362396240234 0
vertex 12.532158851623535 -61.90100860595703 0
vertex 12.532158851623535 -61.90100860595703 5
endloop
endfacet
facet normal 0.7730110275979483 0.6343925844553703 0
outer loop
vertex 12.868986129760742 -62.71417999267578 0
vertex 12.725969314575195 -62.539913177490234 0
vertex 12.725969314575195 -62.539913177490234 5
endloop
endfacet
endsolid auto-kdk-case
