solid auto-kdk-case
facet normal -0.49934726356782616 -0.8664019334969907 0
outer loop
vertex 1.5125623941421509 -71.05290222167969 -11.449999809265137
vertex 1.839529275894165 -71.24134826660156 -26.702693939208984
vertex 1.839529275894165 -71.24134826660156 -11.38496208190918
endloop
endfacet
facet normal -0.08726147427519311 -0.9961854421277796 0
outer loop
vertex 4.224832534790039 -71.85215759277344 -26.738977432250977
vertex 3.6070470809936523 -71.79804229736328 -1
vertex 3.6070470809936523 -71.79804229736328 -26.778057098388672
endloop
endfacet
facet normal 0.9999999944908219 -0.0001049683203787312 -8.872790617988599e-8
outer loop
vertex 67.11909484863281 33.966426849365234 -10.476171493530273
vertex 67.10856628417969 -66.34388732910156 -1
vertex 67.10859680175781 -66.03181457519531 -26.247692108154297
endloop
endfacet
facet normal -0.15871208793827116 0.9873249075873021 0
outer loop
vertex -72.02686309814453 46.651023864746094 -1
vertex -72.95651245117188 46.501583099365234 -8.706777572631836
vertex -72.95651245117188 46.501583099365234 -1
endloop
endfacet
facet normal 0.9999999944615701 -0.00010523218733158386 -0.0000017454291814260103
outer loop
vertex 67.11275482177734 -26.438730239868164 -1
vertex 67.11063385009766 -46.59389114379883 -1
vertex 67.11909484863281 33.966426849365234 -10.476171493530273
endloop
endfacet
facet normal -0.03961234825146281 0.9992151229169847 0
outer loop
vertex -71.5774917602539 46.66883850097656 -1
vertex -72.02686309814453 46.651023864746094 -8.769783020019531
vertex -72.02686309814453 46.651023864746094 -1
endloop
endfacet
facet normal -0.7777032700223679 -0.6286315302859657 -0.00015141611859066631
outer loop
vertex -76.39324951171875 -65.79725646972656 -26.029584884643555
vertex -76.25273895263672 -65.9710922241211 -26.00901222229004
vertex -76.65702819824219 -65.470947265625 -25.941795349121094
endloop
endfacet
facet normal 0.9953999496730633 -0.09580678572451512 0
outer loop
vertex 77.13724517822266 43.846492767333984 -1
vertex 77.19989013671875 44.497352600097656 -8.56421184539795
vertex 77.19989013671875 44.497352600097656 -1
endloop
endfacet
facet normal -0.5105269510857862 -0.8598612761252122 -0.0009044530793079615
outer loop
vertex -75.26235961914062 -66.6959457397461 -26.108898162841797
vertex -75.1767807006836 -66.74677276611328 -26.09358787536621
vertex -75.29959869384766 -66.67383575439453 -26.108863830566406
endloop
endfacet
facet normal -0.5106219365770658 -0.859805339558908 0.00012630232710427258
outer loop
vertex -75.76024627685547 -66.40025329589844 -26.022581100463867
vertex -75.29959869384766 -66.67383575439453 -26.108863830566406
vertex -75.1767807006836 -66.74677276611328 -26.09358787536621
endloop
endfacet
facet normal -0.3489084302542563 -0.9371568210803946 0
outer loop
vertex -74.57408142089844 -66.97116088867188 -26.079025268554688
vertex -75.1767807006836 -66.74677276611328 -1
vertex -75.1767807006836 -66.74677276611328 -26.09358787536621
endloop
endfacet
facet normal -0.6569686080529208 -0.7539179318951155 0
outer loop
vertex -75.76024627685547 -66.40025329589844 -26.022581100463867
vertex -76.25273895263672 -65.9710922241211 -1
vertex -76.25273895263672 -65.9710922241211 -26.00901222229004
endloop
endfacet
facet normal -0.7776933303066773 -0.6286438451114505 0
outer loop
vertex -76.65702819824219 -65.470947265625 -25.941795349121094
vertex -76.25273895263672 -65.9710922241211 -26.00901222229004
vertex -76.65702819824219 -65.470947265625 -1
endloop
endfacet
facet normal -0.5106333035993154 -0.8597985980770435 0
outer loop
vertex -75.76024627685547 -66.40025329589844 -26.022581100463867
vertex -75.1767807006836 -66.74677276611328 -26.09358787536621
vertex -75.76024627685547 -66.40025329589844 -1
endloop
endfacet
facet normal -0.18120497708320357 -0.9834453499205106 0
outer loop
vertex -74.57408142089844 -66.97116088867188 -26.079025268554688
vertex -73.9861068725586 -67.07949829101562 -26.142038345336914
vertex -74.57408142089844 -66.97116088867188 -1
endloop
endfacet
facet normal -0.18115714518157214 -0.9834541619965442 0.0000011565736152855627
outer loop
vertex -73.9500732421875 -67.08613586425781 -26.141538619995117
vertex -74.57408142089844 -66.97116088867188 -1
vertex -73.9861068725586 -67.07949829101562 -26.142038345336914
endloop
endfacet
facet normal -0.9494225684721825 -0.31400125234729553 -1.1806453114385859e-7
outer loop
vertex -77.0710220336914 -64.60797882080078 -25.92783546447754
vertex -76.9825439453125 -64.87550354003906 -25.902828216552734
vertex -77.18766784667969 -64.25529479980469 -1
endloop
endfacet
facet normal -0.8774440450260794 -0.47967900501092564 0
outer loop
vertex -76.9825439453125 -64.87550354003906 -25.902828216552734
vertex -76.65702819824219 -65.470947265625 -25.941795349121094
vertex -76.9825439453125 -64.87550354003906 -1
endloop
endfacet
facet normal -0.9494200806849965 -0.3140087743871095 0
outer loop
vertex -77.18766784667969 -64.25529479980469 -25.846702575683594
vertex -77.0710220336914 -64.60797882080078 -25.92783546447754
vertex -77.18766784667969 -64.25529479980469 -1
endloop
endfacet
facet normal -0.9869537240396982 -0.16100418194621938 0
outer loop
vertex -77.18766784667969 -64.25529479980469 -25.846702575683594
vertex -77.2712173461914 -63.74313735961914 -1
vertex -77.2712173461914 -63.74313735961914 -25.810028076171875
endloop
endfacet
facet normal -0.9999997853549427 -0.0000539346702105537 -0.0006529786517596476
outer loop
vertex -77.28743743896484 -63.37842559814453 -1
vertex -77.2712173461914 -63.43104934692383 -25.835805892944336
vertex -77.2712173461914 -63.74313735961914 -25.810028076171875
endloop
endfacet
facet normal -0.9556351040784714 -0.2945531324785546 0
outer loop
vertex -77.2712173461914 -63.43104934692383 -25.835805892944336
vertex -77.28743743896484 -63.37842559814453 -1
vertex -77.28743743896484 -63.37842559814453 -25.810977935791016
endloop
endfacet
facet normal -0.00034925266380511904 -0.9999999274026894 -0.0001523718904784056
outer loop
vertex -73.9500732421875 -67.08613586425781 -26.141538619995117
vertex -3.543508291244507 -67.11072540283203 -26.142480850219727
vertex -70.5473403930664 -67.09054565429688 -5
endloop
endfacet
facet normal -0.000020345052079122708 -0.9999999997930393 0
outer loop
vertex 56.89508056640625 -71.85320281982422 -1.5079419612884521
vertex 58.39508056640625 -71.85323333740234 -4
vertex 56.89508056640625 -71.85320281982422 -1
endloop
endfacet
facet normal -0.000020372717857566475 -0.999999999792476 -1.6652368058128414e-8
outer loop
vertex 56.146141052246094 -71.85318756103516 -1.5593247413635254
vertex 58.39508056640625 -71.85323333740234 -4
vertex 56.89508056640625 -71.85320281982422 -1.5079419612884521
endloop
endfacet
facet normal -0.000021623240666001958 -0.9999999997655346 -0.0000011689360028967678
outer loop
vertex 55.44239807128906 -71.8531723022461 -1.5949000120162964
vertex 58.39508056640625 -71.85323333740234 -4
vertex 56.146141052246094 -71.85318756103516 -1.5593247413635254
endloop
endfacet
facet normal 0.7756800815091122 0.6311263036424505 7.965794284843493e-7
outer loop
vertex 66.51094818115234 64.52899932861328 -1
vertex 66.7031478881836 64.29277801513672 -1
vertex 66.10888671875 65.02315521240234 -5.655444145202637
endloop
endfacet
facet normal 0.5408252676251686 0.8411349653227553 -0.000003106797632183146
outer loop
vertex 65.46651458740234 65.59622955322266 -1
vertex 64.67613983154297 66.10440063476562 -5.562192916870117
vertex 65.34191131591797 65.67634582519531 -1
endloop
endfacet
facet normal 0.6657132783760521 0.746207632628702 -6.909193634014357e-7
outer loop
vertex 66.10888671875 65.02315521240234 -1
vertex 65.46651458740234 65.59622955322266 -5.64643669128418
vertex 65.77371215820312 65.32217407226562 -1
endloop
endfacet
facet normal 0.7756837553952216 0.6311217882595767 0
outer loop
vertex 66.51094818115234 64.52899932861328 -1
vertex 66.10888671875 65.02315521240234 -5.655444145202637
vertex 66.10888671875 65.02315521240234 -1
endloop
endfacet
facet normal 0.6657074593070739 0.7462128239469761 0
outer loop
vertex 65.46651458740234 65.59622955322266 -5.64643669128418
vertex 65.46651458740234 65.59622955322266 -1
vertex 65.77371215820312 65.32217407226562 -1
endloop
endfacet
facet normal 0.5408102050155686 0.8411446499568421 0
outer loop
vertex 64.67613983154297 66.10440063476562 -5.562192916870117
vertex 64.67613983154297 66.10440063476562 -1
vertex 65.34191131591797 65.67634582519531 -1
endloop
endfacet
facet normal 0.40062722694082087 0.9162411391296877 2.0015100911657353e-7
outer loop
vertex 64.67613983154297 66.10440063476562 -1
vertex 63.88739776611328 66.44927978515625 -5.592389106750488
vertex 64.11344146728516 66.3504409790039 -1
endloop
endfacet
facet normal 0.40063064061893316 0.9162396464884409 0
outer loop
vertex 63.88739776611328 66.44927978515625 -5.592389106750488
vertex 63.88739776611328 66.44927978515625 -1
vertex 64.11344146728516 66.3504409790039 -1
endloop
endfacet
facet normal 0.25240206545077926 0.9676224456657568 0
outer loop
vertex 62.978179931640625 66.68644714355469 -5.515110969543457
vertex 62.978179931640625 66.68644714355469 -1
vertex 63.88739776611328 66.44927978515625 -1
endloop
endfacet
facet normal -0.00030630849263152003 -0.9999999530844618 -0.000002486333531078667
outer loop
vertex -3.543508291244507 -67.11072540283203 -26.142480850219727
vertex -3.169590473175049 -67.11083984375 -26.180002212524414
vertex -10.48743724822998 -67.10863494873047 -11.449999809265137
endloop
endfacet
facet normal -0.8182370877752154 -0.5748809165289228 0
outer loop
vertex -0.42199644446372986 -69.17388916015625 -26.49225425720215
vertex -0.06548313051462173 -69.68132019042969 -26.534076690673828
vertex -0.42199644446372986 -69.17388916015625 -11.449999809265137
endloop
endfacet
facet normal -0.1329541625251452 -0.9911221875567297 0
outer loop
vertex -3.169590473175049 -67.11083984375 -26.180002212524414
vertex -2.8935799598693848 -67.14786529541016 -26.224937438964844
vertex -3.169590473175049 -67.11083984375 -11.449999809265137
endloop
endfacet
facet normal -0.1329022067529332 -0.9911291557810336 9.880475556257311e-7
outer loop
vertex -2.8935799598693848 -67.14786529541016 -26.224937438964844
vertex -2.7094051837921143 -67.17256164550781 -26.263856887817383
vertex -3.169590473175049 -67.11083984375 -11.449999809265137
endloop
endfacet
facet normal -0.28428637537827284 -0.9587394102540501 0
outer loop
vertex -2.7094051837921143 -67.17256164550781 -26.263856887817383
vertex -2.2642557621002197 -67.30455780029297 -26.316804885864258
vertex -2.7094051837921143 -67.17256164550781 -11.449999809265137
endloop
endfacet
facet normal -0.8681559444105698 -0.4962915032363457 0
outer loop
vertex -0.836616039276123 -68.44860076904297 -26.50086212158203
vertex -0.42199644446372986 -69.17388916015625 -26.49225425720215
vertex -0.836616039276123 -68.44860076904297 -11.449999809265137
endloop
endfacet
facet normal -0.6838581446634642 -0.7296149929774137 -1.1481360764974879e-7
outer loop
vertex -1.2345812320709229 -67.97740936279297 -26.421966552734375
vertex -1.1223323345184326 -68.0826187133789 -26.450115203857422
vertex -1.4611002206802368 -67.76509857177734 -11.449999809265137
endloop
endfacet
facet normal -0.6838472158705303 -0.7296252362316464 1.957890413205151e-7
outer loop
vertex -1.383195400238037 -67.83811950683594 -26.376420974731445
vertex -1.2345812320709229 -67.97740936279297 -26.421966552734375
vertex -1.4611002206802368 -67.76509857177734 -11.449999809265137
endloop
endfacet
facet normal -0.42882345531207394 -0.9033883130604545 0
outer loop
vertex -2.2642557621002197 -67.30455780029297 -26.316804885864258
vertex -2.0186665058135986 -67.42113494873047 -26.319751739501953
vertex -2.2642557621002197 -67.30455780029297 -11.449999809265137
endloop
endfacet
facet normal -0.42884529094070734 -0.9033779477257636 -8.762481300028542e-7
outer loop
vertex -1.9802403450012207 -67.43936920166016 -26.316884994506836
vertex -1.8448050022125244 -67.503662109375 -26.332813262939453
vertex -2.2642557621002197 -67.30455780029297 -11.449999809265137
endloop
endfacet
facet normal -0.42870830338967647 -0.9034429647738228 0.0000023303156667194078
outer loop
vertex -2.2642557621002197 -67.30455780029297 -11.449999809265137
vertex -2.0186665058135986 -67.42113494873047 -26.319751739501953
vertex -1.9802403450012207 -67.43936920166016 -26.316884994506836
endloop
endfacet
facet normal -0.5630719908747865 -0.8264078491231214 -1.8139117554795515e-8
outer loop
vertex -1.669339895248413 -67.62321472167969 -26.330303192138672
vertex -1.4611002206802368 -67.76509857177734 -26.371854782104492
vertex -1.8448050022125244 -67.503662109375 -11.449999809265137
endloop
endfacet
facet normal -0.5630709403008877 -0.8264085649294023 0
outer loop
vertex -1.8448050022125244 -67.503662109375 -26.332813262939453
vertex -1.669339895248413 -67.62321472167969 -26.330303192138672
vertex -1.8448050022125244 -67.503662109375 -11.449999809265137
endloop
endfacet
facet normal -0.6838671851650958 -0.7296065193337904 0
outer loop
vertex -1.4611002206802368 -67.76509857177734 -26.371854782104492
vertex -1.383195400238037 -67.83811950683594 -26.376420974731445
vertex -1.4611002206802368 -67.76509857177734 -11.449999809265137
endloop
endfacet
facet normal -0.7882408102624404 -0.6153669027798061 0
outer loop
vertex -1.1223323345184326 -68.0826187133789 -26.450115203857422
vertex -0.836616039276123 -68.44860076904297 -26.50086212158203
vertex -1.1223323345184326 -68.0826187133789 -11.449999809265137
endloop
endfacet
facet normal -0.0003013037833700932 -0.9999999546080139 0
outer loop
vertex -10.48743724822998 -67.10863494873047 -11.449999809265137
vertex -3.169590473175049 -67.11083984375 -26.180002212524414
vertex -3.169590473175049 -67.11083984375 -11.449999809265137
endloop
endfacet
facet normal -0.8182370877752154 -0.5748809165289228 0
outer loop
vertex -0.42199644446372986 -69.17388916015625 -11.449999809265137
vertex -0.06548313051462173 -69.68132019042969 -26.534076690673828
vertex -0.06548313051462173 -69.68132019042969 -11.449999809265137
endloop
endfacet
facet normal -0.1329334510686426 -0.9911249656763675 0
outer loop
vertex -3.169590473175049 -67.11083984375 -11.449999809265137
vertex -2.7094051837921143 -67.17256164550781 -26.263856887817383
vertex -2.7094051837921143 -67.17256164550781 -11.449999809265137
endloop
endfacet
facet normal -0.4288199175323319 -0.9033899923773586 0
outer loop
vertex -2.2642557621002197 -67.30455780029297 -11.449999809265137
vertex -1.8448050022125244 -67.503662109375 -26.332813262939453
vertex -1.8448050022125244 -67.503662109375 -11.449999809265137
endloop
endfacet
facet normal -0.2842863753782729 -0.9587394102540501 0
outer loop
vertex -2.7094051837921143 -67.17256164550781 -11.449999809265137
vertex -2.2642557621002197 -67.30455780029297 -26.316804885864258
vertex -2.2642557621002197 -67.30455780029297 -11.449999809265137
endloop
endfacet
facet normal -0.5630715091146243 -0.8264081773696212 0
outer loop
vertex -1.8448050022125244 -67.503662109375 -11.449999809265137
vertex -1.4611002206802368 -67.76509857177734 -26.371854782104492
vertex -1.4611002206802368 -67.76509857177734 -11.449999809265137
endloop
endfacet
facet normal -0.6838554383662345 -0.7296175295433391 0
outer loop
vertex -1.4611002206802368 -67.76509857177734 -11.449999809265137
vertex -1.1223323345184326 -68.0826187133789 -26.450115203857422
vertex -1.1223323345184326 -68.0826187133789 -11.449999809265137
endloop
endfacet
facet normal -0.7882408102624404 -0.6153669027798061 0
outer loop
vertex -1.1223323345184326 -68.0826187133789 -11.449999809265137
vertex -0.836616039276123 -68.44860076904297 -26.50086212158203
vertex -0.836616039276123 -68.44860076904297 -11.449999809265137
endloop
endfacet
facet normal -0.8681559444105696 -0.49629150323634563 0
outer loop
vertex -0.836616039276123 -68.44860076904297 -11.449999809265137
vertex -0.42199644446372986 -69.17388916015625 -26.49225425720215
vertex -0.42199644446372986 -69.17388916015625 -11.449999809265137
endloop
endfacet
facet normal -0.000022265296852362676 -0.999999999750213 -0.0000019571726969035992
outer loop
vertex 54.75979232788086 -71.85315704345703 -1.6257452964782715
vertex 58.39508056640625 -71.85323333740234 -4
vertex 55.44239807128906 -71.8531723022461 -1.5949000120162964
endloop
endfacet
facet normal -0.000018864296337966082 -0.9999999998167873 0.0000032501949692297044
outer loop
vertex 53.540672302246094 -71.85313415527344 -1.6594841480255127
vertex 58.39508056640625 -71.85323333740234 -4
vertex 54.75979232788086 -71.85315704345703 -1.6257452964782715
endloop
endfacet
facet normal -0.000020435869851939142 -0.9999999997911876 -9.368280499674284e-9
outer loop
vertex 53.540672302246094 -71.85313415527344 -1.6594841480255127
vertex 52.79507827758789 -71.85311889648438 -4
vertex 58.39508056640625 -71.85323333740234 -4
endloop
endfacet
facet normal -0.31337345806883776 0.9496299678179803 0
outer loop
vertex -72.95651245117188 46.501583099365234 -1
vertex -73.77400207519531 46.231815338134766 -8.782125473022461
vertex -73.77400207519531 46.231815338134766 -1
endloop
endfacet
facet normal -0.4580331892684571 0.888935091853458 2.2368908366171706e-7
outer loop
vertex -73.77400207519531 46.231815338134766 -1
vertex -74.60928344726562 45.801429748535156 -8.765970230102539
vertex -74.06871795654297 46.079959869384766 -1
endloop
endfacet
facet normal -0.45803064985595565 0.8889364003079923 0
outer loop
vertex -74.60928344726562 45.801429748535156 -8.765970230102539
vertex -74.60928344726562 45.801429748535156 -1
vertex -74.06871795654297 46.079959869384766 -1
endloop
endfacet
facet normal -0.5931632129843296 0.8050822335402184 0
outer loop
vertex -74.60928344726562 45.801429748535156 -1
vertex -75.30233764648438 45.29080581665039 -8.845568656921387
vertex -75.30233764648438 45.29080581665039 -1
endloop
endfacet
facet normal 0.00030686927755341214 0.9999999529156222 0
outer loop
vertex -71.5774917602539 46.66883850097656 -1
vertex -65.74734497070312 46.667049407958984 -1.100000023841858
vertex -65.74734497070312 46.667049407958984 -2.5
endloop
endfacet
facet normal 0.00022418537928362738 0.9999999232302142 -0.0003213728072901153
outer loop
vertex -65.74734497070312 46.667049407958984 -2.5
vertex -65.5473403930664 46.666683197021484 -3.5
vertex -71.5774917602539 46.66883850097656 -1
endloop
endfacet
facet normal 0.0003067645271302961 0.9999999064789866 -0.0003048565935689594
outer loop
vertex -65.5473403930664 46.666683197021484 -3.5
vertex -65.74734497070312 46.667049407958984 -2.5
vertex -63.34733963012695 46.66631317138672 -2.5
endloop
endfacet
facet normal 0.0003067645413795487 0.9999999529291137 -0.000006106271463523236
outer loop
vertex -65.74734497070312 46.667049407958984 -1.100000023841858
vertex -71.5774917602539 46.66883850097656 -1
vertex -63.34733963012695 46.66631317138672 -1.100000023841858
endloop
endfacet
facet normal 0.0003068594070741967 0.9999999529186511 0
outer loop
vertex -63.54737091064453 46.66637420654297 -8.727374076843262
vertex -63.54737091064453 46.66637420654297 -3.5
vertex -33.22714614868164 46.65707015991211 -1
endloop
endfacet
facet normal -0.711776189250642 0.7024063328414929 0
outer loop
vertex -75.30233764648438 45.29080581665039 -1
vertex -75.96234893798828 44.62199020385742 -8.870563507080078
vertex -75.96234893798828 44.62199020385742 -1
endloop
endfacet
facet normal -0.8141271547746055 0.5806866417081827 5.275207151028081e-7
outer loop
vertex -75.96234893798828 44.62199020385742 -1
vertex -76.46223449707031 43.9211540222168 -8.960301399230957
vertex -76.31613159179688 44.12598419189453 -1
endloop
endfacet
facet normal -0.8141174628709673 0.5807002295922907 0
outer loop
vertex -76.46223449707031 43.9211540222168 -8.960301399230957
vertex -76.46223449707031 43.9211540222168 -1
vertex -76.31613159179688 44.12598419189453 -1
endloop
endfacet
facet normal -0.8949267903130643 0.4462129984435199 0
outer loop
vertex -76.46223449707031 43.9211540222168 -1
vertex -76.88151550292969 43.08024215698242 -9.016475677490234
vertex -76.88151550292969 43.08024215698242 -1
endloop
endfacet
facet normal -0.9543473377502014 0.2986991110283107 0
outer loop
vertex -76.88151550292969 43.08024215698242 -1
vertex -77.1386489868164 42.258697509765625 -9.096590995788574
vertex -77.1386489868164 42.258697509765625 -1
endloop
endfacet
facet normal -0.9893179992681873 0.14577344176448803 3.552539960997939e-7
outer loop
vertex -77.16511535644531 42.079078674316406 -1
vertex -77.1386489868164 42.258697509765625 -1
vertex -77.27562713623047 41.3290901184082 -9.106295585632324
endloop
endfacet
facet normal -0.9893174455020498 0.14577719995012528 0
outer loop
vertex -77.16511535644531 42.079078674316406 -1
vertex -77.27562713623047 41.3290901184082 -9.106295585632324
vertex -77.27562713623047 41.3290901184082 -1
endloop
endfacet
facet normal 0.00030685940707419665 0.999999952918651 0
outer loop
vertex -33.22714614868164 46.65707015991211 -8.61848258972168
vertex -63.54737091064453 46.66637420654297 -8.727374076843262
vertex -33.22714614868164 46.65707015991211 -1
endloop
endfacet
facet normal 0.0001544973310887322 0.9999982807802532 0.00184785473256997
outer loop
vertex -63.54737091064453 46.66637420654297 -3.5
vertex -65.5473403930664 46.666683197021484 -3.5
vertex -33.22714614868164 46.65707015991211 -1
endloop
endfacet
facet normal 0.00032393399523362315 0.9999998888359096 -0.0003426294430239342
outer loop
vertex -33.22714614868164 46.65707015991211 -1
vertex -65.5473403930664 46.666683197021484 -3.5
vertex -63.34733963012695 46.66631317138672 -2.5
endloop
endfacet
facet normal 0.0003068709052316416 0.9999999529151227 0
outer loop
vertex -33.22714614868164 46.65707015991211 -1
vertex -63.34733963012695 46.66631317138672 -2.5
vertex -63.34733963012695 46.66631317138672 -1.100000023841858
endloop
endfacet
facet normal 0.00030686400142351274 0.9999999529150791 0.000002079439866199365
outer loop
vertex -63.34733963012695 46.66631317138672 -1.100000023841858
vertex -71.5774917602539 46.66883850097656 -1
vertex -33.22714614868164 46.65707015991211 -1
endloop
endfacet
facet normal -0.42748231760182775 0.9040237099422613 0
outer loop
vertex 25.772296905517578 49.13202667236328 -1
vertex 25.165515899658203 48.84510040283203 -8.342256546020508
vertex 25.165515899658203 48.84510040283203 -1
endloop
endfacet
facet normal -0.5448486279205423 0.8385344194802634 0
outer loop
vertex 25.165515899658203 48.84510040283203 -1
vertex 24.44366455078125 48.376068115234375 -8.33438777923584
vertex 24.44366455078125 48.376068115234375 -1
endloop
endfacet
facet normal -0.6692831564983862 0.7430074403581287 -1.3574728764547086e-7
outer loop
vertex 24.44366455078125 48.376068115234375 -1
vertex 23.74550437927246 47.7471809387207 -8.42531681060791
vertex 24.13587188720703 48.09881591796875 -1
endloop
endfacet
facet normal -0.6692845819670948 0.7430061563278808 0
outer loop
vertex 23.74550437927246 47.7471809387207 -8.42531681060791
vertex 23.74550437927246 47.7471809387207 -1
vertex 24.13587188720703 48.09881591796875 -1
endloop
endfacet
facet normal -0.7786091428957481 0.6275092051907357 1.991001838307152e-7
outer loop
vertex 23.74550437927246 47.7471809387207 -1
vertex 23.20531463623047 47.07691955566406 -8.458953857421875
vertex 23.2053165435791 47.07691955566406 -1
endloop
endfacet
facet normal 0.14576027685055076 0.9893199360096238 -0.00007685287751645219
outer loop
vertex -32.370304107666016 46.53081512451172 -8.788813591003418
vertex -33.22714614868164 46.65707015991211 -8.61848258972168
vertex -32.29753875732422 46.52009582519531 -8.76954174041748
endloop
endfacet
facet normal -0.8634978899676177 0.5043524501987396 0
outer loop
vertex 23.2053165435791 47.07691955566406 -1
vertex 22.695520401000977 46.2041015625 -8.70669937133789
vertex 22.695520401000977 46.2041015625 -1
endloop
endfacet
facet normal 0.44622019412544667 0.8949232019858089 0.000030035247848484835
outer loop
vertex -30.80791664123535 45.92985153198242 -8.845422744750977
vertex -31.47599220275879 46.26295852661133 -8.724614143371582
vertex -30.63508415222168 45.84367370605469 -8.805831909179688
endloop
endfacet
facet normal 0.7024064647767432 0.7117760589674383 -0.000010982690523942858
outer loop
vertex -29.265430450439453 44.683780670166016 -8.908309936523438
vertex -29.454774856567383 44.87063217163086 -8.936500549316406
vertex -29.93424415588379 45.34379196166992 -8.8021879196167
endloop
endfacet
facet normal -0.811511199447517 0.5843368661750279 0
outer loop
vertex 22.695520401000977 46.2041015625 -1
vertex 22.424209594726562 45.82731246948242 -8.868250846862793
vertex 22.424209594726562 45.82731246948242 -1
endloop
endfacet
facet normal 0.0003066019355810357 0.9999999512980634 0.00005830200528661279
outer loop
vertex -65.54730987548828 46.666988372802734 -8.734556198120117
vertex -71.5774917602539 46.66883850097656 -8.756213188171387
vertex -65.5473403930664 46.666683197021484 -3.5
endloop
endfacet
facet normal 0.00035742118002809526 0.999999936125048 0
outer loop
vertex -65.5473403930664 46.666683197021484 -3.5
vertex -71.5774917602539 46.66883850097656 -8.756213188171387
vertex -71.5774917602539 46.66883850097656 -1
endloop
endfacet
facet normal -0.000020465278093262036 -0.9999999997905862 0
outer loop
vertex 52.79507827758789 -71.85311889648438 -1.6664336919784546
vertex 52.79507827758789 -71.85311889648438 -4
vertex 53.540672302246094 -71.85313415527344 -1.6594841480255127
endloop
endfacet
facet normal -0.000020465592218789045 -0.9999999997905797 0
outer loop
vertex 51.24949645996094 -71.85308837890625 -1.6594890356063843
vertex 51.995079040527344 -71.85310363769531 -4
vertex 51.995079040527344 -71.85310363769531 -1.6664353609085083
endloop
endfacet
facet normal -0.00001875966335421016 -0.9999999998238899 5.434329789406681e-7
outer loop
vertex 50.030399322509766 -71.85306549072266 -1.6257559061050415
vertex 51.995079040527344 -71.85310363769531 -4
vertex 51.24949645996094 -71.85308837890625 -1.6594890356063843
endloop
endfacet
facet normal -0.00002245797021491584 -0.9999999997446524 -0.0000025169046257478587
outer loop
vertex 51.995079040527344 -71.85310363769531 -4
vertex 50.030399322509766 -71.85306549072266 -1.6257559061050415
vertex 49.347503662109375 -71.8530502319336 -1.5949000120162964
endloop
endfacet
facet normal -0.000021782555312907287 -0.9999999997611877 -0.0000017733962998604858
outer loop
vertex 48.64410400390625 -71.85303497314453 -1.5593451261520386
vertex 51.995079040527344 -71.85310363769531 -4
vertex 49.347503662109375 -71.8530502319336 -1.5949000120162964
endloop
endfacet
facet normal -0.000009114197306047542 -0.999999999836473 0.000015620030315270134
outer loop
vertex 47.89508056640625 -71.85302734375 -1.5079593658447266
vertex 51.995079040527344 -71.85310363769531 -4
vertex 48.64410400390625 -71.85303497314453 -1.5593451261520386
endloop
endfacet
facet normal -0.039614796674155794 0.9992150258500245 0
outer loop
vertex -71.98257446289062 46.65277862548828 -8.779946327209473
vertex -71.5774917602539 46.66883850097656 -1
vertex -71.5774917602539 46.66883850097656 -8.756213188171387
endloop
endfacet
facet normal -0.15871208793827116 0.9873249075873021 0
outer loop
vertex -72.02686309814453 46.651023864746094 -8.769783020019531
vertex -72.95651245117188 46.501583099365234 -8.706777572631836
vertex -72.02686309814453 46.651023864746094 -1
endloop
endfacet
facet normal -0.03959024722966781 0.999215998832412 -0.000001280237790661954
outer loop
vertex -71.98257446289062 46.65277862548828 -8.779946327209473
vertex -72.02686309814453 46.651023864746094 -8.769783020019531
vertex -71.5774917602539 46.66883850097656 -1
endloop
endfacet
facet normal -0.31337345806883776 0.9496299678179804 0
outer loop
vertex -72.95651245117188 46.501583099365234 -8.706777572631836
vertex -73.77400207519531 46.231815338134766 -8.782125473022461
vertex -72.95651245117188 46.501583099365234 -1
endloop
endfacet
facet normal -0.45803154584896016 0.8889359386408066 0
outer loop
vertex -73.77400207519531 46.231815338134766 -8.782125473022461
vertex -74.60928344726562 45.801429748535156 -8.765970230102539
vertex -73.77400207519531 46.231815338134766 -1
endloop
endfacet
facet normal -0.5931632129843296 0.8050822335402184 0
outer loop
vertex -74.60928344726562 45.801429748535156 -8.765970230102539
vertex -75.30233764648438 45.29080581665039 -8.845568656921387
vertex -74.60928344726562 45.801429748535156 -1
endloop
endfacet
facet normal -0.7117761892506421 0.7024063328414929 0
outer loop
vertex -75.30233764648438 45.29080581665039 -8.845568656921387
vertex -75.96234893798828 44.62199020385742 -8.870563507080078
vertex -75.30233764648438 45.29080581665039 -1
endloop
endfacet
facet normal -0.8141243221661436 0.5806906130268658 0
outer loop
vertex -75.96234893798828 44.62199020385742 -8.870563507080078
vertex -76.46223449707031 43.9211540222168 -8.960301399230957
vertex -75.96234893798828 44.62199020385742 -1
endloop
endfacet
facet normal -0.8949267903130642 0.44621299844351986 0
outer loop
vertex -76.46223449707031 43.9211540222168 -8.960301399230957
vertex -76.88151550292969 43.08024215698242 -9.016475677490234
vertex -76.46223449707031 43.9211540222168 -1
endloop
endfacet
facet normal -0.9543473377502014 0.2986991110283107 0
outer loop
vertex -76.88151550292969 43.08024215698242 -9.016475677490234
vertex -77.1386489868164 42.258697509765625 -9.096590995788574
vertex -76.88151550292969 43.08024215698242 -1
endloop
endfacet
facet normal -0.989317552501876 0.14577647379360487 0
outer loop
vertex -77.1386489868164 42.258697509765625 -9.096590995788574
vertex -77.27562713623047 41.3290901184082 -9.106295585632324
vertex -77.1386489868164 42.258697509765625 -1
endloop
endfacet
facet normal -0.7116294617456054 0.7025549865851498 0
outer loop
vertex 22.424209594726562 45.82731246948242 -1
vertex 22.09800910949707 45.49689865112305 -9.022890090942383
vertex 22.09800910949707 45.49689865112305 -1
endloop
endfacet
facet normal -0.5947004545791471 0.8039473672594218 0
outer loop
vertex 22.09800910949707 45.49689865112305 -1
vertex 21.7247314453125 45.22077560424805 -9.108992576599121
vertex 21.7247314453125 45.22077560424805 -1
endloop
endfacet
facet normal -0.3748318710005571 0.9270928046761132 0
outer loop
vertex 40.93264389038086 55.26148986816406 -7.385030746459961
vertex 25.772296905517578 49.13202667236328 -8.31142807006836
vertex 40.93264389038086 55.26148986816406 -1
endloop
endfacet
facet normal -0.3748318710005571 0.9270928046761131 0
outer loop
vertex 25.772296905517578 49.13202667236328 -8.31142807006836
vertex 25.772296905517578 49.13202667236328 -1
vertex 40.93264389038086 55.26148986816406 -1
endloop
endfacet
facet normal -0.46352432242642255 0.886084196066675 0
outer loop
vertex 21.7247314453125 45.22077560424805 -1
vertex 21.313316345214844 45.005558013916016 -9.1419038772583
vertex 21.313316345214844 45.005558013916016 -1
endloop
endfacet
facet normal -0.32124286198687313 0.9469968445683875 0
outer loop
vertex 21.313316345214844 45.005558013916016 -1
vertex 20.873620986938477 44.85640335083008 -9.181330680847168
vertex 20.873620986938477 44.85640335083008 -1
endloop
endfacet
facet normal 0.9999999944926741 -0.00010495069980743095 4.889232530548569e-8
outer loop
vertex 67.11909484863281 33.966426849365234 -10.476171493530273
vertex 67.11490631103516 -5.9387311935424805 -1
vertex 67.11275482177734 -26.438730239868164 -1
endloop
endfacet
facet normal 0.99999999450275 -0.00010485366421059074 4.5751946681971646e-7
outer loop
vertex 67.11909484863281 33.966426849365234 -10.476171493530273
vertex 67.11701965332031 14.21642780303955 -1
vertex 67.11490631103516 -5.9387311935424805 -1
endloop
endfacet
facet normal -0.17127703000697625 0.9852229082760862 0
outer loop
vertex 20.873620986938477 44.85640335083008 -1
vertex 20.416175842285156 44.776878356933594 -9.227147102355957
vertex 20.416175842285156 44.776878356933594 -1
endloop
endfacet
facet normal 0.9999999944798128 -0.00010507318487342436 0
outer loop
vertex 67.11909484863281 33.966426849365234 -10.476171493530273
vertex 67.11909484863281 33.966426849365234 -1
vertex 67.11701965332031 14.21642780303955 -1
endloop
endfacet
facet normal -0.3133732449461279 0.949630038143992 -0.0000025640700495917332
outer loop
vertex -73.63652038574219 46.277183532714844 -8.81441593170166
vertex -73.77400207519531 46.231815338134766 -8.782125473022461
vertex -72.95651245117188 46.501583099365234 -8.706777572631836
endloop
endfacet
facet normal -0.5931607884156279 0.8050840192337869 -0.00003256566109097357
outer loop
vertex -75.11073303222656 45.43197250366211 -8.885497093200684
vertex -75.30233764648438 45.29080581665039 -8.845568656921387
vertex -74.60928344726562 45.801429748535156 -8.765970230102539
endloop
endfacet
facet normal -0.00045903579702956095 -0.9999998855707106 -0.00013470227499359964
outer loop
vertex -73.9500732421875 -67.08613586425781 -26.141538619995117
vertex -70.5473403930664 -67.09054565429688 -5
vertex -73.93164825439453 -67.08953094482422 -1
endloop
endfacet
facet normal -0.7776933303066774 -0.6286438451114505 0
outer loop
vertex -76.65702819824219 -65.470947265625 -1
vertex -76.25273895263672 -65.9710922241211 -26.00901222229004
vertex -76.25273895263672 -65.9710922241211 -1
endloop
endfacet
facet normal -0.8774293717613888 -0.4797058448358971 8.322570128674892e-7
outer loop
vertex -76.9825439453125 -64.87550354003906 -1
vertex -76.65702819824219 -65.470947265625 -25.941795349121094
vertex -76.88375091552734 -65.05620574951172 -1
endloop
endfacet
facet normal -0.8774504380404022 -0.4796673105212677 0
outer loop
vertex -76.88375091552734 -65.05620574951172 -1
vertex -76.65702819824219 -65.470947265625 -25.941795349121094
vertex -76.65702819824219 -65.470947265625 -1
endloop
endfacet
facet normal -0.9494211552076007 -0.3140055254995763 0
outer loop
vertex -76.9825439453125 -64.87550354003906 -25.902828216552734
vertex -76.9825439453125 -64.87550354003906 -1
vertex -77.18766784667969 -64.25529479980469 -1
endloop
endfacet
facet normal -0.6569686080529208 -0.7539179318951155 0
outer loop
vertex -76.25273895263672 -65.9710922241211 -1
vertex -75.76024627685547 -66.40025329589844 -26.022581100463867
vertex -75.76024627685547 -66.40025329589844 -1
endloop
endfacet
facet normal -0.5106333035993154 -0.8597985980770435 0
outer loop
vertex -75.76024627685547 -66.40025329589844 -1
vertex -75.1767807006836 -66.74677276611328 -26.09358787536621
vertex -75.1767807006836 -66.74677276611328 -1
endloop
endfacet
facet normal -0.34890843025425633 -0.9371568210803946 0
outer loop
vertex -75.1767807006836 -66.74677276611328 -1
vertex -74.57408142089844 -66.97116088867188 -26.079025268554688
vertex -74.57408142089844 -66.97116088867188 -1
endloop
endfacet
facet normal -0.18120777788128162 -0.983444833854603 -1.4277890703342817e-7
outer loop
vertex -74.57408142089844 -66.97116088867188 -1
vertex -73.9500732421875 -67.08613586425781 -26.141538619995117
vertex -74.00557708740234 -67.07591247558594 -1
endloop
endfacet
facet normal -0.18116242947693434 -0.9834531885890722 -3.926795837217298e-8
outer loop
vertex -74.00557708740234 -67.07591247558594 -1
vertex -73.9500732421875 -67.08613586425781 -26.141538619995117
vertex -73.93164825439453 -67.08953094482422 -1
endloop
endfacet
facet normal -0.9869496344062834 -0.16102924934714016 0
outer loop
vertex -77.18766784667969 -64.25529479980469 -1
vertex -77.20836639404297 -64.12843322753906 -1
vertex -77.18766784667969 -64.25529479980469 -25.846702575683594
endloop
endfacet
facet normal -0.9869550704504362 -0.1609959282470955 -1.7465840167059217e-7
outer loop
vertex -77.20836639404297 -64.12843322753906 -1
vertex -77.2712173461914 -63.74313735961914 -1
vertex -77.18766784667969 -64.25529479980469 -25.846702575683594
endloop
endfacet
facet normal -0.9990125082634981 -0.0444298135611032 0
outer loop
vertex -77.2712173461914 -63.74313735961914 -25.810028076171875
vertex -77.2712173461914 -63.74313735961914 -1
vertex -77.28743743896484 -63.37842559814453 -1
endloop
endfacet
facet normal -0.999999993638176 0.00011279914880770811 0
outer loop
vertex -77.28743743896484 -63.37842559814453 -25.810977935791016
vertex -77.28743743896484 -63.37842559814453 -1
vertex -77.28520965576172 -43.62842559814453 -1
endloop
endfacet
facet normal -0.8141215242537214 0.5806945338228687 -0.00004620647549998551
outer loop
vertex -76.28923797607422 44.16368865966797 -8.996078491210938
vertex -76.46223449707031 43.9211540222168 -8.960301399230957
vertex -75.96234893798828 44.62199020385742 -8.870563507080078
endloop
endfacet
facet normal 0.6311050883064226 -0.7756973320142511 0.0001289174748616504
outer loop
vertex 74.72373962402344 39.91550064086914 -9.225700378417969
vertex 74.84623718261719 40.01516342163086 -9.23097038269043
vertex 75.45411682128906 40.5097541809082 -9.100659370422363
endloop
endfacet
facet normal -0.9543474004833926 0.2986989105863933 0.000002256781751097709
outer loop
vertex -77.04154968261719 42.568931579589844 -9.145391464233398
vertex -77.1386489868164 42.258697509765625 -9.096590995788574
vertex -76.88151550292969 43.08024215698242 -9.016475677490234
endloop
endfacet
facet normal 0.09581406839410558 0.9953992486925884 0
outer loop
vertex 62.978179931640625 66.68644714355469 -1
vertex 62.12129211425781 66.76892852783203 -5.588768482208252
vertex 62.12129211425781 66.76892852783203 -1
endloop
endfacet
facet normal 0.8411413752645968 -0.540815298191564 0.0000077428908206314
outer loop
vertex 76.02719116210938 41.152130126953125 -9.064390182495117
vertex 76.14531707763672 41.335853576660156 -9.082833290100098
vertex 76.53536224365234 41.942501068115234 -8.938619613647461
endloop
endfacet
facet normal -0.061042213301093946 0.9981351853307767 0
outer loop
vertex 62.12129211425781 66.76892852783203 -1
vertex 61.18340301513672 66.7115707397461 -5.51405668258667
vertex 61.18340301513672 66.7115707397461 -1
endloop
endfacet
facet normal -0.21848955351686009 0.97583928748568 -0.0000018556397803946201
outer loop
vertex 61.18340301513672 66.7115707397461 -1
vertex 60.343353271484375 66.52347564697266 -5.574103832244873
vertex 60.84520721435547 66.63584899902344 -1
endloop
endfacet
facet normal -0.21850565910367145 0.9758356813212304 0
outer loop
vertex 60.343353271484375 66.52347564697266 -5.574103832244873
vertex 60.343353271484375 66.52347564697266 -1
vertex 60.84520721435547 66.63584899902344 -1
endloop
endfacet
facet normal 0.9961844311812335 -0.08727301456992491 0
outer loop
vertex 67.054443359375 -66.96167755126953 -1
vertex 67.10856628417969 -66.34388732910156 -26.221643447875977
vertex 67.10856628417969 -66.34388732910156 -1
endloop
endfacet
facet normal 0.9808042668433749 -0.19499484644941287 0
outer loop
vertex 67.054443359375 -66.96167755126953 -26.22115135192871
vertex 67.054443359375 -66.96167755126953 -1
vertex 67.02816009521484 -67.09387969970703 -1
endloop
endfacet
facet normal 0.9808043327707664 -0.19499451484103722 1.8069011250134375e-9
outer loop
vertex 66.93351745605469 -67.5699234008789 -1
vertex 67.054443359375 -66.96167755126953 -26.22115135192871
vertex 67.02816009521484 -67.09387969970703 -1
endloop
endfacet
facet normal -0.36842938048377144 0.9296557382151441 0
outer loop
vertex 60.343353271484375 66.52347564697266 -1
vertex 59.469810485839844 66.17728424072266 -5.464499473571777
vertex 59.469810485839844 66.17728424072266 -1
endloop
endfacet
facet normal 0.9538090452291743 -0.30041355701600936 0
outer loop
vertex 66.7472152709961 -68.16143035888672 -1
vertex 66.93351745605469 -67.5699234008789 -26.28458023071289
vertex 66.93351745605469 -67.5699234008789 -1
endloop
endfacet
facet normal -0.0002998277546323852 -0.9999999550516578 0
outer loop
vertex -73.93164825439453 -67.08953094482422 -1
vertex -70.5473403930664 -67.09054565429688 -5
vertex -70.5473403930664 -67.09054565429688 -4
endloop
endfacet
facet normal 0.8453009343300272 0.5211776969466095 0.11764411853641864
outer loop
vertex 76.60824584960938 47.148834228515625 -1
vertex 66.94326782226562 63.91252136230469 -5.82000207901001
vertex 66.7031478881836 64.29277801513672 -5.779266357421875
endloop
endfacet
facet normal -0.00030108867400060514 -0.9999999546717926 -0.0000014224465719401322
outer loop
vertex -73.93164825439453 -67.08953094482422 -1
vertex -70.5473403930664 -67.09054565429688 -4
vertex -64.94734191894531 -67.09223175048828 -4
endloop
endfacet
facet normal 0.9155249409904821 -0.4022612116826257 0
outer loop
vertex 66.63797760009766 -68.41004943847656 -1
vertex 66.7472152709961 -68.16143035888672 -26.411174774169922
vertex 66.7472152709961 -68.16143035888672 -1
endloop
endfacet
facet normal 0.9155298347007432 -0.4022500736765786 1.3000966512662045e-7
outer loop
vertex 66.49775695800781 -68.72919464111328 -1
vertex 66.7472152709961 -68.16143035888672 -26.411174774169922
vertex 66.63797760009766 -68.41004943847656 -1
endloop
endfacet
facet normal 0.8663890988707491 -0.49936953186786576 0
outer loop
vertex 66.18807220458984 -69.26648712158203 -1
vertex 66.49775695800781 -68.72919464111328 -26.51552963256836
vertex 66.49775695800781 -68.72919464111328 -1
endloop
endfacet
facet normal 0.8070115925539424 -0.5905355954415871 0
outer loop
vertex 65.82185363769531 -69.76695251464844 -1
vertex 66.18807220458984 -69.26648712158203 -26.569047927856445
vertex 66.18807220458984 -69.26648712158203 -1
endloop
endfacet
facet normal 0.7380634696757392 -0.6747312907596692 0
outer loop
vertex 65.40341186523438 -70.22467041015625 -1
vertex 65.82185363769531 -69.76695251464844 -26.616710662841797
vertex 65.82185363769531 -69.76695251464844 -1
endloop
endfacet
facet normal 0.660389076453032 -0.750923609764343 0
outer loop
vertex 64.93772888183594 -70.63420867919922 -1
vertex 65.40341186523438 -70.22467041015625 -26.597679138183594
vertex 65.40341186523438 -70.22467041015625 -1
endloop
endfacet
facet normal 0.5748733956881323 -0.8182423717517908 0
outer loop
vertex 64.4302978515625 -70.99071502685547 -1
vertex 64.93772888183594 -70.63420867919922 -26.631914138793945
vertex 64.93772888183594 -70.63420867919922 -1
endloop
endfacet
facet normal 0.4825731680528769 -0.8758556601834631 0
outer loop
vertex 63.88713073730469 -71.28998565673828 -1
vertex 64.4302978515625 -70.99071502685547 -26.719009399414062
vertex 64.4302978515625 -70.99071502685547 -1
endloop
endfacet
facet normal 0.38455074108552706 -0.9231038552246286 0
outer loop
vertex 63.314666748046875 -71.5284652709961 -1
vertex 63.88713073730469 -71.28998565673828 -26.81846046447754
vertex 63.88713073730469 -71.28998565673828 -1
endloop
endfacet
facet normal 0.28197316128148553 -0.9594222930060179 1.2760223438056972e-8
outer loop
vertex 62.71968078613281 -71.70333099365234 -1
vertex 62.78683853149414 -71.68359375 -26.877408981323242
vertex 63.314666748046875 -71.5284652709961 -1
endloop
endfacet
facet normal 0.8663282655112993 0.49947506081503606 0
outer loop
vertex 66.94326782226562 63.91252136230469 -5.82000207901001
vertex 76.60824584960938 47.148834228515625 -1
vertex 76.60824584960938 47.148834228515625 -8.420927047729492
endloop
endfacet
facet normal 0.5408125796841026 0.841143123169551 0
outer loop
vertex 65.46651458740234 65.59622955322266 -5.64643669128418
vertex 64.67613983154297 66.10440063476562 -5.562192916870117
vertex 65.46651458740234 65.59622955322266 -1
endloop
endfacet
facet normal 0.6657104955746498 0.7462101152368239 0
outer loop
vertex 66.10888671875 65.02315521240234 -5.655444145202637
vertex 65.46651458740234 65.59622955322266 -5.64643669128418
vertex 66.10888671875 65.02315521240234 -1
endloop
endfacet
facet normal 0.7756825671724402 0.631123248648608 0
outer loop
vertex 66.7031478881836 64.29277801513672 -1
vertex 66.7031478881836 64.29277801513672 -5.779266357421875
vertex 66.10888671875 65.02315521240234 -5.655444145202637
endloop
endfacet
facet normal 0.17606016016913448 -0.9843794085621757 0
outer loop
vertex 62.109214782714844 -71.81251525878906 -1
vertex 62.71968078613281 -71.70333099365234 -26.869831085205078
vertex 62.71968078613281 -71.70333099365234 -1
endloop
endfacet
facet normal 0.0754794037429638 -0.9971473610307588 0
outer loop
vertex 61.63932800292969 -71.84808349609375 -1
vertex 62.109214782714844 -71.81251525878906 -26.790267944335938
vertex 62.109214782714844 -71.81251525878906 -1
endloop
endfacet
facet normal 0.07542133428660595 -0.9971517549166204 -0.000001064058453603888
outer loop
vertex 61.5704345703125 -71.8532943725586 -1
vertex 62.109214782714844 -71.81251525878906 -26.790267944335938
vertex 61.63932800292969 -71.84808349609375 -1
endloop
endfacet
facet normal -0.000019221528107934002 -0.9999999998152664 0
outer loop
vertex 58.39508056640625 -71.85323333740234 -4
vertex 61.5704345703125 -71.8532943725586 -26.76043128967285
vertex 61.5704345703125 -71.8532943725586 -1
endloop
endfacet
facet normal 0.4006282052603738 0.9162407113580207 0
outer loop
vertex 64.67613983154297 66.10440063476562 -5.562192916870117
vertex 63.88739776611328 66.44927978515625 -5.592389106750488
vertex 64.67613983154297 66.10440063476562 -1
endloop
endfacet
facet normal 0.25240206545077926 0.9676224456657568 0
outer loop
vertex 63.88739776611328 66.44927978515625 -5.592389106750488
vertex 62.978179931640625 66.68644714355469 -5.515110969543457
vertex 63.88739776611328 66.44927978515625 -1
endloop
endfacet
facet normal 0.54080814018712 0.8411459754663412 -0.00005885682500461522
outer loop
vertex 65.27819061279297 65.7173080444336 -5.688111782073975
vertex 64.67613983154297 66.10440063476562 -5.562192916870117
vertex 65.46651458740234 65.59622955322266 -5.64643669128418
endloop
endfacet
facet normal 0.2524001916770786 0.9676229341468727 -0.000023545084134487367
outer loop
vertex 63.76598358154297 66.48094940185547 -5.622799873352051
vertex 62.978179931640625 66.68644714355469 -5.515110969543457
vertex 63.88739776611328 66.44927978515625 -5.592389106750488
endloop
endfacet
facet normal 0.09581406839410558 0.9953992486925884 0
outer loop
vertex 62.978179931640625 66.68644714355469 -5.515110969543457
vertex 62.12129211425781 66.76892852783203 -5.588768482208252
vertex 62.978179931640625 66.68644714355469 -1
endloop
endfacet
facet normal -0.06104221330109393 0.9981351853307765 0
outer loop
vertex 62.12129211425781 66.76892852783203 -5.588768482208252
vertex 61.18340301513672 66.7115707397461 -5.51405668258667
vertex 62.12129211425781 66.76892852783203 -1
endloop
endfacet
facet normal -0.21849917517375525 0.9758371331571619 0
outer loop
vertex 61.18340301513672 66.7115707397461 -5.51405668258667
vertex 60.343353271484375 66.52347564697266 -5.574103832244873
vertex 61.18340301513672 66.7115707397461 -1
endloop
endfacet
facet normal -0.3684293804837714 0.929655738215144 0
outer loop
vertex 60.343353271484375 66.52347564697266 -5.574103832244873
vertex 59.469810485839844 66.17728424072266 -5.464499473571777
vertex 60.343353271484375 66.52347564697266 -1
endloop
endfacet
facet normal -0.21849844858109285 0.9758372957894741 -0.000010674350461101816
outer loop
vertex 61.18340301513672 66.7115707397461 -5.51405668258667
vertex 60.46424865722656 66.55054473876953 -5.613908290863037
vertex 60.343353271484375 66.52347564697266 -5.574103832244873
endloop
endfacet
facet normal 0.7756768371341923 0.6311302873178745 -0.00006901849521342514
outer loop
vertex 66.7031478881836 64.29277801513672 -5.779266357421875
vertex 66.52542114257812 64.5112075805664 -5.793835163116455
vertex 66.10888671875 65.02315521240234 -5.655444145202637
endloop
endfacet
facet normal -0.000019221528107934002 -0.9999999998152664 0
outer loop
vertex 58.39508056640625 -71.85323333740234 -5
vertex 61.5704345703125 -71.8532943725586 -26.76043128967285
vertex 58.39508056640625 -71.85323333740234 -4
endloop
endfacet
facet normal -0.00030185887057445287 -0.9999999544336573 -0.0000037290074389796693
outer loop
vertex -73.93164825439453 -67.08953094482422 -1
vertex -64.94734191894531 -67.09223175048828 -4
vertex -69.0473403930664 -67.09100341796875 -1.5091373920440674
endloop
endfacet
facet normal -0.00001970926920190103 -0.9999999998057697 -7.117279136431743e-8
outer loop
vertex 46.39508056640625 -71.85299682617188 -5
vertex 61.5704345703125 -71.8532943725586 -26.76043128967285
vertex 58.39508056640625 -71.85323333740234 -5
endloop
endfacet
facet normal 0.38268011347871217 0.9238809068530619 -0.000026462873489544935
outer loop
vertex 16.05663299560547 46.75795364379883 -8.701563835144043
vertex 15.91450023651123 46.81682586669922 -8.718859672546387
vertex 14.026668548583984 47.598793029785156 -8.383023262023926
endloop
endfacet
facet normal -0.000019941848090974978 -0.9999999997987544 -0.0000021940258004096413
outer loop
vertex 51.995079040527344 -71.85310363769531 -4
vertex 47.89508056640625 -71.85302734375 -1.5079593658447266
vertex 4.224832534790039 -71.85215759277344 -1
endloop
endfacet
facet normal -0.6692851786861796 0.7430056186198166 0.000017040896617395136
outer loop
vertex 23.939998626708984 47.92237854003906 -8.465514183044434
vertex 23.74550437927246 47.7471809387207 -8.42531681060791
vertex 24.44366455078125 48.376068115234375 -8.33438777923584
endloop
endfacet
facet normal -0.4274804322923867 0.9040246002993904 -0.00004539429100364259
outer loop
vertex 25.334108352661133 48.92481994628906 -8.376319885253906
vertex 25.165515899658203 48.84510040283203 -8.342256546020508
vertex 25.772296905517578 49.13202667236328 -8.31142807006836
endloop
endfacet
facet normal -0.0003014701610595332 -0.99999995455787 0
outer loop
vertex -73.93164825439453 -67.08953094482422 -1
vertex -69.0473403930664 -67.09100341796875 -1.5091373920440674
vertex -69.0473403930664 -67.09100341796875 -1
endloop
endfacet
facet normal -0.000019916327834005508 -0.9999999998016699 0
outer loop
vertex 47.89508056640625 -71.85302734375 -1
vertex 4.224832534790039 -71.85215759277344 -1
vertex 47.89508056640625 -71.85302734375 -1.5079593658447266
endloop
endfacet
facet normal -0.000019073491520478932 -0.9999999997504355 0.000011633176660177332
outer loop
vertex 46.39508056640625 -71.85299682617188 -4
vertex 51.995079040527344 -71.85310363769531 -4
vertex 4.224832534790039 -71.85215759277344 -1
endloop
endfacet
facet normal -0.000019901078069119083 -0.9999999998019735 0
outer loop
vertex 46.39508056640625 -71.85299682617188 -5
vertex 46.39508056640625 -71.85299682617188 -4
vertex 4.224832534790039 -71.85215759277344 -1
endloop
endfacet
facet normal -0.587785790364929 0.8090166034421518 0
outer loop
vertex 0.10949144512414932 45.50288772583008 -8.920161247253418
vertex -0.08122673630714417 45.364322662353516 -8.966134071350098
vertex 0.10949144512414932 45.50288772583008 -1
endloop
endfacet
facet normal -0.5224977365990684 0.8526406718242161 0
outer loop
vertex 1.9829277992248535 46.65092849731445 -8.717998504638672
vertex 0.10949144512414932 45.50288772583008 -8.920161247253418
vertex 1.9829277992248535 46.65092849731445 -1
endloop
endfacet
facet normal -0.4539980003712123 0.8910027023858702 1.3083179834974258e-7
outer loop
vertex 2.1334011554718018 46.72760009765625 -8.719951629638672
vertex 1.9829277992248535 46.65092849731445 -8.717998504638672
vertex 2.192974328994751 46.75795364379883 -1
endloop
endfacet
facet normal -0.45398454052149767 0.8910095605365211 0
outer loop
vertex 2.1334011554718018 46.72760009765625 -8.719951629638672
vertex 2.192974328994751 46.75795364379883 -1
vertex 2.192974328994751 46.75795364379883 -8.70946979522705
endloop
endfacet
facet normal -0.3826836196614859 0.923879454930557 0
outer loop
vertex 4.2229390144348145 47.598793029785156 -8.596301078796387
vertex 2.192974328994751 46.75795364379883 -8.70946979522705
vertex 4.2229390144348145 47.598793029785156 -1
endloop
endfacet
facet normal -0.3090120413960959 0.9510581256012686 1.3790920162220482e-7
outer loop
vertex 4.322957515716553 47.631290435791016 -8.601988792419434
vertex 4.2229390144348145 47.598793029785156 -8.596301078796387
vertex 4.447141647338867 47.67163848876953 -1
endloop
endfacet
facet normal -0.3090044053211083 0.9510606066345867 0
outer loop
vertex 4.322957515716553 47.631290435791016 -8.601988792419434
vertex 4.447141647338867 47.67163848876953 -1
vertex 4.447141647338867 47.67163848876953 -8.57198429107666
endloop
endfacet
facet normal -0.23344596985389332 0.9723697749102318 0
outer loop
vertex 6.583650588989258 48.1845703125 -8.30162239074707
vertex 4.447141647338867 47.67163848876953 -8.57198429107666
vertex 6.583650588989258 48.1845703125 -1
endloop
endfacet
facet normal -0.15642924180495593 0.9876891678601759 0
outer loop
vertex 6.816488742828369 48.2214469909668 -8.297958374023438
vertex 6.583650588989258 48.1845703125 -8.30162239074707
vertex 6.816488742828369 48.2214469909668 -1
endloop
endfacet
facet normal -0.07846003672289426 0.9969172596747647 0
outer loop
vertex 9.006933212280273 48.39384078979492 -8.500232696533203
vertex 6.816488742828369 48.2214469909668 -8.297958374023438
vertex 9.006933212280273 48.39384078979492 -1
endloop
endfacet
facet normal 0 1 0
outer loop
vertex 9.242673873901367 48.39384078979492 -8.484999656677246
vertex 9.006933212280273 48.39384078979492 -8.500232696533203
vertex 9.242673873901367 48.39384078979492 -1
endloop
endfacet
facet normal -0.017195838290538095 0.9998521406415479 0
outer loop
vertex 20.416175842285156 44.776878356933594 -1
vertex 19.951936721801758 44.76889419555664 -9.253732681274414
vertex 19.951936721801758 44.76889419555664 -1
endloop
endfacet
facet normal -0.3004134468563726 -0.9538090799252542 -1.1494412709129096e-7
outer loop
vertex 2.407292366027832 -71.49081420898438 -1
vertex 2.5732226371765137 -71.54307556152344 -3.8893399238586426
vertex 2.9987995624542236 -71.67711639404297 -1
endloop
endfacet
facet normal -0.4993621802862568 -0.8663933361342705 0.0000013729234167941233
outer loop
vertex 1.3022332191467285 -70.93167114257812 -1
vertex 1.5125623941421509 -71.05290222167969 -3.450000047683716
vertex 1.6563758850097656 -71.13578796386719 -1
endloop
endfacet
facet normal -0.7509297554776506 -0.660382088141612 0
outer loop
vertex -0.06548313051462173 -69.68132019042969 -1
vertex 0.3440541625022888 -70.14701080322266 -3.450000047683716
vertex 0.3440541625022888 -70.14701080322266 -1
endloop
endfacet
facet normal -0.674729279786702 -0.7380653080849406 0
outer loop
vertex 0.3440541625022888 -70.14701080322266 -1
vertex 0.8017662167549133 -70.56544494628906 -3.450000047683716
vertex 0.8017662167549133 -70.56544494628906 -1
endloop
endfacet
facet normal -0.590542370891486 -0.8070066345339811 0
outer loop
vertex 0.8017662167549133 -70.56544494628906 -1
vertex 1.3022332191467285 -70.93167114257812 -3.450000047683716
vertex 1.3022332191467285 -70.93167114257812 -1
endloop
endfacet
facet normal -0.40226597064093583 -0.9155228499938606 0.0000018506224046206146
outer loop
vertex 1.839529275894165 -71.24134826660156 -1
vertex 2.08658766746521 -71.34990692138672 -3.564180612564087
vertex 2.407292366027832 -71.49081420898438 -1
endloop
endfacet
facet normal -0.4993493367366543 -0.8664007386311854 0
outer loop
vertex 1.6563758850097656 -71.13578796386719 -1
vertex 1.839529275894165 -71.24134826660156 -3.515037775039673
vertex 1.839529275894165 -71.24134826660156 -1
endloop
endfacet
facet normal -0.30041162596894094 -0.9538096534333762 0
outer loop
vertex 2.407292366027832 -71.49081420898438 -3.7784688472747803
vertex 2.5732226371765137 -71.54307556152344 -3.8893399238586426
vertex 2.407292366027832 -71.49081420898438 -1
endloop
endfacet
facet normal -0.4993741846157693 -0.8663864171022855 0
outer loop
vertex 1.5125623941421509 -71.05290222167969 -3.450000047683716
vertex 1.3022332191467285 -70.93167114257812 -1
vertex 1.3022332191467285 -70.93167114257812 -3.450000047683716
endloop
endfacet
facet normal -0.7509297554776506 -0.660382088141612 0
outer loop
vertex -0.06548313051462173 -69.68132019042969 -1
vertex -0.06548313051462173 -69.68132019042969 -3.450000047683716
vertex 0.3440541625022888 -70.14701080322266 -3.450000047683716
endloop
endfacet
facet normal -0.590542370891486 -0.8070066345339811 0
outer loop
vertex 1.3022332191467285 -70.93167114257812 -3.450000047683716
vertex 0.8017662167549133 -70.56544494628906 -1
vertex 0.8017662167549133 -70.56544494628906 -3.450000047683716
endloop
endfacet
facet normal -0.674729279786702 -0.7380653080849406 0
outer loop
vertex 0.3440541625022888 -70.14701080322266 -3.450000047683716
vertex 0.8017662167549133 -70.56544494628906 -3.450000047683716
vertex 0.3440541625022888 -70.14701080322266 -1
endloop
endfacet
facet normal -0.4022820696883534 -0.9155157761651379 0
outer loop
vertex 1.839529275894165 -71.24134826660156 -3.515037775039673
vertex 2.08658766746521 -71.34990692138672 -3.564180612564087
vertex 1.839529275894165 -71.24134826660156 -1
endloop
endfacet
facet normal -0.40225356830945597 -0.9155282992798801 0
outer loop
vertex 2.407292366027832 -71.49081420898438 -3.7784688472747803
vertex 2.407292366027832 -71.49081420898438 -1
vertex 2.08658766746521 -71.34990692138672 -3.564180612564087
endloop
endfacet
facet normal -0.49934723309556145 -0.866401951059533 2.040817469546202e-7
outer loop
vertex 1.839529275894165 -71.24134826660156 -3.515037775039673
vertex 1.6563758850097656 -71.13578796386719 -1
vertex 1.5125623941421509 -71.05290222167969 -3.450000047683716
endloop
endfacet
facet normal -0.3004062900216203 -0.9538113340246193 -0.0000012736603641238464
outer loop
vertex 2.5732226371765137 -71.54307556152344 -3.8893399238586426
vertex 2.8983817100524902 -71.6454849243164 -4.375974655151367
vertex 2.9987995624542236 -71.67711639404297 -1
endloop
endfacet
facet normal -0.3004452445959268 -0.9537990642686193 0
outer loop
vertex 2.8983817100524902 -71.6454849243164 -4.375974655151367
vertex 2.9987995624542236 -71.67711639404297 -4.880809783935547
vertex 2.9987995624542236 -71.67711639404297 -1
endloop
endfacet
facet normal -0.19465854132399318 -0.9808710681275166 0
outer loop
vertex 2.9987995624542236 -71.67711639404297 -4.880809783935547
vertex 3.0125625133514404 -71.67984771728516 -4.949999809265137
vertex 2.9987995624542236 -71.67711639404297 -1
endloop
endfacet
facet normal 0.07846017094743919 0.9969172491109262 -4.4521749179770305e-8
outer loop
vertex 11.36133098602295 48.22709655761719 -8.531082153320312
vertex 9.242673873901367 48.39384078979492 -8.484999656677246
vertex 11.43311882019043 48.2214469909668 -1
endloop
endfacet
facet normal 0.07845552903213124 0.9969176144317486 0
outer loop
vertex 11.43311882019043 48.2214469909668 -8.512349128723145
vertex 11.36133098602295 48.22709655761719 -8.531082153320312
vertex 11.43311882019043 48.2214469909668 -1
endloop
endfacet
facet normal 0.1564289292879829 0.9876892173562568 0
outer loop
vertex 11.6659574508667 48.1845703125 -8.475859642028809
vertex 11.43311882019043 48.2214469909668 -8.512349128723145
vertex 11.6659574508667 48.1845703125 -1
endloop
endfacet
facet normal 0.23344606837852785 0.9723697512564898 0
outer loop
vertex 13.802465438842773 47.67163848876953 -8.36932373046875
vertex 11.6659574508667 48.1845703125 -8.475859642028809
vertex 13.802465438842773 47.67163848876953 -1
endloop
endfacet
facet normal 0.30900722055678637 0.9510596919456579 0
outer loop
vertex 14.026668548583984 47.598793029785156 -8.383023262023926
vertex 13.802465438842773 47.67163848876953 -8.36932373046875
vertex 14.026668548583984 47.598793029785156 -1
endloop
endfacet
facet normal 0.45399377479562064 0.8910048554563681 0
outer loop
vertex 16.266679763793945 46.65092849731445 -8.699471473693848
vertex 16.05663299560547 46.75795364379883 -8.701563835144043
vertex 16.266679763793945 46.65092849731445 -1
endloop
endfacet
facet normal 0.38268365802533233 0.9238794390397214 0
outer loop
vertex 16.05663299560547 46.75795364379883 -8.701563835144043
vertex 14.026668548583984 47.598793029785156 -8.383023262023926
vertex 16.05663299560547 46.75795364379883 -1
endloop
endfacet
facet normal 0.5224978136429057 0.8526406246117899 0
outer loop
vertex 16.266679763793945 46.65092849731445 -8.699471473693848
vertex 18.14011573791504 45.50288772583008 -1
vertex 18.14011573791504 45.50288772583008 -8.90760612487793
endloop
endfacet
facet normal -0.000019921894046777344 -0.999999999801535 -2.1945373530935059e-7
outer loop
vertex 4.224832534790039 -71.85215759277344 -1
vertex 61.5704345703125 -71.8532943725586 -26.76043128967285
vertex 46.39508056640625 -71.85299682617188 -5
endloop
endfacet
facet normal -0.00029184803186469024 -0.9999999573310939 0.000012748989726587333
outer loop
vertex -69.0473403930664 -67.09100341796875 -1.5091373920440674
vertex -64.94734191894531 -67.09223175048828 -4
vertex -68.29149627685547 -67.09122467041016 -1.5609700679779053
endloop
endfacet
facet normal -0.00030710919242459613 -0.9999999528085507 -0.000008175592000635478
outer loop
vertex -67.61984252929688 -67.0914306640625 -1.5949000120162964
vertex -68.29149627685547 -67.09122467041016 -1.5609700679779053
vertex -64.94734191894531 -67.09223175048828 -4
endloop
endfacet
facet normal -0.00030005823483460594 -0.9999999549824687 -3.40703514312916e-7
outer loop
vertex -64.94734191894531 -67.09223175048828 -4
vertex -66.90786743164062 -67.09164428710938 -1.627050518989563
vertex -67.61984252929688 -67.0914306640625 -1.5949000120162964
endloop
endfacet
facet normal -0.0003009687497593772 -0.9999999547083075 -0.0000010929689607746904
outer loop
vertex -66.90786743164062 -67.09164428710938 -1.627050518989563
vertex -64.94734191894531 -67.09223175048828 -4
vertex -65.69097137451172 -67.09201049804688 -1.6606873273849487
endloop
endfacet
facet normal 0.5657498359269686 0.8245769358577816 0
outer loop
vertex 18.628890991210938 45.16753005981445 -9.027702331542969
vertex 18.444263458251953 45.29420471191406 -8.976777076721191
vertex 18.628890991210938 45.16753005981445 -1
endloop
endfacet
facet normal -0.0002975304837065768 -0.9999999557378045 0
outer loop
vertex -65.69097137451172 -67.09201049804688 -1.6606873273849487
vertex -64.94734191894531 -67.09223175048828 -4
vertex -64.94734191894531 -67.09223175048828 -1.667593002319336
endloop
endfacet
facet normal 0.5657580134656269 0.8245713251134495 -2.783753203938431e-7
outer loop
vertex 18.628890991210938 45.16753005981445 -1
vertex 18.444263458251953 45.29420471191406 -8.976777076721191
vertex 18.14011573791504 45.50288772583008 -8.90760612487793
endloop
endfacet
facet normal -0.0003010886740009097 -0.9999999546728041 0
outer loop
vertex -64.1473388671875 -67.09247589111328 -1.6675673723220825
vertex -64.1473388671875 -67.09247589111328 -4
vertex -58.547340393066406 -67.09416198730469 -4
endloop
endfacet
facet normal 0.2884822738151262 0.957485236280126 2.1382982694066736e-7
outer loop
vertex 19.185684204101562 44.92494201660156 -9.122424125671387
vertex 19.047462463378906 44.96658706665039 -9.115556716918945
vertex 19.492027282714844 44.8326416015625 -1
endloop
endfacet
facet normal 0.43277684812052364 0.901501081380818 2.8441454171744024e-7
outer loop
vertex 18.751008987426758 45.10890579223633 -9.030811309814453
vertex 18.628890991210938 45.16753005981445 -9.027702331542969
vertex 19.047462463378906 44.96658706665039 -1
endloop
endfacet
facet normal 0.4327831097159793 0.9014980753970396 0
outer loop
vertex 19.047462463378906 44.96658706665039 -9.115556716918945
vertex 18.751008987426758 45.10890579223633 -9.030811309814453
vertex 19.047462463378906 44.96658706665039 -1
endloop
endfacet
facet normal -0.08726147427519312 -0.9961854421277796 0
outer loop
vertex 3.6070470809936523 -71.79804229736328 -1
vertex 4.224832534790039 -71.85215759277344 -26.738977432250977
vertex 4.224832534790039 -71.85215759277344 -1
endloop
endfacet
facet normal -0.1949940722267617 -0.9808044207671703 0
outer loop
vertex 2.9987995624542236 -71.67711639404297 -1
vertex 3.6070470809936523 -71.79804229736328 -26.778057098388672
vertex 3.6070470809936523 -71.79804229736328 -1
endloop
endfacet
facet normal -0.5877857903649288 0.8090166034421516 0
outer loop
vertex 0.10949144512414932 45.50288772583008 -1
vertex -0.08122673630714417 45.364322662353516 -8.966134071350098
vertex -0.08122673630714417 45.364322662353516 -1
endloop
endfacet
facet normal -0.5224977365990684 0.852640671824216 0
outer loop
vertex 1.9829277992248535 46.65092849731445 -1
vertex 0.10949144512414932 45.50288772583008 -8.920161247253418
vertex 0.10949144512414932 45.50288772583008 -1
endloop
endfacet
facet normal -0.1950521962594362 -0.9807928633163773 -0.0000014256851739729184
outer loop
vertex 3.0125625133514404 -71.67984771728516 -4.949999809265137
vertex 3.6070470809936523 -71.79804229736328 -26.778057098388672
vertex 2.9987995624542236 -71.67711639404297 -1
endloop
endfacet
facet normal -0.4539941839003229 0.8910046470050983 0
outer loop
vertex 2.192974328994751 46.75795364379883 -1
vertex 1.9829277992248535 46.65092849731445 -8.717998504638672
vertex 1.9829277992248535 46.65092849731445 -1
endloop
endfacet
facet normal -0.38268361966148584 0.923879454930557 0
outer loop
vertex 4.2229390144348145 47.598793029785156 -1
vertex 2.192974328994751 46.75795364379883 -8.70946979522705
vertex 2.192974328994751 46.75795364379883 -1
endloop
endfacet
facet normal -0.309007815004183 0.9510594988045388 0
outer loop
vertex 4.447141647338867 47.67163848876953 -1
vertex 4.2229390144348145 47.598793029785156 -8.596301078796387
vertex 4.2229390144348145 47.598793029785156 -1
endloop
endfacet
facet normal -0.19500183931424758 -0.9808028765578026 0
outer loop
vertex 3.0125625133514404 -71.67984771728516 -9.949999809265137
vertex 3.6070470809936523 -71.79804229736328 -26.778057098388672
vertex 3.0125625133514404 -71.67984771728516 -4.949999809265137
endloop
endfacet
facet normal 0.9296545312133988 0.3684324260897725 0
outer loop
vertex 76.75709533691406 46.77324676513672 -1
vertex 76.60824584960938 47.148834228515625 -8.420927047729492
vertex 76.60824584960938 47.148834228515625 -1
endloop
endfacet
facet normal 0.9296576153014237 0.36842464400724123 -4.5572709949535316e-7
outer loop
vertex 76.75709533691406 46.77324676513672 -1
vertex 76.95443725585938 46.27528762817383 -1
vertex 76.60824584960938 47.148834228515625 -8.420927047729492
endloop
endfacet
facet normal 0.9758349730098227 0.2185088223640378 0
outer loop
vertex 77.06681060791016 45.773441314697266 -1
vertex 76.95443725585938 46.27528762817383 -8.484355926513672
vertex 76.95443725585938 46.27528762817383 -1
endloop
endfacet
facet normal 0.9758351191916598 0.21850816953193578 -4.596899588173978e-8
outer loop
vertex 77.14253997802734 45.43524169921875 -1
vertex 76.95443725585938 46.27528762817383 -8.484355926513672
vertex 77.06681060791016 45.773441314697266 -1
endloop
endfacet
facet normal 0.9981356800047103 0.06103412407444345 0
outer loop
vertex 77.19989013671875 44.497352600097656 -1
vertex 77.14253997802734 45.43524169921875 -8.562887191772461
vertex 77.14253997802734 45.43524169921875 -1
endloop
endfacet
facet normal -0.23344596985389332 0.9723697749102318 0
outer loop
vertex 6.583650588989258 48.1845703125 -1
vertex 4.447141647338867 47.67163848876953 -8.57198429107666
vertex 4.447141647338867 47.67163848876953 -1
endloop
endfacet
facet normal 0.9999999952185631 -0.00009778994672585206 0
outer loop
vertex 67.10859680175781 -66.03181457519531 -26.247692108154297
vertex 67.10856628417969 -66.34388732910156 -1
vertex 67.10856628417969 -66.34388732910156 -26.221643447875977
endloop
endfacet
facet normal 0.9961844311812335 -0.08727301456992492 0
outer loop
vertex 67.10856628417969 -66.34388732910156 -26.221643447875977
vertex 67.054443359375 -66.96167755126953 -1
vertex 67.054443359375 -66.96167755126953 -26.22115135192871
endloop
endfacet
facet normal 0.9808043184414661 -0.19499458691607593 0
outer loop
vertex 67.054443359375 -66.96167755126953 -26.22115135192871
vertex 66.93351745605469 -67.5699234008789 -1
vertex 66.93351745605469 -67.5699234008789 -26.28458023071289
endloop
endfacet
facet normal 0.9538090452291742 -0.30041355701600936 0
outer loop
vertex 66.93351745605469 -67.5699234008789 -26.28458023071289
vertex 66.7472152709961 -68.16143035888672 -1
vertex 66.7472152709961 -68.16143035888672 -26.411174774169922
endloop
endfacet
facet normal -0.0003043758943959074 0.9999999535754461 0.00001429757240622739
outer loop
vertex -15.417837142944336 44.29383850097656 -9.030381202697754
vertex -2.380342960357666 44.29780960083008 -9.226268768310547
vertex -15.260844230651855 44.293888092041016 -9.156710624694824
endloop
endfacet
facet normal 0.9953970338889772 -0.09583707486201709 -0.000002630365535604956
outer loop
vertex 77.1174087524414 43.640464782714844 -1
vertex 77.19989013671875 44.497352600097656 -8.56421184539795
vertex 77.13724517822266 43.846492767333984 -1
endloop
endfacet
facet normal 0.9676224456657568 -0.25240206545077926 0
outer loop
vertex 76.88024139404297 42.73124694824219 -1
vertex 77.1174087524414 43.640464782714844 -8.699342727661133
vertex 77.1174087524414 43.640464782714844 -1
endloop
endfacet
facet normal 0.9162414225961935 -0.4006265786476273 0
outer loop
vertex 76.53536224365234 41.942501068115234 -1
vertex 76.88024139404297 42.73124694824219 -8.881200790405273
vertex 76.88024139404297 42.73124694824219 -1
endloop
endfacet
facet normal 0.8411432346962477 -0.5408124062230203 0
outer loop
vertex 76.10737609863281 41.27684020996094 -1
vertex 76.53536224365234 41.942501068115234 -8.938619613647461
vertex 76.53536224365234 41.942501068115234 -1
endloop
endfacet
facet normal 0.8411350025916786 -0.5408252096683313 -0.0000015173896318490947
outer loop
vertex 76.02719116210938 41.152130126953125 -1
vertex 76.53536224365234 41.942501068115234 -8.938619613647461
vertex 76.10737609863281 41.27684020996094 -1
endloop
endfacet
facet normal 0.7462097105505042 -0.6657109491965207 0
outer loop
vertex 75.75314331054688 40.84494400024414 -1
vertex 76.02719116210938 41.152130126953125 -9.064390182495117
vertex 76.02719116210938 41.152130126953125 -1
endloop
endfacet
facet normal 0.7462142497022619 -0.665705861128749 3.4806458453175486e-7
outer loop
vertex 75.45411682128906 40.5097541809082 -1
vertex 76.02719116210938 41.152130126953125 -9.064390182495117
vertex 75.75314331054688 40.84494400024414 -1
endloop
endfacet
facet normal 0.9155275005309161 -0.4022553862555643 -1.1604041986752065e-8
outer loop
vertex 66.49775695800781 -68.72919464111328 -1
vertex 66.60247039794922 -68.4908676147461 -26.51739501953125
vertex 66.7472152709961 -68.16143035888672 -26.411174774169922
endloop
endfacet
facet normal 0.915527958087966 -0.4022543448606612 0
outer loop
vertex 66.49775695800781 -68.72919464111328 -26.51552963256836
vertex 66.60247039794922 -68.4908676147461 -26.51739501953125
vertex 66.49775695800781 -68.72919464111328 -1
endloop
endfacet
facet normal 0.866389098870749 -0.4993695318678657 0
outer loop
vertex 66.49775695800781 -68.72919464111328 -26.51552963256836
vertex 66.18807220458984 -69.26648712158203 -1
vertex 66.18807220458984 -69.26648712158203 -26.569047927856445
endloop
endfacet
facet normal 0.8070115925539424 -0.5905355954415871 0
outer loop
vertex 66.18807220458984 -69.26648712158203 -26.569047927856445
vertex 65.82185363769531 -69.76695251464844 -1
vertex 65.82185363769531 -69.76695251464844 -26.616710662841797
endloop
endfacet
facet normal 0.7380634696757392 -0.6747312907596692 0
outer loop
vertex 65.40341186523438 -70.22467041015625 -26.597679138183594
vertex 65.82185363769531 -69.76695251464844 -26.616710662841797
vertex 65.40341186523438 -70.22467041015625 -1
endloop
endfacet
facet normal 0.660389076453032 -0.750923609764343 0
outer loop
vertex 65.40341186523438 -70.22467041015625 -26.597679138183594
vertex 64.93772888183594 -70.63420867919922 -1
vertex 64.93772888183594 -70.63420867919922 -26.631914138793945
endloop
endfacet
facet normal 0.5748733956881324 -0.8182423717517909 0
outer loop
vertex 64.93772888183594 -70.63420867919922 -26.631914138793945
vertex 64.4302978515625 -70.99071502685547 -1
vertex 64.4302978515625 -70.99071502685547 -26.719009399414062
endloop
endfacet
facet normal 0.48258110430655055 -0.8758512874719215 2.1848960261134585e-7
outer loop
vertex 63.88713073730469 -71.28998565673828 -1
vertex 64.0226058959961 -71.21534729003906 -26.823284149169922
vertex 64.4302978515625 -70.99071502685547 -26.719009399414062
endloop
endfacet
facet normal 0.4824997795097461 -0.8758960913104546 -3.3765867812778936e-7
outer loop
vertex 63.98773193359375 -71.23455810546875 -26.826316833496094
vertex 64.0226058959961 -71.21534729003906 -26.823284149169922
vertex 63.88713073730469 -71.28998565673828 -1
endloop
endfacet
facet normal 0.48256627851903466 -0.8758594560980029 0
outer loop
vertex 63.88713073730469 -71.28998565673828 -26.81846046447754
vertex 63.98773193359375 -71.23455810546875 -26.826316833496094
vertex 63.88713073730469 -71.28998565673828 -1
endloop
endfacet
facet normal 0.38455074108552706 -0.9231038552246286 0
outer loop
vertex 63.314666748046875 -71.5284652709961 -1
vertex 63.314666748046875 -71.5284652709961 -26.826173782348633
vertex 63.88713073730469 -71.28998565673828 -26.81846046447754
endloop
endfacet
facet normal 0.2819737371269651 -0.9594221237654743 0
outer loop
vertex 62.78683853149414 -71.68359375 -26.877408981323242
vertex 63.314666748046875 -71.5284652709961 -26.826173782348633
vertex 63.314666748046875 -71.5284652709961 -1
endloop
endfacet
facet normal 0.281968635396893 -0.9594236231469465 0
outer loop
vertex 62.71968078613281 -71.70333099365234 -1
vertex 62.71968078613281 -71.70333099365234 -26.869831085205078
vertex 62.78683853149414 -71.68359375 -26.877408981323242
endloop
endfacet
facet normal 0.17606016016913448 -0.9843794085621757 0
outer loop
vertex 62.71968078613281 -71.70333099365234 -26.869831085205078
vertex 62.109214782714844 -71.81251525878906 -1
vertex 62.109214782714844 -71.81251525878906 -26.790267944335938
endloop
endfacet
facet normal 0.07547197848676461 -0.9971479230602115 0
outer loop
vertex 62.109214782714844 -71.81251525878906 -26.790267944335938
vertex 61.5704345703125 -71.8532943725586 -1
vertex 61.5704345703125 -71.8532943725586 -26.76043128967285
endloop
endfacet
facet normal -0.15642924180495593 0.9876891678601759 0
outer loop
vertex 6.816488742828369 48.2214469909668 -1
vertex 6.583650588989258 48.1845703125 -8.30162239074707
vertex 6.583650588989258 48.1845703125 -1
endloop
endfacet
facet normal -0.07846054711103262 0.9969172195057308 0
outer loop
vertex 6.816488742828369 48.2214469909668 -8.297958374023438
vertex 6.816488742828369 48.2214469909668 -1
vertex 7.7626118659973145 48.2959098815918 -1
endloop
endfacet
facet normal 0.6311183733828737 -0.7756865338386091 0
outer loop
vertex 74.72373962402344 39.91550064086914 -1
vertex 75.45411682128906 40.5097541809082 -9.100659370422363
vertex 75.45411682128906 40.5097541809082 -1
endloop
endfacet
facet normal 0.533932035393737 -0.8455273984799672 0
outer loop
vertex 74.3434829711914 39.675376892089844 -1
vertex 74.72373962402344 39.91550064086914 -9.225700378417969
vertex 74.72373962402344 39.91550064086914 -1
endloop
endfacet
facet normal 0.5005143462496235 -0.8657282421166079 0
outer loop
vertex 70.70572662353516 37.572235107421875 -1
vertex 74.3434829711914 39.675376892089844 -9.251994132995605
vertex 74.3434829711914 39.675376892089844 -1
endloop
endfacet
facet normal 0.5005134119286032 -0.8657287822865117 -5.495503323155441e-7
outer loop
vertex 68.48045349121094 36.28571319580078 -1
vertex 74.3434829711914 39.675376892089844 -9.251994132995605
vertex 70.70572662353516 37.572235107421875 -1
endloop
endfacet
facet normal 0 1 0
outer loop
vertex 9.242673873901367 48.39384078979492 -1
vertex 9.006933212280273 48.39384078979492 -8.500232696533203
vertex 9.006933212280273 48.39384078979492 -1
endloop
endfacet
facet normal -0.07845964864784194 0.9969172902172192 -1.1720020011245551e-7
outer loop
vertex 9.006933212280273 48.39384078979492 -1
vertex 6.816488742828369 48.2214469909668 -8.297958374023438
vertex 7.7626118659973145 48.2959098815918 -1
endloop
endfacet
facet normal 0.8070110987597764 -0.5905362701479007 0.000010878598393199712
outer loop
vertex 65.82185363769531 -69.76695251464844 -26.616710662841797
vertex 65.9398422241211 -69.605712890625 -26.639930725097656
vertex 66.18807220458984 -69.26648712158203 -26.569047927856445
endloop
endfacet
facet normal 0.1372959910918365 0.9905300655861131 -2.842234250664162e-7
outer loop
vertex 19.951936721801758 44.76889419555664 -1
vertex 19.509321212768555 44.83024215698242 -9.214420318603516
vertex 19.492027282714844 44.8326416015625 -1
endloop
endfacet
facet normal 0.9758351596235807 0.21850798887301126 0.000006410382839984511
outer loop
vertex 77.14253997802734 45.43524169921875 -8.562887191772461
vertex 77.07145690917969 45.75269317626953 -8.613739013671875
vertex 76.95443725585938 46.27528762817383 -8.484355926513672
endloop
endfacet
facet normal -0.4274823176018278 0.9040237099422614 0
outer loop
vertex 25.772296905517578 49.13202667236328 -8.31142807006836
vertex 25.165515899658203 48.84510040283203 -8.342256546020508
vertex 25.772296905517578 49.13202667236328 -1
endloop
endfacet
facet normal -0.5448486279205423 0.8385344194802634 0
outer loop
vertex 25.165515899658203 48.84510040283203 -8.342256546020508
vertex 24.44366455078125 48.376068115234375 -8.33438777923584
vertex 25.165515899658203 48.84510040283203 -1
endloop
endfacet
facet normal 0.8663308373048144 0.49947059860070964 0.00003831694258966403
outer loop
vertex 76.60824584960938 47.148834228515625 -8.420927047729492
vertex 76.45085144042969 47.421836853027344 -8.451044082641602
vertex 66.94326782226562 63.91252136230469 -5.82000207901001
endloop
endfacet
facet normal -0.6692839535322589 0.743006722408505 0
outer loop
vertex 24.44366455078125 48.376068115234375 -8.33438777923584
vertex 23.74550437927246 47.7471809387207 -8.42531681060791
vertex 24.44366455078125 48.376068115234375 -1
endloop
endfacet
facet normal -0.7786080603535406 0.6275105483993854 0
outer loop
vertex 23.74550437927246 47.7471809387207 -8.42531681060791
vertex 23.20531463623047 47.07691955566406 -8.458953857421875
vertex 23.74550437927246 47.7471809387207 -1
endloop
endfacet
facet normal -0.8634979168664623 0.5043524041453868 2.208073146253458e-7
outer loop
vertex 23.20531463623047 47.07691955566406 -8.458953857421875
vertex 22.81277847290039 46.40486145019531 -8.631555557250977
vertex 23.2053165435791 47.07691955566406 -1
endloop
endfacet
facet normal -0.8635016132311071 0.504346075573448 9.682475803649966e-7
outer loop
vertex 22.81277847290039 46.40486145019531 -8.631555557250977
vertex 22.695520401000977 46.2041015625 -8.70669937133789
vertex 23.2053165435791 47.07691955566406 -1
endloop
endfacet
facet normal -0.811512166562509 0.5843355230695998 0
outer loop
vertex 22.695520401000977 46.2041015625 -8.70669937133789
vertex 22.59160614013672 46.05978775024414 -8.743550300598145
vertex 22.695520401000977 46.2041015625 -1
endloop
endfacet
facet normal -0.8115105832631676 0.5843377219141939 -6.222611179941519e-8
outer loop
vertex 22.59160614013672 46.05978775024414 -8.743550300598145
vertex 22.424209594726562 45.82731246948242 -8.868250846862793
vertex 22.695520401000977 46.2041015625 -1
endloop
endfacet
facet normal -0.0003013610702994012 -0.999999954589446 -0.0000016159817000983572
outer loop
vertex -70.5473403930664 -67.09054565429688 -5
vertex -10.48743724822998 -67.10863494873047 -11.449999809265137
vertex -58.547340393066406 -67.09416198730469 -5
endloop
endfacet
facet normal -0.00030117710599939933 -0.9999999546461518 -2.1231871637672554e-7
outer loop
vertex -64.1473388671875 -67.09247589111328 -1.6675673723220825
vertex -58.547340393066406 -67.09416198730469 -4
vertex -10.48743724822998 -67.10863494873047 -11.449999809265137
endloop
endfacet
facet normal -0.00030114419344341763 -0.9999999546560864 0
outer loop
vertex -58.547340393066406 -67.09416198730469 -4
vertex -58.547340393066406 -67.09416198730469 -5
vertex -10.48743724822998 -67.10863494873047 -11.449999809265137
endloop
endfacet
facet normal -0.00029768668809052994 -0.9999999554509059 0.000021927649556190355
outer loop
vertex -63.403587341308594 -67.09269714355469 -1.6606128215789795
vertex -64.1473388671875 -67.09247589111328 -1.6675673723220825
vertex -11.98743724822998 -67.10818481445312 -9.949999809265137
endloop
endfacet
facet normal -0.00030095637987469085 -0.9999999547040154 0.000004150255914738364
outer loop
vertex -62.18629837036133 -67.09306335449219 -1.6268893480300903
vertex -63.403587341308594 -67.09269714355469 -1.6606128215789795
vertex -11.98743724822998 -67.10818481445312 -4.949999809265137
endloop
endfacet
facet normal -0.00030165572498934033 -0.9999999544813919 -0.000006406066381156222
outer loop
vertex -61.47880935668945 -67.09327697753906 -1.5949000120162964
vertex -62.18629837036133 -67.09306335449219 -1.6268893480300903
vertex -11.87325668334961 -67.10822296142578 -4.375974655151367
endloop
endfacet
facet normal -0.00030287948992051397 -0.9999999537334224 -0.000028234156138512134
outer loop
vertex -60.801883697509766 -67.0934829711914 -1.5606597661972046
vertex -61.47880935668945 -67.09327697753906 -1.5949000120162964
vertex -11.87325668334961 -67.10822296142578 -4.375974655151367
endloop
endfacet
facet normal -0.0003020276843771555 -0.9999999542073404 -0.00001909436508693094
outer loop
vertex -60.047340393066406 -67.09371185302734 -1.5088717937469482
vertex -60.801883697509766 -67.0934829711914 -1.5606597661972046
vertex -11.548097610473633 -67.10831451416016 -3.8893399238586426
endloop
endfacet
facet normal -0.00030111227180942753 -0.999999954665699 0
outer loop
vertex -60.047340393066406 -67.09371185302734 -1
vertex -60.047340393066406 -67.09371185302734 -1.5088717937469482
vertex -10.48743724822998 -67.10863494873047 -3.450000047683716
endloop
endfacet
facet normal -0.711643341804862 0.7025409269678231 0
outer loop
vertex 22.424209594726562 45.82731246948242 -8.868250846862793
vertex 22.310855865478516 45.71249008178711 -8.90726089477539
vertex 22.424209594726562 45.82731246948242 -1
endloop
endfacet
facet normal -0.7116020603086202 0.7025827408662195 -0.0000011989718471216245
outer loop
vertex 22.310855865478516 45.71249008178711 -8.90726089477539
vertex 22.271486282348633 45.67261505126953 -8.933753967285156
vertex 22.424209594726562 45.82731246948242 -1
endloop
endfacet
facet normal -0.7116264569969426 0.7025580301312606 -2.4751431729777577e-7
outer loop
vertex 22.271486282348633 45.67261505126953 -8.933753967285156
vertex 22.09800910949707 45.49689865112305 -9.022890090942383
vertex 22.424209594726562 45.82731246948242 -1
endloop
endfacet
facet normal -0.5947004545791471 0.8039473672594218 0
outer loop
vertex 22.09800910949707 45.49689865112305 -9.022890090942383
vertex 21.7247314453125 45.22077560424805 -9.108992576599121
vertex 22.09800910949707 45.49689865112305 -1
endloop
endfacet
facet normal -0.000019823312417728575 -0.9999999998035182 0
outer loop
vertex 4.224832534790039 -71.85215759277344 -26.738977432250977
vertex 61.5704345703125 -71.8532943725586 -26.76043128967285
vertex 4.224832534790039 -71.85215759277344 -1
endloop
endfacet
facet normal -0.19471032061576124 -0.9808607908011744 0.000010705247433496992
outer loop
vertex 2.9987995624542236 -71.67711639404297 -10.019190788269043
vertex 3.6070470809936523 -71.79804229736328 -26.778057098388672
vertex 3.0125625133514404 -71.67984771728516 -9.949999809265137
endloop
endfacet
facet normal -0.30044524459592686 -0.9537990642686193 0
outer loop
vertex 2.8983817100524902 -71.6454849243164 -10.524024963378906
vertex 2.9987995624542236 -71.67711639404297 -26.865678787231445
vertex 2.9987995624542236 -71.67711639404297 -10.019190788269043
endloop
endfacet
facet normal -0.9999999940785734 0.00010700667287871784 0.000019809714188214864
outer loop
vertex -77.2779541015625 20.652212142944336 -1
vertex -77.2778549194336 21.579090118408203 -1
vertex -77.28743743896484 -63.37842559814453 -25.810977935791016
endloop
endfacet
facet normal -0.3004049266650553 -0.9538117634183847 2.7233062520655867e-7
outer loop
vertex 2.5732226371765137 -71.54307556152344 -11.010660171508789
vertex 2.9987995624542236 -71.67711639404297 -26.865678787231445
vertex 2.8983817100524902 -71.6454849243164 -10.524024963378906
endloop
endfacet
facet normal -0.3004117375613717 -0.95380961828623 1.8357678617542552e-7
outer loop
vertex 2.407292366027832 -71.49081420898438 -11.12153148651123
vertex 2.907665252685547 -71.6484146118164 -26.873836517333984
vertex 2.5732226371765137 -71.54307556152344 -11.010660171508789
endloop
endfacet
facet normal -0.4993741846157694 -0.8663864171022856 0
outer loop
vertex 1.3022332191467285 -70.93167114257812 -11.449999809265137
vertex 1.3022332191467285 -70.93167114257812 -26.683883666992188
vertex 1.5125623941421509 -71.05290222167969 -11.449999809265137
endloop
endfacet
facet normal -0.7509297554776506 -0.660382088141612 0
outer loop
vertex 0.3440541625022888 -70.14701080322266 -26.631765365600586
vertex 0.3440541625022888 -70.14701080322266 -11.449999809265137
vertex -0.06548313051462173 -69.68132019042969 -11.449999809265137
endloop
endfacet
facet normal -0.674729279786702 -0.7380653080849406 0
outer loop
vertex 0.3440541625022888 -70.14701080322266 -11.449999809265137
vertex 0.8017662167549133 -70.56544494628906 -26.716232299804688
vertex 0.8017662167549133 -70.56544494628906 -11.449999809265137
endloop
endfacet
facet normal -0.590542370891486 -0.8070066345339812 0
outer loop
vertex 0.8017662167549133 -70.56544494628906 -11.449999809265137
vertex 1.3022332191467285 -70.93167114257812 -26.683883666992188
vertex 1.3022332191467285 -70.93167114257812 -11.449999809265137
endloop
endfacet
facet normal -0.40225356830945597 -0.9155282992798802 0
outer loop
vertex 2.08658766746521 -71.34990692138672 -11.335819244384766
vertex 2.407292366027832 -71.49081420898438 -26.772443771362305
vertex 2.407292366027832 -71.49081420898438 -11.12153148651123
endloop
endfacet
facet normal -0.40228195239323417 -0.9155158277049024 -7.035375392646219e-7
outer loop
vertex 1.839529275894165 -71.24134826660156 -11.38496208190918
vertex 2.407292366027832 -71.49081420898438 -26.772443771362305
vertex 2.08658766746521 -71.34990692138672 -11.335819244384766
endloop
endfacet
facet normal 0.8658714567260138 0.5002665493785993 0
outer loop
vertex 76.60824584960938 47.148834228515625 -1
vertex 66.7031478881836 64.29277801513672 -5.779266357421875
vertex 66.7031478881836 64.29277801513672 -1
endloop
endfacet
facet normal 0.9999999945161495 -0.00010468690156857543 0.0000028902398708798782
outer loop
vertex 67.11063385009766 -46.59389114379883 -1
vertex 67.10856628417969 -66.34388732910156 -1
vertex 67.11909484863281 33.966426849365234 -10.476171493530273
endloop
endfacet
facet normal -0.000019581989787500165 -0.9999999998082 3.815311459654946e-7
outer loop
vertex 56.89508056640625 -71.85320281982422 -1
vertex 58.39508056640625 -71.85323333740234 -4
vertex 61.5704345703125 -71.8532943725586 -1
endloop
endfacet
facet normal -0.4635643469055069 0.8860632574924157 0
outer loop
vertex 21.7247314453125 45.22077560424805 -9.108992576599121
vertex 21.672794342041016 45.193603515625 -9.1139497756958
vertex 21.7247314453125 45.22077560424805 -1
endloop
endfacet
facet normal -0.4635185166726724 0.8860872331217879 -3.736475508957326e-7
outer loop
vertex 21.672794342041016 45.193603515625 -9.1139497756958
vertex 21.313316345214844 45.005558013916016 -9.1419038772583
vertex 21.7247314453125 45.22077560424805 -1
endloop
endfacet
facet normal -0.49086130286557367 0.8712377295257016 -1.098532181289001e-7
outer loop
vertex 41.21763229370117 55.422054290771484 -7.348257064819336
vertex 40.93264389038086 55.26148986816406 -7.385030746459961
vertex 41.337162017822266 55.48939895629883 -1
endloop
endfacet
facet normal -0.19499407222676168 -0.9808044207671702 0
outer loop
vertex 2.9987995624542236 -71.67711639404297 -26.865678787231445
vertex 3.6070470809936523 -71.79804229736328 -26.778057098388672
vertex 2.9987995624542236 -71.67711639404297 -10.019190788269043
endloop
endfacet
facet normal -0.30037540761603404 -0.9538210599993031 0.000001143269215704194
outer loop
vertex 2.9673049449920654 -71.66719818115234 -26.872873306274414
vertex 2.9987995624542236 -71.67711639404297 -26.865678787231445
vertex 2.5732226371765137 -71.54307556152344 -11.010660171508789
endloop
endfacet
facet normal -0.30040389471399975 -0.9538120884327933 3.653301260049356e-7
outer loop
vertex 2.907665252685547 -71.6484146118164 -26.873836517333984
vertex 2.9673049449920654 -71.66719818115234 -26.872873306274414
vertex 2.5732226371765137 -71.54307556152344 -11.010660171508789
endloop
endfacet
facet normal -0.3004169951956254 -0.9538079623266057 0
outer loop
vertex 2.407292366027832 -71.49081420898438 -26.772443771362305
vertex 2.907665252685547 -71.6484146118164 -26.873836517333984
vertex 2.407292366027832 -71.49081420898438 -11.12153148651123
endloop
endfacet
facet normal -0.49935781013135777 -0.8663958549420259 -3.011832922070403e-7
outer loop
vertex 1.3022332191467285 -70.93167114257812 -26.683883666992188
vertex 1.839529275894165 -71.24134826660156 -26.702693939208984
vertex 1.5125623941421509 -71.05290222167969 -11.449999809265137
endloop
endfacet
facet normal -0.7509297554776507 -0.660382088141612 0
outer loop
vertex -0.06548313051462173 -69.68132019042969 -11.449999809265137
vertex -0.06548313051462173 -69.68132019042969 -26.534076690673828
vertex 0.3440541625022888 -70.14701080322266 -26.631765365600586
endloop
endfacet
facet normal -0.590542370891486 -0.8070066345339812 0
outer loop
vertex 0.8017662167549133 -70.56544494628906 -26.716232299804688
vertex 1.3022332191467285 -70.93167114257812 -26.683883666992188
vertex 0.8017662167549133 -70.56544494628906 -11.449999809265137
endloop
endfacet
facet normal -0.6747292797867022 -0.7380653080849406 0
outer loop
vertex 0.3440541625022888 -70.14701080322266 -26.631765365600586
vertex 0.8017662167549133 -70.56544494628906 -26.716232299804688
vertex 0.3440541625022888 -70.14701080322266 -11.449999809265137
endloop
endfacet
facet normal -0.4022659706416247 -0.9155228499954283 0
outer loop
vertex 1.839529275894165 -71.24134826660156 -26.702693939208984
vertex 2.407292366027832 -71.49081420898438 -26.772443771362305
vertex 1.839529275894165 -71.24134826660156 -11.38496208190918
endloop
endfacet
facet normal -0.9999999936381756 0.00011279914880770807 -2.4827209895958902e-8
outer loop
vertex -77.2778549194336 21.579090118408203 -1
vertex -77.27562713623047 41.3290901184082 -1
vertex -77.28743743896484 -63.37842559814453 -25.810977935791016
endloop
endfacet
facet normal -0.6747194802660731 -0.7380742601210419 0.00009744873955841365
outer loop
vertex 0.6537928581237793 -70.43017578125 -26.734895706176758
vertex 0.8017662167549133 -70.56544494628906 -26.716232299804688
vertex 0.3440541625022888 -70.14701080322266 -26.631765365600586
endloop
endfacet
facet normal -0.6746638905411492 -0.7381247400565767 -0.0007091659123043398
outer loop
vertex 0.6537928581237793 -70.43017578125 -26.734895706176758
vertex 0.6865156292915344 -70.4600830078125 -26.737163543701172
vertex 0.8017662167549133 -70.56544494628906 -26.716232299804688
endloop
endfacet
facet normal 0.1564289292879829 0.9876892173562568 0
outer loop
vertex 11.6659574508667 48.1845703125 -1
vertex 11.43311882019043 48.2214469909668 -8.512349128723145
vertex 11.43311882019043 48.2214469909668 -1
endloop
endfacet
facet normal 0.0784592041777513 0.9969173251979293 0
outer loop
vertex 9.242673873901367 48.39384078979492 -8.484999656677246
vertex 9.242673873901367 48.39384078979492 -1
vertex 10.494175910949707 48.295345306396484 -1
endloop
endfacet
facet normal 0.07846110680857164 0.9969171754555498 -3.200929065292101e-7
outer loop
vertex 11.43311882019043 48.2214469909668 -1
vertex 9.242673873901367 48.39384078979492 -8.484999656677246
vertex 10.494175910949707 48.295345306396484 -1
endloop
endfacet
facet normal 0.2334460683785278 0.9723697512564896 0
outer loop
vertex 13.802465438842773 47.67163848876953 -1
vertex 11.6659574508667 48.1845703125 -8.475859642028809
vertex 11.6659574508667 48.1845703125 -1
endloop
endfacet
facet normal 0.3090072205567863 0.9510596919456578 0
outer loop
vertex 14.026668548583984 47.598793029785156 -1
vertex 13.802465438842773 47.67163848876953 -8.36932373046875
vertex 13.802465438842773 47.67163848876953 -1
endloop
endfacet
facet normal 0.45399377479562064 0.8910048554563681 0
outer loop
vertex 16.266679763793945 46.65092849731445 -1
vertex 16.05663299560547 46.75795364379883 -8.701563835144043
vertex 16.05663299560547 46.75795364379883 -1
endloop
endfacet
facet normal 0.9296562892817626 0.368427989977504 0
outer loop
vertex 76.60824584960938 47.148834228515625 -8.420927047729492
vertex 76.95443725585938 46.27528762817383 -1
vertex 76.95443725585938 46.27528762817383 -8.484355926513672
endloop
endfacet
facet normal 0.38268365802533233 0.9238794390397214 0
outer loop
vertex 16.05663299560547 46.75795364379883 -1
vertex 14.026668548583984 47.598793029785156 -8.383023262023926
vertex 14.026668548583984 47.598793029785156 -1
endloop
endfacet
facet normal 0.5224978136429057 0.85264062461179 0
outer loop
vertex 18.14011573791504 45.50288772583008 -1
vertex 16.266679763793945 46.65092849731445 -8.699471473693848
vertex 16.266679763793945 46.65092849731445 -1
endloop
endfacet
facet normal -0.0003011950007005359 -0.9999999546407823 -6.960569285223971e-8
outer loop
vertex -70.5473403930664 -67.09054565429688 -5
vertex -3.543508291244507 -67.11072540283203 -26.142480850219727
vertex -10.48743724822998 -67.10863494873047 -11.449999809265137
endloop
endfacet
facet normal -0.00030375245019404894 -0.9999999537573098 -0.000014826578157538919
outer loop
vertex -11.548097610473633 -67.10831451416016 -11.010660171508789
vertex -11.87325668334961 -67.10822296142578 -10.524024963378906
vertex -64.1473388671875 -67.09247589111328 -1.6675673723220825
endloop
endfacet
facet normal -0.0003000947115681553 -0.9999999549487136 0.000006762747634655764
outer loop
vertex -11.98743724822998 -67.10818481445312 -9.949999809265137
vertex -64.1473388671875 -67.09247589111328 -1.6675673723220825
vertex -11.87325668334961 -67.10822296142578 -10.524024963378906
endloop
endfacet
facet normal -0.0003970271898231571 -0.9999997828560173 -0.0005259822514270599
outer loop
vertex -64.1473388671875 -67.09247589111328 -1.6675673723220825
vertex -10.48743724822998 -67.10863494873047 -11.449999809265137
vertex -11.06146240234375 -67.10846710205078 -11.335819244384766
endloop
endfacet
facet normal -0.00029661498192063844 -0.9999999556883231 0.000025355560062529946
outer loop
vertex -11.548097610473633 -67.10831451416016 -11.010660171508789
vertex -64.1473388671875 -67.09247589111328 -1.6675673723220825
vertex -11.06146240234375 -67.10846710205078 -11.335819244384766
endloop
endfacet
facet normal 0.5657549513283094 0.8245734261104357 0
outer loop
vertex 18.628890991210938 45.16753005981445 -1
vertex 18.14011573791504 45.50288772583008 -8.90760612487793
vertex 18.14011573791504 45.50288772583008 -1
endloop
endfacet
facet normal 0.9758350318621776 0.21850855953610357 0
outer loop
vertex 76.95443725585938 46.27528762817383 -8.484355926513672
vertex 77.14253997802734 45.43524169921875 -1
vertex 77.14253997802734 45.43524169921875 -8.562887191772461
endloop
endfacet
facet normal 0.9981356800047102 0.06103412407444345 0
outer loop
vertex 77.14253997802734 45.43524169921875 -8.562887191772461
vertex 77.19989013671875 44.497352600097656 -1
vertex 77.19989013671875 44.497352600097656 -8.56421184539795
endloop
endfacet
facet normal 0.9953992486925886 -0.09581406839410558 0
outer loop
vertex 77.19989013671875 44.497352600097656 -8.56421184539795
vertex 77.1174087524414 43.640464782714844 -1
vertex 77.1174087524414 43.640464782714844 -8.699342727661133
endloop
endfacet
facet normal 0.9676220789262611 -0.25240347139924474 -1.7732579323629008e-7
outer loop
vertex 76.88024139404297 42.73124694824219 -1
vertex 76.95101165771484 43.002559661865234 -8.901235580444336
vertex 77.1174087524414 43.640464782714844 -8.699342727661133
endloop
endfacet
facet normal 0.9676233401562291 -0.25239863625800885 0
outer loop
vertex 76.88024139404297 42.73124694824219 -8.881200790405273
vertex 76.95101165771484 43.002559661865234 -8.901235580444336
vertex 76.88024139404297 42.73124694824219 -1
endloop
endfacet
facet normal 0.9162414225961936 -0.40062657864762735 0
outer loop
vertex 76.88024139404297 42.73124694824219 -8.881200790405273
vertex 76.53536224365234 41.942501068115234 -1
vertex 76.53536224365234 41.942501068115234 -8.938619613647461
endloop
endfacet
facet normal 0.8411419357814002 -0.5408144264624595 0
outer loop
vertex 76.53536224365234 41.942501068115234 -8.938619613647461
vertex 76.02719116210938 41.152130126953125 -1
vertex 76.02719116210938 41.152130126953125 -9.064390182495117
endloop
endfacet
facet normal 0.7462120790635794 -0.6657082942698027 0
outer loop
vertex 75.45411682128906 40.5097541809082 -1
vertex 75.45411682128906 40.5097541809082 -9.100659370422363
vertex 76.02719116210938 41.152130126953125 -9.064390182495117
endloop
endfacet
facet normal 0.6073360473423326 -0.7944450425288032 0
outer loop
vertex 68.11158752441406 36.00372314453125 -1
vertex 68.48045349121094 36.28571319580078 -9.86676025390625
vertex 68.48045349121094 36.28571319580078 -1
endloop
endfacet
facet normal 0.7226450688798637 -0.6912192882317574 0
outer loop
vertex 67.7906494140625 35.66819381713867 -1
vertex 68.11158752441406 36.00372314453125 -9.963349342346191
vertex 68.11158752441406 36.00372314453125 -1
endloop
endfacet
facet normal 0.8206505852031196 -0.5714303255916483 0
outer loop
vertex 67.52532958984375 35.28715896606445 -1
vertex 67.7906494140625 35.66819381713867 -10.091991424560547
vertex 67.7906494140625 35.66819381713867 -1
endloop
endfacet
facet normal 0.6311183733828737 -0.7756865338386091 0
outer loop
vertex 75.45411682128906 40.5097541809082 -9.100659370422363
vertex 74.72373962402344 39.91550064086914 -1
vertex 74.72373962402344 39.91550064086914 -9.225700378417969
endloop
endfacet
facet normal 0.533932035393737 -0.8455273984799672 0
outer loop
vertex 74.72373962402344 39.91550064086914 -9.225700378417969
vertex 74.3434829711914 39.675376892089844 -1
vertex 74.3434829711914 39.675376892089844 -9.251994132995605
endloop
endfacet
facet normal 0.5005138111391367 -0.8657285514865195 -1.7110635481640703e-7
outer loop
vertex 68.48045349121094 36.28571319580078 -1
vertex 68.6538314819336 36.38595199584961 -9.838156700134277
vertex 74.3434829711914 39.675376892089844 -9.251994132995605
endloop
endfacet
facet normal 0.5005179477777212 -0.865726159909919 -6.283368131256146e-8
outer loop
vertex 68.48045349121094 36.28571319580078 -1
vertex 68.57646179199219 36.34122085571289 -9.842146873474121
vertex 68.6538314819336 36.38595199584961 -9.838156700134277
endloop
endfacet
facet normal 0.5005222848897604 -0.8657236524022741 0
outer loop
vertex 68.48045349121094 36.28571319580078 -9.86676025390625
vertex 68.57646179199219 36.34122085571289 -9.842146873474121
vertex 68.48045349121094 36.28571319580078 -1
endloop
endfacet
facet normal 0.6073214121000752 -0.7944562306407068 -9.646566264278377e-7
outer loop
vertex 68.11158752441406 36.00372314453125 -1
vertex 68.28653717041016 36.137474060058594 -9.896576881408691
vertex 68.48045349121094 36.28571319580078 -9.86676025390625
endloop
endfacet
facet normal 0.607352372257976 -0.7944325622182219 0
outer loop
vertex 68.11158752441406 36.00372314453125 -9.963349342346191
vertex 68.28653717041016 36.137474060058594 -9.896576881408691
vertex 68.11158752441406 36.00372314453125 -1
endloop
endfacet
facet normal 0.7226349379284656 -0.6912298796236651 -7.592174242922401e-7
outer loop
vertex 67.7906494140625 35.66819381713867 -1
vertex 68.01360321044922 35.90128707885742 -9.988763809204102
vertex 68.11158752441406 36.00372314453125 -9.963349342346191
endloop
endfacet
facet normal 0.43278128118859616 0.9014989532177823 0
outer loop
vertex 19.047462463378906 44.96658706665039 -1
vertex 18.628890991210938 45.16753005981445 -9.027702331542969
vertex 18.628890991210938 45.16753005981445 -1
endloop
endfacet
facet normal 0.7226654317932394 -0.6911979989050983 8.238593921176124e-7
outer loop
vertex 67.7906494140625 35.66819381713867 -1
vertex 67.9317398071289 35.815696716308594 -10.031988143920898
vertex 68.01360321044922 35.90128707885742 -9.988763809204102
endloop
endfacet
facet normal 0.7226402336360124 -0.6912243432710464 0
outer loop
vertex 67.7906494140625 35.66819381713867 -10.091991424560547
vertex 67.9317398071289 35.815696716308594 -10.031988143920898
vertex 67.7906494140625 35.66819381713867 -1
endloop
endfacet
facet normal 0.8206505852031197 -0.5714303255916483 0
outer loop
vertex 67.52532958984375 35.28715896606445 -10.186147689819336
vertex 67.7906494140625 35.66819381713867 -10.091991424560547
vertex 67.52532958984375 35.28715896606445 -1
endloop
endfacet
facet normal 0.8989952602002729 -0.43795835662474064 0
outer loop
vertex 67.32198333740234 34.8697509765625 -1
vertex 67.52532958984375 35.28715896606445 -10.186147689819336
vertex 67.52532958984375 35.28715896606445 -1
endloop
endfacet
facet normal 0.955807794907494 -0.2939922774395168 0
outer loop
vertex 67.32198333740234 34.8697509765625 -10.254362106323242
vertex 67.32198333740234 34.8697509765625 -1
vertex 67.27481842041016 34.71641159057617 -1
endloop
endfacet
facet normal 0.9558121168010354 -0.29397822602406976 2.5485032246607e-7
outer loop
vertex 67.18548583984375 34.42596435546875 -1
vertex 67.32198333740234 34.8697509765625 -10.254362106323242
vertex 67.27481842041016 34.71641159057617 -1
endloop
endfacet
facet normal 0.9897242877563496 -0.14298893042885077 0
outer loop
vertex 67.18548583984375 34.42596435546875 -10.358223915100098
vertex 67.18548583984375 34.42596435546875 -1
vertex 67.11909484863281 33.966426849365234 -1
endloop
endfacet
facet normal 0.8989998323776618 -0.4379489712108678 5.276729741922182e-7
outer loop
vertex 67.32198333740234 34.8697509765625 -1
vertex 67.4747085571289 35.18324661254883 -10.20205307006836
vertex 67.52532958984375 35.28715896606445 -10.186147689819336
endloop
endfacet
facet normal 0.8990001774662619 -0.43794826282943367 5.575335084008854e-7
outer loop
vertex 67.32198333740234 34.8697509765625 -1
vertex 67.36045837402344 34.9487190246582 -10.228625297546387
vertex 67.4747085571289 35.18324661254883 -10.20205307006836
endloop
endfacet
facet normal 0.8989745235967047 -0.4380009200036889 0
outer loop
vertex 67.32198333740234 34.8697509765625 -10.254362106323242
vertex 67.36045837402344 34.9487190246582 -10.228625297546387
vertex 67.32198333740234 34.8697509765625 -1
endloop
endfacet
facet normal 0.9558108308905908 -0.2939824068753728 3.5393875062344956e-8
outer loop
vertex 67.18548583984375 34.42596435546875 -1
vertex 67.23513793945312 34.58739471435547 -10.299202919006348
vertex 67.32198333740234 34.8697509765625 -10.254362106323242
endloop
endfacet
facet normal 0.9558102579850407 -0.29398426952911977 0
outer loop
vertex 67.18548583984375 34.42596435546875 -1
vertex 67.18548583984375 34.42596435546875 -10.358223915100098
vertex 67.23513793945312 34.58739471435547 -10.299202919006348
endloop
endfacet
facet normal 0.9897247380007123 -0.14298581394459142 1.5622981317213118e-7
outer loop
vertex 67.11909484863281 33.966426849365234 -1
vertex 67.1546401977539 34.21245574951172 -10.401564598083496
vertex 67.18548583984375 34.42596435546875 -10.358223915100098
endloop
endfacet
facet normal 0.989723893123096 -0.14299166192915744 0
outer loop
vertex 67.11909484863281 33.966426849365234 -1
vertex 67.11909484863281 33.966426849365234 -10.476171493530273
vertex 67.1546401977539 34.21245574951172 -10.401564598083496
endloop
endfacet
facet normal -0.6494490746813174 0.7604050890121533 0
outer loop
vertex -0.08122673630714417 45.364322662353516 -1
vertex -0.4930132031440735 45.01262283325195 -9.126871109008789
vertex -0.4930132031440735 45.01262283325195 -1
endloop
endfacet
facet normal -0.49944580584301684 0.8663451314838372 0.000013419111663763288
outer loop
vertex 51.355464935302734 61.499385833740234 -1.100000023841858
vertex 59.469810485839844 66.17728424072266 -1
vertex 53.4346923828125 62.698055267333984 -1.100000023841858
endloop
endfacet
facet normal -0.4994456390019304 0.8663452277712121 0
outer loop
vertex 59.469810485839844 66.17728424072266 -1
vertex 53.4346923828125 62.698055267333984 -2.5
vertex 53.4346923828125 62.698055267333984 -1.100000023841858
endloop
endfacet
facet normal -0.5742079069115291 0.8187095209170837 0
outer loop
vertex -0.4930132031440735 45.01262283325195 -1
vertex -0.9600673913955688 44.68505096435547 -9.22568416595459
vertex -0.9600673913955688 44.68505096435547 -1
endloop
endfacet
facet normal -0.42499188454071213 0.9051971597804171 0
outer loop
vertex -0.9600673913955688 44.68505096435547 -1
vertex -1.3803566694259644 44.48772430419922 -9.230596542358398
vertex -1.3803566694259644 44.48772430419922 -1
endloop
endfacet
facet normal -0.2802202251727836 0.959935740247291 0
outer loop
vertex -1.3803566694259644 44.48772430419922 -1
vertex -1.82606041431427 44.35761642456055 -9.230756759643555
vertex -1.82606041431427 44.35761642456055 -1
endloop
endfacet
facet normal -0.128743296844104 0.9916779535301321 0
outer loop
vertex -1.82606041431427 44.35761642456055 -1
vertex -2.2865025997161865 44.2978401184082 -9.237347602844238
vertex -2.2865025997161865 44.2978401184082 -1
endloop
endfacet
facet normal -0.0003047707775159985 0.9999999535573856 0
outer loop
vertex -2.2865025997161865 44.2978401184082 -9.237347602844238
vertex -3.3003480434417725 44.29753112792969 -1
vertex -2.2865025997161865 44.2978401184082 -1
endloop
endfacet
facet normal 0.2884864551375375 0.9574839764728064 0
outer loop
vertex 19.047462463378906 44.96658706665039 -9.115556716918945
vertex 19.047462463378906 44.96658706665039 -1
vertex 19.149864196777344 44.935733795166016 -1
endloop
endfacet
facet normal 0.28848567205295134 0.9574842124130073 1.0777910764583367e-8
outer loop
vertex 19.047462463378906 44.96658706665039 -9.115556716918945
vertex 19.149864196777344 44.935733795166016 -1
vertex 19.492027282714844 44.8326416015625 -1
endloop
endfacet
facet normal -0.0003047353087217756 0.9999999535681948 0
outer loop
vertex -15.417837142944336 44.29383850097656 -9.030381202697754
vertex -15.417837142944336 44.29383850097656 -1
vertex -3.3003480434417725 44.29753112792969 -1
endloop
endfacet
facet normal -0.707106330514302 0.7071072318585058 0
outer loop
vertex -15.417837142944336 44.29383850097656 -1
vertex -16.91415786743164 42.79751968383789 -9.324543952941895
vertex -16.91415786743164 42.79751968383789 -1
endloop
endfacet
facet normal -0.6656519522150272 0.7462623389347229 0
outer loop
vertex -16.91415786743164 42.79751968383789 -1
vertex -17.16938018798828 42.56986618041992 -9.433939933776855
vertex -17.16938018798828 42.56986618041992 -1
endloop
endfacet
facet normal -0.5595765635394992 0.8287786613670292 0
outer loop
vertex -17.16938018798828 42.56986618041992 -1
vertex -17.554187774658203 42.31005096435547 -9.568892478942871
vertex -17.554187774658203 42.31005096435547 -1
endloop
endfacet
facet normal -0.42499129191634755 0.9051974380185096 0
outer loop
vertex -17.554187774658203 42.31005096435547 -1
vertex -17.974477767944336 42.11272430419922 -9.643302917480469
vertex -17.974477767944336 42.11272430419922 -1
endloop
endfacet
facet normal -0.2802203632995415 0.9599356999259236 0
outer loop
vertex -17.974477767944336 42.11272430419922 -1
vertex -18.420181274414062 41.98261642456055 -9.633294105529785
vertex -18.420181274414062 41.98261642456055 -1
endloop
endfacet
facet normal -0.1287434607412868 0.9916779322523803 0
outer loop
vertex -18.88062286376953 41.9228401184082 -9.578039169311523
vertex -18.88062286376953 41.9228401184082 -1
vertex -18.420181274414062 41.98261642456055 -1
endloop
endfacet
facet normal -0.6494490746813174 0.7604050890121533 0
outer loop
vertex -0.08122673630714417 45.364322662353516 -8.966134071350098
vertex -0.4930132031440735 45.01262283325195 -9.126871109008789
vertex -0.08122673630714417 45.364322662353516 -1
endloop
endfacet
facet normal -0.5742079069115292 0.8187095209170837 0
outer loop
vertex -0.4930132031440735 45.01262283325195 -9.126871109008789
vertex -0.9600673913955688 44.68505096435547 -9.22568416595459
vertex -0.4930132031440735 45.01262283325195 -1
endloop
endfacet
facet normal -0.42499210838823187 0.9051970546835232 0
outer loop
vertex -0.9600673913955688 44.68505096435547 -9.22568416595459
vertex -1.095518946647644 44.621456146240234 -9.227004051208496
vertex -0.9600673913955688 44.68505096435547 -1
endloop
endfacet
facet normal -0.4249917780237715 0.905197209790327 -6.638184276314629e-9
outer loop
vertex -1.095518946647644 44.621456146240234 -9.227004051208496
vertex -1.3803566694259644 44.48772430419922 -9.230596542358398
vertex -0.9600673913955688 44.68505096435547 -1
endloop
endfacet
facet normal -0.28020599149795267 0.9599398951646135 0
outer loop
vertex -1.3803566694259644 44.48772430419922 -9.230596542358398
vertex -1.4488096237182617 44.467742919921875 -9.216689109802246
vertex -1.3803566694259644 44.48772430419922 -1
endloop
endfacet
facet normal -0.28022281310916713 0.9599349847844706 1.520813504650133e-7
outer loop
vertex -1.4488096237182617 44.467742919921875 -9.216689109802246
vertex -1.82606041431427 44.35761642456055 -9.230756759643555
vertex -1.3803566694259644 44.48772430419922 -1
endloop
endfacet
facet normal -0.1287316968819065 0.9916794594111069 0
outer loop
vertex -1.82606041431427 44.35761642456055 -9.230756759643555
vertex -1.915189266204834 44.346046447753906 -9.214993476867676
vertex -1.82606041431427 44.35761642456055 -1
endloop
endfacet
facet normal -0.12874609065525144 0.9916775908232295 1.5879744940572648e-7
outer loop
vertex -1.915189266204834 44.346046447753906 -9.214993476867676
vertex -2.2865025997161865 44.2978401184082 -9.237347602844238
vertex -1.82606041431427 44.35761642456055 -1
endloop
endfacet
facet normal -0.0003255087041625811 0.999999947018783 -0.000002552405880754566
outer loop
vertex -2.2865025997161865 44.2978401184082 -9.237347602844238
vertex -2.380342960357666 44.29780960083008 -9.226268768310547
vertex -3.3003480434417725 44.29753112792969 -1
endloop
endfacet
facet normal -0.0003012218956060716 -0.9999999546326838 0
outer loop
vertex -11.98743724822998 -67.10818481445312 -4.949999809265137
vertex -63.403587341308594 -67.09269714355469 -1.6606128215789795
vertex -11.98743724822998 -67.10818481445312 -9.949999809265137
endloop
endfacet
facet normal -0.0003045939201298261 0.999999953611248 -2.1334913467701805e-7
outer loop
vertex -2.380342960357666 44.29780960083008 -9.226268768310547
vertex -15.417837142944336 44.29383850097656 -9.030381202697754
vertex -3.3003480434417725 44.29753112792969 -1
endloop
endfacet
facet normal -0.0003016582209401617 -0.9999999544803453 -0.0000064517466273324946
outer loop
vertex -11.87325668334961 -67.10822296142578 -4.375974655151367
vertex -62.18629837036133 -67.09306335449219 -1.6268893480300903
vertex -11.98743724822998 -67.10818481445312 -4.949999809265137
endloop
endfacet
facet normal -0.00030052585956098456 -0.9999999547618301 0.000012670652627699138
outer loop
vertex -11.548097610473633 -67.10831451416016 -3.8893399238586426
vertex -60.801883697509766 -67.0934829711914 -1.5606597661972046
vertex -11.87325668334961 -67.10822296142578 -4.375974655151367
endloop
endfacet
facet normal -0.00030194357519361024 -0.9999999542639926 -0.000017380738893545236
outer loop
vertex -11.548097610473633 -67.10831451416016 -3.8893399238586426
vertex -11.06146240234375 -67.10846710205078 -3.564180612564087
vertex -60.047340393066406 -67.09371185302734 -1.5088717937469482
endloop
endfacet
facet normal -0.00029967947636023594 -0.9999999544270051 0.00003658140567591588
outer loop
vertex -10.48743724822998 -67.10863494873047 -3.450000047683716
vertex -60.047340393066406 -67.09371185302734 -1.5088717937469482
vertex -11.06146240234375 -67.10846710205078 -3.564180612564087
endloop
endfacet
facet normal -0.00030130378336783224 -0.99999995460051 -0.000003873997989284776
outer loop
vertex -10.48743724822998 -67.10863494873047 -3.450000047683716
vertex -3.169590473175049 -67.11083984375 -3.450000047683716
vertex -60.047340393066406 -67.09371185302734 -1
endloop
endfacet
facet normal -0.7071067811865475 0.7071067811865475 0
outer loop
vertex -15.417837142944336 44.29383850097656 -9.030381202697754
vertex -16.678674697875977 43.03300094604492 -9.246747970581055
vertex -15.417837142944336 44.29383850097656 -1
endloop
endfacet
facet normal -0.00030113691153689 -0.9999999546582791 0
outer loop
vertex -60.047340393066406 -67.09371185302734 -1
vertex -3.169590473175049 -67.11083984375 -3.450000047683716
vertex -3.169590473175049 -67.11083984375 -1
endloop
endfacet
facet normal -0.7071037651441076 0.7071097972155217 -9.222377354052936e-7
outer loop
vertex -16.678674697875977 43.03300094604492 -9.246747970581055
vertex -16.91415786743164 42.79751968383789 -9.324543952941895
vertex -15.417837142944336 44.29383850097656 -1
endloop
endfacet
facet normal -0.49944581338800215 0.8663451271211431 0.000014235420039608124
outer loop
vertex 51.355464935302734 61.499385833740234 -1.100000023841858
vertex 43.578163146972656 57.01578903198242 -1
vertex 59.469810485839844 66.17728424072266 -1
endloop
endfacet
facet normal -0.6656491501130045 0.7462648383475098 0
outer loop
vertex -16.91415786743164 42.79751968383789 -9.324543952941895
vertex -16.99410629272461 42.7262077331543 -9.341748237609863
vertex -16.91415786743164 42.79751968383789 -1
endloop
endfacet
facet normal -0.6656532510133535 0.7462611804290428 7.057439396945347e-8
outer loop
vertex -16.99410629272461 42.7262077331543 -9.341748237609863
vertex -17.16938018798828 42.56986618041992 -9.433939933776855
vertex -16.91415786743164 42.79751968383789 -1
endloop
endfacet
facet normal -0.4994459508185258 0.8663450480097284 0
outer loop
vertex 51.355464935302734 61.499385833740234 -2.5
vertex 43.578163146972656 57.01578903198242 -1
vertex 51.355464935302734 61.499385833740234 -1.100000023841858
endloop
endfacet
facet normal -0.4994444279034161 0.8663459259407189 -0.0000064921427629841404
outer loop
vertex 59.469810485839844 66.17728424072266 -1
vertex 51.53246307373047 61.60142135620117 -3.5
vertex 53.4346923828125 62.698055267333984 -2.5
endloop
endfacet
facet normal -0.4994461493273091 0.8663449335694761 7.89654924942883e-7
outer loop
vertex 53.25769805908203 62.59601593017578 -3.5
vertex 51.53246307373047 61.60142135620117 -3.5
vertex 59.469810485839844 66.17728424072266 -1
endloop
endfacet
facet normal -0.4994459108101929 0.8663450710744404 0
outer loop
vertex 59.469810485839844 66.17728424072266 -5.464499473571777
vertex 53.25769805908203 62.59601593017578 -3.5
vertex 59.469810485839844 66.17728424072266 -1
endloop
endfacet
facet normal -0.49944580588573795 0.8663451315579417 -0.000002999757310984801
outer loop
vertex 51.53246307373047 61.60142135620117 -3.5
vertex 51.355464935302734 61.499385833740234 -2.5
vertex 53.4346923828125 62.698055267333984 -2.5
endloop
endfacet
facet normal -0.49944640552642455 0.866344785865805 -0.0000031411654740206164
outer loop
vertex 51.355464935302734 61.499385833740234 -2.5
vertex 51.53246307373047 61.60142135620117 -3.5
vertex 43.578163146972656 57.01578903198242 -1
endloop
endfacet
facet normal -0.5595789982843279 0.8287770174655594 0
outer loop
vertex -17.16938018798828 42.56986618041992 -9.433939933776855
vertex -17.357881546020508 42.44259262084961 -9.483428955078125
vertex -17.16938018798828 42.56986618041992 -1
endloop
endfacet
facet normal -0.5595535294817814 0.8287942130853728 -8.238946359031282e-7
outer loop
vertex -17.357881546020508 42.44259262084961 -9.483428955078125
vertex -17.41219139099121 42.40592575073242 -9.512954711914062
vertex -17.16938018798828 42.56986618041992 -1
endloop
endfacet
facet normal -0.5595821216743887 0.8287749085863169 3.633890858667466e-7
outer loop
vertex -17.41219139099121 42.40592575073242 -9.512954711914062
vertex -17.554187774658203 42.31005096435547 -9.568892478942871
vertex -17.16938018798828 42.56986618041992 -1
endloop
endfacet
facet normal -0.4249912919163476 0.9051974380185097 0
outer loop
vertex -17.554187774658203 42.31005096435547 -9.568892478942871
vertex -17.974477767944336 42.11272430419922 -9.643302917480469
vertex -17.554187774658203 42.31005096435547 -1
endloop
endfacet
facet normal -0.499445664541674 0.8663452130476197 0
outer loop
vertex 51.53246307373047 61.60142135620117 -3.5
vertex 51.53246307373047 61.60142135620117 -6.159205436706543
vertex 43.578163146972656 57.01578903198242 -1
endloop
endfacet
facet normal -0.2802216967514043 0.9599353106692992 0
outer loop
vertex -17.974477767944336 42.11272430419922 -9.643302917480469
vertex -18.35470962524414 42.00172805786133 -9.630852699279785
vertex -17.974477767944336 42.11272430419922 -1
endloop
endfacet
facet normal 0.0001498748528132156 0.9999999887687641 0
outer loop
vertex -18.88062286376953 41.9228401184082 -9.578039169311523
vertex -19.26241111755371 41.92289733886719 -9.537531852722168
vertex -18.88062286376953 41.9228401184082 -1
endloop
endfacet
facet normal -0.28021260420153765 0.9599379648948172 -4.3470631738657566e-7
outer loop
vertex -18.35470962524414 42.00172805786133 -9.630852699279785
vertex -18.420181274414062 41.98261642456055 -9.633294105529785
vertex -17.974477767944336 42.11272430419922 -1
endloop
endfacet
facet normal -0.1287477214647435 0.9916773790994917 0
outer loop
vertex -18.420181274414062 41.98261642456055 -9.633294105529785
vertex -18.770187377929688 41.93717575073242 -9.571390151977539
vertex -18.420181274414062 41.98261642456055 -1
endloop
endfacet
facet normal -0.12872991328885494 0.9916796909406268 -7.394391994827748e-7
outer loop
vertex -18.770187377929688 41.93717575073242 -9.571390151977539
vertex -18.88062286376953 41.9228401184082 -9.578039169311523
vertex -18.420181274414062 41.98261642456055 -1
endloop
endfacet
facet normal 0.00015139903503527273 0.9999999885391181 3.096473994519563e-7
outer loop
vertex -18.88062286376953 41.9228401184082 -1
vertex -25.943187713623047 41.923912048339844 -9.6046781539917
vertex -26.011178970336914 41.923919677734375 -1
endloop
endfacet
facet normal 0.13525857327467636 0.9908103341990833 0
outer loop
vertex -26.47121810913086 41.98672103881836 -9.598115921020508
vertex -26.47121810913086 41.98672103881836 -1
vertex -26.011178970336914 41.923919677734375 -1
endloop
endfacet
facet normal 0.8680884871783094 0.4964094866423024 0
outer loop
vertex -28.341022491455078 43.267127990722656 -1
vertex -28.754806518554688 43.990726470947266 -8.98056697845459
vertex -28.754806518554688 43.990726470947266 -1
endloop
endfacet
facet normal 0.6855517578783122 0.7280238919636881 0
outer loop
vertex -27.718135833740234 42.58216857910156 -1
vertex -28.056161880493164 42.900474548339844 -9.345728874206543
vertex -28.056161880493164 42.900474548339844 -1
endloop
endfacet
facet normal 0.7896831764838015 0.6135148578301708 -2.802617219906618e-7
outer loop
vertex -28.056161880493164 42.900474548339844 -1
vertex -28.341022491455078 43.267127990722656 -9.197848320007324
vertex -28.17435073852539 43.0526008605957 -1
endloop
endfacet
facet normal 0.7896779877795185 0.6135215363917478 0
outer loop
vertex -28.341022491455078 43.267127990722656 -9.197848320007324
vertex -28.341022491455078 43.267127990722656 -1
vertex -28.17435073852539 43.0526008605957 -1
endloop
endfacet
facet normal 0.4309235570450699 0.9023884352005097 0
outer loop
vertex -26.916057586669922 42.1197509765625 -1
vertex -27.33504295349121 42.31983184814453 -9.577308654785156
vertex -27.33504295349121 42.31983184814453 -1
endloop
endfacet
facet normal 0.28651412365833095 0.9580760183536057 0
outer loop
vertex -26.47121810913086 41.98672103881836 -1
vertex -26.916057586669922 42.1197509765625 -9.590559005737305
vertex -26.916057586669922 42.1197509765625 -1
endloop
endfacet
facet normal 0.5650074158766011 0.8250858258414366 0
outer loop
vertex -27.33504295349121 42.31983184814453 -1
vertex -27.718135833740234 42.58216857910156 -9.493223190307617
vertex -27.718135833740234 42.58216857910156 -1
endloop
endfacet
facet normal -0.5120027198807539 0.8589838268761003 0
outer loop
vertex 43.578163146972656 57.01578903198242 -1
vertex 42.2899284362793 56.247928619384766 -6.997932434082031
vertex 42.2899284362793 56.247928619384766 -1
endloop
endfacet
facet normal -0.6228490385611833 0.7823420448649105 0
outer loop
vertex 42.2899284362793 56.247928619384766 -1
vertex 41.337162017822266 55.48939895629883 -7.328678607940674
vertex 41.337162017822266 55.48939895629883 -1
endloop
endfacet
facet normal -0.49086261903132133 0.8712369879876036 0
outer loop
vertex 41.337162017822266 55.48939895629883 -1
vertex 40.93264389038086 55.26148986816406 -7.385030746459961
vertex 40.93264389038086 55.26148986816406 -1
endloop
endfacet
facet normal -0.8182370877752155 -0.5748809165289228 0
outer loop
vertex -0.06548313051462173 -69.68132019042969 -3.450000047683716
vertex -0.42199644446372986 -69.17388916015625 -1
vertex -0.42199644446372986 -69.17388916015625 -3.450000047683716
endloop
endfacet
facet normal -0.4994459108101929 0.8663450710744404 0
outer loop
vertex 59.469810485839844 66.17728424072266 -5.464499473571777
vertex 53.25769805908203 62.59601593017578 -6.008206844329834
vertex 53.25769805908203 62.59601593017578 -3.5
endloop
endfacet
facet normal -0.499445664541674 0.8663452130476197 0
outer loop
vertex 43.578163146972656 57.01578903198242 -6.8553948402404785
vertex 43.578163146972656 57.01578903198242 -1
vertex 51.53246307373047 61.60142135620117 -6.159205436706543
endloop
endfacet
facet normal 0.7024073476855933 0.7117751877645707 0
outer loop
vertex -29.265430450439453 44.683780670166016 -1
vertex -29.93424415588379 45.34379196166992 -8.8021879196167
vertex -29.93424415588379 45.34379196166992 -1
endloop
endfacet
facet normal -0.5120027198807539 0.8589838268761003 0
outer loop
vertex 43.578163146972656 57.01578903198242 -6.8553948402404785
vertex 42.2899284362793 56.247928619384766 -6.997932434082031
vertex 43.578163146972656 57.01578903198242 -1
endloop
endfacet
facet normal -0.6228490385611833 0.7823420448649105 0
outer loop
vertex 42.2899284362793 56.247928619384766 -6.997932434082031
vertex 41.337162017822266 55.48939895629883 -7.328678607940674
vertex 42.2899284362793 56.247928619384766 -1
endloop
endfacet
facet normal -0.13293345106864263 -0.9911249656763675 0
outer loop
vertex -3.169590473175049 -67.11083984375 -1
vertex -3.169590473175049 -67.11083984375 -3.450000047683716
vertex -2.7094051837921143 -67.17256164550781 -3.450000047683716
endloop
endfacet
facet normal -0.28428637537827284 -0.9587394102540501 0
outer loop
vertex -2.7094051837921143 -67.17256164550781 -3.450000047683716
vertex -2.2642557621002197 -67.30455780029297 -3.450000047683716
vertex -2.7094051837921143 -67.17256164550781 -1
endloop
endfacet
facet normal -0.6838554383662344 -0.729617529543339 0
outer loop
vertex -1.4611002206802368 -67.76509857177734 -3.450000047683716
vertex -1.1223323345184326 -68.0826187133789 -3.450000047683716
vertex -1.4611002206802368 -67.76509857177734 -1
endloop
endfacet
facet normal -0.42881991753233195 -0.9033899923773586 0
outer loop
vertex -2.2642557621002197 -67.30455780029297 -3.450000047683716
vertex -1.8448050022125244 -67.503662109375 -3.450000047683716
vertex -2.2642557621002197 -67.30455780029297 -1
endloop
endfacet
facet normal -0.5630715091146244 -0.8264081773696214 0
outer loop
vertex -1.4611002206802368 -67.76509857177734 -3.450000047683716
vertex -1.8448050022125244 -67.503662109375 -1
vertex -1.8448050022125244 -67.503662109375 -3.450000047683716
endloop
endfacet
facet normal -0.8681559444105698 -0.4962915032363457 0
outer loop
vertex -0.42199644446372986 -69.17388916015625 -3.450000047683716
vertex -0.836616039276123 -68.44860076904297 -1
vertex -0.836616039276123 -68.44860076904297 -3.450000047683716
endloop
endfacet
facet normal -0.7882408102624405 -0.6153669027798062 0
outer loop
vertex -1.1223323345184326 -68.0826187133789 -3.450000047683716
vertex -0.836616039276123 -68.44860076904297 -3.450000047683716
vertex -1.1223323345184326 -68.0826187133789 -1
endloop
endfacet
facet normal -0.8182370877752155 -0.5748809165289228 0
outer loop
vertex -0.42199644446372986 -69.17388916015625 -1
vertex -0.06548313051462173 -69.68132019042969 -3.450000047683716
vertex -0.06548313051462173 -69.68132019042969 -1
endloop
endfacet
facet normal 0.44621787102224897 0.8949243608151315 0
outer loop
vertex -30.63508415222168 45.84367370605469 -1
vertex -31.47599220275879 46.26295852661133 -8.724614143371582
vertex -31.47599220275879 46.26295852661133 -1
endloop
endfacet
facet normal -0.13293345106864263 -0.9911249656763675 0
outer loop
vertex -3.169590473175049 -67.11083984375 -1
vertex -2.7094051837921143 -67.17256164550781 -3.450000047683716
vertex -2.7094051837921143 -67.17256164550781 -1
endloop
endfacet
facet normal -0.42881991753233195 -0.9033899923773586 0
outer loop
vertex -2.2642557621002197 -67.30455780029297 -1
vertex -1.8448050022125244 -67.503662109375 -3.450000047683716
vertex -1.8448050022125244 -67.503662109375 -1
endloop
endfacet
facet normal -0.28428637537827284 -0.9587394102540501 0
outer loop
vertex -2.7094051837921143 -67.17256164550781 -1
vertex -2.2642557621002197 -67.30455780029297 -3.450000047683716
vertex -2.2642557621002197 -67.30455780029297 -1
endloop
endfacet
facet normal -0.5630715091146244 -0.8264081773696214 0
outer loop
vertex -1.8448050022125244 -67.503662109375 -1
vertex -1.4611002206802368 -67.76509857177734 -3.450000047683716
vertex -1.4611002206802368 -67.76509857177734 -1
endloop
endfacet
facet normal -0.6838554383662344 -0.729617529543339 0
outer loop
vertex -1.4611002206802368 -67.76509857177734 -1
vertex -1.1223323345184326 -68.0826187133789 -3.450000047683716
vertex -1.1223323345184326 -68.0826187133789 -1
endloop
endfacet
facet normal -0.7882408102624405 -0.6153669027798062 0
outer loop
vertex -1.1223323345184326 -68.0826187133789 -1
vertex -0.836616039276123 -68.44860076904297 -3.450000047683716
vertex -0.836616039276123 -68.44860076904297 -1
endloop
endfacet
facet normal -0.8681559444105698 -0.4962915032363457 0
outer loop
vertex -0.836616039276123 -68.44860076904297 -1
vertex -0.42199644446372986 -69.17388916015625 -3.450000047683716
vertex -0.42199644446372986 -69.17388916015625 -1
endloop
endfacet
facet normal 0.5806855810096356 0.8141279113305856 0
outer loop
vertex -29.93424415588379 45.34379196166992 -1
vertex -30.63508415222168 45.84367370605469 -8.805831909179688
vertex -30.63508415222168 45.84367370605469 -1
endloop
endfacet
facet normal 0.2987138358717026 0.9543427289276564 -0.0000013142888006043407
outer loop
vertex -31.47599220275879 46.26295852661133 -1
vertex -32.29753875732422 46.52009582519531 -8.76954174041748
vertex -31.61485481262207 46.30642318725586 -1
endloop
endfacet
facet normal 0.29870021270212843 0.9543469929389956 0
outer loop
vertex -32.29753875732422 46.52009582519531 -8.76954174041748
vertex -32.29753875732422 46.52009582519531 -1
vertex -31.61485481262207 46.30642318725586 -1
endloop
endfacet
facet normal 0.14576897219185295 0.9893186578377754 4.398513855271645e-7
outer loop
vertex -32.29753875732422 46.52009582519531 -1
vertex -33.22714614868164 46.65707015991211 -8.61848258972168
vertex -32.748748779296875 46.586578369140625 -1
endloop
endfacet
facet normal 0.14577582798011052 0.9893176476626268 0
outer loop
vertex -33.22714614868164 46.65707015991211 -8.61848258972168
vertex -33.22714614868164 46.65707015991211 -1
vertex -32.748748779296875 46.586578369140625 -1
endloop
endfacet
facet normal 0.8050822335402184 0.5931632129843296 0
outer loop
vertex -29.265430450439453 44.683780670166016 -8.908309936523438
vertex -29.265430450439453 44.683780670166016 -1
vertex -28.754806518554688 43.990726470947266 -1
endloop
endfacet
facet normal 0.00015188586009684443 0.9999999884653386 -8.992985206623519e-8
outer loop
vertex -19.26241111755371 41.92289733886719 -9.537531852722168
vertex -25.943187713623047 41.923912048339844 -9.6046781539917
vertex -18.88062286376953 41.9228401184082 -1
endloop
endfacet
facet normal 0.8050822335402184 0.5931632129843296 0
outer loop
vertex -28.754806518554688 43.990726470947266 -8.98056697845459
vertex -29.265430450439453 44.683780670166016 -8.908309936523438
vertex -28.754806518554688 43.990726470947266 -1
endloop
endfacet
facet normal 0.8680874313798387 0.49641133294915213 0
outer loop
vertex -28.341022491455078 43.267127990722656 -9.197848320007324
vertex -28.48101043701172 43.51192855834961 -9.103599548339844
vertex -28.341022491455078 43.267127990722656 -1
endloop
endfacet
facet normal 0.7896758365555708 0.6135243052724982 3.973299428531863e-7
outer loop
vertex -28.056161880493164 42.900474548339844 -1
vertex -28.251087188720703 43.151371002197266 -9.221650123596191
vertex -28.341022491455078 43.267127990722656 -9.197848320007324
endloop
endfacet
facet normal 0.8680890146976095 0.4964085641498554 -1.1099376715502088e-7
outer loop
vertex -28.48101043701172 43.51192855834961 -9.103599548339844
vertex -28.754806518554688 43.990726470947266 -8.98056697845459
vertex -28.341022491455078 43.267127990722656 -1
endloop
endfacet
facet normal 0.00011221140558299999 0.9999999937043003 0
outer loop
vertex -25.943187713623047 41.923912048339844 -9.6046781539917
vertex -26.011178970336914 41.923919677734375 -9.612719535827637
vertex -26.011178970336914 41.923919677734375 -1
endloop
endfacet
facet normal 0.13525743224158915 0.9908104899643584 0
outer loop
vertex -26.011178970336914 41.923919677734375 -9.612719535827637
vertex -26.39826011657715 41.97676086425781 -9.585856437683105
vertex -26.011178970336914 41.923919677734375 -1
endloop
endfacet
facet normal 0.13526468197716995 0.9908095002620354 -3.329351037205759e-7
outer loop
vertex -26.39826011657715 41.97676086425781 -9.585856437683105
vertex -26.47121810913086 41.98672103881836 -9.598115921020508
vertex -26.011178970336914 41.923919677734375 -1
endloop
endfacet
facet normal 0.6855514177459421 0.7280242122529498 2.599216768195897e-8
outer loop
vertex -27.718135833740234 42.58216857910156 -1
vertex -27.96059799194336 42.81048583984375 -9.371356010437012
vertex -28.056161880493164 42.900474548339844 -9.345728874206543
endloop
endfacet
facet normal 0.7896821446325459 0.6135161859711141 0
outer loop
vertex -28.251087188720703 43.151371002197266 -9.221650123596191
vertex -28.056161880493164 42.900474548339844 -1
vertex -28.056161880493164 42.900474548339844 -9.345728874206543
endloop
endfacet
facet normal 0.6855525461974351 0.7280231496334525 -3.5673010171795905e-8
outer loop
vertex -27.718135833740234 42.58216857910156 -1
vertex -27.856855392456055 42.71279525756836 -9.432186126708984
vertex -27.96059799194336 42.81048583984375 -9.371356010437012
endloop
endfacet
facet normal 0.5650074158766011 0.8250858258414367 0
outer loop
vertex -27.33504295349121 42.31983184814453 -9.577308654785156
vertex -27.718135833740234 42.58216857910156 -9.493223190307617
vertex -27.33504295349121 42.31983184814453 -1
endloop
endfacet
facet normal 0.6855513968969499 0.7280242318856156 0
outer loop
vertex -27.718135833740234 42.58216857910156 -9.493223190307617
vertex -27.856855392456055 42.71279525756836 -9.432186126708984
vertex -27.718135833740234 42.58216857910156 -1
endloop
endfacet
facet normal 0.4309264140455479 0.9023870708724971 0
outer loop
vertex -26.916057586669922 42.1197509765625 -9.590559005737305
vertex -27.16726303100586 42.23971176147461 -9.584936141967773
vertex -26.916057586669922 42.1197509765625 -1
endloop
endfacet
facet normal 0.4309192889069827 0.9023904733804734 2.5603465073785e-7
outer loop
vertex -27.16726303100586 42.23971176147461 -9.584936141967773
vertex -27.33504295349121 42.31983184814453 -9.577308654785156
vertex -26.916057586669922 42.1197509765625 -1
endloop
endfacet
facet normal 0.2865202875729513 0.9580741750037485 0
outer loop
vertex -26.47121810913086 41.98672103881836 -9.598115921020508
vertex -26.861223220825195 42.103355407714844 -9.579894065856934
vertex -26.47121810913086 41.98672103881836 -1
endloop
endfacet
facet normal 0.2864698362302855 0.9580892614594694 0.0000024983852491488443
outer loop
vertex -26.861223220825195 42.103355407714844 -9.579894065856934
vertex -26.916057586669922 42.1197509765625 -9.590559005737305
vertex -26.47121810913086 41.98672103881836 -1
endloop
endfacet
facet normal 0.7024073476855934 0.7117751877645707 0
outer loop
vertex -29.93424415588379 45.34379196166992 -8.8021879196167
vertex -29.265430450439453 44.683780670166016 -1
vertex -29.265430450439453 44.683780670166016 -8.908309936523438
endloop
endfacet
facet normal 0.5806855810096356 0.8141279113305856 0
outer loop
vertex -29.93424415588379 45.34379196166992 -8.8021879196167
vertex -30.63508415222168 45.84367370605469 -8.805831909179688
vertex -29.93424415588379 45.34379196166992 -1
endloop
endfacet
facet normal 0.44621787102224897 0.8949243608151315 0
outer loop
vertex -30.63508415222168 45.84367370605469 -8.805831909179688
vertex -31.47599220275879 46.26295852661133 -8.724614143371582
vertex -30.63508415222168 45.84367370605469 -1
endloop
endfacet
facet normal 0.29870251538289855 0.9543462722219483 0
outer loop
vertex -31.47599220275879 46.26295852661133 -8.724614143371582
vertex -32.29753875732422 46.52009582519531 -8.76954174041748
vertex -31.47599220275879 46.26295852661133 -1
endloop
endfacet
facet normal 0.14577250034098618 0.9893181379841053 0
outer loop
vertex -32.29753875732422 46.52009582519531 -8.76954174041748
vertex -33.22714614868164 46.65707015991211 -8.61848258972168
vertex -32.29753875732422 46.52009582519531 -1
endloop
endfacet
facet normal -0.01720548577313911 0.9998519746737592 5.427924702900879e-7
outer loop
vertex 20.195343017578125 44.7730827331543 -9.242732048034668
vertex 19.951936721801758 44.76889419555664 -9.253732681274414
vertex 20.416175842285156 44.776878356933594 -1
endloop
endfacet
facet normal 0.2809169080588776 0.959732042810131 0.00031107898199946466
outer loop
vertex 19.509321212768555 44.83024215698242 -9.214420318603516
vertex 19.185684204101562 44.92494201660156 -9.122424125671387
vertex 19.492027282714844 44.8326416015625 -1
endloop
endfacet
facet normal 0.13729081566756376 0.9905307829307148 0
outer loop
vertex 19.951936721801758 44.76889419555664 -9.253732681274414
vertex 19.509321212768555 44.83024215698242 -9.214420318603516
vertex 19.951936721801758 44.76889419555664 -1
endloop
endfacet
facet normal -0.017174580775370627 0.9998525060103158 -2.8543470835216656e-7
outer loop
vertex 20.34946632385254 44.77573013305664 -9.22082233428955
vertex 20.195343017578125 44.7730827331543 -9.242732048034668
vertex 20.416175842285156 44.776878356933594 -1
endloop
endfacet
facet normal -0.01720974537875536 0.9998519013653964 0
outer loop
vertex 20.416175842285156 44.776878356933594 -9.227147102355957
vertex 20.34946632385254 44.77573013305664 -9.22082233428955
vertex 20.416175842285156 44.776878356933594 -1
endloop
endfacet
facet normal -0.17127323535345415 0.9852235679537478 -2.173665632924574e-7
outer loop
vertex 20.83422088623047 44.849552154541016 -9.176653861999512
vertex 20.416175842285156 44.776878356933594 -9.227147102355957
vertex 20.873620986938477 44.85640335083008 -1
endloop
endfacet
facet normal -0.9999999936388395 0.00011279326587423497 0
outer loop
vertex -77.28743743896484 -63.37842559814453 -25.810977935791016
vertex -77.27562713623047 41.3290901184082 -1
vertex -77.27562713623047 41.3290901184082 -9.106295585632324
endloop
endfacet
facet normal -0.49086573142885986 0.8712352344279991 0
outer loop
vertex 41.337162017822266 55.48939895629883 -7.328678607940674
vertex 41.21763229370117 55.422054290771484 -7.348257064819336
vertex 41.337162017822266 55.48939895629883 -1
endloop
endfacet
facet normal -0.17131702138356958 0.9852159551003331 0
outer loop
vertex 20.873620986938477 44.85640335083008 -9.181330680847168
vertex 20.83422088623047 44.849552154541016 -9.176653861999512
vertex 20.873620986938477 44.85640335083008 -1
endloop
endfacet
facet normal -0.32124286198687313 0.9469968445683875 0
outer loop
vertex 21.313316345214844 45.005558013916016 -9.1419038772583
vertex 20.873620986938477 44.85640335083008 -9.181330680847168
vertex 21.313316345214844 45.005558013916016 -1
endloop
endfacet
facet normal 9.0384320476714e-7 0.15643611180202985 -0.9876880797718711
outer loop
vertex 62.552486419677734 -70.289306640625 -27.89711570739746
vertex 15.474502563476562 -45.59749984741211 -23.986318588256836
vertex 15.51256275177002 -45.406158447265625 -23.956012725830078
endloop
endfacet
facet normal 3.210681397212464e-8 0.1564345041715265 -0.987688334397348
outer loop
vertex 62.552486419677734 -70.289306640625 -27.89711570739746
vertex 15.51256275177002 -45.406158447265625 -23.956012725830078
vertex 15.51256275177002 -31.406160354614258 -21.738630294799805
endloop
endfacet
facet normal -4.5997893047468284e-8 0.15643447101208147 -0.9876883396492884
outer loop
vertex -2.377894639968872 43.86945343017578 -9.816144943237305
vertex -16.18941879272461 42.656532287597656 -10.008252143859863
vertex -15.018007278442383 43.80880355834961 -9.825750350952148
endloop
endfacet
facet normal -1.288679681255357e-7 0.15643539156048564 -0.9876881938482918
outer loop
vertex -2.377894639968872 43.86945343017578 -9.816144943237305
vertex -16.634429931640625 42.29581832885742 -10.065383911132812
vertex -16.18941879272461 42.656532287597656 -10.008252143859863
endloop
endfacet
facet normal -1.2502352475381916e-7 0.15643446424244592 -0.9876883407214865
outer loop
vertex -76.17581939697266 42.538455963134766 -10.02695369720459
vertex -75.62555694580078 43.89085006713867 -9.812755584716797
vertex -73.7998046875 -65.67562103271484 -27.166379928588867
endloop
endfacet
facet normal -2.137532722841237e-7 0.15643446280008488 -0.9876883409499189
outer loop
vertex -75.62555694580078 43.89085006713867 -9.812755584716797
vertex -74.66231536865234 45.02828598022461 -9.632603645324707
vertex -73.7998046875 -65.67562103271484 -27.166379928588867
endloop
endfacet
facet normal 4.092967675704766e-7 0.1564344675355587 -0.9876883401998316
outer loop
vertex -74.66231536865234 45.02828598022461 -9.632603645324707
vertex -73.39604949951172 45.80793380737305 -9.509119033813477
vertex -73.7998046875 -65.67562103271484 -27.166379928588867
endloop
endfacet
facet normal 1.9621887144258988e-8 0.1564344689123043 -0.9876883399818612
outer loop
vertex -73.39604949951172 45.80793380737305 -9.509119033813477
vertex -71.91314697265625 46.16374206542969 -9.452764511108398
vertex -73.7998046875 -65.67562103271484 -27.166379928588867
endloop
endfacet
facet normal 7.371684207256948e-7 0.15643477535006783 -0.9876882914465628
outer loop
vertex 2.0771090984344482 35.45899200439453 -11.14823055267334
vertex -2.377894639968872 43.86945343017578 -9.816144943237305
vertex -1.8138995170593262 43.92431640625 -9.807455062866211
endloop
endfacet
facet normal -1.142489469525458e-8 0.15643446942322664 -0.9876883399009393
outer loop
vertex -73.7998046875 -65.67562103271484 -27.166379928588867
vertex -71.91314697265625 46.16374206542969 -9.452764511108398
vertex -65.3788070678711 46.11111068725586 -9.461100578308105
endloop
endfacet
facet normal 0.000002365638834778861 0.1564342854644222 -0.9876883690343019
outer loop
vertex -73.7998046875 -65.67562103271484 -27.166379928588867
vertex -65.10291290283203 45.83521270751953 -9.504798889160156
vertex -64.93002319335938 45.742801666259766 -9.519434928894043
endloop
endfacet
facet normal -2.0674033837428286e-7 0.15643448117883613 -0.9876883380390119
outer loop
vertex -65.10291290283203 45.83521270751953 -9.504798889160156
vertex -73.7998046875 -65.67562103271484 -27.166379928588867
vertex -65.25444793701172 45.95957565307617 -9.485101699829102
endloop
endfacet
facet normal -0.000002534542046719581 0.156434666010987 -0.9876883087612242
outer loop
vertex -73.7998046875 -65.67562103271484 -27.166379928588867
vertex -64.93002319335938 45.742801666259766 -9.519434928894043
vertex -64.742431640625 45.68589782714844 -9.528448104858398
endloop
endfacet
facet normal 6.212416384884555e-7 0.15643441562307062 -0.9876883484218503
outer loop
vertex -73.7998046875 -65.67562103271484 -27.166379928588867
vertex -64.742431640625 45.68589782714844 -9.528448104858398
vertex -64.5473403930664 45.666683197021484 -9.53149127960205
endloop
endfacet
facet normal -0.00000239610928967303 0.1564346446671348 -0.9876883121421078
outer loop
vertex -65.25444793701172 45.95957565307617 -9.485101699829102
vertex -73.7998046875 -65.67562103271484 -27.166379928588867
vertex -65.3788070678711 46.11111068725586 -9.461100578308105
endloop
endfacet
facet normal -6.314946318369978e-7 0.15643451717699589 -0.9876883323372821
outer loop
vertex -73.7998046875 -65.67562103271484 -27.166379928588867
vertex -64.5473403930664 45.666683197021484 -9.53149127960205
vertex -64.35224914550781 45.68589782714844 -9.528448104858398
endloop
endfacet
facet normal 0.0000026656724050731315 0.1564342443006112 -0.9876883755532364
outer loop
vertex -64.35224914550781 45.68589782714844 -9.528448104858398
vertex -64.16465759277344 45.742801666259766 -9.519434928894043
vertex -73.7998046875 -65.67562103271484 -27.166379928588867
endloop
endfacet
facet normal -0.000002585882927622423 0.15643468732657068 -0.9876883053850296
outer loop
vertex -64.16465759277344 45.742801666259766 -9.519434928894043
vertex -63.99177169799805 45.83521270751953 -9.504798889160156
vertex -73.7998046875 -65.67562103271484 -27.166379928588867
endloop
endfacet
facet normal 2.3708062455346336e-7 0.15643444510710428 -0.9876883437522062
outer loop
vertex -63.99177169799805 45.83521270751953 -9.504798889160156
vertex -63.840232849121094 45.95957565307617 -9.485101699829102
vertex -73.7998046875 -65.67562103271484 -27.166379928588867
endloop
endfacet
facet normal 0.000002939020926689714 0.1564342099509337 -0.9876883809929068
outer loop
vertex -63.840232849121094 45.95957565307617 -9.485101699829102
vertex -63.71586990356445 46.11111068725586 -9.461100578308105
vertex -73.7998046875 -65.67562103271484 -27.166379928588867
endloop
endfacet
facet normal 3.283605856920804e-9 0.15643446829468508 -0.9876883400796828
outer loop
vertex -63.71586990356445 46.11111068725586 -9.461100578308105
vertex -32.489681243896484 46.03382110595703 -9.473341941833496
vertex -73.7998046875 -65.67562103271484 -27.166379928588867
endloop
endfacet
facet normal 9.10632621208958e-7 0.1564350420392147 -0.9876882492068841
outer loop
vertex -1.2580490112304688 44.09085464477539 -9.78107738494873
vertex 2.629613161087036 36.64384078979492 -10.960569381713867
vertex -1.8138995170593262 43.92431640625 -9.807455062866211
endloop
endfacet
facet normal -6.932806842884045e-7 0.15643483164377453 -0.9876882825305275
outer loop
vertex 3.231330633163452 -70.26326751708984 -27.89299201965332
vertex 1.4252526760101318 -69.34941864013672 -27.74825096130371
vertex 15.01256275177002 -45.906158447265625 -24.03520393371582
endloop
endfacet
facet normal 1.1209177361705689e-7 0.1564332619786849 -0.98768853114061
outer loop
vertex -2.377894639968872 43.86945343017578 -9.816144943237305
vertex -17.146705627441406 42.02537155151367 -10.1082181930542
vertex -16.634429931640625 42.29581832885742 -10.065383911132812
endloop
endfacet
facet normal -3.9186099792826934e-8 0.15643444387849503 -0.9876883439468265
outer loop
vertex -18.185213088989258 41.63875198364258 -10.169452667236328
vertex -17.146705627441406 42.02537155151367 -10.1082181930542
vertex -2.377894639968872 43.86945343017578 -9.816144943237305
endloop
endfacet
facet normal 0 0.1564344396633477 -0.9876883446144409
outer loop
vertex 1.4252526760101318 -69.34941864013672 -27.74825096130371
vertex -3.9874374866485596 -45.906158447265625 -24.03520393371582
vertex 15.01256275177002 -45.906158447265625 -24.03520393371582
endloop
endfacet
facet normal -0.000004400374154134553 0.15643658083748246 -0.9876880054736489
outer loop
vertex 3.231330633163452 -70.26326751708984 -27.89299201965332
vertex 15.01256275177002 -45.906158447265625 -24.03520393371582
vertex 15.203904151916504 -45.868099212646484 -24.029176712036133
endloop
endfacet
facet normal -0.000006130030469763114 0.15643740893682717 -0.9876878743042028
outer loop
vertex 3.231330633163452 -70.26326751708984 -27.89299201965332
vertex 15.203904151916504 -45.868099212646484 -24.029176712036133
vertex 15.36611557006836 -45.75971221923828 -24.01201057434082
endloop
endfacet
facet normal 8.386188888009931e-9 0.15643444343177224 -0.9876883440175811
outer loop
vertex 3.231330633163452 -70.26326751708984 -27.89299201965332
vertex 15.36611557006836 -45.75971221923828 -24.01201057434082
vertex 62.552486419677734 -70.289306640625 -27.89711570739746
endloop
endfacet
facet normal 1.8006044474207665e-7 0.15643476559148267 -0.9876882929924327
outer loop
vertex 15.36611557006836 -45.75971221923828 -24.01201057434082
vertex 15.474502563476562 -45.59749984741211 -23.986318588256836
vertex 62.552486419677734 -70.289306640625 -27.89711570739746
endloop
endfacet
facet normal -3.7311689923016217e-7 0.1564341711601832 -0.9876883871410493
outer loop
vertex -31.14470863342285 45.48657989501953 -9.560016632080078
vertex 63.41178894042969 -69.98506164550781 -27.848928451538086
vertex 62.552486419677734 -70.289306640625 -27.89711570739746
endloop
endfacet
facet normal -1.7873599455981093e-7 0.1564343264380403 -0.987688362547542
outer loop
vertex 63.41178894042969 -69.98506164550781 -27.848928451538086
vertex -31.14470863342285 45.48657989501953 -9.560016632080078
vertex 65.09764862060547 -68.6579360961914 -27.63873291015625
endloop
endfacet
facet normal 0.0000010618324446873938 0.15643534684102478 -0.9876882009306382
outer loop
vertex 65.09764862060547 -68.6579360961914 -27.63873291015625
vertex -31.14470863342285 45.48657989501953 -9.560016632080078
vertex 65.60266876220703 -67.88253784179688 -27.515920639038086
endloop
endfacet
facet normal 2.325864439540885e-8 0.15643447988071854 -0.9876883382446351
outer loop
vertex 65.60266876220703 -67.88253784179688 -27.515920639038086
vertex -28.74571418762207 42.77226257324219 -9.989922523498535
vertex 66.14559173583984 -65.76236724853516 -27.180118560791016
endloop
endfacet
facet normal -2.4525807959750046e-8 0.15643444637045592 -0.9876883435521391
outer loop
vertex 15.474502563476562 -31.214818954467773 -21.708324432373047
vertex -31.14470863342285 45.48657989501953 -9.560016632080078
vertex 62.552486419677734 -70.289306640625 -27.89711570739746
endloop
endfacet
facet normal -2.786438921932482e-7 0.1564342796304088 -0.9876883699611115
outer loop
vertex 5.37480354309082 26.398649215698242 -12.583248138427734
vertex 66.14559173583984 -65.76236724853516 -27.180118560791016
vertex 4.303896903991699 27.14850616455078 -12.464482307434082
endloop
endfacet
facet normal 3.1019083753956736e-7 0.15643466196897748 -0.9876883094046196
outer loop
vertex 66.14559173583984 -65.76236724853516 -27.180118560791016
vertex 3.3794703483581543 28.072933197021484 -12.31806755065918
vertex 4.303896903991699 27.14850616455078 -12.464482307434082
endloop
endfacet
facet normal -2.815741947481982e-7 0.1564342777454582 -0.9876883702596572
outer loop
vertex 66.14559173583984 -65.76236724853516 -27.180118560791016
vertex 5.37480354309082 26.398649215698242 -12.583248138427734
vertex 6.559652805328369 25.846145629882812 -12.670756340026855
endloop
endfacet
facet normal 7.192967471038071e-7 0.15643491282168656 -0.9876882696731565
outer loop
vertex 66.14559173583984 -65.76236724853516 -27.180118560791016
vertex 6.559652805328369 25.846145629882812 -12.670756340026855
vertex 7.822442531585693 25.507781982421875 -12.724347114562988
endloop
endfacet
facet normal -6.593518430157064e-7 0.15643405340133057 -0.9876884057920267
outer loop
vertex 66.14559173583984 -65.76236724853516 -27.180118560791016
vertex 7.822442531585693 25.507781982421875 -12.724347114562988
vertex 9.12480354309082 25.393840789794922 -12.74239444732666
endloop
endfacet
facet normal 5.909283041182795e-7 0.15643481634796436 -0.9876882849532181
outer loop
vertex 66.14559173583984 -65.76236724853516 -27.180118560791016
vertex 9.12480354309082 25.393840789794922 -12.74239444732666
vertex 10.427165031433105 25.507781982421875 -12.724347114562988
endloop
endfacet
facet normal 0.0000015107010152380804 0.1564353143932263 -0.9876882060693092
outer loop
vertex 75.7191162109375 47.23286437988281 -9.283432006835938
vertex 76.16552734375 45.80113220214844 -9.510196685791016
vertex 65.9228744506836 64.18838500976562 -6.5979413986206055
endloop
endfacet
facet normal -2.579339157852632e-7 0.15643435328221145 -0.9876883582958289
outer loop
vertex 76.16552734375 45.80113220214844 -9.510196685791016
vertex 75.9399185180664 43.47397232055664 -9.878782272338867
vertex 65.9228744506836 64.18838500976562 -6.5979413986206055
endloop
endfacet
facet normal -1.4033565873122723e-7 0.15643440875854275 -0.9876883495092699
outer loop
vertex 75.9399185180664 43.47397232055664 -9.878782272338867
vertex 75.24959564208984 42.19609069824219 -10.081178665161133
vertex 65.9228744506836 64.18838500976562 -6.5979413986206055
endloop
endfacet
facet normal -5.123303331148497e-7 0.15643415931483473 -0.9876883890171022
outer loop
vertex 66.14559173583984 -65.76236724853516 -27.180118560791016
vertex 10.427165031433105 25.507781982421875 -12.724347114562988
vertex 11.68995475769043 25.846145629882812 -12.670756340026855
endloop
endfacet
facet normal 1.5359591730760844e-7 0.1564345454799403 -0.987688327854724
outer loop
vertex 66.14559173583984 -65.76236724853516 -27.180118560791016
vertex 11.68995475769043 25.846145629882812 -12.670756340026855
vertex 12.87480354309082 26.398649215698242 -12.583248138427734
endloop
endfacet
facet normal 0.00002297558362589972 0.15637413591189608 -0.9876978936344505
outer loop
vertex -18.185213088989258 41.63875198364258 -10.169452667236328
vertex -17.223712921142578 42.00230026245117 -10.111872673034668
vertex -17.146705627441406 42.02537155151367 -10.1082181930542
endloop
endfacet
facet normal 1.7130499445931816e-8 0.15643452915473796 -0.9876883304403951
outer loop
vertex 1.7387455701828003 34.19620132446289 -11.348237037658691
vertex -18.185213088989258 41.63875198364258 -10.169452667236328
vertex 2.0771090984344482 35.45899200439453 -11.14823055267334
endloop
endfacet
facet normal -5.644297411811415e-7 0.15643440599954075 -0.9876883499461012
outer loop
vertex 64.86915588378906 65.2990493774414 -6.422030448913574
vertex 67.03003692626953 36.495758056640625 -10.984023094177246
vertex 63.56129837036133 66.00556182861328 -6.310129165649414
endloop
endfacet
facet normal 0.0000010016539954074283 0.15643452061504637 -0.9876883317924422
outer loop
vertex 65.9228744506836 64.18838500976562 -6.5979413986206055
vertex 67.03003692626953 36.495758056640625 -10.984023094177246
vertex 64.86915588378906 65.2990493774414 -6.422030448913574
endloop
endfacet
facet normal -4.245301630461599e-8 0.15643446585398738 -0.9876883404662505
outer loop
vertex 67.03003692626953 36.495758056640625 -10.984023094177246
vertex 62.10063171386719 66.26992797851562 -6.2682576179504395
vertex 63.56129837036133 66.00556182861328 -6.310129165649414
endloop
endfacet
facet normal 1.2201878342657423e-8 0.15643447468120386 -0.9876883390681575
outer loop
vertex 67.03003692626953 36.495758056640625 -10.984023094177246
vertex 60.666168212890625 66.07189178466797 -6.299623489379883
vertex 62.10063171386719 66.26992797851562 -6.2682576179504395
endloop
endfacet
facet normal 2.9420329277291757e-8 0.15643447829541676 -0.9876883384957219
outer loop
vertex 53.353214263916016 61.828956604003906 -6.9716386795043945
vertex 60.666168212890625 66.07189178466797 -6.299623489379883
vertex 67.03003692626953 36.495758056640625 -10.984023094177246
endloop
endfacet
facet normal 0.000001473989845719193 0.15643523910042856 -0.9876882179946357
outer loop
vertex 67.03003692626953 36.495758056640625 -10.984023094177246
vertex 53.3189582824707 61.71603775024414 -6.989523410797119
vertex 53.353214263916016 61.828956604003906 -6.9716386795043945
endloop
endfacet
facet normal 1.0677444808909107e-7 0.15643451907855363 -0.9876883320363009
outer loop
vertex 66.14559173583984 -65.76236724853516 -27.180118560791016
vertex 12.87480354309082 26.398649215698242 -12.583248138427734
vertex 13.945711135864258 27.14850616455078 -12.464482307434082
endloop
endfacet
facet normal 1.9766145836857014e-7 0.1564348158001474 -0.987688285040141
outer loop
vertex 2.0771090984344482 30.328689575195312 -11.960790634155273
vertex -18.185213088989258 41.63875198364258 -10.169452667236328
vertex 1.7387455701828003 31.59147834777832 -11.760784149169922
endloop
endfacet
facet normal 3.1851326261039056e-7 0.15643502701145529 -0.9876882515874247
outer loop
vertex -18.185213088989258 41.63875198364258 -10.169452667236328
vertex 2.0771090984344482 30.328689575195312 -11.960790634155273
vertex 2.629613161087036 29.143840789794922 -12.148452758789062
endloop
endfacet
facet normal 9.931080788351244e-8 0.15643474377041303 -0.9876882964485685
outer loop
vertex 1.6248037815093994 32.89384078979492 -11.554511070251465
vertex -18.185213088989258 41.63875198364258 -10.169452667236328
vertex 1.7387455701828003 34.19620132446289 -11.348237037658691
endloop
endfacet
facet normal -3.3000436315205937e-7 0.15643379503405364 -0.9876884467134031
outer loop
vertex 1.7387455701828003 31.59147834777832 -11.760784149169922
vertex -18.185213088989258 41.63875198364258 -10.169452667236328
vertex 1.6248037815093994 32.89384078979492 -11.554511070251465
endloop
endfacet
facet normal -6.641386752267891e-8 0.15643442415774989 -0.9876883470702834
outer loop
vertex 66.14559173583984 -65.76236724853516 -27.180118560791016
vertex 13.945711135864258 27.14850616455078 -12.464482307434082
vertex 14.870137214660645 28.072933197021484 -12.31806755065918
endloop
endfacet
facet normal -4.6489389885503543e-7 0.15643392659967695 -0.9876884258754837
outer loop
vertex -75.54405975341797 -64.84160614013672 -27.034284591674805
vertex -73.7998046875 -65.67562103271484 -27.166379928588867
vertex -74.7500228881836 -65.41404724121094 -27.124950408935547
endloop
endfacet
facet normal 2.2027424907674434e-7 0.15643457042198386 -0.9876883239042775
outer loop
vertex 13.945711135864258 38.63917541503906 -10.644538879394531
vertex 9.052931785583496 47.901214599609375 -9.177576065063477
vertex 11.249006271362305 47.74517059326172 -9.202290534973145
endloop
endfacet
facet normal -0.0000016709479396954216 0.15643390472389257 -0.9876884293389511
outer loop
vertex 11.249006271362305 47.74517059326172 -9.202290534973145
vertex 15.619994163513184 36.64384078979492 -10.960569381713867
vertex 14.870137214660645 37.71474838256836 -10.790953636169434
endloop
endfacet
facet normal 2.14695162026098e-7 0.15643456881019208 -0.9876883241595616
outer loop
vertex 14.870137214660645 37.71474838256836 -10.790953636169434
vertex 13.945711135864258 38.63917541503906 -10.644538879394531
vertex 11.249006271362305 47.74517059326172 -9.202290534973145
endloop
endfacet
facet normal -1.4640502199049205e-7 0.15643447670928845 -0.9876883387469296
outer loop
vertex 10.427165031433105 40.27989959716797 -10.384674072265625
vertex 9.052931785583496 47.901214599609375 -9.177576065063477
vertex 11.68995475769043 39.94153594970703 -10.438265800476074
endloop
endfacet
facet normal 7.134436723949837e-7 0.15643482456895372 -0.9876882836510574
outer loop
vertex 13.945711135864258 38.63917541503906 -10.644538879394531
vertex 12.87480354309082 39.38903045654297 -10.525774002075195
vertex 9.052931785583496 47.901214599609375 -9.177576065063477
endloop
endfacet
facet normal 1.040486793031578e-7 0.15643455765347883 -0.9876883259266304
outer loop
vertex 12.87480354309082 39.38903045654297 -10.525774002075195
vertex 11.68995475769043 39.94153594970703 -10.438265800476074
vertex 9.052931785583496 47.901214599609375 -9.177576065063477
endloop
endfacet
facet normal -1.4269219917965264e-8 0.15643446091376603 -0.9876883412487054
outer loop
vertex 74.13526916503906 41.13888931274414 -10.24862289428711
vertex 65.9228744506836 64.18838500976562 -6.5979413986206055
vertex 75.24959564208984 42.19609069824219 -10.081178665161133
endloop
endfacet
facet normal 4.4538214926245565e-9 0.1564344674214228 -0.9876883402179939
outer loop
vertex 74.13526916503906 41.13888931274414 -10.24862289428711
vertex 68.06558990478516 37.53566360473633 -10.819317817687988
vertex 65.9228744506836 64.18838500976562 -6.5979413986206055
endloop
endfacet
facet normal -5.212151659934086e-8 0.15643451067147807 -0.9876883333678558
outer loop
vertex 9.052931785583496 47.901214599609375 -9.177576065063477
vertex 7.822442531585693 40.27989959716797 -10.384674072265625
vertex 4.49632453918457 47.14395523071289 -9.297513961791992
endloop
endfacet
facet normal 1.0584121811753142e-7 0.15643452107986758 -0.9876883317193239
outer loop
vertex 9.052931785583496 47.901214599609375 -9.177576065063477
vertex 10.427165031433105 40.27989959716797 -10.384674072265625
vertex 9.12480354309082 40.39384078979492 -10.36662769317627
endloop
endfacet
facet normal 0.000002889526847813393 0.15643469368692564 -0.9876883043768051
outer loop
vertex 68.06558990478516 37.53566360473633 -10.819317817687988
vertex 67.93644714355469 37.46748733520508 -10.830116271972656
vertex 65.9228744506836 64.18838500976562 -6.5979413986206055
endloop
endfacet
facet normal 3.0795077036268563e-7 0.15643450391167965 -0.9876883344384563
outer loop
vertex 67.93644714355469 37.46748733520508 -10.830116271972656
vertex 67.48743438720703 37.1035270690918 -10.887762069702148
vertex 65.9228744506836 64.18838500976562 -6.5979413986206055
endloop
endfacet
facet normal 0.0000010125042357951044 0.15643454361425246 -0.9876883281497131
outer loop
vertex 67.48743438720703 37.1035270690918 -10.887762069702148
vertex 67.11894226074219 36.6600456237793 -10.958003044128418
vertex 65.9228744506836 64.18838500976562 -6.5979413986206055
endloop
endfacet
facet normal -0.000005660237381615465 0.156434260785422 -0.9876883729296809
outer loop
vertex 67.11894226074219 36.6600456237793 -10.958003044128418
vertex 67.03003692626953 36.495758056640625 -10.984023094177246
vertex 65.9228744506836 64.18838500976562 -6.5979413986206055
endloop
endfacet
facet normal -1.786784066489127e-7 0.15643421047084943 -0.9876883809149168
outer loop
vertex 67.03003692626953 36.495758056640625 -10.984023094177246
vertex 66.63247680664062 35.81845474243164 -11.091297149658203
vertex 41.53559112548828 54.986045837402344 -8.055449485778809
endloop
endfacet
facet normal 4.8440030876162693e-8 0.15643450056872965 -0.9876883349679746
outer loop
vertex 66.44756317138672 35.47677230834961 -11.145414352416992
vertex 41.53559112548828 54.986045837402344 -8.055449485778809
vertex 66.63247680664062 35.81845474243164 -11.091297149658203
endloop
endfacet
facet normal -1.3062429940526214e-7 0.1564343015433844 -0.9876883664904718
outer loop
vertex 66.44756317138672 35.47677230834961 -11.145414352416992
vertex 66.27894592285156 34.927764892578125 -11.232368469238281
vertex 41.16938400268555 54.7939338684082 -8.08587646484375
endloop
endfacet
facet normal -5.336218310144557e-8 0.15643439680796897 -0.9876883514020625
outer loop
vertex 66.22223663330078 34.3590202331543 -11.32244873046875
vertex 41.16938400268555 54.7939338684082 -8.08587646484375
vertex 66.27894592285156 34.927764892578125 -11.232368469238281
endloop
endfacet
facet normal -1.0566410700573268e-7 0.15643451910457526 -0.9876883320321796
outer loop
vertex 9.12480354309082 40.39384078979492 -10.36662769317627
vertex 7.822442531585693 40.27989959716797 -10.384674072265625
vertex 9.052931785583496 47.901214599609375 -9.177576065063477
endloop
endfacet
facet normal 0.000007026630760452403 0.15643871794646105 -0.9876876669665842
outer loop
vertex 15.203904151916504 -30.9442195892334 -21.66546630859375
vertex -32.489681243896484 46.03382110595703 -9.473341941833496
vertex 15.36611557006836 -31.0526065826416 -21.682632446289062
endloop
endfacet
facet normal -0.0000035219582566984774 0.15643258950439018 -0.9876886376427274
outer loop
vertex 67.03003692626953 36.495758056640625 -10.984023094177246
vertex 53.22654724121094 61.543148040771484 -7.016905784606934
vertex 53.3189582824707 61.71603775024414 -6.989523410797119
endloop
endfacet
facet normal 0.0000015543137070200045 0.15643531855325332 -0.9876882054103544
outer loop
vertex 67.03003692626953 36.495758056640625 -10.984023094177246
vertex 53.1021842956543 61.3916130065918 -7.04090690612793
vertex 53.22654724121094 61.543148040771484 -7.016905784606934
endloop
endfacet
facet normal 1.479710105247357e-7 0.15643455103626827 -0.9876883269746886
outer loop
vertex 67.03003692626953 36.495758056640625 -10.984023094177246
vertex 52.95064926147461 61.267250061035156 -7.060604095458984
vertex 53.1021842956543 61.3916130065918 -7.04090690612793
endloop
endfacet
facet normal -0.000009097828565597351 0.1564289527315191 -0.9876892136013988
outer loop
vertex -32.489681243896484 46.03382110595703 -9.473341941833496
vertex 15.474502563476562 -31.214818954467773 -21.708324432373047
vertex 15.36611557006836 -31.0526065826416 -21.682632446289062
endloop
endfacet
facet normal 1.9780218784347462e-7 0.15643457866573962 -0.9876883225985985
outer loop
vertex 67.03003692626953 36.495758056640625 -10.984023094177246
vertex 52.77776336669922 61.17483901977539 -7.075240612030029
vertex 52.95064926147461 61.267250061035156 -7.060604095458984
endloop
endfacet
facet normal -2.980492768084305e-8 0.15643437902793433 -0.9876883542181428
outer loop
vertex 2.0771090984344482 35.45899200439453 -11.14823055267334
vertex -18.185213088989258 41.63875198364258 -10.169452667236328
vertex -2.377894639968872 43.86945343017578 -9.816144943237305
endloop
endfacet
facet normal 0.0000016901069801457454 0.15643543351259187 -0.987688187202252
outer loop
vertex 67.03003692626953 36.495758056640625 -10.984023094177246
vertex 52.39508056640625 61.09872055053711 -7.087296962738037
vertex 52.59016799926758 61.11793518066406 -7.084253311157227
endloop
endfacet
facet normal -1.263191082372987e-7 0.15642055403337177 -0.9876905437817439
outer loop
vertex -65.3788070678711 46.11111068725586 -9.461100578308105
vertex -71.91314697265625 46.16374206542969 -9.452764511108398
vertex -65.39546203613281 46.14226150512695 -9.456167221069336
endloop
endfacet
facet normal -0.0000019004319888990402 0.15643334996442795 -0.9876885172033212
outer loop
vertex 67.03003692626953 36.495758056640625 -10.984023094177246
vertex 52.199989318847656 61.11793518066406 -7.084253311157227
vertex 52.39508056640625 61.09872055053711 -7.087296962738037
endloop
endfacet
facet normal -0.000003934294886110776 0.1564321549364353 -0.9876887064690294
outer loop
vertex 67.03003692626953 36.495758056640625 -10.984023094177246
vertex 52.15253448486328 61.132328033447266 -7.081973552703857
vertex 52.199989318847656 61.11793518066406 -7.084253311157227
endloop
endfacet
facet normal 2.8877735049953415e-8 0.15643448964638698 -0.9876883366979047
outer loop
vertex 41.53559112548828 54.986045837402344 -8.055449485778809
vertex 52.15253448486328 61.132328033447266 -7.081973552703857
vertex 67.03003692626953 36.495758056640625 -10.984023094177246
endloop
endfacet
facet normal -9.087988477683013e-7 0.156433308154204 -0.9876885238267709
outer loop
vertex 41.16938400268555 54.7939338684082 -8.08587646484375
vertex 41.53559112548828 54.986045837402344 -8.055449485778809
vertex 66.44756317138672 35.47677230834961 -11.145414352416992
endloop
endfacet
facet normal -0.000006701246004501302 0.1564304206555115 -0.9876889811315266
outer loop
vertex 15.01256275177002 -30.906160354614258 -21.65943717956543
vertex -32.489681243896484 46.03382110595703 -9.473341941833496
vertex 15.203904151916504 -30.9442195892334 -21.66546630859375
endloop
endfacet
facet normal 0 0.15643445671895015 -0.9876883419130991
outer loop
vertex -32.489681243896484 46.03382110595703 -9.473341941833496
vertex 15.01256275177002 -30.906160354614258 -21.65943717956543
vertex -3.9874374866485596 -30.906160354614258 -21.65943717956543
endloop
endfacet
facet normal 0.000005474877109726297 0.15643643523974746 -0.9876880285290016
outer loop
vertex -3.9874374866485596 -30.906160354614258 -21.65943717956543
vertex -4.178779125213623 -30.9442195892334 -21.66546630859375
vertex -32.489681243896484 46.03382110595703 -9.473341941833496
endloop
endfacet
facet normal -0.0000033053957697395973 0.15643328506613305 -0.9876885274784213
outer loop
vertex -4.178779125213623 -30.9442195892334 -21.66546630859375
vertex -4.340991020202637 -31.0526065826416 -21.682632446289062
vertex -32.489681243896484 46.03382110595703 -9.473341941833496
endloop
endfacet
facet normal 4.170836788596348e-7 0.15643461109428977 -0.9876883174623483
outer loop
vertex -4.340991020202637 -31.0526065826416 -21.682632446289062
vertex -4.449377536773682 -31.214818954467773 -21.708324432373047
vertex -32.489681243896484 46.03382110595703 -9.473341941833496
endloop
endfacet
facet normal 0.0000033271682493757248 0.15643564156803216 -0.9876881542451181
outer loop
vertex -4.449377536773682 -31.214818954467773 -21.708324432373047
vertex -4.487437725067139 -31.406160354614258 -21.738630294799805
vertex -32.489681243896484 46.03382110595703 -9.473341941833496
endloop
endfacet
facet normal 1.0279862704715596e-7 0.15643450417152574 -0.9876883343973434
outer loop
vertex -4.487437725067139 -31.406160354614258 -21.738630294799805
vertex -4.487437725067139 -45.406158447265625 -23.956012725830078
vertex -32.489681243896484 46.03382110595703 -9.473341941833496
endloop
endfacet
facet normal 0.000017323495031993906 0.15643964869446797 -0.9876875194190964
outer loop
vertex -4.487437725067139 -45.406158447265625 -23.956012725830078
vertex -4.449377536773682 -45.59749984741211 -23.986318588256836
vertex -32.489681243896484 46.03382110595703 -9.473341941833496
endloop
endfacet
facet normal 1.1533410326131605e-7 0.15643458982977146 -0.9876883208304014
outer loop
vertex 7.822442531585693 40.27989959716797 -10.384674072265625
vertex 6.559652805328369 39.94153594970703 -10.438265800476074
vertex 4.49632453918457 47.14395523071289 -9.297513961791992
endloop
endfacet
facet normal -9.176359832314231e-8 0.1564345319529003 -0.9876883299972055
outer loop
vertex 6.559652805328369 39.94153594970703 -10.438265800476074
vertex 5.37480354309082 39.38903045654297 -10.525774002075195
vertex 4.49632453918457 47.14395523071289 -9.297513961791992
endloop
endfacet
facet normal 7.211303134345487e-8 0.15643455006257584 -0.9876883271289147
outer loop
vertex 5.37480354309082 39.38903045654297 -10.525774002075195
vertex 2.4254441261291504 46.26765823364258 -9.43630599975586
vertex 4.49632453918457 47.14395523071289 -9.297513961791992
endloop
endfacet
facet normal -3.8051875431452176e-7 0.15643436073633338 -0.9876883571151732
outer loop
vertex 5.37480354309082 39.38903045654297 -10.525774002075195
vertex 4.303896903991699 38.63917541503906 -10.644538879394531
vertex 2.4254441261291504 46.26765823364258 -9.43630599975586
endloop
endfacet
facet normal -7.63103499687712e-8 0.15643443381207675 -0.987688345541188
outer loop
vertex 4.303896903991699 38.63917541503906 -10.644538879394531
vertex 3.3794703483581543 37.71474838256836 -10.790953636169434
vertex 2.4254441261291504 46.26765823364258 -9.43630599975586
endloop
endfacet
facet normal 2.897499316651466e-8 0.15643444526863604 -0.9876883437266502
outer loop
vertex 3.3794703483581543 37.71474838256836 -10.790953636169434
vertex -0.8546560406684875 44.30381774902344 -9.747347831726074
vertex 2.4254441261291504 46.26765823364258 -9.43630599975586
endloop
endfacet
facet normal -9.863722830654436e-7 0.15643407595573544 -0.9876884022194966
outer loop
vertex 2.629613161087036 36.64384078979492 -10.960569381713867
vertex -1.2580490112304688 44.09085464477539 -9.78107738494873
vertex -0.8546560406684875 44.30381774902344 -9.747347831726074
endloop
endfacet
facet normal 4.7253610218505734e-7 0.1564347233251156 -0.9876882996866831
outer loop
vertex -0.8546560406684875 44.30381774902344 -9.747347831726074
vertex 3.3794703483581543 37.71474838256836 -10.790953636169434
vertex 2.629613161087036 36.64384078979492 -10.960569381713867
endloop
endfacet
facet normal -3.7442646300078116e-7 0.1564342769191775 -0.9876883703904962
outer loop
vertex 2.0771090984344482 35.45899200439453 -11.14823055267334
vertex -1.8138995170593262 43.92431640625 -9.807455062866211
vertex 2.629613161087036 36.64384078979492 -10.960569381713867
endloop
endfacet
facet normal -0.0000016246129833914324 0.15643399226312008 -0.9876884154742237
outer loop
vertex 1.4252526760101318 -69.34941864013672 -27.74825096130371
vertex -32.489681243896484 46.03382110595703 -9.473341941833496
vertex -4.449377536773682 -45.59749984741211 -23.986318588256836
endloop
endfacet
facet normal 0.000011772559561277662 0.15643771814440408 -0.9876878252784018
outer loop
vertex -32.489681243896484 46.03382110595703 -9.473341941833496
vertex -0.3825322687625885 -67.1343994140625 -27.39742660522461
vertex -0.5922812819480896 -66.88196563720703 -27.357446670532227
endloop
endfacet
facet normal -4.3171945739330153e-7 0.15643435495679997 -0.9876883580305397
outer loop
vertex -0.5922812819480896 -66.88196563720703 -27.357446670532227
vertex -1.0412938594818115 -66.51800537109375 -27.299800872802734
vertex -32.489681243896484 46.03382110595703 -9.473341941833496
endloop
endfacet
facet normal -0.0000015198326928018906 0.15643405836438432 -0.9876884050050089
outer loop
vertex -1.0412938594818115 -66.51800537109375 -27.299800872802734
vertex -1.553568720817566 -66.24755859375 -27.25696563720703
vertex -32.489681243896484 46.03382110595703 -9.473341941833496
endloop
endfacet
facet normal 0.000008044160593726203 0.15643662897459937 -0.9876879978264163
outer loop
vertex -1.553568720817566 -66.24755859375 -27.25696563720703
vertex -1.6184642314910889 -66.22811889648438 -27.253887176513672
vertex -32.489681243896484 46.03382110595703 -9.473341941833496
endloop
endfacet
facet normal -7.619533792210823e-7 0.15643426662388804 -0.9876883720208848
outer loop
vertex -1.6184642314910889 -66.22811889648438 -27.253887176513672
vertex -2.4750144481658936 -65.90010833740234 -27.201934814453125
vertex -32.489681243896484 46.03382110595703 -9.473341941833496
endloop
endfacet
facet normal -0.0000016351025065654214 0.15643403822163274 -0.9876884081951146
outer loop
vertex -2.4750144481658936 -65.90010833740234 -27.201934814453125
vertex -2.9659695625305176 -65.75301361083984 -27.17863655090332
vertex -32.489681243896484 46.03382110595703 -9.473341941833496
endloop
endfacet
facet normal 0.0000028065560008573663 0.156435182588174 -0.9876882269424537
outer loop
vertex -2.9659695625305176 -65.75301361083984 -27.17863655090332
vertex -3.5431315898895264 -65.69686126708984 -27.16974449157715
vertex -32.489681243896484 46.03382110595703 -9.473341941833496
endloop
endfacet
facet normal 1.7795252490164558e-7 0.1564345091307616 -0.9876883336118667
outer loop
vertex -32.489681243896484 46.03382110595703 -9.473341941833496
vertex 1.4252526760101318 -69.34941864013672 -27.74825096130371
vertex -0.3825322687625885 -67.1343994140625 -27.39742660522461
endloop
endfacet
facet normal -6.188560625279945e-9 0.1564344717117701 -0.9876883395384697
outer loop
vertex -3.5431315898895264 -65.69686126708984 -27.16974449157715
vertex -73.7998046875 -65.67562103271484 -27.166379928588867
vertex -32.489681243896484 46.03382110595703 -9.473341941833496
endloop
endfacet
facet normal -0.0000012147504165175046 0.15643409115494228 -0.9876883998119304
outer loop
vertex -4.340991020202637 -45.75971221923828 -24.01201057434082
vertex 1.4252526760101318 -69.34941864013672 -27.74825096130371
vertex -4.449377536773682 -45.59749984741211 -23.986318588256836
endloop
endfacet
facet normal 0.000004154588151742978 0.156435375418736 -0.9876881963961799
outer loop
vertex 1.4252526760101318 -69.34941864013672 -27.74825096130371
vertex -4.178779125213623 -45.868099212646484 -24.029176712036133
vertex -3.9874374866485596 -45.906158447265625 -24.03520393371582
endloop
endfacet
facet normal 0.00000484769583567576 0.15643553678668673 -0.9876881708346825
outer loop
vertex -4.178779125213623 -45.868099212646484 -24.029176712036133
vertex 1.4252526760101318 -69.34941864013672 -27.74825096130371
vertex -4.340991020202637 -45.75971221923828 -24.01201057434082
endloop
endfacet
facet normal 2.959208160224922e-9 0.15643446416727586 -0.9876883407334002
outer loop
vertex 66.14559173583984 -65.76236724853516 -27.180118560791016
vertex 41.16938400268555 54.7939338684082 -8.08587646484375
vertex 66.22223663330078 34.3590202331543 -11.32244873046875
endloop
endfacet
facet normal 2.0704515387442012e-8 0.156434467753686 -0.9876883401653683
outer loop
vertex 66.14559173583984 -65.76236724853516 -27.180118560791016
vertex 25.654861450195312 48.47976303100586 -9.085943222045898
vertex 41.16938400268555 54.7939338684082 -8.08587646484375
endloop
endfacet
facet normal -2.3105255012185051e-7 0.1564343807072764 -0.9876883539521348
outer loop
vertex 66.14559173583984 -65.76236724853516 -27.180118560791016
vertex 24.457490921020508 47.553985595703125 -9.232571601867676
vertex 25.654861450195312 48.47976303100586 -9.085943222045898
endloop
endfacet
facet normal 2.5033587322806803e-7 0.15643455347197888 -0.987688326588889
outer loop
vertex 66.14559173583984 -65.76236724853516 -27.180118560791016
vertex 23.451902389526367 46.09675216674805 -9.463375091552734
vertex 24.457490921020508 47.553985595703125 -9.232571601867676
endloop
endfacet
facet normal -2.3542070606894956e-7 0.15643437260851906 -0.9876883552348502
outer loop
vertex 66.14559173583984 -65.76236724853516 -27.180118560791016
vertex 23.098421096801758 45.67133712768555 -9.530754089355469
vertex 23.451902389526367 46.09675216674805 -9.463375091552734
endloop
endfacet
facet normal 2.614634028114066e-7 0.15643455985902657 -0.9876883255772767
outer loop
vertex 22.6494083404541 45.307376861572266 -9.588399887084961
vertex 23.098421096801758 45.67133712768555 -9.530754089355469
vertex 66.14559173583984 -65.76236724853516 -27.180118560791016
endloop
endfacet
facet normal 0.0000043651277474555384 0.15643612757214534 -0.9876880772648707
outer loop
vertex 66.14559173583984 -65.76236724853516 -27.180118560791016
vertex 22.586441040039062 45.27413558959961 -9.59366512298584
vertex 22.6494083404541 45.307376861572266 -9.588399887084961
endloop
endfacet
facet normal -7.709711906407732e-7 0.1564341620112747 -0.9876883885898607
outer loop
vertex 66.14559173583984 -65.76236724853516 -27.180118560791016
vertex 21.932689666748047 44.86478805541992 -9.658498764038086
vertex 22.586441040039062 45.27413558959961 -9.59366512298584
endloop
endfacet
facet normal 6.155256421701595e-7 0.15643470257391764 -0.9876883029732767
outer loop
vertex 21.483383178710938 44.62758255004883 -9.69606876373291
vertex 21.932689666748047 44.86478805541992 -9.658498764038086
vertex 66.14559173583984 -65.76236724853516 -27.180118560791016
endloop
endfacet
facet normal -5.396590325839002e-7 0.15643424663997466 -0.9876883751861679
outer loop
vertex 20.927532196044922 44.46104431152344 -9.722445487976074
vertex 21.483383178710938 44.62758255004883 -9.69606876373291
vertex 66.14559173583984 -65.76236724853516 -27.180118560791016
endloop
endfacet
facet normal -3.7547294374481624e-7 0.15643441006972886 -0.9876883493015369
outer loop
vertex -29.112150192260742 43.2132682800293 -9.920074462890625
vertex -31.14470863342285 45.48657989501953 -9.560016632080078
vertex -29.99230194091797 44.51066207885742 -9.714587211608887
endloop
endfacet
facet normal -0.000017941473137408677 0.1564190886842381 -0.9876907756850299
outer loop
vertex -29.112150192260742 43.2132682800293 -9.920074462890625
vertex -28.74571418762207 42.77226257324219 -9.989922523498535
vertex -31.14470863342285 45.48657989501953 -9.560016632080078
endloop
endfacet
facet normal -1.7193655223888587e-7 0.15643446323760074 -0.9876883408806314
outer loop
vertex -73.7998046875 -65.67562103271484 -27.166379928588867
vertex -76.3080062866211 -63.16305923461914 -26.768428802490234
vertex -76.17581939697266 42.538455963134766 -10.02695369720459
endloop
endfacet
facet normal 3.135308277190932e-8 0.15643447515949302 -0.9876883389924036
outer loop
vertex 20.34946632385254 44.40481185913086 -9.731351852416992
vertex 20.927532196044922 44.46104431152344 -9.722445487976074
vertex 66.14559173583984 -65.76236724853516 -27.180118560791016
endloop
endfacet
facet normal -0.0000017937854984849389 0.1564337350220431 -0.9876884562167544
outer loop
vertex 66.14559173583984 -65.76236724853516 -27.180118560791016
vertex 20.16953468322754 44.42231369018555 -9.7285795211792
vertex 20.34946632385254 44.40481185913086 -9.731351852416992
endloop
endfacet
facet normal -1.0977054814319155e-7 0.1564344205047252 -0.9876883476488617
outer loop
vertex 66.14559173583984 -65.76236724853516 -27.180118560791016
vertex 19.482357025146484 44.463775634765625 -9.722012519836426
vertex 20.16953468322754 44.42231369018555 -9.7285795211792
endloop
endfacet
facet normal 7.622695276813267e-7 0.15643478064066615 -0.9876882906085936
outer loop
vertex 66.14559173583984 -65.76236724853516 -27.180118560791016
vertex 19.084224700927734 44.502506256103516 -9.7158784866333
vertex 19.482357025146484 44.463775634765625 -9.722012519836426
endloop
endfacet
facet normal -1.9480824040772784e-7 0.1564343454053388 -0.9876883595434166
outer loop
vertex 15.474502563476562 -31.214818954467773 -21.708324432373047
vertex -32.489681243896484 46.03382110595703 -9.473341941833496
vertex -31.14470863342285 45.48657989501953 -9.560016632080078
endloop
endfacet
facet normal 6.950712399304798e-7 0.15643475266211146 -0.9876882950400196
outer loop
vertex 66.14559173583984 -65.76236724853516 -27.180118560791016
vertex 18.52837371826172 44.669044494628906 -9.689501762390137
vertex 19.084224700927734 44.502506256103516 -9.7158784866333
endloop
endfacet
facet normal 4.3281193996930524e-7 0.156434642345214 -0.9876883125126762
outer loop
vertex 66.14559173583984 -65.76236724853516 -27.180118560791016
vertex 18.131010055541992 44.87882614135742 -9.656275749206543
vertex 18.52837371826172 44.669044494628906 -9.689501762390137
endloop
endfacet
facet normal 5.173631915611087e-8 0.15643448101813415 -0.987688338064485
outer loop
vertex 66.14559173583984 -65.76236724853516 -27.180118560791016
vertex 15.654461860656738 46.35070037841797 -9.4231538772583
vertex 18.131010055541992 44.87882614135742 -9.656275749206543
endloop
endfacet
facet normal -2.529800274317851e-7 0.1564343471446767 -0.9876883592679195
outer loop
vertex 66.14559173583984 -65.76236724853516 -27.180118560791016
vertex 11.249006271362305 47.74517059326172 -9.202290534973145
vertex 15.654461860656738 46.35070037841797 -9.4231538772583
endloop
endfacet
facet normal 9.125618542441113e-7 0.15643489705048705 -0.9876882721709166
outer loop
vertex 66.14559173583984 -65.76236724853516 -27.180118560791016
vertex 15.619994163513184 36.64384078979492 -10.960569381713867
vertex 11.249006271362305 47.74517059326172 -9.202290534973145
endloop
endfacet
facet normal -0.000013297445400052172 0.15642805761259737 -0.9876893553211596
outer loop
vertex 66.14559173583984 -65.76236724853516 -27.180118560791016
vertex 16.17249870300293 35.45899200439453 -11.14823055267334
vertex 15.619994163513184 36.64384078979492 -10.960569381713867
endloop
endfacet
facet normal 3.2555388859963084e-7 0.15643461872966094 -0.9876883162530575
outer loop
vertex 66.14559173583984 -65.76236724853516 -27.180118560791016
vertex 16.510862350463867 34.19620132446289 -11.348237037658691
vertex 16.17249870300293 35.45899200439453 -11.14823055267334
endloop
endfacet
facet normal -2.2919399451213815e-7 0.15643440747827791 -0.9876883497120271
outer loop
vertex -73.7998046875 -65.67562103271484 -27.166379928588867
vertex -75.54405975341797 -64.84160614013672 -27.034284591674805
vertex -76.3080062866211 -63.16305923461914 -26.768428802490234
endloop
endfacet
facet normal 0.000005641219984422807 0.15643701385724001 -0.9876879368827011
outer loop
vertex -75.54405975341797 -64.84160614013672 -27.034284591674805
vertex -76.08841705322266 -64.02440643310547 -26.90485382080078
vertex -76.3080062866211 -63.16305923461914 -26.768428802490234
endloop
endfacet
facet normal 7.297640870737445e-7 0.15643481452964844 -0.9876882852411188
outer loop
vertex 66.14559173583984 -65.76236724853516 -27.180118560791016
vertex 16.62480354309082 32.89384078979492 -11.554511070251465
vertex 16.510862350463867 34.19620132446289 -11.348237037658691
endloop
endfacet
facet normal -0.0000011025550560794403 0.15643391729892608 -0.9876884273480666
outer loop
vertex 66.14559173583984 -65.76236724853516 -27.180118560791016
vertex 16.510862350463867 31.59147834777832 -11.760784149169922
vertex 16.62480354309082 32.89384078979492 -11.554511070251465
endloop
endfacet
facet normal 3.933622437573776e-7 0.15643466131110811 -0.9876883095087863
outer loop
vertex 66.14559173583984 -65.76236724853516 -27.180118560791016
vertex 16.17249870300293 30.328689575195312 -11.960790634155273
vertex 16.510862350463867 31.59147834777832 -11.760784149169922
endloop
endfacet
facet normal 4.3687649171295643e-7 0.15643468338731864 -0.987688306012235
outer loop
vertex 66.14559173583984 -65.76236724853516 -27.180118560791016
vertex 15.619994163513184 29.143840789794922 -12.148452758789062
vertex 16.17249870300293 30.328689575195312 -11.960790634155273
endloop
endfacet
facet normal -2.2324749563875134e-7 0.15643434055465824 -0.9876883603116822
outer loop
vertex 66.14559173583984 -65.76236724853516 -27.180118560791016
vertex 14.870137214660645 28.072933197021484 -12.31806755065918
vertex 15.619994163513184 29.143840789794922 -12.148452758789062
endloop
endfacet
facet normal 0.000008888736918577458 0.1564402596983595 -0.9876874227540311
outer loop
vertex 3.3794703483581543 28.072933197021484 -12.31806755065918
vertex 66.14559173583984 -65.76236724853516 -27.180118560791016
vertex 2.629613161087036 29.143840789794922 -12.148452758789062
endloop
endfacet
facet normal 4.438349758393682e-7 0.1564348026201159 -0.9876882871275776
outer loop
vertex 66.14559173583984 -65.76236724853516 -27.180118560791016
vertex -18.66405487060547 41.49528503417969 -10.19217586517334
vertex -18.185213088989258 41.63875198364258 -10.169452667236328
endloop
endfacet
facet normal -5.441021973454794e-8 0.1564344209744064 -0.9876883475744761
outer loop
vertex -18.185213088989258 41.63875198364258 -10.169452667236328
vertex 2.629613161087036 29.143840789794922 -12.148452758789062
vertex 66.14559173583984 -65.76236724853516 -27.180118560791016
endloop
endfacet
facet normal -8.971049763095013e-7 0.15643376827329433 -0.9876884509515196
outer loop
vertex 66.14559173583984 -65.76236724853516 -27.180118560791016
vertex -19.267345428466797 41.441505432128906 -10.200693130493164
vertex -18.66405487060547 41.49528503417969 -10.19217586517334
endloop
endfacet
facet normal 1.5324876201898776e-7 0.15643458464637267 -0.9876883216513667
outer loop
vertex 66.14559173583984 -65.76236724853516 -27.180118560791016
vertex -25.94755744934082 41.49772644042969 -10.191789627075195
vertex -19.267345428466797 41.441505432128906 -10.200693130493164
endloop
endfacet
facet normal -7.160339177952963e-7 0.15643385654797823 -0.9876884369703909
outer loop
vertex 66.14559173583984 -65.76236724853516 -27.180118560791016
vertex -26.500396728515625 41.55150604248047 -10.183271408081055
vertex -25.94755744934082 41.49772644042969 -10.191789627075195
endloop
endfacet
facet normal -0.0000014696576251635394 0.15643322185264041 -0.987688537494813
outer loop
vertex 66.14559173583984 -65.76236724853516 -27.180118560791016
vertex -27.05624771118164 41.71804428100586 -10.156893730163574
vertex -26.500396728515625 41.55150604248047 -10.183271408081055
endloop
endfacet
facet normal 0.0000042844476136524905 0.1564380894273042 -0.9876877665325101
outer loop
vertex 66.14559173583984 -65.76236724853516 -27.180118560791016
vertex -27.409902572631836 41.90475082397461 -10.127323150634766
vertex -27.05624771118164 41.71804428100586 -10.156893730163574
endloop
endfacet
facet normal -0.0000013976710724650245 0.15643327287629002 -0.9876885294136298
outer loop
vertex 66.14559173583984 -65.76236724853516 -27.180118560791016
vertex -28.13808250427246 42.324562072753906 -10.060831069946289
vertex -27.409902572631836 41.90475082397461 -10.127323150634766
endloop
endfacet
facet normal -0.0000011822316436878602 0.15643345171825251 -0.9876885010883317
outer loop
vertex -28.74571418762207 42.77226257324219 -9.989922523498535
vertex -28.296701431274414 42.408302307128906 -10.047568321228027
vertex 66.14559173583984 -65.76236724853516 -27.180118560791016
endloop
endfacet
facet normal 0.000004630579120799936 0.1564384026028785 -0.987687716927581
outer loop
vertex -28.296701431274414 42.408302307128906 -10.047568321228027
vertex -28.13808250427246 42.324562072753906 -10.060831069946289
vertex 66.14559173583984 -65.76236724853516 -27.180118560791016
endloop
endfacet
facet normal 0.0000018465257392514713 0.15643664549609007 -0.9876879952406634
outer loop
vertex 62.552486419677734 -70.289306640625 -27.89711570739746
vertex 15.51256275177002 -31.406160354614258 -21.738630294799805
vertex 15.474502563476562 -31.214818954467773 -21.708324432373047
endloop
endfacet
facet normal -0.0000031991412714900207 0.15643179957880804 -0.9876887627538855
outer loop
vertex 65.60266876220703 -67.88253784179688 -27.515920639038086
vertex -31.14470863342285 45.48657989501953 -9.560016632080078
vertex -28.74571418762207 42.77226257324219 -9.989922523498535
endloop
endfacet
facet normal 7.297277223157569e-8 0.1564345083403841 -0.9876883337370636
outer loop
vertex 67.03003692626953 36.495758056640625 -10.984023094177246
vertex 52.59016799926758 61.11793518066406 -7.084253311157227
vertex 52.77776336669922 61.17483901977539 -7.075240612030029
endloop
endfacet
facet normal 0 0 1
outer loop
vertex 25.463193893432617 45.009033203125 -4.099999904632568
vertex 62.652976989746094 36.24093246459961 -4.099999904632568
vertex 25.726757049560547 45.447391510009766 -4.099999904632568
endloop
endfacet
facet normal -0.9998749315513696 -0.015815222260339476 0
outer loop
vertex -30.88739585876465 38.91883850097656 -4.099999904632568
vertex -30.88739585876465 38.91883850097656 -0.5
vertex -30.927093505859375 41.42861557006836 -0.5
endloop
endfacet
facet normal 0.2628870608150256 -0.9648266130533698 0
outer loop
vertex -72.5406723022461 43.49467849731445 -0.5
vertex -72.5406723022461 43.49467849731445 -4.099999904632568
vertex -72.04717254638672 43.62914276123047 -4.099999904632568
endloop
endfacet
facet normal 0.9862009536384775 -0.16555264734385197 0
outer loop
vertex -74.19557189941406 41.66599655151367 -4.099999904632568
vertex -74.19557189941406 41.66599655151367 -0.5
vertex -74.2802505493164 41.161563873291016 -0.5
endloop
endfacet
facet normal 0.9372773928934326 -0.3485844069531652 0
outer loop
vertex -74.01727294921875 42.145408630371094 -4.099999904632568
vertex -74.01727294921875 42.145408630371094 -0.5
vertex -74.19557189941406 41.66599655151367 -0.5
endloop
endfacet
facet normal 0.8547027835318283 -0.5191176666449957 0
outer loop
vertex -73.75174713134766 42.582584381103516 -4.099999904632568
vertex -73.75174713134766 42.582584381103516 -0.5
vertex -74.01727294921875 42.145408630371094 -0.5
endloop
endfacet
facet normal 0.7414635106665586 -0.6709931909863334 0
outer loop
vertex -73.75174713134766 42.582584381103516 -0.5
vertex -73.75174713134766 42.582584381103516 -4.099999904632568
vertex -73.40853881835938 42.96183776855469 -0.5
endloop
endfacet
facet normal 0.6016001813100477 -0.7987973596900014 0
outer loop
vertex -72.99996185302734 43.26955032348633 -4.099999904632568
vertex -72.99996185302734 43.26955032348633 -0.5
vertex -73.40853881835938 42.96183776855469 -0.5
endloop
endfacet
facet normal 0.4401355228620362 -0.8979313567945838 0
outer loop
vertex -72.5406723022461 43.49467849731445 -4.099999904632568
vertex -72.5406723022461 43.49467849731445 -0.5
vertex -72.99996185302734 43.26955032348633 -0.5
endloop
endfacet
facet normal 0.4401355228620362 -0.8979313567945838 0
outer loop
vertex -72.99996185302734 43.26955032348633 -0.5
vertex -72.99996185302734 43.26955032348633 -4.099999904632568
vertex -72.5406723022461 43.49467849731445 -4.099999904632568
endloop
endfacet
facet normal -0.262885169177651 0.9648271284672907 0
outer loop
vertex 62.365840911865234 -63.68199920654297 -0.5
vertex 62.365840911865234 -63.68199920654297 -4.099999904632568
vertex 61.872337341308594 -63.816463470458984 -4.099999904632568
endloop
endfacet
facet normal -0.4401384703277997 0.8979299120407475 0
outer loop
vertex 62.82512664794922 -63.456871032714844 -0.5
vertex 62.82512664794922 -63.456871032714844 -4.099999904632568
vertex 62.365840911865234 -63.68199920654297 -4.099999904632568
endloop
endfacet
facet normal -0.6015965973303075 0.7988000588887032 0
outer loop
vertex 62.82512664794922 -63.456871032714844 -0.5
vertex 63.233707427978516 -63.1491584777832 -4.099999904632568
vertex 62.82512664794922 -63.456871032714844 -4.099999904632568
endloop
endfacet
facet normal -0.7414635106665586 0.6709931909863334 0
outer loop
vertex 63.5769157409668 -62.76990509033203 -0.5
vertex 63.5769157409668 -62.76990509033203 -4.099999904632568
vertex 63.233707427978516 -63.1491584777832 -4.099999904632568
endloop
endfacet
facet normal -0.8547060925523587 0.5191122184594376 0
outer loop
vertex 63.842437744140625 -62.33272933959961 -0.5
vertex 63.842437744140625 -62.33272933959961 -4.099999904632568
vertex 63.5769157409668 -62.76990509033203 -4.099999904632568
endloop
endfacet
facet normal -0.9372773928934326 0.3485844069531652 0
outer loop
vertex 64.02073669433594 -61.85331726074219 -0.5
vertex 64.02073669433594 -61.85331726074219 -4.099999904632568
vertex 63.842437744140625 -62.33272933959961 -4.099999904632568
endloop
endfacet
facet normal -0.9862009536384775 0.16555264734385197 0
outer loop
vertex 64.10541534423828 -61.34888458251953 -0.5
vertex 64.10541534423828 -61.34888458251953 -4.099999904632568
vertex 64.02073669433594 -61.85331726074219 -4.099999904632568
endloop
endfacet
facet normal -0.262885169177651 0.9648271284672907 0
outer loop
vertex 61.872337341308594 -63.816463470458984 -4.099999904632568
vertex 61.872337341308594 -63.816463470458984 -0.5
vertex 62.365840911865234 -63.68199920654297 -0.5
endloop
endfacet
facet normal -0.4401384703277997 0.8979299120407475 0
outer loop
vertex 62.365840911865234 -63.68199920654297 -4.099999904632568
vertex 62.365840911865234 -63.68199920654297 -0.5
vertex 62.82512664794922 -63.456871032714844 -0.5
endloop
endfacet
facet normal -0.6015965973303075 0.7988000588887032 0
outer loop
vertex 63.233707427978516 -63.1491584777832 -0.5
vertex 63.233707427978516 -63.1491584777832 -4.099999904632568
vertex 62.82512664794922 -63.456871032714844 -0.5
endloop
endfacet
facet normal -0.7414635106665586 0.6709931909863334 0
outer loop
vertex 63.233707427978516 -63.1491584777832 -4.099999904632568
vertex 63.233707427978516 -63.1491584777832 -0.5
vertex 63.5769157409668 -62.76990509033203 -0.5
endloop
endfacet
facet normal -0.8547060925523587 0.5191122184594376 0
outer loop
vertex 63.5769157409668 -62.76990509033203 -4.099999904632568
vertex 63.5769157409668 -62.76990509033203 -0.5
vertex 63.842437744140625 -62.33272933959961 -0.5
endloop
endfacet
facet normal -0.9372773928934326 0.3485844069531652 0
outer loop
vertex 63.842437744140625 -62.33272933959961 -4.099999904632568
vertex 63.842437744140625 -62.33272933959961 -0.5
vertex 64.02073669433594 -61.85331726074219 -0.5
endloop
endfacet
facet normal -0.9862009536384775 0.16555264734385197 0
outer loop
vertex 64.02073669433594 -61.85331726074219 -4.099999904632568
vertex 64.02073669433594 -61.85331726074219 -0.5
vertex 64.10541534423828 -61.34888458251953 -0.5
endloop
endfacet
facet normal -0.8651947822841985 -0.5014359268223593 0
outer loop
vertex 73.93042755126953 45.79619598388672 -4.099999904632568
vertex 73.93042755126953 45.79619598388672 -0.5
vertex 64.07598114013672 62.79939651489258 -0.5
endloop
endfacet
facet normal -0.9999999420834413 -0.0003403426416189818 0
outer loop
vertex 64.10541534423828 -61.34888458251953 -4.099999904632568
vertex 64.10541534423828 -61.34888458251953 -0.5
vertex 64.07286071777344 34.30361557006836 -0.5
endloop
endfacet
facet normal -0.7041172880613102 -0.7100836884855092 0
outer loop
vertex 64.07598114013672 62.79939651489258 -4.099999904632568
vertex 64.07598114013672 62.79939651489258 -0.5
vertex 63.7127799987793 63.1595458984375 -0.5
endloop
endfacet
facet normal -0.39097576157295866 -0.9204009745010296 0
outer loop
vertex 63.28816604614258 63.444725036621094 -4.099999904632568
vertex 63.28816604614258 63.444725036621094 -0.5
vertex 62.817386627197266 63.64470672607422 -0.5
endloop
endfacet
facet normal 0 0 1
outer loop
vertex 64.10541534423828 -61.34888458251953 -4.099999904632568
vertex 26.012561798095703 -31.406160354614258 -4.099999904632568
vertex 64.02073669433594 -61.85331726074219 -4.099999904632568
endloop
endfacet
facet normal 0 0 1
outer loop
vertex 63.842437744140625 -62.33272933959961 -4.099999904632568
vertex 64.02073669433594 -61.85331726074219 -4.099999904632568
vertex 26.012561798095703 -31.406160354614258 -4.099999904632568
endloop
endfacet
facet normal 0 0 1
outer loop
vertex 63.5769157409668 -62.76990509033203 -4.099999904632568
vertex 63.842437744140625 -62.33272933959961 -4.099999904632568
vertex 26.012561798095703 -31.406160354614258 -4.099999904632568
endloop
endfacet
facet normal 0 0 1
outer loop
vertex 63.233707427978516 -63.1491584777832 -4.099999904632568
vertex 63.5769157409668 -62.76990509033203 -4.099999904632568
vertex 26.012561798095703 -31.406160354614258 -4.099999904632568
endloop
endfacet
facet normal 0 0 1
outer loop
vertex 62.82512664794922 -63.456871032714844 -4.099999904632568
vertex 63.233707427978516 -63.1491584777832 -4.099999904632568
vertex 26.012561798095703 -31.406160354614258 -4.099999904632568
endloop
endfacet
facet normal 0 0 1
outer loop
vertex 62.365840911865234 -63.68199920654297 -4.099999904632568
vertex 62.82512664794922 -63.456871032714844 -4.099999904632568
vertex 26.012561798095703 -31.406160354614258 -4.099999904632568
endloop
endfacet
facet normal 0 0 1
outer loop
vertex 61.872337341308594 -63.816463470458984 -4.099999904632568
vertex 62.365840911865234 -63.68199920654297 -4.099999904632568
vertex 26.012561798095703 -31.406160354614258 -4.099999904632568
endloop
endfacet
facet normal -0.0011237323910269676 0.9999993686125573 0
outer loop
vertex 61.872337341308594 -63.816463470458984 -0.5
vertex 61.872337341308594 -63.816463470458984 -4.099999904632568
vertex 26.547454833984375 -63.85615921020508 -4.099999904632568
endloop
endfacet
facet normal -0.5575436031048456 -0.8301476559244545 0
outer loop
vertex 63.28816604614258 63.444725036621094 -0.5
vertex 63.28816604614258 63.444725036621094 -4.099999904632568
vertex 63.7127799987793 63.1595458984375 -0.5
endloop
endfacet
facet normal -0.2103515722686007 -0.9776258057376184 0
outer loop
vertex 62.817386627197266 63.64470672607422 -4.099999904632568
vertex 62.817386627197266 63.64470672607422 -0.5
vertex 62.31733703613281 63.75230026245117 -0.5
endloop
endfacet
facet normal -0.022194871412421727 -0.9997536635006576 0
outer loop
vertex 62.31733703613281 63.75230026245117 -4.099999904632568
vertex 62.31733703613281 63.75230026245117 -0.5
vertex 61.80596923828125 63.76365280151367 -0.5
endloop
endfacet
facet normal 0 0 1
outer loop
vertex 6.559652805328369 25.846145629882812 -4.099999904632568
vertex 5.37480354309082 26.398649215698242 -4.099999904632568
vertex 1.7148550748825073 22.83462142944336 -4.099999904632568
endloop
endfacet
facet normal 0 0 1
outer loop
vertex 1.7148550748825073 22.83462142944336 -4.099999904632568
vertex 4.303896903991699 27.14850616455078 -4.099999904632568
vertex 3.3794703483581543 28.072933197021484 -4.099999904632568
endloop
endfacet
facet normal 0 0 1
outer loop
vertex 1.7148550748825073 22.83462142944336 -4.099999904632568
vertex 3.3794703483581543 28.072933197021484 -4.099999904632568
vertex 2.629613161087036 29.143840789794922 -4.099999904632568
endloop
endfacet
facet normal 0 0 1
outer loop
vertex 5.37480354309082 26.398649215698242 -4.099999904632568
vertex 4.303896903991699 27.14850616455078 -4.099999904632568
vertex 1.7148550748825073 22.83462142944336 -4.099999904632568
endloop
endfacet
facet normal 0 0 1
outer loop
vertex 2.629613161087036 29.143840789794922 -4.099999904632568
vertex 2.0771090984344482 30.328689575195312 -4.099999904632568
vertex 1.7148550748825073 22.83462142944336 -4.099999904632568
endloop
endfacet
facet normal 0 0 1
outer loop
vertex 1.7148550748825073 22.83462142944336 -4.099999904632568
vertex 2.0771090984344482 30.328689575195312 -4.099999904632568
vertex 1.7387455701828003 31.59147834777832 -4.099999904632568
endloop
endfacet
facet normal 0.9999999061174752 -0.00043331863656885023 0
outer loop
vertex 1.7125624418258667 17.543840408325195 -0.5
vertex 1.7125624418258667 17.543840408325195 -4.099999904632568
vertex 1.7143481969833374 21.664953231811523 -4.099999904632568
endloop
endfacet
facet normal 0.16676047906406444 -0.9859974354035227 0
outer loop
vertex 61.80596923828125 63.76365280151367 -4.099999904632568
vertex 61.80596923828125 63.76365280151367 -0.5
vertex 61.301639556884766 63.6783561706543 -0.5
endloop
endfacet
facet normal 0.3497409869044606 -0.9368464346300805 0
outer loop
vertex 61.301639556884766 63.6783561706543 -4.099999904632568
vertex 61.301639556884766 63.6783561706543 -0.5
vertex 60.82244873046875 63.49946594238281 -0.5
endloop
endfacet
facet normal 0.9999999061113342 -0.0004333328080121642 -1.622281368949738e-8
outer loop
vertex 1.7143481969833374 21.664953231811523 -4.099999904632568
vertex 1.7139267921447754 20.692344665527344 -0.5
vertex 1.7125624418258667 17.543840408325195 -0.5
endloop
endfacet
facet normal 0 0 1
outer loop
vertex 11.68995475769043 25.846145629882812 -4.099999904632568
vertex 64.10541534423828 -61.34888458251953 -4.099999904632568
vertex 12.87480354309082 26.398649215698242 -4.099999904632568
endloop
endfacet
facet normal 0 0 1
outer loop
vertex 13.945711135864258 27.14850616455078 -4.099999904632568
vertex 12.87480354309082 26.398649215698242 -4.099999904632568
vertex 64.10541534423828 -61.34888458251953 -4.099999904632568
endloop
endfacet
facet normal 0 0 1
outer loop
vertex 14.870137214660645 28.072933197021484 -4.099999904632568
vertex 13.945711135864258 27.14850616455078 -4.099999904632568
vertex 64.10541534423828 -61.34888458251953 -4.099999904632568
endloop
endfacet
facet normal 0 0 1
outer loop
vertex 15.619994163513184 29.143840789794922 -4.099999904632568
vertex 14.870137214660645 28.072933197021484 -4.099999904632568
vertex 64.10541534423828 -61.34888458251953 -4.099999904632568
endloop
endfacet
facet normal 0 0 1
outer loop
vertex 16.17249870300293 30.328689575195312 -4.099999904632568
vertex 15.619994163513184 29.143840789794922 -4.099999904632568
vertex 64.10541534423828 -61.34888458251953 -4.099999904632568
endloop
endfacet
facet normal 0 0 1
outer loop
vertex 16.510862350463867 31.59147834777832 -4.099999904632568
vertex 16.17249870300293 30.328689575195312 -4.099999904632568
vertex 64.10541534423828 -61.34888458251953 -4.099999904632568
endloop
endfacet
facet normal 0 0 1
outer loop
vertex 16.510862350463867 31.59147834777832 -4.099999904632568
vertex 64.10541534423828 -61.34888458251953 -4.099999904632568
vertex 16.62480354309082 32.89384078979492 -4.099999904632568
endloop
endfacet
facet normal 0 0 1
outer loop
vertex 16.62480354309082 32.89384078979492 -4.099999904632568
vertex 64.10541534423828 -61.34888458251953 -4.099999904632568
vertex 16.510862350463867 34.19620132446289 -4.099999904632568
endloop
endfacet
facet normal 0 0 1
outer loop
vertex 16.510862350463867 34.19620132446289 -4.099999904632568
vertex 64.10541534423828 -61.34888458251953 -4.099999904632568
vertex 21.064077377319336 36.54383850097656 -4.099999904632568
endloop
endfacet
facet normal 0.2628870608150256 -0.9648266130533698 0
outer loop
vertex -72.04717254638672 43.62914276123047 -4.099999904632568
vertex -72.04717254638672 43.62914276123047 -0.5
vertex -72.5406723022461 43.49467849731445 -0.5
endloop
endfacet
facet normal 0 0 1
outer loop
vertex 21.064077377319336 36.54383850097656 -4.099999904632568
vertex 64.10541534423828 -61.34888458251953 -4.099999904632568
vertex 22.069833755493164 36.54383850097656 -4.099999904632568
endloop
endfacet
facet normal 0.6016001813100477 -0.7987973596900014 0
outer loop
vertex -73.40853881835938 42.96183776855469 -0.5
vertex -73.40853881835938 42.96183776855469 -4.099999904632568
vertex -72.99996185302734 43.26955032348633 -4.099999904632568
endloop
endfacet
facet normal 0 0 1
outer loop
vertex 22.069833755493164 36.54383850097656 -4.099999904632568
vertex 64.10541534423828 -61.34888458251953 -4.099999904632568
vertex 27.821880340576172 36.54383850097656 -4.099999904632568
endloop
endfacet
facet normal -0.39097576157295866 -0.9204009745010296 0
outer loop
vertex 62.817386627197266 63.64470672607422 -0.5
vertex 62.817386627197266 63.64470672607422 -4.099999904632568
vertex 63.28816604614258 63.444725036621094 -4.099999904632568
endloop
endfacet
facet normal -0.7041172880613102 -0.7100836884855092 0
outer loop
vertex 63.7127799987793 63.1595458984375 -0.5
vertex 63.7127799987793 63.1595458984375 -4.099999904632568
vertex 64.07598114013672 62.79939651489258 -4.099999904632568
endloop
endfacet
facet normal -0.5575436031048456 -0.8301476559244545 0
outer loop
vertex 63.7127799987793 63.1595458984375 -0.5
vertex 63.28816604614258 63.444725036621094 -4.099999904632568
vertex 63.7127799987793 63.1595458984375 -4.099999904632568
endloop
endfacet
facet normal 0 0 1
outer loop
vertex -74.00631713867188 -63.96699905395508 -4.099999904632568
vertex -74.25865173339844 -63.60484313964844 -4.099999904632568
vertex -74.16177368164062 -63.80632781982422 -4.099999904632568
endloop
endfacet
facet normal 0 0 1
outer loop
vertex -74.25865173339844 -63.60484313964844 -4.099999904632568
vertex -74.00631713867188 -63.96699905395508 -4.099999904632568
vertex -73.80813598632812 -64.0704574584961 -4.099999904632568
endloop
endfacet
facet normal -0.2103515722686007 -0.9776258057376184 0
outer loop
vertex 62.31733703613281 63.75230026245117 -0.5
vertex 62.31733703613281 63.75230026245117 -4.099999904632568
vertex 62.817386627197266 63.64470672607422 -4.099999904632568
endloop
endfacet
facet normal -0.022194871412421727 -0.9997536635006576 0
outer loop
vertex 61.80596923828125 63.76365280151367 -0.5
vertex 61.80596923828125 63.76365280151367 -4.099999904632568
vertex 62.31733703613281 63.75230026245117 -4.099999904632568
endloop
endfacet
facet normal 0.16676047906406444 -0.9859974354035227 0
outer loop
vertex 61.301639556884766 63.6783561706543 -0.5
vertex 61.301639556884766 63.6783561706543 -4.099999904632568
vertex 61.80596923828125 63.76365280151367 -4.099999904632568
endloop
endfacet
facet normal 0.3497409869044606 -0.9368464346300805 0
outer loop
vertex 60.82244873046875 63.49946594238281 -0.5
vertex 60.82244873046875 63.49946594238281 -4.099999904632568
vertex 61.301639556884766 63.6783561706543 -4.099999904632568
endloop
endfacet
facet normal -0.8651947822841985 -0.5014359268223593 0
outer loop
vertex 64.07598114013672 62.79939651489258 -0.5
vertex 64.07598114013672 62.79939651489258 -4.099999904632568
vertex 73.93042755126953 45.79619598388672 -4.099999904632568
endloop
endfacet
facet normal 0 0 1
outer loop
vertex 63.7127799987793 63.1595458984375 -4.099999904632568
vertex 62.67440414428711 36.402305603027344 -4.099999904632568
vertex 64.07598114013672 62.79939651489258 -4.099999904632568
endloop
endfacet
facet normal 0 0 1
outer loop
vertex 63.28816604614258 63.444725036621094 -4.099999904632568
vertex 62.67440414428711 36.402305603027344 -4.099999904632568
vertex 63.7127799987793 63.1595458984375 -4.099999904632568
endloop
endfacet
facet normal 0 0 1
outer loop
vertex 10.427165031433105 25.507781982421875 -4.099999904632568
vertex 64.10541534423828 -61.34888458251953 -4.099999904632568
vertex 11.68995475769043 25.846145629882812 -4.099999904632568
endloop
endfacet
facet normal 0 0 1
outer loop
vertex 9.12480354309082 25.393840789794922 -4.099999904632568
vertex 64.10541534423828 -61.34888458251953 -4.099999904632568
vertex 10.427165031433105 25.507781982421875 -4.099999904632568
endloop
endfacet
facet normal 0 0 1
outer loop
vertex 7.822442531585693 25.507781982421875 -4.099999904632568
vertex 64.10541534423828 -61.34888458251953 -4.099999904632568
vertex 9.12480354309082 25.393840789794922 -4.099999904632568
endloop
endfacet
facet normal 0 0 1
outer loop
vertex 6.559652805328369 25.846145629882812 -4.099999904632568
vertex 64.10541534423828 -61.34888458251953 -4.099999904632568
vertex 7.822442531585693 25.507781982421875 -4.099999904632568
endloop
endfacet
facet normal 0 0 1
outer loop
vertex 1.7148550748825073 22.83462142944336 -4.099999904632568
vertex 64.10541534423828 -61.34888458251953 -4.099999904632568
vertex 6.559652805328369 25.846145629882812 -4.099999904632568
endloop
endfacet
facet normal 0 0 1
outer loop
vertex 1.7143481969833374 21.664953231811523 -4.099999904632568
vertex 64.10541534423828 -61.34888458251953 -4.099999904632568
vertex 1.7148550748825073 22.83462142944336 -4.099999904632568
endloop
endfacet
facet normal 0 0 1
outer loop
vertex 1.7125624418258667 17.543840408325195 -4.099999904632568
vertex 64.10541534423828 -61.34888458251953 -4.099999904632568
vertex 1.7143481969833374 21.664953231811523 -4.099999904632568
endloop
endfacet
facet normal 0 0 1
outer loop
vertex 1.7125624418258667 17.543840408325195 -4.099999904632568
vertex -6.675196170806885 17.543840408325195 -4.099999904632568
vertex 64.10541534423828 -61.34888458251953 -4.099999904632568
endloop
endfacet
facet normal 0 0 1
outer loop
vertex 64.10541534423828 -61.34888458251953 -4.099999904632568
vertex -11.887395858764648 17.543840408325195 -4.099999904632568
vertex 26.012561798095703 -31.406160354614258 -4.099999904632568
endloop
endfacet
facet normal 0 0 1
outer loop
vertex -6.675196170806885 17.543840408325195 -4.099999904632568
vertex -11.887395858764648 17.543840408325195 -4.099999904632568
vertex 64.10541534423828 -61.34888458251953 -4.099999904632568
endloop
endfacet
facet normal 0 0 1
outer loop
vertex 26.547454833984375 -63.85615921020508 -4.099999904632568
vertex 61.872337341308594 -63.816463470458984 -4.099999904632568
vertex 26.012561798095703 -31.406160354614258 -4.099999904632568
endloop
endfacet
facet normal 0 0 1
outer loop
vertex 26.012561798095703 -31.406160354614258 -4.099999904632568
vertex 26.012561798095703 -64.10616302490234 -4.099999904632568
vertex 26.547454833984375 -63.85615921020508 -4.099999904632568
endloop
endfacet
facet normal -0.0011237323910269676 0.9999993686125573 0
outer loop
vertex 26.547454833984375 -63.85615921020508 -4.099999904632568
vertex 26.547454833984375 -63.85615921020508 -0.5
vertex 61.872337341308594 -63.816463470458984 -0.5
endloop
endfacet
facet normal 0.7414635106665586 -0.6709931909863334 0
outer loop
vertex -73.40853881835938 42.96183776855469 -0.5
vertex -73.75174713134766 42.582584381103516 -4.099999904632568
vertex -73.40853881835938 42.96183776855469 -4.099999904632568
endloop
endfacet
facet normal 0.8547027835318283 -0.5191176666449957 0
outer loop
vertex -74.01727294921875 42.145408630371094 -0.5
vertex -74.01727294921875 42.145408630371094 -4.099999904632568
vertex -73.75174713134766 42.582584381103516 -4.099999904632568
endloop
endfacet
facet normal 0 0 1
outer loop
vertex 62.817386627197266 63.64470672607422 -4.099999904632568
vertex 62.67440414428711 36.402305603027344 -4.099999904632568
vertex 63.28816604614258 63.444725036621094 -4.099999904632568
endloop
endfacet
facet normal 0 0 1
outer loop
vertex 62.31733703613281 63.75230026245117 -4.099999904632568
vertex 62.67440414428711 36.402305603027344 -4.099999904632568
vertex 62.817386627197266 63.64470672607422 -4.099999904632568
endloop
endfacet
facet normal -0.000187064215748854 -0.9999389314618344 -0.011049812394071089
outer loop
vertex -72.04717254638672 43.62914276123047 -0.5
vertex -71.58739471435547 43.66883850097656 -4.099999904632568
vertex -33.39467239379883 43.66169357299805 -4.099999904632568
endloop
endfacet
facet normal 0 0 1
outer loop
vertex 61.80596923828125 63.76365280151367 -4.099999904632568
vertex 62.67440414428711 36.402305603027344 -4.099999904632568
vertex 62.31733703613281 63.75230026245117 -4.099999904632568
endloop
endfacet
facet normal 0 0 1
outer loop
vertex 61.301639556884766 63.6783561706543 -4.099999904632568
vertex 62.67440414428711 36.402305603027344 -4.099999904632568
vertex 61.80596923828125 63.76365280151367 -4.099999904632568
endloop
endfacet
facet normal 0 0 1
outer loop
vertex 60.82244873046875 63.49946594238281 -4.099999904632568
vertex 62.67440414428711 36.402305603027344 -4.099999904632568
vertex 61.301639556884766 63.6783561706543 -4.099999904632568
endloop
endfacet
facet normal -0.6782256552705767 0.7348537000878453 0
outer loop
vertex 26.41273307800293 -63.980499267578125 -4.099999904632568
vertex 26.41273307800293 -63.980499267578125 -0.5
vertex 26.547454833984375 -63.85615921020508 -0.5
endloop
endfacet
facet normal -0.43330123140588134 0.9012491569272877 0
outer loop
vertex 26.211246490478516 -64.0773696899414 -4.099999904632568
vertex 26.211246490478516 -64.0773696899414 -0.5
vertex 26.41273307800293 -63.980499267578125 -0.5
endloop
endfacet
facet normal -0.14342152028080768 0.9896616934692086 0
outer loop
vertex 26.012561798095703 -64.10616302490234 -4.099999904632568
vertex 26.012561798095703 -64.10616302490234 -0.5
vertex 26.211246490478516 -64.0773696899414 -0.5
endloop
endfacet
facet normal 0.9372773928934326 -0.3485844069531652 0
outer loop
vertex -74.19557189941406 41.66599655151367 -0.5
vertex -74.19557189941406 41.66599655151367 -4.099999904632568
vertex -74.01727294921875 42.145408630371094 -4.099999904632568
endloop
endfacet
facet normal -0.6782256552705767 0.7348537000878453 0
outer loop
vertex 26.547454833984375 -63.85615921020508 -0.5
vertex 26.547454833984375 -63.85615921020508 -4.099999904632568
vertex 26.41273307800293 -63.980499267578125 -4.099999904632568
endloop
endfacet
facet normal 0.605162685178094 -0.796101830463942 0
outer loop
vertex 26.068267822265625 45.82817459106445 -0.5
vertex 26.068267822265625 45.82817459106445 -4.099999904632568
vertex 26.475467681884766 46.13771057128906 -4.099999904632568
endloop
endfacet
facet normal -0.43330123140588134 0.9012491569272877 0
outer loop
vertex 26.41273307800293 -63.980499267578125 -0.5
vertex 26.41273307800293 -63.980499267578125 -4.099999904632568
vertex 26.211246490478516 -64.0773696899414 -4.099999904632568
endloop
endfacet
facet normal 0.7444537499402528 -0.6676740328932191 0
outer loop
vertex 26.068267822265625 45.82817459106445 -0.5
vertex 25.726757049560547 45.447391510009766 -4.099999904632568
vertex 26.068267822265625 45.82817459106445 -4.099999904632568
endloop
endfacet
facet normal -0.14342152028080768 0.9896616934692086 0
outer loop
vertex 26.211246490478516 -64.0773696899414 -0.5
vertex 26.211246490478516 -64.0773696899414 -4.099999904632568
vertex 26.012561798095703 -64.10616302490234 -4.099999904632568
endloop
endfacet
facet normal 0.9862009536384775 -0.16555264734385197 0
outer loop
vertex -74.2802505493164 41.161563873291016 -0.5
vertex -74.2802505493164 41.161563873291016 -4.099999904632568
vertex -74.19557189941406 41.66599655151367 -4.099999904632568
endloop
endfacet
facet normal 0 0 1
outer loop
vertex 26.41273307800293 -63.980499267578125 -4.099999904632568
vertex 26.547454833984375 -63.85615921020508 -4.099999904632568
vertex 26.012561798095703 -64.10616302490234 -4.099999904632568
endloop
endfacet
facet normal 0 0 1
outer loop
vertex -71.58739471435547 43.66883850097656 -4.099999904632568
vertex -32.89023971557617 43.5770149230957 -4.099999904632568
vertex -33.39467239379883 43.66169357299805 -4.099999904632568
endloop
endfacet
facet normal 0 0 1
outer loop
vertex -71.58739471435547 43.66883850097656 -4.099999904632568
vertex -30.88739585876465 38.91883850097656 -4.099999904632568
vertex -30.927093505859375 41.42861557006836 -4.099999904632568
endloop
endfacet
facet normal 0 0 1
outer loop
vertex -71.58739471435547 43.66883850097656 -4.099999904632568
vertex -30.927093505859375 41.42861557006836 -4.099999904632568
vertex -31.06155776977539 41.922119140625 -4.099999904632568
endloop
endfacet
facet normal 0 0 1
outer loop
vertex -71.58739471435547 43.66883850097656 -4.099999904632568
vertex -31.06155776977539 41.922119140625 -4.099999904632568
vertex -31.286685943603516 42.381404876708984 -4.099999904632568
endloop
endfacet
facet normal 0 0 1
outer loop
vertex -32.89023971557617 43.5770149230957 -4.099999904632568
vertex -71.58739471435547 43.66883850097656 -4.099999904632568
vertex -32.41082763671875 43.39871597290039 -4.099999904632568
endloop
endfacet
facet normal 0 0 1
outer loop
vertex -32.41082763671875 43.39871597290039 -4.099999904632568
vertex -71.58739471435547 43.66883850097656 -4.099999904632568
vertex -31.973649978637695 43.13319396972656 -4.099999904632568
endloop
endfacet
facet normal 0 0 1
outer loop
vertex -31.973649978637695 43.13319396972656 -4.099999904632568
vertex -71.58739471435547 43.66883850097656 -4.099999904632568
vertex -31.594398498535156 42.789981842041016 -4.099999904632568
endloop
endfacet
facet normal 0 0 1
outer loop
vertex -31.594398498535156 42.789981842041016 -4.099999904632568
vertex -71.58739471435547 43.66883850097656 -4.099999904632568
vertex -31.286685943603516 42.381404876708984 -4.099999904632568
endloop
endfacet
facet normal 0 0 1
outer loop
vertex 26.211246490478516 -64.0773696899414 -4.099999904632568
vertex 26.41273307800293 -63.980499267578125 -4.099999904632568
vertex 26.012561798095703 -64.10616302490234 -4.099999904632568
endloop
endfacet
facet normal -0.9368439909865003 -0.34974753258956126 0
outer loop
vertex 74.10932159423828 45.3170051574707 -4.099999904632568
vertex 74.10932159423828 45.3170051574707 -0.5
vertex 73.93042755126953 45.79619598388672 -0.5
endloop
endfacet
facet normal -0.9859976428006862 -0.16675925279123308 0
outer loop
vertex 74.10932159423828 45.3170051574707 -0.5
vertex 74.10932159423828 45.3170051574707 -4.099999904632568
vertex 74.19461822509766 44.81267166137695 -0.5
endloop
endfacet
facet normal 0.4627753432053933 0.8864755956714943 0
outer loop
vertex -73.80813598632812 -64.0704574584961 -0.5
vertex -73.80813598632812 -64.0704574584961 -4.099999904632568
vertex -74.00631713867188 -63.96699905395508 -4.099999904632568
endloop
endfacet
facet normal 0.000842139579498688 -0.9999996454004014 0
outer loop
vertex -33.39467239379883 43.66169357299805 -4.099999904632568
vertex -33.39467239379883 43.66169357299805 -0.5
vertex -72.04717254638672 43.62914276123047 -0.5
endloop
endfacet
facet normal 0.8570197491311706 -0.5152835623218981 0
outer loop
vertex 25.726757049560547 45.447391510009766 -0.5
vertex 25.463193893432617 45.009033203125 -4.099999904632568
vertex 25.726757049560547 45.447391510009766 -4.099999904632568
endloop
endfacet
facet normal 0.7186731036329455 0.6953480927669174 0
outer loop
vertex -74.00631713867188 -63.96699905395508 -0.5
vertex -74.00631713867188 -63.96699905395508 -4.099999904632568
vertex -74.16177368164062 -63.80632781982422 -4.099999904632568
endloop
endfacet
facet normal 0.9012342279670236 0.4333322816738712 0
outer loop
vertex -74.16177368164062 -63.80632781982422 -0.5
vertex -74.16177368164062 -63.80632781982422 -4.099999904632568
vertex -74.25865173339844 -63.60484313964844 -4.099999904632568
endloop
endfacet
facet normal 0.04346503389049943 0.9990549488536142 0
outer loop
vertex -72.98743438720703 -64.10616302490234 -0.5
vertex -72.98743438720703 -64.10616302490234 -4.099999904632568
vertex -73.80813598632812 -64.0704574584961 -4.099999904632568
endloop
endfacet
facet normal 0 0 1
outer loop
vertex -71.58739471435547 43.66883850097656 -4.099999904632568
vertex -11.887395858764648 17.543840408325195 -4.099999904632568
vertex -12.675196647644043 24.99384117126465 -4.099999904632568
endloop
endfacet
facet normal 0 0 1
outer loop
vertex -11.887395858764648 17.543840408325195 -4.099999904632568
vertex -71.58739471435547 43.66883850097656 -4.099999904632568
vertex 26.012561798095703 -31.406160354614258 -4.099999904632568
endloop
endfacet
facet normal 0 0 1
outer loop
vertex -12.675196647644043 24.99384117126465 -4.099999904632568
vertex -11.887395858764648 17.543840408325195 -4.099999904632568
vertex -11.887395858764648 24.99384117126465 -4.099999904632568
endloop
endfacet
facet normal 0.7186731036329455 0.6953480927669174 0
outer loop
vertex -74.16177368164062 -63.80632781982422 -4.099999904632568
vertex -74.16177368164062 -63.80632781982422 -0.5
vertex -74.00631713867188 -63.96699905395508 -0.5
endloop
endfacet
facet normal 0.9012342279670236 0.4333322816738712 0
outer loop
vertex -74.25865173339844 -63.60484313964844 -4.099999904632568
vertex -74.25865173339844 -63.60484313964844 -0.5
vertex -74.16177368164062 -63.80632781982422 -0.5
endloop
endfacet
facet normal 0.4627753432053933 0.8864755956714943 0
outer loop
vertex -74.00631713867188 -63.96699905395508 -4.099999904632568
vertex -74.00631713867188 -63.96699905395508 -0.5
vertex -73.80813598632812 -64.0704574584961 -0.5
endloop
endfacet
facet normal 0.04346503389049943 0.9990549488536142 0
outer loop
vertex -73.80813598632812 -64.0704574584961 -4.099999904632568
vertex -73.80813598632812 -64.0704574584961 -0.5
vertex -72.98743438720703 -64.10616302490234 -0.5
endloop
endfacet
facet normal 0 0 1
outer loop
vertex 16.17249870300293 35.45899200439453 -4.099999904632568
vertex 16.510862350463867 34.19620132446289 -4.099999904632568
vertex 21.064077377319336 36.54383850097656 -4.099999904632568
endloop
endfacet
facet normal 0 0 1
outer loop
vertex 15.666625022888184 36.54383850097656 -4.099999904632568
vertex 16.17249870300293 35.45899200439453 -4.099999904632568
vertex 21.064077377319336 36.54383850097656 -4.099999904632568
endloop
endfacet
facet normal -0.9997536598267365 0.022195036901211985 0
outer loop
vertex 74.18326568603516 44.301307678222656 -4.099999904632568
vertex 74.18326568603516 44.301307678222656 -0.5
vertex 74.19461822509766 44.81267166137695 -0.5
endloop
endfacet
facet normal -0.9776242720223023 0.21035870020720188 0
outer loop
vertex 74.07566833496094 43.8012580871582 -4.099999904632568
vertex 74.07566833496094 43.8012580871582 -0.5
vertex 74.18326568603516 44.301307678222656 -0.5
endloop
endfacet
facet normal -0.9204009745010296 0.39097576157295866 0
outer loop
vertex 74.07566833496094 43.8012580871582 -0.5
vertex 74.07566833496094 43.8012580871582 -4.099999904632568
vertex 73.87568664550781 43.33047866821289 -0.5
endloop
endfacet
facet normal -0.8301476559244545 0.5575436031048456 0
outer loop
vertex 73.59050750732422 42.90586471557617 -4.099999904632568
vertex 73.59050750732422 42.90586471557617 -0.5
vertex 73.87568664550781 43.33047866821289 -0.5
endloop
endfacet
facet normal -0.7100911148493229 0.7041097986905492 0
outer loop
vertex 73.23036193847656 42.542659759521484 -4.099999904632568
vertex 73.23036193847656 42.542659759521484 -0.5
vertex 73.59050750732422 42.90586471557617 -0.5
endloop
endfacet
facet normal -0.5726509863893857 0.8197992728633415 0
outer loop
vertex 72.85203552246094 42.27838897705078 -4.099999904632568
vertex 72.85203552246094 42.27838897705078 -0.5
vertex 73.23036193847656 42.542659759521484 -0.5
endloop
endfacet
facet normal -0.9368439909865003 -0.34974753258956126 0
outer loop
vertex 73.93042755126953 45.79619598388672 -0.5
vertex 73.93042755126953 45.79619598388672 -4.099999904632568
vertex 74.10932159423828 45.3170051574707 -4.099999904632568
endloop
endfacet
facet normal -0.9859976428006862 -0.16675925279123308 0
outer loop
vertex 74.19461822509766 44.81267166137695 -0.5
vertex 74.10932159423828 45.3170051574707 -4.099999904632568
vertex 74.19461822509766 44.81267166137695 -4.099999904632568
endloop
endfacet
facet normal 0 -1 0
outer loop
vertex -6.675196170806885 17.543840408325195 -0.5
vertex -6.675196170806885 17.543840408325195 -4.099999904632568
vertex 1.7125624418258667 17.543840408325195 -4.099999904632568
endloop
endfacet
facet normal -0.9997536598267365 0.022195036901211985 0
outer loop
vertex 74.19461822509766 44.81267166137695 -0.5
vertex 74.19461822509766 44.81267166137695 -4.099999904632568
vertex 74.18326568603516 44.301307678222656 -4.099999904632568
endloop
endfacet
facet normal -0.9776242720223023 0.21035870020720188 0
outer loop
vertex 74.18326568603516 44.301307678222656 -0.5
vertex 74.18326568603516 44.301307678222656 -4.099999904632568
vertex 74.07566833496094 43.8012580871582 -4.099999904632568
endloop
endfacet
facet normal -0.9204009745010296 0.39097576157295866 0
outer loop
vertex 73.87568664550781 43.33047866821289 -0.5
vertex 74.07566833496094 43.8012580871582 -4.099999904632568
vertex 73.87568664550781 43.33047866821289 -4.099999904632568
endloop
endfacet
facet normal 0 -1 0
outer loop
vertex 1.7125624418258667 17.543840408325195 -4.099999904632568
vertex 1.7125624418258667 17.543840408325195 -0.5
vertex -6.675196170806885 17.543840408325195 -0.5
endloop
endfacet
facet normal -0.8301476559244545 0.5575436031048456 0
outer loop
vertex 73.87568664550781 43.33047866821289 -0.5
vertex 73.87568664550781 43.33047866821289 -4.099999904632568
vertex 73.59050750732422 42.90586471557617 -4.099999904632568
endloop
endfacet
facet normal -0.7100911148493229 0.7041097986905492 0
outer loop
vertex 73.59050750732422 42.90586471557617 -0.5
vertex 73.59050750732422 42.90586471557617 -4.099999904632568
vertex 73.23036193847656 42.542659759521484 -4.099999904632568
endloop
endfacet
facet normal -0.5726509863893857 0.8197992728633415 0
outer loop
vertex 73.23036193847656 42.542659759521484 -0.5
vertex 73.23036193847656 42.542659759521484 -4.099999904632568
vertex 72.85203552246094 42.27838897705078 -4.099999904632568
endloop
endfacet
facet normal -0.5000016055458021 0.8660244768201533 0
outer loop
vertex 62.67440414428711 36.402305603027344 -0.5
vertex 72.85203552246094 42.27838897705078 -0.5
vertex 72.85203552246094 42.27838897705078 -4.099999904632568
endloop
endfacet
facet normal 0 0 1
outer loop
vertex -73.80813598632812 -64.0704574584961 -4.099999904632568
vertex -72.98743438720703 -64.10616302490234 -4.099999904632568
vertex -72.98743438720703 -31.406160354614258 -4.099999904632568
endloop
endfacet
facet normal 0 0 1
outer loop
vertex -74.25865173339844 -63.60484313964844 -4.099999904632568
vertex -73.80813598632812 -64.0704574584961 -4.099999904632568
vertex -74.2802505493164 41.161563873291016 -4.099999904632568
endloop
endfacet
facet normal -0.9648290200702896 -0.26287822661872295 0
outer loop
vertex 64.07286071777344 34.30361557006836 -4.099999904632568
vertex 64.07286071777344 34.30361557006836 -0.5
vertex 63.93840026855469 34.797119140625 -0.5
endloop
endfacet
facet normal -0.7987973596900014 -0.6016001813100477 0
outer loop
vertex 63.40555953979492 35.664981842041016 -0.5
vertex 63.40555953979492 35.664981842041016 -4.099999904632568
vertex 63.71327209472656 35.256404876708984 -0.5
endloop
endfacet
facet normal -0.6709972911075734 -0.7414598002092213 0
outer loop
vertex 63.40555953979492 35.664981842041016 -4.099999904632568
vertex 63.40555953979492 35.664981842041016 -0.5
vertex 63.02630615234375 36.00819396972656 -0.5
endloop
endfacet
facet normal 0.9764093203974155 0.21592785610258225 0
outer loop
vertex 25.218883514404297 43.512725830078125 -4.099999904632568
vertex 25.218883514404297 43.512725830078125 -0.5
vertex 25.329328536987305 43.013301849365234 -0.5
endloop
endfacet
facet normal 0.999610922413532 0.02789271932902054 0
outer loop
vertex 25.20461654663086 44.02402114868164 -4.099999904632568
vertex 25.20461654663086 44.02402114868164 -0.5
vertex 25.218883514404297 43.512725830078125 -0.5
endloop
endfacet
facet normal 0.9869315616100335 -0.1611399785837787 0
outer loop
vertex 25.287038803100586 44.528831481933594 -4.099999904632568
vertex 25.287038803100586 44.528831481933594 -0.5
vertex 25.20461654663086 44.02402114868164 -0.5
endloop
endfacet
facet normal 0.9388250419299095 -0.34439445501532673 0
outer loop
vertex 25.287038803100586 44.528831481933594 -0.5
vertex 25.287038803100586 44.528831481933594 -4.099999904632568
vertex 25.463193893432617 45.009033203125 -4.099999904632568
endloop
endfacet
facet normal 0.9869315616100335 -0.1611399785837787 0
outer loop
vertex 25.20461654663086 44.02402114868164 -0.5
vertex 25.20461654663086 44.02402114868164 -4.099999904632568
vertex 25.287038803100586 44.528831481933594 -4.099999904632568
endloop
endfacet
facet normal 0.999610922413532 0.02789271932902054 0
outer loop
vertex 25.218883514404297 43.512725830078125 -0.5
vertex 25.218883514404297 43.512725830078125 -4.099999904632568
vertex 25.20461654663086 44.02402114868164 -4.099999904632568
endloop
endfacet
facet normal 0.9764093203974155 0.21592785610258225 0
outer loop
vertex 25.329328536987305 43.013301849365234 -0.5
vertex 25.329328536987305 43.013301849365234 -4.099999904632568
vertex 25.218883514404297 43.512725830078125 -4.099999904632568
endloop
endfacet
facet normal 0.9275723855205523 0.37364350605853164 0
outer loop
vertex 25.329328536987305 43.013301849365234 -0.5
vertex 27.892921447753906 36.649166107177734 -4.099999904632568
vertex 25.329328536987305 43.013301849365234 -4.099999904632568
endloop
endfacet
facet normal 0.9388250419299095 -0.34439445501532673 0
outer loop
vertex 25.463193893432617 45.009033203125 -4.099999904632568
vertex 25.463193893432617 45.009033203125 -0.5
vertex 25.287038803100586 44.528831481933594 -0.5
endloop
endfacet
facet normal 0.8570197491311706 -0.5152835623218981 0
outer loop
vertex 25.463193893432617 45.009033203125 -0.5
vertex 25.463193893432617 45.009033203125 -4.099999904632568
vertex 25.726757049560547 45.447391510009766 -0.5
endloop
endfacet
facet normal 0.7444537499402528 -0.6676740328932191 0
outer loop
vertex 25.726757049560547 45.447391510009766 -0.5
vertex 25.726757049560547 45.447391510009766 -4.099999904632568
vertex 26.068267822265625 45.82817459106445 -0.5
endloop
endfacet
facet normal 0.605162685178094 -0.796101830463942 0
outer loop
vertex 26.475467681884766 46.13771057128906 -4.099999904632568
vertex 26.475467681884766 46.13771057128906 -0.5
vertex 26.068267822265625 45.82817459106445 -0.5
endloop
endfacet
facet normal 0.9999999787486865 0.00020616165118937335 0
outer loop
vertex -74.25865173339844 -63.60484313964844 -0.5
vertex -74.25865173339844 -63.60484313964844 -4.099999904632568
vertex -74.2802505493164 41.161563873291016 -4.099999904632568
endloop
endfacet
facet normal -0.5290305526952098 -0.8486027776969628 0
outer loop
vertex 63.02630615234375 36.00819396972656 -4.099999904632568
vertex 63.02630615234375 36.00819396972656 -0.5
vertex 62.652976989746094 36.24093246459961 -0.5
endloop
endfacet
facet normal -0.8979299120407475 -0.4401384703277997 0
outer loop
vertex 63.93840026855469 34.797119140625 -4.099999904632568
vertex 63.93840026855469 34.797119140625 -0.5
vertex 63.71327209472656 35.256404876708984 -0.5
endloop
endfacet
facet normal -0.9912995891491874 0.1316249389464337 0
outer loop
vertex 62.652976989746094 36.24093246459961 -4.099999904632568
vertex 62.652976989746094 36.24093246459961 -0.5
vertex 62.67440414428711 36.402305603027344 -0.5
endloop
endfacet
facet normal -0.5000016055458021 0.8660244768201533 0
outer loop
vertex 62.67440414428711 36.402305603027344 -0.5
vertex 72.85203552246094 42.27838897705078 -4.099999904632568
vertex 62.67440414428711 36.402305603027344 -4.099999904632568
endloop
endfacet
facet normal -0.5290305526952098 -0.8486027776969628 0
outer loop
vertex 62.652976989746094 36.24093246459961 -0.5
vertex 62.652976989746094 36.24093246459961 -4.099999904632568
vertex 63.02630615234375 36.00819396972656 -4.099999904632568
endloop
endfacet
facet normal -0.9648290200702896 -0.26287822661872295 0
outer loop
vertex 63.93840026855469 34.797119140625 -0.5
vertex 63.93840026855469 34.797119140625 -4.099999904632568
vertex 64.07286071777344 34.30361557006836 -4.099999904632568
endloop
endfacet
facet normal 0.08601679368497074 -0.9962936872248851 0
outer loop
vertex -72.04717254638672 43.62914276123047 -0.5
vertex -72.04717254638672 43.62914276123047 -4.099999904632568
vertex -71.58739471435547 43.66883850097656 -4.099999904632568
endloop
endfacet
facet normal -0.7987973596900014 -0.6016001813100477 0
outer loop
vertex 63.71327209472656 35.256404876708984 -0.5
vertex 63.40555953979492 35.664981842041016 -4.099999904632568
vertex 63.71327209472656 35.256404876708984 -4.099999904632568
endloop
endfacet
facet normal 0.37666158696627533 -0.926350931830938 0
outer loop
vertex 26.475467681884766 46.13771057128906 -0.5
vertex 26.475467681884766 46.13771057128906 -4.099999904632568
vertex 43.050193786621094 52.87712478637695 -4.099999904632568
endloop
endfacet
facet normal -0.6709972911075734 -0.7414598002092213 0
outer loop
vertex 63.02630615234375 36.00819396972656 -0.5
vertex 63.02630615234375 36.00819396972656 -4.099999904632568
vertex 63.40555953979492 35.664981842041016 -4.099999904632568
endloop
endfacet
facet normal 0.37666158696627533 -0.926350931830938 0
outer loop
vertex 43.050193786621094 52.87712478637695 -4.099999904632568
vertex 43.050193786621094 52.87712478637695 -0.5
vertex 26.475467681884766 46.13771057128906 -0.5
endloop
endfacet
facet normal -0.9912995891491874 0.1316249389464337 0
outer loop
vertex 62.67440414428711 36.402305603027344 -0.5
vertex 62.67440414428711 36.402305603027344 -4.099999904632568
vertex 62.652976989746094 36.24093246459961 -4.099999904632568
endloop
endfacet
facet normal 0 0 1
outer loop
vertex 73.93042755126953 45.79619598388672 -4.099999904632568
vertex 74.19461822509766 44.81267166137695 -4.099999904632568
vertex 74.10932159423828 45.3170051574707 -4.099999904632568
endloop
endfacet
facet normal 0 0 1
outer loop
vertex -74.2802505493164 41.161563873291016 -4.099999904632568
vertex -73.80813598632812 -64.0704574584961 -4.099999904632568
vertex -72.98743438720703 -31.406160354614258 -4.099999904632568
endloop
endfacet
facet normal 0 0 1
outer loop
vertex 27.821880340576172 36.54383850097656 -4.099999904632568
vertex 64.10541534423828 -61.34888458251953 -4.099999904632568
vertex 64.07286071777344 34.30361557006836 -4.099999904632568
endloop
endfacet
facet normal -0.9999999420834413 -0.0003403426416189818 0
outer loop
vertex 64.07286071777344 34.30361557006836 -0.5
vertex 64.07286071777344 34.30361557006836 -4.099999904632568
vertex 64.10541534423828 -61.34888458251953 -4.099999904632568
endloop
endfacet
facet normal 0 0 1
outer loop
vertex -72.04717254638672 43.62914276123047 -4.099999904632568
vertex 26.012561798095703 -31.406160354614258 -4.099999904632568
vertex -71.58739471435547 43.66883850097656 -4.099999904632568
endloop
endfacet
facet normal 0 0 1
outer loop
vertex -72.5406723022461 43.49467849731445 -4.099999904632568
vertex 26.012561798095703 -31.406160354614258 -4.099999904632568
vertex -72.04717254638672 43.62914276123047 -4.099999904632568
endloop
endfacet
facet normal 0 0 1
outer loop
vertex -72.99996185302734 43.26955032348633 -4.099999904632568
vertex 26.012561798095703 -31.406160354614258 -4.099999904632568
vertex -72.5406723022461 43.49467849731445 -4.099999904632568
endloop
endfacet
facet normal 0 0 1
outer loop
vertex -73.40853881835938 42.96183776855469 -4.099999904632568
vertex 26.012561798095703 -31.406160354614258 -4.099999904632568
vertex -72.99996185302734 43.26955032348633 -4.099999904632568
endloop
endfacet
facet normal 0.9275723855205523 0.37364350605853164 0
outer loop
vertex 27.892921447753906 36.649166107177734 -0.5
vertex 27.892921447753906 36.649166107177734 -4.099999904632568
vertex 25.329328536987305 43.013301849365234 -0.5
endloop
endfacet
facet normal 0.8290494690756128 -0.5591752657489819 0
outer loop
vertex 27.892921447753906 36.649166107177734 -4.099999904632568
vertex 27.892921447753906 36.649166107177734 -0.5
vertex 27.821880340576172 36.54383850097656 -0.5
endloop
endfacet
facet normal 0 -1 0
outer loop
vertex 27.821880340576172 36.54383850097656 -0.5
vertex 22.8949031829834 36.54383850097656 -0.5
vertex 22.069833755493164 36.54383850097656 -4.099999904632568
endloop
endfacet
facet normal 0 0 1
outer loop
vertex 73.93042755126953 45.79619598388672 -4.099999904632568
vertex 74.18326568603516 44.301307678222656 -4.099999904632568
vertex 74.19461822509766 44.81267166137695 -4.099999904632568
endloop
endfacet
facet normal 0 0 1
outer loop
vertex 73.93042755126953 45.79619598388672 -4.099999904632568
vertex 74.07566833496094 43.8012580871582 -4.099999904632568
vertex 74.18326568603516 44.301307678222656 -4.099999904632568
endloop
endfacet
facet normal 0.8290494690756128 -0.5591752657489819 0
outer loop
vertex 27.821880340576172 36.54383850097656 -0.5
vertex 27.821880340576172 36.54383850097656 -4.099999904632568
vertex 27.892921447753906 36.649166107177734 -4.099999904632568
endloop
endfacet
facet normal 0 -1 0
outer loop
vertex 27.821880340576172 36.54383850097656 -0.5
vertex 22.069833755493164 36.54383850097656 -4.099999904632568
vertex 27.821880340576172 36.54383850097656 -4.099999904632568
endloop
endfacet
facet normal 0 0 1
outer loop
vertex 73.93042755126953 45.79619598388672 -4.099999904632568
vertex 73.87568664550781 43.33047866821289 -4.099999904632568
vertex 74.07566833496094 43.8012580871582 -4.099999904632568
endloop
endfacet
facet normal 0 0 1
outer loop
vertex -73.75174713134766 42.582584381103516 -4.099999904632568
vertex 26.012561798095703 -31.406160354614258 -4.099999904632568
vertex -73.40853881835938 42.96183776855469 -4.099999904632568
endloop
endfacet
facet normal 0 0 1
outer loop
vertex -74.01727294921875 42.145408630371094 -4.099999904632568
vertex 26.012561798095703 -31.406160354614258 -4.099999904632568
vertex -73.75174713134766 42.582584381103516 -4.099999904632568
endloop
endfacet
facet normal 0 0 1
outer loop
vertex -74.19557189941406 41.66599655151367 -4.099999904632568
vertex 26.012561798095703 -31.406160354614258 -4.099999904632568
vertex -74.01727294921875 42.145408630371094 -4.099999904632568
endloop
endfacet
facet normal 0 0 1
outer loop
vertex -74.2802505493164 41.161563873291016 -4.099999904632568
vertex 26.012561798095703 -31.406160354614258 -4.099999904632568
vertex -74.19557189941406 41.66599655151367 -4.099999904632568
endloop
endfacet
facet normal 0 0 1
outer loop
vertex 73.93042755126953 45.79619598388672 -4.099999904632568
vertex 73.59050750732422 42.90586471557617 -4.099999904632568
vertex 73.87568664550781 43.33047866821289 -4.099999904632568
endloop
endfacet
facet normal 0 0 1
outer loop
vertex 73.93042755126953 45.79619598388672 -4.099999904632568
vertex 73.23036193847656 42.542659759521484 -4.099999904632568
vertex 73.59050750732422 42.90586471557617 -4.099999904632568
endloop
endfacet
facet normal 0 0 1
outer loop
vertex 26.068267822265625 45.82817459106445 -4.099999904632568
vertex 62.652976989746094 36.24093246459961 -4.099999904632568
vertex 26.475467681884766 46.13771057128906 -4.099999904632568
endloop
endfacet
facet normal 0 0 1
outer loop
vertex 25.726757049560547 45.447391510009766 -4.099999904632568
vertex 62.652976989746094 36.24093246459961 -4.099999904632568
vertex 26.068267822265625 45.82817459106445 -4.099999904632568
endloop
endfacet
facet normal 0 0 1
outer loop
vertex 72.85203552246094 42.27838897705078 -4.099999904632568
vertex 73.23036193847656 42.542659759521484 -4.099999904632568
vertex 73.93042755126953 45.79619598388672 -4.099999904632568
endloop
endfacet
facet normal 0 0 1
outer loop
vertex 62.67440414428711 36.402305603027344 -4.099999904632568
vertex 72.85203552246094 42.27838897705078 -4.099999904632568
vertex 73.93042755126953 45.79619598388672 -4.099999904632568
endloop
endfacet
facet normal 0 0 1
outer loop
vertex 25.287038803100586 44.528831481933594 -4.099999904632568
vertex 62.652976989746094 36.24093246459961 -4.099999904632568
vertex 25.463193893432617 45.009033203125 -4.099999904632568
endloop
endfacet
facet normal 0 0 1
outer loop
vertex 25.20461654663086 44.02402114868164 -4.099999904632568
vertex 62.652976989746094 36.24093246459961 -4.099999904632568
vertex 25.287038803100586 44.528831481933594 -4.099999904632568
endloop
endfacet
facet normal 0 0 1
outer loop
vertex 25.218883514404297 43.512725830078125 -4.099999904632568
vertex 62.652976989746094 36.24093246459961 -4.099999904632568
vertex 25.20461654663086 44.02402114868164 -4.099999904632568
endloop
endfacet
facet normal 0 0 1
outer loop
vertex 25.329328536987305 43.013301849365234 -4.099999904632568
vertex 62.652976989746094 36.24093246459961 -4.099999904632568
vertex 25.218883514404297 43.512725830078125 -4.099999904632568
endloop
endfacet
facet normal 0 0 1
outer loop
vertex -74.2802505493164 41.161563873291016 -4.099999904632568
vertex -72.98743438720703 -31.406160354614258 -4.099999904632568
vertex -6.487437725067139 -31.406160354614258 -4.099999904632568
endloop
endfacet
facet normal 0 0 1
outer loop
vertex 64.07598114013672 62.79939651489258 -4.099999904632568
vertex 62.67440414428711 36.402305603027344 -4.099999904632568
vertex 73.93042755126953 45.79619598388672 -4.099999904632568
endloop
endfacet
facet normal 0 0 1
outer loop
vertex 27.892921447753906 36.649166107177734 -4.099999904632568
vertex 27.821880340576172 36.54383850097656 -4.099999904632568
vertex 62.652976989746094 36.24093246459961 -4.099999904632568
endloop
endfacet
facet normal 0 0 1
outer loop
vertex 62.652976989746094 36.24093246459961 -4.099999904632568
vertex 25.329328536987305 43.013301849365234 -4.099999904632568
vertex 27.892921447753906 36.649166107177734 -4.099999904632568
endloop
endfacet
facet normal 0 0 1
outer loop
vertex 43.050193786621094 52.87712478637695 -4.099999904632568
vertex 26.475467681884766 46.13771057128906 -4.099999904632568
vertex 62.652976989746094 36.24093246459961 -4.099999904632568
endloop
endfacet
facet normal 0 0 1
outer loop
vertex 27.821880340576172 36.54383850097656 -4.099999904632568
vertex 63.93840026855469 34.797119140625 -4.099999904632568
vertex 63.71327209472656 35.256404876708984 -4.099999904632568
endloop
endfacet
facet normal 0 0 1
outer loop
vertex 27.821880340576172 36.54383850097656 -4.099999904632568
vertex 63.40555953979492 35.664981842041016 -4.099999904632568
vertex 63.02630615234375 36.00819396972656 -4.099999904632568
endloop
endfacet
facet normal 0.9999999787486865 0.00020616165118937335 0
outer loop
vertex -74.2802505493164 41.161563873291016 -4.099999904632568
vertex -74.2802505493164 41.161563873291016 -0.5
vertex -74.25865173339844 -63.60484313964844 -0.5
endloop
endfacet
facet normal 0 0 1
outer loop
vertex 63.40555953979492 35.664981842041016 -4.099999904632568
vertex 27.821880340576172 36.54383850097656 -4.099999904632568
vertex 63.71327209472656 35.256404876708984 -4.099999904632568
endloop
endfacet
facet normal 0 0 1
outer loop
vertex 63.93840026855469 34.797119140625 -4.099999904632568
vertex 27.821880340576172 36.54383850097656 -4.099999904632568
vertex 64.07286071777344 34.30361557006836 -4.099999904632568
endloop
endfacet
facet normal 0 0 1
outer loop
vertex 62.652976989746094 36.24093246459961 -4.099999904632568
vertex 27.821880340576172 36.54383850097656 -4.099999904632568
vertex 63.02630615234375 36.00819396972656 -4.099999904632568
endloop
endfacet
facet normal 0 0 1
outer loop
vertex 43.050193786621094 52.87712478637695 -4.099999904632568
vertex 62.67440414428711 36.402305603027344 -4.099999904632568
vertex 44.6549186706543 54.11839294433594 -4.099999904632568
endloop
endfacet
facet normal 0 0 1
outer loop
vertex 62.67440414428711 36.402305603027344 -4.099999904632568
vertex 43.050193786621094 52.87712478637695 -4.099999904632568
vertex 62.652976989746094 36.24093246459961 -4.099999904632568
endloop
endfacet
facet normal -0.1655482525330064 -0.986201691381265 0
outer loop
vertex -14.175196647644043 38.87485122680664 -4.099999904632568
vertex -14.175196647644043 38.87485122680664 -0.5
vertex -14.394673347473145 38.91169357299805 -0.5
endloop
endfacet
facet normal 0.5018744286563288 -0.864940493826531 0
outer loop
vertex 60.82244873046875 63.49946594238281 -4.099999904632568
vertex 60.82244873046875 63.49946594238281 -0.5
vertex 44.6549186706543 54.11839294433594 -0.5
endloop
endfacet
facet normal 0.5018744286563288 -0.864940493826531 0
outer loop
vertex 44.6549186706543 54.11839294433594 -0.5
vertex 44.6549186706543 54.11839294433594 -4.099999904632568
vertex 60.82244873046875 63.49946594238281 -4.099999904632568
endloop
endfacet
facet normal 0.39312349314795864 -0.9194856818543434 0
outer loop
vertex 44.6549186706543 54.11839294433594 -4.099999904632568
vertex 44.6549186706543 54.11839294433594 -0.5
vertex 44.31600570678711 53.97349166870117 -0.5
endloop
endfacet
facet normal 0 0 1
outer loop
vertex -74.2802505493164 41.161563873291016 -4.099999904632568
vertex -6.487437725067139 -31.406160354614258 -4.099999904632568
vertex 26.012561798095703 -31.406160354614258 -4.099999904632568
endloop
endfacet
facet normal 0.5384434147591541 -0.8426616694157278 0
outer loop
vertex 44.31600570678711 53.97349166870117 -4.099999904632568
vertex 44.31600570678711 53.97349166870117 -0.5
vertex 43.88499069213867 53.698081970214844 -0.5
endloop
endfacet
facet normal 0.7011718925202588 -0.71299227004194 0
outer loop
vertex 43.88499069213867 53.698081970214844 -4.099999904632568
vertex 43.88499069213867 53.698081970214844 -0.5
vertex 43.050193786621094 52.87712478637695 -0.5
endloop
endfacet
facet normal 0 0 1
outer loop
vertex -14.175196647644043 38.87485122680664 -4.099999904632568
vertex -12.675196647644043 24.99384117126465 -4.099999904632568
vertex -12.675196647644043 38.113101959228516 -4.099999904632568
endloop
endfacet
facet normal 0 0 1
outer loop
vertex -30.88739585876465 38.91883850097656 -4.099999904632568
vertex -12.675196647644043 24.99384117126465 -4.099999904632568
vertex -14.175196647644043 38.87485122680664 -4.099999904632568
endloop
endfacet
facet normal 0.39312349314795864 -0.9194856818543434 0
outer loop
vertex 44.31600570678711 53.97349166870117 -0.5
vertex 44.31600570678711 53.97349166870117 -4.099999904632568
vertex 44.6549186706543 54.11839294433594 -4.099999904632568
endloop
endfacet
facet normal 0.5384434147591541 -0.8426616694157278 0
outer loop
vertex 43.88499069213867 53.698081970214844 -0.5
vertex 43.88499069213867 53.698081970214844 -4.099999904632568
vertex 44.31600570678711 53.97349166870117 -4.099999904632568
endloop
endfacet
facet normal 0.7011718925202588 -0.71299227004194 0
outer loop
vertex 43.050193786621094 52.87712478637695 -0.5
vertex 43.050193786621094 52.87712478637695 -4.099999904632568
vertex 43.88499069213867 53.698081970214844 -4.099999904632568
endloop
endfacet
facet normal -0.00043331494898538096 -0.9999999061189724 4.488627529681498e-7
outer loop
vertex -28.700393676757812 38.91789245605469 -0.5
vertex -30.88739585876465 38.91883850097656 -4.099999904632568
vertex -14.394673347473145 38.91169357299805 -0.5
endloop
endfacet
facet normal -0.002631903175710805 -0.9999458026643631 0.010072974714378626
outer loop
vertex -30.88739585876465 38.91883850097656 -4.099999904632568
vertex -14.175196647644043 38.87485122680664 -4.099999904632568
vertex -14.394673347473145 38.91169357299805 -0.5
endloop
endfacet
facet normal -0.7987973596900014 -0.6016001813100477 0
outer loop
vertex -31.286685943603516 42.381404876708984 -4.099999904632568
vertex -31.286685943603516 42.381404876708984 -0.5
vertex -31.594398498535156 42.789981842041016 -0.5
endloop
endfacet
facet normal -0.8979299120407475 -0.4401384703277997 0
outer loop
vertex -31.06155776977539 41.922119140625 -4.099999904632568
vertex -31.06155776977539 41.922119140625 -0.5
vertex -31.286685943603516 42.381404876708984 -0.5
endloop
endfacet
facet normal -0.9648271284672907 -0.262885169177651 0
outer loop
vertex -30.927093505859375 41.42861557006836 -4.099999904632568
vertex -30.927093505859375 41.42861557006836 -0.5
vertex -31.06155776977539 41.922119140625 -0.5
endloop
endfacet
facet normal -0.6709991463356554 -0.7414581212832062 0
outer loop
vertex -31.594398498535156 42.789981842041016 -4.099999904632568
vertex -31.594398498535156 42.789981842041016 -0.5
vertex -31.973649978637695 43.13319396972656 -0.5
endloop
endfacet
facet normal -0.3485844069531652 -0.9372773928934326 0
outer loop
vertex -32.41082763671875 43.39871597290039 -4.099999904632568
vertex -32.41082763671875 43.39871597290039 -0.5
vertex -32.89023971557617 43.5770149230957 -0.5
endloop
endfacet
facet normal -0.5191105639557496 -0.8547070974255119 0
outer loop
vertex -31.973649978637695 43.13319396972656 -4.099999904632568
vertex -31.973649978637695 43.13319396972656 -0.5
vertex -32.41082763671875 43.39871597290039 -0.5
endloop
endfacet
facet normal -0.16555264734385197 -0.9862009536384775 0
outer loop
vertex -32.89023971557617 43.5770149230957 -4.099999904632568
vertex -32.89023971557617 43.5770149230957 -0.5
vertex -33.39467239379883 43.66169357299805 -0.5
endloop
endfacet
facet normal 0 0 1
outer loop
vertex 44.6549186706543 54.11839294433594 -4.099999904632568
vertex 62.67440414428711 36.402305603027344 -4.099999904632568
vertex 60.82244873046875 63.49946594238281 -4.099999904632568
endloop
endfacet
facet normal 0 0 1
outer loop
vertex 44.31600570678711 53.97349166870117 -4.099999904632568
vertex 43.050193786621094 52.87712478637695 -4.099999904632568
vertex 44.6549186706543 54.11839294433594 -4.099999904632568
endloop
endfacet
facet normal 0 0 1
outer loop
vertex 43.050193786621094 52.87712478637695 -4.099999904632568
vertex 44.31600570678711 53.97349166870117 -4.099999904632568
vertex 43.88499069213867 53.698081970214844 -4.099999904632568
endloop
endfacet
facet normal 0 0 1
outer loop
vertex -30.88739585876465 38.91883850097656 -4.099999904632568
vertex -71.58739471435547 43.66883850097656 -4.099999904632568
vertex -12.675196647644043 24.99384117126465 -4.099999904632568
endloop
endfacet
facet normal -0.8979299120407475 -0.4401384703277997 0
outer loop
vertex -31.286685943603516 42.381404876708984 -0.5
vertex -31.286685943603516 42.381404876708984 -4.099999904632568
vertex -31.06155776977539 41.922119140625 -4.099999904632568
endloop
endfacet
facet normal -0.9648271284672907 -0.262885169177651 0
outer loop
vertex -31.06155776977539 41.922119140625 -0.5
vertex -31.06155776977539 41.922119140625 -4.099999904632568
vertex -30.927093505859375 41.42861557006836 -4.099999904632568
endloop
endfacet
facet normal -0.9998749315513696 -0.015815222260339476 0
outer loop
vertex -30.927093505859375 41.42861557006836 -0.5
vertex -30.927093505859375 41.42861557006836 -4.099999904632568
vertex -30.88739585876465 38.91883850097656 -4.099999904632568
endloop
endfacet
facet normal -0.6709991463356554 -0.7414581212832062 0
outer loop
vertex -31.973649978637695 43.13319396972656 -0.5
vertex -31.973649978637695 43.13319396972656 -4.099999904632568
vertex -31.594398498535156 42.789981842041016 -4.099999904632568
endloop
endfacet
facet normal -0.5191105639557496 -0.8547070974255119 0
outer loop
vertex -32.41082763671875 43.39871597290039 -0.5
vertex -32.41082763671875 43.39871597290039 -4.099999904632568
vertex -31.973649978637695 43.13319396972656 -4.099999904632568
endloop
endfacet
facet normal -0.3485844069531652 -0.9372773928934326 0
outer loop
vertex -32.89023971557617 43.5770149230957 -0.5
vertex -32.89023971557617 43.5770149230957 -4.099999904632568
vertex -32.41082763671875 43.39871597290039 -4.099999904632568
endloop
endfacet
facet normal -0.16555264734385197 -0.9862009536384775 0
outer loop
vertex -33.39467239379883 43.66169357299805 -0.5
vertex -33.39467239379883 43.66169357299805 -4.099999904632568
vertex -32.89023971557617 43.5770149230957 -4.099999904632568
endloop
endfacet
facet normal -0.7987973596900014 -0.6016001813100477 0
outer loop
vertex -31.594398498535156 42.789981842041016 -0.5
vertex -31.594398498535156 42.789981842041016 -4.099999904632568
vertex -31.286685943603516 42.381404876708984 -4.099999904632568
endloop
endfacet
facet normal -0.00043257608115138986 -0.9999999064389626 0
outer loop
vertex -28.700393676757812 38.91789245605469 -0.5
vertex -30.88739585876465 38.91883850097656 -0.5
vertex -30.88739585876465 38.91883850097656 -4.099999904632568
endloop
endfacet
facet normal -0.8979299120407475 -0.4401384703277997 0
outer loop
vertex 63.71327209472656 35.256404876708984 -0.5
vertex 63.71327209472656 35.256404876708984 -4.099999904632568
vertex 63.93840026855469 34.797119140625 -4.099999904632568
endloop
endfacet
facet normal 0 1 0
outer loop
vertex -72.98743438720703 -64.40615844726562 -11.899999618530273
vertex -58.547340393066406 -64.40615844726562 -5
vertex -11.98743724822998 -64.40615844726562 -11.899999618530273
endloop
endfacet
facet normal 0 -1 0
outer loop
vertex -72.98743438720703 -31.406160354614258 -11.899999618530273
vertex -6.487437725067139 -31.406160354614258 -11.899999618530273
vertex -6.487437725067139 -31.406160354614258 -8.199999809265137
endloop
endfacet
facet normal 1 0 0
outer loop
vertex -72.98743438720703 -64.10616302490234 -4.099999904632568
vertex -72.98743438720703 -64.40615844726562 -11.899999618530273
vertex -72.98743438720703 -31.406160354614258 -4.099999904632568
endloop
endfacet
facet normal 0 0 1
outer loop
vertex -72.98743438720703 -31.406160354614258 -11.899999618530273
vertex -72.98743438720703 -64.40615844726562 -11.899999618530273
vertex -11.98743724822998 -46.406158447265625 -11.899999618530273
endloop
endfacet
facet normal 0 1 0
outer loop
vertex -72.98743438720703 -64.40615844726562 -11.899999618530273
vertex -72.98743438720703 -64.40615844726562 -0.5
vertex -70.5473403930664 -64.40615844726562 -5
endloop
endfacet
facet normal 1 0 0
outer loop
vertex -72.98743438720703 -64.40615844726562 -0.5
vertex -72.98743438720703 -64.40615844726562 -11.899999618530273
vertex -72.98743438720703 -64.10616302490234 -4.099999904632568
endloop
endfacet
facet normal 0 1 0
outer loop
vertex -72.98743438720703 -64.40615844726562 -11.899999618530273
vertex -70.5473403930664 -64.40615844726562 -5
vertex -58.547340393066406 -64.40615844726562 -5
endloop
endfacet
facet normal -1 0 0
outer loop
vertex -6.487437725067139 -31.406160354614258 -11.899999618530273
vertex -6.487437725067139 -46.406158447265625 -11.899999618530273
vertex -6.487437725067139 -31.406160354614258 -8.199999809265137
endloop
endfacet
facet normal 0 1 0
outer loop
vertex -11.98743724822998 -64.40615844726562 -0.5
vertex -11.98743724822998 -64.40615844726562 -8.199999809265137
vertex -58.547340393066406 -64.40615844726562 -5
endloop
endfacet
facet normal -1 0 0
outer loop
vertex -6.487437725067139 -46.406158447265625 -11.899999618530273
vertex -6.487437725067139 -46.406158447265625 -8.199999809265137
vertex -6.487437725067139 -31.406160354614258 -8.199999809265137
endloop
endfacet
facet normal 0 1 0
outer loop
vertex -11.98743724822998 -46.406158447265625 -11.899999618530273
vertex -6.487437725067139 -46.406158447265625 -8.199999809265137
vertex -6.487437725067139 -46.406158447265625 -11.899999618530273
endloop
endfacet
facet normal 0 1 0
outer loop
vertex -6.487437725067139 -46.406158447265625 -8.199999809265137
vertex -11.98743724822998 -46.406158447265625 -11.899999618530273
vertex -11.98743724822998 -46.406158447265625 -8.199999809265137
endloop
endfacet
facet normal -1 0 0
outer loop
vertex -11.98743724822998 -46.406158447265625 -11.899999618530273
vertex -11.98743724822998 -64.40615844726562 -11.899999618530273
vertex -11.98743724822998 -46.406158447265625 -8.199999809265137
endloop
endfacet
facet normal 0 0 1
outer loop
vertex -11.98743724822998 -46.406158447265625 -11.899999618530273
vertex -6.487437725067139 -46.406158447265625 -11.899999618530273
vertex -6.487437725067139 -31.406160354614258 -11.899999618530273
endloop
endfacet
facet normal 1 0 0
outer loop
vertex -72.98743438720703 -64.40615844726562 -11.899999618530273
vertex -72.98743438720703 -31.406160354614258 -11.899999618530273
vertex -72.98743438720703 -31.406160354614258 -4.099999904632568
endloop
endfacet
facet normal 1 0 0
outer loop
vertex -72.98743438720703 -64.40615844726562 -0.5
vertex -72.98743438720703 -64.10616302490234 -4.099999904632568
vertex -72.98743438720703 -64.10616302490234 -0.5
endloop
endfacet
facet normal 0 -1 0
outer loop
vertex -6.487437725067139 -31.406160354614258 -4.099999904632568
vertex -72.98743438720703 -31.406160354614258 -11.899999618530273
vertex -6.487437725067139 -31.406160354614258 -8.199999809265137
endloop
endfacet
facet normal -1 0 0
outer loop
vertex -11.98743724822998 -64.40615844726562 -11.899999618530273
vertex -11.98743724822998 -64.40615844726562 -8.199999809265137
vertex -11.98743724822998 -46.406158447265625 -8.199999809265137
endloop
endfacet
facet normal 0 1 0
outer loop
vertex -11.98743724822998 -64.40615844726562 -8.199999809265137
vertex -11.98743724822998 -64.40615844726562 -11.899999618530273
vertex -58.547340393066406 -64.40615844726562 -5
endloop
endfacet
facet normal 0 0 1
outer loop
vertex -11.98743724822998 -46.406158447265625 -11.899999618530273
vertex -72.98743438720703 -64.40615844726562 -11.899999618530273
vertex -11.98743724822998 -64.40615844726562 -11.899999618530273
endloop
endfacet
facet normal 0 -1 0
outer loop
vertex -72.98743438720703 -31.406160354614258 -4.099999904632568
vertex -72.98743438720703 -31.406160354614258 -11.899999618530273
vertex -6.487437725067139 -31.406160354614258 -4.099999904632568
endloop
endfacet
facet normal 0 1 0
outer loop
vertex -70.5473403930664 -64.40615844726562 -0.5
vertex -70.5473403930664 -64.40615844726562 -5
vertex -72.98743438720703 -64.40615844726562 -0.5
endloop
endfacet
facet normal 0 0 1
outer loop
vertex -72.98743438720703 -31.406160354614258 -11.899999618530273
vertex -11.98743724822998 -46.406158447265625 -11.899999618530273
vertex -6.487437725067139 -31.406160354614258 -11.899999618530273
endloop
endfacet
facet normal 0 1 0
outer loop
vertex -58.547340393066406 -64.40615844726562 -5
vertex -58.547340393066406 -64.40615844726562 -0.5
vertex -11.98743724822998 -64.40615844726562 -0.5
endloop
endfacet
facet normal 0 1 0
outer loop
vertex -8.23743724822998 -64.40615844726562 -5.699999809265137
vertex -11.98743724822998 -64.40615844726562 -0.5
vertex 26.012561798095703 -64.40615844726562 -0.5
endloop
endfacet
facet normal 0 0 1
outer loop
vertex -11.98743724822998 -46.406158447265625 -8.199999809265137
vertex -11.98743724822998 -64.40615844726562 -8.199999809265137
vertex -9.48743724822998 -55.406158447265625 -8.199999809265137
endloop
endfacet
facet normal 0 1 0
outer loop
vertex 0.26256242394447327 -64.40615844726562 -6.699999809265137
vertex 26.012561798095703 -64.40615844726562 -0.5
vertex 0.5125624537467957 -64.40615844726562 -8.199999809265137
endloop
endfacet
facet normal 0 1 0
outer loop
vertex -8.23743724822998 -64.40615844726562 -5.699999809265137
vertex 26.012561798095703 -64.40615844726562 -0.5
vertex -0.7374375462532043 -64.40615844726562 -5.699999809265137
endloop
endfacet
facet normal 0 0 1
outer loop
vertex -11.98743724822998 -64.40615844726562 -8.199999809265137
vertex -9.48743724822998 -64.40615844726562 -8.199999809265137
vertex -9.48743724822998 -55.406158447265625 -8.199999809265137
endloop
endfacet
facet normal 0 1 0
outer loop
vertex 0.18644195795059204 -64.40615844726562 -6.31731653213501
vertex 26.012561798095703 -64.40615844726562 -0.5
vertex 0.26256242394447327 -64.40615844726562 -6.699999809265137
endloop
endfacet
facet normal 0 1 0
outer loop
vertex -0.7374375462532043 -64.40615844726562 -5.699999809265137
vertex 26.012561798095703 -64.40615844726562 -0.5
vertex -0.35475414991378784 -64.40615844726562 -5.776120662689209
endloop
endfacet
facet normal 0 1 0
outer loop
vertex -0.03033079020678997 -64.40615844726562 -5.992893218994141
vertex 26.012561798095703 -64.40615844726562 -0.5
vertex 0.18644195795059204 -64.40615844726562 -6.31731653213501
endloop
endfacet
facet normal 0 1 0
outer loop
vertex 0.5125624537467957 -64.40615844726562 -8.199999809265137
vertex 0.26256242394447327 -64.40615844726562 -8.199999809265137
vertex 0.26256242394447327 -64.40615844726562 -6.699999809265137
endloop
endfacet
facet normal 0 0 1
outer loop
vertex 0.5125624537467957 -55.406158447265625 -8.199999809265137
vertex 0.5125624537467957 -64.40615844726562 -8.199999809265137
vertex 26.012561798095703 -64.40615844726562 -8.199999809265137
endloop
endfacet
facet normal 0 0 1
outer loop
vertex -6.487437725067139 -46.406158447265625 -8.199999809265137
vertex -11.98743724822998 -46.406158447265625 -8.199999809265137
vertex 26.012561798095703 -64.40615844726562 -8.199999809265137
endloop
endfacet
facet normal 0 0 1
outer loop
vertex 26.012561798095703 -64.40615844726562 -8.199999809265137
vertex -11.98743724822998 -46.406158447265625 -8.199999809265137
vertex 0.5125624537467957 -55.406158447265625 -8.199999809265137
endloop
endfacet
facet normal 0 -1 0
outer loop
vertex 26.012561798095703 -31.406160354614258 -4.099999904632568
vertex -6.487437725067139 -31.406160354614258 -8.199999809265137
vertex 26.012561798095703 -31.406160354614258 -8.199999809265137
endloop
endfacet
facet normal 0 -1 0
outer loop
vertex -6.487437725067139 -31.406160354614258 -4.099999904632568
vertex -6.487437725067139 -31.406160354614258 -8.199999809265137
vertex 26.012561798095703 -31.406160354614258 -4.099999904632568
endloop
endfacet
facet normal 0 0 1
outer loop
vertex 2.0625624656677246 -33.506160736083984 -8.199999809265137
vertex 2.0625624656677246 -43.30615997314453 -8.199999809265137
vertex 26.012561798095703 -31.406160354614258 -8.199999809265137
endloop
endfacet
facet normal 0 0 1
outer loop
vertex 26.012561798095703 -31.406160354614258 -8.199999809265137
vertex -2.037437677383423 -33.506160736083984 -8.199999809265137
vertex 2.0625624656677246 -33.506160736083984 -8.199999809265137
endloop
endfacet
facet normal 0 0 1
outer loop
vertex -6.487437725067139 -31.406160354614258 -8.199999809265137
vertex -2.037437677383423 -33.506160736083984 -8.199999809265137
vertex 26.012561798095703 -31.406160354614258 -8.199999809265137
endloop
endfacet
facet normal 0 0 1
outer loop
vertex -6.487437725067139 -31.406160354614258 -8.199999809265137
vertex -6.487437725067139 -46.406158447265625 -8.199999809265137
vertex -2.037437677383423 -33.506160736083984 -8.199999809265137
endloop
endfacet
facet normal 0 1 0
outer loop
vertex -11.98743724822998 -64.40615844726562 -0.5
vertex -8.23743724822998 -64.40615844726562 -5.699999809265137
vertex -8.620121002197266 -64.40615844726562 -5.776120662689209
endloop
endfacet
facet normal 0 0 1
outer loop
vertex -2.037437677383423 -43.30615997314453 -8.199999809265137
vertex -6.487437725067139 -46.406158447265625 -8.199999809265137
vertex 26.012561798095703 -64.40615844726562 -8.199999809265137
endloop
endfacet
facet normal -1 0 0
outer loop
vertex 26.012561798095703 -31.406160354614258 -8.199999809265137
vertex 26.012561798095703 -64.40615844726562 -8.199999809265137
vertex 26.012561798095703 -31.406160354614258 -4.099999904632568
endloop
endfacet
facet normal -1 0 0
outer loop
vertex 26.012561798095703 -64.10616302490234 -4.099999904632568
vertex 26.012561798095703 -31.406160354614258 -4.099999904632568
vertex 26.012561798095703 -64.40615844726562 -8.199999809265137
endloop
endfacet
facet normal 0 1 0
outer loop
vertex -8.944544792175293 -64.40615844726562 -5.992893218994141
vertex -11.98743724822998 -64.40615844726562 -0.5
vertex -8.620121002197266 -64.40615844726562 -5.776120662689209
endloop
endfacet
facet normal 0 1 0
outer loop
vertex -0.35475414991378784 -64.40615844726562 -5.776120662689209
vertex 26.012561798095703 -64.40615844726562 -0.5
vertex -0.03033079020678997 -64.40615844726562 -5.992893218994141
endloop
endfacet
facet normal 0 1 0
outer loop
vertex 0.5125624537467957 -64.40615844726562 -8.199999809265137
vertex 26.012561798095703 -64.40615844726562 -0.5
vertex 26.012561798095703 -64.40615844726562 -8.199999809265137
endloop
endfacet
facet normal 0 1 0
outer loop
vertex -9.161316871643066 -64.40615844726562 -6.31731653213501
vertex -11.98743724822998 -64.40615844726562 -0.5
vertex -8.944544792175293 -64.40615844726562 -5.992893218994141
endloop
endfacet
facet normal 0 1 0
outer loop
vertex -9.23743724822998 -64.40615844726562 -6.699999809265137
vertex -11.98743724822998 -64.40615844726562 -0.5
vertex -9.161316871643066 -64.40615844726562 -6.31731653213501
endloop
endfacet
facet normal 0 1 0
outer loop
vertex -11.98743724822998 -64.40615844726562 -8.199999809265137
vertex -11.98743724822998 -64.40615844726562 -0.5
vertex -9.23743724822998 -64.40615844726562 -6.699999809265137
endloop
endfacet
facet normal 0 0 1
outer loop
vertex -2.037437677383423 -43.30615997314453 -8.199999809265137
vertex 26.012561798095703 -64.40615844726562 -8.199999809265137
vertex 2.0625624656677246 -43.30615997314453 -8.199999809265137
endloop
endfacet
facet normal -1 0 0
outer loop
vertex 26.012561798095703 -64.40615844726562 -8.199999809265137
vertex 26.012561798095703 -64.40615844726562 -0.5
vertex 26.012561798095703 -64.10616302490234 -4.099999904632568
endloop
endfacet
facet normal 0 0 1
outer loop
vertex -2.037437677383423 -43.30615997314453 -8.199999809265137
vertex -2.037437677383423 -33.506160736083984 -8.199999809265137
vertex -6.487437725067139 -46.406158447265625 -8.199999809265137
endloop
endfacet
facet normal 0 1 0
outer loop
vertex -9.23743724822998 -64.40615844726562 -6.699999809265137
vertex -9.23743724822998 -64.40615844726562 -8.199999809265137
vertex -9.48743724822998 -64.40615844726562 -8.199999809265137
endloop
endfacet
facet normal 0 0 1
outer loop
vertex 2.0625624656677246 -43.30615997314453 -8.199999809265137
vertex 26.012561798095703 -64.40615844726562 -8.199999809265137
vertex 26.012561798095703 -31.406160354614258 -8.199999809265137
endloop
endfacet
facet normal 0 0 1
outer loop
vertex -11.98743724822998 -46.406158447265625 -8.199999809265137
vertex -9.48743724822998 -55.406158447265625 -8.199999809265137
vertex 0.5125624537467957 -55.406158447265625 -8.199999809265137
endloop
endfacet
facet normal -1 0 0
outer loop
vertex 26.012561798095703 -64.10616302490234 -0.5
vertex 26.012561798095703 -64.10616302490234 -4.099999904632568
vertex 26.012561798095703 -64.40615844726562 -0.5
endloop
endfacet
facet normal 0 1 0
outer loop
vertex -9.48743724822998 -64.40615844726562 -8.199999809265137
vertex -11.98743724822998 -64.40615844726562 -8.199999809265137
vertex -9.23743724822998 -64.40615844726562 -6.699999809265137
endloop
endfacet
facet normal -1 0 0
outer loop
vertex 0.5125624537467957 -55.406158447265625 -9.5
vertex 0.5125624537467957 -64.40615844726562 -9.5
vertex 0.5125624537467957 -64.40615844726562 -8.199999809265137
endloop
endfacet
facet normal 0 1 0
outer loop
vertex 0.5125624537467957 -64.40615844726562 -9.5
vertex -9.48743724822998 -64.40615844726562 -9.5
vertex -0.7374375462532043 -64.40615844726562 -9.199999809265137
endloop
endfacet
facet normal 0 1 0
outer loop
vertex -0.03033079020678997 -64.40615844726562 -8.907106399536133
vertex 0.18644195795059204 -64.40615844726562 -8.582683563232422
vertex 0.5125624537467957 -64.40615844726562 -9.5
endloop
endfacet
facet normal 0 1 0
outer loop
vertex 0.18644195795059204 -64.40615844726562 -8.582683563232422
vertex 0.26256242394447327 -64.40615844726562 -8.199999809265137
vertex 0.5125624537467957 -64.40615844726562 -9.5
endloop
endfacet
facet normal 0 -1 0
outer loop
vertex -9.48743724822998 -55.406158447265625 -9.5
vertex 0.5125624537467957 -55.406158447265625 -9.5
vertex 0.5125624537467957 -55.406158447265625 -8.199999809265137
endloop
endfacet
facet normal 1 0 0
outer loop
vertex -9.48743724822998 -55.406158447265625 -8.199999809265137
vertex -9.48743724822998 -64.40615844726562 -8.199999809265137
vertex -9.48743724822998 -64.40615844726562 -9.5
endloop
endfacet
facet normal 0 1 0
outer loop
vertex 0.5125624537467957 -64.40615844726562 -8.199999809265137
vertex 0.5125624537467957 -64.40615844726562 -9.5
vertex 0.26256242394447327 -64.40615844726562 -8.199999809265137
endloop
endfacet
facet normal 0 1 0
outer loop
vertex 0.5125624537467957 -64.40615844726562 -9.5
vertex -0.35475414991378784 -64.40615844726562 -9.123879432678223
vertex -0.03033079020678997 -64.40615844726562 -8.907106399536133
endloop
endfacet
facet normal 0 1 0
outer loop
vertex -8.944544792175293 -64.40615844726562 -8.907106399536133
vertex -8.620121002197266 -64.40615844726562 -9.123879432678223
vertex -9.48743724822998 -64.40615844726562 -9.5
endloop
endfacet
facet normal 0 1 0
outer loop
vertex -8.620121002197266 -64.40615844726562 -9.123879432678223
vertex -8.23743724822998 -64.40615844726562 -9.199999809265137
vertex -9.48743724822998 -64.40615844726562 -9.5
endloop
endfacet
facet normal 0 1 0
outer loop
vertex -8.23743724822998 -64.40615844726562 -9.199999809265137
vertex -0.7374375462532043 -64.40615844726562 -9.199999809265137
vertex -9.48743724822998 -64.40615844726562 -9.5
endloop
endfacet
facet normal 0 0 1
outer loop
vertex -9.48743724822998 -64.40615844726562 -9.5
vertex 0.5125624537467957 -64.40615844726562 -9.5
vertex -9.48743724822998 -55.406158447265625 -9.5
endloop
endfacet
facet normal 1 0 0
outer loop
vertex -9.48743724822998 -64.40615844726562 -9.5
vertex -9.48743724822998 -55.406158447265625 -9.5
vertex -9.48743724822998 -55.406158447265625 -8.199999809265137
endloop
endfacet
facet normal -1 0 0
outer loop
vertex 0.5125624537467957 -55.406158447265625 -8.199999809265137
vertex 0.5125624537467957 -55.406158447265625 -9.5
vertex 0.5125624537467957 -64.40615844726562 -8.199999809265137
endloop
endfacet
facet normal 0 1 0
outer loop
vertex -9.23743724822998 -64.40615844726562 -8.199999809265137
vertex -9.161316871643066 -64.40615844726562 -8.582683563232422
vertex -9.48743724822998 -64.40615844726562 -8.199999809265137
endloop
endfacet
facet normal 0 1 0
outer loop
vertex -9.161316871643066 -64.40615844726562 -8.582683563232422
vertex -9.48743724822998 -64.40615844726562 -9.5
vertex -9.48743724822998 -64.40615844726562 -8.199999809265137
endloop
endfacet
facet normal 0 1 0
outer loop
vertex -9.161316871643066 -64.40615844726562 -8.582683563232422
vertex -8.944544792175293 -64.40615844726562 -8.907106399536133
vertex -9.48743724822998 -64.40615844726562 -9.5
endloop
endfacet
facet normal 0 0 1
outer loop
vertex -9.48743724822998 -55.406158447265625 -9.5
vertex 0.5125624537467957 -64.40615844726562 -9.5
vertex 0.5125624537467957 -55.406158447265625 -9.5
endloop
endfacet
facet normal 0 1 0
outer loop
vertex 0.5125624537467957 -64.40615844726562 -9.5
vertex -0.7374375462532043 -64.40615844726562 -9.199999809265137
vertex -0.35475414991378784 -64.40615844726562 -9.123879432678223
endloop
endfacet
facet normal 0 -1 0
outer loop
vertex -9.48743724822998 -55.406158447265625 -8.199999809265137
vertex -9.48743724822998 -55.406158447265625 -9.5
vertex 0.5125624537467957 -55.406158447265625 -8.199999809265137
endloop
endfacet
facet normal 0 1 0
outer loop
vertex -2.037437677383423 -43.30615997314453 -8.199999809265137
vertex 2.0625624656677246 -43.30615997314453 -10
vertex -2.037437677383423 -43.30615997314453 -10
endloop
endfacet
facet normal 0 -1 0
outer loop
vertex -2.037437677383423 -33.506160736083984 -8.199999809265137
vertex -2.037437677383423 -33.506160736083984 -10
vertex 2.0625624656677246 -33.506160736083984 -8.199999809265137
endloop
endfacet
facet normal 0 0 1
outer loop
vertex -2.037437677383423 -43.30615997314453 -10
vertex -1.2374376058578491 -35.156158447265625 -10
vertex -2.037437677383423 -33.506160736083984 -10
endloop
endfacet
facet normal 1 0 0
outer loop
vertex -2.037437677383423 -33.506160736083984 -8.199999809265137
vertex -2.037437677383423 -43.30615997314453 -10
vertex -2.037437677383423 -33.506160736083984 -10
endloop
endfacet
facet normal 0 0 1
outer loop
vertex -2.037437677383423 -33.506160736083984 -10
vertex -1.2374376058578491 -35.156158447265625 -10
vertex 2.0625624656677246 -33.506160736083984 -10
endloop
endfacet
facet normal 0 0 1
outer loop
vertex 1.2625623941421509 -35.156158447265625 -10
vertex 1.2625623941421509 -41.656158447265625 -10
vertex 2.0625624656677246 -33.506160736083984 -10
endloop
endfacet
facet normal 0 0 1
outer loop
vertex 2.0625624656677246 -33.506160736083984 -10
vertex -1.2374376058578491 -35.156158447265625 -10
vertex 1.2625623941421509 -35.156158447265625 -10
endloop
endfacet
facet normal 0 -1 0
outer loop
vertex 2.0625624656677246 -33.506160736083984 -8.199999809265137
vertex -2.037437677383423 -33.506160736083984 -10
vertex 2.0625624656677246 -33.506160736083984 -10
endloop
endfacet
facet normal -1 0 0
outer loop
vertex 2.0625624656677246 -33.506160736083984 -10
vertex 2.0625624656677246 -43.30615997314453 -8.199999809265137
vertex 2.0625624656677246 -33.506160736083984 -8.199999809265137
endloop
endfacet
facet normal 1 0 0
outer loop
vertex -2.037437677383423 -43.30615997314453 -8.199999809265137
vertex -2.037437677383423 -43.30615997314453 -10
vertex -2.037437677383423 -33.506160736083984 -8.199999809265137
endloop
endfacet
facet normal 0 0 1
outer loop
vertex -2.037437677383423 -43.30615997314453 -10
vertex -1.2374376058578491 -41.656158447265625 -10
vertex -1.2374376058578491 -35.156158447265625 -10
endloop
endfacet
facet normal 0 0 1
outer loop
vertex 1.2625623941421509 -41.656158447265625 -10
vertex -2.037437677383423 -43.30615997314453 -10
vertex 2.0625624656677246 -43.30615997314453 -10
endloop
endfacet
facet normal 0 0 1
outer loop
vertex 1.2625623941421509 -41.656158447265625 -10
vertex -1.2374376058578491 -41.656158447265625 -10
vertex -2.037437677383423 -43.30615997314453 -10
endloop
endfacet
facet normal 0 0 1
outer loop
vertex 1.2625623941421509 -41.656158447265625 -10
vertex 2.0625624656677246 -43.30615997314453 -10
vertex 2.0625624656677246 -33.506160736083984 -10
endloop
endfacet
facet normal -1 0 0
outer loop
vertex 2.0625624656677246 -33.506160736083984 -10
vertex 2.0625624656677246 -43.30615997314453 -10
vertex 2.0625624656677246 -43.30615997314453 -8.199999809265137
endloop
endfacet
facet normal 0 1 0
outer loop
vertex 2.0625624656677246 -43.30615997314453 -10
vertex -2.037437677383423 -43.30615997314453 -8.199999809265137
vertex 2.0625624656677246 -43.30615997314453 -8.199999809265137
endloop
endfacet
facet normal -1 0 0
outer loop
vertex 1.2625623941421509 -41.656158447265625 -11.699999809265137
vertex 1.2625623941421509 -35.156158447265625 -10
vertex 1.2625623941421509 -35.156158447265625 -11.699999809265137
endloop
endfacet
facet normal 0 1 0
outer loop
vertex -1.2374376058578491 -41.656158447265625 -11.699999809265137
vertex -1.2374376058578491 -41.656158447265625 -10
vertex 1.2625623941421509 -41.656158447265625 -10
endloop
endfacet
facet normal 1 0 0
outer loop
vertex -1.2374376058578491 -35.156158447265625 -10
vertex -1.2374376058578491 -41.656158447265625 -10
vertex -1.2374376058578491 -35.156158447265625 -11.699999809265137
endloop
endfacet
facet normal 1 0 0
outer loop
vertex -1.2374376058578491 -41.656158447265625 -10
vertex -1.2374376058578491 -41.656158447265625 -11.699999809265137
vertex -1.2374376058578491 -35.156158447265625 -11.699999809265137
endloop
endfacet
facet normal 0 -1 0
outer loop
vertex -1.2374376058578491 -35.156158447265625 -10
vertex 1.2625623941421509 -35.156158447265625 -11.699999809265137
vertex 1.2625623941421509 -35.156158447265625 -10
endloop
endfacet
facet normal 0 1 0
outer loop
vertex 1.2625623941421509 -41.656158447265625 -11.699999809265137
vertex -1.2374376058578491 -41.656158447265625 -11.699999809265137
vertex 1.2625623941421509 -41.656158447265625 -10
endloop
endfacet
facet normal -1 0 0
outer loop
vertex 1.2625623941421509 -41.656158447265625 -11.699999809265137
vertex 1.2625623941421509 -41.656158447265625 -10
vertex 1.2625623941421509 -35.156158447265625 -10
endloop
endfacet
facet normal 0 -1 0
outer loop
vertex -1.2374376058578491 -35.156158447265625 -10
vertex -1.2374376058578491 -35.156158447265625 -11.699999809265137
vertex 1.2625623941421509 -35.156158447265625 -11.699999809265137
endloop
endfacet
facet normal -0.19508570553829574 -0.9807861986664704 0
outer loop
vertex 15.01256275177002 -30.906160354614258 -21.65943717956543
vertex 15.203904151916504 -30.9442195892334 -21.66546630859375
vertex 15.203904151916504 -30.9442195892334 -11.699999809265137
endloop
endfacet
facet normal -0.9807852633251952 -0.19509040787318935 0
outer loop
vertex 15.474502563476562 -31.214818954467773 -11.699999809265137
vertex 15.474502563476562 -31.214818954467773 -21.708324432373047
vertex 15.51256275177002 -31.406160354614258 -11.699999809265137
endloop
endfacet
facet normal -0.9807852633251952 -0.19509040787318935 0
outer loop
vertex 15.474502563476562 -31.214818954467773 -21.708324432373047
vertex 15.51256275177002 -31.406160354614258 -21.738630294799805
vertex 15.51256275177002 -31.406160354614258 -11.699999809265137
endloop
endfacet
facet normal 0 0 -1
outer loop
vertex 15.51256275177002 -45.406158447265625 -11.699999809265137
vertex 15.474502563476562 -45.59749984741211 -11.699999809265137
vertex 15.51256275177002 -31.406160354614258 -11.699999809265137
endloop
endfacet
facet normal 1 0 0
outer loop
vertex -4.487437725067139 -31.406160354614258 -11.699999809265137
vertex -4.487437725067139 -45.406158447265625 -23.956012725830078
vertex -4.487437725067139 -31.406160354614258 -21.738630294799805
endloop
endfacet
facet normal 0.9807852633251952 -0.19509040787318935 0
outer loop
vertex -4.487437725067139 -31.406160354614258 -21.738630294799805
vertex -4.449377536773682 -31.214818954467773 -21.708324432373047
vertex -4.449377536773682 -31.214818954467773 -11.699999809265137
endloop
endfacet
facet normal 0 0 -1
outer loop
vertex 15.474502563476562 -45.59749984741211 -11.699999809265137
vertex 15.36611557006836 -45.75971221923828 -11.699999809265137
vertex 15.474502563476562 -31.214818954467773 -11.699999809265137
endloop
endfacet
facet normal 0 0 -1
outer loop
vertex 15.36611557006836 -45.75971221923828 -11.699999809265137
vertex 15.203904151916504 -45.868099212646484 -11.699999809265137
vertex 15.36611557006836 -31.0526065826416 -11.699999809265137
endloop
endfacet
facet normal 0 0 -1
outer loop
vertex 15.203904151916504 -45.868099212646484 -11.699999809265137
vertex 15.01256275177002 -45.906158447265625 -11.699999809265137
vertex 15.203904151916504 -30.9442195892334 -11.699999809265137
endloop
endfacet
facet normal 0 0 -1
outer loop
vertex 15.01256275177002 -45.906158447265625 -11.699999809265137
vertex -3.9874374866485596 -45.906158447265625 -11.699999809265137
vertex 15.01256275177002 -30.906160354614258 -11.699999809265137
endloop
endfacet
facet normal 0 0 -1
outer loop
vertex -3.9874374866485596 -45.906158447265625 -11.699999809265137
vertex 1.2625623941421509 -41.656158447265625 -11.699999809265137
vertex 15.01256275177002 -30.906160354614258 -11.699999809265137
endloop
endfacet
facet normal 0 0 -1
outer loop
vertex -1.2374376058578491 -35.156158447265625 -11.699999809265137
vertex -3.9874374866485596 -45.906158447265625 -11.699999809265137
vertex -3.9874374866485596 -30.906160354614258 -11.699999809265137
endloop
endfacet
facet normal 0 0 -1
outer loop
vertex -4.449377536773682 -31.214818954467773 -11.699999809265137
vertex -4.487437725067139 -45.406158447265625 -11.699999809265137
vertex -4.487437725067139 -31.406160354614258 -11.699999809265137
endloop
endfacet
facet normal 0 -1 0
outer loop
vertex -3.9874374866485596 -30.906160354614258 -21.65943717956543
vertex 15.01256275177002 -30.906160354614258 -21.65943717956543
vertex 15.01256275177002 -30.906160354614258 -11.699999809265137
endloop
endfacet
facet normal 0 0 -1
outer loop
vertex -4.340991020202637 -31.0526065826416 -11.699999809265137
vertex -4.449377536773682 -45.59749984741211 -11.699999809265137
vertex -4.449377536773682 -31.214818954467773 -11.699999809265137
endloop
endfacet
facet normal 0 0 -1
outer loop
vertex -4.178779125213623 -30.9442195892334 -11.699999809265137
vertex -4.340991020202637 -45.75971221923828 -11.699999809265137
vertex -4.340991020202637 -31.0526065826416 -11.699999809265137
endloop
endfacet
facet normal 0.83147038205406 -0.5555690810033217 0
outer loop
vertex -4.449377536773682 -31.214818954467773 -21.708324432373047
vertex -4.340991020202637 -31.0526065826416 -21.682632446289062
vertex -4.340991020202637 -31.0526065826416 -11.699999809265137
endloop
endfacet
facet normal 0.5555718998295418 -0.8314684985733336 0
outer loop
vertex -4.340991020202637 -31.0526065826416 -21.682632446289062
vertex -4.178779125213623 -30.9442195892334 -21.66546630859375
vertex -4.178779125213623 -30.9442195892334 -11.699999809265137
endloop
endfacet
facet normal 0.1950854717058468 -0.9807862451774634 0
outer loop
vertex -4.178779125213623 -30.9442195892334 -21.66546630859375
vertex -3.9874374866485596 -30.906160354614258 -21.65943717956543
vertex -3.9874374866485596 -30.906160354614258 -11.699999809265137
endloop
endfacet
facet normal 0.9807852633251952 -0.19509040787318935 0
outer loop
vertex -4.487437725067139 -31.406160354614258 -11.699999809265137
vertex -4.487437725067139 -31.406160354614258 -21.738630294799805
vertex -4.449377536773682 -31.214818954467773 -11.699999809265137
endloop
endfacet
facet normal 0.83147038205406 -0.5555690810033217 0
outer loop
vertex -4.449377536773682 -31.214818954467773 -11.699999809265137
vertex -4.449377536773682 -31.214818954467773 -21.708324432373047
vertex -4.340991020202637 -31.0526065826416 -11.699999809265137
endloop
endfacet
facet normal 0.5555718998295418 -0.8314684985733335 0
outer loop
vertex -4.340991020202637 -31.0526065826416 -11.699999809265137
vertex -4.340991020202637 -31.0526065826416 -21.682632446289062
vertex -4.178779125213623 -30.9442195892334 -11.699999809265137
endloop
endfacet
facet normal 0.1950854717058468 -0.9807862451774634 0
outer loop
vertex -4.178779125213623 -30.9442195892334 -11.699999809265137
vertex -4.178779125213623 -30.9442195892334 -21.66546630859375
vertex -3.9874374866485596 -30.906160354614258 -11.699999809265137
endloop
endfacet
facet normal 1 0 0
outer loop
vertex -4.487437725067139 -45.406158447265625 -11.699999809265137
vertex -4.487437725067139 -45.406158447265625 -23.956012725830078
vertex -4.487437725067139 -31.406160354614258 -11.699999809265137
endloop
endfacet
facet normal 0.19508547170584684 0.9807862451774634 0
outer loop
vertex -3.9874374866485596 -45.906158447265625 -24.03520393371582
vertex -4.178779125213623 -45.868099212646484 -11.699999809265137
vertex -3.9874374866485596 -45.906158447265625 -11.699999809265137
endloop
endfacet
facet normal 0.5555718998295418 0.8314684985733336 0
outer loop
vertex -4.178779125213623 -45.868099212646484 -11.699999809265137
vertex -4.178779125213623 -45.868099212646484 -24.029176712036133
vertex -4.340991020202637 -45.75971221923828 -11.699999809265137
endloop
endfacet
facet normal -0.5555730288971555 -0.8314677441500905 0
outer loop
vertex 15.203904151916504 -30.9442195892334 -21.66546630859375
vertex 15.36611557006836 -31.0526065826416 -21.682632446289062
vertex 15.36611557006836 -31.0526065826416 -11.699999809265137
endloop
endfacet
facet normal 0 1 0
outer loop
vertex 15.01256275177002 -45.906158447265625 -24.03520393371582
vertex -3.9874374866485596 -45.906158447265625 -24.03520393371582
vertex -3.9874374866485596 -45.906158447265625 -11.699999809265137
endloop
endfacet
facet normal -0.831469252991977 -0.5555707707654927 0
outer loop
vertex 15.36611557006836 -31.0526065826416 -21.682632446289062
vertex 15.474502563476562 -31.214818954467773 -21.708324432373047
vertex 15.474502563476562 -31.214818954467773 -11.699999809265137
endloop
endfacet
facet normal -0.19508570553829577 0.9807861986664707 0
outer loop
vertex 15.203904151916504 -45.868099212646484 -24.029176712036133
vertex 15.01256275177002 -45.906158447265625 -24.03520393371582
vertex 15.01256275177002 -45.906158447265625 -11.699999809265137
endloop
endfacet
facet normal -0.5555730288971555 0.8314677441500905 0
outer loop
vertex 15.36611557006836 -45.75971221923828 -24.01201057434082
vertex 15.203904151916504 -45.868099212646484 -24.029176712036133
vertex 15.203904151916504 -45.868099212646484 -11.699999809265137
endloop
endfacet
facet normal -0.8314692529919772 0.5555707707654928 0
outer loop
vertex 15.474502563476562 -45.59749984741211 -23.986318588256836
vertex 15.36611557006836 -45.75971221923828 -24.01201057434082
vertex 15.36611557006836 -45.75971221923828 -11.699999809265137
endloop
endfacet
facet normal -0.9807852633251953 0.19509040787318935 0
outer loop
vertex 15.51256275177002 -45.406158447265625 -23.956012725830078
vertex 15.474502563476562 -45.59749984741211 -23.986318588256836
vertex 15.474502563476562 -45.59749984741211 -11.699999809265137
endloop
endfacet
facet normal -1 0 0
outer loop
vertex 15.51256275177002 -31.406160354614258 -21.738630294799805
vertex 15.51256275177002 -45.406158447265625 -23.956012725830078
vertex 15.51256275177002 -45.406158447265625 -11.699999809265137
endloop
endfacet
facet normal 0 1 0
outer loop
vertex 15.01256275177002 -45.906158447265625 -24.03520393371582
vertex -3.9874374866485596 -45.906158447265625 -11.699999809265137
vertex 15.01256275177002 -45.906158447265625 -11.699999809265137
endloop
endfacet
facet normal 0 0 -1
outer loop
vertex -1.2374376058578491 -41.656158447265625 -11.699999809265137
vertex 1.2625623941421509 -41.656158447265625 -11.699999809265137
vertex -3.9874374866485596 -45.906158447265625 -11.699999809265137
endloop
endfacet
facet normal 0.9807852633251953 0.19509040787318935 0
outer loop
vertex -4.449377536773682 -45.59749984741211 -11.699999809265137
vertex -4.449377536773682 -45.59749984741211 -23.986318588256836
vertex -4.487437725067139 -45.406158447265625 -11.699999809265137
endloop
endfacet
facet normal 0.83147038205406 0.5555690810033217 0
outer loop
vertex -4.340991020202637 -45.75971221923828 -11.699999809265137
vertex -4.340991020202637 -45.75971221923828 -24.01201057434082
vertex -4.449377536773682 -45.59749984741211 -11.699999809265137
endloop
endfacet
facet normal 0.1950854717058468 0.9807862451774634 0
outer loop
vertex -3.9874374866485596 -45.906158447265625 -24.03520393371582
vertex -4.178779125213623 -45.868099212646484 -24.029176712036133
vertex -4.178779125213623 -45.868099212646484 -11.699999809265137
endloop
endfacet
facet normal -1 0 0
outer loop
vertex 15.51256275177002 -31.406160354614258 -11.699999809265137
vertex 15.51256275177002 -31.406160354614258 -21.738630294799805
vertex 15.51256275177002 -45.406158447265625 -11.699999809265137
endloop
endfacet
facet normal 0.83147038205406 0.5555690810033217 0
outer loop
vertex -4.340991020202637 -45.75971221923828 -24.01201057434082
vertex -4.449377536773682 -45.59749984741211 -23.986318588256836
vertex -4.449377536773682 -45.59749984741211 -11.699999809265137
endloop
endfacet
facet normal 0.9807852633251953 0.19509040787318935 0
outer loop
vertex -4.449377536773682 -45.59749984741211 -23.986318588256836
vertex -4.487437725067139 -45.406158447265625 -23.956012725830078
vertex -4.487437725067139 -45.406158447265625 -11.699999809265137
endloop
endfacet
facet normal 0.5555718998295418 0.8314684985733336 0
outer loop
vertex -4.178779125213623 -45.868099212646484 -24.029176712036133
vertex -4.340991020202637 -45.75971221923828 -24.01201057434082
vertex -4.340991020202637 -45.75971221923828 -11.699999809265137
endloop
endfacet
facet normal 0 0 -1
outer loop
vertex -4.340991020202637 -45.75971221923828 -11.699999809265137
vertex -4.449377536773682 -45.59749984741211 -11.699999809265137
vertex -4.340991020202637 -31.0526065826416 -11.699999809265137
endloop
endfacet
facet normal 0 0 -1
outer loop
vertex -4.449377536773682 -45.59749984741211 -11.699999809265137
vertex -4.487437725067139 -45.406158447265625 -11.699999809265137
vertex -4.449377536773682 -31.214818954467773 -11.699999809265137
endloop
endfacet
facet normal 0 0 -1
outer loop
vertex -4.178779125213623 -45.868099212646484 -11.699999809265137
vertex -4.340991020202637 -45.75971221923828 -11.699999809265137
vertex -4.178779125213623 -30.9442195892334 -11.699999809265137
endloop
endfacet
facet normal 0 0 -1
outer loop
vertex -3.9874374866485596 -45.906158447265625 -11.699999809265137
vertex -4.178779125213623 -45.868099212646484 -11.699999809265137
vertex -3.9874374866485596 -30.906160354614258 -11.699999809265137
endloop
endfacet
facet normal 0 0 -1
outer loop
vertex -1.2374376058578491 -41.656158447265625 -11.699999809265137
vertex -3.9874374866485596 -45.906158447265625 -11.699999809265137
vertex -1.2374376058578491 -35.156158447265625 -11.699999809265137
endloop
endfacet
facet normal -0.19508570553829577 0.9807861986664705 0
outer loop
vertex 15.203904151916504 -45.868099212646484 -11.699999809265137
vertex 15.203904151916504 -45.868099212646484 -24.029176712036133
vertex 15.01256275177002 -45.906158447265625 -11.699999809265137
endloop
endfacet
facet normal 0 0 -1
outer loop
vertex 15.51256275177002 -31.406160354614258 -11.699999809265137
vertex 15.474502563476562 -45.59749984741211 -11.699999809265137
vertex 15.474502563476562 -31.214818954467773 -11.699999809265137
endloop
endfacet
facet normal 0 0 -1
outer loop
vertex 15.36611557006836 -31.0526065826416 -11.699999809265137
vertex 15.474502563476562 -31.214818954467773 -11.699999809265137
vertex 15.36611557006836 -45.75971221923828 -11.699999809265137
endloop
endfacet
facet normal 0 0 -1
outer loop
vertex 15.36611557006836 -31.0526065826416 -11.699999809265137
vertex 15.203904151916504 -45.868099212646484 -11.699999809265137
vertex 15.203904151916504 -30.9442195892334 -11.699999809265137
endloop
endfacet
facet normal 0 0 -1
outer loop
vertex 15.203904151916504 -30.9442195892334 -11.699999809265137
vertex 15.01256275177002 -45.906158447265625 -11.699999809265137
vertex 15.01256275177002 -30.906160354614258 -11.699999809265137
endloop
endfacet
facet normal 0 0 -1
outer loop
vertex 1.2625623941421509 -35.156158447265625 -11.699999809265137
vertex -1.2374376058578491 -35.156158447265625 -11.699999809265137
vertex 15.01256275177002 -30.906160354614258 -11.699999809265137
endloop
endfacet
facet normal 0 0 -1
outer loop
vertex 15.01256275177002 -30.906160354614258 -11.699999809265137
vertex 1.2625623941421509 -41.656158447265625 -11.699999809265137
vertex 1.2625623941421509 -35.156158447265625 -11.699999809265137
endloop
endfacet
facet normal 0 -1 0
outer loop
vertex -3.9874374866485596 -30.906160354614258 -11.699999809265137
vertex -3.9874374866485596 -30.906160354614258 -21.65943717956543
vertex 15.01256275177002 -30.906160354614258 -11.699999809265137
endloop
endfacet
facet normal -0.5555730288971555 0.8314677441500905 0
outer loop
vertex 15.36611557006836 -45.75971221923828 -11.699999809265137
vertex 15.36611557006836 -45.75971221923828 -24.01201057434082
vertex 15.203904151916504 -45.868099212646484 -11.699999809265137
endloop
endfacet
facet normal -0.831469252991977 0.5555707707654927 0
outer loop
vertex 15.474502563476562 -45.59749984741211 -11.699999809265137
vertex 15.474502563476562 -45.59749984741211 -23.986318588256836
vertex 15.36611557006836 -45.75971221923828 -11.699999809265137
endloop
endfacet
facet normal -0.9807852633251953 0.19509040787318935 0
outer loop
vertex 15.51256275177002 -45.406158447265625 -11.699999809265137
vertex 15.51256275177002 -45.406158447265625 -23.956012725830078
vertex 15.474502563476562 -45.59749984741211 -11.699999809265137
endloop
endfacet
facet normal -0.831469252991977 -0.5555707707654927 0
outer loop
vertex 15.36611557006836 -31.0526065826416 -11.699999809265137
vertex 15.36611557006836 -31.0526065826416 -21.682632446289062
vertex 15.474502563476562 -31.214818954467773 -11.699999809265137
endloop
endfacet
facet normal -0.5555730288971557 -0.8314677441500906 0
outer loop
vertex 15.203904151916504 -30.9442195892334 -11.699999809265137
vertex 15.203904151916504 -30.9442195892334 -21.66546630859375
vertex 15.36611557006836 -31.0526065826416 -11.699999809265137
endloop
endfacet
facet normal 0 0 -1
outer loop
vertex -1.2374376058578491 -35.156158447265625 -11.699999809265137
vertex -3.9874374866485596 -30.906160354614258 -11.699999809265137
vertex 15.01256275177002 -30.906160354614258 -11.699999809265137
endloop
endfacet
facet normal -0.19508570553829574 -0.9807861986664705 0
outer loop
vertex 15.01256275177002 -30.906160354614258 -11.699999809265137
vertex 15.01256275177002 -30.906160354614258 -21.65943717956543
vertex 15.203904151916504 -30.9442195892334 -11.699999809265137
endloop
endfacet
facet normal 0 0 -1
outer loop
vertex -3.9874374866485596 -30.906160354614258 -11.699999809265137
vertex -4.178779125213623 -45.868099212646484 -11.699999809265137
vertex -4.178779125213623 -30.9442195892334 -11.699999809265137
endloop
endfacet
facet normal 0 0 1
outer loop
vertex 21.013010025024414 36.756553649902344 -4.099999904632568
vertex 15.666625022888184 36.54383850097656 -4.099999904632568
vertex 21.064077377319336 36.54383850097656 -4.099999904632568
endloop
endfacet
facet normal 0 0 1
outer loop
vertex 7.822442531585693 40.27989959716797 -4.099999904632568
vertex 9.12480354309082 45.39384078979492 -4.099999904632568
vertex 6.559652805328369 39.94153594970703 -4.099999904632568
endloop
endfacet
facet normal 0 0 1
outer loop
vertex -0.08883129805326462 24.49384117126465 -4.099999904632568
vertex 1.7387455701828003 31.59147834777832 -4.099999904632568
vertex 1.7187488079071045 31.820043563842773 -4.099999904632568
endloop
endfacet
facet normal 0 0 1
outer loop
vertex -0.08883129805326462 24.49384117126465 -4.099999904632568
vertex 1.7187488079071045 31.820043563842773 -4.099999904632568
vertex 1.6248037815093994 32.89384078979492 -4.099999904632568
endloop
endfacet
facet normal 0 0 1
outer loop
vertex 15.666625022888184 36.54383850097656 -4.099999904632568
vertex 21.013010025024414 36.756553649902344 -4.099999904632568
vertex 15.619994163513184 36.64384078979492 -4.099999904632568
endloop
endfacet
facet normal 0 0 1
outer loop
vertex 17.963638305664062 41.73267364501953 -4.099999904632568
vertex 13.945711135864258 38.63917541503906 -4.099999904632568
vertex 19.237516403198242 40.24115753173828 -4.099999904632568
endloop
endfacet
facet normal 0 0 1
outer loop
vertex 13.945711135864258 38.63917541503906 -4.099999904632568
vertex 14.870137214660645 37.71474838256836 -4.099999904632568
vertex 19.237516403198242 40.24115753173828 -4.099999904632568
endloop
endfacet
facet normal 0 0 1
outer loop
vertex 19.237516403198242 40.24115753173828 -4.099999904632568
vertex 14.870137214660645 37.71474838256836 -4.099999904632568
vertex 20.26238441467285 38.568721771240234 -4.099999904632568
endloop
endfacet
facet normal 0 0 1
outer loop
vertex -0.08883129805326462 24.49384117126465 -4.099999904632568
vertex -0.08883129805326462 41.29383850097656 -4.099999904632568
vertex -2.6751961708068848 24.99384117126465 -4.099999904632568
endloop
endfacet
facet normal 0 0 1
outer loop
vertex 12.87480354309082 39.38903045654297 -4.099999904632568
vertex 13.945711135864258 38.63917541503906 -4.099999904632568
vertex 17.963638305664062 41.73267364501953 -4.099999904632568
endloop
endfacet
facet normal 0 0 1
outer loop
vertex -14.175196647644043 38.87485122680664 -4.099999904632568
vertex -12.675196647644043 38.113101959228516 -4.099999904632568
vertex -12.675196647644043 40.79383850097656 -4.099999904632568
endloop
endfacet
facet normal 0 0 1
outer loop
vertex -14.175196647644043 41.29383850097656 -4.099999904632568
vertex -12.675196647644043 40.79383850097656 -4.099999904632568
vertex -2.6751961708068848 40.79383850097656 -4.099999904632568
endloop
endfacet
facet normal 0 0 1
outer loop
vertex 3.449922561645508 44.03142166137695 -4.099999904632568
vertex 1.7387455701828003 34.19620132446289 -4.099999904632568
vertex 2.0771090984344482 35.45899200439453 -4.099999904632568
endloop
endfacet
facet normal 0 0 1
outer loop
vertex 1.777488112449646 43.006553649902344 -4.099999904632568
vertex -0.08883129805326462 24.49384117126465 -4.099999904632568
vertex 3.449922561645508 44.03142166137695 -4.099999904632568
endloop
endfacet
facet normal 0 0 1
outer loop
vertex -2.6751961708068848 40.79383850097656 -4.099999904632568
vertex -2.6751961708068848 24.99384117126465 -4.099999904632568
vertex -0.08883129805326462 41.29383850097656 -4.099999904632568
endloop
endfacet
facet normal 0 0 1
outer loop
vertex 0.28596898913383484 41.73267364501953 -4.099999904632568
vertex -0.08883129805326462 24.49384117126465 -4.099999904632568
vertex 1.777488112449646 43.006553649902344 -4.099999904632568
endloop
endfacet
facet normal 0 0 1
outer loop
vertex 10.427165031433105 40.27989959716797 -4.099999904632568
vertex 12.987516403198242 44.782047271728516 -4.099999904632568
vertex 9.12480354309082 40.39384078979492 -4.099999904632568
endloop
endfacet
facet normal 0 0 1
outer loop
vertex 11.08023452758789 45.23994445800781 -4.099999904632568
vertex 9.12480354309082 40.39384078979492 -4.099999904632568
vertex 12.987516403198242 44.782047271728516 -4.099999904632568
endloop
endfacet
facet normal 0 -1 0
outer loop
vertex -1.4111967086791992 41.29383850097656 -4.099999904632568
vertex -2.3841001987457275 41.29383850097656 -0.5
vertex -14.175196647644043 41.29383850097656 -0.5
endloop
endfacet
facet normal 0 0 1
outer loop
vertex 10.427165031433105 40.27989959716797 -4.099999904632568
vertex 11.68995475769043 39.94153594970703 -4.099999904632568
vertex 14.79968547821045 44.03142166137695 -4.099999904632568
endloop
endfacet
facet normal 0 0 1
outer loop
vertex 11.68995475769043 39.94153594970703 -4.099999904632568
vertex 12.87480354309082 39.38903045654297 -4.099999904632568
vertex 16.47212028503418 43.006553649902344 -4.099999904632568
endloop
endfacet
facet normal 0 0 1
outer loop
vertex 14.79968547821045 44.03142166137695 -4.099999904632568
vertex 11.68995475769043 39.94153594970703 -4.099999904632568
vertex 16.47212028503418 43.006553649902344 -4.099999904632568
endloop
endfacet
facet normal 0 0 1
outer loop
vertex -14.175196647644043 38.87485122680664 -4.099999904632568
vertex -12.675196647644043 40.79383850097656 -4.099999904632568
vertex -14.175196647644043 41.29383850097656 -4.099999904632568
endloop
endfacet
facet normal 0 0 1
outer loop
vertex 12.987516403198242 44.782047271728516 -4.099999904632568
vertex 10.427165031433105 40.27989959716797 -4.099999904632568
vertex 14.79968547821045 44.03142166137695 -4.099999904632568
endloop
endfacet
facet normal 0 0 1
outer loop
vertex 16.47212028503418 43.006553649902344 -4.099999904632568
vertex 12.87480354309082 39.38903045654297 -4.099999904632568
vertex 17.963638305664062 41.73267364501953 -4.099999904632568
endloop
endfacet
facet normal 0 0 1
outer loop
vertex -0.08883129805326462 24.49384117126465 -4.099999904632568
vertex 1.7387455701828003 34.19620132446289 -4.099999904632568
vertex 3.449922561645508 44.03142166137695 -4.099999904632568
endloop
endfacet
facet normal 0 0 1
outer loop
vertex -0.08883129805326462 41.29383850097656 -4.099999904632568
vertex -0.08883129805326462 24.49384117126465 -4.099999904632568
vertex 0.28596898913383484 41.73267364501953 -4.099999904632568
endloop
endfacet
facet normal 0 0 1
outer loop
vertex -2.6751961708068848 40.79383850097656 -4.099999904632568
vertex -1.4111967086791992 41.29383850097656 -4.099999904632568
vertex -14.175196647644043 41.29383850097656 -4.099999904632568
endloop
endfacet
facet normal 0 0 1
outer loop
vertex -1.4111967086791992 41.29383850097656 -4.099999904632568
vertex -2.6751961708068848 40.79383850097656 -4.099999904632568
vertex -0.08883129805326462 41.29383850097656 -4.099999904632568
endloop
endfacet
facet normal 0 0 1
outer loop
vertex 1.6248037815093994 32.89384078979492 -4.099999904632568
vertex 1.7387455701828003 34.19620132446289 -4.099999904632568
vertex -0.08883129805326462 24.49384117126465 -4.099999904632568
endloop
endfacet
facet normal 0 0 1
outer loop
vertex 3.449922561645508 44.03142166137695 -4.099999904632568
vertex 2.629613161087036 36.64384078979492 -4.099999904632568
vertex 3.3794703483581543 37.71474838256836 -4.099999904632568
endloop
endfacet
facet normal 0 0 1
outer loop
vertex 3.3794703483581543 37.71474838256836 -4.099999904632568
vertex 4.303896903991699 38.63917541503906 -4.099999904632568
vertex 5.262091159820557 44.782047271728516 -4.099999904632568
endloop
endfacet
facet normal 1 0 0
outer loop
vertex -14.175196647644043 41.29383850097656 -4.099999904632568
vertex -14.175196647644043 38.87485122680664 -0.5
vertex -14.175196647644043 38.87485122680664 -4.099999904632568
endloop
endfacet
facet normal 0 0 1
outer loop
vertex -2.6751961708068848 24.99384117126465 -4.099999904632568
vertex -11.887395858764648 24.99384117126465 -4.099999904632568
vertex -6.675196170806885 24.49384117126465 -4.099999904632568
endloop
endfacet
facet normal 1 0 0
outer loop
vertex -14.175196647644043 38.87485122680664 -0.5
vertex -14.175196647644043 41.29383850097656 -4.099999904632568
vertex -14.175196647644043 41.29383850097656 -0.5
endloop
endfacet
facet normal 0 0 1
outer loop
vertex 3.449922561645508 44.03142166137695 -4.099999904632568
vertex 3.3794703483581543 37.71474838256836 -4.099999904632568
vertex 5.262091159820557 44.782047271728516 -4.099999904632568
endloop
endfacet
facet normal 0 0 1
outer loop
vertex -2.6751961708068848 24.99384117126465 -4.099999904632568
vertex -6.675196170806885 24.49384117126465 -4.099999904632568
vertex -1.4111967086791992 24.49384117126465 -4.099999904632568
endloop
endfacet
facet normal 0 0 1
outer loop
vertex -2.6751961708068848 24.99384117126465 -4.099999904632568
vertex -1.4111967086791992 24.49384117126465 -4.099999904632568
vertex -0.08883129805326462 24.49384117126465 -4.099999904632568
endloop
endfacet
facet normal 0 0 1
outer loop
vertex 14.870137214660645 37.71474838256836 -4.099999904632568
vertex 15.619994163513184 36.64384078979492 -4.099999904632568
vertex 20.26238441467285 38.568721771240234 -4.099999904632568
endloop
endfacet
facet normal 0 0 1
outer loop
vertex 20.26238441467285 38.568721771240234 -4.099999904632568
vertex 15.619994163513184 36.64384078979492 -4.099999904632568
vertex 21.013010025024414 36.756553649902344 -4.099999904632568
endloop
endfacet
facet normal 0 0 1
outer loop
vertex -0.08883129805326462 24.49384117126465 -4.099999904632568
vertex 1.7148550748825073 22.83462142944336 -4.099999904632568
vertex 1.7387455701828003 31.59147834777832 -4.099999904632568
endloop
endfacet
facet normal 0 0 1
outer loop
vertex 5.262091159820557 44.782047271728516 -4.099999904632568
vertex 4.303896903991699 38.63917541503906 -4.099999904632568
vertex 5.37480354309082 39.38903045654297 -4.099999904632568
endloop
endfacet
facet normal -1 0 0
outer loop
vertex -6.675196170806885 24.49384117126465 -0.5
vertex -6.675196170806885 24.49384117126465 -4.099999904632568
vertex -6.675196170806885 17.543840408325195 -4.099999904632568
endloop
endfacet
facet normal -1 0 0
outer loop
vertex -6.675196170806885 17.543840408325195 -4.099999904632568
vertex -6.675196170806885 17.543840408325195 -0.5
vertex -6.675196170806885 24.49384117126465 -0.5
endloop
endfacet
facet normal 0 1 0
outer loop
vertex -6.675196170806885 24.49384117126465 -0.5
vertex -1.4111967086791992 24.49384117126465 -4.099999904632568
vertex -6.675196170806885 24.49384117126465 -4.099999904632568
endloop
endfacet
facet normal 0 1 0
outer loop
vertex -1.4111967086791992 24.49384117126465 -4.099999904632568
vertex -6.675196170806885 24.49384117126465 -0.5
vertex -2.3841001987457275 24.49384117126465 -0.5
endloop
endfacet
facet normal 0 0 1
outer loop
vertex -6.675196170806885 24.49384117126465 -4.099999904632568
vertex -11.887395858764648 17.543840408325195 -4.099999904632568
vertex -6.675196170806885 17.543840408325195 -4.099999904632568
endloop
endfacet
facet normal 0 0 1
outer loop
vertex 5.37480354309082 39.38903045654297 -4.099999904632568
vertex 6.559652805328369 39.94153594970703 -4.099999904632568
vertex 7.169373035430908 45.23994445800781 -4.099999904632568
endloop
endfacet
facet normal 0 0 1
outer loop
vertex 5.262091159820557 44.782047271728516 -4.099999904632568
vertex 5.37480354309082 39.38903045654297 -4.099999904632568
vertex 7.169373035430908 45.23994445800781 -4.099999904632568
endloop
endfacet
facet normal 0 0 1
outer loop
vertex -11.887395858764648 24.99384117126465 -4.099999904632568
vertex -11.887395858764648 17.543840408325195 -4.099999904632568
vertex -6.675196170806885 24.49384117126465 -4.099999904632568
endloop
endfacet
facet normal 0 0 1
outer loop
vertex 9.12480354309082 45.39384078979492 -4.099999904632568
vertex 7.822442531585693 40.27989959716797 -4.099999904632568
vertex 11.08023452758789 45.23994445800781 -4.099999904632568
endloop
endfacet
facet normal 0 -1 0
outer loop
vertex -14.175196647644043 41.29383850097656 -4.099999904632568
vertex -1.4111967086791992 41.29383850097656 -4.099999904632568
vertex -14.175196647644043 41.29383850097656 -0.5
endloop
endfacet
facet normal 0 0 1
outer loop
vertex 7.169373035430908 45.23994445800781 -4.099999904632568
vertex 6.559652805328369 39.94153594970703 -4.099999904632568
vertex 9.12480354309082 45.39384078979492 -4.099999904632568
endloop
endfacet
facet normal 0 0 1
outer loop
vertex 9.12480354309082 40.39384078979492 -4.099999904632568
vertex 11.08023452758789 45.23994445800781 -4.099999904632568
vertex 7.822442531585693 40.27989959716797 -4.099999904632568
endloop
endfacet
facet normal 0 0 1
outer loop
vertex 3.449922561645508 44.03142166137695 -4.099999904632568
vertex 2.0771090984344482 35.45899200439453 -4.099999904632568
vertex 2.629613161087036 36.64384078979492 -4.099999904632568
endloop
endfacet
facet normal 0 1 0
outer loop
vertex -12.675196647644043 24.99384117126465 -4.900000095367432
vertex -12.675196647644043 24.99384117126465 -4.099999904632568
vertex -11.887395858764648 24.99384117126465 -4.099999904632568
endloop
endfacet
facet normal 1 0 0
outer loop
vertex -12.675196647644043 24.99384117126465 -4.099999904632568
vertex -12.675196647644043 24.99384117126465 -4.900000095367432
vertex -12.675196647644043 38.113101959228516 -4.099999904632568
endloop
endfacet
facet normal -1 0 0
outer loop
vertex -2.6751961708068848 24.99384117126465 -4.099999904632568
vertex -2.6751961708068848 40.79383850097656 -4.900000095367432
vertex -2.6751961708068848 24.99384117126465 -4.900000095367432
endloop
endfacet
facet normal 0 1 0
outer loop
vertex -2.6751961708068848 24.99384117126465 -4.900000095367432
vertex -11.887395858764648 24.99384117126465 -4.099999904632568
vertex -2.6751961708068848 24.99384117126465 -4.099999904632568
endloop
endfacet
facet normal 0 0 1
outer loop
vertex -2.6751961708068848 24.99384117126465 -4.900000095367432
vertex -12.675196647644043 40.79383850097656 -4.900000095367432
vertex -12.675196647644043 24.99384117126465 -4.900000095367432
endloop
endfacet
facet normal 1 0 0
outer loop
vertex -12.675196647644043 38.113101959228516 -4.099999904632568
vertex -12.675196647644043 24.99384117126465 -4.900000095367432
vertex -12.675196647644043 40.79383850097656 -4.099999904632568
endloop
endfacet
facet normal 1 0 0
outer loop
vertex -12.675196647644043 40.79383850097656 -4.099999904632568
vertex -12.675196647644043 24.99384117126465 -4.900000095367432
vertex -12.675196647644043 40.79383850097656 -4.900000095367432
endloop
endfacet
facet normal 0 -1 0
outer loop
vertex -2.6751961708068848 40.79383850097656 -4.099999904632568
vertex -12.675196647644043 40.79383850097656 -4.900000095367432
vertex -2.6751961708068848 40.79383850097656 -4.900000095367432
endloop
endfacet
facet normal 0 -1 0
outer loop
vertex -12.675196647644043 40.79383850097656 -4.099999904632568
vertex -12.675196647644043 40.79383850097656 -4.900000095367432
vertex -2.6751961708068848 40.79383850097656 -4.099999904632568
endloop
endfacet
facet normal 0 1 0
outer loop
vertex -11.887395858764648 24.99384117126465 -4.099999904632568
vertex -2.6751961708068848 24.99384117126465 -4.900000095367432
vertex -12.675196647644043 24.99384117126465 -4.900000095367432
endloop
endfacet
facet normal -1 0 0
outer loop
vertex -2.6751961708068848 40.79383850097656 -4.900000095367432
vertex -2.6751961708068848 24.99384117126465 -4.099999904632568
vertex -2.6751961708068848 40.79383850097656 -4.099999904632568
endloop
endfacet
facet normal 0 0 1
outer loop
vertex -12.675196647644043 40.79383850097656 -4.900000095367432
vertex -2.6751961708068848 24.99384117126465 -4.900000095367432
vertex -2.6751961708068848 40.79383850097656 -4.900000095367432
endloop
endfacet
facet normal -0.8191522672318324 -0.573576117955541 0
outer loop
vertex 15.619994163513184 36.64384078979492 -10.960569381713867
vertex 15.619994163513184 36.64384078979492 -4.099999904632568
vertex 14.870137214660645 37.71474838256836 -10.790953636169434
endloop
endfacet
facet normal -0.4226179623121451 0.9063079266624177 0
outer loop
vertex 12.87480354309082 26.398649215698242 -12.583248138427734
vertex 11.68995475769043 25.846145629882812 -12.670756340026855
vertex 11.68995475769043 25.846145629882812 -4.099999904632568
endloop
endfacet
facet normal -0.08715523155521006 -0.9961947428151573 0
outer loop
vertex 9.12480354309082 40.39384078979492 -4.099999904632568
vertex 9.12480354309082 40.39384078979492 -10.36662769317627
vertex 10.427165031433105 40.27989959716797 -4.099999904632568
endloop
endfacet
facet normal 0.08715526322321143 -0.9961947400445821 0
outer loop
vertex 7.822442531585693 40.27989959716797 -4.099999904632568
vertex 7.822442531585693 40.27989959716797 -10.384674072265625
vertex 9.12480354309082 40.39384078979492 -4.099999904632568
endloop
endfacet
facet normal 0.25881915936181094 -0.9659257956733767 0
outer loop
vertex 6.559652805328369 39.94153594970703 -4.099999904632568
vertex 6.559652805328369 39.94153594970703 -10.438265800476074
vertex 7.822442531585693 40.27989959716797 -4.099999904632568
endloop
endfacet
facet normal -0.9063076472557013 -0.42261856150178184 0
outer loop
vertex 15.619994163513184 36.64384078979492 -10.960569381713867
vertex 16.17249870300293 35.45899200439453 -11.14823055267334
vertex 16.17249870300293 35.45899200439453 -4.099999904632568
endloop
endfacet
facet normal -0.9659258445391973 -0.2588189769921029 0
outer loop
vertex 16.17249870300293 35.45899200439453 -11.14823055267334
vertex 16.510862350463867 34.19620132446289 -11.348237037658691
vertex 16.510862350463867 34.19620132446289 -4.099999904632568
endloop
endfacet
facet normal -0.996194737274004 -0.08715529489123573 0
outer loop
vertex 16.510862350463867 34.19620132446289 -11.348237037658691
vertex 16.62480354309082 32.89384078979492 -11.554511070251465
vertex 16.62480354309082 32.89384078979492 -4.099999904632568
endloop
endfacet
facet normal -0.5735751389784193 -0.819152952717554 0
outer loop
vertex 13.945711135864258 38.63917541503906 -10.644538879394531
vertex 13.945711135864258 38.63917541503906 -4.099999904632568
vertex 12.87480354309082 39.38903045654297 -10.525774002075195
endloop
endfacet
facet normal 0.4226190209873794 -0.9063074329937215 0
outer loop
vertex 5.37480354309082 39.38903045654297 -4.099999904632568
vertex 5.37480354309082 39.38903045654297 -10.525774002075195
vertex 6.559652805328369 39.94153594970703 -4.099999904632568
endloop
endfacet
facet normal 0.5735754817214288 -0.819152712727017 0
outer loop
vertex 4.303896903991699 38.63917541503906 -4.099999904632568
vertex 4.303896903991699 38.63917541503906 -10.644538879394531
vertex 5.37480354309082 39.38903045654297 -4.099999904632568
endloop
endfacet
facet normal 0.7071069635561774 -0.7071065988168705 0
outer loop
vertex 3.3794703483581543 37.71474838256836 -4.099999904632568
vertex 3.3794703483581543 37.71474838256836 -10.790953636169434
vertex 4.303896903991699 38.63917541503906 -4.099999904632568
endloop
endfacet
facet normal 0.8191521815461157 -0.5735762403275083 0
outer loop
vertex 2.629613161087036 36.64384078979492 -4.099999904632568
vertex 2.629613161087036 36.64384078979492 -10.960569381713867
vertex 3.3794703483581543 37.71474838256836 -4.099999904632568
endloop
endfacet
facet normal 0.7071069635561774 0.7071065988168705 0
outer loop
vertex 4.303896903991699 27.14850616455078 -12.464482307434082
vertex 3.3794703483581543 28.072933197021484 -12.31806755065918
vertex 3.3794703483581543 28.072933197021484 -4.099999904632568
endloop
endfacet
facet normal 0.9063077869590875 -0.4226182619070328 0
outer loop
vertex 2.0771090984344482 35.45899200439453 -4.099999904632568
vertex 2.0771090984344482 35.45899200439453 -11.14823055267334
vertex 2.629613161087036 36.64384078979492 -4.099999904632568
endloop
endfacet
facet normal 0.42261782260888403 0.9063079918070488 0
outer loop
vertex 6.559652805328369 25.846145629882812 -12.670756340026855
vertex 5.37480354309082 26.398649215698242 -12.583248138427734
vertex 5.37480354309082 26.398649215698242 -4.099999904632568
endloop
endfacet
facet normal 0.2588191593618109 0.9659257956733766 0
outer loop
vertex 7.822442531585693 25.507781982421875 -12.724347114562988
vertex 6.559652805328369 25.846145629882812 -12.670756340026855
vertex 6.559652805328369 25.846145629882812 -4.099999904632568
endloop
endfacet
facet normal 0.08715526322321143 0.9961947400445822 0
outer loop
vertex 9.12480354309082 25.393840789794922 -12.74239444732666
vertex 7.822442531585693 25.507781982421875 -12.724347114562988
vertex 9.12480354309082 25.393840789794922 -4.099999904632568
endloop
endfacet
facet normal -0.7071071459258543 -0.7071064164470525 0
outer loop
vertex 13.945711135864258 38.63917541503906 -10.644538879394531
vertex 14.870137214660645 37.71474838256836 -10.790953636169434
vertex 14.870137214660645 37.71474838256836 -4.099999904632568
endloop
endfacet
facet normal -0.9659257468074526 0.25881934173176663 0
outer loop
vertex 16.510862350463867 31.59147834777832 -11.760784149169922
vertex 16.17249870300293 30.328689575195312 -4.099999904632568
vertex 16.510862350463867 31.59147834777832 -4.099999904632568
endloop
endfacet
facet normal -0.4226191606908643 -0.906307367848761 0
outer loop
vertex 12.87480354309082 39.38903045654297 -10.525774002075195
vertex 12.87480354309082 39.38903045654297 -4.099999904632568
vertex 11.68995475769043 39.94153594970703 -10.438265800476074
endloop
endfacet
facet normal 0.9961947087712676 0.08715562068007562 0
outer loop
vertex 1.7387455701828003 31.59147834777832 -11.760784149169922
vertex 1.6248037815093994 32.89384078979492 -11.554511070251465
vertex 1.6248037815093994 32.89384078979492 -4.099999904632568
endloop
endfacet
facet normal -0.25881915936181094 -0.9659257956733767 0
outer loop
vertex 10.427165031433105 40.27989959716797 -10.384674072265625
vertex 11.68995475769043 39.94153594970703 -10.438265800476074
vertex 11.68995475769043 39.94153594970703 -4.099999904632568
endloop
endfacet
facet normal -0.08715523155521006 -0.9961947428151574 0
outer loop
vertex 9.12480354309082 40.39384078979492 -10.36662769317627
vertex 10.427165031433105 40.27989959716797 -10.384674072265625
vertex 10.427165031433105 40.27989959716797 -4.099999904632568
endloop
endfacet
facet normal -0.996194748356299 0.08715516821927612 0
outer loop
vertex 16.62480354309082 32.89384078979492 -11.554511070251465
vertex 16.510862350463867 31.59147834777832 -11.760784149169922
vertex 16.510862350463867 31.59147834777832 -4.099999904632568
endloop
endfacet
facet normal -0.9063076472557012 0.42261856150178184 0
outer loop
vertex 16.17249870300293 30.328689575195312 -4.099999904632568
vertex 16.17249870300293 30.328689575195312 -11.960790634155273
vertex 15.619994163513184 29.143840789794922 -4.099999904632568
endloop
endfacet
facet normal -0.2588191593618109 -0.9659257956733766 0
outer loop
vertex 10.427165031433105 40.27989959716797 -4.099999904632568
vertex 10.427165031433105 40.27989959716797 -10.384674072265625
vertex 11.68995475769043 39.94153594970703 -4.099999904632568
endloop
endfacet
facet normal -0.5735751389784192 -0.8191529527175538 0
outer loop
vertex 12.87480354309082 39.38903045654297 -4.099999904632568
vertex 12.87480354309082 39.38903045654297 -10.525774002075195
vertex 13.945711135864258 38.63917541503906 -4.099999904632568
endloop
endfacet
facet normal 0.9659257696037092 0.2588192566550677 0
outer loop
vertex 2.0771090984344482 30.328689575195312 -11.960790634155273
vertex 1.7387455701828003 31.59147834777832 -11.760784149169922
vertex 1.7387455701828003 31.59147834777832 -4.099999904632568
endloop
endfacet
facet normal -0.8191522672318323 0.5735761179555409 0
outer loop
vertex 15.619994163513184 29.143840789794922 -4.099999904632568
vertex 15.619994163513184 29.143840789794922 -12.148452758789062
vertex 14.870137214660645 28.072933197021484 -4.099999904632568
endloop
endfacet
facet normal 0.9063077869590874 0.4226182619070327 0
outer loop
vertex 2.629613161087036 29.143840789794922 -12.148452758789062
vertex 2.0771090984344482 30.328689575195312 -11.960790634155273
vertex 2.0771090984344482 30.328689575195312 -4.099999904632568
endloop
endfacet
facet normal 0.5735764606985619 0.8191520272406771 0
outer loop
vertex 5.37480354309082 26.398649215698242 -12.583248138427734
vertex 4.303896903991699 27.14850616455078 -12.464482307434082
vertex 4.303896903991699 27.14850616455078 -4.099999904632568
endloop
endfacet
facet normal -0.4226191606908643 -0.906307367848761 0
outer loop
vertex 11.68995475769043 39.94153594970703 -4.099999904632568
vertex 11.68995475769043 39.94153594970703 -10.438265800476074
vertex 12.87480354309082 39.38903045654297 -4.099999904632568
endloop
endfacet
facet normal -0.7071071459258543 -0.7071064164470525 0
outer loop
vertex 13.945711135864258 38.63917541503906 -4.099999904632568
vertex 13.945711135864258 38.63917541503906 -10.644538879394531
vertex 14.870137214660645 37.71474838256836 -4.099999904632568
endloop
endfacet
facet normal -0.9961947483562988 0.08715516821927612 0
outer loop
vertex 16.62480354309082 32.89384078979492 -11.554511070251465
vertex 16.510862350463867 31.59147834777832 -4.099999904632568
vertex 16.62480354309082 32.89384078979492 -4.099999904632568
endloop
endfacet
facet normal -0.9961947372740039 -0.08715529489123572 0
outer loop
vertex 16.510862350463867 34.19620132446289 -4.099999904632568
vertex 16.510862350463867 34.19620132446289 -11.348237037658691
vertex 16.62480354309082 32.89384078979492 -4.099999904632568
endloop
endfacet
facet normal -0.9659258445391973 -0.2588189769921029 0
outer loop
vertex 16.17249870300293 35.45899200439453 -4.099999904632568
vertex 16.17249870300293 35.45899200439453 -11.14823055267334
vertex 16.510862350463867 34.19620132446289 -4.099999904632568
endloop
endfacet
facet normal -0.9063111671244771 -0.42261101304328086 0
outer loop
vertex 15.619994163513184 36.64384078979492 -4.099999904632568
vertex 15.619994163513184 36.64384078979492 -10.960569381713867
vertex 15.666625022888184 36.54383850097656 -4.099999904632568
endloop
endfacet
facet normal -0.7071071459258544 0.7071064164470526 0
outer loop
vertex 14.870137214660645 28.072933197021484 -4.099999904632568
vertex 14.870137214660645 28.072933197021484 -12.31806755065918
vertex 13.945711135864258 27.14850616455078 -4.099999904632568
endloop
endfacet
facet normal -0.573576117955541 0.8191522672318324 0
outer loop
vertex 13.945711135864258 27.14850616455078 -4.099999904632568
vertex 13.945711135864258 27.14850616455078 -12.464482307434082
vertex 12.87480354309082 26.398649215698242 -4.099999904632568
endloop
endfacet
facet normal -0.08715523155521007 0.9961947428151574 0
outer loop
vertex 10.427165031433105 25.507781982421875 -12.724347114562988
vertex 9.12480354309082 25.393840789794922 -12.74239444732666
vertex 10.427165031433105 25.507781982421875 -4.099999904632568
endloop
endfacet
facet normal -0.4226179623121451 0.9063079266624177 0
outer loop
vertex 12.87480354309082 26.398649215698242 -4.099999904632568
vertex 12.87480354309082 26.398649215698242 -12.583248138427734
vertex 11.68995475769043 25.846145629882812 -4.099999904632568
endloop
endfacet
facet normal -0.7071071459258544 0.7071064164470526 0
outer loop
vertex 14.870137214660645 28.072933197021484 -12.31806755065918
vertex 13.945711135864258 27.14850616455078 -12.464482307434082
vertex 13.945711135864258 27.14850616455078 -4.099999904632568
endloop
endfacet
facet normal -0.2588191593618109 0.9659257956733766 0
outer loop
vertex 11.68995475769043 25.846145629882812 -4.099999904632568
vertex 10.427165031433105 25.507781982421875 -12.724347114562988
vertex 10.427165031433105 25.507781982421875 -4.099999904632568
endloop
endfacet
facet normal 0.08715526322321145 -0.9961947400445823 0
outer loop
vertex 7.822442531585693 40.27989959716797 -10.384674072265625
vertex 9.12480354309082 40.39384078979492 -10.36662769317627
vertex 9.12480354309082 40.39384078979492 -4.099999904632568
endloop
endfacet
facet normal 0.2588191593618109 -0.9659257956733766 0
outer loop
vertex 6.559652805328369 39.94153594970703 -10.438265800476074
vertex 7.822442531585693 40.27989959716797 -10.384674072265625
vertex 7.822442531585693 40.27989959716797 -4.099999904632568
endloop
endfacet
facet normal 0.4226190209873794 -0.9063074329937215 0
outer loop
vertex 5.37480354309082 39.38903045654297 -10.525774002075195
vertex 6.559652805328369 39.94153594970703 -10.438265800476074
vertex 6.559652805328369 39.94153594970703 -4.099999904632568
endloop
endfacet
facet normal 0.5735754817214288 -0.819152712727017 0
outer loop
vertex 4.303896903991699 38.63917541503906 -10.644538879394531
vertex 5.37480354309082 39.38903045654297 -10.525774002075195
vertex 5.37480354309082 39.38903045654297 -4.099999904632568
endloop
endfacet
facet normal -0.8191522672318324 0.5735761179555409 0
outer loop
vertex 15.619994163513184 29.143840789794922 -12.148452758789062
vertex 14.870137214660645 28.072933197021484 -12.31806755065918
vertex 14.870137214660645 28.072933197021484 -4.099999904632568
endloop
endfacet
facet normal -0.9063076472557012 0.4226185615017818 0
outer loop
vertex 16.17249870300293 30.328689575195312 -11.960790634155273
vertex 15.619994163513184 29.143840789794922 -12.148452758789062
vertex 15.619994163513184 29.143840789794922 -4.099999904632568
endloop
endfacet
facet normal -0.9659257468074526 0.25881934173176663 0
outer loop
vertex 16.510862350463867 31.59147834777832 -11.760784149169922
vertex 16.17249870300293 30.328689575195312 -11.960790634155273
vertex 16.17249870300293 30.328689575195312 -4.099999904632568
endloop
endfacet
facet normal 0.9659257696037092 0.2588192566550677 0
outer loop
vertex 2.0771090984344482 30.328689575195312 -4.099999904632568
vertex 2.0771090984344482 30.328689575195312 -11.960790634155273
vertex 1.7387455701828003 31.59147834777832 -4.099999904632568
endloop
endfacet
facet normal 0.996194737071312 0.08715529720802695 0
outer loop
vertex 1.7387455701828003 31.59147834777832 -4.099999904632568
vertex 1.7387455701828003 31.59147834777832 -11.760784149169922
vertex 1.7187488079071045 31.820043563842773 -4.099999904632568
endloop
endfacet
facet normal 0.8191521815461157 0.5735762403275084 0
outer loop
vertex 3.3794703483581543 28.072933197021484 -4.099999904632568
vertex 3.3794703483581543 28.072933197021484 -12.31806755065918
vertex 2.629613161087036 29.143840789794922 -4.099999904632568
endloop
endfacet
facet normal 0.9063077869590875 0.4226182619070328 0
outer loop
vertex 2.629613161087036 29.143840789794922 -4.099999904632568
vertex 2.629613161087036 29.143840789794922 -12.148452758789062
vertex 2.0771090984344482 30.328689575195312 -4.099999904632568
endloop
endfacet
facet normal 0.7071069635561774 0.7071065988168705 0
outer loop
vertex 4.303896903991699 27.14850616455078 -4.099999904632568
vertex 4.303896903991699 27.14850616455078 -12.464482307434082
vertex 3.3794703483581543 28.072933197021484 -4.099999904632568
endloop
endfacet
facet normal 0.5735764606985619 0.8191520272406771 0
outer loop
vertex 5.37480354309082 26.398649215698242 -4.099999904632568
vertex 5.37480354309082 26.398649215698242 -12.583248138427734
vertex 4.303896903991699 27.14850616455078 -4.099999904632568
endloop
endfacet
facet normal 0.7071069635561774 -0.7071065988168705 0
outer loop
vertex 3.3794703483581543 37.71474838256836 -10.790953636169434
vertex 4.303896903991699 38.63917541503906 -10.644538879394531
vertex 4.303896903991699 38.63917541503906 -4.099999904632568
endloop
endfacet
facet normal 0.8191521815461157 -0.5735762403275084 0
outer loop
vertex 3.3794703483581543 37.71474838256836 -10.790953636169434
vertex 3.3794703483581543 37.71474838256836 -4.099999904632568
vertex 2.629613161087036 36.64384078979492 -10.960569381713867
endloop
endfacet
facet normal 0.9063077869590873 -0.4226182619070327 0
outer loop
vertex 2.629613161087036 36.64384078979492 -10.960569381713867
vertex 2.629613161087036 36.64384078979492 -4.099999904632568
vertex 2.0771090984344482 35.45899200439453 -11.14823055267334
endloop
endfacet
facet normal 0.965925867335392 -0.25881889191550667 0
outer loop
vertex 1.7387455701828003 34.19620132446289 -11.348237037658691
vertex 2.0771090984344482 35.45899200439453 -11.14823055267334
vertex 2.0771090984344482 35.45899200439453 -4.099999904632568
endloop
endfacet
facet normal -0.8191522672318324 -0.573576117955541 0
outer loop
vertex 14.870137214660645 37.71474838256836 -4.099999904632568
vertex 14.870137214660645 37.71474838256836 -10.790953636169434
vertex 15.619994163513184 36.64384078979492 -4.099999904632568
endloop
endfacet
facet normal -0.9063073227887045 -0.42261925732217825 -1.4630147592705706e-7
outer loop
vertex 15.666625022888184 36.54383850097656 -4.099999904632568
vertex 15.619994163513184 36.64384078979492 -10.960569381713867
vertex 16.17249870300293 35.45899200439453 -4.099999904632568
endloop
endfacet
facet normal 0.4226178226088841 0.9063079918070489 0
outer loop
vertex 6.559652805328369 25.846145629882812 -4.099999904632568
vertex 6.559652805328369 25.846145629882812 -12.670756340026855
vertex 5.37480354309082 26.398649215698242 -4.099999904632568
endloop
endfacet
facet normal 0.9659258673353921 -0.2588188919155067 0
outer loop
vertex 1.7387455701828003 34.19620132446289 -4.099999904632568
vertex 1.7387455701828003 34.19620132446289 -11.348237037658691
vertex 2.0771090984344482 35.45899200439453 -4.099999904632568
endloop
endfacet
facet normal 0.996194697688858 -0.08715574735268278 0
outer loop
vertex 1.6248037815093994 32.89384078979492 -11.554511070251465
vertex 1.7387455701828003 34.19620132446289 -11.348237037658691
vertex 1.7387455701828003 34.19620132446289 -4.099999904632568
endloop
endfacet
facet normal 0.996194697688858 -0.08715574735268278 0
outer loop
vertex 1.7387455701828003 34.19620132446289 -4.099999904632568
vertex 1.6248037815093994 32.89384078979492 -4.099999904632568
vertex 1.6248037815093994 32.89384078979492 -11.554511070251465
endloop
endfacet
facet normal 0.9961947027473927 0.08715568953334986 -1.179491375378288e-8
outer loop
vertex 1.7187488079071045 31.820043563842773 -4.099999904632568
vertex 1.7387455701828003 31.59147834777832 -11.760784149169922
vertex 1.6248037815093994 32.89384078979492 -4.099999904632568
endloop
endfacet
facet normal 0.2588191593618109 0.9659257956733766 0
outer loop
vertex 7.822442531585693 25.507781982421875 -12.724347114562988
vertex 6.559652805328369 25.846145629882812 -4.099999904632568
vertex 7.822442531585693 25.507781982421875 -4.099999904632568
endloop
endfacet
facet normal 0.08715526322321143 0.9961947400445822 0
outer loop
vertex 9.12480354309082 25.393840789794922 -4.099999904632568
vertex 7.822442531585693 25.507781982421875 -12.724347114562988
vertex 7.822442531585693 25.507781982421875 -4.099999904632568
endloop
endfacet
facet normal -0.08715523155521007 0.9961947428151574 0
outer loop
vertex 9.12480354309082 25.393840789794922 -12.74239444732666
vertex 9.12480354309082 25.393840789794922 -4.099999904632568
vertex 10.427165031433105 25.507781982421875 -4.099999904632568
endloop
endfacet
facet normal -0.2588191593618109 0.9659257956733766 0
outer loop
vertex 11.68995475769043 25.846145629882812 -12.670756340026855
vertex 10.427165031433105 25.507781982421875 -12.724347114562988
vertex 11.68995475769043 25.846145629882812 -4.099999904632568
endloop
endfacet
facet normal -0.5735761179555409 0.8191522672318324 0
outer loop
vertex 13.945711135864258 27.14850616455078 -12.464482307434082
vertex 12.87480354309082 26.398649215698242 -12.583248138427734
vertex 12.87480354309082 26.398649215698242 -4.099999904632568
endloop
endfacet
facet normal 0.8191521815461157 0.5735762403275083 0
outer loop
vertex 3.3794703483581543 28.072933197021484 -12.31806755065918
vertex 2.629613161087036 29.143840789794922 -12.148452758789062
vertex 2.629613161087036 29.143840789794922 -4.099999904632568
endloop
endfacet
facet normal 0 0 1
outer loop
vertex 6.780553340911865 46.188743591308594 -4.099999904632568
vertex 5.262091159820557 44.782047271728516 -4.099999904632568
vertex 7.169373035430908 45.23994445800781 -4.099999904632568
endloop
endfacet
facet normal -0.41262808084770775 -0.8848841196892949 0.21614384473687775
outer loop
vertex 16.274803161621094 45.27800369262695 -0.5
vertex 13.74207592010498 45.579689025878906 -4.099999904632568
vertex 15.87480354309082 44.585182189941406 -4.099999904632568
endloop
endfacet
facet normal -0.6903910963830782 -0.6903925905840932 0.21614394486442567
outer loop
vertex 19.46640396118164 41.57147216796875 -4.099999904632568
vertex 20.079238891601562 42.0857048034668 -0.5
vertex 18.316665649414062 43.84827423095703 -0.5
endloop
endfacet
facet normal 0 0 1
outer loop
vertex 9.12480354309082 46.39384078979492 -4.099999904632568
vertex 7.169373035430908 45.23994445800781 -4.099999904632568
vertex 9.12480354309082 45.39384078979492 -4.099999904632568
endloop
endfacet
facet normal -0.412627947417669 -0.8848842066176588 0.21614374357940108
outer loop
vertex 14.015691757202148 46.331443786621094 -0.5
vertex 13.74207592010498 45.579689025878906 -4.099999904632568
vertex 16.274803161621094 45.27800369262695 -0.5
endloop
endfacet
facet normal -0.6903919495974387 -0.6903919495974387 0.21614326698302558
outer loop
vertex 18.316665649414062 43.84827423095703 -0.5
vertex 17.80243682861328 43.23543930053711 -4.099999904632568
vertex 19.46640396118164 41.57147216796875 -4.099999904632568
endloop
endfacet
facet normal -0.5600185499553173 -0.7997882818238852 0.21614330422925765
outer loop
vertex 17.80243682861328 43.23543930053711 -4.099999904632568
vertex 18.316665649414062 43.84827423095703 -0.5
vertex 16.274803161621094 45.27800369262695 -0.5
endloop
endfacet
facet normal 0.5600180480842084 0.7997885355992665 0.21614366551887146
outer loop
vertex 0.44717103242874146 22.5522403717041 -4.099999904632568
vertex 1.7139267921447754 20.692344665527344 -0.5
vertex 1.7143481969833374 21.664953231811523 -4.099999904632568
endloop
endfacet
facet normal 0 0 1
outer loop
vertex -0.08883129805326462 24.49384117126465 -4.099999904632568
vertex -1.2167961597442627 24.21620750427246 -4.099999904632568
vertex 1.7148550748825073 22.83462142944336 -4.099999904632568
endloop
endfacet
facet normal 0 0 1
outer loop
vertex -1.2167961597442627 24.21620750427246 -4.099999904632568
vertex 0.44717103242874146 22.5522403717041 -4.099999904632568
vertex 1.7148550748825073 22.83462142944336 -4.099999904632568
endloop
endfacet
facet normal -0.5600178415467775 -0.7997886414711532 0.21614380889355958
outer loop
vertex 16.274803161621094 45.27800369262695 -0.5
vertex 15.87480354309082 44.585182189941406 -4.099999904632568
vertex 17.80243682861328 43.23543930053711 -4.099999904632568
endloop
endfacet
facet normal -0.25270101677557394 -0.9430926666345779 0.21614443842179215
outer loop
vertex 11.607973098754883 46.976593017578125 -0.5
vertex 11.469054222106934 46.188743591308594 -4.099999904632568
vertex 13.74207592010498 45.579689025878906 -4.099999904632568
endloop
endfacet
facet normal -0.7997891551645891 -0.5600173681262008 0.21614313470040145
outer loop
vertex 20.816146850585938 39.64384078979492 -4.099999904632568
vertex 21.50896644592285 40.04383850097656 -0.5
vertex 20.079238891601562 42.0857048034668 -0.5
endloop
endfacet
facet normal 0 0 1
outer loop
vertex 0.44717103242874146 22.5522403717041 -4.099999904632568
vertex 1.7143481969833374 21.664953231811523 -4.099999904632568
vertex 1.7148550748825073 22.83462142944336 -4.099999904632568
endloop
endfacet
facet normal 0 0 1
outer loop
vertex -1.4111967086791992 41.29383850097656 -4.099999904632568
vertex -0.08883129805326462 41.29383850097656 -4.099999904632568
vertex -1.2167961597442627 41.57147216796875 -4.099999904632568
endloop
endfacet
facet normal 0 0 1
outer loop
vertex 21.013010025024414 36.756553649902344 -4.099999904632568
vertex 21.064077377319336 36.54383850097656 -4.099999904632568
vertex 21.810653686523438 37.511112213134766 -4.099999904632568
endloop
endfacet
facet normal 0 0 1
outer loop
vertex -1.2167961597442627 41.57147216796875 -4.099999904632568
vertex -0.08883129805326462 41.29383850097656 -4.099999904632568
vertex 0.28596898913383484 41.73267364501953 -4.099999904632568
endloop
endfacet
facet normal 0 0 1
outer loop
vertex -1.2167961597442627 41.57147216796875 -4.099999904632568
vertex 0.28596898913383484 41.73267364501953 -4.099999904632568
vertex 0.44717103242874146 43.23543930053711 -4.099999904632568
endloop
endfacet
facet normal 0.41262803937490816 -0.8848841296721378 0.21614388304090945
outer loop
vertex 4.507531642913818 45.579689025878906 -4.099999904632568
vertex 1.9748038053512573 45.27800369262695 -0.5
vertex 2.3748037815093994 44.585182189941406 -4.099999904632568
endloop
endfacet
facet normal -0.08509628039572367 -0.9726462115118489 0.216143402153431
outer loop
vertex 9.12480354309082 47.19384002685547 -0.5
vertex 9.12480354309082 46.39384078979492 -4.099999904632568
vertex 11.469054222106934 46.188743591308594 -4.099999904632568
endloop
endfacet
facet normal -0.8848843224631313 -0.41262799089118984 0.21614318631885038
outer loop
vertex 21.50896644592285 40.04383850097656 -0.5
vertex 20.816146850585938 39.64384078979492 -4.099999904632568
vertex 21.810653686523438 37.511112213134766 -4.099999904632568
endloop
endfacet
facet normal 0 0 1
outer loop
vertex 0.44717103242874146 43.23543930053711 -4.099999904632568
vertex 0.28596898913383484 41.73267364501953 -4.099999904632568
vertex 1.777488112449646 43.006553649902344 -4.099999904632568
endloop
endfacet
facet normal 0 0 1
outer loop
vertex 1.777488112449646 43.006553649902344 -4.099999904632568
vertex 2.3748037815093994 44.585182189941406 -4.099999904632568
vertex 0.44717103242874146 43.23543930053711 -4.099999904632568
endloop
endfacet
facet normal 0.6903912598956139 -0.6903925614850875 0.2161435155303216
outer loop
vertex -1.8296318054199219 42.0857048034668 -0.5
vertex 0.44717103242874146 43.23543930053711 -4.099999904632568
vertex -0.06705905497074127 43.84827423095703 -0.5
endloop
endfacet
facet normal 0 0 1
outer loop
vertex 2.3748037815093994 44.585182189941406 -4.099999904632568
vertex 1.777488112449646 43.006553649902344 -4.099999904632568
vertex 3.449922561645508 44.03142166137695 -4.099999904632568
endloop
endfacet
facet normal 0.7997896407111235 -0.5600163508525973 0.2161439737510918
outer loop
vertex -2.3841001987457275 41.29383850097656 -0.5
vertex -1.2167961597442627 41.57147216796875 -4.099999904632568
vertex -1.8296318054199219 42.0857048034668 -0.5
endloop
endfacet
facet normal 0 0 1
outer loop
vertex 3.449922561645508 44.03142166137695 -4.099999904632568
vertex 4.507531642913818 45.579689025878906 -4.099999904632568
vertex 2.3748037815093994 44.585182189941406 -4.099999904632568
endloop
endfacet
facet normal 0 0 1
outer loop
vertex 4.507531642913818 45.579689025878906 -4.099999904632568
vertex 3.449922561645508 44.03142166137695 -4.099999904632568
vertex 5.262091159820557 44.782047271728516 -4.099999904632568
endloop
endfacet
facet normal 0 0 1
outer loop
vertex 5.262091159820557 44.782047271728516 -4.099999904632568
vertex 6.780553340911865 46.188743591308594 -4.099999904632568
vertex 4.507531642913818 45.579689025878906 -4.099999904632568
endloop
endfacet
facet normal -0.9430928575641745 -0.252700832035391 0.21614382133214183
outer loop
vertex 22.069833755493164 36.54383850097656 -4.099999904632568
vertex 22.562408447265625 37.78472900390625 -0.5
vertex 21.810653686523438 37.511112213134766 -4.099999904632568
endloop
endfacet
facet normal -0.9430930197332258 -0.2527003499608892 0.21614367735399898
outer loop
vertex 22.562408447265625 37.78472900390625 -0.5
vertex 22.069833755493164 36.54383850097656 -4.099999904632568
vertex 22.8949031829834 36.54383850097656 -0.5
endloop
endfacet
facet normal -0.8848837697957849 -0.4126288392033601 0.21614382945087313
outer loop
vertex 21.810653686523438 37.511112213134766 -4.099999904632568
vertex 22.562408447265625 37.78472900390625 -0.5
vertex 21.50896644592285 40.04383850097656 -0.5
endloop
endfacet
facet normal 0.5600183320944601 0.7997883847963722 0.21614348767184513
outer loop
vertex 0.44717103242874146 22.5522403717041 -4.099999904632568
vertex -0.06705905497074127 21.93940544128418 -0.5
vertex 1.7139267921447754 20.692344665527344 -0.5
endloop
endfacet
facet normal 0.08509470876535682 -0.9726463425410764 0.2161434312710101
outer loop
vertex 9.12480354309082 46.39384078979492 -4.099999904632568
vertex 9.12480354309082 47.19384002685547 -0.5
vertex 6.641634941101074 46.976593017578125 -0.5
endloop
endfacet
facet normal -0.2527020447430813 -0.9430925419427743 0.21614378065209808
outer loop
vertex 11.607973098754883 46.976593017578125 -0.5
vertex 13.74207592010498 45.579689025878906 -4.099999904632568
vertex 14.015691757202148 46.331443786621094 -0.5
endloop
endfacet
facet normal 0.7997894330572741 0.56001675338269 0.21614369919254026
outer loop
vertex -1.4111967086791992 24.49384117126465 -4.099999904632568
vertex -1.8296318054199219 23.701976776123047 -0.5
vertex -1.2167961597442627 24.21620750427246 -4.099999904632568
endloop
endfacet
facet normal 0.25270196322267696 -0.9430924244807843 0.21614438847761167
outer loop
vertex 6.780553340911865 46.188743591308594 -4.099999904632568
vertex 6.641634941101074 46.976593017578125 -0.5
vertex 4.23391580581665 46.331443786621094 -0.5
endloop
endfacet
facet normal 0.4126278578235478 -0.8848842479510655 0.21614374540112744
outer loop
vertex 1.9748038053512573 45.27800369262695 -0.5
vertex 4.507531642913818 45.579689025878906 -4.099999904632568
vertex 4.23391580581665 46.331443786621094 -0.5
endloop
endfacet
facet normal 0 0 1
outer loop
vertex 21.810653686523438 37.511112213134766 -4.099999904632568
vertex 21.064077377319336 36.54383850097656 -4.099999904632568
vertex 22.069833755493164 36.54383850097656 -4.099999904632568
endloop
endfacet
facet normal 0 0 1
outer loop
vertex 21.013010025024414 36.756553649902344 -4.099999904632568
vertex 21.810653686523438 37.511112213134766 -4.099999904632568
vertex 20.816146850585938 39.64384078979492 -4.099999904632568
endloop
endfacet
facet normal 0 0 1
outer loop
vertex 19.46640396118164 41.57147216796875 -4.099999904632568
vertex 19.237516403198242 40.24115753173828 -4.099999904632568
vertex 20.26238441467285 38.568721771240234 -4.099999904632568
endloop
endfacet
facet normal 0 0 1
outer loop
vertex 19.46640396118164 41.57147216796875 -4.099999904632568
vertex 20.26238441467285 38.568721771240234 -4.099999904632568
vertex 20.816146850585938 39.64384078979492 -4.099999904632568
endloop
endfacet
facet normal 0.690391807646936 -0.6903918323773274 0.21614409480870042
outer loop
vertex 0.44717103242874146 43.23543930053711 -4.099999904632568
vertex -1.8296318054199219 42.0857048034668 -0.5
vertex -1.2167961597442627 41.57147216796875 -4.099999904632568
endloop
endfacet
facet normal 0 0 1
outer loop
vertex 12.987516403198242 44.782047271728516 -4.099999904632568
vertex 14.79968547821045 44.03142166137695 -4.099999904632568
vertex 13.74207592010498 45.579689025878906 -4.099999904632568
endloop
endfacet
facet normal 0 0 1
outer loop
vertex 9.12480354309082 46.39384078979492 -4.099999904632568
vertex 9.12480354309082 45.39384078979492 -4.099999904632568
vertex 11.08023452758789 45.23994445800781 -4.099999904632568
endloop
endfacet
facet normal 0 0 1
outer loop
vertex 9.12480354309082 46.39384078979492 -4.099999904632568
vertex 11.08023452758789 45.23994445800781 -4.099999904632568
vertex 11.469054222106934 46.188743591308594 -4.099999904632568
endloop
endfacet
facet normal 0 0 1
outer loop
vertex 11.08023452758789 45.23994445800781 -4.099999904632568
vertex 12.987516403198242 44.782047271728516 -4.099999904632568
vertex 11.469054222106934 46.188743591308594 -4.099999904632568
endloop
endfacet
facet normal 0 0 1
outer loop
vertex 11.469054222106934 46.188743591308594 -4.099999904632568
vertex 12.987516403198242 44.782047271728516 -4.099999904632568
vertex 13.74207592010498 45.579689025878906 -4.099999904632568
endloop
endfacet
facet normal -0.7997883711641611 -0.5600182064009358 0.21614386378071637
outer loop
vertex 20.079238891601562 42.0857048034668 -0.5
vertex 19.46640396118164 41.57147216796875 -4.099999904632568
vertex 20.816146850585938 39.64384078979492 -4.099999904632568
endloop
endfacet
facet normal 0.7997894026005629 -0.5600167320567412 0.21614386714483247
outer loop
vertex -1.2167961597442627 41.57147216796875 -4.099999904632568
vertex -2.3841001987457275 41.29383850097656 -0.5
vertex -1.4111967086791992 41.29383850097656 -4.099999904632568
endloop
endfacet
facet normal 0 0 1
outer loop
vertex 13.74207592010498 45.579689025878906 -4.099999904632568
vertex 14.79968547821045 44.03142166137695 -4.099999904632568
vertex 15.87480354309082 44.585182189941406 -4.099999904632568
endloop
endfacet
facet normal 0 0 1
outer loop
vertex 16.47212028503418 43.006553649902344 -4.099999904632568
vertex 17.80243682861328 43.23543930053711 -4.099999904632568
vertex 15.87480354309082 44.585182189941406 -4.099999904632568
endloop
endfacet
facet normal 0 0 1
outer loop
vertex 15.87480354309082 44.585182189941406 -4.099999904632568
vertex 14.79968547821045 44.03142166137695 -4.099999904632568
vertex 16.47212028503418 43.006553649902344 -4.099999904632568
endloop
endfacet
facet normal 0 0 1
outer loop
vertex 17.80243682861328 43.23543930053711 -4.099999904632568
vertex 16.47212028503418 43.006553649902344 -4.099999904632568
vertex 17.963638305664062 41.73267364501953 -4.099999904632568
endloop
endfacet
facet normal 0 0 1
outer loop
vertex 17.963638305664062 41.73267364501953 -4.099999904632568
vertex 19.237516403198242 40.24115753173828 -4.099999904632568
vertex 19.46640396118164 41.57147216796875 -4.099999904632568
endloop
endfacet
facet normal 0 0 1
outer loop
vertex 17.80243682861328 43.23543930053711 -4.099999904632568
vertex 17.963638305664062 41.73267364501953 -4.099999904632568
vertex 19.46640396118164 41.57147216796875 -4.099999904632568
endloop
endfacet
facet normal 0.5600179878976018 -0.7997886279083192 0.21614347989159843
outer loop
vertex -0.06705905497074127 43.84827423095703 -0.5
vertex 0.44717103242874146 43.23543930053711 -4.099999904632568
vertex 2.3748037815093994 44.585182189941406 -4.099999904632568
endloop
endfacet
facet normal 0 0 1
outer loop
vertex 20.26238441467285 38.568721771240234 -4.099999904632568
vertex 21.013010025024414 36.756553649902344 -4.099999904632568
vertex 20.816146850585938 39.64384078979492 -4.099999904632568
endloop
endfacet
facet normal 0.5600184122296049 -0.7997882310493494 0.21614384894968663
outer loop
vertex -0.06705905497074127 43.84827423095703 -0.5
vertex 2.3748037815093994 44.585182189941406 -4.099999904632568
vertex 1.9748038053512573 45.27800369262695 -0.5
endloop
endfacet
facet normal -0.08509465696884635 -0.9726461240484038 0.21614443487855906
outer loop
vertex 11.469054222106934 46.188743591308594 -4.099999904632568
vertex 11.607973098754883 46.976593017578125 -0.5
vertex 9.12480354309082 47.19384002685547 -0.5
endloop
endfacet
facet normal 0.7997890438497153 0.560017281827193 0.21614377019206554
outer loop
vertex -1.8296318054199219 23.701976776123047 -0.5
vertex -1.4111967086791992 24.49384117126465 -4.099999904632568
vertex -2.3841001987457275 24.49384117126465 -0.5
endloop
endfacet
facet normal 0 0 1
outer loop
vertex -0.08883129805326462 24.49384117126465 -4.099999904632568
vertex -1.4111967086791992 24.49384117126465 -4.099999904632568
vertex -1.2167961597442627 24.21620750427246 -4.099999904632568
endloop
endfacet
facet normal 0.6903915984340526 0.6903921529225137 0.21614373919845614
outer loop
vertex -1.2167961597442627 24.21620750427246 -4.099999904632568
vertex -1.8296318054199219 23.701976776123047 -0.5
vertex -0.06705905497074127 21.93940544128418 -0.5
endloop
endfacet
facet normal 0.08509627727533241 -0.9726459780028264 0.21614445417082775
outer loop
vertex 6.641634941101074 46.976593017578125 -0.5
vertex 6.780553340911865 46.188743591308594 -4.099999904632568
vertex 9.12480354309082 46.39384078979492 -4.099999904632568
endloop
endfacet
facet normal 0.6903919009348816 0.6903919256652763 0.21614349886062362
outer loop
vertex -0.06705905497074127 21.93940544128418 -0.5
vertex 0.44717103242874146 22.5522403717041 -4.099999904632568
vertex -1.2167961597442627 24.21620750427246 -4.099999904632568
endloop
endfacet
facet normal 0.25270105554809763 -0.9430928113355499 0.21614376172373317
outer loop
vertex 4.23391580581665 46.331443786621094 -0.5
vertex 4.507531642913818 45.579689025878906 -4.099999904632568
vertex 6.780553340911865 46.188743591308594 -4.099999904632568
endloop
endfacet
facet normal 0 0 1
outer loop
vertex 6.780553340911865 46.188743591308594 -4.099999904632568
vertex 7.169373035430908 45.23994445800781 -4.099999904632568
vertex 9.12480354309082 46.39384078979492 -4.099999904632568
endloop
endfacet
facet normal 0.12449332947459403 -0.6960613344916247 0.7071068020759445
outer loop
vertex 62.109214782714844 -71.81251525878906 -1
vertex 62.71968078613281 -71.70333099365234 -1
vertex 62.04616928100586 -71.31585693359375 -0.5
endloop
endfacet
facet normal 0.12449677360282092 -0.6960583528339743 0.7071091307659253
outer loop
vertex 62.71968078613281 -71.70333099365234 -1
vertex 62.60483169555664 -71.21593475341797 -0.5
vertex 62.04616928100586 -71.31585693359375 -0.5
endloop
endfacet
facet normal 0.1993845005011004 -0.6784118523594597 0.7071090294559484
outer loop
vertex 62.60483169555664 -71.21593475341797 -0.5
vertex 62.71968078613281 -71.70333099365234 -1
vertex 63.314666748046875 -71.5284652709961 -1
endloop
endfacet
facet normal 0.19938301658865962 -0.678413445997212 0.707107918910681
outer loop
vertex 63.314666748046875 -71.5284652709961 -1
vertex 63.14754104614258 -71.05643463134766 -0.5
vertex 62.60483169555664 -71.21593475341797 -0.5
endloop
endfacet
facet normal 0.2719139168414242 -0.652737411507921 0.7071044430958514
outer loop
vertex 63.88713073730469 -71.28998565673828 -1
vertex 63.669708251953125 -70.83891296386719 -0.5
vertex 63.14754104614258 -71.05643463134766 -0.5
endloop
endfacet
facet normal 0.2719179973758536 -0.6527319411062704 0.7071079237024187
outer loop
vertex 63.14754104614258 -71.05643463134766 -0.5
vertex 63.314666748046875 -71.5284652709961 -1
vertex 63.88713073730469 -71.28998565673828 -1
endloop
endfacet
facet normal 0.3412312976735343 -0.619326364859945 0.7071039918409471
outer loop
vertex 64.4302978515625 -70.99071502685547 -1
vertex 64.16514587402344 -70.5659408569336 -0.5
vertex 63.669708251953125 -70.83891296386719 -0.5
endloop
endfacet
facet normal 0.3412318416726968 -0.619325440678274 0.707104538775789
outer loop
vertex 63.669708251953125 -70.83891296386719 -0.5
vertex 63.88713073730469 -71.28998565673828 -1
vertex 64.4302978515625 -70.99071502685547 -1
endloop
endfacet
facet normal 0.4064980788518025 -0.5785864412008513 0.7071046895250571
outer loop
vertex 64.16514587402344 -70.5659408569336 -0.5
vertex 64.4302978515625 -70.99071502685547 -1
vertex 64.93772888183594 -70.63420867919922 -1
endloop
endfacet
facet normal 0.406504878192052 -0.5785713433839862 0.7071131342443827
outer loop
vertex 64.93772888183594 -70.63420867919922 -1
vertex 64.62799072265625 -70.2407455444336 -0.5
vertex 64.16514587402344 -70.5659408569336 -0.5
endloop
endfacet
facet normal 0.46696164630742204 -0.5309786875186279 0.7071127592391876
outer loop
vertex 64.62799072265625 -70.2407455444336 -0.5
vertex 64.93772888183594 -70.63420867919922 -1
vertex 65.40341186523438 -70.22467041015625 -1
endloop
endfacet
facet normal 0.466957874547953 -0.5309902909058419 0.7071065367830985
outer loop
vertex 65.40341186523438 -70.22467041015625 -1
vertex 65.05276489257812 -69.86719512939453 -0.5
vertex 64.62799072265625 -70.2407455444336 -0.5
endloop
endfacet
facet normal 0.5218905953215901 -0.4771042527970079 0.7071080104749805
outer loop
vertex 65.82185363769531 -69.76695251464844 -1
vertex 65.43443298339844 -69.44969940185547 -0.5
vertex 65.05276489257812 -69.86719512939453 -0.5
endloop
endfacet
facet normal 0.5218899563246657 -0.47710731980835774 0.7071064126938208
outer loop
vertex 65.05276489257812 -69.86719512939453 -0.5
vertex 65.40341186523438 -70.22467041015625 -1
vertex 65.82185363769531 -69.76695251464844 -1
endloop
endfacet
facet normal 0.5706415871202722 -0.4175714685709463 0.7071083705376142
outer loop
vertex 65.43443298339844 -69.44969940185547 -0.5
vertex 65.82185363769531 -69.76695251464844 -1
vertex 65.76847839355469 -68.99320220947266 -0.5
endloop
endfacet
facet normal 0.570642491961068 -0.4175710818577561 0.7071078686909131
outer loop
vertex 65.82185363769531 -69.76695251464844 -1
vertex 66.18807220458984 -69.26648712158203 -1
vertex 65.76847839355469 -68.99320220947266 -0.5
endloop
endfacet
facet normal 0.612628588485564 -0.35310699527458717 0.7071079567211346
outer loop
vertex 65.76847839355469 -68.99320220947266 -0.5
vertex 66.18807220458984 -69.26648712158203 -1
vertex 66.49775695800781 -68.72919464111328 -1
endloop
endfacet
facet normal 0.6126285459618024 -0.35310354451849074 0.7071097167492509
outer loop
vertex 66.49775695800781 -68.72919464111328 -1
vertex 66.05094909667969 -68.50312042236328 -0.5
vertex 65.76847839355469 -68.99320220947266 -0.5
endloop
endfacet
facet normal 0.6473736962058738 -0.28444196360253665 0.7071068284231727
outer loop
vertex 66.7472152709961 -68.16143035888672 -1
vertex 66.27849578857422 -67.98523712158203 -0.5
vertex 66.05094909667969 -68.50312042236328 -0.5
endloop
endfacet
facet normal 0.6473736421614592 -0.2844415198842413 0.707107056392842
outer loop
vertex 66.05094909667969 -68.50312042236328 -0.5
vertex 66.63797760009766 -68.41004943847656 -1
vertex 66.7472152709961 -68.16143035888672 -1
endloop
endfacet
facet normal 0.6473745717024715 -0.2844325321727839 0.7071098207172771
outer loop
vertex 66.05094909667969 -68.50312042236328 -0.5
vertex 66.49775695800781 -68.72919464111328 -1
vertex 66.63797760009766 -68.41004943847656 -1
endloop
endfacet
facet normal 0.6744438776372519 -0.21241958888280935 0.7071091670855965
outer loop
vertex 66.93351745605469 -67.5699234008789 -1
vertex 66.44842529296875 -67.4457015991211 -0.5
vertex 66.27849578857422 -67.98523712158203 -0.5
endloop
endfacet
facet normal 0.6744450332564844 -0.21242452298581313 0.7071065825955161
outer loop
vertex 66.27849578857422 -67.98523712158203 -0.5
vertex 66.7472152709961 -68.16143035888672 -1
vertex 66.93351745605469 -67.5699234008789 -1
endloop
endfacet
facet normal 0.6935291559846682 -0.13789081677282383 0.7071092082902877
outer loop
vertex 66.51838684082031 -67.09382629394531 -0.5
vertex 66.44842529296875 -67.4457015991211 -0.5
vertex 66.93351745605469 -67.5699234008789 -1
endloop
endfacet
facet normal 0.6935346219476144 -0.13788218772453614 0.7071055299375584
outer loop
vertex 66.93351745605469 -67.5699234008789 -1
vertex 67.02816009521484 -67.09387969970703 -1
vertex 66.51838684082031 -67.09382629394531 -0.5
endloop
endfacet
facet normal 0.675879915538547 -0.21158009875706663 0.7059888112297223
outer loop
vertex 66.75172424316406 34.71646499633789 -0.5
vertex 67.32198333740234 34.8697509765625 -1
vertex 66.8455810546875 35.01628494262695 -0.5
endloop
endfacet
facet normal 0.6758627738965874 -0.20788534807217968 0.7071019678361241
outer loop
vertex 67.27481842041016 34.71641159057617 -1
vertex 67.32198333740234 34.8697509765625 -1
vertex 66.75172424316406 34.71646499633789 -0.5
endloop
endfacet
facet normal 0.658973399703724 -0.2626068649298547 0.7048345146022781
outer loop
vertex 66.8455810546875 35.01628494262695 -0.5
vertex 67.32198333740234 34.8697509765625 -1
vertex 66.87413024902344 35.08792495727539 -0.5
endloop
endfacet
facet normal 0.6368507509812101 -0.3102480865987131 0.7058096384553744
outer loop
vertex 66.87413024902344 35.08792495727539 -0.5
vertex 67.52532958984375 35.28715896606445 -1
vertex 67.07747650146484 35.50533676147461 -0.5
endloop
endfacet
facet normal 0.636850698602924 -0.3102508964433469 0.7058084506047425
outer loop
vertex 66.87413024902344 35.08792495727539 -0.5
vertex 67.32198333740234 34.8697509765625 -1
vertex 67.52532958984375 35.28715896606445 -1
endloop
endfacet
facet normal 0.611517061805832 -0.35974895805890733 0.704718078593059
outer loop
vertex 67.07747650146484 35.50533676147461 -0.5
vertex 67.52532958984375 35.28715896606445 -1
vertex 67.11656951904297 35.5717887878418 -0.5
endloop
endfacet
facet normal 0.5819421125466876 -0.40168355341622314 0.7071023267955031
outer loop
vertex 67.11656951904297 35.5717887878418 -0.5
vertex 67.7906494140625 35.66819381713867 -1
vertex 67.38032531738281 35.95390701293945 -0.5
endloop
endfacet
facet normal 0.5813939163834677 -0.40483260589374837 0.70575610177849
outer loop
vertex 67.11656951904297 35.5717887878418 -0.5
vertex 67.52532958984375 35.28715896606445 -1
vertex 67.7906494140625 35.66819381713867 -1
endloop
endfacet
facet normal 0.5382296006834388 -0.46133965772866187 0.7053188053319911
outer loop
vertex 67.38032531738281 35.95390701293945 -0.5
vertex 67.7906494140625 35.66819381713867 -1
vertex 67.43061065673828 36.0125732421875 -0.5
endloop
endfacet
facet normal 0.5118966040960808 -0.4896356753392166 0.7058461391479093
outer loop
vertex 67.7906494140625 35.66819381713867 -1
vertex 68.11158752441406 36.00372314453125 -1
vertex 67.43061065673828 36.0125732421875 -0.5
endloop
endfacet
facet normal 0.5118966040960808 -0.4896356753392166 0.7058461391479093
outer loop
vertex 68.11158752441406 36.00372314453125 -1
vertex 67.75154876708984 36.34810256958008 -0.5
vertex 67.43061065673828 36.0125732421875 -0.5
endloop
endfacet
facet normal 0.500951465068464 -0.500951465068464 0.7057586409612845
outer loop
vertex 67.75154876708984 36.34810256958008 -0.5
vertex 68.11158752441406 36.00372314453125 -1
vertex 67.79019165039062 36.38674545288086 -0.5
endloop
endfacet
facet normal 0.42898262306064383 -0.563419994052263 0.7060678575138212
outer loop
vertex 68.48045349121094 36.28571319580078 -1
vertex 68.17767333984375 36.68177032470703 -0.5
vertex 67.79019165039062 36.38674545288086 -0.5
endloop
endfacet
facet normal 0.42967245836426915 -0.562046590108376 0.7067426752862406
outer loop
vertex 67.79019165039062 36.38674545288086 -0.5
vertex 68.11158752441406 36.00372314453125 -1
vertex 68.48045349121094 36.28571319580078 -1
endloop
endfacet
facet normal 0.40634450761807606 -0.5803356381744419 0.7057582363623442
outer loop
vertex 68.17767333984375 36.68177032470703 -0.5
vertex 68.48045349121094 36.28571319580078 -1
vertex 68.23020935058594 36.71855545043945 -0.5
endloop
endfacet
facet normal 0.35392543611588123 -0.6121782744006309 0.7070887822770553
outer loop
vertex 68.23020935058594 36.71855545043945 -0.5
vertex 68.48045349121094 36.28571319580078 -1
vertex 70.70572662353516 37.572235107421875 -1
endloop
endfacet
facet normal 0.35392511498657653 -0.6121761942172855 0.7070907439751837
outer loop
vertex 70.70572662353516 37.572235107421875 -1
vertex 74.3434829711914 39.675376892089844 -1
vertex 68.23020935058594 36.71855545043945 -0.5
endloop
endfacet
facet normal 0.35391946707744254 -0.6121619543476416 0.7071058990511216
outer loop
vertex 74.3434829711914 39.675376892089844 -1
vertex 74.08477783203125 40.103355407714844 -0.5
vertex 68.23020935058594 36.71855545043945 -0.5
endloop
endfacet
facet normal 0.37754432469733595 -0.5978837822833143 0.7071034335734984
outer loop
vertex 74.72373962402344 39.91550064086914 -1
vertex 74.43143463134766 40.32225799560547 -0.5
vertex 74.08477783203125 40.103355407714844 -0.5
endloop
endfacet
facet normal 0.37754752076822656 -0.5978790405455123 0.7071057363917672
outer loop
vertex 74.08477783203125 40.103355407714844 -0.5
vertex 74.3434829711914 39.675376892089844 -1
vertex 74.72373962402344 39.91550064086914 -1
endloop
endfacet
facet normal 0.4462701994911275 -0.5484958112425807 0.707103425317324
outer loop
vertex 74.43143463134766 40.32225799560547 -0.5
vertex 74.72373962402344 39.91550064086914 -1
vertex 75.45411682128906 40.5097541809082 -1
endloop
endfacet
facet normal 0.446271100405445 -0.5484897934838828 0.7071075246289782
outer loop
vertex 75.45411682128906 40.5097541809082 -1
vertex 75.10758972167969 40.87240219116211 -0.5
vertex 74.43143463134766 40.32225799560547 -0.5
endloop
endfacet
facet normal 0.5276529632782493 -0.470724956587784 0.7071070396970401
outer loop
vertex 75.10758972167969 40.87240219116211 -0.5
vertex 75.45411682128906 40.5097541809082 -1
vertex 75.75314331054688 40.84494400024414 -1
endloop
endfacet
facet normal 0.5276512260529598 -0.4707298679901726 0.7071050664694484
outer loop
vertex 75.10758972167969 40.87240219116211 -0.5
vertex 75.75314331054688 40.84494400024414 -1
vertex 76.02719116210938 41.152130126953125 -1
endloop
endfacet
facet normal 0.5276512006816224 -0.47073048530744904 0.7071046744446368
outer loop
vertex 76.02719116210938 41.152130126953125 -1
vertex 75.62789916992188 41.45562744140625 -0.5
vertex 75.10758972167969 40.87240219116211 -0.5
endloop
endfacet
facet normal 0.5947786040768075 -0.38241245339969476 0.7071061643185347
outer loop
vertex 75.62789916992188 41.45562744140625 -0.5
vertex 76.10737609863281 41.27684020996094 -1
vertex 76.53536224365234 41.942501068115234 -1
endloop
endfacet
facet normal 0.5947788230825071 -0.3824137970148448 0.7071052534561434
outer loop
vertex 76.53536224365234 41.942501068115234 -1
vertex 76.09322357177734 42.179359436035156 -0.5
vertex 75.62789916992188 41.45562744140625 -0.5
endloop
endfacet
facet normal 0.5947737692361437 -0.38242214087066373 0.7071049919216585
outer loop
vertex 75.62789916992188 41.45562744140625 -0.5
vertex 76.02719116210938 41.152130126953125 -1
vertex 76.10737609863281 41.27684020996094 -1
endloop
endfacet
facet normal 0.6478826064273228 -0.2832881674074555 0.7071039120920378
outer loop
vertex 76.88024139404297 42.73124694824219 -1
vertex 76.40636444091797 42.89551544189453 -0.5
vertex 76.09322357177734 42.179359436035156 -0.5
endloop
endfacet
facet normal 0.6478821277506026 -0.2832864721092858 0.7071050298655969
outer loop
vertex 76.53536224365234 41.942501068115234 -1
vertex 76.88024139404297 42.73124694824219 -1
vertex 76.09322357177734 42.179359436035156 -0.5
endloop
endfacet
facet normal 0.6842153368192381 -0.17847596391807205 0.7071037428587488
outer loop
vertex 77.1174087524414 43.640464782714844 -1
vertex 76.62353515625 43.72807312011719 -0.5
vertex 76.40636444091797 42.89551544189453 -0.5
endloop
endfacet
facet normal 0.6842153464267233 -0.1784759824710389 0.7071037288794033
outer loop
vertex 76.40636444091797 42.89551544189453 -0.5
vertex 76.88024139404297 42.73124694824219 -1
vertex 77.1174087524414 43.640464782714844 -1
endloop
endfacet
facet normal 0.7038567510764441 -0.06775080648737589 0.7071036007434996
outer loop
vertex 76.62353515625 43.72807312011719 -0.5
vertex 77.1174087524414 43.640464782714844 -1
vertex 76.69842529296875 44.506099700927734 -0.5
endloop
endfacet
facet normal 0.7038415677741011 -0.06776604181572193 0.7071172541028294
outer loop
vertex 76.69842529296875 44.506099700927734 -0.5
vertex 77.1174087524414 43.640464782714844 -1
vertex 77.13724517822266 43.846492767333984 -1
endloop
endfacet
facet normal 0.7038567911044976 -0.06774589127540344 0.7071040318308055
outer loop
vertex 76.69842529296875 44.506099700927734 -0.5
vertex 77.13724517822266 43.846492767333984 -1
vertex 77.19989013671875 44.497352600097656 -1
endloop
endfacet
facet normal 0.7057871366766858 0.043157559170580624 0.7071081549438976
outer loop
vertex 76.64590454101562 45.36491394042969 -0.5
vertex 77.19989013671875 44.497352600097656 -1
vertex 77.14253997802734 45.43524169921875 -1
endloop
endfacet
facet normal 0.7057911688613597 0.04316263192372154 0.7071038206393266
outer loop
vertex 76.69842529296875 44.506099700927734 -0.5
vertex 77.19989013671875 44.497352600097656 -1
vertex 76.64590454101562 45.36491394042969 -0.5
endloop
endfacet
facet normal 0.6900183565432746 0.15450880801371114 0.7071079803534256
outer loop
vertex 76.64590454101562 45.36491394042969 -0.5
vertex 77.06681060791016 45.773441314697266 -1
vertex 76.95443725585938 46.27528762817383 -1
endloop
endfacet
facet normal 0.6900186014810339 0.15450837809311713 0.7071078352763406
outer loop
vertex 76.64590454101562 45.36491394042969 -0.5
vertex 77.14253997802734 45.43524169921875 -1
vertex 77.06681060791016 45.773441314697266 -1
endloop
endfacet
facet normal 0.6900179398688177 0.1545091334850745 0.7071083158391535
outer loop
vertex 76.95443725585938 46.27528762817383 -1
vertex 76.47511291503906 46.127647399902344 -0.5
vertex 76.64590454101562 45.36491394042969 -0.5
endloop
endfacet
facet normal 0.65736502973222 0.2605147024836422 0.7071091199206929
outer loop
vertex 76.95443725585938 46.27528762817383 -1
vertex 76.75709533691406 46.77324676513672 -1
vertex 76.31929016113281 46.520835876464844 -0.5
endloop
endfacet
facet normal 0.6573651820447621 0.26051743398948735 0.7071079719694792
outer loop
vertex 76.47511291503906 46.127647399902344 -0.5
vertex 76.95443725585938 46.27528762817383 -1
vertex 76.31929016113281 46.520835876464844 -0.5
endloop
endfacet
facet normal 0.5484962105086661 0.44627014701165035 0.7071031487299664
outer loop
vertex 66.10888671875 65.02315521240234 -1
vertex 65.74624633789062 64.67662811279297 -0.5
vertex 66.07218170166016 64.27603149414062 -0.5
endloop
endfacet
facet normal 0.5484925913500576 0.44627159289110213 0.7071050435490736
outer loop
vertex 66.51094818115234 64.52899932861328 -1
vertex 66.10888671875 65.02315521240234 -1
vertex 66.07218170166016 64.27603149414062 -0.5
endloop
endfacet
facet normal 0.47072580073287845 0.5276571379536474 0.7071033625227332
outer loop
vertex 65.74624633789062 64.67662811279297 -0.5
vertex 66.10888671875 65.02315521240234 -1
vertex 65.16301727294922 65.19692993164062 -0.5
endloop
endfacet
facet normal 0.47072763013885127 0.5276454021702859 0.707110902046078
outer loop
vertex 65.16301727294922 65.19692993164062 -0.5
vertex 66.10888671875 65.02315521240234 -1
vertex 65.77371215820312 65.32217407226562 -1
endloop
endfacet
facet normal 0.47072488220427566 0.5276506049930447 0.7071088489930278
outer loop
vertex 65.16301727294922 65.19692993164062 -0.5
vertex 65.77371215820312 65.32217407226562 -1
vertex 65.46651458740234 65.59622955322266 -1
endloop
endfacet
facet normal 0.3824197266880282 0.5947699244137584 0.7071095315810033
outer loop
vertex 65.16301727294922 65.19692993164062 -0.5
vertex 65.46651458740234 65.59622955322266 -1
vertex 65.34191131591797 65.67634582519531 -1
endloop
endfacet
facet normal 0.3824191358560205 0.5947773748432247 0.7071035842829089
outer loop
vertex 64.67613983154297 66.10440063476562 -1
vertex 64.43928527832031 65.66226196289062 -0.5
vertex 65.16301727294922 65.19692993164062 -0.5
endloop
endfacet
facet normal 0.3824083307867081 0.594775613620135 0.7071109092551998
outer loop
vertex 65.16301727294922 65.19692993164062 -0.5
vertex 65.34191131591797 65.67634582519531 -1
vertex 64.67613983154297 66.10440063476562 -1
endloop
endfacet
facet normal 0.2832824375405468 0.6478852873097982 0.7071037512759965
outer loop
vertex 64.43928527832031 65.66226196289062 -0.5
vertex 64.67613983154297 66.10440063476562 -1
vertex 63.72312927246094 65.97539520263672 -0.5
endloop
endfacet
facet normal 0.2832856448704149 0.6478789870002971 0.7071082389661585
outer loop
vertex 63.72312927246094 65.97539520263672 -0.5
vertex 64.67613983154297 66.10440063476562 -1
vertex 64.11344146728516 66.3504409790039 -1
endloop
endfacet
facet normal 0.2832878398345441 0.6478774310009936 0.7071087852667585
outer loop
vertex 63.72312927246094 65.97539520263672 -0.5
vertex 64.11344146728516 66.3504409790039 -1
vertex 63.88739776611328 66.44927978515625 -1
endloop
endfacet
facet normal 0.1784804602972571 0.684208537551401 0.707109187066504
outer loop
vertex 62.89057159423828 66.19257354736328 -0.5
vertex 63.72312927246094 65.97539520263672 -0.5
vertex 63.88739776611328 66.44927978515625 -1
endloop
endfacet
facet normal 0.1784759790989598 0.6842153334993353 0.7071037422394687
outer loop
vertex 62.978179931640625 66.68644714355469 -1
vertex 62.89057159423828 66.19257354736328 -0.5
vertex 63.88739776611328 66.44927978515625 -1
endloop
endfacet
facet normal 0.06774340455772655 0.7038515576449882 0.707109479458204
outer loop
vertex 62.12129211425781 66.76892852783203 -1
vertex 62.112545013427734 66.2674560546875 -0.5
vertex 62.89057159423828 66.19257354736328 -0.5
endloop
endfacet
facet normal 0.06775108116574054 0.703856713537044 0.7071036117922923
outer loop
vertex 62.12129211425781 66.76892852783203 -1
vertex 62.89057159423828 66.19257354736328 -0.5
vertex 62.978179931640625 66.68644714355469 -1
endloop
endfacet
facet normal -0.0431564529071344 0.7057926567152324 0.7071027126940812
outer loop
vertex 61.18340301513672 66.7115707397461 -1
vertex 61.25373077392578 66.2149429321289 -0.5
vertex 62.112545013427734 66.2674560546875 -0.5
endloop
endfacet
facet normal -0.04316321717871492 0.7057857742746215 0.707109169445819
outer loop
vertex 62.112545013427734 66.2674560546875 -0.5
vertex 62.12129211425781 66.76892852783203 -1
vertex 61.18340301513672 66.7115707397461 -1
endloop
endfacet
facet normal -0.1545068536432951 0.6900201185282306 0.7071066879923681
outer loop
vertex 61.25373077392578 66.2149429321289 -0.5
vertex 60.84520721435547 66.63584899902344 -1
vertex 60.343353271484375 66.52347564697266 -1
endloop
endfacet
facet normal -0.15449624727702566 0.6900261611381354 0.7071031088337006
outer loop
vertex 61.25373077392578 66.2149429321289 -0.5
vertex 61.18340301513672 66.7115707397461 -1
vertex 60.84520721435547 66.63584899902344 -1
endloop
endfacet
facet normal -0.154509004694479 0.6900173647065643 0.7071089052414271
outer loop
vertex 60.343353271484375 66.52347564697266 -1
vertex 60.490997314453125 66.04415130615234 -0.5
vertex 61.25373077392578 66.2149429321289 -0.5
endloop
endfacet
facet normal -0.26051842702020206 0.657363277231678 0.7071093769213838
outer loop
vertex 59.469810485839844 66.17728424072266 -1
vertex 59.68793487548828 65.72589111328125 -0.5
vertex 60.490997314453125 66.04415130615234 -0.5
endloop
endfacet
facet normal -0.26051812468862473 0.6573638866906176 0.7071089217254487
outer loop
vertex 60.490997314453125 66.04415130615234 -0.5
vertex 60.343353271484375 66.52347564697266 -1
vertex 59.469810485839844 66.17728424072266 -1
endloop
endfacet
facet normal -0.35316204765376624 0.6125998574635332 0.7071053547616917
outer loop
vertex 43.578163146972656 57.01578903198242 -1
vertex 43.83103561401367 56.584434509277344 -0.5
vertex 59.68793487548828 65.72589111328125 -0.5
endloop
endfacet
facet normal -0.3531602679260259 0.6125963398011732 0.7071092911429061
outer loop
vertex 59.68793487548828 65.72589111328125 -0.5
vertex 59.469810485839844 66.17728424072266 -1
vertex 43.578163146972656 57.01578903198242 -1
endloop
endfacet
facet normal -0.3620413638200865 0.6073940267556989 0.7071057538620293
outer loop
vertex 42.57493591308594 55.83572769165039 -0.5
vertex 43.83103561401367 56.584434509277344 -0.5
vertex 42.2899284362793 56.247928619384766 -1
endloop
endfacet
facet normal -0.36204133755638146 0.6073945343375363 0.7071053313031049
outer loop
vertex 43.83103561401367 56.584434509277344 -0.5
vertex 43.578163146972656 57.01578903198242 -1
vertex 42.2899284362793 56.247928619384766 -1
endloop
endfacet
facet normal -0.4403953780263392 0.5540867692521992 0.706427464891264
outer loop
vertex 41.337162017822266 55.48939895629883 -1
vertex 41.64799118041992 55.09897994995117 -0.5
vertex 42.57493591308594 55.83572769165039 -0.5
endloop
endfacet
facet normal -0.44042132951991264 0.5532000568463339 0.7071058970261284
outer loop
vertex 42.57493591308594 55.83572769165039 -0.5
vertex 42.2899284362793 56.247928619384766 -1
vertex 41.337162017822266 55.48939895629883 -1
endloop
endfacet
facet normal -0.39979592697931887 0.5851991615418983 0.7054822167152099
outer loop
vertex 41.337162017822266 55.48939895629883 -1
vertex 41.58238220214844 55.05415725708008 -0.5
vertex 41.64799118041992 55.09897994995117 -0.5
endloop
endfacet
facet normal -0.34724223188804415 0.6163237217151557 0.7068011760350917
outer loop
vertex 41.58238220214844 55.05415725708008 -0.5
vertex 41.337162017822266 55.48939895629883 -1
vertex 40.93264389038086 55.26148986816406 -1
endloop
endfacet
facet normal -0.34724223188804415 0.6163237217151557 0.7068011760350917
outer loop
vertex 40.93264389038086 55.26148986816406 -1
vertex 41.17786407470703 54.82624816894531 -0.5
vertex 41.58238220214844 55.05415725708008 -0.5
endloop
endfacet
facet normal -0.29942624138046636 0.6420660411126271 0.7057585456958528
outer loop
vertex 41.17786407470703 54.82624816894531 -0.5
vertex 40.93264389038086 55.26148986816406 -1
vertex 41.119598388671875 54.799076080322266 -0.5
endloop
endfacet
facet normal -0.2650454433753644 0.6555518419753728 0.7071086871398571
outer loop
vertex 25.772296905517578 49.13202667236328 -1
vertex 25.973041534423828 48.673866271972656 -0.5
vertex 40.93264389038086 55.26148986816406 -1
endloop
endfacet
facet normal -0.2654197469430768 0.6563359318456804 0.7062403999354155
outer loop
vertex 25.973041534423828 48.673866271972656 -0.5
vertex 41.119598388671875 54.799076080322266 -0.5
vertex 40.93264389038086 55.26148986816406 -1
endloop
endfacet
facet normal -0.3022748463613506 0.6392396054246685 0.7071086508548287
outer loop
vertex 25.973041534423828 48.673866271972656 -0.5
vertex 25.772296905517578 49.13202667236328 -1
vertex 25.165515899658203 48.84510040283203 -1
endloop
endfacet
facet normal -0.30227484893724926 0.6392396012037236 0.7071086535694975
outer loop
vertex 25.165515899658203 48.84510040283203 -1
vertex 25.40970230102539 48.4074821472168 -0.5
vertex 25.973041534423828 48.673866271972656 -0.5
endloop
endfacet
facet normal -0.3852619513222854 0.5929337694006795 0.7071087426751609
outer loop
vertex 25.40970230102539 48.4074821472168 -0.5
vertex 25.165515899658203 48.84510040283203 -1
vertex 24.74907684326172 47.97823715209961 -0.5
endloop
endfacet
facet normal -0.3852667666135445 0.5929343085992681 0.707105666947347
outer loop
vertex 24.44366455078125 48.376068115234375 -1
vertex 24.74907684326172 47.97823715209961 -0.5
vertex 25.165515899658203 48.84510040283203 -1
endloop
endfacet
facet normal -0.47325569659616523 0.5253859594546191 0.7071058189883801
outer loop
vertex 24.74907684326172 47.97823715209961 -0.5
vertex 24.44366455078125 48.376068115234375 -1
vertex 24.10978126525879 47.402374267578125 -0.5
endloop
endfacet
facet normal -0.47325498305068314 0.5253859598572842 0.7071062962543451
outer loop
vertex 24.10978126525879 47.402374267578125 -0.5
vertex 24.44366455078125 48.376068115234375 -1
vertex 24.13587188720703 48.09881591796875 -1
endloop
endfacet
facet normal -0.4732564318213891 0.5253855412768885 0.7071056376220443
outer loop
vertex 24.10978126525879 47.402374267578125 -0.5
vertex 24.13587188720703 48.09881591796875 -1
vertex 23.74550437927246 47.7471809387207 -1
endloop
endfacet
facet normal -0.5505604604744861 0.44371654265052535 0.7071059391211378
outer loop
vertex 23.61815071105957 46.792362213134766 -0.5
vertex 23.74550437927246 47.7471809387207 -1
vertex 23.2053165435791 47.07691955566406 -1
endloop
endfacet
facet normal -0.550560615057464 0.44371651073019275 0.7071058387914566
outer loop
vertex 23.74550437927246 47.7471809387207 -1
vertex 23.61815071105957 46.792362213134766 -0.5
vertex 24.10978126525879 47.402374267578125 -0.5
endloop
endfacet
facet normal -0.6105860528152627 0.35663152785017616 0.7071058092327671
outer loop
vertex 22.695520401000977 46.2041015625 -1
vertex 23.61815071105957 46.792362213134766 -0.5
vertex 23.2053165435791 47.07691955566406 -1
endloop
endfacet
facet normal -0.6106380120177987 0.3568409905580049 0.7069552501654773
outer loop
vertex 22.695520401000977 46.2041015625 -1
vertex 23.127084732055664 45.95203399658203 -0.5
vertex 23.61815071105957 46.792362213134766 -0.5
endloop
endfacet
facet normal -0.580331951842855 0.40635153096183485 0.7057572238066254
outer loop
vertex 23.127084732055664 45.95203399658203 -0.5
vertex 22.695520401000977 46.2041015625 -1
vertex 23.099767684936523 45.913021087646484 -0.5
endloop
endfacet
facet normal -0.5748932333694471 0.4139577008931439 0.7057880645755388
outer loop
vertex 22.424209594726562 45.82731246948242 -1
vertex 23.099767684936523 45.913021087646484 -0.5
vertex 22.695520401000977 46.2041015625 -1
endloop
endfacet
facet normal -0.5748937235236949 0.4139551436571961 0.7057891651851927
outer loop
vertex 23.099767684936523 45.913021087646484 -0.5
vertex 22.424209594726562 45.82731246948242 -1
vertex 22.828458786010742 45.536231994628906 -0.5
endloop
endfacet
facet normal -0.5417613147215168 0.45812041708517576 0.7047129637809414
outer loop
vertex 22.424209594726562 45.82731246948242 -1
vertex 22.77867889404297 45.47736358642578 -0.5
vertex 22.828458786010742 45.536231994628906 -0.5
endloop
endfacet
facet normal -0.5041503982242843 0.49772163085060367 0.7057659343958952
outer loop
vertex 22.09800910949707 45.49689865112305 -1
vertex 22.452478408813477 45.146949768066406 -0.5
vertex 22.77867889404297 45.47736358642578 -0.5
endloop
endfacet
facet normal -0.5041503982242843 0.49772163085060367 0.7057659343958952
outer loop
vertex 22.77867889404297 45.47736358642578 -0.5
vertex 22.424209594726562 45.82731246948242 -1
vertex 22.09800910949707 45.49689865112305 -1
endloop
endfacet
facet normal -0.4773974455527872 0.5241081201689757 0.7052675785491745
outer loop
vertex 22.09800910949707 45.49689865112305 -1
vertex 22.39535903930664 45.09492111206055 -0.5
vertex 22.452478408813477 45.146949768066406 -0.5
endloop
endfacet
facet normal -0.4205130299272409 0.568479494645916 0.7071066792419199
outer loop
vertex 21.7247314453125 45.22077560424805 -1
vertex 22.02208137512207 44.81880187988281 -0.5
vertex 22.39535903930664 45.09492111206055 -0.5
endloop
endfacet
facet normal -0.4205154951847377 0.5684749736483828 0.7071088478056299
outer loop
vertex 22.39535903930664 45.09492111206055 -0.5
vertex 22.09800910949707 45.49689865112305 -1
vertex 21.7247314453125 45.22077560424805 -1
endloop
endfacet
facet normal -0.36535200365395515 0.6072818392951788 0.7054974706462844
outer loop
vertex 21.7247314453125 45.22077560424805 -1
vertex 21.955852508544922 44.77895736694336 -0.5
vertex 22.02208137512207 44.81880187988281 -0.5
endloop
endfacet
facet normal -0.3282143415564051 0.6274223959881295 0.7061278092592093
outer loop
vertex 21.544437408447266 44.56373977661133 -0.5
vertex 21.955852508544922 44.77895736694336 -0.5
vertex 21.313316345214844 45.005558013916016 -1
endloop
endfacet
facet normal -0.3282143415564051 0.6274223959881295 0.7061278092592093
outer loop
vertex 21.955852508544922 44.77895736694336 -0.5
vertex 21.7247314453125 45.22077560424805 -1
vertex 21.313316345214844 45.005558013916016 -1
endloop
endfacet
facet normal -0.28356869767146237 0.6497807182376648 0.7052473409432009
outer loop
vertex 21.313316345214844 45.005558013916016 -1
vertex 21.473669052124023 44.53285598754883 -0.5
vertex 21.544437408447266 44.56373977661133 -0.5
endloop
endfacet
facet normal -0.22836610114954395 0.6692150980620066 0.7071068351894323
outer loop
vertex 21.473669052124023 44.53285598754883 -0.5
vertex 20.873620986938477 44.85640335083008 -1
vertex 21.034242630004883 44.382904052734375 -0.5
endloop
endfacet
facet normal -0.22734401068715837 0.6701909559038179 0.7065117008439449
outer loop
vertex 21.473669052124023 44.53285598754883 -0.5
vertex 21.313316345214844 45.005558013916016 -1
vertex 20.873620986938477 44.85640335083008 -1
endloop
endfacet
facet normal -0.17401468351518318 0.6864921162270329 0.7060081191312466
outer loop
vertex 20.873620986938477 44.85640335083008 -1
vertex 20.959238052368164 44.3638916015625 -0.5
vertex 21.034242630004883 44.382904052734375 -0.5
endloop
endfacet
facet normal -0.12112349188127854 0.6967287961904033 0.7070347122126022
outer loop
vertex 20.959238052368164 44.3638916015625 -0.5
vertex 20.873620986938477 44.85640335083008 -1
vertex 20.416175842285156 44.776878356933594 -1
endloop
endfacet
facet normal -0.12111830739773265 0.6967323951386456 0.7070320538543318
outer loop
vertex 20.959238052368164 44.3638916015625 -0.5
vertex 20.416175842285156 44.776878356933594 -1
vertex 20.501792907714844 44.28437042236328 -0.5
endloop
endfacet
facet normal -0.06175616661095332 0.705757300768696 0.7057569045338519
outer loop
vertex 20.416175842285156 44.776878356933594 -1
vertex 20.424760818481445 44.27762985229492 -0.5
vertex 20.501792907714844 44.28437042236328 -0.5
endloop
endfacet
facet normal -0.01216753686197587 0.7074815180412367 0.706627095911825
outer loop
vertex 20.424760818481445 44.27762985229492 -0.5
vertex 20.416175842285156 44.776878356933594 -1
vertex 19.951936721801758 44.76889419555664 -1
endloop
endfacet
facet normal -0.012167586439227936 0.7074814939774114 0.7066271191510652
outer loop
vertex 19.951936721801758 44.76889419555664 -1
vertex 19.96052360534668 44.26964569091797 -0.5
vertex 20.424760818481445 44.27762985229492 -0.5
endloop
endfacet
facet normal 0.0481045956649426 0.7072320849560939 0.7053429845717392
outer loop
vertex 19.951936721801758 44.76889419555664 -1
vertex 19.883464813232422 44.27488708496094 -0.5
vertex 19.96052360534668 44.26964569091797 -0.5
endloop
endfacet
facet normal 0.09720631790005062 0.701300742135411 0.7062069107851014
outer loop
vertex 19.883464813232422 44.27488708496094 -0.5
vertex 19.951936721801758 44.76889419555664 -1
vertex 19.492027282714844 44.8326416015625 -1
endloop
endfacet
facet normal 0.09720024335624805 0.7012988832817268 0.7062095928258756
outer loop
vertex 19.883464813232422 44.27488708496094 -0.5
vertex 19.492027282714844 44.8326416015625 -1
vertex 19.423555374145508 44.33863067626953 -0.5
endloop
endfacet
facet normal 0.1399990000617827 0.6946965120477694 0.7055473308930907
outer loop
vertex 19.423555374145508 44.33863067626953 -0.5
vertex 19.492027282714844 44.8326416015625 -1
vertex 19.347782135009766 44.35390090942383 -0.5
endloop
endfacet
facet normal 0.20399045641623717 0.6770440517970062 0.7071062477572857
outer loop
vertex 18.903217315673828 44.48784637451172 -0.5
vertex 19.347782135009766 44.35390090942383 -0.5
vertex 19.149864196777344 44.935733795166016 -1
endloop
endfacet
facet normal 0.20399031513763782 0.6770440446470143 0.707106295360223
outer loop
vertex 19.347782135009766 44.35390090942383 -0.5
vertex 19.492027282714844 44.8326416015625 -1
vertex 19.149864196777344 44.935733795166016 -1
endloop
endfacet
facet normal 0.20399086886203618 0.6770438778106452 0.7071062953616207
outer loop
vertex 19.047462463378906 44.96658706665039 -1
vertex 18.903217315673828 44.48784637451172 -0.5
vertex 19.149864196777344 44.935733795166016 -1
endloop
endfacet
facet normal 0.27231860962224497 0.6545447300688921 0.7052756703534075
outer loop
vertex 18.903217315673828 44.48784637451172 -0.5
vertex 19.047462463378906 44.96658706665039 -1
vertex 18.83188247680664 44.51752471923828 -0.5
endloop
endfacet
facet normal 0.30659592105067773 0.6386503157644216 0.705779509031745
outer loop
vertex 18.83188247680664 44.51752471923828 -0.5
vertex 18.628890991210938 45.16753005981445 -1
vertex 18.413311004638672 44.718467712402344 -0.5
endloop
endfacet
facet normal 0.30659592105067773 0.6386503157644216 0.705779509031745
outer loop
vertex 18.628890991210938 45.16753005981445 -1
vertex 18.83188247680664 44.51752471923828 -0.5
vertex 19.047462463378906 44.96658706665039 -1
endloop
endfacet
facet normal 0.35534252066613775 0.6140772882517982 0.7047274487771521
outer loop
vertex 18.413311004638672 44.718467712402344 -0.5
vertex 18.628890991210938 45.16753005981445 -1
vertex 18.347078323364258 44.75679397583008 -0.5
endloop
endfacet
facet normal 0.39813620633883257 0.5843334467764567 0.7071364678620872
outer loop
vertex 18.14011573791504 45.50288772583008 -1
vertex 17.86787223815918 45.08330154418945 -0.5
vertex 18.347078323364258 44.75679397583008 -0.5
endloop
endfacet
facet normal 0.4008023725791608 0.5841592455794611 0.7057729336967737
outer loop
vertex 18.347078323364258 44.75679397583008 -0.5
vertex 18.628890991210938 45.16753005981445 -1
vertex 18.14011573791504 45.50288772583008 -1
endloop
endfacet
facet normal 0.3694606914859689 0.6029062448353032 0.7071088016601853
outer loop
vertex 17.86787223815918 45.08330154418945 -0.5
vertex 18.14011573791504 45.50288772583008 -1
vertex 16.266679763793945 46.65092849731445 -1
endloop
endfacet
facet normal 0.3694625797549728 0.6029075137637836 0.7071067331089228
outer loop
vertex 16.266679763793945 46.65092849731445 -1
vertex 16.022180557250977 46.2143440246582 -0.5
vertex 17.86787223815918 45.08330154418945 -0.5
endloop
endfacet
facet normal 0.32102310354622826 0.6300353020528046 0.7071065585587358
outer loop
vertex 16.05663299560547 46.75795364379883 -1
vertex 15.847142219543457 46.303531646728516 -0.5
vertex 16.022180557250977 46.2143440246582 -0.5
endloop
endfacet
facet normal 0.32102207591843923 0.6300355736833141 0.7071067830720854
outer loop
vertex 16.022180557250977 46.2143440246582 -0.5
vertex 16.266679763793945 46.65092849731445 -1
vertex 16.05663299560547 46.75795364379883 -1
endloop
endfacet
facet normal 0.270598253950365 0.6532815233208682 0.7071066653953842
outer loop
vertex 16.05663299560547 46.75795364379883 -1
vertex 14.026668548583984 47.598793029785156 -1
vertex 15.847142219543457 46.303531646728516 -0.5
endloop
endfacet
facet normal 0.27059714164635684 0.6532804920836726 0.7071080437922738
outer loop
vertex 14.026668548583984 47.598793029785156 -1
vertex 13.853476524353027 47.12933349609375 -0.5
vertex 15.847142219543457 46.303531646728516 -0.5
endloop
endfacet
facet normal 0.21851032672265716 0.6724986901244578 0.7071058965221872
outer loop
vertex 13.802465438842773 47.67163848876953 -1
vertex 13.666641235351562 47.190040588378906 -0.5
vertex 13.853476524353027 47.12933349609375 -0.5
endloop
endfacet
facet normal 0.21850074591287838 0.6724996643229241 0.7071079306025851
outer loop
vertex 13.853476524353027 47.12933349609375 -0.5
vertex 14.026668548583984 47.598793029785156 -1
vertex 13.802465438842773 47.67163848876953 -1
endloop
endfacet
facet normal 0.16507029242214455 0.6875685113938678 0.7071077292034703
outer loop
vertex 11.6659574508667 48.1845703125 -1
vertex 11.568336486816406 47.69379806518555 -0.5
vertex 13.666641235351562 47.190040588378906 -0.5
endloop
endfacet
facet normal 0.16507148668421937 0.6875700308921414 0.7071059728943332
outer loop
vertex 13.666641235351562 47.190040588378906 -0.5
vertex 13.802465438842773 47.67163848876953 -1
vertex 11.6659574508667 48.1845703125 -1
endloop
endfacet
facet normal 0.11062826020209883 0.6984018225126729 0.7071041524101197
outer loop
vertex 11.43311882019043 48.2214469909668 -1
vertex 11.37430477142334 47.72453308105469 -0.5
vertex 11.568336486816406 47.69379806518555 -0.5
endloop
endfacet
facet normal 0.1106118239685894 0.6984009054025844 0.7071076295241003
outer loop
vertex 11.568336486816406 47.69379806518555 -0.5
vertex 11.6659574508667 48.1845703125 -1
vertex 11.43311882019043 48.2214469909668 -1
endloop
endfacet
facet normal 0.055479124813260026 0.7049281380404441 0.7071056405578925
outer loop
vertex 11.37430477142334 47.72453308105469 -0.5
vertex 10.494175910949707 48.295345306396484 -1
vertex 9.242673873901367 48.39384078979492 -1
endloop
endfacet
facet normal 0.055478517873337824 0.7049270505274908 0.7071067723400688
outer loop
vertex 9.242673873901367 48.39384078979492 -1
vertex 9.223029136657715 47.89384078979492 -0.5
vertex 11.37430477142334 47.72453308105469 -0.5
endloop
endfacet
facet normal 0.055480567826246316 0.7049292728555943 0.7071043960158644
outer loop
vertex 11.37430477142334 47.72453308105469 -0.5
vertex 11.43311882019043 48.2214469909668 -1
vertex 10.494175910949707 48.295345306396484 -1
endloop
endfacet
facet normal 0 0.7071067811865476 0.7071067811865476
outer loop
vertex 9.223029136657715 47.89384078979492 -0.5
vertex 9.242673873901367 48.39384078979492 -1
vertex 9.006933212280273 48.39384078979492 -1
endloop
endfacet
facet normal 0 0.7071067811865476 0.7071067811865476
outer loop
vertex 9.006933212280273 48.39384078979492 -1
vertex 9.026578903198242 47.89384078979492 -0.5
vertex 9.223029136657715 47.89384078979492 -0.5
endloop
endfacet
facet normal -0.05547992132045782 0.704926118128105 0.7071075917504469
outer loop
vertex 9.026578903198242 47.89384078979492 -0.5
vertex 7.7626118659973145 48.2959098815918 -1
vertex 6.816488742828369 48.2214469909668 -1
endloop
endfacet
facet normal -0.05547869499417251 0.7049294573289434 0.707104359052937
outer loop
vertex 6.816488742828369 48.2214469909668 -1
vertex 6.875302791595459 47.72453308105469 -0.5
vertex 9.026578903198242 47.89384078979492 -0.5
endloop
endfacet
facet normal -0.05547934743830195 0.7049269486211608 0.7071068088453677
outer loop
vertex 9.026578903198242 47.89384078979492 -0.5
vertex 9.006933212280273 48.39384078979492 -1
vertex 7.7626118659973145 48.2959098815918 -1
endloop
endfacet
facet normal -0.1106274188731331 0.6983982274848106 0.7071078348028279
outer loop
vertex 6.583650588989258 48.1845703125 -1
vertex 6.681270599365234 47.69379806518555 -0.5
vertex 6.875302791595459 47.72453308105469 -0.5
endloop
endfacet
facet normal -0.11061254010682157 0.698403996800205 0.7071044641526569
outer loop
vertex 6.875302791595459 47.72453308105469 -0.5
vertex 6.816488742828369 48.2214469909668 -1
vertex 6.583650588989258 48.1845703125 -1
endloop
endfacet
facet normal -0.1650710471335766 0.6875685069480124 0.7071075573429445
outer loop
vertex 6.681270599365234 47.69379806518555 -0.5
vertex 6.583650588989258 48.1845703125 -1
vertex 4.447141647338867 47.67163848876953 -1
endloop
endfacet
facet normal -0.16507073997383204 0.6875700630851913 0.7071061159073068
outer loop
vertex 4.447141647338867 47.67163848876953 -1
vertex 4.5829668045043945 47.190040588378906 -0.5
vertex 6.681270599365234 47.69379806518555 -0.5
endloop
endfacet
facet normal -0.2185016759514283 0.6725010965030256 0.7071062811265681
outer loop
vertex 4.5829668045043945 47.190040588378906 -0.5
vertex 4.447141647338867 47.67163848876953 -1
vertex 4.2229390144348145 47.598793029785156 -1
endloop
endfacet
facet normal -0.21850913980357906 0.6724967535287936 0.707108105112318
outer loop
vertex 4.2229390144348145 47.598793029785156 -1
vertex 4.3961310386657715 47.12933349609375 -0.5
vertex 4.5829668045043945 47.190040588378906 -0.5
endloop
endfacet
facet normal -0.2705971694922829 0.653280481185265 0.7071080432049357
outer loop
vertex 2.402465581893921 46.303531646728516 -0.5
vertex 4.3961310386657715 47.12933349609375 -0.5
vertex 4.2229390144348145 47.598793029785156 -1
endloop
endfacet
facet normal -0.2705981776656023 0.6532814158809401 0.7071067938498747
outer loop
vertex 2.192974328994751 46.75795364379883 -1
vertex 2.402465581893921 46.303531646728516 -0.5
vertex 4.2229390144348145 47.598793029785156 -1
endloop
endfacet
facet normal -0.32102264868961145 0.6300352675235473 0.707106795827079
outer loop
vertex 1.9829277992248535 46.65092849731445 -1
vertex 2.2274270057678223 46.2143440246582 -0.5
vertex 2.402465581893921 46.303531646728516 -0.5
endloop
endfacet
facet normal -0.32102239126017856 0.6300354774331383 0.7071067256681938
outer loop
vertex 2.402465581893921 46.303531646728516 -0.5
vertex 2.192974328994751 46.75795364379883 -1
vertex 1.9829277992248535 46.65092849731445 -1
endloop
endfacet
facet normal -0.369461707448074 0.6029080250228388 0.7071067529677636
outer loop
vertex 2.2274270057678223 46.2143440246582 -0.5
vertex 1.9829277992248535 46.65092849731445 -1
vertex 0.10949144512414932 45.50288772583008 -1
endloop
endfacet
facet normal -0.3694615443866492 0.6029066644366946 0.7071079982557481
outer loop
vertex 0.10949144512414932 45.50288772583008 -1
vertex 0.3874908983707428 45.086830139160156 -0.5
vertex 2.2274270057678223 46.2143440246582 -0.5
endloop
endfacet
facet normal -0.41562664329403276 0.5720601973876229 0.7071079294909431
outer loop
vertex 0.3874908983707428 45.086830139160156 -0.5
vertex 0.10949144512414932 45.50288772583008 -1
vertex -0.08122673630714417 45.364322662353516 -1
endloop
endfacet
facet normal -0.4156266379188388 0.5720602033981469 0.7071079277877976
outer loop
vertex 0.3874908983707428 45.086830139160156 -0.5
vertex -0.08122673630714417 45.364322662353516 -1
vertex 0.22855907678604126 44.97135925292969 -0.5
endloop
endfacet
facet normal -0.45922842645294504 0.537688622732782 0.7071069207137463
outer loop
vertex -0.4930132031440735 45.01262283325195 -1
vertex -0.1682891845703125 44.63241958618164 -0.5
vertex 0.22855907678604126 44.97135925292969 -0.5
endloop
endfacet
facet normal -0.4592291623346952 0.5376867958945695 0.70710783193372
outer loop
vertex 0.22855907678604126 44.97135925292969 -0.5
vertex -0.08122673630714417 45.364322662353516 -1
vertex -0.4930132031440735 45.01262283325195 -1
endloop
endfacet
facet normal -0.411227140809732 0.5768985377941562 0.7057480540195753
outer loop
vertex -0.4930132031440735 45.01262283325195 -1
vertex -0.20700213313102722 44.60482406616211 -0.5
vertex -0.1682891845703125 44.63241958618164 -0.5
endloop
endfacet
facet normal -0.4067990756498738 0.5800168759886744 0.7057584116528455
outer loop
vertex -0.9600673913955688 44.68505096435547 -1
vertex -0.20700213313102722 44.60482406616211 -0.5
vertex -0.4930132031440735 45.01262283325195 -1
endloop
endfacet
facet normal -0.40679906521232256 0.5800168981171157 0.7057583994831235
outer loop
vertex -0.9600673913955688 44.68505096435547 -1
vertex -0.674056351184845 44.277252197265625 -0.5
vertex -0.20700213313102722 44.60482406616211 -0.5
endloop
endfacet
facet normal -0.3559263872053705 0.6140743661794065 0.7044352913449842
outer loop
vertex -0.674056351184845 44.277252197265625 -0.5
vertex -0.9600673913955688 44.68505096435547 -1
vertex -0.7483805418014526 44.23417282104492 -0.5
endloop
endfacet
facet normal -0.3010865216530648 0.641289102597937 0.7057585942572652
outer loop
vertex -0.7483805418014526 44.23417282104492 -0.5
vertex -0.9600673913955688 44.68505096435547 -1
vertex -1.3803566694259644 44.48772430419922 -1
endloop
endfacet
facet normal -0.3031337606354464 0.6388384679928044 0.7071034825084789
outer loop
vertex -1.3803566694259644 44.48772430419922 -1
vertex -1.167861819267273 44.035125732421875 -0.5
vertex -0.7483805418014526 44.23417282104492 -0.5
endloop
endfacet
facet normal -0.2354002931386834 0.6686660209367048 0.7053172721796171
outer loop
vertex -1.3803566694259644 44.48772430419922 -1
vertex -1.240743637084961 44.00946807861328 -0.5
vertex -1.167861819267273 44.035125732421875 -0.5
endloop
endfacet
facet normal -0.19849910258599152 0.6799879732514522 0.7058430863201383
outer loop
vertex -1.82606041431427 44.35761642456055 -1
vertex -1.240743637084961 44.00946807861328 -0.5
vertex -1.3803566694259644 44.48772430419922 -1
endloop
endfacet
facet normal -0.20075249116579938 0.6780122228093926 0.7071052701060799
outer loop
vertex -1.82606041431427 44.35761642456055 -1
vertex -1.6859487295150757 43.877647399902344 -0.5
vertex -1.240743637084961 44.00946807861328 -0.5
endloop
endfacet
facet normal -0.13220176312751103 0.6963102109566744 0.7054606891552846
outer loop
vertex -1.82606041431427 44.35761642456055 -1
vertex -1.7618768215179443 43.86323165893555 -0.5
vertex -1.6859487295150757 43.877647399902344 -0.5
endloop
endfacet
facet normal -0.0911688209629056 0.7022511883866345 0.7060676415852758
outer loop
vertex -2.2865025997161865 44.2978401184082 -1
vertex -2.2223191261291504 43.8034553527832 -0.5
vertex -1.7618768215179443 43.86323165893555 -0.5
endloop
endfacet
facet normal -0.09116884277624447 0.7022511745954017 0.7060676524853826
outer loop
vertex -1.7618768215179443 43.86323165893555 -0.5
vertex -1.82606041431427 44.35761642456055 -1
vertex -2.2865025997161865 44.2978401184082 -1
endloop
endfacet
facet normal -0.06176535435074524 0.7057553674507423 0.7057580338305719
outer loop
vertex -2.2223191261291504 43.8034553527832 -0.5
vertex -2.2865025997161865 44.2978401184082 -1
vertex -2.2863502502441406 43.7978515625 -0.5
endloop
endfacet
facet normal -0.00021550794476557527 0.707114824174736 0.7070987052658616
outer loop
vertex -2.2863502502441406 43.7978515625 -0.5
vertex -2.2865025997161865 44.2978401184082 -1
vertex -3.3003480434417725 44.29753112792969 -1
endloop
endfacet
facet normal -0.00021601231764445793 0.7071078691532252 0.7071056602236078
outer loop
vertex -15.417837142944336 44.29383850097656 -1
vertex -15.21066665649414 43.79390335083008 -0.5
vertex -2.2863502502441406 43.7978515625 -0.5
endloop
endfacet
facet normal -0.0002154828720029575 0.7071148496101426 0.7070986798375156
outer loop
vertex -2.2863502502441406 43.7978515625 -0.5
vertex -3.3003480434417725 44.29753112792969 -1
vertex -15.417837142944336 44.29383850097656 -1
endloop
endfacet
facet normal -0.5009518214170664 0.5009524599773524 0.7057576818296509
outer loop
vertex -16.561948776245117 42.4453125 -0.5
vertex -15.417837142944336 44.29383850097656 -1
vertex -16.91415786743164 42.79751968383789 -1
endloop
endfacet
facet normal -0.4993988090100344 0.5003954170568673 0.7072519043083892
outer loop
vertex -15.417837142944336 44.29383850097656 -1
vertex -16.561948776245117 42.4453125 -0.5
vertex -15.21066665649414 43.79390335083008 -0.5
endloop
endfacet
facet normal -0.4745450173878232 0.5242330405549136 0.7070974088928208
outer loop
vertex -17.16938018798828 42.56986618041992 -1
vertex -16.8365535736084 42.19673538208008 -0.5
vertex -16.561948776245117 42.4453125 -0.5
endloop
endfacet
facet normal -0.47196541523537144 0.5291203811508851 0.7051810186558098
outer loop
vertex -17.16938018798828 42.56986618041992 -1
vertex -16.561948776245117 42.4453125 -0.5
vertex -16.91415786743164 42.79751968383789 -1
endloop
endfacet
facet normal -0.43465688473159775 0.5587527112895835 0.7063064492003184
outer loop
vertex -17.16938018798828 42.56986618041992 -1
vertex -16.88959312438965 42.15547561645508 -0.5
vertex -16.8365535736084 42.19673538208008 -0.5
endloop
endfacet
facet normal -0.3956815950903914 0.5860339024790511 0.7071070219223521
outer loop
vertex -16.88959312438965 42.15547561645508 -0.5
vertex -17.16938018798828 42.56986618041992 -1
vertex -17.274398803710938 41.895660400390625 -0.5
endloop
endfacet
facet normal -0.3956798256473083 0.5860341865564349 0.7071077766245067
outer loop
vertex -17.274398803710938 41.895660400390625 -0.5
vertex -17.16938018798828 42.56986618041992 -1
vertex -17.554187774658203 42.31005096435547 -1
endloop
endfacet
facet normal -0.33481119069681453 0.6249050477694595 0.7052624673527088
outer loop
vertex -17.554187774658203 42.31005096435547 -1
vertex -17.342500686645508 41.85917282104492 -0.5
vertex -17.274398803710938 41.895660400390625 -0.5
endloop
endfacet
facet normal -0.3031336367039811 0.6388382068137551 0.7071037716018808
outer loop
vertex -17.974477767944336 42.11272430419922 -1
vertex -17.761981964111328 41.660125732421875 -0.5
vertex -17.342500686645508 41.85917282104492 -0.5
endloop
endfacet
facet normal -0.30108607129912907 0.6412892347372505 0.7057586663157367
outer loop
vertex -17.974477767944336 42.11272430419922 -1
vertex -17.342500686645508 41.85917282104492 -0.5
vertex -17.554187774658203 42.31005096435547 -1
endloop
endfacet
facet normal -0.2354005551205891 0.6686656714029758 0.7053175161132227
outer loop
vertex -17.974477767944336 42.11272430419922 -1
vertex -17.834863662719727 41.63446807861328 -0.5
vertex -17.761981964111328 41.660125732421875 -0.5
endloop
endfacet
facet normal -0.1985037767399237 0.6799836847257997 0.7058459032442639
outer loop
vertex -18.420181274414062 41.98261642456055 -1
vertex -18.280567169189453 41.504356384277344 -0.5
vertex -17.834863662719727 41.63446807861328 -0.5
endloop
endfacet
facet normal -0.19849914075335656 0.67998774025599 0.7058433000473485
outer loop
vertex -18.420181274414062 41.98261642456055 -1
vertex -17.834863662719727 41.63446807861328 -0.5
vertex -17.974477767944336 42.11272430419922 -1
endloop
endfacet
facet normal -0.14828114670904108 0.6936449620182691 0.7048896141931201
outer loop
vertex -18.280567169189453 41.504356384277344 -0.5
vertex -18.420181274414062 41.98261642456055 -1
vertex -18.35599708557129 41.48823165893555 -0.5
endloop
endfacet
facet normal -0.0932486601255764 0.7009335222603642 0.7071045783732872
outer loop
vertex -18.88062286376953 41.9228401184082 -1
vertex -18.81624984741211 41.427001953125 -0.5
vertex -18.35599708557129 41.48823165893555 -0.5
endloop
endfacet
facet normal -0.09116895184309438 0.7022511056391307 0.7060677069859873
outer loop
vertex -18.35599708557129 41.48823165893555 -0.5
vertex -18.420181274414062 41.98261642456055 -1
vertex -18.88062286376953 41.9228401184082 -1
endloop
endfacet
facet normal -0.045531242406550654 0.7063823144707744 0.7063645884158041
outer loop
vertex -18.88062286376953 41.9228401184082 -1
vertex -18.880699157714844 41.422847747802734 -0.5
vertex -18.81624984741211 41.427001953125 -0.5
endloop
endfacet
facet normal 0.00010705610048554268 0.7071121637838946 0.7071013904440084
outer loop
vertex -26.011178970336914 41.923919677734375 -1
vertex -18.880699157714844 41.422847747802734 -0.5
vertex -18.88062286376953 41.9228401184082 -1
endloop
endfacet
facet normal 0.00010705612915284333 0.7071121639880835 0.7071013902398119
outer loop
vertex -26.011253356933594 41.423927307128906 -0.5
vertex -18.880699157714844 41.422847747802734 -0.5
vertex -26.011178970336914 41.923919677734375 -1
endloop
endfacet
facet normal 0.06173864797655148 0.7057586609953812 0.7057570770286572
outer loop
vertex -26.011253356933594 41.423927307128906 -0.5
vertex -26.011178970336914 41.923919677734375 -1
vertex -26.07862663269043 41.4298210144043 -0.5
endloop
endfacet
facet normal 0.09576849569510748 0.7015334623759357 0.7061722144060384
outer loop
vertex -26.07862663269043 41.4298210144043 -0.5
vertex -26.47121810913086 41.98672103881836 -1
vertex -26.538665771484375 41.49262237548828 -0.5
endloop
endfacet
facet normal 0.09576849569510748 0.7015334623759357 0.7061722144060384
outer loop
vertex -26.07862663269043 41.4298210144043 -0.5
vertex -26.011178970336914 41.923919677734375 -1
vertex -26.47121810913086 41.98672103881836 -1
endloop
endfacet
facet normal 0.15338347735885216 0.6924524087029205 0.7049703331026279
outer loop
vertex -26.47121810913086 41.98672103881836 -1
vertex -26.61399269104004 41.509307861328125 -0.5
vertex -26.538665771484375 41.49262237548828 -0.5
endloop
endfacet
facet normal 0.20294584377500746 0.678612167640396 0.7059026210638782
outer loop
vertex -26.61399269104004 41.509307861328125 -0.5
vertex -26.916057586669922 42.1197509765625 -1
vertex -27.0588321685791 41.64234161376953 -0.5
endloop
endfacet
facet normal 0.2029397604041648 0.678611284955423 0.7059052185515062
outer loop
vertex -26.61399269104004 41.509307861328125 -0.5
vertex -26.47121810913086 41.98672103881836 -1
vertex -26.916057586669922 42.1197509765625 -1
endloop
endfacet
facet normal 0.2568439935894244 0.6613083529942518 0.704771186426535
outer loop
vertex -26.916057586669922 42.1197509765625 -1
vertex -27.130708694458008 41.670257568359375 -0.5
vertex -27.0588321685791 41.64234161376953 -0.5
endloop
endfacet
facet normal 0.30528361983762886 0.6392883459114594 0.7057707292319683
outer loop
vertex -27.130708694458008 41.670257568359375 -0.5
vertex -27.33504295349121 42.31983184814453 -1
vertex -27.549694061279297 41.870338439941406 -0.5
endloop
endfacet
facet normal 0.30528361983762886 0.6392883459114594 0.7057707292319683
outer loop
vertex -27.130708694458008 41.670257568359375 -0.5
vertex -26.916057586669922 42.1197509765625 -1
vertex -27.33504295349121 42.31983184814453 -1
endloop
endfacet
facet normal 0.35430510411835503 0.6146975889821916 0.7047089947596541
outer loop
vertex -27.33504295349121 42.31983184814453 -1
vertex -27.616485595703125 41.908836364746094 -0.5
vertex -27.549694061279297 41.870338439941406 -0.5
endloop
endfacet
facet normal 0.4002708864314247 0.5845194693226559 0.7057763154556566
outer loop
vertex -27.616485595703125 41.908836364746094 -0.5
vertex -27.718135833740234 42.58216857910156 -1
vertex -27.99957847595215 42.171173095703125 -0.5
endloop
endfacet
facet normal 0.4002708864314247 0.5845194693226559 0.7057763154556566
outer loop
vertex -27.616485595703125 41.908836364746094 -0.5
vertex -27.33504295349121 42.31983184814453 -1
vertex -27.718135833740234 42.58216857910156 -1
endloop
endfacet
facet normal 0.4435035803800625 0.5537038844390477 0.7047812302744556
outer loop
vertex -27.99957847595215 42.171173095703125 -0.5
vertex -27.718135833740234 42.58216857910156 -1
vertex -28.059762954711914 42.21937942504883 -0.5
endloop
endfacet
facet normal 0.48557373571023066 0.515653679142629 0.7059174387809678
outer loop
vertex -28.059762954711914 42.21937942504883 -0.5
vertex -27.718135833740234 42.58216857910156 -1
vertex -28.39778709411621 42.53768539428711 -0.5
endloop
endfacet
facet normal 0.485572918438544 0.5156557208865684 0.70591650950805
outer loop
vertex -28.39778709411621 42.53768539428711 -0.5
vertex -27.718135833740234 42.58216857910156 -1
vertex -28.056161880493164 42.900474548339844 -1
endloop
endfacet
facet normal 0.5222938818727701 0.47979504435482473 0.7049863944579531
outer loop
vertex -28.39778709411621 42.53768539428711 -0.5
vertex -28.056161880493164 42.900474548339844 -1
vertex -28.449983596801758 42.594505310058594 -0.5
endloop
endfacet
facet normal 0.5591083758124052 0.43438281253488964 0.7061935968774378
outer loop
vertex -28.341022491455078 43.267127990722656 -1
vertex -28.734844207763672 42.961158752441406 -0.5
vertex -28.449983596801758 42.594505310058594 -0.5
endloop
endfacet
facet normal 0.5591059406663216 0.4343840667104028 0.7061947533788112
outer loop
vertex -28.449983596801758 42.594505310058594 -0.5
vertex -28.17435073852539 43.0526008605957 -1
vertex -28.341022491455078 43.267127990722656 -1
endloop
endfacet
facet normal 0.5591105252830132 0.4343800458783058 0.7061935968702306
outer loop
vertex -28.449983596801758 42.594505310058594 -0.5
vertex -28.056161880493164 42.900474548339844 -1
vertex -28.17435073852539 43.0526008605957 -1
endloop
endfacet
facet normal 0.5814370395974416 0.4048518883652793 0.7057095135190049
outer loop
vertex -28.734844207763672 42.961158752441406 -0.5
vertex -28.341022491455078 43.267127990722656 -1
vertex -28.775066375732422 43.018924713134766 -0.5
endloop
endfacet
facet normal 0.6138311108829337 0.3510151707683795 0.7071065812186087
outer loop
vertex -28.754806518554688 43.990726470947266 -1
vertex -29.174497604370117 43.71742248535156 -0.5
vertex -28.775066375732422 43.018924713134766 -0.5
endloop
endfacet
facet normal 0.6138318940429349 0.35101487913632035 0.7071060461349328
outer loop
vertex -28.775066375732422 43.018924713134766 -0.5
vertex -28.341022491455078 43.267127990722656 -1
vertex -28.754806518554688 43.990726470947266 -1
endloop
endfacet
facet normal 0.569279273557822 0.41942985315185705 0.7071065739918487
outer loop
vertex -29.174497604370117 43.71742248535156 -0.5
vertex -28.754806518554688 43.990726470947266 -1
vertex -29.265430450439453 44.683780670166016 -1
endloop
endfacet
facet normal 0.5692785070410707 0.41943004227630976 0.707107078918874
outer loop
vertex -29.265430450439453 44.683780670166016 -1
vertex -29.644636154174805 44.355525970458984 -0.5
vertex -29.174497604370117 43.71742248535156 -0.5
endloop
endfacet
facet normal 0.4966766207504331 0.5033008566883594 0.7071071927626631
outer loop
vertex -29.93424415588379 45.34379196166992 -1
vertex -30.25705909729004 44.95988845825195 -0.5
vertex -29.644636154174805 44.355525970458984 -0.5
endloop
endfacet
facet normal 0.4966767885564822 0.5033008489987141 0.7071070803678839
outer loop
vertex -29.644636154174805 44.355525970458984 -0.5
vertex -29.265430450439453 44.683780670166016 -1
vertex -29.93424415588379 45.34379196166992 -1
endloop
endfacet
facet normal 0.4106107390092589 0.5756753450184229 0.7071044605630697
outer loop
vertex -30.63508415222168 45.84367370605469 -1
vertex -30.89339828491211 45.41376876831055 -0.5
vertex -30.25705909729004 44.95988845825195 -0.5
endloop
endfacet
facet normal 0.41060649067039423 0.5756750564514579 0.7071071624576818
outer loop
vertex -30.25705909729004 44.95988845825195 -0.5
vertex -29.93424415588379 45.34379196166992 -1
vertex -30.63508415222168 45.84367370605469 -1
endloop
endfacet
facet normal 0.31552072679918486 0.6328080185499455 0.707107263870911
outer loop
vertex -31.47599220275879 46.26295852661133 -1
vertex -31.663408279418945 45.797698974609375 -0.5
vertex -30.89339828491211 45.41376876831055 -0.5
endloop
endfacet
facet normal 0.31552469722297066 0.6328091193137703 0.7071045070961459
outer loop
vertex -30.89339828491211 45.41376876831055 -0.5
vertex -30.63508415222168 45.84367370605469 -1
vertex -31.47599220275879 46.26295852661133 -1
endloop
endfacet
facet normal 0.21121250668517436 0.6748236655228076 0.7071084057413878
outer loop
vertex -32.29753875732422 46.52009582519531 -1
vertex -32.40934753417969 46.03116989135742 -0.5
vertex -31.663408279418945 45.797698974609375 -0.5
endloop
endfacet
facet normal 0.21122240035250148 0.6748216445174442 0.7071073791724279
outer loop
vertex -31.663408279418945 45.797698974609375 -0.5
vertex -31.47599220275879 46.26295852661133 -1
vertex -31.61485481262207 46.30642318725586 -1
endloop
endfacet
facet normal 0.21121244886837834 0.6748236421573257 0.7071084453098718
outer loop
vertex -31.663408279418945 45.797698974609375 -0.5
vertex -31.61485481262207 46.30642318725586 -1
vertex -32.29753875732422 46.52009582519531 -1
endloop
endfacet
facet normal 0.10307881516333775 0.6995537307438868 0.7071063114319036
outer loop
vertex -33.22714614868164 46.65707015991211 -1
vertex -33.263858795166016 46.157081604003906 -0.5
vertex -32.40934753417969 46.03116989135742 -0.5
endloop
endfacet
facet normal 0.10307918872956295 0.699553979078184 0.7071060112930273
outer loop
vertex -32.40934753417969 46.03116989135742 -0.5
vertex -32.748748779296875 46.586578369140625 -1
vertex -33.22714614868164 46.65707015991211 -1
endloop
endfacet
facet normal 0.10307404327960132 0.6995526731235829 0.7071080533607605
outer loop
vertex -32.40934753417969 46.03116989135742 -0.5
vertex -32.29753875732422 46.52009582519531 -1
vertex -32.748748779296875 46.586578369140625 -1
endloop
endfacet
facet normal 0.00021698566010611302 0.7071068906185957 0.707106638461926
outer loop
vertex -33.263858795166016 46.157081604003906 -0.5
vertex -33.22714614868164 46.65707015991211 -1
vertex -71.5774917602539 46.66883850097656 -1
endloop
endfacet
facet normal 0.00021703869487796394 0.7071088989502815 0.7071046301075431
outer loop
vertex -71.5774917602539 46.66883850097656 -1
vertex -71.56765747070312 46.16883850097656 -0.5
vertex -33.263858795166016 46.157081604003906 -0.5
endloop
endfacet
facet normal -0.028016619716119698 0.7065507113182705 0.7071076023882987
outer loop
vertex -72.02686309814453 46.651023864746094 -1
vertex -71.97709655761719 46.15260314941406 -0.5
vertex -71.56765747070312 46.16883850097656 -0.5
endloop
endfacet
facet normal -0.02801024071539425 0.7065538236131569 0.7071047452483215
outer loop
vertex -71.56765747070312 46.16883850097656 -0.5
vertex -71.5774917602539 46.66883850097656 -1
vertex -72.02686309814453 46.651023864746094 -1
endloop
endfacet
facet normal -0.11222526877031623 0.6981440921042856 0.7071070044267084
outer loop
vertex -72.95651245117188 46.501583099365234 -1
vertex -72.8377456665039 46.01425552368164 -0.5
vertex -71.97709655761719 46.15260314941406 -0.5
endloop
endfacet
facet normal -0.11222619855879377 0.6981429238334438 0.7071080103197336
outer loop
vertex -71.97709655761719 46.15260314941406 -0.5
vertex -72.02686309814453 46.651023864746094 -1
vertex -72.95651245117188 46.501583099365234 -1
endloop
endfacet
facet normal -0.2215886683044586 0.671490308233342 0.7071062353195225
outer loop
vertex -72.8377456665039 46.01425552368164 -0.5
vertex -72.95651245117188 46.501583099365234 -1
vertex -73.77400207519531 46.231815338134766 -1
endloop
endfacet
facet normal -0.22158895856440353 0.6714898500458172 0.707106579468604
outer loop
vertex -73.77400207519531 46.231815338134766 -1
vertex -73.5799560546875 45.76932907104492 -0.5
vertex -72.8377456665039 46.01425552368164 -0.5
endloop
endfacet
facet normal -0.32387844216942746 0.6285721635130032 0.7071066326619256
outer loop
vertex -73.5799560546875 45.76932907104492 -0.5
vertex -73.77400207519531 46.231815338134766 -1
vertex -74.06871795654297 46.079959869384766 -1
endloop
endfacet
facet normal -0.3238769168802588 0.6285736134141472 0.7071060424233555
outer loop
vertex -73.5799560546875 45.76932907104492 -0.5
vertex -74.06871795654297 46.079959869384766 -1
vertex -74.60928344726562 45.801429748535156 -1
endloop
endfacet
facet normal -0.32387818246911015 0.628570271717644 0.7071084332924569
outer loop
vertex -74.60928344726562 45.801429748535156 -1
vertex -74.34481048583984 45.37522888183594 -0.5
vertex -73.5799560546875 45.76932907104492 -0.5
endloop
endfacet
facet normal -0.41942873316524837 0.5692777534343539 0.7071084621471657
outer loop
vertex -74.34481048583984 45.37522888183594 -0.5
vertex -74.60928344726562 45.801429748535156 -1
vertex -75.30233764648438 45.29080581665039 -1
endloop
endfacet
facet normal -0.419427718551832 0.569281753312244 0.7071058437434545
outer loop
vertex -75.30233764648438 45.29080581665039 -1
vertex -74.97408294677734 44.91160202026367 -0.5
vertex -74.34481048583984 45.37522888183594 -0.5
endloop
endfacet
facet normal -0.5033028006605084 0.4966772980885883 0.707105333320792
outer loop
vertex -75.57844543457031 44.29917907714844 -0.5
vertex -75.30233764648438 45.29080581665039 -1
vertex -75.96234893798828 44.62199020385742 -1
endloop
endfacet
facet normal -0.5033016144746162 0.4966773685630233 0.7071061281197862
outer loop
vertex -75.30233764648438 45.29080581665039 -1
vertex -75.57844543457031 44.29917907714844 -0.5
vertex -74.97408294677734 44.91160202026367 -0.5
endloop
endfacet
facet normal -0.5756743841226539 0.4106216391078805 0.7070989131382966
outer loop
vertex -75.57844543457031 44.29917907714844 -0.5
vertex -76.31613159179688 44.12598419189453 -1
vertex -76.46223449707031 43.9211540222168 -1
endloop
endfacet
facet normal -0.5756757667742454 0.41060812891503223 0.7071056328567755
outer loop
vertex -75.57844543457031 44.29917907714844 -0.5
vertex -75.96234893798828 44.62199020385742 -1
vertex -76.31613159179688 44.12598419189453 -1
endloop
endfacet
facet normal -0.5756734693253402 0.41060817039000336 0.7071074791882069
outer loop
vertex -76.46223449707031 43.9211540222168 -1
vertex -76.0323257446289 43.662837982177734 -0.5
vertex -75.57844543457031 44.29917907714844 -0.5
endloop
endfacet
facet normal -0.6328077999834534 0.31551826438811753 0.7071085582268196
outer loop
vertex -76.88151550292969 43.08024215698242 -1
vertex -76.41625213623047 42.89282989501953 -0.5
vertex -76.0323257446289 43.662837982177734 -0.5
endloop
endfacet
facet normal -0.6328082738768177 0.31551997368149515 0.707107371423231
outer loop
vertex -76.0323257446289 43.662837982177734 -0.5
vertex -76.46223449707031 43.9211540222168 -1
vertex -76.88151550292969 43.08024215698242 -1
endloop
endfacet
facet normal -0.6748236309105187 0.21121159003707426 0.7071087125744915
outer loop
vertex -76.41625213623047 42.89282989501953 -0.5
vertex -76.88151550292969 43.08024215698242 -1
vertex -77.1386489868164 42.258697509765625 -1
endloop
endfacet
facet normal -0.6748253967350704 0.2112159594862192 0.7071057222082641
outer loop
vertex -77.1386489868164 42.258697509765625 -1
vertex -76.64972686767578 42.146888732910156 -0.5
vertex -76.41625213623047 42.89282989501953 -0.5
endloop
endfacet
facet normal -0.6995546159208084 0.10309888162241355 0.7071025102148186
outer loop
vertex -77.16511535644531 42.079078674316406 -1
vertex -76.65972900390625 42.07902145385742 -0.5
vertex -76.64972686767578 42.146888732910156 -0.5
endloop
endfacet
facet normal -0.6995547231816357 0.10307757442624535 0.7071055104612513
outer loop
vertex -77.1386489868164 42.258697509765625 -1
vertex -77.16511535644531 42.079078674316406 -1
vertex -76.64972686767578 42.146888732910156 -0.5
endloop
endfacet
facet normal -0.7071067741763701 0.0000814853717113557 0.7071067835016309
outer loop
vertex -77.28520965576172 -43.62842559814453 -1
vertex -76.78520965576172 -43.628482818603516 -0.5
vertex -76.78510284423828 -42.701602935791016 -0.5
endloop
endfacet
facet normal -0.7071067748936815 0.00007566503431929182 0.7071067834310878
outer loop
vertex -76.7802734375 0.15215542912483215 -0.5
vertex -77.2802734375 0.15221184492111206 -1
vertex -76.7803726196289 -0.7747238874435425 -0.5
endloop
endfacet
facet normal -0.7071067748327844 0.00007566514379290255 0.707106783491973
outer loop
vertex -77.2779541015625 20.652212142944336 -1
vertex -76.7779541015625 20.65215492248535 -0.5
vertex -77.2778549194336 21.579090118408203 -1
endloop
endfacet
facet normal -0.7071067743317911 0.00008148537172926606 0.7071067833462098
outer loop
vertex -77.28279113769531 -22.201547622680664 -1
vertex -76.78279113769531 -22.201602935791016 -0.5
vertex -76.78268432617188 -21.274723052978516 -0.5
endloop
endfacet
facet normal -0.7071067749771213 0.00007566498810337298 0.7071067833476529
outer loop
vertex -77.2778549194336 21.579090118408203 -1
vertex -76.7779541015625 20.65215492248535 -0.5
vertex -76.7778549194336 21.57903480529785 -0.5
endloop
endfacet
facet normal -0.6978797726509206 -0.11386503627627781 0.7071057745758421
outer loop
vertex -77.20836639404297 -64.12843322753906 -1
vertex -77.18766784667969 -64.25529479980469 -1
vertex -76.70055389404297 -64.13580322265625 -0.5
endloop
endfacet
facet normal -0.6713395219880108 -0.22203976668816838 0.7071079042310111
outer loop
vertex -76.9825439453125 -64.87550354003906 -1
vertex -76.5220718383789 -64.67544555664062 -0.5
vertex -76.70055389404297 -64.13580322265625 -0.5
endloop
endfacet
facet normal -0.6713439449053351 -0.22203603432963687 0.7071048770147965
outer loop
vertex -76.70055389404297 -64.13580322265625 -0.5
vertex -77.18766784667969 -64.25529479980469 -1
vertex -76.9825439453125 -64.87550354003906 -1
endloop
endfacet
facet normal -0.6204454818096488 -0.3391834662145511 0.7071081815031386
outer loop
vertex -76.65702819824219 -65.470947265625 -1
vertex -76.2398910522461 -65.19161987304688 -0.5
vertex -76.5220718383789 -64.67544555664062 -0.5
endloop
endfacet
facet normal -0.6204358024896884 -0.33920300639387696 0.7071073012226163
outer loop
vertex -76.5220718383789 -64.67544555664062 -0.5
vertex -76.9825439453125 -64.87550354003906 -1
vertex -76.88375091552734 -65.05620574951172 -1
endloop
endfacet
facet normal -0.6204550747040706 -0.3391781507878969 0.7071023138853872
outer loop
vertex -76.5220718383789 -64.67544555664062 -0.5
vertex -76.88375091552734 -65.05620574951172 -1
vertex -76.65702819824219 -65.470947265625 -1
endloop
endfacet
facet normal -0.5499125422186482 -0.4445167735594412 0.7071075122885686
outer loop
vertex -76.25273895263672 -65.9710922241211 -1
vertex -75.89134216308594 -65.62281036376953 -0.5
vertex -76.2398910522461 -65.19161987304688 -0.5
endloop
endfacet
facet normal -0.5499110054310467 -0.444517337942134 0.7071083526409895
outer loop
vertex -76.2398910522461 -65.19161987304688 -0.5
vertex -76.65702819824219 -65.470947265625 -1
vertex -76.25273895263672 -65.9710922241211 -1
endloop
endfacet
facet normal -0.46454709712738285 -0.5330990582371905 0.7071077631147481
outer loop
vertex -75.76024627685547 -66.40025329589844 -1
vertex -75.4659423828125 -65.9935073852539 -0.5
vertex -75.89134216308594 -65.62281036376953 -0.5
endloop
endfacet
facet normal -0.4645458959862766 -0.5330992636167557 0.7071083973858465
outer loop
vertex -75.89134216308594 -65.62281036376953 -0.5
vertex -76.25273895263672 -65.9710922241211 -1
vertex -75.76024627685547 -66.40025329589844 -1
endloop
endfacet
facet normal -0.36107512135759706 -0.6079667581947501 0.707107613922211
outer loop
vertex -75.4659423828125 -65.9935073852539 -0.5
vertex -75.76024627685547 -66.40025329589844 -1
vertex -74.96015167236328 -66.29389953613281 -0.5
endloop
endfacet
facet normal -0.3610730788055959 -0.6079707781927552 0.7071052005363442
outer loop
vertex -75.76024627685547 -66.40025329589844 -1
vertex -75.1767807006836 -66.74677276611328 -1
vertex -74.96015167236328 -66.29389953613281 -0.5
endloop
endfacet
facet normal -0.24671627427138543 -0.6626719771043703 0.7071046109100347
outer loop
vertex -75.1767807006836 -66.74677276611328 -1
vertex -74.57408142089844 -66.97116088867188 -1
vertex -74.96015167236328 -66.29389953613281 -0.5
endloop
endfacet
facet normal -0.24671394193815477 -0.6626715463653561 0.7071058283532137
outer loop
vertex -74.57408142089844 -66.97116088867188 -1
vertex -74.44054412841797 -66.48735046386719 -0.5
vertex -74.96015167236328 -66.29389953613281 -0.5
endloop
endfacet
facet normal -0.12812946087328858 -0.6954000504686231 0.7071079203803029
outer loop
vertex -74.44054412841797 -66.48735046386719 -0.5
vertex -74.00557708740234 -67.07591247558594 -1
vertex -73.88589477539062 -66.58954620361328 -0.5
endloop
endfacet
facet normal -0.1281011312153647 -0.6954061408834085 0.7071070636070531
outer loop
vertex -73.93164825439453 -67.08953094482422 -1
vertex -73.88589477539062 -66.58954620361328 -0.5
vertex -74.00557708740234 -67.07591247558594 -1
endloop
endfacet
facet normal -0.12813339475988594 -0.6954013044816388 0.7071059742871235
outer loop
vertex -74.44054412841797 -66.48735046386719 -0.5
vertex -74.57408142089844 -66.97116088867188 -1
vertex -74.00557708740234 -67.07591247558594 -1
endloop
endfacet
facet normal -0.0002129574347233998 -0.7071067651525939 0.7071067651525939
outer loop
vertex -73.88589477539062 -66.58954620361328 -0.5
vertex -69.0473403930664 -67.09100341796875 -1
vertex -69.0473403930664 -66.59100341796875 -0.5
endloop
endfacet
facet normal -0.00021293919654802632 -0.7071175227448367 0.7070960074021799
outer loop
vertex -60.047340393066406 -67.09371185302734 -1
vertex -3.169590473175049 -67.11083984375 -1
vertex -3.1694397926330566 -66.61085510253906 -0.5
endloop
endfacet
facet normal -0.00021317191245296045 -0.7071078013716864 0.7071057288673565
outer loop
vertex -69.0473403930664 -67.09100341796875 -1
vertex -73.88589477539062 -66.58954620361328 -0.5
vertex -73.93164825439453 -67.08953094482422 -1
endloop
endfacet
facet normal -0.00021312509037842194 -0.7071067651273377 0.7071067651273377
outer loop
vertex -60.047340393066406 -66.59371185302734 -0.5
vertex -60.047340393066406 -67.09371185302734 -1
vertex -3.1694397926330566 -66.61085510253906 -0.5
endloop
endfacet
facet normal -0.06171317273552603 -0.7057604531238144 0.7057575129726804
outer loop
vertex -3.1694397926330566 -66.61085510253906 -0.5
vertex -3.169590473175049 -67.11083984375 -1
vertex -3.1033036708831787 -66.61663818359375 -0.5
endloop
endfacet
facet normal -0.09412726092044513 -0.7017938487191888 0.7061341605187522
outer loop
vertex -3.1033036708831787 -66.61663818359375 -0.5
vertex -3.169590473175049 -67.11083984375 -1
vertex -2.7094051837921143 -67.17256164550781 -1
endloop
endfacet
facet normal -0.09413940213854381 -0.7017976224104148 0.7061287914708523
outer loop
vertex -3.1033036708831787 -66.61663818359375 -0.5
vertex -2.7094051837921143 -67.17256164550781 -1
vertex -2.643118381500244 -66.6783676147461 -0.5
endloop
endfacet
facet normal -0.15158266898500722 -0.6928848358709347 0.7049349606052246
outer loop
vertex -2.643118381500244 -66.6783676147461 -0.5
vertex -2.7094051837921143 -67.17256164550781 -1
vertex -2.567755699157715 -66.69485473632812 -0.5
endloop
endfacet
facet normal -0.20135763311930643 -0.6791062607225291 0.7058822778849566
outer loop
vertex -2.567755699157715 -66.69485473632812 -0.5
vertex -2.2642557621002197 -67.30455780029297 -1
vertex -2.1226062774658203 -66.82684326171875 -0.5
endloop
endfacet
facet normal -0.20136980457276193 -0.6791080558193299 0.7058770787662805
outer loop
vertex -2.2642557621002197 -67.30455780029297 -1
vertex -2.567755699157715 -66.69485473632812 -0.5
vertex -2.7094051837921143 -67.17256164550781 -1
endloop
endfacet
facet normal -0.2551033012276114 -0.6619944706663958 0.7047592684810131
outer loop
vertex -2.1226062774658203 -66.82684326171875 -0.5
vertex -2.2642557621002197 -67.30455780029297 -1
vertex -2.0506591796875 -66.85456848144531 -0.5
endloop
endfacet
facet normal -0.30379500466217035 -0.6400014451878748 0.7057667782630065
outer loop
vertex -2.0506591796875 -66.85456848144531 -0.5
vertex -2.2642557621002197 -67.30455780029297 -1
vertex -1.8448050022125244 -67.503662109375 -1
endloop
endfacet
facet normal -0.30379500466217035 -0.6400014451878748 0.7057667782630065
outer loop
vertex -2.0506591796875 -66.85456848144531 -0.5
vertex -1.8448050022125244 -67.503662109375 -1
vertex -1.6312084197998047 -67.05367279052734 -0.5
endloop
endfacet
facet normal -0.3526847919032476 -0.6156240568801645 0.7047130324824219
outer loop
vertex -1.8448050022125244 -67.503662109375 -1
vertex -1.5643151998519897 -67.09199523925781 -0.5
vertex -1.6312084197998047 -67.05367279052734 -0.5
endloop
endfacet
facet normal -0.39889265906112326 -0.5854463420803595 0.7057883727378009
outer loop
vertex -1.5643151998519897 -67.09199523925781 -0.5
vertex -1.8448050022125244 -67.503662109375 -1
vertex -1.4611002206802368 -67.76509857177734 -1
endloop
endfacet
facet normal -0.39890301261985744 -0.5854446348771841 0.7057839372048096
outer loop
vertex -1.5643151998519897 -67.09199523925781 -0.5
vertex -1.4611002206802368 -67.76509857177734 -1
vertex -1.1806102991104126 -67.35343933105469 -0.5
endloop
endfacet
facet normal -0.44203911339054147 -0.554854103254598 0.7047966702066915
outer loop
vertex -1.4611002206802368 -67.76509857177734 -1
vertex -1.1202973127365112 -67.4014892578125 -0.5
vertex -1.1806102991104126 -67.35343933105469 -0.5
endloop
endfacet
facet normal -0.48434571806494764 -0.5167694776494227 0.7059451341018599
outer loop
vertex -1.1223323345184326 -68.0826187133789 -1
vertex -0.781529426574707 -67.71900177001953 -0.5
vertex -1.1202973127365112 -67.4014892578125 -0.5
endloop
endfacet
facet normal -0.48435460975605615 -0.5167665473823198 0.7059411785089571
outer loop
vertex -1.1202973127365112 -67.4014892578125 -0.5
vertex -1.4611002206802368 -67.76509857177734 -1
vertex -1.1223323345184326 -68.0826187133789 -1
endloop
endfacet
facet normal -0.5210309730842084 -0.48111532732373274 0.7050211109612963
outer loop
vertex -0.781529426574707 -67.71900177001953 -0.5
vertex -1.1223323345184326 -68.0826187133789 -1
vertex -0.7291786670684814 -67.77569580078125 -0.5
endloop
endfacet
facet normal -0.5580564269995265 -0.4356656628127733 0.7062354101363292
outer loop
vertex -0.7291786670684814 -67.77569580078125 -0.5
vertex -1.1223323345184326 -68.0826187133789 -1
vertex -0.836616039276123 -68.44860076904297 -1
endloop
endfacet
facet normal -0.5580564269995265 -0.4356656628127733 0.7062354101363292
outer loop
vertex -0.836616039276123 -68.44860076904297 -1
vertex -0.4434623718261719 -68.14167785644531 -0.5
vertex -0.7291786670684814 -67.77569580078125 -0.5
endloop
endfacet
facet normal -0.5825174996842486 -0.40338880345811007 0.7056563156425696
outer loop
vertex -0.836616039276123 -68.44860076904297 -1
vertex -0.4026964604854584 -68.20054626464844 -0.5
vertex -0.4434623718261719 -68.14167785644531 -0.5
endloop
endfacet
facet normal -0.6139911799274158 -0.3509952418363293 0.7069774898676735
outer loop
vertex -0.4026964604854584 -68.20054626464844 -0.5
vertex -0.836616039276123 -68.44860076904297 -1
vertex -0.42199644446372986 -69.17388916015625 -1
endloop
endfacet
facet normal -0.6137983943248744 -0.3510668002188108 0.7071093500359978
outer loop
vertex -0.42199644446372986 -69.17388916015625 -1
vertex 0.0005174051038920879 -68.905517578125 -0.5
vertex -0.4026964604854584 -68.20054626464844 -0.5
endloop
endfacet
facet normal -0.5785820331742306 -0.40650292499298796 0.7071055104156089
outer loop
vertex 0.0005174051038920879 -68.905517578125 -0.5
vertex -0.42199644446372986 -69.17388916015625 -1
vertex -0.06548313051462173 -69.68132019042969 -1
endloop
endfacet
facet normal -0.5785813798497764 -0.4065032169369021 0.7071058771577836
outer loop
vertex -0.06548313051462173 -69.68132019042969 -1
vertex 0.3279731571674347 -69.37158966064453 -0.5
vertex 0.0005174051038920879 -68.905517578125 -0.5
endloop
endfacet
facet normal -0.5309889512328396 -0.46696112969964787 0.7071053931474981
outer loop
vertex 0.3440541625022888 -70.14701080322266 -1
vertex 0.7015271186828613 -69.7963638305664 -0.5
vertex 0.3279731571674347 -69.37158966064453 -0.5
endloop
endfacet
facet normal -0.5309883039491801 -0.46696134010256146 0.7071057402671774
outer loop
vertex 0.3279731571674347 -69.37158966064453 -0.5
vertex -0.06548313051462173 -69.68132019042969 -1
vertex 0.3440541625022888 -70.14701080322266 -1
endloop
endfacet
facet normal -0.4771066815791514 -0.5218921135902366 0.7071052511223811
outer loop
vertex 0.7015271186828613 -69.7963638305664 -0.5
vertex 0.3440541625022888 -70.14701080322266 -1
vertex 0.8017662167549133 -70.56544494628906 -1
endloop
endfacet
facet normal -0.4771056928653802 -0.5218923195889295 0.7071057661973436
outer loop
vertex 0.8017662167549133 -70.56544494628906 -1
vertex 1.1190229654312134 -70.17803192138672 -0.5
vertex 0.7015271186828613 -69.7963638305664 -0.5
endloop
endfacet
facet normal -0.41757481342021924 -0.5706425816652285 0.7071055926716405
outer loop
vertex 1.5755172967910767 -70.51207733154297 -0.5
vertex 1.1190229654312134 -70.17803192138672 -0.5
vertex 0.8017662167549133 -70.56544494628906 -1
endloop
endfacet
facet normal -0.41757617410357645 -0.5706393978406427 0.7071073585058272
outer loop
vertex 1.3022332191467285 -70.93167114257812 -1
vertex 1.5755172967910767 -70.51207733154297 -0.5
vertex 0.8017662167549133 -70.56544494628906 -1
endloop
endfacet
facet normal -0.35310259058515564 -0.612633894731607 0.7071055589853853
outer loop
vertex 1.839529275894165 -71.24134826660156 -1
vertex 2.0656046867370605 -70.79454803466797 -0.5
vertex 1.5755172967910767 -70.51207733154297 -0.5
endloop
endfacet
facet normal -0.3530909470131081 -0.6126337511437931 0.7071114976415469
outer loop
vertex 1.5755172967910767 -70.51207733154297 -0.5
vertex 1.6563758850097656 -71.13578796386719 -1
vertex 1.839529275894165 -71.24134826660156 -1
endloop
endfacet
facet normal -0.3531020256862226 -0.6126319815703407 0.7071074986262583
outer loop
vertex 1.5755172967910767 -70.51207733154297 -0.5
vertex 1.3022332191467285 -70.93167114257812 -1
vertex 1.6563758850097656 -71.13578796386719 -1
endloop
endfacet
facet normal -0.284445011305966 -0.6473734797549201 0.7071058006077698
outer loop
vertex 2.407292366027832 -71.49081420898438 -1
vertex 2.583482265472412 -71.0220947265625 -0.5
vertex 2.0656046867370605 -70.79454803466797 -0.5
endloop
endfacet
facet normal -0.2844454888241733 -0.6473735379139305 0.707105555271897
outer loop
vertex 2.0656046867370605 -70.79454803466797 -0.5
vertex 1.839529275894165 -71.24134826660156 -1
vertex 2.407292366027832 -71.49081420898438 -1
endloop
endfacet
facet normal -0.2124199184374607 -0.6744446259568937 0.707108354333965
outer loop
vertex 2.9987995624542236 -71.67711639404297 -1
vertex 3.1230175495147705 -71.19202423095703 -0.5
vertex 2.583482265472412 -71.0220947265625 -0.5
endloop
endfacet
facet normal -0.21242465876577554 -0.6744457362046425 0.7071058713259434
outer loop
vertex 2.407292366027832 -71.49081420898438 -1
vertex 2.9987995624542236 -71.67711639404297 -1
vertex 2.583482265472412 -71.0220947265625 -0.5
endloop
endfacet
facet normal -0.13787757360192707 -0.693530537376263 0.7071104358049293
outer loop
vertex 3.6070470809936523 -71.79804229736328 -1
vertex 3.6778223514556885 -71.30232238769531 -0.5
vertex 3.1230175495147705 -71.19202423095703 -0.5
endloop
endfacet
facet normal -0.13788131237028325 -0.6935318554539776 0.7071084140141536
outer loop
vertex 3.1230175495147705 -71.19202423095703 -0.5
vertex 2.9987995624542236 -71.67711639404297 -1
vertex 3.6070470809936523 -71.79804229736328 -1
endloop
endfacet
facet normal -0.06170847149558047 -0.7044087088136834 0.7071070891266178
outer loop
vertex 4.224832534790039 -71.85215759277344 -1
vertex 4.246696472167969 -71.35215759277344 -0.5
vertex 3.6778223514556885 -71.30232238769531 -0.5
endloop
endfacet
facet normal -0.06170287712173032 -0.7044060215189499 0.7071102543470468
outer loop
vertex 3.6778223514556885 -71.30232238769531 -0.5
vertex 3.6070470809936523 -71.79804229736328 -1
vertex 4.224832534790039 -71.85215759277344 -1
endloop
endfacet
facet normal -0.000013902735765048571 -0.7071070437461354 0.7071065184901882
outer loop
vertex 56.89508056640625 -71.35320281982422 -0.5
vertex 61.5704345703125 -71.8532943725586 -1
vertex 61.551544189453125 -71.3532943725586 -0.5
endloop
endfacet
facet normal -0.000013846557769195476 -0.7071067811187618 0.7071067811187618
outer loop
vertex 61.5704345703125 -71.8532943725586 -1
vertex 56.89508056640625 -71.35320281982422 -0.5
vertex 56.89508056640625 -71.85320281982422 -1
endloop
endfacet
facet normal -0.000014138930798003165 -0.7071067811158689 0.7071067811158689
outer loop
vertex 47.89508056640625 -71.85302734375 -1
vertex 47.89508056640625 -71.35302734375 -0.5
vertex 36.448394775390625 -71.35279846191406 -0.5
endloop
endfacet
facet normal -0.00001408295771155304 -0.7071061405564164 0.7071074216758583
outer loop
vertex 36.448394775390625 -71.35279846191406 -0.5
vertex 4.224832534790039 -71.85215759277344 -1
vertex 47.89508056640625 -71.85302734375 -1
endloop
endfacet
facet normal -0.000014072634110549515 -0.7071064734332723 0.7071070887996541
outer loop
vertex 4.246696472167969 -71.35215759277344 -0.5
vertex 4.224832534790039 -71.85215759277344 -1
vertex 36.448394775390625 -71.35279846191406 -0.5
endloop
endfacet
facet normal 0.053330904111674286 -0.705092334009398 0.7071072161898866
outer loop
vertex 61.551544189453125 -71.3532943725586 -0.5
vertex 61.5704345703125 -71.8532943725586 -1
vertex 61.63932800292969 -71.84808349609375 -1
endloop
endfacet
facet normal 0.05337180935944852 -0.7050871657312473 0.7071092834115356
outer loop
vertex 61.551544189453125 -71.3532943725586 -0.5
vertex 61.63932800292969 -71.84808349609375 -1
vertex 62.109214782714844 -71.81251525878906 -1
endloop
endfacet
facet normal 0.05336721702837903 -0.7050900205370603 0.7071067833684626
outer loop
vertex 62.109214782714844 -71.81251525878906 -1
vertex 62.04616928100586 -71.31585693359375 -0.5
vertex 61.551544189453125 -71.3532943725586 -0.5
endloop
endfacet
facet normal 0.2386070016708932 -0.5468237670205327 -0.8025275487951179
outer loop
vertex 63.88713073730469 -71.28998565673828 -26.81846046447754
vertex 62.552486419677734 -70.289306640625 -27.89711570739746
vertex 63.98773193359375 -71.23455810546875 -26.826316833496094
endloop
endfacet
facet normal 0.23861036014926246 -0.5468215552330681 -0.8025280573051187
outer loop
vertex 62.78683853149414 -71.68359375 -26.877408981323242
vertex 62.71968078613281 -71.39124298095703 -27.096576690673828
vertex 63.314666748046875 -71.5284652709961 -26.826173782348633
endloop
endfacet
facet normal 0.2386107522893603 -0.5468198400502525 -0.8025291093906324
outer loop
vertex 62.552486419677734 -70.289306640625 -27.89711570739746
vertex 63.88713073730469 -70.97789764404297 -27.031108856201172
vertex 63.98773193359375 -71.23455810546875 -26.826316833496094
endloop
endfacet
facet normal 0.23861079700302693 -0.5468197843749719 -0.802529134031712
outer loop
vertex 62.552486419677734 -70.289306640625 -27.89711570739746
vertex 63.41178894042969 -69.98506164550781 -27.848928451538086
vertex 63.88713073730469 -70.97789764404297 -27.031108856201172
endloop
endfacet
facet normal 0.23861095883037897 -0.546820297441223 -0.8025287363280765
outer loop
vertex 62.71968078613281 -71.39124298095703 -27.096576690673828
vertex 62.552486419677734 -70.289306640625 -27.89711570739746
vertex 63.314666748046875 -71.5284652709961 -26.826173782348633
endloop
endfacet
facet normal 0.2386102067580844 -0.5468207102096276 -0.8025286786879973
outer loop
vertex 63.314666748046875 -71.5284652709961 -26.826173782348633
vertex 62.552486419677734 -70.289306640625 -27.89711570739746
vertex 63.88713073730469 -71.28998565673828 -26.81846046447754
endloop
endfacet
facet normal 0.34425182347686545 -0.49942515316426367 -0.7950252816229838
outer loop
vertex 63.98773193359375 -71.23455810546875 -26.826316833496094
vertex 63.88713073730469 -70.97789764404297 -27.031108856201172
vertex 64.0226058959961 -71.21534729003906 -26.823284149169922
endloop
endfacet
facet normal 0.4407254503185923 -0.4355380701243338 -0.7848997814459149
outer loop
vertex 64.93772888183594 -70.63420867919922 -26.631914138793945
vertex 65.9398422241211 -69.605712890625 -26.639930725097656
vertex 65.82185363769531 -69.76695251464844 -26.616710662841797
endloop
endfacet
facet normal 0.44075342392088124 -0.43556714605570723 -0.7848679383048502
outer loop
vertex 64.93772888183594 -70.63420867919922 -26.631914138793945
vertex 65.82185363769531 -69.76695251464844 -26.616710662841797
vertex 65.40341186523438 -70.22467041015625 -26.597679138183594
endloop
endfacet
facet normal 0.4407202294565818 -0.43553579628731587 -0.7849039747001614
outer loop
vertex 64.93772888183594 -70.63420867919922 -26.631914138793945
vertex 63.41178894042969 -69.98506164550781 -27.848928451538086
vertex 65.82185363769531 -69.45487213134766 -26.789884567260742
endloop
endfacet
facet normal 0.4407202530158837 -0.43553456437923793 -0.7849046450446084
outer loop
vertex 63.41178894042969 -69.98506164550781 -27.848928451538086
vertex 65.09764862060547 -68.6579360961914 -27.63873291015625
vertex 65.82185363769531 -69.45487213134766 -26.789884567260742
endloop
endfacet
facet normal 0.440717961276811 -0.43553957976102053 -0.7849031488467892
outer loop
vertex 64.4302978515625 -70.99071502685547 -26.719009399414062
vertex 63.41178894042969 -69.98506164550781 -27.848928451538086
vertex 64.93772888183594 -70.63420867919922 -26.631914138793945
endloop
endfacet
facet normal 0.44072148070393347 -0.43553601654096474 -0.7849031499119883
outer loop
vertex 63.88713073730469 -70.97789764404297 -27.031108856201172
vertex 63.41178894042969 -69.98506164550781 -27.848928451538086
vertex 64.4302978515625 -70.99071502685547 -26.719009399414062
endloop
endfacet
facet normal 0.440723658578936 -0.4355276045181974 -0.7849065947432461
outer loop
vertex 64.0226058959961 -71.21534729003906 -26.823284149169922
vertex 63.88713073730469 -70.97789764404297 -27.031108856201172
vertex 64.4302978515625 -70.99071502685547 -26.719009399414062
endloop
endfacet
facet normal 0.4407284203452359 -0.43554093856015214 -0.7848965220576115
outer loop
vertex 65.9398422241211 -69.605712890625 -26.639930725097656
vertex 64.93772888183594 -70.63420867919922 -26.631914138793945
vertex 65.82185363769531 -69.45487213134766 -26.789884567260742
endloop
endfacet
facet normal 0.594685212104174 -0.26722724646774343 -0.7582473852575301
outer loop
vertex 65.82185363769531 -69.45487213134766 -26.789884567260742
vertex 65.09764862060547 -68.6579360961914 -27.63873291015625
vertex 66.49775695800781 -68.72919464111328 -26.51552963256836
endloop
endfacet
facet normal 0.5972548209961179 -0.27999544685449257 -0.7515911312260465
outer loop
vertex 65.9398422241211 -69.605712890625 -26.639930725097656
vertex 65.82185363769531 -69.45487213134766 -26.789884567260742
vertex 66.18807220458984 -69.26648712158203 -26.569047927856445
endloop
endfacet
facet normal 0.594699960429042 -0.26724814049207685 -0.7582284540092272
outer loop
vertex 66.18807220458984 -69.26648712158203 -26.569047927856445
vertex 65.82185363769531 -69.45487213134766 -26.789884567260742
vertex 66.49775695800781 -68.72919464111328 -26.51552963256836
endloop
endfacet
facet normal 0.5946850718713392 -0.2672249268995415 -0.7582483127161674
outer loop
vertex 65.09764862060547 -68.6579360961914 -27.63873291015625
vertex 65.60266876220703 -67.88253784179688 -27.515920639038086
vertex 66.49775695800781 -68.41710662841797 -26.625518798828125
endloop
endfacet
facet normal 0.5946848572067096 -0.26722897953669744 -0.7582470528164357
outer loop
vertex 66.49775695800781 -68.72919464111328 -26.51552963256836
vertex 65.09764862060547 -68.6579360961914 -27.63873291015625
vertex 66.49775695800781 -68.41710662841797 -26.625518798828125
endloop
endfacet
facet normal 0.5946969972298228 -0.2672259946413755 -0.7582385833454796
outer loop
vertex 66.49775695800781 -68.72919464111328 -26.51552963256836
vertex 66.49775695800781 -68.41710662841797 -26.625518798828125
vertex 66.60247039794922 -68.4908676147461 -26.51739501953125
endloop
endfacet
facet normal 0.6855203532704144 -0.06063294417336452 -0.7255242872108941
outer loop
vertex 65.60266876220703 -67.88253784179688 -27.515920639038086
vertex 66.14559173583984 -65.76236724853516 -27.180118560791016
vertex 67.054443359375 -66.96167755126953 -26.22115135192871
endloop
endfacet
facet normal 0.6855191718942661 -0.06062728910750487 -0.7255258760243323
outer loop
vertex 66.49775695800781 -68.41710662841797 -26.625518798828125
vertex 65.60266876220703 -67.88253784179688 -27.515920639038086
vertex 66.93351745605469 -67.5699234008789 -26.28458023071289
endloop
endfacet
facet normal 0.6855193772192022 -0.060629731155025755 -0.7255254779517164
outer loop
vertex 66.93351745605469 -67.5699234008789 -26.28458023071289
vertex 65.60266876220703 -67.88253784179688 -27.515920639038086
vertex 67.054443359375 -66.96167755126953 -26.22115135192871
endloop
endfacet
facet normal 0.6914671355068868 -0.07204568296301386 -0.7188063856702258
outer loop
vertex 66.60247039794922 -68.4908676147461 -26.51739501953125
vertex 66.49775695800781 -68.41710662841797 -26.625518798828125
vertex 66.7472152709961 -68.16143035888672 -26.411174774169922
endloop
endfacet
facet normal 0.6855391790499534 -0.06064581091437839 -0.7255054235538514
outer loop
vertex 66.7472152709961 -68.16143035888672 -26.411174774169922
vertex 66.49775695800781 -68.41710662841797 -26.625518798828125
vertex 66.93351745605469 -67.5699234008789 -26.28458023071289
endloop
endfacet
facet normal 0.6855211523161899 -0.06063181070062925 -0.7255236269469424
outer loop
vertex 67.054443359375 -66.96167755126953 -26.22115135192871
vertex 66.14559173583984 -65.76236724853516 -27.180118560791016
vertex 67.10859680175781 -66.03181457519531 -26.247692108154297
endloop
endfacet
facet normal 0.6854717914510825 -0.060630270809780167 -0.7255703917514663
outer loop
vertex 67.054443359375 -66.96167755126953 -26.22115135192871
vertex 67.10859680175781 -66.03181457519531 -26.247692108154297
vertex 67.10856628417969 -66.34388732910156 -26.221643447875977
endloop
endfacet
facet normal 0.7071073588639557 0.11008921209394565 -0.6984837495754466
outer loop
vertex 67.10859680175781 -66.03181457519531 -26.247692108154297
vertex 66.14559173583984 -65.76236724853516 -27.180118560791016
vertex 67.11909484863281 33.966426849365234 -10.476171493530273
endloop
endfacet
facet normal 0.7071941580061492 0.11007404557283117 -0.6983982584265256
outer loop
vertex 67.11909484863281 33.966426849365234 -10.476171493530273
vertex 66.14559173583984 -65.76236724853516 -27.180118560791016
vertex 66.22223663330078 34.3590202331543 -11.32244873046875
endloop
endfacet
facet normal 0.7071328943109416 0.1096599912526564 -0.698525415501754
outer loop
vertex 67.11909484863281 33.966426849365234 -10.476171493530273
vertex 66.22223663330078 34.3590202331543 -11.32244873046875
vertex 67.1546401977539 34.21245574951172 -10.401564598083496
endloop
endfacet
facet normal 0.5984851995685551 -0.2649019745616904 -0.7560703735570549
outer loop
vertex 67.7906494140625 35.66819381713867 -10.091991424560547
vertex 67.03003692626953 36.495758056640625 -10.984023094177246
vertex 67.9317398071289 35.815696716308594 -10.031988143920898
endloop
endfacet
facet normal 0.6378201499368313 -0.19673720828137634 -0.7446340894776496
outer loop
vertex 67.4747085571289 35.18324661254883 -10.20205307006836
vertex 66.63247680664062 35.81845474243164 -11.091297149658203
vertex 67.52532958984375 35.28715896606445 -10.186147689819336
endloop
endfacet
facet normal 0.6155354921597808 -0.2425379258953405 -0.7498609287021178
outer loop
vertex 67.03003692626953 36.495758056640625 -10.984023094177246
vertex 67.7906494140625 35.66819381713867 -10.091991424560547
vertex 66.63247680664062 35.81845474243164 -11.091297149658203
endloop
endfacet
facet normal 0.61537254205512 -0.24321812478833477 -0.7497743515612317
outer loop
vertex 67.52532958984375 35.28715896606445 -10.186147689819336
vertex 66.63247680664062 35.81845474243164 -11.091297149658203
vertex 67.7906494140625 35.66819381713867 -10.091991424560547
endloop
endfacet
facet normal 0.6251180918745627 -0.21966598237844656 -0.7489821275550024
outer loop
vertex 67.36045837402344 34.9487190246582 -10.228625297546387
vertex 66.63247680664062 35.81845474243164 -11.091297149658203
vertex 67.4747085571289 35.18324661254883 -10.20205307006836
endloop
endfacet
facet normal 0.6782761963114411 -0.0929096619808444 -0.7289095940018134
outer loop
vertex 67.32198333740234 34.8697509765625 -10.254362106323242
vertex 66.44756317138672 35.47677230834961 -11.145414352416992
vertex 67.36045837402344 34.9487190246582 -10.228625297546387
endloop
endfacet
facet normal 0.6782906890377777 -0.09286811404885487 -0.7289014024939625
outer loop
vertex 67.23513793945312 34.58739471435547 -10.299202919006348
vertex 66.27894592285156 34.927764892578125 -11.232368469238281
vertex 67.32198333740234 34.8697509765625 -10.254362106323242
endloop
endfacet
facet normal 0.7053977603071453 0.04173751357117224 -0.707581783057308
outer loop
vertex 67.18548583984375 34.42596435546875 -10.358223915100098
vertex 66.22223663330078 34.3590202331543 -11.32244873046875
vertex 67.23513793945312 34.58739471435547 -10.299202919006348
endloop
endfacet
facet normal 0.7053985785475748 0.041724795008626095 -0.7075817174465073
outer loop
vertex 67.1546401977539 34.21245574951172 -10.401564598083496
vertex 66.22223663330078 34.3590202331543 -11.32244873046875
vertex 67.18548583984375 34.42596435546875 -10.358223915100098
endloop
endfacet
facet normal 0.625111888875344 -0.21967398223679754 -0.7489849584036562
outer loop
vertex 66.44756317138672 35.47677230834961 -11.145414352416992
vertex 66.63247680664062 35.81845474243164 -11.091297149658203
vertex 67.36045837402344 34.9487190246582 -10.228625297546387
endloop
endfacet
facet normal 0.678289814623777 -0.09287746565339858 -0.7289010246607175
outer loop
vertex 67.32198333740234 34.8697509765625 -10.254362106323242
vertex 66.27894592285156 34.927764892578125 -11.232368469238281
vertex 66.44756317138672 35.47677230834961 -11.145414352416992
endloop
endfacet
facet normal 0.705398130455808 0.041734907300822584 -0.7075815677800281
outer loop
vertex 66.22223663330078 34.3590202331543 -11.32244873046875
vertex 66.27894592285156 34.927764892578125 -11.232368469238281
vertex 67.23513793945312 34.58739471435547 -10.299202919006348
endloop
endfacet
facet normal 0.3645924842721079 -0.489471522642888 -0.7921426316856993
outer loop
vertex 68.6538314819336 36.38595199584961 -9.838156700134277
vertex 68.06558990478516 37.53566360473633 -10.819317817687988
vertex 74.3434829711914 39.675376892089844 -9.251994132995605
endloop
endfacet
facet normal 0.36437904284243977 -0.48819808691112093 -0.7930261919215208
outer loop
vertex 74.3434829711914 39.675376892089844 -9.251994132995605
vertex 68.06558990478516 37.53566360473633 -10.819317817687988
vertex 74.13526916503906 41.13888931274414 -10.24862289428711
endloop
endfacet
facet normal 0.36334719196683135 -0.48852864103753313 -0.7932960260683521
outer loop
vertex 74.3434829711914 39.675376892089844 -9.251994132995605
vertex 74.13526916503906 41.13888931274414 -10.24862289428711
vertex 74.72373962402344 40.22758483886719 -9.417889595031738
endloop
endfacet
facet normal 0.36335022018049534 -0.48853004911188935 -0.7932937719467615
outer loop
vertex 74.3434829711914 39.675376892089844 -9.251994132995605
vertex 74.72373962402344 40.22758483886719 -9.417889595031738
vertex 74.72373962402344 39.91550064086914 -9.225700378417969
endloop
endfacet
facet normal 0.36333666324762937 -0.4885328215432 -0.7932982739267235
outer loop
vertex 74.72373962402344 40.22758483886719 -9.417889595031738
vertex 74.84623718261719 40.01516342163086 -9.23097038269043
vertex 74.72373962402344 39.91550064086914 -9.225700378417969
endloop
endfacet
facet normal 0.5479188541221677 -0.33377937817090325 -0.7670568792503564
outer loop
vertex 67.11894226074219 36.6600456237793 -10.958003044128418
vertex 67.48743438720703 37.1035270690918 -10.887762069702148
vertex 68.11158752441406 36.00372314453125 -9.963349342346191
endloop
endfacet
facet normal 0.62511967861349 -0.21966321389098897 -0.7489816151770673
outer loop
vertex 67.9317398071289 35.815696716308594 -10.031988143920898
vertex 67.03003692626953 36.495758056640625 -10.984023094177246
vertex 67.11894226074219 36.6600456237793 -10.958003044128418
endloop
endfacet
facet normal 0.4496662084013312 -0.43082236036608945 -0.782427245710783
outer loop
vertex 67.48743438720703 37.1035270690918 -10.887762069702148
vertex 67.93644714355469 37.46748733520508 -10.830116271972656
vertex 68.48045349121094 36.28571319580078 -9.86676025390625
endloop
endfacet
facet normal 0.3341252720647178 -0.5070745508099317 -0.7945034313888042
outer loop
vertex 68.06558990478516 37.53566360473633 -10.819317817687988
vertex 68.6538314819336 36.38595199584961 -9.838156700134277
vertex 67.93644714355469 37.46748733520508 -10.830116271972656
endloop
endfacet
facet normal 0.6251235684277228 -0.21965768667101396 -0.748979989640931
outer loop
vertex 67.9317398071289 35.815696716308594 -10.031988143920898
vertex 67.11894226074219 36.6600456237793 -10.958003044128418
vertex 68.01360321044922 35.90128707885742 -9.988763809204102
endloop
endfacet
facet normal 0.5479108816333558 -0.33379184500825837 -0.7670571491054246
outer loop
vertex 68.01360321044922 35.90128707885742 -9.988763809204102
vertex 67.11894226074219 36.6600456237793 -10.958003044128418
vertex 68.11158752441406 36.00372314453125 -9.963349342346191
endloop
endfacet
facet normal 0.5479296279904174 -0.3337701648794311 -0.7670531922928424
outer loop
vertex 68.11158752441406 36.00372314453125 -9.963349342346191
vertex 67.48743438720703 37.1035270690918 -10.887762069702148
vertex 68.28653717041016 36.137474060058594 -9.896576881408691
endloop
endfacet
facet normal 0.4496564264859436 -0.43083355839079096 -0.782426701413123
outer loop
vertex 68.28653717041016 36.137474060058594 -9.896576881408691
vertex 67.48743438720703 37.1035270690918 -10.887762069702148
vertex 68.48045349121094 36.28571319580078 -9.86676025390625
endloop
endfacet
facet normal 0.44966936005034563 -0.4308203399320474 -0.7824265469248521
outer loop
vertex 68.48045349121094 36.28571319580078 -9.86676025390625
vertex 67.93644714355469 37.46748733520508 -10.830116271972656
vertex 68.57646179199219 36.34122085571289 -9.842146873474121
endloop
endfacet
facet normal 0.33413518691221783 -0.5070679902367239 -0.7945034487932868
outer loop
vertex 68.57646179199219 36.34122085571289 -9.842146873474121
vertex 67.93644714355469 37.46748733520508 -10.830116271972656
vertex 68.6538314819336 36.38595199584961 -9.838156700134277
endloop
endfacet
facet normal 0.48984252371136366 -0.39306385475287536 -0.778174214460292
outer loop
vertex 76.02719116210938 41.152130126953125 -9.064390182495117
vertex 74.13526916503906 41.13888931274414 -10.24862289428711
vertex 76.14531707763672 41.335853576660156 -9.082833290100098
endloop
endfacet
facet normal 0.4898432073451775 -0.3930607723137264 -0.7781753410934623
outer loop
vertex 75.45411682128906 40.5097541809082 -9.100659370422363
vertex 74.13526916503906 41.13888931274414 -10.24862289428711
vertex 76.02719116210938 41.152130126953125 -9.064390182495117
endloop
endfacet
facet normal 0.48984343345002207 -0.3930609451919274 -0.7781751114438977
outer loop
vertex 74.13526916503906 41.13888931274414 -10.24862289428711
vertex 75.24959564208984 42.19609069824219 -10.081178665161133
vertex 76.02719116210938 41.46421813964844 -9.222026824951172
endloop
endfacet
facet normal 0.49059043385615086 -0.3988354376676332 -0.7747588785353163
outer loop
vertex 74.84623718261719 40.01516342163086 -9.23097038269043
vertex 74.72373962402344 40.22758483886719 -9.417889595031738
vertex 75.45411682128906 40.5097541809082 -9.100659370422363
endloop
endfacet
facet normal 0.48984332078728343 -0.3930605807568924 -0.778175366440715
outer loop
vertex 75.45411682128906 40.5097541809082 -9.100659370422363
vertex 74.72373962402344 40.22758483886719 -9.417889595031738
vertex 74.13526916503906 41.13888931274414 -10.24862289428711
endloop
endfacet
facet normal 0.48984399746344365 -0.3930535357322438 -0.7781784989303004
outer loop
vertex 74.13526916503906 41.13888931274414 -10.24862289428711
vertex 76.02719116210938 41.46421813964844 -9.222026824951172
vertex 76.14531707763672 41.335853576660156 -9.082833290100098
endloop
endfacet
facet normal 0.6238623179873977 -0.2181482568886261 -0.750471282736285
outer loop
vertex 76.88024139404297 42.73124694824219 -8.881200790405273
vertex 75.9399185180664 43.47397232055664 -9.878782272338867
vertex 76.88024139404297 43.0433349609375 -8.971919059753418
endloop
endfacet
facet normal 0.6238601375705168 -0.2181502429164125 -0.750472517995167
outer loop
vertex 76.53536224365234 41.942501068115234 -8.938619613647461
vertex 75.24959564208984 42.19609069824219 -10.081178665161133
vertex 76.88024139404297 42.73124694824219 -8.881200790405273
endloop
endfacet
facet normal 0.6238619747423801 -0.2181483333687354 -0.750471545842333
outer loop
vertex 76.88024139404297 42.73124694824219 -8.881200790405273
vertex 76.88024139404297 43.0433349609375 -8.971919059753418
vertex 76.95101165771484 43.002559661865234 -8.901235580444336
endloop
endfacet
facet normal 0.6238602482217593 -0.21815180355730499 -0.7504719723569826
outer loop
vertex 75.24959564208984 42.19609069824219 -10.081178665161133
vertex 75.9399185180664 43.47397232055664 -9.878782272338867
vertex 76.88024139404297 42.73124694824219 -8.881200790405273
endloop
endfacet
facet normal 0.6238597737638252 -0.21815163150011996 -0.7504724167837115
outer loop
vertex 76.02719116210938 41.46421813964844 -9.222026824951172
vertex 75.24959564208984 42.19609069824219 -10.081178665161133
vertex 76.53536224365234 41.942501068115234 -8.938619613647461
endloop
endfacet
facet normal 0.6288251637564034 -0.22755705283723804 -0.743502993356962
outer loop
vertex 76.14531707763672 41.335853576660156 -9.082833290100098
vertex 76.02719116210938 41.46421813964844 -9.222026824951172
vertex 76.53536224365234 41.942501068115234 -8.938619613647461
endloop
endfacet
facet normal 0.7159835415025719 0.03392474579139143 -0.6972923919851873
outer loop
vertex 76.95101165771484 43.002559661865234 -8.901235580444336
vertex 76.88024139404297 43.0433349609375 -8.971919059753418
vertex 77.1174087524414 43.640464782714844 -8.699342727661133
endloop
endfacet
facet normal 0.7038904228701812 0.0440455024787363 -0.7089416522556938
outer loop
vertex 77.1174087524414 43.640464782714844 -8.699342727661133
vertex 76.88024139404297 43.0433349609375 -8.971919059753418
vertex 77.19989013671875 44.497352600097656 -8.56421184539795
endloop
endfacet
facet normal 0.7038873988309133 0.04404422701602434 -0.7089447339769241
outer loop
vertex 77.19989013671875 44.497352600097656 -8.56421184539795
vertex 76.16552734375 45.80113220214844 -9.510196685791016
vertex 77.07145690917969 45.75269317626953 -8.613739013671875
endloop
endfacet
facet normal 0.7038686943182545 0.044041574196579114 -0.7089634693698985
outer loop
vertex 77.19989013671875 44.497352600097656 -8.56421184539795
vertex 77.07145690917969 45.75269317626953 -8.613739013671875
vertex 77.14253997802734 45.43524169921875 -8.562887191772461
endloop
endfacet
facet normal 0.703888706019003 0.04404629918667065 -0.7089433073715076
outer loop
vertex 75.9399185180664 43.47397232055664 -9.878782272338867
vertex 76.16552734375 45.80113220214844 -9.510196685791016
vertex 77.19989013671875 44.497352600097656 -8.56421184539795
endloop
endfacet
facet normal 0.7038886819692352 0.04404635501356467 -0.708943327781306
outer loop
vertex 76.88024139404297 43.0433349609375 -8.971919059753418
vertex 75.9399185180664 43.47397232055664 -9.878782272338867
vertex 77.19989013671875 44.497352600097656 -8.56421184539795
endloop
endfacet
facet normal 0.6757871340767546 0.3161711048322349 -0.6658435115592031
outer loop
vertex 77.07145690917969 45.75269317626953 -8.613739013671875
vertex 76.16552734375 45.80113220214844 -9.510196685791016
vertex 76.95443725585938 46.27528762817383 -8.484355926513672
endloop
endfacet
facet normal 0.6757888670055078 0.31615822795542436 -0.6658478671044146
outer loop
vertex 76.60824584960938 47.148834228515625 -8.420927047729492
vertex 75.7191162109375 47.23286437988281 -9.283432006835938
vertex 76.45085144042969 47.421836853027344 -8.451044082641602
endloop
endfacet
facet normal 0.6757895254616963 0.3161665520746327 -0.665843246286612
outer loop
vertex 76.95443725585938 46.27528762817383 -8.484355926513672
vertex 76.16552734375 45.80113220214844 -9.510196685791016
vertex 76.60824584960938 47.148834228515625 -8.420927047729492
endloop
endfacet
facet normal 0.6757869345966325 0.31616870300091854 -0.6658448545053146
outer loop
vertex 75.7191162109375 47.23286437988281 -9.283432006835938
vertex 76.60824584960938 47.148834228515625 -8.420927047729492
vertex 76.16552734375 45.80113220214844 -9.510196685791016
endloop
endfacet
facet normal 0.6141337058762448 0.4567577626868607 -0.643593145964128
outer loop
vertex 66.94326782226562 63.91252136230469 -5.82000207901001
vertex 76.45085144042969 47.421836853027344 -8.451044082641602
vertex 66.52542114257812 64.5112075805664 -5.793835163116455
endloop
endfacet
facet normal 0.6141453201060941 0.456762285786796 -0.6435788530355893
outer loop
vertex 76.45085144042969 47.421836853027344 -8.451044082641602
vertex 75.7191162109375 47.23286437988281 -9.283432006835938
vertex 66.52542114257812 64.5112075805664 -5.793835163116455
endloop
endfacet
facet normal 0.614146153361374 0.4567625331140884 -0.6435778823535105
outer loop
vertex 66.52542114257812 64.5112075805664 -5.793835163116455
vertex 75.7191162109375 47.23286437988281 -9.283432006835938
vertex 65.9228744506836 64.18838500976562 -6.5979413986206055
endloop
endfacet
facet normal 0.6140965000654804 0.45673408142493527 -0.6436454516830271
outer loop
vertex 66.52542114257812 64.5112075805664 -5.793835163116455
vertex 66.7031478881836 64.29277801513672 -5.779266357421875
vertex 66.94326782226562 63.91252136230469 -5.82000207901001
endloop
endfacet
facet normal 0.5159767090797089 0.5881585869943181 -0.622766017242528
outer loop
vertex 66.10888671875 65.02315521240234 -5.655444145202637
vertex 65.9228744506836 64.18838500976562 -6.5979413986206055
vertex 65.46651458740234 65.59622955322266 -5.64643669128418
endloop
endfacet
facet normal 0.5159753671354094 0.5881593392244491 -0.6227664186454973
outer loop
vertex 66.52542114257812 64.5112075805664 -5.793835163116455
vertex 65.9228744506836 64.18838500976562 -6.5979413986206055
vertex 66.10888671875 65.02315521240234 -5.655444145202637
endloop
endfacet
facet normal 0.5159799272993482 0.5881599473589649 -0.6227620660788987
outer loop
vertex 65.9228744506836 64.18838500976562 -6.5979413986206055
vertex 64.86915588378906 65.2990493774414 -6.422030448913574
vertex 65.27819061279297 65.7173080444336 -5.688111782073975
endloop
endfacet
facet normal 0.5159613645221174 0.5881607955129633 -0.6227766445059039
outer loop
vertex 65.9228744506836 64.18838500976562 -6.5979413986206055
vertex 65.27819061279297 65.7173080444336 -5.688111782073975
vertex 65.46651458740234 65.59622955322266 -5.64643669128418
endloop
endfacet
facet normal 0.33930247165446936 0.723354744447836 -0.6013582513061361
outer loop
vertex 64.86915588378906 65.2990493774414 -6.422030448913574
vertex 63.76598358154297 66.48094940185547 -5.622799873352051
vertex 63.88739776611328 66.44927978515625 -5.592389106750488
endloop
endfacet
facet normal 0.33930963888144355 0.7233569254980009 -0.601351583764626
outer loop
vertex 64.86915588378906 65.2990493774414 -6.422030448913574
vertex 63.56129837036133 66.00556182861328 -6.310129165649414
vertex 63.76598358154297 66.48094940185547 -5.622799873352051
endloop
endfacet
facet normal 0.3393146642369323 0.723356377059662 -0.6013494079159785
outer loop
vertex 65.27819061279297 65.7173080444336 -5.688111782073975
vertex 64.86915588378906 65.2990493774414 -6.422030448913574
vertex 64.67613983154297 66.10440063476562 -5.562192916870117
endloop
endfacet
facet normal 0.33931144067057595 0.7233568889872527 -0.6013506110288254
outer loop
vertex 64.67613983154297 66.10440063476562 -5.562192916870117
vertex 64.86915588378906 65.2990493774414 -6.422030448913574
vertex 63.88739776611328 66.44927978515625 -5.592389106750488
endloop
endfacet
facet normal 0.12745268029315554 0.7975788871160917 -0.5895962458434987
outer loop
vertex 63.76598358154297 66.48094940185547 -5.622799873352051
vertex 63.56129837036133 66.00556182861328 -6.310129165649414
vertex 62.978179931640625 66.68644714355469 -5.515110969543457
endloop
endfacet
facet normal 0.12745376897727198 0.7975791420374054 -0.5895956656560193
outer loop
vertex 63.56129837036133 66.00556182861328 -6.310129165649414
vertex 62.12129211425781 66.76892852783203 -5.588768482208252
vertex 62.978179931640625 66.68644714355469 -5.515110969543457
endloop
endfacet
facet normal 0.1274522651167588 0.7975780317145856 -0.5895974927379652
outer loop
vertex 63.56129837036133 66.00556182861328 -6.310129165649414
vertex 62.10063171386719 66.26992797851562 -6.2682576179504395
vertex 62.12129211425781 66.76892852783203 -5.588768482208252
endloop
endfacet
facet normal -0.09593253794924 0.8036759678807734 -0.5872834807940025
outer loop
vertex 62.12129211425781 66.76892852783203 -5.588768482208252
vertex 62.10063171386719 66.26992797851562 -6.2682576179504395
vertex 61.18340301513672 66.7115707397461 -5.51405668258667
endloop
endfacet
facet normal -0.09788311456192589 0.8022953504250194 -0.5888472353421149
outer loop
vertex 62.10063171386719 66.26992797851562 -6.2682576179504395
vertex 60.46424865722656 66.55054473876953 -5.613908290863037
vertex 61.18340301513672 66.7115707397461 -5.51405668258667
endloop
endfacet
facet normal -0.0978853831837048 0.8022919727954221 -0.5888514601722653
outer loop
vertex 62.10063171386719 66.26992797851562 -6.2682576179504395
vertex 60.666168212890625 66.07189178466797 -6.299623489379883
vertex 60.46424865722656 66.55054473876953 -5.613908290863037
endloop
endfacet
facet normal -0.35815176843581387 0.7128054249033461 -0.6030221695714507
outer loop
vertex 51.839508056640625 61.267250061035156 -6.736577987670898
vertex 43.578163146972656 57.01578903198242 -6.8553948402404785
vertex 51.68797302246094 61.3916130065918 -6.499573230743408
endloop
endfacet
facet normal -0.358150015192508 0.712803088278483 -0.6030259728720342
outer loop
vertex 60.666168212890625 66.07189178466797 -6.299623489379883
vertex 53.3758659362793 61.903629302978516 -6.896825790405273
vertex 53.39508056640625 62.09872055053711 -6.677631378173828
endloop
endfacet
facet normal -0.358153151677001 0.7128080886168716 -0.6030181993490688
outer loop
vertex 60.666168212890625 66.07189178466797 -6.299623489379883
vertex 53.39508056640625 62.09872055053711 -6.677631378173828
vertex 53.3758659362793 62.29380798339844 -6.435612678527832
endloop
endfacet
facet normal -0.3581507396985677 0.7128036737937122 -0.6030248504660117
outer loop
vertex 60.666168212890625 66.07189178466797 -6.299623489379883
vertex 53.3758659362793 62.29380798339844 -6.435612678527832
vertex 59.469810485839844 66.17728424072266 -5.464499473571777
endloop
endfacet
facet normal -0.3581491269130194 0.7128002112607068 -0.6030299011808069
outer loop
vertex 52.15253448486328 61.132328033447266 -7.081973552703857
vertex 43.578163146972656 57.01578903198242 -6.8553948402404785
vertex 52.012393951416016 61.17483901977539 -6.948492527008057
endloop
endfacet
facet normal -0.35944372591407253 0.7157310375938287 -0.5987731538119179
outer loop
vertex 41.53559112548828 54.986045837402344 -8.055449485778809
vertex 43.578163146972656 57.01578903198242 -6.8553948402404785
vertex 52.15253448486328 61.132328033447266 -7.081973552703857
endloop
endfacet
facet normal -0.3581512603154355 0.7128028673571274 -0.6030254945041069
outer loop
vertex 60.666168212890625 66.07189178466797 -6.299623489379883
vertex 59.469810485839844 66.17728424072266 -5.464499473571777
vertex 60.343353271484375 66.52347564697266 -5.574103832244873
endloop
endfacet
facet normal -0.3636365893099793 0.7163887525223925 -0.595445703800452
outer loop
vertex 41.53559112548828 54.986045837402344 -8.055449485778809
vertex 41.337162017822266 55.48939895629883 -7.328678607940674
vertex 42.2899284362793 56.247928619384766 -6.997932434082031
endloop
endfacet
facet normal -0.3581452078098285 0.7128063518699622 -0.6030249703425974
outer loop
vertex 60.46424865722656 66.55054473876953 -5.613908290863037
vertex 60.666168212890625 66.07189178466797 -6.299623489379883
vertex 60.343353271484375 66.52347564697266 -5.574103832244873
endloop
endfacet
facet normal -0.3581503666746413 0.7128028106610526 -0.6030260922750554
outer loop
vertex 52.012393951416016 61.17483901977539 -6.948492527008057
vertex 43.578163146972656 57.01578903198242 -6.8553948402404785
vertex 51.839508056640625 61.267250061035156 -6.736577987670898
endloop
endfacet
facet normal -0.3581482702684667 0.7128009659245521 -0.6030295179182616
outer loop
vertex 53.3189582824707 62.48140335083008 -6.180070400238037
vertex 59.469810485839844 66.17728424072266 -5.464499473571777
vertex 53.3758659362793 62.29380798339844 -6.435612678527832
endloop
endfacet
facet normal -0.3581528752452387 0.7128067715320592 -0.6030199204102725
outer loop
vertex 59.469810485839844 66.17728424072266 -5.464499473571777
vertex 53.3189582824707 62.48140335083008 -6.180070400238037
vertex 53.25769805908203 62.59601593017578 -6.008206844329834
endloop
endfacet
facet normal -0.35814954878484484 0.7128024246136448 -0.6030270343609158
outer loop
vertex 60.666168212890625 66.07189178466797 -6.299623489379883
vertex 53.353214263916016 61.828956604003906 -6.9716386795043945
vertex 53.3758659362793 61.903629302978516 -6.896825790405273
endloop
endfacet
facet normal -0.3581526703260733 0.7128067993258553 -0.6030200092643135
outer loop
vertex 51.5636100769043 61.543148040771484 -6.24658727645874
vertex 43.578163146972656 57.01578903198242 -6.8553948402404785
vertex 51.53246307373047 61.60142135620117 -6.159205436706543
endloop
endfacet
facet normal -0.3608471359142901 0.7162653854000569 -0.5972882404502552
outer loop
vertex 41.53559112548828 54.986045837402344 -8.055449485778809
vertex 42.2899284362793 56.247928619384766 -6.997932434082031
vertex 43.578163146972656 57.01578903198242 -6.8553948402404785
endloop
endfacet
facet normal -0.3581520986706999 0.7128059687151697 -0.6030213306192425
outer loop
vertex 51.68797302246094 61.3916130065918 -6.499573230743408
vertex 43.578163146972656 57.01578903198242 -6.8553948402404785
vertex 51.5636100769043 61.543148040771484 -6.24658727645874
endloop
endfacet
facet normal -0.317358221004979 0.7368277384839792 -0.5969661995131212
outer loop
vertex 41.53559112548828 54.986045837402344 -8.055449485778809
vertex 41.21763229370117 55.422054290771484 -7.348257064819336
vertex 41.337162017822266 55.48939895629883 -7.328678607940674
endloop
endfacet
facet normal -0.26948980627018343 0.7565889014217262 -0.5957755269914371
outer loop
vertex 41.16938400268555 54.7939338684082 -8.08587646484375
vertex 25.772296905517578 49.13202667236328 -8.31142807006836
vertex 40.93264389038086 55.26148986816406 -7.385030746459961
endloop
endfacet
facet normal -0.26939455269855667 0.7563455676776946 -0.5961274672674045
outer loop
vertex 41.16938400268555 54.7939338684082 -8.08587646484375
vertex 25.654861450195312 48.47976303100586 -9.085943222045898
vertex 25.334108352661133 48.92481994628906 -8.376319885253906
endloop
endfacet
facet normal -0.26942427246432227 0.7564203903732455 -0.5960190889851241
outer loop
vertex 41.16938400268555 54.7939338684082 -8.08587646484375
vertex 25.334108352661133 48.92481994628906 -8.376319885253906
vertex 25.772296905517578 49.13202667236328 -8.31142807006836
endloop
endfacet
facet normal -0.33250734158702444 0.7286608627671015 -0.5987421939885589
outer loop
vertex 41.53559112548828 54.986045837402344 -8.055449485778809
vertex 41.16938400268555 54.7939338684082 -8.08587646484375
vertex 41.21763229370117 55.422054290771484 -7.348257064819336
endloop
endfacet
facet normal -0.3332043207428815 0.7284955623191335 -0.5985558422733877
outer loop
vertex 41.21763229370117 55.422054290771484 -7.348257064819336
vertex 41.16938400268555 54.7939338684082 -8.08587646484375
vertex 40.93264389038086 55.26148986816406 -7.385030746459961
endloop
endfacet
facet normal -0.4358670308134321 0.6605561733774293 -0.6112981868637026
outer loop
vertex 25.654861450195312 48.47976303100586 -9.085943222045898
vertex 24.457490921020508 47.553985595703125 -9.232571601867676
vertex 24.44366455078125 48.376068115234375 -8.33438777923584
endloop
endfacet
facet normal -0.4358650322031123 0.6605569027947236 -0.6112988237129382
outer loop
vertex 24.44366455078125 48.376068115234375 -8.33438777923584
vertex 24.457490921020508 47.553985595703125 -9.232571601867676
vertex 23.939998626708984 47.92237854003906 -8.465514183044434
endloop
endfacet
facet normal -0.4358676382798134 0.6605546752714653 -0.6112993725478433
outer loop
vertex 25.654861450195312 48.47976303100586 -9.085943222045898
vertex 24.44366455078125 48.376068115234375 -8.33438777923584
vertex 25.165515899658203 48.84510040283203 -8.342256546020508
endloop
endfacet
facet normal -0.4358590442510841 0.6605621713009672 -0.6112974001177194
outer loop
vertex 25.654861450195312 48.47976303100586 -9.085943222045898
vertex 25.165515899658203 48.84510040283203 -8.342256546020508
vertex 25.334108352661133 48.92481994628906 -8.376319885253906
endloop
endfacet
facet normal -0.5847293697074938 0.5041622968397191 -0.635540669545841
outer loop
vertex 24.457490921020508 47.553985595703125 -9.232571601867676
vertex 23.451902389526367 46.09675216674805 -9.463375091552734
vertex 23.20531463623047 47.07691955566406 -8.458953857421875
endloop
endfacet
facet normal -0.5842121470164521 0.5045028676549776 -0.6357460371927863
outer loop
vertex 23.20531463623047 47.07691955566406 -8.458953857421875
vertex 23.451902389526367 46.09675216674805 -9.463375091552734
vertex 22.81277847290039 46.40486145019531 -8.631555557250977
endloop
endfacet
facet normal -0.584795490255001 0.5032325348206175 -0.6362163550832605
outer loop
vertex 23.74550437927246 47.7471809387207 -8.42531681060791
vertex 23.939998626708984 47.92237854003906 -8.465514183044434
vertex 24.457490921020508 47.553985595703125 -9.232571601867676
endloop
endfacet
facet normal -0.5847933888976725 0.5032362083785415 -0.6362153808879227
outer loop
vertex 24.457490921020508 47.553985595703125 -9.232571601867676
vertex 23.20531463623047 47.07691955566406 -8.458953857421875
vertex 23.74550437927246 47.7471809387207 -8.42531681060791
endloop
endfacet
facet normal -0.3911759944000921 0.6932450924969206 -0.6053037114821247
outer loop
vertex 22.586441040039062 45.27413558959961 -9.59366512298584
vertex 22.09800910949707 45.49689865112305 -9.022890090942383
vertex 22.271486282348633 45.67261505126953 -8.933753967285156
endloop
endfacet
facet normal -0.3813219496930504 0.7027706172145838 -0.600588902879602
outer loop
vertex 22.586441040039062 45.27413558959961 -9.59366512298584
vertex 21.7247314453125 45.22077560424805 -9.108992576599121
vertex 22.09800910949707 45.49689865112305 -9.022890090942383
endloop
endfacet
facet normal -0.3260698421858719 0.7323187956994985 -0.5978190691857501
outer loop
vertex 21.7247314453125 45.22077560424805 -9.108992576599121
vertex 21.932689666748047 44.86478805541992 -9.658498764038086
vertex 21.672794342041016 45.193603515625 -9.1139497756958
endloop
endfacet
facet normal -0.3810010197065829 0.703500277012897 -0.5999379828159918
outer loop
vertex 22.586441040039062 45.27413558959961 -9.59366512298584
vertex 21.932689666748047 44.86478805541992 -9.658498764038086
vertex 21.7247314453125 45.22077560424805 -9.108992576599121
endloop
endfacet
facet normal -0.5479185529419556 0.5544781972065335 -0.6263698493418933
outer loop
vertex 22.695520401000977 46.2041015625 -8.70669937133789
vertex 23.098421096801758 45.67133712768555 -9.530754089355469
vertex 22.59160614013672 46.05978775024414 -8.743550300598145
endloop
endfacet
facet normal -0.44966109501942636 0.6515255360181647 -0.610998670654997
outer loop
vertex 23.098421096801758 45.67133712768555 -9.530754089355469
vertex 22.424209594726562 45.82731246948242 -8.868250846862793
vertex 22.59160614013672 46.05978775024414 -8.743550300598145
endloop
endfacet
facet normal -0.44968004307171944 0.6515110594428233 -0.6110001622640593
outer loop
vertex 22.424209594726562 45.82731246948242 -8.868250846862793
vertex 22.6494083404541 45.307376861572266 -9.588399887084961
vertex 22.310855865478516 45.71249008178711 -8.90726089477539
endloop
endfacet
facet normal -0.44966551884648065 0.6515195765947175 -0.6110017696163943
outer loop
vertex 23.098421096801758 45.67133712768555 -9.530754089355469
vertex 22.6494083404541 45.307376861572266 -9.588399887084961
vertex 22.424209594726562 45.82731246948242 -8.868250846862793
endloop
endfacet
facet normal -0.33412047036299786 0.727774009427523 -0.598922785078508
outer loop
vertex 22.6494083404541 45.307376861572266 -9.588399887084961
vertex 22.586441040039062 45.27413558959961 -9.59366512298584
vertex 22.271486282348633 45.67261505126953 -8.933753967285156
endloop
endfacet
facet normal -0.5479188734620825 0.5544779118539964 -0.6263698215671588
outer loop
vertex 23.451902389526367 46.09675216674805 -9.463375091552734
vertex 23.098421096801758 45.67133712768555 -9.530754089355469
vertex 22.695520401000977 46.2041015625 -8.70669937133789
endloop
endfacet
facet normal -0.33409957990322736 0.72778738380396 -0.5989181869707035
outer loop
vertex 22.271486282348633 45.67261505126953 -8.933753967285156
vertex 22.310855865478516 45.71249008178711 -8.90726089477539
vertex 22.6494083404541 45.307376861572266 -9.588399887084961
endloop
endfacet
facet normal -0.5479210897684417 0.5544738672536501 -0.6263714632067341
outer loop
vertex 22.695520401000977 46.2041015625 -8.70669937133789
vertex 22.81277847290039 46.40486145019531 -8.631555557250977
vertex 23.451902389526367 46.09675216674805 -9.463375091552734
endloop
endfacet
facet normal 0.012527383162029691 0.8103953378375565 -0.5857494866256945
outer loop
vertex 20.16953468322754 44.42231369018555 -9.7285795211792
vertex 19.951936721801758 44.76889419555664 -9.253732681274414
vertex 20.195343017578125 44.7730827331543 -9.242732048034668
endloop
endfacet
facet normal 0.05988232602290636 0.8078087521018386 -0.5863950264606246
outer loop
vertex 19.951936721801758 44.76889419555664 -9.253732681274414
vertex 19.482357025146484 44.463775634765625 -9.722012519836426
vertex 19.509321212768555 44.83024215698242 -9.214420318603516
endloop
endfacet
facet normal 0.04375607483042538 0.8164023735933108 -0.575823384647274
outer loop
vertex 20.16953468322754 44.42231369018555 -9.7285795211792
vertex 19.482357025146484 44.463775634765625 -9.722012519836426
vertex 19.951936721801758 44.76889419555664 -9.253732681274414
endloop
endfacet
facet normal -0.33412901608550505 0.7277722786434099 -0.5989201207572769
outer loop
vertex 21.932689666748047 44.86478805541992 -9.658498764038086
vertex 21.313316345214844 45.005558013916016 -9.1419038772583
vertex 21.672794342041016 45.193603515625 -9.1139497756958
endloop
endfacet
facet normal -0.33413403662900454 0.7277663495374592 -0.5989245244994795
outer loop
vertex 21.932689666748047 44.86478805541992 -9.658498764038086
vertex 21.483383178710938 44.62758255004883 -9.69606876373291
vertex 21.313316345214844 45.005558013916016 -9.1419038772583
endloop
endfacet
facet normal -0.2057554814285243 0.7802872363501508 -0.5906069002739133
outer loop
vertex 21.483383178710938 44.62758255004883 -9.69606876373291
vertex 20.927532196044922 44.46104431152344 -9.722445487976074
vertex 20.873620986938477 44.85640335083008 -9.181330680847168
endloop
endfacet
facet normal -0.06947447523758543 0.8070639037094005 -0.58636264599632
outer loop
vertex 20.927532196044922 44.46104431152344 -9.722445487976074
vertex 20.34946632385254 44.40481185913086 -9.731351852416992
vertex 20.416175842285156 44.776878356933594 -9.227147102355957
endloop
endfacet
facet normal 0.0694677504044212 0.8070612719307225 -0.586367065073844
outer loop
vertex 20.34946632385254 44.40481185913086 -9.731351852416992
vertex 20.16953468322754 44.42231369018555 -9.7285795211792
vertex 20.195343017578125 44.7730827331543 -9.242732048034668
endloop
endfacet
facet normal 0.06949229616839832 0.8070635412659714 -0.5863610330952028
outer loop
vertex 20.195343017578125 44.7730827331543 -9.242732048034668
vertex 20.34946632385254 44.77573013305664 -9.22082233428955
vertex 20.34946632385254 44.40481185913086 -9.731351852416992
endloop
endfacet
facet normal -0.06948468133703212 0.8070639703902993 -0.5863613448696436
outer loop
vertex 20.34946632385254 44.40481185913086 -9.731351852416992
vertex 20.34946632385254 44.77573013305664 -9.22082233428955
vertex 20.416175842285156 44.776878356933594 -9.227147102355957
endloop
endfacet
facet normal -0.0694776958021045 0.807062063353014 -0.5863647974447356
outer loop
vertex 20.416175842285156 44.776878356933594 -9.227147102355957
vertex 20.83422088623047 44.849552154541016 -9.176653861999512
vertex 20.927532196044922 44.46104431152344 -9.722445487976074
endloop
endfacet
facet normal -0.2057864655030093 0.7802804705736862 -0.5906050438804984
outer loop
vertex 20.873620986938477 44.85640335083008 -9.181330680847168
vertex 20.927532196044922 44.46104431152344 -9.722445487976074
vertex 20.83422088623047 44.849552154541016 -9.176653861999512
endloop
endfacet
facet normal -0.21012572291441578 0.7764710303812955 -0.5940874679273274
outer loop
vertex 20.873620986938477 44.85640335083008 -9.181330680847168
vertex 21.313316345214844 45.005558013916016 -9.1419038772583
vertex 21.483383178710938 44.62758255004883 -9.69606876373291
endloop
endfacet
facet normal 0.3681886299728588 0.7108892993133021 -0.5992274500392583
outer loop
vertex 18.131010055541992 44.87882614135742 -9.656275749206543
vertex 16.05663299560547 46.75795364379883 -8.701563835144043
vertex 16.266679763793945 46.65092849731445 -8.699471473693848
endloop
endfacet
facet normal 0.3673221912305873 0.7104607562666208 -0.6002665421582493
outer loop
vertex 18.131010055541992 44.87882614135742 -9.656275749206543
vertex 15.91450023651123 46.81682586669922 -8.718859672546387
vertex 16.05663299560547 46.75795364379883 -8.701563835144043
endloop
endfacet
facet normal 0.35459711454753484 0.7160956647643665 -0.6012219933271259
outer loop
vertex 18.444263458251953 45.29420471191406 -8.976777076721191
vertex 18.131010055541992 44.87882614135742 -9.656275749206543
vertex 18.14011573791504 45.50288772583008 -8.90760612487793
endloop
endfacet
facet normal 0.36962806946445154 0.7115198842459138 -0.5975906162136952
outer loop
vertex 18.14011573791504 45.50288772583008 -8.90760612487793
vertex 18.131010055541992 44.87882614135742 -9.656275749206543
vertex 16.266679763793945 46.65092849731445 -8.699471473693848
endloop
endfacet
facet normal 0.36450313443742666 0.70893524129524 -0.6037783439598933
outer loop
vertex 18.131010055541992 44.87882614135742 -9.656275749206543
vertex 15.654461860656738 46.35070037841797 -9.4231538772583
vertex 15.91450023651123 46.81682586669922 -8.718859672546387
endloop
endfacet
facet normal 0.06947746308750068 0.8070618512367533 -0.586365116971695
outer loop
vertex 19.084224700927734 44.502506256103516 -9.7158784866333
vertex 19.185684204101562 44.92494201660156 -9.122424125671387
vertex 19.482357025146484 44.463775634765625 -9.722012519836426
endloop
endfacet
facet normal 0.33412688304652444 0.7277694258827758 -0.598924777226547
outer loop
vertex 18.751008987426758 45.10890579223633 -9.030811309814453
vertex 18.52837371826172 44.669044494628906 -9.689501762390137
vertex 18.628890991210938 45.16753005981445 -9.027702331542969
endloop
endfacet
facet normal 0.3341292015216077 0.7277685898684776 -0.5989244996586637
outer loop
vertex 18.628890991210938 45.16753005981445 -9.027702331542969
vertex 18.52837371826172 44.669044494628906 -9.689501762390137
vertex 18.444263458251953 45.29420471191406 -8.976777076721191
endloop
endfacet
facet normal 0.3341334121799559 0.7277677046287024 -0.5989232262689846
outer loop
vertex 18.52837371826172 44.669044494628906 -9.689501762390137
vertex 18.131010055541992 44.87882614135742 -9.656275749206543
vertex 18.444263458251953 45.29420471191406 -8.976777076721191
endloop
endfacet
facet normal 0.06947675945901081 0.8070617278261079 -0.5863653702030946
outer loop
vertex 19.482357025146484 44.463775634765625 -9.722012519836426
vertex 19.185684204101562 44.92494201660156 -9.122424125671387
vertex 19.509321212768555 44.83024215698242 -9.214420318603516
endloop
endfacet
facet normal 0.2057509779897353 0.780289347892712 -0.590605679469334
outer loop
vertex 19.185684204101562 44.92494201660156 -9.122424125671387
vertex 19.084224700927734 44.502506256103516 -9.7158784866333
vertex 19.047462463378906 44.96658706665039 -9.115556716918945
endloop
endfacet
facet normal 0.20576116447531487 0.7802879511964131 -0.5906039759529786
outer loop
vertex 19.084224700927734 44.502506256103516 -9.7158784866333
vertex 18.751008987426758 45.10890579223633 -9.030811309814453
vertex 19.047462463378906 44.96658706665039 -9.115556716918945
endloop
endfacet
facet normal 0.20575561693466468 0.7802876041809432 -0.5906063671019804
outer loop
vertex 19.084224700927734 44.502506256103516 -9.7158784866333
vertex 18.52837371826172 44.669044494628906 -9.689501762390137
vertex 18.751008987426758 45.10890579223633 -9.030811309814453
endloop
endfacet
facet normal 0.21579015602927865 0.7756921924896177 -0.5930735460897825
outer loop
vertex 14.026668548583984 47.598793029785156 -8.383023262023926
vertex 15.654461860656738 46.35070037841797 -9.4231538772583
vertex 13.802465438842773 47.67163848876953 -8.36932373046875
endloop
endfacet
facet normal 0.21580255316703917 0.7756981299866502 -0.5930612693320997
outer loop
vertex 15.91450023651123 46.81682586669922 -8.718859672546387
vertex 15.654461860656738 46.35070037841797 -9.4231538772583
vertex 14.026668548583984 47.598793029785156 -8.383023262023926
endloop
endfacet
facet normal 0.21580204723885185 0.7756986619019962 -0.5930607577061332
outer loop
vertex 15.654461860656738 46.35070037841797 -9.4231538772583
vertex 11.6659574508667 48.1845703125 -8.475859642028809
vertex 13.802465438842773 47.67163848876953 -8.36932373046875
endloop
endfacet
facet normal 0.21580074341031732 0.7756971158321327 -0.5930632543272811
outer loop
vertex 15.654461860656738 46.35070037841797 -9.4231538772583
vertex 11.249006271362305 47.74517059326172 -9.202290534973145
vertex 11.6659574508667 48.1845703125 -8.475859642028809
endloop
endfacet
facet normal 0.215796413037285 0.775699238978231 -0.593062053050804
outer loop
vertex 11.249006271362305 47.74517059326172 -9.202290534973145
vertex 11.43311882019043 48.2214469909668 -8.512349128723145
vertex 11.6659574508667 48.1845703125 -8.475859642028809
endloop
endfacet
facet normal 0.21580540727449485 0.7756964000603059 -0.5930624934394109
outer loop
vertex 11.249006271362305 47.74517059326172 -9.202290534973145
vertex 11.36133098602295 48.22709655761719 -8.531082153320312
vertex 11.43311882019043 48.2214469909668 -8.512349128723145
endloop
endfacet
facet normal 0.05092175381991599 0.8093213745340042 -0.5851545844563589
outer loop
vertex 11.249006271362305 47.74517059326172 -9.202290534973145
vertex 9.052931785583496 47.901214599609375 -9.177576065063477
vertex 9.006933212280273 48.39384078979492 -8.500232696533203
endloop
endfacet
facet normal 0.03926051558894196 0.7932870807691174 -0.6075806279009417
outer loop
vertex 11.249006271362305 47.74517059326172 -9.202290534973145
vertex 9.006933212280273 48.39384078979492 -8.500232696533203
vertex 9.242673873901367 48.39384078979492 -8.484999656677246
endloop
endfacet
facet normal 0.0507391898227086 0.8072165537514912 -0.5880705484597073
outer loop
vertex 11.249006271362305 47.74517059326172 -9.202290534973145
vertex 9.242673873901367 48.39384078979492 -8.484999656677246
vertex 11.36133098602295 48.22709655761719 -8.531082153320312
endloop
endfacet
facet normal -0.11732932837921453 0.7993366118327623 -0.5893172402753903
outer loop
vertex 9.052931785583496 47.901214599609375 -9.177576065063477
vertex 4.49632453918457 47.14395523071289 -9.297513961791992
vertex 4.447141647338867 47.67163848876953 -8.57198429107666
endloop
endfacet
facet normal -0.11732944892886314 0.7993356491279464 -0.5893185220636239
outer loop
vertex 9.052931785583496 47.901214599609375 -9.177576065063477
vertex 4.447141647338867 47.67163848876953 -8.57198429107666
vertex 6.583650588989258 48.1845703125 -8.30162239074707
endloop
endfacet
facet normal -0.1173298311017678 0.7993358340478853 -0.5893181951548774
outer loop
vertex 6.816488742828369 48.2214469909668 -8.297958374023438
vertex 9.006933212280273 48.39384078979492 -8.500232696533203
vertex 9.052931785583496 47.901214599609375 -9.177576065063477
endloop
endfacet
facet normal -0.11732553900744752 0.7993426736877046 -0.5893097724613122
outer loop
vertex 6.583650588989258 48.1845703125 -8.30162239074707
vertex 6.816488742828369 48.2214469909668 -8.297958374023438
vertex 9.052931785583496 47.901214599609375 -9.177576065063477
endloop
endfacet
facet normal -0.11732205940210105 0.7993375428362152 -0.5893174246449971
outer loop
vertex 4.322957515716553 47.631290435791016 -8.601988792419434
vertex 4.447141647338867 47.67163848876953 -8.57198429107666
vertex 4.49632453918457 47.14395523071289 -9.297513961791992
endloop
endfacet
facet normal -0.2784630429908368 0.7525808151143685 -0.5967247693954695
outer loop
vertex 4.49632453918457 47.14395523071289 -9.297513961791992
vertex 2.4254441261291504 46.26765823364258 -9.43630599975586
vertex 2.192974328994751 46.75795364379883 -8.70946979522705
endloop
endfacet
facet normal -0.27846026751045955 0.7525819427829608 -0.5967246423728684
outer loop
vertex 2.4254441261291504 46.26765823364258 -9.43630599975586
vertex 2.1334011554718018 46.72760009765625 -8.719951629638672
vertex 2.192974328994751 46.75795364379883 -8.70946979522705
endloop
endfacet
facet normal -0.2784629189904227 0.7525817139176106 -0.5967236937010001
outer loop
vertex 2.192974328994751 46.75795364379883 -8.70946979522705
vertex 4.2229390144348145 47.598793029785156 -8.596301078796387
vertex 4.49632453918457 47.14395523071289 -9.297513961791992
endloop
endfacet
facet normal -0.27845856199546914 0.7525836679460864 -0.5967232624862467
outer loop
vertex 4.49632453918457 47.14395523071289 -9.297513961791992
vertex 4.2229390144348145 47.598793029785156 -8.596301078796387
vertex 4.322957515716553 47.631290435791016 -8.601988792419434
endloop
endfacet
facet normal -0.36848308391141926 0.7104249104998914 -0.5995970842260253
outer loop
vertex 2.4254441261291504 46.26765823364258 -9.43630599975586
vertex -0.8546560406684875 44.30381774902344 -9.747347831726074
vertex -0.08122673630714417 45.364322662353516 -8.966134071350098
endloop
endfacet
facet normal -0.3730882838633935 0.711554540777379 -0.5953950519973789
outer loop
vertex -0.8546560406684875 44.30381774902344 -9.747347831726074
vertex -0.9600673913955688 44.68505096435547 -9.22568416595459
vertex -0.4930132031440735 45.01262283325195 -9.126871109008789
endloop
endfacet
facet normal -0.3354928213295366 0.7270050483558701 -0.5990894979061362
outer loop
vertex -0.8546560406684875 44.30381774902344 -9.747347831726074
vertex -1.095518946647644 44.621456146240234 -9.227004051208496
vertex -0.9600673913955688 44.68505096435547 -9.22568416595459
endloop
endfacet
facet normal -0.36804873425981643 0.7069541060497102 -0.6039503465925011
outer loop
vertex 2.4254441261291504 46.26765823364258 -9.43630599975586
vertex 0.10949144512414932 45.50288772583008 -8.920161247253418
vertex 1.9829277992248535 46.65092849731445 -8.717998504638672
endloop
endfacet
facet normal -0.3680553872316161 0.7069493217826484 -0.6039518924225992
outer loop
vertex 2.4254441261291504 46.26765823364258 -9.43630599975586
vertex 1.9829277992248535 46.65092849731445 -8.717998504638672
vertex 2.1334011554718018 46.72760009765625 -8.719951629638672
endloop
endfacet
facet normal -0.3759464777114871 0.7114969984151118 -0.5936634291773518
outer loop
vertex -0.8546560406684875 44.30381774902344 -9.747347831726074
vertex -0.4930132031440735 45.01262283325195 -9.126871109008789
vertex -0.08122673630714417 45.364322662353516 -8.966134071350098
endloop
endfacet
facet normal -0.36804864984560254 0.706952723404914 -0.6039520164857506
outer loop
vertex 2.4254441261291504 46.26765823364258 -9.43630599975586
vertex -0.08122673630714417 45.364322662353516 -8.966134071350098
vertex 0.10949144512414932 45.50288772583008 -8.920161247253418
endloop
endfacet
facet normal -0.003419538115041269 0.809145056684246 -0.587598999320564
outer loop
vertex -2.377894639968872 43.86945343017578 -9.816144943237305
vertex -15.260844230651855 44.293888092041016 -9.156710624694824
vertex -2.380342960357666 44.29780960083008 -9.226268768310547
endloop
endfacet
facet normal -0.0034350435330202296 0.8089950741344084 -0.5878053848870299
outer loop
vertex -2.377894639968872 43.86945343017578 -9.816144943237305
vertex -15.018007278442383 43.80880355834961 -9.825750350952148
vertex -15.260844230651855 44.293888092041016 -9.156710624694824
endloop
endfacet
facet normal -0.06947707262073916 0.8070612784111743 -0.5863659516627597
outer loop
vertex -1.8138995170593262 43.92431640625 -9.807455062866211
vertex -2.2865025997161865 44.2978401184082 -9.237347602844238
vertex -1.915189266204834 44.346046447753906 -9.214993476867676
endloop
endfacet
facet normal -0.06948857334293265 0.8070634487670445 -0.5863616016068993
outer loop
vertex -2.2865025997161865 44.2978401184082 -9.237347602844238
vertex -2.377894639968872 43.86945343017578 -9.816144943237305
vertex -2.380342960357666 44.29780960083008 -9.226268768310547
endloop
endfacet
facet normal -0.33413367564487245 0.7277661507812887 -0.5989249674016218
outer loop
vertex -1.095518946647644 44.621456146240234 -9.227004051208496
vertex -0.8546560406684875 44.30381774902344 -9.747347831726074
vertex -1.3803566694259644 44.48772430419922 -9.230596542358398
endloop
endfacet
facet normal -0.06947303902823128 0.8070631595498042 -0.5863638404145238
outer loop
vertex -1.8138995170593262 43.92431640625 -9.807455062866211
vertex -2.377894639968872 43.86945343017578 -9.816144943237305
vertex -2.2865025997161865 44.2978401184082 -9.237347602844238
endloop
endfacet
facet normal -0.3341188315149125 0.7277733597223567 -0.5989244888176996
outer loop
vertex -1.2580490112304688 44.09085464477539 -9.78107738494873
vertex -1.4488096237182617 44.467742919921875 -9.216689109802246
vertex -1.3803566694259644 44.48772430419922 -9.230596542358398
endloop
endfacet
facet normal -0.20575507409518515 0.780288440305291 -0.5906054515579935
outer loop
vertex -1.2580490112304688 44.09085464477539 -9.78107738494873
vertex -1.8138995170593262 43.92431640625 -9.807455062866211
vertex -1.82606041431427 44.35761642456055 -9.230756759643555
endloop
endfacet
facet normal -0.20575663809390018 0.7802872447028607 -0.5906064862785657
outer loop
vertex -1.82606041431427 44.35761642456055 -9.230756759643555
vertex -1.4488096237182617 44.467742919921875 -9.216689109802246
vertex -1.2580490112304688 44.09085464477539 -9.78107738494873
endloop
endfacet
facet normal -0.20574524702137945 0.7802901921370204 -0.5906065605653931
outer loop
vertex -1.82606041431427 44.35761642456055 -9.230756759643555
vertex -1.8138995170593262 43.92431640625 -9.807455062866211
vertex -1.915189266204834 44.346046447753906 -9.214993476867676
endloop
endfacet
facet normal -0.33413162791923834 0.7277682039718876 -0.598923614922281
outer loop
vertex -1.2580490112304688 44.09085464477539 -9.78107738494873
vertex -1.3803566694259644 44.48772430419922 -9.230596542358398
vertex -0.8546560406684875 44.30381774902344 -9.747347831726074
endloop
endfacet
facet normal -0.4990199806367908 0.6055008070864029 -0.6199579272361727
outer loop
vertex -16.18941879272461 42.656532287597656 -10.008252143859863
vertex -16.678674697875977 43.03300094604492 -9.246747970581055
vertex -15.018007278442383 43.80880355834961 -9.825750350952148
endloop
endfacet
facet normal -0.49913309135333617 0.6053150430937688 -0.620048268863361
outer loop
vertex -15.018007278442383 43.80880355834961 -9.825750350952148
vertex -15.417837142944336 44.29383850097656 -9.030381202697754
vertex -15.260844230651855 44.293888092041016 -9.156710624694824
endloop
endfacet
facet normal -0.4990115184131033 0.6054152657972725 -0.6200482726616267
outer loop
vertex -15.018007278442383 43.80880355834961 -9.825750350952148
vertex -16.678674697875977 43.03300094604492 -9.246747970581055
vertex -15.417837142944336 44.29383850097656 -9.030381202697754
endloop
endfacet
facet normal -0.2433678743872188 0.7671092403641316 -0.5935616994586256
outer loop
vertex -18.185213088989258 41.63875198364258 -10.169452667236328
vertex -18.35470962524414 42.00172805786133 -9.630852699279785
vertex -17.974477767944336 42.11272430419922 -9.643302917480469
endloop
endfacet
facet normal -0.31233562458683345 0.7794385062085768 -0.5430672818843861
outer loop
vertex -18.185213088989258 41.63875198364258 -10.169452667236328
vertex -17.554187774658203 42.31005096435547 -9.568892478942871
vertex -17.41219139099121 42.40592575073242 -9.512954711914062
endloop
endfacet
facet normal -0.2530928766713657 0.7634788957045873 -0.5941750344737792
outer loop
vertex -17.223712921142578 42.00230026245117 -10.111872673034668
vertex -18.185213088989258 41.63875198364258 -10.169452667236328
vertex -17.41219139099121 42.40592575073242 -9.512954711914062
endloop
endfacet
facet normal -0.25592283218337253 0.7669842198356758 -0.5884205218126751
outer loop
vertex -18.185213088989258 41.63875198364258 -10.169452667236328
vertex -17.974477767944336 42.11272430419922 -9.643302917480469
vertex -17.554187774658203 42.31005096435547 -9.568892478942871
endloop
endfacet
facet normal -0.3341367470103515 0.7277659784617196 -0.5989234632997745
outer loop
vertex -17.16938018798828 42.56986618041992 -9.433939933776855
vertex -17.146705627441406 42.02537155151367 -10.1082181930542
vertex -17.357881546020508 42.44259262084961 -9.483428955078125
endloop
endfacet
facet normal -0.20572904689692686 0.7802979334652862 -0.5906019762011347
outer loop
vertex -17.41219139099121 42.40592575073242 -9.512954711914062
vertex -17.357881546020508 42.44259262084961 -9.483428955078125
vertex -17.146705627441406 42.02537155151367 -10.1082181930542
endloop
endfacet
facet normal -0.4496630707865185 0.6515228926211136 -0.611000035320339
outer loop
vertex -16.678674697875977 43.03300094604492 -9.246747970581055
vertex -16.634429931640625 42.29581832885742 -10.065383911132812
vertex -16.91415786743164 42.79751968383789 -9.324543952941895
endloop
endfacet
facet normal -0.44966062534876505 0.6515244544294249 -0.6110001696328716
outer loop
vertex -16.634429931640625 42.29581832885742 -10.065383911132812
vertex -16.99410629272461 42.7262077331543 -9.341748237609863
vertex -16.91415786743164 42.79751968383789 -9.324543952941895
endloop
endfacet
facet normal -0.33413154632249925 0.7277678862925043 -0.5989240464645545
outer loop
vertex -17.16938018798828 42.56986618041992 -9.433939933776855
vertex -16.99410629272461 42.7262077331543 -9.341748237609863
vertex -16.634429931640625 42.29581832885742 -10.065383911132812
endloop
endfacet
facet normal -0.44966449433932804 0.6515223208367482 -0.6109995973665234
outer loop
vertex -16.18941879272461 42.656532287597656 -10.008252143859863
vertex -16.634429931640625 42.29581832885742 -10.065383911132812
vertex -16.678674697875977 43.03300094604492 -9.246747970581055
endloop
endfacet
facet normal -0.3341322377539345 0.7277672971859683 -0.5989243765619987
outer loop
vertex -17.146705627441406 42.02537155151367 -10.1082181930542
vertex -17.16938018798828 42.56986618041992 -9.433939933776855
vertex -16.634429931640625 42.29581832885742 -10.065383911132812
endloop
endfacet
facet normal -0.20574626848278849 0.7802909556300376 -0.5906051960213109
outer loop
vertex -17.146705627441406 42.02537155151367 -10.1082181930542
vertex -17.223712921142578 42.00230026245117 -10.111872673034668
vertex -17.41219139099121 42.40592575073242 -9.512954711914062
endloop
endfacet
facet normal 0.006027338779155979 0.8092263460759069 -0.5874660773218124
outer loop
vertex -19.267345428466797 41.441505432128906 -10.200693130493164
vertex -25.943187713623047 41.923912048339844 -9.6046781539917
vertex -19.26241111755371 41.92289733886719 -9.537531852722168
endloop
endfacet
facet normal 0.00602751476399613 0.8092272466141989 -0.5874648350352317
outer loop
vertex -25.94755744934082 41.49772644042969 -10.191789627075195
vertex -25.943187713623047 41.923912048339844 -9.6046781539917
vertex -19.267345428466797 41.441505432128906 -10.200693130493164
endloop
endfacet
facet normal -0.2057609144159968 0.7802868742854351 -0.5906054858503759
outer loop
vertex -18.420181274414062 41.98261642456055 -9.633294105529785
vertex -18.66405487060547 41.49528503417969 -10.19217586517334
vertex -18.770187377929688 41.93717575073242 -9.571390151977539
endloop
endfacet
facet normal -0.20574868225252735 0.7802898853777835 -0.5906057691290136
outer loop
vertex -18.35470962524414 42.00172805786133 -9.630852699279785
vertex -18.185213088989258 41.63875198364258 -10.169452667236328
vertex -18.420181274414062 41.98261642456055 -9.633294105529785
endloop
endfacet
facet normal -0.06946165400899752 0.8070641429394009 -0.5863638356889217
outer loop
vertex -18.88062286376953 41.9228401184082 -9.578039169311523
vertex -18.770187377929688 41.93717575073242 -9.571390151977539
vertex -18.66405487060547 41.49528503417969 -10.19217586517334
endloop
endfacet
facet normal -0.062054231957394894 0.8079221840163547 -0.5860128128892927
outer loop
vertex -18.88062286376953 41.9228401184082 -9.578039169311523
vertex -19.267345428466797 41.441505432128906 -10.200693130493164
vertex -19.26241111755371 41.92289733886719 -9.537531852722168
endloop
endfacet
facet normal -0.2057566239220923 0.7802867021790368 -0.5906072079773034
outer loop
vertex -18.185213088989258 41.63875198364258 -10.169452667236328
vertex -18.66405487060547 41.49528503417969 -10.19217586517334
vertex -18.420181274414062 41.98261642456055 -9.633294105529785
endloop
endfacet
facet normal -0.06379567270570045 0.8083376452666438 -0.5852523928945569
outer loop
vertex -19.267345428466797 41.441505432128906 -10.200693130493164
vertex -18.88062286376953 41.9228401184082 -9.578039169311523
vertex -18.66405487060547 41.49528503417969 -10.19217586517334
endloop
endfacet
facet normal 0.3571951897012305 0.7147960866802202 -0.6012305305961642
outer loop
vertex -28.13808250427246 42.324562072753906 -10.060831069946289
vertex -27.856855392456055 42.71279525756836 -9.432186126708984
vertex -27.409902572631836 41.90475082397461 -10.127323150634766
endloop
endfacet
facet normal 0.3231918638430743 0.7336984162621579 -0.5976902652043456
outer loop
vertex -27.16726303100586 42.23971176147461 -9.584936141967773
vertex -27.409902572631836 41.90475082397461 -10.127323150634766
vertex -27.33504295349121 42.31983184814453 -9.577308654785156
endloop
endfacet
facet normal 0.3626694703774946 0.7194632310227373 -0.5923204491341075
outer loop
vertex -27.33504295349121 42.31983184814453 -9.577308654785156
vertex -27.409902572631836 41.90475082397461 -10.127323150634766
vertex -27.718135833740234 42.58216857910156 -9.493223190307617
endloop
endfacet
facet normal 0.4281622397196675 0.7137115417199552 -0.5543400866742025
outer loop
vertex -27.718135833740234 42.58216857910156 -9.493223190307617
vertex -27.409902572631836 41.90475082397461 -10.127323150634766
vertex -27.856855392456055 42.71279525756836 -9.432186126708984
endloop
endfacet
facet normal 0.06944061075364902 0.80706401263966 -0.5863665074679241
outer loop
vertex -25.943187713623047 41.923912048339844 -9.6046781539917
vertex -25.94755744934082 41.49772644042969 -10.191789627075195
vertex -26.011178970336914 41.923919677734375 -9.612719535827637
endloop
endfacet
facet normal 0.06948028330790507 0.8070615906530256 -0.5863651414639699
outer loop
vertex -26.011178970336914 41.923919677734375 -9.612719535827637
vertex -26.500396728515625 41.55150604248047 -10.183271408081055
vertex -26.39826011657715 41.97676086425781 -9.585856437683105
endloop
endfacet
facet normal 0.20576630752610328 0.7802855628269778 -0.5906053395719172
outer loop
vertex -26.47121810913086 41.98672103881836 -9.598115921020508
vertex -26.39826011657715 41.97676086425781 -9.585856437683105
vertex -26.500396728515625 41.55150604248047 -10.183271408081055
endloop
endfacet
facet normal 0.33413489220450043 0.7277673420254577 -0.5989228411846448
outer loop
vertex -27.05624771118164 41.71804428100586 -10.156893730163574
vertex -27.409902572631836 41.90475082397461 -10.127323150634766
vertex -27.16726303100586 42.23971176147461 -9.584936141967773
endloop
endfacet
facet normal 0.20575724575935606 0.7802873105444811 -0.5906061875910077
outer loop
vertex -26.500396728515625 41.55150604248047 -10.183271408081055
vertex -26.861223220825195 42.103355407714844 -9.579894065856934
vertex -26.47121810913086 41.98672103881836 -9.598115921020508
endloop
endfacet
facet normal 0.2057543597117327 0.7802869883066943 -0.590607618761292
outer loop
vertex -27.05624771118164 41.71804428100586 -10.156893730163574
vertex -26.861223220825195 42.103355407714844 -9.579894065856934
vertex -26.500396728515625 41.55150604248047 -10.183271408081055
endloop
endfacet
facet normal 0.33413257887791004 0.7277677376503932 -0.5989236510337738
outer loop
vertex -26.916057586669922 42.1197509765625 -9.590559005737305
vertex -27.05624771118164 41.71804428100586 -10.156893730163574
vertex -27.16726303100586 42.23971176147461 -9.584936141967773
endloop
endfacet
facet normal 0.06947554289377289 0.8070638706373378 -0.5863625650154469
outer loop
vertex -25.94755744934082 41.49772644042969 -10.191789627075195
vertex -26.500396728515625 41.55150604248047 -10.183271408081055
vertex -26.011178970336914 41.923919677734375 -9.612719535827637
endloop
endfacet
facet normal 0.3340956579560706 0.7277831893464081 -0.5989254716904856
outer loop
vertex -26.861223220825195 42.103355407714844 -9.579894065856934
vertex -27.05624771118164 41.71804428100586 -10.156893730163574
vertex -26.916057586669922 42.1197509765625 -9.590559005737305
endloop
endfacet
facet normal 0.5873805842598444 0.49951241907204424 -0.6367663562307279
outer loop
vertex -28.48101043701172 43.51192855834961 -9.103599548339844
vertex -29.112150192260742 43.2132682800293 -9.920074462890625
vertex -28.754806518554688 43.990726470947266 -8.98056697845459
endloop
endfacet
facet normal 0.5875651519669179 0.49933939485616274 -0.6367317810026243
outer loop
vertex -29.265430450439453 44.683780670166016 -8.908309936523438
vertex -29.112150192260742 43.2132682800293 -9.920074462890625
vertex -29.454774856567383 44.87063217163086 -8.936500549316406
endloop
endfacet
facet normal 0.5876165219088305 0.499321686856949 -0.6366982615133325
outer loop
vertex -29.265430450439453 44.683780670166016 -8.908309936523438
vertex -28.754806518554688 43.990726470947266 -8.98056697845459
vertex -29.112150192260742 43.2132682800293 -9.920074462890625
endloop
endfacet
facet normal 0.5874224743762979 0.4993725762120218 -0.6368373942577461
outer loop
vertex -29.112150192260742 43.2132682800293 -9.920074462890625
vertex -29.99230194091797 44.51066207885742 -9.714587211608887
vertex -29.454774856567383 44.87063217163086 -8.936500549316406
endloop
endfacet
facet normal 0.5479195123188039 0.5544783777546437 -0.6263688502974131
outer loop
vertex -28.341022491455078 43.267127990722656 -9.197848320007324
vertex -29.112150192260742 43.2132682800293 -9.920074462890625
vertex -28.48101043701172 43.51192855834961 -9.103599548339844
endloop
endfacet
facet normal 0.5479129721495469 0.5544843439009616 -0.6263692898913308
outer loop
vertex -28.251087188720703 43.151371002197266 -9.221650123596191
vertex -28.74571418762207 42.77226257324219 -9.989922523498535
vertex -28.341022491455078 43.267127990722656 -9.197848320007324
endloop
endfacet
facet normal 0.4496633158508416 0.6515233005663427 -0.6109994199646718
outer loop
vertex -27.96059799194336 42.81048583984375 -9.371356010437012
vertex -28.296701431274414 42.408302307128906 -10.047568321228027
vertex -28.056161880493164 42.900474548339844 -9.345728874206543
endloop
endfacet
facet normal 0.4496694813476669 0.6515195380261315 -0.6109988945282443
outer loop
vertex -28.296701431274414 42.408302307128906 -10.047568321228027
vertex -28.251087188720703 43.151371002197266 -9.221650123596191
vertex -28.056161880493164 42.900474548339844 -9.345728874206543
endloop
endfacet
facet normal 0.5479195444458597 0.5544783127352604 -0.626368879750982
outer loop
vertex -28.74571418762207 42.77226257324219 -9.989922523498535
vertex -29.112150192260742 43.2132682800293 -9.920074462890625
vertex -28.341022491455078 43.267127990722656 -9.197848320007324
endloop
endfacet
facet normal 0.44966666457617394 0.6515206715844769 -0.6109997588109596
outer loop
vertex -28.74571418762207 42.77226257324219 -9.989922523498535
vertex -28.251087188720703 43.151371002197266 -9.221650123596191
vertex -28.296701431274414 42.408302307128906 -10.047568321228027
endloop
endfacet
facet normal 0.33413417978141197 0.7277669984865611 -0.598923656082864
outer loop
vertex -28.13808250427246 42.324562072753906 -10.060831069946289
vertex -28.296701431274414 42.408302307128906 -10.047568321228027
vertex -27.96059799194336 42.81048583984375 -9.371356010437012
endloop
endfacet
facet normal 0.33413023964587113 0.72776867171059 -0.5989238210580676
outer loop
vertex -27.856855392456055 42.71279525756836 -9.432186126708984
vertex -28.13808250427246 42.324562072753906 -10.060831069946289
vertex -27.96059799194336 42.81048583984375 -9.371356010437012
endloop
endfacet
facet normal 0.46026181759018947 0.6408121339794943 -0.6144256409145223
outer loop
vertex -29.454774856567383 44.87063217163086 -8.936500549316406
vertex -29.99230194091797 44.51066207885742 -9.714587211608887
vertex -29.93424415588379 45.34379196166992 -8.8021879196167
endloop
endfacet
facet normal 0.46026111122013036 0.6408124274687164 -0.6144258639576152
outer loop
vertex -29.99230194091797 44.51066207885742 -9.714587211608887
vertex -30.63508415222168 45.84367370605469 -8.805831909179688
vertex -29.93424415588379 45.34379196166992 -8.8021879196167
endloop
endfacet
facet normal 0.46026790982428273 0.640812314298632 -0.6144208891543463
outer loop
vertex -29.99230194091797 44.51066207885742 -9.714587211608887
vertex -30.80791664123535 45.92985153198242 -8.845422744750977
vertex -30.63508415222168 45.84367370605469 -8.805831909179688
endloop
endfacet
facet normal 0.46026052812216284 0.6408117920984079 -0.6144269634060135
outer loop
vertex -29.99230194091797 44.51066207885742 -9.714587211608887
vertex -31.14470863342285 45.48657989501953 -9.560016632080078
vertex -30.80791664123535 45.92985153198242 -8.845422744750977
endloop
endfacet
facet normal 0.26933474133032176 0.7563697483638983 -0.5961238133747566
outer loop
vertex -31.14470863342285 45.48657989501953 -9.560016632080078
vertex -32.489681243896484 46.03382110595703 -9.473341941833496
vertex -32.370304107666016 46.53081512451172 -8.788813591003418
endloop
endfacet
facet normal 0.2693335572338036 0.7563698769723914 -0.5961241851800301
outer loop
vertex -31.14470863342285 45.48657989501953 -9.560016632080078
vertex -31.47599220275879 46.26295852661133 -8.724614143371582
vertex -30.80791664123535 45.92985153198242 -8.845422744750977
endloop
endfacet
facet normal 0.26933742804972355 0.7563697796701978 -0.5961225597586596
outer loop
vertex -31.14470863342285 45.48657989501953 -9.560016632080078
vertex -32.29753875732422 46.52009582519531 -8.76954174041748
vertex -31.47599220275879 46.26295852661133 -8.724614143371582
endloop
endfacet
facet normal 0.269311018484082 0.7563594606323272 -0.5961475837701949
outer loop
vertex -31.14470863342285 45.48657989501953 -9.560016632080078
vertex -32.370304107666016 46.53081512451172 -8.788813591003418
vertex -32.29753875732422 46.52009582519531 -8.76954174041748
endloop
endfacet
facet normal 0.0023594009936432543 0.8090154065130718 -0.5877827024091813
outer loop
vertex -32.489681243896484 46.03382110595703 -9.473341941833496
vertex -63.62346267700195 46.284000396728516 -9.253972053527832
vertex -63.56655502319336 46.47159194946289 -8.995545387268066
endloop
endfacet
facet normal 0.0023618009680528556 0.8090127343629954 -0.5877863706608862
outer loop
vertex -32.370304107666016 46.53081512451172 -8.788813591003418
vertex -32.489681243896484 46.03382110595703 -9.473341941833496
vertex -33.22714614868164 46.65707015991211 -8.61848258972168
endloop
endfacet
facet normal 0.0023592230497846397 0.8090116830127769 -0.5877878280599521
outer loop
vertex -32.489681243896484 46.03382110595703 -9.473341941833496
vertex -63.54737091064453 46.66637420654297 -8.727374076843262
vertex -33.22714614868164 46.65707015991211 -8.61848258972168
endloop
endfacet
facet normal 0.002359360264487968 0.8090142510859477 -0.5877842928821639
outer loop
vertex -32.489681243896484 46.03382110595703 -9.473341941833496
vertex -63.56655502319336 46.47159194946289 -8.995545387268066
vertex -63.54737091064453 46.66637420654297 -8.727374076843262
endloop
endfacet
facet normal 0.002358999303128624 0.8090154221614064 -0.5877826824833217
outer loop
vertex -71.91314697265625 46.16374206542969 -9.452764511108398
vertex -65.52812957763672 46.47159194946289 -9.003418922424316
vertex -65.47122192382812 46.284000396728516 -9.261388778686523
endloop
endfacet
facet normal 0.002359201874036794 0.8090143316582973 -0.5877841826197742
outer loop
vertex -65.52812957763672 46.47159194946289 -9.003418922424316
vertex -71.5774917602539 46.66883850097656 -8.756213188171387
vertex -65.54730987548828 46.666988372802734 -8.734556198120117
endloop
endfacet
facet normal 0.002359406998454152 0.809008575882751 -0.5877921038486132
outer loop
vertex -65.39546203613281 46.14226150512695 -9.456167221069336
vertex -71.91314697265625 46.16374206542969 -9.452764511108398
vertex -65.47122192382812 46.284000396728516 -9.261388778686523
endloop
endfacet
facet normal 0.0023609034513782266 0.8090334788779776 -0.5877578210364285
outer loop
vertex -65.52812957763672 46.47159194946289 -9.003418922424316
vertex -71.98257446289062 46.65277862548828 -8.779946327209473
vertex -71.5774917602539 46.66883850097656 -8.756213188171387
endloop
endfacet
facet normal 0.002359351796590763 0.8090129917777352 -0.5877860261982571
outer loop
vertex -65.52812957763672 46.47159194946289 -9.003418922424316
vertex -71.91314697265625 46.16374206542969 -9.452764511108398
vertex -71.98257446289062 46.65277862548828 -8.779946327209473
endloop
endfacet
facet normal 0.0016479127993608213 0.7673430485761129 -0.6412346919695806
outer loop
vertex -32.489681243896484 46.03382110595703 -9.473341941833496
vertex -63.71586990356445 46.11111068725586 -9.461100578308105
vertex -63.62346267700195 46.284000396728516 -9.253972053527832
endloop
endfacet
facet normal -0.16687426650850098 0.7892881726079553 -0.5909121421653513
outer loop
vertex -71.91314697265625 46.16374206542969 -9.452764511108398
vertex -72.02686309814453 46.651023864746094 -8.769783020019531
vertex -71.98257446289062 46.65277862548828 -8.779946327209473
endloop
endfacet
facet normal -0.166924132611002 0.7892772476537661 -0.5909126503030379
outer loop
vertex -71.91314697265625 46.16374206542969 -9.452764511108398
vertex -72.95651245117188 46.501583099365234 -8.706777572631836
vertex -72.02686309814453 46.651023864746094 -8.769783020019531
endloop
endfacet
facet normal -0.16692299733989735 0.7892783147226837 -0.5909115457220184
outer loop
vertex -71.91314697265625 46.16374206542969 -9.452764511108398
vertex -73.63652038574219 46.277183532714844 -8.81441593170166
vertex -72.95651245117188 46.501583099365234 -8.706777572631836
endloop
endfacet
facet normal -0.16692328641133558 0.789277745096902 -0.5909122249102561
outer loop
vertex -71.91314697265625 46.16374206542969 -9.452764511108398
vertex -73.39604949951172 45.80793380737305 -9.509119033813477
vertex -73.63652038574219 46.277183532714844 -8.81441593170166
endloop
endfacet
facet normal -0.3740668442551788 0.7032897573830986 -0.6045308207105691
outer loop
vertex -73.39604949951172 45.80793380737305 -9.509119033813477
vertex -74.66231536865234 45.02828598022461 -9.632603645324707
vertex -74.60928344726562 45.801429748535156 -8.765970230102539
endloop
endfacet
facet normal -0.37407066376038206 0.7032887212833033 -0.6045296626548304
outer loop
vertex -74.60928344726562 45.801429748535156 -8.765970230102539
vertex -74.66231536865234 45.02828598022461 -9.632603645324707
vertex -75.11073303222656 45.43197250366211 -8.885497093200684
endloop
endfacet
facet normal -0.37406817223475886 0.7032880627799821 -0.6045319704301226
outer loop
vertex -73.63652038574219 46.277183532714844 -8.81441593170166
vertex -73.39604949951172 45.80793380737305 -9.509119033813477
vertex -73.77400207519531 46.231815338134766 -8.782125473022461
endloop
endfacet
facet normal -0.3740674828164633 0.7032885122769783 -0.6045318740964692
outer loop
vertex -73.39604949951172 45.80793380737305 -9.509119033813477
vertex -74.60928344726562 45.801429748535156 -8.765970230102539
vertex -73.77400207519531 46.231815338134766 -8.782125473022461
endloop
endfacet
facet normal -0.5423895345851109 0.5586977472487386 -0.6274316058278636
outer loop
vertex -74.66231536865234 45.02828598022461 -9.632603645324707
vertex -75.96234893798828 44.62199020385742 -8.870563507080078
vertex -75.30233764648438 45.29080581665039 -8.845568656921387
endloop
endfacet
facet normal -0.5423891852998958 0.5586992936620487 -0.6274305307611698
outer loop
vertex -74.66231536865234 45.02828598022461 -9.632603645324707
vertex -75.62555694580078 43.89085006713867 -9.812755584716797
vertex -76.28923797607422 44.16368865966797 -8.996078491210938
endloop
endfacet
facet normal -0.5423828891157821 0.5587068556717492 -0.6274292398508414
outer loop
vertex -74.66231536865234 45.02828598022461 -9.632603645324707
vertex -75.30233764648438 45.29080581665039 -8.845568656921387
vertex -75.11073303222656 45.43197250366211 -8.885497093200684
endloop
endfacet
facet normal -0.5423892519292486 0.5586997807812076 -0.6274300394041242
outer loop
vertex -74.66231536865234 45.02828598022461 -9.632603645324707
vertex -76.28923797607422 44.16368865966797 -8.996078491210938
vertex -75.96234893798828 44.62199020385742 -8.870563507080078
endloop
endfacet
facet normal -0.6561040592012573 0.37105107170446733 -0.6571518589234907
outer loop
vertex -75.62555694580078 43.89085006713867 -9.812755584716797
vertex -76.46223449707031 43.9211540222168 -8.960301399230957
vertex -76.28923797607422 44.16368865966797 -8.996078491210938
endloop
endfacet
facet normal -0.6561084540082126 0.37103657373022136 -0.6571556570048616
outer loop
vertex -75.62555694580078 43.89085006713867 -9.812755584716797
vertex -76.88151550292969 43.08024215698242 -9.016475677490234
vertex -76.46223449707031 43.9211540222168 -8.960301399230957
endloop
endfacet
facet normal -0.6561091601293968 0.3710405852719737 -0.6571526870334845
outer loop
vertex -75.62555694580078 43.89085006713867 -9.812755584716797
vertex -76.17581939697266 42.538455963134766 -10.02695369720459
vertex -76.88151550292969 43.08024215698242 -9.016475677490234
endloop
endfacet
facet normal -0.6561088692605699 0.3710410336269845 -0.6571527242906593
outer loop
vertex -76.88151550292969 43.08024215698242 -9.016475677490234
vertex -76.17581939697266 42.538455963134766 -10.02695369720459
vertex -77.04154968261719 42.568931579589844 -9.145391464233398
endloop
endfacet
facet normal -0.7071066430779172 0.11147845151163734 -0.6982640977192274
outer loop
vertex -76.17581939697266 42.538455963134766 -10.02695369720459
vertex -76.3080062866211 -63.16305923461914 -26.768428802490234
vertex -77.28743743896484 -63.37842559814453 -25.810977935791016
endloop
endfacet
facet normal -0.707121359828136 0.11148404113665977 -0.6982483018573317
outer loop
vertex -77.04154968261719 42.568931579589844 -9.145391464233398
vertex -77.27562713623047 41.3290901184082 -9.106295585632324
vertex -77.1386489868164 42.258697509765625 -9.096590995788574
endloop
endfacet
facet normal -0.7071070426997921 0.11149091343188988 -0.698261703365205
outer loop
vertex -77.2712173461914 -63.43104934692383 -25.835805892944336
vertex -77.28743743896484 -63.37842559814453 -25.810977935791016
vertex -76.3080062866211 -63.16305923461914 -26.768428802490234
endloop
endfacet
facet normal -0.7071063578071947 0.11147849063697313 -0.6982643803559981
outer loop
vertex -76.17581939697266 42.538455963134766 -10.02695369720459
vertex -77.28743743896484 -63.37842559814453 -25.810977935791016
vertex -77.27562713623047 41.3290901184082 -9.106295585632324
endloop
endfacet
facet normal -0.7071076720665767 0.11148100455873741 -0.698262648096804
outer loop
vertex -77.27562713623047 41.3290901184082 -9.106295585632324
vertex -77.04154968261719 42.568931579589844 -9.145391464233398
vertex -76.17581939697266 42.538455963134766 -10.02695369720459
endloop
endfacet
facet normal -0.6857016784397056 -0.05991578224133679 -0.7254125083174255
outer loop
vertex -76.9825439453125 -64.56341552734375 -26.015153884887695
vertex -76.3080062866211 -63.16305923461914 -26.768428802490234
vertex -76.08841705322266 -64.02440643310547 -26.90485382080078
endloop
endfacet
facet normal -0.6857201809823725 -0.05989824078865771 -0.7253964668675512
outer loop
vertex -76.3080062866211 -63.16305923461914 -26.768428802490234
vertex -76.9825439453125 -64.56341552734375 -26.015153884887695
vertex -77.0710220336914 -64.60797882080078 -25.92783546447754
endloop
endfacet
facet normal -0.6857035701156742 -0.05991739647866273 -0.7254105868608739
outer loop
vertex -76.3080062866211 -63.16305923461914 -26.768428802490234
vertex -77.2712173461914 -63.74313735961914 -25.810028076171875
vertex -77.2712173461914 -63.43104934692383 -25.835805892944336
endloop
endfacet
facet normal -0.6857042235591013 -0.05991554375821172 -0.7254101222131986
outer loop
vertex -76.3080062866211 -63.16305923461914 -26.768428802490234
vertex -77.18766784667969 -64.25529479980469 -25.846702575683594
vertex -77.2712173461914 -63.74313735961914 -25.810028076171875
endloop
endfacet
facet normal -0.6857061159066451 -0.05991270784096152 -0.7254085676688595
outer loop
vertex -76.3080062866211 -63.16305923461914 -26.768428802490234
vertex -77.0710220336914 -64.60797882080078 -25.92783546447754
vertex -77.18766784667969 -64.25529479980469 -25.846702575683594
endloop
endfacet
facet normal -0.5907200339711399 -0.27324887390554586 -0.7592001675279626
outer loop
vertex -75.54405975341797 -64.84160614013672 -27.034284591674805
vertex -76.25273895263672 -65.65900421142578 -26.188678741455078
vertex -76.08841705322266 -64.02440643310547 -26.90485382080078
endloop
endfacet
facet normal -0.5907176760613336 -0.27324977298381586 -0.7592016785762465
outer loop
vertex -76.08841705322266 -64.02440643310547 -26.90485382080078
vertex -76.25273895263672 -65.65900421142578 -26.188678741455078
vertex -76.65702819824219 -65.470947265625 -25.941795349121094
endloop
endfacet
facet normal -0.5907187865054312 -0.27324895682458566 -0.7592011083130916
outer loop
vertex -76.08841705322266 -64.02440643310547 -26.90485382080078
vertex -76.65702819824219 -65.470947265625 -25.941795349121094
vertex -76.9825439453125 -64.87550354003906 -25.902828216552734
endloop
endfacet
facet normal -0.6040795299341836 -0.26987834936159266 -0.7498357140469891
outer loop
vertex -77.0710220336914 -64.60797882080078 -25.92783546447754
vertex -76.9825439453125 -64.56341552734375 -26.015153884887695
vertex -76.9825439453125 -64.87550354003906 -25.902828216552734
endloop
endfacet
facet normal -0.5907210474235769 -0.27327004236851127 -0.7591917597515823
outer loop
vertex -76.65702819824219 -65.470947265625 -25.941795349121094
vertex -76.25273895263672 -65.65900421142578 -26.188678741455078
vertex -76.39324951171875 -65.79725646972656 -26.029584884643555
endloop
endfacet
facet normal -0.5907186664014198 -0.27324912272446994 -0.759201142053432
outer loop
vertex -76.08841705322266 -64.02440643310547 -26.90485382080078
vertex -76.9825439453125 -64.87550354003906 -25.902828216552734
vertex -76.9825439453125 -64.56341552734375 -26.015153884887695
endloop
endfacet
facet normal -0.4168865911873574 -0.45349689296892637 -0.7877475091396451
outer loop
vertex -75.54405975341797 -64.84160614013672 -27.034284591674805
vertex -75.29959869384766 -66.67383575439453 -26.108863830566406
vertex -75.76024627685547 -66.40025329589844 -26.022581100463867
endloop
endfacet
facet normal -0.41688561615744674 -0.4534977936497299 -0.7877475066262367
outer loop
vertex -75.54405975341797 -64.84160614013672 -27.034284591674805
vertex -74.7500228881836 -65.41404724121094 -27.124950408935547
vertex -75.1767807006836 -66.43468475341797 -26.311534881591797
endloop
endfacet
facet normal -0.440278071879887 -0.44796252752465443 -0.7781290338725656
outer loop
vertex -76.25273895263672 -65.65900421142578 -26.188678741455078
vertex -76.25273895263672 -65.9710922241211 -26.00901222229004
vertex -76.39324951171875 -65.79725646972656 -26.029584884643555
endloop
endfacet
facet normal -0.41688042190315555 -0.4535004919287722 -0.7877487020961753
outer loop
vertex -76.25273895263672 -65.65900421142578 -26.188678741455078
vertex -75.54405975341797 -64.84160614013672 -27.034284591674805
vertex -76.25273895263672 -65.9710922241211 -26.00901222229004
endloop
endfacet
facet normal -0.4168772999588065 -0.453497856581595 -0.7877518713750887
outer loop
vertex -75.54405975341797 -64.84160614013672 -27.034284591674805
vertex -75.1767807006836 -66.43468475341797 -26.311534881591797
vertex -75.29959869384766 -66.67383575439453 -26.108863830566406
endloop
endfacet
facet normal -0.41688422828399174 -0.45349772243099845 -0.787748282104098
outer loop
vertex -75.54405975341797 -64.84160614013672 -27.034284591674805
vertex -75.76024627685547 -66.40025329589844 -26.022581100463867
vertex -76.25273895263672 -65.9710922241211 -26.00901222229004
endloop
endfacet
facet normal -0.3082475133218647 -0.517931442301764 -0.7979539407798556
outer loop
vertex -75.29959869384766 -66.67383575439453 -26.108863830566406
vertex -75.1767807006836 -66.43468475341797 -26.311534881591797
vertex -75.26235961914062 -66.6959457397461 -26.108898162841797
endloop
endfacet
facet normal -0.18985133767649762 -0.5621415518794103 -0.8049554927032007
outer loop
vertex -74.7500228881836 -65.41404724121094 -27.124950408935547
vertex -75.1767807006836 -66.74677276611328 -26.09358787536621
vertex -75.1767807006836 -66.43468475341797 -26.311534881591797
endloop
endfacet
facet normal -0.18984203498783442 -0.5621452034713826 -0.8049551366168154
outer loop
vertex -74.7500228881836 -65.41404724121094 -27.124950408935547
vertex -73.7998046875 -65.67562103271484 -27.166379928588867
vertex -73.93164825439453 -66.7774429321289 -26.365821838378906
endloop
endfacet
facet normal -0.18984005145373092 -0.5621452351952957 -0.8049555822598352
outer loop
vertex -75.1767807006836 -66.74677276611328 -26.09358787536621
vertex -74.7500228881836 -65.41404724121094 -27.124950408935547
vertex -74.57408142089844 -66.97116088867188 -26.079025268554688
endloop
endfacet
facet normal -0.1898449519166507 -0.5621450836704148 -0.8049545323413907
outer loop
vertex -74.57408142089844 -66.97116088867188 -26.079025268554688
vertex -74.7500228881836 -65.41404724121094 -27.124950408935547
vertex -73.9861068725586 -67.07949829101562 -26.142038345336914
endloop
endfacet
facet normal -0.1898350352472581 -0.5621428400391276 -0.8049584379242298
outer loop
vertex -74.7500228881836 -65.41404724121094 -27.124950408935547
vertex -73.93164825439453 -66.7774429321289 -26.365821838378906
vertex -73.9861068725586 -67.07949829101562 -26.142038345336914
endloop
endfacet
facet normal -0.1898582237097389 -0.5621407894858617 -0.8049544009979664
outer loop
vertex -75.1767807006836 -66.43468475341797 -26.311534881591797
vertex -75.1767807006836 -66.74677276611328 -26.09358787536621
vertex -75.26235961914062 -66.6959457397461 -26.108898162841797
endloop
endfacet
facet normal -0.09587895855906446 -0.5813334529799478 -0.8079966842456967
outer loop
vertex -73.93164825439453 -66.7774429321289 -26.365821838378906
vertex -73.9500732421875 -67.08613586425781 -26.141538619995117
vertex -73.9861068725586 -67.07949829101562 -26.142038345336914
endloop
endfacet
facet normal -0.0002164478214929048 -0.5877968920675765 -0.809008508500398
outer loop
vertex -3.543508291244507 -67.11072540283203 -26.142480850219727
vertex -73.7998046875 -65.67562103271484 -27.166379928588867
vertex -3.5431315898895264 -65.69686126708984 -27.16974449157715
endloop
endfacet
facet normal -0.0002161114862299584 -0.5877860479499556 -0.8090163874305626
outer loop
vertex -73.9500732421875 -67.08613586425781 -26.141538619995117
vertex -73.7998046875 -65.67562103271484 -27.166379928588867
vertex -3.543508291244507 -67.11072540283203 -26.142480850219727
endloop
endfacet
facet normal -0.00025631270022321537 -0.5877832392658895 -0.8090184163181317
outer loop
vertex -73.9500732421875 -67.08613586425781 -26.141538619995117
vertex -73.93164825439453 -66.7774429321289 -26.365821838378906
vertex -73.7998046875 -65.67562103271484 -27.166379928588867
endloop
endfacet
facet normal -0.2558710072626976 -0.5413098848910464 -0.8009454639122534
outer loop
vertex -2.0186665058135986 -67.42113494873047 -26.319751739501953
vertex -2.4750144481658936 -65.90010833740234 -27.201934814453125
vertex -1.6184642314910889 -66.22811889648438 -27.253887176513672
endloop
endfacet
facet normal -0.2426612977353061 -0.546304385114258 -0.8016651504127825
outer loop
vertex -2.8935799598693848 -67.14786529541016 -26.224937438964844
vertex -2.4750144481658936 -65.90010833740234 -27.201934814453125
vertex -2.7094051837921143 -67.17256164550781 -26.263856887817383
endloop
endfacet
facet normal -0.26692613508626584 -0.5421845619587385 -0.7967347985255315
outer loop
vertex -2.2642557621002197 -67.30455780029297 -26.316804885864258
vertex -2.4750144481658936 -65.90010833740234 -27.201934814453125
vertex -2.0186665058135986 -67.42113494873047 -26.319751739501953
endloop
endfacet
facet normal -0.2560523689578339 -0.5426136325215258 -0.8000047688313339
outer loop
vertex -2.4750144481658936 -65.90010833740234 -27.201934814453125
vertex -2.2642557621002197 -67.30455780029297 -26.316804885864258
vertex -2.7094051837921143 -67.17256164550781 -26.263856887817383
endloop
endfacet
facet normal -0.06948165269678293 -0.5863642570654937 -0.8070621153136575
outer loop
vertex -2.9659695625305176 -65.75301361083984 -27.17863655090332
vertex -3.543508291244507 -67.11072540283203 -26.142480850219727
vertex -3.5431315898895264 -65.69686126708984 -27.16974449157715
endloop
endfacet
facet normal -0.2057563237457103 -0.5595901522825281 -0.8028220205668672
outer loop
vertex -2.9659695625305176 -65.75301361083984 -27.17863655090332
vertex -2.4750144481658936 -65.90010833740234 -27.201934814453125
vertex -2.8935799598693848 -67.14786529541016 -26.224937438964844
endloop
endfacet
facet normal -0.0813284148638659 -0.5825738270856777 -0.8086985995601067
outer loop
vertex -3.543508291244507 -67.11072540283203 -26.142480850219727
vertex -2.9659695625305176 -65.75301361083984 -27.17863655090332
vertex -3.169590473175049 -67.11083984375 -26.180002212524414
endloop
endfacet
facet normal -0.20576729195196852 -0.5595892360922281 -0.8028198480434263
outer loop
vertex -2.8935799598693848 -67.14786529541016 -26.224937438964844
vertex -3.169590473175049 -67.11083984375 -26.180002212524414
vertex -2.9659695625305176 -65.75301361083984 -27.17863655090332
endloop
endfacet
facet normal -0.555406876578749 -0.3281501204432322 -0.7640946930205251
outer loop
vertex -0.06548313051462173 -69.68132019042969 -26.534076690673828
vertex -0.3825322687625885 -67.1343994140625 -27.39742660522461
vertex 0.3440541625022888 -70.14701080322266 -26.631765365600586
endloop
endfacet
facet normal -0.5574800408369506 -0.3277425572015974 -0.7627586907190175
outer loop
vertex -0.3825322687625885 -67.1343994140625 -27.39742660522461
vertex -0.42199644446372986 -69.17388916015625 -26.49225425720215
vertex -0.836616039276123 -68.44860076904297 -26.50086212158203
endloop
endfacet
facet normal -0.5281699230778619 -0.35743110040698106 -0.7702464156474732
outer loop
vertex -1.2345812320709229 -67.97740936279297 -26.421966552734375
vertex -0.3825322687625885 -67.1343994140625 -27.39742660522461
vertex -1.1223323345184326 -68.0826187133789 -26.450115203857422
endloop
endfacet
facet normal -0.5526640321460436 -0.3250466844416095 -0.7674028410851719
outer loop
vertex 0.8017662167549133 -70.25335693359375 -26.916353225708008
vertex 0.3440541625022888 -70.14701080322266 -26.631765365600586
vertex 1.4252526760101318 -69.34941864013672 -27.74825096130371
endloop
endfacet
facet normal -0.55266428438724 -0.32503490774884974 -0.767407647542971
outer loop
vertex 0.3440541625022888 -70.14701080322266 -26.631765365600586
vertex 0.8017662167549133 -70.25335693359375 -26.916353225708008
vertex 0.6537928581237793 -70.43017578125 -26.734895706176758
endloop
endfacet
facet normal -0.5507317532654503 -0.327907107659709 -0.7675750547610357
outer loop
vertex 0.3440541625022888 -70.14701080322266 -26.631765365600586
vertex -0.3825322687625885 -67.1343994140625 -27.39742660522461
vertex 1.4252526760101318 -69.34941864013672 -27.74825096130371
endloop
endfacet
facet normal -0.5563367825567809 -0.3284881177902339 -0.7632725206929689
outer loop
vertex -0.836616039276123 -68.44860076904297 -26.50086212158203
vertex -1.1223323345184326 -68.0826187133789 -26.450115203857422
vertex -0.3825322687625885 -67.1343994140625 -27.39742660522461
endloop
endfacet
facet normal -0.55645404254205 -0.32803836635669525 -0.7633804613275356
outer loop
vertex -0.42199644446372986 -69.17388916015625 -26.49225425720215
vertex -0.3825322687625885 -67.1343994140625 -27.39742660522461
vertex -0.06548313051462173 -69.68132019042969 -26.534076690673828
endloop
endfacet
facet normal -0.5479178009066056 -0.33378091416890054 -0.7670569631951999
outer loop
vertex -1.383195400238037 -67.83811950683594 -26.376420974731445
vertex -0.3825322687625885 -67.1343994140625 -27.39742660522461
vertex -1.2345812320709229 -67.97740936279297 -26.421966552734375
endloop
endfacet
facet normal -0.5479165284081249 -0.33378283174921564 -0.7670570377270932
outer loop
vertex -0.5922812819480896 -66.88196563720703 -27.357446670532227
vertex -0.3825322687625885 -67.1343994140625 -27.39742660522461
vertex -1.383195400238037 -67.83811950683594 -26.376420974731445
endloop
endfacet
facet normal -0.20571531567231285 -0.5596045461032872 -0.8028224964949441
outer loop
vertex -1.6184642314910889 -66.22811889648438 -27.253887176513672
vertex -1.553568720817566 -66.24755859375 -27.25696563720703
vertex -2.0186665058135986 -67.42113494873047 -26.319751739501953
endloop
endfacet
facet normal -0.44967082518486 -0.4308191250857172 -0.7824263738128618
outer loop
vertex -1.4611002206802368 -67.76509857177734 -26.371854782104492
vertex -0.5922812819480896 -66.88196563720703 -27.357446670532227
vertex -1.383195400238037 -67.83811950683594 -26.376420974731445
endloop
endfacet
facet normal -0.33412597136880207 -0.507071424632609 -0.7945051325057068
outer loop
vertex -1.8448050022125244 -67.503662109375 -26.332813262939453
vertex -1.553568720817566 -66.24755859375 -27.25696563720703
vertex -1.669339895248413 -67.62321472167969 -26.330303192138672
endloop
endfacet
facet normal -0.20566331042248057 -0.5596246214823484 -0.802821826918529
outer loop
vertex -1.553568720817566 -66.24755859375 -27.25696563720703
vertex -1.9802403450012207 -67.43936920166016 -26.316884994506836
vertex -2.0186665058135986 -67.42113494873047 -26.319751739501953
endloop
endfacet
facet normal -0.3341489358227846 -0.5070629662193165 -0.7945008728613009
outer loop
vertex -1.553568720817566 -66.24755859375 -27.25696563720703
vertex -1.8448050022125244 -67.503662109375 -26.332813262939453
vertex -1.9802403450012207 -67.43936920166016 -26.316884994506836
endloop
endfacet
facet normal -0.4496649180261118 -0.4308241593867451 -0.7824269967129679
outer loop
vertex -1.669339895248413 -67.62321472167969 -26.330303192138672
vertex -1.0412938594818115 -66.51800537109375 -27.299800872802734
vertex -1.4611002206802368 -67.76509857177734 -26.371854782104492
endloop
endfacet
facet normal -0.3341332450530283 -0.5070695555090519 -0.7945032664666555
outer loop
vertex -1.553568720817566 -66.24755859375 -27.25696563720703
vertex -1.0412938594818115 -66.51800537109375 -27.299800872802734
vertex -1.669339895248413 -67.62321472167969 -26.330303192138672
endloop
endfacet
facet normal -0.44966688136036376 -0.4308230949874352 -0.7824264544563226
outer loop
vertex -1.4611002206802368 -67.76509857177734 -26.371854782104492
vertex -1.0412938594818115 -66.51800537109375 -27.299800872802734
vertex -0.5922812819480896 -66.88196563720703 -27.357446670532227
endloop
endfacet
facet normal -0.4474746242395808 -0.4301469935229788 -0.7840535853019157
outer loop
vertex 0.8017662167549133 -70.25335693359375 -26.916353225708008
vertex 0.6865156292915344 -70.4600830078125 -26.737163543701172
vertex 0.6537928581237793 -70.43017578125 -26.734895706176758
endloop
endfacet
facet normal -0.3224062349754379 -0.5109682234265853 -0.7968473469223838
outer loop
vertex 2.407292366027832 -71.49081420898438 -26.772443771362305
vertex 1.4252526760101318 -69.34941864013672 -27.74825096130371
vertex 2.907665252685547 -71.6484146118164 -26.873836517333984
endloop
endfacet
facet normal -0.3224022316424321 -0.5109670833898392 -0.7968496976996733
outer loop
vertex 3.231330633163452 -70.26326751708984 -27.89299201965332
vertex 2.9987995624542236 -71.36502838134766 -27.092424392700195
vertex 1.4252526760101318 -69.34941864013672 -27.74825096130371
endloop
endfacet
facet normal -0.32239914064227915 -0.5109654235317308 -0.7968520126523864
outer loop
vertex 2.907665252685547 -71.6484146118164 -26.873836517333984
vertex 1.4252526760101318 -69.34941864013672 -27.74825096130371
vertex 2.9987995624542236 -71.36502838134766 -27.092424392700195
endloop
endfacet
facet normal -0.3224031289864084 -0.5109660049574377 -0.7968500261640261
outer loop
vertex 0.8017662167549133 -70.25335693359375 -26.916353225708008
vertex 1.3022332191467285 -70.93167114257812 -26.683883666992188
vertex 0.8017662167549133 -70.56544494628906 -26.716232299804688
endloop
endfacet
facet normal -0.3224043344845805 -0.5109665970989531 -0.7968491587211916
outer loop
vertex 0.8017662167549133 -70.25335693359375 -26.916353225708008
vertex 1.4252526760101318 -69.34941864013672 -27.74825096130371
vertex 1.3022332191467285 -70.93167114257812 -26.683883666992188
endloop
endfacet
facet normal -0.3223995394080817 -0.5109677693337189 -0.7968503471114137
outer loop
vertex 1.3022332191467285 -70.93167114257812 -26.683883666992188
vertex 1.4252526760101318 -69.34941864013672 -27.74825096130371
vertex 1.839529275894165 -71.24134826660156 -26.702693939208984
endloop
endfacet
facet normal -0.322404345871698 -0.5109657812365412 -0.7968496772719267
outer loop
vertex 0.8017662167549133 -70.56544494628906 -26.716232299804688
vertex 0.6865156292915344 -70.4600830078125 -26.737163543701172
vertex 0.8017662167549133 -70.25335693359375 -26.916353225708008
endloop
endfacet
facet normal -0.3224040230539852 -0.5109677540209228 -0.796848542867099
outer loop
vertex 1.839529275894165 -71.24134826660156 -26.702693939208984
vertex 1.4252526760101318 -69.34941864013672 -27.74825096130371
vertex 2.407292366027832 -71.49081420898438 -26.772443771362305
endloop
endfacet
facet normal -0.16596246099745732 -0.5682747961998179 -0.8059281714543318
outer loop
vertex 2.907665252685547 -71.6484146118164 -26.873836517333984
vertex 2.9987995624542236 -71.36502838134766 -27.092424392700195
vertex 2.9673049449920654 -71.66719818115234 -26.872873306274414
endloop
endfacet
facet normal -0.0003108892709633741 -0.5877852766451629 -0.8090169169473718
outer loop
vertex 3.6070470809936523 -71.79804229736328 -26.778057098388672
vertex 3.231330633163452 -70.26326751708984 -27.89299201965332
vertex 4.224832534790039 -71.85215759277344 -26.738977432250977
endloop
endfacet
facet normal -0.00029532540588638574 -0.5877858913528393 -0.8090164761668657
outer loop
vertex 2.9673049449920654 -71.66719818115234 -26.872873306274414
vertex 2.9987995624542236 -71.36502838134766 -27.092424392700195
vertex 2.9987995624542236 -71.67711639404297 -26.865678787231445
endloop
endfacet
facet normal -0.0003142633886327656 -0.5877858879600266 -0.8090164714970677
outer loop
vertex 2.9987995624542236 -71.67711639404297 -26.865678787231445
vertex 2.9987995624542236 -71.36502838134766 -27.092424392700195
vertex 3.6070470809936523 -71.79804229736328 -26.778057098388672
endloop
endfacet
facet normal -0.00031431696723559156 -0.5877866789641559 -0.8090158967765295
outer loop
vertex 4.224832534790039 -71.85215759277344 -26.738977432250977
vertex 3.231330633163452 -70.26326751708984 -27.89299201965332
vertex 61.5704345703125 -71.8532943725586 -26.76043128967285
endloop
endfacet
facet normal -0.0003142477599996506 -0.5877850056713229 -0.8090171125237762
outer loop
vertex 61.5704345703125 -71.8532943725586 -26.76043128967285
vertex 3.231330633163452 -70.26326751708984 -27.89299201965332
vertex 62.552486419677734 -70.289306640625 -27.89711570739746
endloop
endfacet
facet normal -0.00031366720737802133 -0.5877852443440211 -0.8090169393432516
outer loop
vertex 61.5704345703125 -71.8532943725586 -26.76043128967285
vertex 62.552486419677734 -70.289306640625 -27.89711570739746
vertex 62.109214782714844 -71.81251525878906 -26.790267944335938
endloop
endfacet
facet normal -0.00031926716818783023 -0.5877858870283721 -0.8090164702147573
outer loop
vertex 62.71968078613281 -71.70333099365234 -26.869831085205078
vertex 62.552486419677734 -70.289306640625 -27.89711570739746
vertex 62.71968078613281 -71.39124298095703 -27.096576690673828
endloop
endfacet
facet normal -0.0003141695070784119 -0.5877858016424845 -0.8090165342469972
outer loop
vertex 2.9987995624542236 -71.36502838134766 -27.092424392700195
vertex 3.231330633163452 -70.26326751708984 -27.89299201965332
vertex 3.6070470809936523 -71.79804229736328 -26.778057098388672
endloop
endfacet
facet normal -0.0003128819155282559 -0.5877853940548823 -0.8090168308760045
outer loop
vertex 62.109214782714844 -71.81251525878906 -26.790267944335938
vertex 62.552486419677734 -70.289306640625 -27.89711570739746
vertex 62.71968078613281 -71.70333099365234 -26.869831085205078
endloop
endfacet
facet normal 0.08119048700717882 -0.585845402203635 -0.80634562659966
outer loop
vertex 62.71968078613281 -71.70333099365234 -26.869831085205078
vertex 62.71968078613281 -71.39124298095703 -27.096576690673828
vertex 62.78683853149414 -71.68359375 -26.877408981323242
endloop
endfacet
facet normal 0 -1 0
outer loop
vertex -10.48743724822998 -65.60616302490234 -3.450000047683716
vertex -8.23743724822998 -65.60616302490234 -5.699999809265137
vertex 1.5125623941421509 -65.60616302490234 -3.450000047683716
endloop
endfacet
facet normal 0 0 1
outer loop
vertex -2.2642557621002197 -67.30455780029297 -11.449999809265137
vertex -1.8448050022125244 -67.503662109375 -11.449999809265137
vertex 1.5125623941421509 -65.60616302490234 -11.449999809265137
endloop
endfacet
facet normal 0 -1 0
outer loop
vertex -0.03033079020678997 -65.60616302490234 -5.992893218994141
vertex 0.18644195795059204 -65.60616302490234 -6.31731653213501
vertex 1.5125623941421509 -65.60616302490234 -3.450000047683716
endloop
endfacet
facet normal 0 -1 0
outer loop
vertex -10.48743724822998 -65.60616302490234 -3.450000047683716
vertex -8.944544792175293 -65.60616302490234 -5.992893218994141
vertex -8.620121002197266 -65.60616302490234 -5.776120662689209
endloop
endfacet
facet normal 0 -1 0
outer loop
vertex -10.48743724822998 -65.60616302490234 -3.450000047683716
vertex -9.161316871643066 -65.60616302490234 -6.31731653213501
vertex -8.944544792175293 -65.60616302490234 -5.992893218994141
endloop
endfacet
facet normal 0 0 1
outer loop
vertex 0.8017662167549133 -70.56544494628906 -11.449999809265137
vertex 1.3022332191467285 -70.93167114257812 -11.449999809265137
vertex 1.5125623941421509 -65.60616302490234 -11.449999809265137
endloop
endfacet
facet normal 0 0 1
outer loop
vertex 1.5125623941421509 -65.60616302490234 -11.449999809265137
vertex 1.3022332191467285 -70.93167114257812 -11.449999809265137
vertex 1.5125623941421509 -71.05290222167969 -11.449999809265137
endloop
endfacet
facet normal -0.19509022755730804 1.8673210272842337e-8 0.9807852991922531
outer loop
vertex 1.5125623941421509 -71.05290222167969 -11.449999809265137
vertex 1.839529275894165 -71.24134826660156 -11.38496208190918
vertex 2.08658766746521 -65.60616302490234 -11.335819244384766
endloop
endfacet
facet normal -0.19508981784828902 0 0.9807853806883142
outer loop
vertex 2.08658766746521 -65.60616302490234 -11.335819244384766
vertex 1.839529275894165 -71.24134826660156 -11.38496208190918
vertex 2.08658766746521 -71.34990692138672 -11.335819244384766
endloop
endfacet
facet normal 0 -1 0
outer loop
vertex -10.48743724822998 -65.60616302490234 -3.450000047683716
vertex -9.23743724822998 -65.60616302490234 -6.699999809265137
vertex -9.161316871643066 -65.60616302490234 -6.31731653213501
endloop
endfacet
facet normal 0 -1 0
outer loop
vertex -11.548097610473633 -65.60616302490234 -3.8893399238586426
vertex -11.06146240234375 -65.60616302490234 -11.335819244384766
vertex -11.06146240234375 -65.60616302490234 -3.564180612564087
endloop
endfacet
facet normal -0.5555697643042387 -5.4785034652232914e-8 0.8314699254879456
outer loop
vertex 2.08658766746521 -71.34990692138672 -11.335819244384766
vertex 2.407292366027832 -71.49081420898438 -11.12153148651123
vertex 2.5732226371765137 -65.60616302490234 -11.010660171508789
endloop
endfacet
facet normal 0.5555703047945764 0 -0.8314695643440363
outer loop
vertex -11.06146240234375 -67.10846710205078 -3.564180612564087
vertex -11.548097610473633 -67.10831451416016 -3.8893399238586426
vertex -11.548097610473633 -65.60616302490234 -3.8893399238586426
endloop
endfacet
facet normal -0.5555711075312926 0 0.83146902797185
outer loop
vertex 2.5732226371765137 -65.60616302490234 -11.010660171508789
vertex 2.407292366027832 -71.49081420898438 -11.12153148651123
vertex 2.5732226371765137 -71.54307556152344 -11.010660171508789
endloop
endfacet
facet normal 0 0 1
outer loop
vertex -0.42199644446372986 -69.17388916015625 -11.449999809265137
vertex -0.06548313051462173 -69.68132019042969 -11.449999809265137
vertex 1.5125623941421509 -65.60616302490234 -11.449999809265137
endloop
endfacet
facet normal 0 0 1
outer loop
vertex 1.5125623941421509 -65.60616302490234 -11.449999809265137
vertex -0.06548313051462173 -69.68132019042969 -11.449999809265137
vertex 0.3440541625022888 -70.14701080322266 -11.449999809265137
endloop
endfacet
facet normal 0 0 1
outer loop
vertex 1.5125623941421509 -65.60616302490234 -11.449999809265137
vertex 0.3440541625022888 -70.14701080322266 -11.449999809265137
vertex 0.8017662167549133 -70.56544494628906 -11.449999809265137
endloop
endfacet
facet normal 0 0 1
outer loop
vertex -0.836616039276123 -68.44860076904297 -11.449999809265137
vertex -0.42199644446372986 -69.17388916015625 -11.449999809265137
vertex 1.5125623941421509 -65.60616302490234 -11.449999809265137
endloop
endfacet
facet normal -0.19509005711693658 0 0.9807853330949186
outer loop
vertex 1.5125623941421509 -65.60616302490234 -11.449999809265137
vertex 1.5125623941421509 -71.05290222167969 -11.449999809265137
vertex 2.08658766746521 -65.60616302490234 -11.335819244384766
endloop
endfacet
facet normal -0.5555702113444101 0 0.8314696267854452
outer loop
vertex 2.08658766746521 -65.60616302490234 -11.335819244384766
vertex 2.08658766746521 -71.34990692138672 -11.335819244384766
vertex 2.5732226371765137 -65.60616302490234 -11.010660171508789
endloop
endfacet
facet normal -0.8314697525217963 0 0.5555700231666056
outer loop
vertex 2.5732226371765137 -65.60616302490234 -11.010660171508789
vertex 2.5732226371765137 -71.54307556152344 -11.010660171508789
vertex 2.8983817100524902 -65.60616302490234 -10.524024963378906
endloop
endfacet
facet normal -0.8314697525217963 0 0.5555700231666056
outer loop
vertex 2.5732226371765137 -71.54307556152344 -11.010660171508789
vertex 2.8983817100524902 -71.6454849243164 -10.524024963378906
vertex 2.8983817100524902 -65.60616302490234 -10.524024963378906
endloop
endfacet
facet normal -0.9807852463966226 -4.969050548370281e-10 0.1950904929788136
outer loop
vertex 2.8983817100524902 -71.6454849243164 -10.524024963378906
vertex 2.9987995624542236 -71.67711639404297 -10.019190788269043
vertex 3.0125625133514404 -65.60616302490234 -9.949999809265137
endloop
endfacet
facet normal -0.9807852547390189 0 0.19509045103878805
outer loop
vertex 2.9987995624542236 -71.67711639404297 -10.019190788269043
vertex 3.0125625133514404 -71.67984771728516 -9.949999809265137
vertex 3.0125625133514404 -65.60616302490234 -9.949999809265137
endloop
endfacet
facet normal 0 -1 0
outer loop
vertex -0.35475414991378784 -65.60616302490234 -9.123879432678223
vertex -0.7374375462532043 -65.60616302490234 -9.199999809265137
vertex 1.5125623941421509 -65.60616302490234 -11.449999809265137
endloop
endfacet
facet normal -0.9807852473969465 0 0.19509048794984965
outer loop
vertex 2.8983817100524902 -65.60616302490234 -10.524024963378906
vertex 2.8983817100524902 -71.6454849243164 -10.524024963378906
vertex 3.0125625133514404 -65.60616302490234 -9.949999809265137
endloop
endfacet
facet normal 0 -1 0
outer loop
vertex -0.03033079020678997 -65.60616302490234 -8.907106399536133
vertex -0.35475414991378784 -65.60616302490234 -9.123879432678223
vertex 1.5125623941421509 -65.60616302490234 -11.449999809265137
endloop
endfacet
facet normal 0 -1 0
outer loop
vertex -0.03033079020678997 -65.60616302490234 -8.907106399536133
vertex 1.5125623941421509 -65.60616302490234 -11.449999809265137
vertex 0.18644195795059204 -65.60616302490234 -8.582683563232422
endloop
endfacet
facet normal 0 -1 0
outer loop
vertex 0.18644195795059204 -65.60616302490234 -8.582683563232422
vertex 1.5125623941421509 -65.60616302490234 -11.449999809265137
vertex 0.26256242394447327 -65.60616302490234 -8.199999809265137
endloop
endfacet
facet normal 0 -1 0
outer loop
vertex 1.5125623941421509 -65.60616302490234 -3.450000047683716
vertex -8.23743724822998 -65.60616302490234 -5.699999809265137
vertex -0.7374375462532043 -65.60616302490234 -5.699999809265137
endloop
endfacet
facet normal 0 -1 0
outer loop
vertex -10.48743724822998 -65.60616302490234 -3.450000047683716
vertex -8.620121002197266 -65.60616302490234 -5.776120662689209
vertex -8.23743724822998 -65.60616302490234 -5.699999809265137
endloop
endfacet
facet normal 0 -1 0
outer loop
vertex 0.26256242394447327 -65.60616302490234 -8.199999809265137
vertex 1.5125623941421509 -65.60616302490234 -11.449999809265137
vertex 0.26256242394447327 -65.60616302490234 -6.699999809265137
endloop
endfacet
facet normal 0 -1 0
outer loop
vertex 1.5125623941421509 -65.60616302490234 -11.449999809265137
vertex 2.08658766746521 -65.60616302490234 -11.335819244384766
vertex 1.5125623941421509 -65.60616302490234 -3.450000047683716
endloop
endfacet
facet normal 0 -1 0
outer loop
vertex 2.08658766746521 -65.60616302490234 -11.335819244384766
vertex 2.5732226371765137 -65.60616302490234 -11.010660171508789
vertex 2.08658766746521 -65.60616302490234 -3.564180612564087
endloop
endfacet
facet normal 0 -1 0
outer loop
vertex -11.06146240234375 -65.60616302490234 -3.564180612564087
vertex -10.48743724822998 -65.60616302490234 -11.449999809265137
vertex -10.48743724822998 -65.60616302490234 -3.450000047683716
endloop
endfacet
facet normal 0 0 -1
outer loop
vertex 1.5125623941421509 -65.60616302490234 -3.450000047683716
vertex -0.42199644446372986 -69.17388916015625 -3.450000047683716
vertex -0.836616039276123 -68.44860076904297 -3.450000047683716
endloop
endfacet
facet normal -1 0 0
outer loop
vertex 3.0125625133514404 -65.60616302490234 -9.949999809265137
vertex 3.0125625133514404 -71.67984771728516 -9.949999809265137
vertex 3.0125625133514404 -65.60616302490234 -4.949999809265137
endloop
endfacet
facet normal 0 -1 0
outer loop
vertex 2.5732226371765137 -65.60616302490234 -11.010660171508789
vertex 2.8983817100524902 -65.60616302490234 -10.524024963378906
vertex 2.5732226371765137 -65.60616302490234 -3.8893399238586426
endloop
endfacet
facet normal 0 -1 0
outer loop
vertex 2.8983817100524902 -65.60616302490234 -10.524024963378906
vertex 3.0125625133514404 -65.60616302490234 -9.949999809265137
vertex 2.8983817100524902 -65.60616302490234 -4.375974655151367
endloop
endfacet
facet normal 0 0 -1
outer loop
vertex 1.5125623941421509 -65.60616302490234 -3.450000047683716
vertex 0.8017662167549133 -70.56544494628906 -3.450000047683716
vertex 0.3440541625022888 -70.14701080322266 -3.450000047683716
endloop
endfacet
facet normal -1 0 0
outer loop
vertex 3.0125625133514404 -65.60616302490234 -4.949999809265137
vertex 3.0125625133514404 -71.67984771728516 -9.949999809265137
vertex 3.0125625133514404 -71.67984771728516 -4.949999809265137
endloop
endfacet
facet normal 0 0 -1
outer loop
vertex 0.3440541625022888 -70.14701080322266 -3.450000047683716
vertex -0.06548313051462173 -69.68132019042969 -3.450000047683716
vertex 1.5125623941421509 -65.60616302490234 -3.450000047683716
endloop
endfacet
facet normal 0 -1 0
outer loop
vertex 0.26256242394447327 -65.60616302490234 -6.699999809265137
vertex 1.5125623941421509 -65.60616302490234 -11.449999809265137
vertex 1.5125623941421509 -65.60616302490234 -3.450000047683716
endloop
endfacet
facet normal 0 0 -1
outer loop
vertex -0.06548313051462173 -69.68132019042969 -3.450000047683716
vertex -0.42199644446372986 -69.17388916015625 -3.450000047683716
vertex 1.5125623941421509 -65.60616302490234 -3.450000047683716
endloop
endfacet
facet normal -0.19509005711693655 1.0905089910905572e-8 -0.9807853330949186
outer loop
vertex 1.5125623941421509 -65.60616302490234 -3.450000047683716
vertex 2.08658766746521 -65.60616302490234 -3.564180612564087
vertex 1.839529275894165 -71.24134826660156 -3.515037775039673
endloop
endfacet
facet normal -0.5555704929723909 8.621770652390176e-9 -0.8314694386075862
outer loop
vertex 2.5732226371765137 -65.60616302490234 -3.8893399238586426
vertex 2.407292366027832 -71.49081420898438 -3.7784688472747803
vertex 2.08658766746521 -65.60616302490234 -3.564180612564087
endloop
endfacet
facet normal -0.5555702815824776 0 -0.8314695798538672
outer loop
vertex 2.5732226371765137 -65.60616302490234 -3.8893399238586426
vertex 2.5732226371765137 -71.54307556152344 -3.8893399238586426
vertex 2.407292366027832 -71.49081420898438 -3.7784688472747803
endloop
endfacet
facet normal 0 -1 0
outer loop
vertex 1.5125623941421509 -65.60616302490234 -3.450000047683716
vertex 2.08658766746521 -65.60616302490234 -11.335819244384766
vertex 2.08658766746521 -65.60616302490234 -3.564180612564087
endloop
endfacet
facet normal 0 -1 0
outer loop
vertex 2.8983817100524902 -65.60616302490234 -4.375974655151367
vertex 3.0125625133514404 -65.60616302490234 -9.949999809265137
vertex 3.0125625133514404 -65.60616302490234 -4.949999809265137
endloop
endfacet
facet normal 0 -1 0
outer loop
vertex 2.5732226371765137 -65.60616302490234 -3.8893399238586426
vertex 2.8983817100524902 -65.60616302490234 -10.524024963378906
vertex 2.8983817100524902 -65.60616302490234 -4.375974655151367
endloop
endfacet
facet normal 0.5555703047945764 0 -0.8314695643440363
outer loop
vertex -11.06146240234375 -67.10846710205078 -3.564180612564087
vertex -11.548097610473633 -65.60616302490234 -3.8893399238586426
vertex -11.06146240234375 -65.60616302490234 -3.564180612564087
endloop
endfacet
facet normal 0.1950900960897925 0 -0.9807853253427457
outer loop
vertex -10.48743724822998 -67.10863494873047 -3.450000047683716
vertex -11.06146240234375 -67.10846710205078 -3.564180612564087
vertex -11.06146240234375 -65.60616302490234 -3.564180612564087
endloop
endfacet
facet normal -0.195090237909925 0 -0.9807852971329908
outer loop
vertex 1.5125623941421509 -65.60616302490234 -3.450000047683716
vertex 1.839529275894165 -71.24134826660156 -3.515037775039673
vertex 1.5125623941421509 -71.05290222167969 -3.450000047683716
endloop
endfacet
facet normal 0 0 -1
outer loop
vertex 1.3022332191467285 -70.93167114257812 -3.450000047683716
vertex 1.5125623941421509 -65.60616302490234 -3.450000047683716
vertex 1.5125623941421509 -71.05290222167969 -3.450000047683716
endloop
endfacet
facet normal 0.1950900960897925 0 -0.9807853253427458
outer loop
vertex -10.48743724822998 -67.10863494873047 -3.450000047683716
vertex -11.06146240234375 -65.60616302490234 -3.564180612564087
vertex -10.48743724822998 -65.60616302490234 -3.450000047683716
endloop
endfacet
facet normal 0 0 -1
outer loop
vertex -3.169590473175049 -67.11083984375 -3.450000047683716
vertex -10.48743724822998 -67.10863494873047 -3.450000047683716
vertex -10.48743724822998 -65.60616302490234 -3.450000047683716
endloop
endfacet
facet normal 0 0 -1
outer loop
vertex -3.169590473175049 -67.11083984375 -3.450000047683716
vertex -10.48743724822998 -65.60616302490234 -3.450000047683716
vertex 1.5125623941421509 -65.60616302490234 -3.450000047683716
endloop
endfacet
facet normal 0 -1 0
outer loop
vertex -10.48743724822998 -65.60616302490234 -11.449999809265137
vertex 1.5125623941421509 -65.60616302490234 -11.449999809265137
vertex -0.7374375462532043 -65.60616302490234 -9.199999809265137
endloop
endfacet
facet normal 0 -1 0
outer loop
vertex -10.48743724822998 -65.60616302490234 -11.449999809265137
vertex -9.161316871643066 -65.60616302490234 -8.582683563232422
vertex -9.23743724822998 -65.60616302490234 -8.199999809265137
endloop
endfacet
facet normal 0 -1 0
outer loop
vertex -9.161316871643066 -65.60616302490234 -8.582683563232422
vertex -10.48743724822998 -65.60616302490234 -11.449999809265137
vertex -8.944544792175293 -65.60616302490234 -8.907106399536133
endloop
endfacet
facet normal 0 -1 0
outer loop
vertex -10.48743724822998 -65.60616302490234 -11.449999809265137
vertex -8.620121002197266 -65.60616302490234 -9.123879432678223
vertex -8.944544792175293 -65.60616302490234 -8.907106399536133
endloop
endfacet
facet normal 0 -1 0
outer loop
vertex -8.23743724822998 -65.60616302490234 -9.199999809265137
vertex -10.48743724822998 -65.60616302490234 -11.449999809265137
vertex -0.7374375462532043 -65.60616302490234 -9.199999809265137
endloop
endfacet
facet normal 0 -1 0
outer loop
vertex -8.23743724822998 -65.60616302490234 -9.199999809265137
vertex -8.620121002197266 -65.60616302490234 -9.123879432678223
vertex -10.48743724822998 -65.60616302490234 -11.449999809265137
endloop
endfacet
facet normal 0 -1 0
outer loop
vertex -10.48743724822998 -65.60616302490234 -11.449999809265137
vertex -9.23743724822998 -65.60616302490234 -8.199999809265137
vertex -10.48743724822998 -65.60616302490234 -3.450000047683716
endloop
endfacet
facet normal 0 -1 0
outer loop
vertex -11.98743724822998 -65.60616302490234 -9.949999809265137
vertex -11.87325668334961 -65.60616302490234 -10.524024963378906
vertex -11.98743724822998 -65.60616302490234 -4.949999809265137
endloop
endfacet
facet normal 0 -1 0
outer loop
vertex 2.08658766746521 -65.60616302490234 -3.564180612564087
vertex 2.5732226371765137 -65.60616302490234 -11.010660171508789
vertex 2.5732226371765137 -65.60616302490234 -3.8893399238586426
endloop
endfacet
facet normal -0.9807847383161862 2.5145048106466084e-7 -0.19509304725178453
outer loop
vertex 3.0125625133514404 -71.67984771728516 -4.949999809265137
vertex 2.9987995624542236 -71.67711639404297 -4.880809783935547
vertex 2.8983817100524902 -65.60616302490234 -4.375974655151367
endloop
endfacet
facet normal 1 0 0
outer loop
vertex -11.98743724822998 -67.10818481445312 -9.949999809265137
vertex -11.98743724822998 -65.60616302490234 -9.949999809265137
vertex -11.98743724822998 -67.10818481445312 -4.949999809265137
endloop
endfacet
facet normal 0 -1 0
outer loop
vertex -10.48743724822998 -65.60616302490234 -3.450000047683716
vertex -9.23743724822998 -65.60616302490234 -8.199999809265137
vertex -9.23743724822998 -65.60616302490234 -6.699999809265137
endloop
endfacet
facet normal 0 -1 0
outer loop
vertex -11.06146240234375 -65.60616302490234 -11.335819244384766
vertex -10.48743724822998 -65.60616302490234 -11.449999809265137
vertex -11.06146240234375 -65.60616302490234 -3.564180612564087
endloop
endfacet
facet normal 0 -1 0
outer loop
vertex -11.548097610473633 -65.60616302490234 -11.010660171508789
vertex -11.06146240234375 -65.60616302490234 -11.335819244384766
vertex -11.548097610473633 -65.60616302490234 -3.8893399238586426
endloop
endfacet
facet normal -0.9807853169080654 0 -0.1950901384938405
outer loop
vertex 2.8983817100524902 -65.60616302490234 -4.375974655151367
vertex 2.9987995624542236 -71.67711639404297 -4.880809783935547
vertex 2.8983817100524902 -71.6454849243164 -4.375974655151367
endloop
endfacet
facet normal -0.8314695010489662 0 -0.5555703995223135
outer loop
vertex 2.8983817100524902 -71.6454849243164 -4.375974655151367
vertex 2.5732226371765137 -71.54307556152344 -3.8893399238586426
vertex 2.5732226371765137 -65.60616302490234 -3.8893399238586426
endloop
endfacet
facet normal 0 -1 0
outer loop
vertex 0.26256242394447327 -65.60616302490234 -6.699999809265137
vertex 1.5125623941421509 -65.60616302490234 -3.450000047683716
vertex 0.18644195795059204 -65.60616302490234 -6.31731653213501
endloop
endfacet
facet normal 1 0 0
outer loop
vertex -11.98743724822998 -67.10818481445312 -4.949999809265137
vertex -11.98743724822998 -65.60616302490234 -9.949999809265137
vertex -11.98743724822998 -65.60616302490234 -4.949999809265137
endloop
endfacet
facet normal 0 -1 0
outer loop
vertex -11.87325668334961 -65.60616302490234 -4.375974655151367
vertex -11.548097610473633 -65.60616302490234 -11.010660171508789
vertex -11.548097610473633 -65.60616302490234 -3.8893399238586426
endloop
endfacet
facet normal 0 -1 0
outer loop
vertex -0.03033079020678997 -65.60616302490234 -5.992893218994141
vertex 1.5125623941421509 -65.60616302490234 -3.450000047683716
vertex -0.35475414991378784 -65.60616302490234 -5.776120662689209
endloop
endfacet
facet normal 0 -1 0
outer loop
vertex 1.5125623941421509 -65.60616302490234 -3.450000047683716
vertex -0.7374375462532043 -65.60616302490234 -5.699999809265137
vertex -0.35475414991378784 -65.60616302490234 -5.776120662689209
endloop
endfacet
facet normal 0 0 -1
outer loop
vertex -2.2642557621002197 -67.30455780029297 -3.450000047683716
vertex 1.5125623941421509 -65.60616302490234 -3.450000047683716
vertex -1.8448050022125244 -67.503662109375 -3.450000047683716
endloop
endfacet
facet normal 0 0 -1
outer loop
vertex -0.836616039276123 -68.44860076904297 -3.450000047683716
vertex -1.1223323345184326 -68.0826187133789 -3.450000047683716
vertex 1.5125623941421509 -65.60616302490234 -3.450000047683716
endloop
endfacet
facet normal 0.8314695010489662 0 -0.5555703995223135
outer loop
vertex -11.548097610473633 -67.10831451416016 -3.8893399238586426
vertex -11.87325668334961 -65.60616302490234 -4.375974655151367
vertex -11.548097610473633 -65.60616302490234 -3.8893399238586426
endloop
endfacet
facet normal 0.8314695010489663 0 -0.5555703995223136
outer loop
vertex -11.548097610473633 -67.10831451416016 -3.8893399238586426
vertex -11.87325668334961 -67.10822296142578 -4.375974655151367
vertex -11.87325668334961 -65.60616302490234 -4.375974655151367
endloop
endfacet
facet normal 0 0 -1
outer loop
vertex 1.5125623941421509 -65.60616302490234 -3.450000047683716
vertex -1.1223323345184326 -68.0826187133789 -3.450000047683716
vertex -1.4611002206802368 -67.76509857177734 -3.450000047683716
endloop
endfacet
facet normal 0 0 -1
outer loop
vertex 1.5125623941421509 -65.60616302490234 -3.450000047683716
vertex -1.4611002206802368 -67.76509857177734 -3.450000047683716
vertex -1.8448050022125244 -67.503662109375 -3.450000047683716
endloop
endfacet
facet normal 0 -1 0
outer loop
vertex -11.87325668334961 -65.60616302490234 -10.524024963378906
vertex -11.548097610473633 -65.60616302490234 -11.010660171508789
vertex -11.87325668334961 -65.60616302490234 -4.375974655151367
endloop
endfacet
facet normal 0.9807853253427457 0 0.1950900960897925
outer loop
vertex -11.98743724822998 -67.10818481445312 -9.949999809265137
vertex -11.87325668334961 -65.60616302490234 -10.524024963378906
vertex -11.98743724822998 -65.60616302490234 -9.949999809265137
endloop
endfacet
facet normal 0.9807853253427458 0 0.1950900960897925
outer loop
vertex -11.98743724822998 -67.10818481445312 -9.949999809265137
vertex -11.87325668334961 -67.10822296142578 -10.524024963378906
vertex -11.87325668334961 -65.60616302490234 -10.524024963378906
endloop
endfacet
facet normal -0.9807852473969464 0 -0.19509048794984965
outer loop
vertex 3.0125625133514404 -65.60616302490234 -4.949999809265137
vertex 3.0125625133514404 -71.67984771728516 -4.949999809265137
vertex 2.8983817100524902 -65.60616302490234 -4.375974655151367
endloop
endfacet
facet normal 0.8314697525217962 0 0.5555700231666056
outer loop
vertex -11.87325668334961 -67.10822296142578 -10.524024963378906
vertex -11.548097610473633 -65.60616302490234 -11.010660171508789
vertex -11.87325668334961 -65.60616302490234 -10.524024963378906
endloop
endfacet
facet normal -0.8314695010489662 0 -0.5555703995223135
outer loop
vertex 2.5732226371765137 -65.60616302490234 -3.8893399238586426
vertex 2.8983817100524902 -65.60616302490234 -4.375974655151367
vertex 2.8983817100524902 -71.6454849243164 -4.375974655151367
endloop
endfacet
facet normal -0.5555706023439475 0 -0.8314693655277886
outer loop
vertex 2.08658766746521 -71.34990692138672 -3.564180612564087
vertex 2.08658766746521 -65.60616302490234 -3.564180612564087
vertex 2.407292366027832 -71.49081420898438 -3.7784688472747803
endloop
endfacet
facet normal -0.19508981784828902 0 -0.9807853806883142
outer loop
vertex 2.08658766746521 -65.60616302490234 -3.564180612564087
vertex 2.08658766746521 -71.34990692138672 -3.564180612564087
vertex 1.839529275894165 -71.24134826660156 -3.515037775039673
endloop
endfacet
facet normal 0 0 -1
outer loop
vertex 0.8017662167549133 -70.56544494628906 -3.450000047683716
vertex 1.5125623941421509 -65.60616302490234 -3.450000047683716
vertex 1.3022332191467285 -70.93167114257812 -3.450000047683716
endloop
endfacet
facet normal 0.9807853253427458 0 -0.1950900960897925
outer loop
vertex -11.87325668334961 -67.10822296142578 -4.375974655151367
vertex -11.98743724822998 -65.60616302490234 -4.949999809265137
vertex -11.87325668334961 -65.60616302490234 -4.375974655151367
endloop
endfacet
facet normal 0 0 1
outer loop
vertex 1.5125623941421509 -65.60616302490234 -11.449999809265137
vertex -2.7094051837921143 -67.17256164550781 -11.449999809265137
vertex -2.2642557621002197 -67.30455780029297 -11.449999809265137
endloop
endfacet
facet normal 0 0 1
outer loop
vertex 1.5125623941421509 -65.60616302490234 -11.449999809265137
vertex -3.169590473175049 -67.11083984375 -11.449999809265137
vertex -2.7094051837921143 -67.17256164550781 -11.449999809265137
endloop
endfacet
facet normal 0 0 -1
outer loop
vertex -2.7094051837921143 -67.17256164550781 -3.450000047683716
vertex -3.169590473175049 -67.11083984375 -3.450000047683716
vertex 1.5125623941421509 -65.60616302490234 -3.450000047683716
endloop
endfacet
facet normal 0.9807853253427457 0 -0.1950900960897925
outer loop
vertex -11.87325668334961 -67.10822296142578 -4.375974655151367
vertex -11.98743724822998 -67.10818481445312 -4.949999809265137
vertex -11.98743724822998 -65.60616302490234 -4.949999809265137
endloop
endfacet
facet normal 0 0 -1
outer loop
vertex -2.2642557621002197 -67.30455780029297 -3.450000047683716
vertex -2.7094051837921143 -67.17256164550781 -3.450000047683716
vertex 1.5125623941421509 -65.60616302490234 -3.450000047683716
endloop
endfacet
facet normal 0 0 1
outer loop
vertex 1.5125623941421509 -65.60616302490234 -11.449999809265137
vertex -1.8448050022125244 -67.503662109375 -11.449999809265137
vertex -1.4611002206802368 -67.76509857177734 -11.449999809265137
endloop
endfacet
facet normal 0 0 1
outer loop
vertex -1.4611002206802368 -67.76509857177734 -11.449999809265137
vertex -1.1223323345184326 -68.0826187133789 -11.449999809265137
vertex 1.5125623941421509 -65.60616302490234 -11.449999809265137
endloop
endfacet
facet normal 0 0 1
outer loop
vertex -1.1223323345184326 -68.0826187133789 -11.449999809265137
vertex -0.836616039276123 -68.44860076904297 -11.449999809265137
vertex 1.5125623941421509 -65.60616302490234 -11.449999809265137
endloop
endfacet
facet normal 0.5555700231666056 0 0.8314697525217963
outer loop
vertex -11.548097610473633 -67.10831451416016 -11.010660171508789
vertex -11.06146240234375 -67.10846710205078 -11.335819244384766
vertex -11.06146240234375 -65.60616302490234 -11.335819244384766
endloop
endfacet
facet normal 0.1950900960897925 0 0.9807853253427458
outer loop
vertex -11.06146240234375 -67.10846710205078 -11.335819244384766
vertex -10.48743724822998 -67.10863494873047 -11.449999809265137
vertex -10.48743724822998 -65.60616302490234 -11.449999809265137
endloop
endfacet
facet normal 0.1950900960897925 0 0.9807853253427457
outer loop
vertex -11.06146240234375 -67.10846710205078 -11.335819244384766
vertex -10.48743724822998 -65.60616302490234 -11.449999809265137
vertex -11.06146240234375 -65.60616302490234 -11.335819244384766
endloop
endfacet
facet normal 0.5555700231666056 0 0.8314697525217963
outer loop
vertex -11.548097610473633 -67.10831451416016 -11.010660171508789
vertex -11.06146240234375 -65.60616302490234 -11.335819244384766
vertex -11.548097610473633 -65.60616302490234 -11.010660171508789
endloop
endfacet
facet normal 0.8314697525217963 0 0.5555700231666056
outer loop
vertex -11.87325668334961 -67.10822296142578 -10.524024963378906
vertex -11.548097610473633 -67.10831451416016 -11.010660171508789
vertex -11.548097610473633 -65.60616302490234 -11.010660171508789
endloop
endfacet
facet normal 0 0 1
outer loop
vertex -10.48743724822998 -65.60616302490234 -11.449999809265137
vertex -10.48743724822998 -67.10863494873047 -11.449999809265137
vertex 1.5125623941421509 -65.60616302490234 -11.449999809265137
endloop
endfacet
facet normal 0 0 1
outer loop
vertex 1.5125623941421509 -65.60616302490234 -11.449999809265137
vertex -10.48743724822998 -67.10863494873047 -11.449999809265137
vertex -3.169590473175049 -67.11083984375 -11.449999809265137
endloop
endfacet
facet normal 0 -1 0
outer loop
vertex -11.98743724822998 -65.60616302490234 -4.949999809265137
vertex -11.87325668334961 -65.60616302490234 -10.524024963378906
vertex -11.87325668334961 -65.60616302490234 -4.375974655151367
endloop
endfacet
facet normal -0.5555707194699483 0 0.8314692872666098
outer loop
vertex -0.03033079020678997 -65.60616302490234 -8.907106399536133
vertex -0.03033079020678997 -64.40615844726562 -8.907106399536133
vertex -0.35475414991378784 -65.60616302490234 -9.123879432678223
endloop
endfacet
facet normal 1 0 0
outer loop
vertex -9.23743724822998 -65.60616302490234 -8.199999809265137
vertex -9.23743724822998 -64.40615844726562 -8.199999809265137
vertex -9.23743724822998 -65.60616302490234 -6.699999809265137
endloop
endfacet
facet normal 0.9807853563514094 0 0.19508994019846038
outer loop
vertex -9.161316871643066 -64.40615844726562 -8.582683563232422
vertex -9.23743724822998 -64.40615844726562 -8.199999809265137
vertex -9.23743724822998 -65.60616302490234 -8.199999809265137
endloop
endfacet
facet normal 0.9807853563514094 0 0.19508994019846038
outer loop
vertex -9.161316871643066 -65.60616302490234 -8.582683563232422
vertex -9.161316871643066 -64.40615844726562 -8.582683563232422
vertex -9.23743724822998 -65.60616302490234 -8.199999809265137
endloop
endfacet
facet normal 0.8314700022881474 0 0.5555696493644592
outer loop
vertex -9.161316871643066 -65.60616302490234 -8.582683563232422
vertex -8.944544792175293 -64.40615844726562 -8.907106399536133
vertex -9.161316871643066 -64.40615844726562 -8.582683563232422
endloop
endfacet
facet normal -0.1950901155762262 0 0.9807853214666575
outer loop
vertex -0.7374375462532043 -64.40615844726562 -9.199999809265137
vertex -0.7374375462532043 -65.60616302490234 -9.199999809265137
vertex -0.35475414991378784 -64.40615844726562 -9.123879432678223
endloop
endfacet
facet normal 0.5555702100670031 0 0.8314696276389811
outer loop
vertex -8.944544792175293 -65.60616302490234 -8.907106399536133
vertex -8.620121002197266 -65.60616302490234 -9.123879432678223
vertex -8.620121002197266 -64.40615844726562 -9.123879432678223
endloop
endfacet
facet normal 0.5555702100670031 0 0.8314696276389811
outer loop
vertex -8.944544792175293 -65.60616302490234 -8.907106399536133
vertex -8.620121002197266 -64.40615844726562 -9.123879432678223
vertex -8.944544792175293 -64.40615844726562 -8.907106399536133
endloop
endfacet
facet normal 0.8314700022881474 0 0.5555696493644592
outer loop
vertex -9.161316871643066 -65.60616302490234 -8.582683563232422
vertex -8.944544792175293 -65.60616302490234 -8.907106399536133
vertex -8.944544792175293 -64.40615844726562 -8.907106399536133
endloop
endfacet
facet normal 0.980785309838386 0 -0.19509017403555015
outer loop
vertex -9.23743724822998 -65.60616302490234 -6.699999809265137
vertex -9.23743724822998 -64.40615844726562 -6.699999809265137
vertex -9.161316871643066 -65.60616302490234 -6.31731653213501
endloop
endfacet
facet normal 0.980785309838386 0 -0.19509017403555015
outer loop
vertex -9.161316871643066 -65.60616302490234 -6.31731653213501
vertex -9.23743724822998 -64.40615844726562 -6.699999809265137
vertex -9.161316871643066 -64.40615844726562 -6.31731653213501
endloop
endfacet
facet normal 0.8314703794967792 0 -0.5555690848305744
outer loop
vertex -9.161316871643066 -65.60616302490234 -6.31731653213501
vertex -9.161316871643066 -64.40615844726562 -6.31731653213501
vertex -8.944544792175293 -65.60616302490234 -5.992893218994141
endloop
endfacet
facet normal 0.8314703794967792 0 -0.5555690848305744
outer loop
vertex -8.944544792175293 -64.40615844726562 -5.992893218994141
vertex -8.944544792175293 -65.60616302490234 -5.992893218994141
vertex -9.161316871643066 -64.40615844726562 -6.31731653213501
endloop
endfacet
facet normal 0.5555693651831525 0 -0.8314701921716671
outer loop
vertex -8.944544792175293 -65.60616302490234 -5.992893218994141
vertex -8.944544792175293 -64.40615844726562 -5.992893218994141
vertex -8.620121002197266 -65.60616302490234 -5.776120662689209
endloop
endfacet
facet normal 0.19509111577748656 0 -0.9807851225139456
outer loop
vertex -8.620121002197266 -65.60616302490234 -5.776120662689209
vertex -8.620121002197266 -64.40615844726562 -5.776120662689209
vertex -8.23743724822998 -65.60616302490234 -5.699999809265137
endloop
endfacet
facet normal 0.5555693651831525 0 -0.8314701921716671
outer loop
vertex -8.620121002197266 -64.40615844726562 -5.776120662689209
vertex -8.620121002197266 -65.60616302490234 -5.776120662689209
vertex -8.944544792175293 -64.40615844726562 -5.992893218994141
endloop
endfacet
facet normal 0.19509111577748656 0 -0.9807851225139456
outer loop
vertex -8.23743724822998 -65.60616302490234 -5.699999809265137
vertex -8.620121002197266 -64.40615844726562 -5.776120662689209
vertex -8.23743724822998 -64.40615844726562 -5.699999809265137
endloop
endfacet
facet normal 0 0 -1
outer loop
vertex -8.23743724822998 -65.60616302490234 -5.699999809265137
vertex -8.23743724822998 -64.40615844726562 -5.699999809265137
vertex -0.7374375462532043 -65.60616302490234 -5.699999809265137
endloop
endfacet
facet normal 0 0 -1
outer loop
vertex -0.7374375462532043 -65.60616302490234 -5.699999809265137
vertex -8.23743724822998 -64.40615844726562 -5.699999809265137
vertex -0.7374375462532043 -64.40615844726562 -5.699999809265137
endloop
endfacet
facet normal 0.19508994019846038 0 0.9807853563514094
outer loop
vertex -8.620121002197266 -64.40615844726562 -9.123879432678223
vertex -8.620121002197266 -65.60616302490234 -9.123879432678223
vertex -8.23743724822998 -64.40615844726562 -9.199999809265137
endloop
endfacet
facet normal 0.19508994019846038 0 0.9807853563514094
outer loop
vertex -8.620121002197266 -65.60616302490234 -9.123879432678223
vertex -8.23743724822998 -65.60616302490234 -9.199999809265137
vertex -8.23743724822998 -64.40615844726562 -9.199999809265137
endloop
endfacet
facet normal 0 0 1
outer loop
vertex -8.23743724822998 -64.40615844726562 -9.199999809265137
vertex -8.23743724822998 -65.60616302490234 -9.199999809265137
vertex -0.7374375462532043 -64.40615844726562 -9.199999809265137
endloop
endfacet
facet normal -0.5555698745860146 0 -0.8314698518000998
outer loop
vertex -0.35475414991378784 -64.40615844726562 -5.776120662689209
vertex -0.03033079020678997 -64.40615844726562 -5.992893218994141
vertex -0.03033079020678997 -65.60616302490234 -5.992893218994141
endloop
endfacet
facet normal 0 0 1
outer loop
vertex -0.7374375462532043 -64.40615844726562 -9.199999809265137
vertex -8.23743724822998 -65.60616302490234 -9.199999809265137
vertex -0.7374375462532043 -65.60616302490234 -9.199999809265137
endloop
endfacet
facet normal -0.1950901155762262 0 0.9807853214666575
outer loop
vertex -0.35475414991378784 -64.40615844726562 -9.123879432678223
vertex -0.7374375462532043 -65.60616302490234 -9.199999809265137
vertex -0.35475414991378784 -65.60616302490234 -9.123879432678223
endloop
endfacet
facet normal -0.5555698745860146 0 -0.8314698518000998
outer loop
vertex -0.35475414991378784 -65.60616302490234 -5.776120662689209
vertex -0.35475414991378784 -64.40615844726562 -5.776120662689209
vertex -0.03033079020678997 -65.60616302490234 -5.992893218994141
endloop
endfacet
facet normal -0.19509129115622553 0 -0.9807850876287816
outer loop
vertex -0.7374375462532043 -65.60616302490234 -5.699999809265137
vertex -0.7374375462532043 -64.40615844726562 -5.699999809265137
vertex -0.35475414991378784 -65.60616302490234 -5.776120662689209
endloop
endfacet
facet normal -0.8314695878267486 0 -0.5555702696502187
outer loop
vertex 0.18644195795059204 -64.40615844726562 -6.31731653213501
vertex 0.18644195795059204 -65.60616302490234 -6.31731653213501
vertex -0.03033079020678997 -64.40615844726562 -5.992893218994141
endloop
endfacet
facet normal -0.8314695878267486 0 -0.5555702696502187
outer loop
vertex -0.03033079020678997 -64.40615844726562 -5.992893218994141
vertex 0.18644195795059204 -65.60616302490234 -6.31731653213501
vertex -0.03033079020678997 -65.60616302490234 -5.992893218994141
endloop
endfacet
facet normal -0.9807852659938573 0 -0.1950903944569249
outer loop
vertex 0.18644195795059204 -64.40615844726562 -6.31731653213501
vertex 0.26256242394447327 -65.60616302490234 -6.699999809265137
vertex 0.18644195795059204 -65.60616302490234 -6.31731653213501
endloop
endfacet
facet normal -0.9807852659938573 0 -0.1950903944569249
outer loop
vertex 0.26256242394447327 -64.40615844726562 -6.699999809265137
vertex 0.26256242394447327 -65.60616302490234 -6.699999809265137
vertex 0.18644195795059204 -64.40615844726562 -6.31731653213501
endloop
endfacet
facet normal -1 0 0
outer loop
vertex 0.26256242394447327 -64.40615844726562 -6.699999809265137
vertex 0.26256242394447327 -65.60616302490234 -8.199999809265137
vertex 0.26256242394447327 -65.60616302490234 -6.699999809265137
endloop
endfacet
facet normal -1 0 0
outer loop
vertex 0.26256242394447327 -64.40615844726562 -8.199999809265137
vertex 0.26256242394447327 -65.60616302490234 -8.199999809265137
vertex 0.26256242394447327 -64.40615844726562 -6.699999809265137
endloop
endfacet
facet normal -0.9807853125069838 0 0.19509016061959183
outer loop
vertex 0.26256242394447327 -65.60616302490234 -8.199999809265137
vertex 0.26256242394447327 -64.40615844726562 -8.199999809265137
vertex 0.18644195795059204 -65.60616302490234 -8.582683563232422
endloop
endfacet
facet normal -0.5555707194699483 0 0.8314692872666098
outer loop
vertex -0.35475414991378784 -64.40615844726562 -9.123879432678223
vertex -0.35475414991378784 -65.60616302490234 -9.123879432678223
vertex -0.03033079020678997 -64.40615844726562 -8.907106399536133
endloop
endfacet
facet normal -0.8314692106168671 0 0.5555708341842324
outer loop
vertex 0.18644195795059204 -64.40615844726562 -8.582683563232422
vertex -0.03033079020678997 -65.60616302490234 -8.907106399536133
vertex 0.18644195795059204 -65.60616302490234 -8.582683563232422
endloop
endfacet
facet normal -0.9807853125069838 0 0.19509016061959183
outer loop
vertex 0.18644195795059204 -64.40615844726562 -8.582683563232422
vertex 0.18644195795059204 -65.60616302490234 -8.582683563232422
vertex 0.26256242394447327 -64.40615844726562 -8.199999809265137
endloop
endfacet
facet normal -0.19509129115622553 0 -0.9807850876287816
outer loop
vertex -0.35475414991378784 -64.40615844726562 -5.776120662689209
vertex -0.35475414991378784 -65.60616302490234 -5.776120662689209
vertex -0.7374375462532043 -64.40615844726562 -5.699999809265137
endloop
endfacet
facet normal -0.8314692106168671 0 0.5555708341842324
outer loop
vertex -0.03033079020678997 -64.40615844726562 -8.907106399536133
vertex -0.03033079020678997 -65.60616302490234 -8.907106399536133
vertex 0.18644195795059204 -64.40615844726562 -8.582683563232422
endloop
endfacet
facet normal 1 0 0
outer loop
vertex -9.23743724822998 -65.60616302490234 -6.699999809265137
vertex -9.23743724822998 -64.40615844726562 -8.199999809265137
vertex -9.23743724822998 -64.40615844726562 -6.699999809265137
endloop
endfacet
facet normal 0.05019140054479375 -0.10763663312970187 -0.9929225440686972
outer loop
vertex 56.39508056640625 -72.28436279296875 -1.5
vertex 55.44239807128906 -71.8531723022461 -1.5949000120162964
vertex 56.146141052246094 -71.85318756103516 -1.5593247413635254
endloop
endfacet
facet normal -0.0681198911411597 -0.09728486534522526 -0.9929226230707396
outer loop
vertex 48.39508056640625 -72.28436279296875 -1.5
vertex 47.89508056640625 -71.93425750732422 -1.5
vertex 48.64410400390625 -71.85303497314453 -1.5593451261520386
endloop
endfacet
facet normal 0.027515989693991723 -0.1026902485885797 -0.9943327326181994
outer loop
vertex 53.64596176147461 -72.45027923583984 -1.5949000120162964
vertex 53.540672302246094 -71.85313415527344 -1.6594841480255127
vertex 54.75979232788086 -71.85315704345703 -1.6257452964782715
endloop
endfacet
facet normal 0.00926582411101874 -0.10590814483960499 -0.9943327457949762
outer loop
vertex 53.64596176147461 -72.45027923583984 -1.5949000120162964
vertex 52.79507827758789 -71.85311889648438 -1.6664336919784546
vertex 53.540672302246094 -71.85313415527344 -1.6594841480255127
endloop
endfacet
facet normal 0.030737917911201697 -0.11471716368199743 -0.9929225310965816
outer loop
vertex 53.784263610839844 -73.234619140625 -1.5
vertex 53.64596176147461 -72.45027923583984 -1.5949000120162964
vertex 55.13124084472656 -72.87370300292969 -1.5
endloop
endfacet
facet normal 0.05019165176549849 -0.10763596667221456 -0.9929226036160064
outer loop
vertex 55.13124084472656 -72.87370300292969 -1.5
vertex 54.85884094238281 -72.12528991699219 -1.5949000120162964
vertex 56.39508056640625 -72.28436279296875 -1.5
endloop
endfacet
facet normal 0.010350592741722543 -0.11831203819884084 -0.9929225180481762
outer loop
vertex 53.784263610839844 -73.234619140625 -1.5
vertex 52.79507827758789 -72.52471923828125 -1.5949000120162964
vertex 53.64596176147461 -72.45027923583984 -1.5949000120162964
endloop
endfacet
facet normal 0.010351493626400865 -0.11831080133852177 -0.9929226560343657
outer loop
vertex 52.79507827758789 -73.3211669921875 -1.5
vertex 52.79507827758789 -72.52471923828125 -1.5949000120162964
vertex 53.784263610839844 -73.234619140625 -1.5
endloop
endfacet
facet normal 0.027515437382501586 -0.10268922459714296 -0.9943328536547945
outer loop
vertex 54.85884094238281 -72.12528991699219 -1.5949000120162964
vertex 53.64596176147461 -72.45027923583984 -1.5949000120162964
vertex 54.75979232788086 -71.85315704345703 -1.6257452964782715
endloop
endfacet
facet normal 0.009265474481318618 -0.10590863713006267 -0.9943326966181333
outer loop
vertex 52.79507827758789 -72.52471923828125 -1.5949000120162964
vertex 52.79507827758789 -71.85311889648438 -1.6664336919784546
vertex 53.64596176147461 -72.45027923583984 -1.5949000120162964
endloop
endfacet
facet normal -0.08716108850428063 -0.9961942303841902 0
outer loop
vertex 51.00589370727539 -73.234619140625 -0.5
vertex 51.00589370727539 -73.234619140625 -1.5
vertex 51.995079040527344 -73.3211669921875 -0.5
endloop
endfacet
facet normal -0.08716108850428063 -0.9961942303841902 0
outer loop
vertex 51.00589370727539 -73.234619140625 -1.5
vertex 51.995079040527344 -73.3211669921875 -1.5
vertex 51.995079040527344 -73.3211669921875 -0.5
endloop
endfacet
facet normal -0.25881548273982163 -0.965926780814236 0
outer loop
vertex 49.65891647338867 -72.87370300292969 -0.5
vertex 49.65891647338867 -72.87370300292969 -1.5
vertex 51.00589370727539 -73.234619140625 -0.5
endloop
endfacet
facet normal -0.42262052825064694 -0.9063067301422538 0
outer loop
vertex 48.39508056640625 -72.28436279296875 -0.5
vertex 48.39508056640625 -72.28436279296875 -1.5
vertex 49.65891647338867 -72.87370300292969 -0.5
endloop
endfacet
facet normal -0.25881548273982163 -0.965926780814236 0
outer loop
vertex 49.65891647338867 -72.87370300292969 -1.5
vertex 51.00589370727539 -73.234619140625 -1.5
vertex 51.00589370727539 -73.234619140625 -0.5
endloop
endfacet
facet normal -0.42262052825064694 -0.9063067301422538 0
outer loop
vertex 48.39508056640625 -72.28436279296875 -1.5
vertex 49.65891647338867 -72.87370300292969 -1.5
vertex 49.65891647338867 -72.87370300292969 -0.5
endloop
endfacet
facet normal -0.009266008951294825 -0.10590795641376644 -0.9943327641420524
outer loop
vertex 51.995079040527344 -71.85310363769531 -1.6664353609085083
vertex 51.144195556640625 -72.45027923583984 -1.5949000120162964
vertex 51.24949645996094 -71.85308837890625 -1.6594890356063843
endloop
endfacet
facet normal -0.02751565837075365 -0.1026900493382486 -0.9943327623644572
outer loop
vertex 51.144195556640625 -72.45027923583984 -1.5949000120162964
vertex 49.93131637573242 -72.12528991699219 -1.5949000120162964
vertex 51.24949645996094 -71.85308837890625 -1.6594890356063843
endloop
endfacet
facet normal 0.044929316639033344 -0.0963510688055172 -0.9943328557612806
outer loop
vertex 54.85884094238281 -72.12528991699219 -1.5949000120162964
vertex 54.75979232788086 -71.85315704345703 -1.6257452964782715
vertex 55.44239807128906 -71.8531723022461 -1.5949000120162964
endloop
endfacet
facet normal 0.050191634218228434 -0.10763612633761899 -0.9929225871947601
outer loop
vertex 56.39508056640625 -72.28436279296875 -1.5
vertex 54.85884094238281 -72.12528991699219 -1.5949000120162964
vertex 55.44239807128906 -71.8531723022461 -1.5949000120162964
endloop
endfacet
facet normal -0.05019169256124563 -0.1076357292765231 -0.9929226272882236
outer loop
vertex 49.347503662109375 -71.8530502319336 -1.5949000120162964
vertex 49.65891647338867 -72.87370300292969 -1.5
vertex 48.39508056640625 -72.28436279296875 -1.5
endloop
endfacet
facet normal 0.06811983569434892 -0.09728563161847714 -0.9929225517962459
outer loop
vertex 56.39508056640625 -72.28436279296875 -1.5
vertex 56.146141052246094 -71.85318756103516 -1.5593247413635254
vertex 56.89508056640625 -71.85320281982422 -1.5079419612884521
endloop
endfacet
facet normal 0.06812294594283697 -0.09728922803525385 -0.9929219860313163
outer loop
vertex 56.39508056640625 -72.28436279296875 -1.5
vertex 56.89508056640625 -71.85320281982422 -1.5079419612884521
vertex 56.89508056640625 -71.93425750732422 -1.5
endloop
endfacet
facet normal 0.08716108850428063 -0.9961942303841902 0
outer loop
vertex 53.784263610839844 -73.234619140625 -1.5
vertex 53.784263610839844 -73.234619140625 -0.5
vertex 52.79507827758789 -73.3211669921875 -1.5
endloop
endfacet
facet normal -0.06811908881831856 -0.09729180748755681 -0.9929219979103928
outer loop
vertex 47.89508056640625 -71.93425750732422 -1.5
vertex 47.89508056640625 -71.85302734375 -1.5079593658447266
vertex 48.64410400390625 -71.85303497314453 -1.5593451261520386
endloop
endfacet
facet normal 0.25881548273982163 -0.965926780814236 0
outer loop
vertex 53.784263610839844 -73.234619140625 -1.5
vertex 55.13124084472656 -72.87370300292969 -1.5
vertex 55.13124084472656 -72.87370300292969 -0.5
endloop
endfacet
facet normal 0.08716108850428063 -0.9961942303841902 0
outer loop
vertex 52.79507827758789 -73.3211669921875 -0.5
vertex 52.79507827758789 -73.3211669921875 -1.5
vertex 53.784263610839844 -73.234619140625 -0.5
endloop
endfacet
facet normal 0.25881548273982163 -0.965926780814236 0
outer loop
vertex 53.784263610839844 -73.234619140625 -0.5
vertex 53.784263610839844 -73.234619140625 -1.5
vertex 55.13124084472656 -72.87370300292969 -0.5
endloop
endfacet
facet normal 0.42261948047228126 -0.9063072187317825 0
outer loop
vertex 55.13124084472656 -72.87370300292969 -1.5
vertex 56.39508056640625 -72.28436279296875 -1.5
vertex 56.39508056640625 -72.28436279296875 -0.5
endloop
endfacet
facet normal -0.010350484642439484 -0.11831080257429008 -0.9929226664055434
outer loop
vertex 51.995079040527344 -73.3211669921875 -1.5
vertex 51.144195556640625 -72.45027923583984 -1.5949000120162964
vertex 51.995079040527344 -72.52471923828125 -1.5949000120162964
endloop
endfacet
facet normal -0.01035158662083029 -0.11831186420402334 -0.9929225284195138
outer loop
vertex 51.00589370727539 -73.234619140625 -1.5
vertex 51.144195556640625 -72.45027923583984 -1.5949000120162964
vertex 51.995079040527344 -73.3211669921875 -1.5
endloop
endfacet
facet normal -0.030738289537328156 -0.11471709768415557 -0.9929225272171254
outer loop
vertex 51.00589370727539 -73.234619140625 -1.5
vertex 49.93131637573242 -72.12528991699219 -1.5949000120162964
vertex 51.144195556640625 -72.45027923583984 -1.5949000120162964
endloop
endfacet
facet normal 1 0 0
outer loop
vertex 56.89508056640625 -71.93425750732422 -1.5
vertex 56.89508056640625 -71.85320281982422 -1.5079419612884521
vertex 56.89508056640625 -71.85320281982422 -1
endloop
endfacet
facet normal 0.5735781035076711 -0.8191508769308272 0
outer loop
vertex 56.39508056640625 -72.28436279296875 -1.5
vertex 56.89508056640625 -71.93425750732422 -1.5
vertex 56.89508056640625 -71.93425750732422 -0.5
endloop
endfacet
facet normal 1 0 0
outer loop
vertex 56.89508056640625 -71.93425750732422 -0.5
vertex 56.89508056640625 -71.93425750732422 -1.5
vertex 56.89508056640625 -71.85320281982422 -1
endloop
endfacet
facet normal 0.42261948047228126 -0.9063072187317825 0
outer loop
vertex 55.13124084472656 -72.87370300292969 -0.5
vertex 55.13124084472656 -72.87370300292969 -1.5
vertex 56.39508056640625 -72.28436279296875 -0.5
endloop
endfacet
facet normal -1 0 0
outer loop
vertex 47.89508056640625 -71.85302734375 -1
vertex 47.89508056640625 -71.85302734375 -1.5079593658447266
vertex 47.89508056640625 -71.93425750732422 -1.5
endloop
endfacet
facet normal -0.5735781035076711 -0.8191508769308272 0
outer loop
vertex 47.89508056640625 -71.93425750732422 -1.5
vertex 48.39508056640625 -72.28436279296875 -1.5
vertex 48.39508056640625 -72.28436279296875 -0.5
endloop
endfacet
facet normal -1 0 0
outer loop
vertex 47.89508056640625 -71.85302734375 -1
vertex 47.89508056640625 -71.93425750732422 -1.5
vertex 47.89508056640625 -71.93425750732422 -0.5
endloop
endfacet
facet normal -0.5735781035076711 -0.8191508769308272 0
outer loop
vertex 47.89508056640625 -71.93425750732422 -0.5
vertex 47.89508056640625 -71.93425750732422 -1.5
vertex 48.39508056640625 -72.28436279296875 -0.5
endloop
endfacet
facet normal -1 0 0
outer loop
vertex 47.89508056640625 -71.35302734375 -0.5
vertex 47.89508056640625 -71.85302734375 -1
vertex 47.89508056640625 -71.93425750732422 -0.5
endloop
endfacet
facet normal 0.5735781035076711 -0.8191508769308272 0
outer loop
vertex 56.39508056640625 -72.28436279296875 -0.5
vertex 56.39508056640625 -72.28436279296875 -1.5
vertex 56.89508056640625 -71.93425750732422 -0.5
endloop
endfacet
facet normal -0.009265480075163791 -0.10590870107028719 -0.9943326897555874
outer loop
vertex 51.995079040527344 -72.52471923828125 -1.5949000120162964
vertex 51.144195556640625 -72.45027923583984 -1.5949000120162964
vertex 51.995079040527344 -71.85310363769531 -1.6664353609085083
endloop
endfacet
facet normal -0.027515696483266995 -0.10268986894265945 -0.994332779940187
outer loop
vertex 49.93131637573242 -72.12528991699219 -1.5949000120162964
vertex 50.030399322509766 -71.85306549072266 -1.6257559061050415
vertex 51.24949645996094 -71.85308837890625 -1.6594890356063843
endloop
endfacet
facet normal 1 0 0
outer loop
vertex 56.89508056640625 -71.85320281982422 -1
vertex 56.89508056640625 -71.35320281982422 -0.5
vertex 56.89508056640625 -71.93425750732422 -0.5
endloop
endfacet
facet normal -0.044929993042509546 -0.09635149686412 -0.9943327837184308
outer loop
vertex 49.93131637573242 -72.12528991699219 -1.5949000120162964
vertex 49.347503662109375 -71.8530502319336 -1.5949000120162964
vertex 50.030399322509766 -71.85306549072266 -1.6257559061050415
endloop
endfacet
facet normal -0.030737766054245212 -0.11471659693575967 -0.99292260127639
outer loop
vertex 49.65891647338867 -72.87370300292969 -1.5
vertex 49.93131637573242 -72.12528991699219 -1.5949000120162964
vertex 51.00589370727539 -73.234619140625 -1.5
endloop
endfacet
facet normal -0.050192028258733014 -0.10763582911752481 -0.9929225994957801
outer loop
vertex 49.65891647338867 -72.87370300292969 -1.5
vertex 49.347503662109375 -71.8530502319336 -1.5949000120162964
vertex 49.93131637573242 -72.12528991699219 -1.5949000120162964
endloop
endfacet
facet normal -0.05019179829598135 -0.10763550008396915 -0.9929226467885046
outer loop
vertex 49.347503662109375 -71.8530502319336 -1.5949000120162964
vertex 48.39508056640625 -72.28436279296875 -1.5
vertex 48.64410400390625 -71.85303497314453 -1.5593451261520386
endloop
endfacet
facet normal 0.03073812088894997 -0.11471646827852612 -0.9929226051560707
outer loop
vertex 55.13124084472656 -72.87370300292969 -1.5
vertex 53.64596176147461 -72.45027923583984 -1.5949000120162964
vertex 54.85884094238281 -72.12528991699219 -1.5949000120162964
endloop
endfacet
facet normal -1 0 0
outer loop
vertex -69.0473403930664 -67.09100341796875 -1
vertex -69.0473403930664 -67.09100341796875 -1.5091373920440674
vertex -69.0473403930664 -67.18425750732422 -0.5
endloop
endfacet
facet normal 0.5735781035076711 -0.8191508769308272 0
outer loop
vertex -60.547340393066406 -67.53436279296875 -0.5
vertex -60.547340393066406 -67.53436279296875 -1.5
vertex -60.047340393066406 -67.18425750732422 -0.5
endloop
endfacet
facet normal -1 0 0
outer loop
vertex -69.0473403930664 -67.09100341796875 -1.5091373920440674
vertex -69.0473403930664 -67.18425750732422 -1.5
vertex -69.0473403930664 -67.18425750732422 -0.5
endloop
endfacet
facet normal -0.5735781035076711 -0.8191508769308272 0
outer loop
vertex -69.0473403930664 -67.18425750732422 -0.5
vertex -69.0473403930664 -67.18425750732422 -1.5
vertex -68.5473403930664 -67.53436279296875 -0.5
endloop
endfacet
facet normal -1 0 0
outer loop
vertex -69.0473403930664 -66.59100341796875 -0.5
vertex -69.0473403930664 -67.09100341796875 -1
vertex -69.0473403930664 -67.18425750732422 -0.5
endloop
endfacet
facet normal -0.42261948047228126 -0.9063072187317825 0
outer loop
vertex -68.5473403930664 -67.53436279296875 -0.5
vertex -68.5473403930664 -67.53436279296875 -1.5
vertex -67.28350067138672 -68.12370300292969 -0.5
endloop
endfacet
facet normal -0.030737766054245212 -0.11471659693575967 -0.99292260127639
outer loop
vertex -67.01110076904297 -67.37528991699219 -1.5949000120162964
vertex -65.9365234375 -68.484619140625 -1.5
vertex -67.28350067138672 -68.12370300292969 -1.5
endloop
endfacet
facet normal -0.04492977725784714 -0.09635279249654263 -0.9943326679203889
outer loop
vertex -67.01110076904297 -67.37528991699219 -1.5949000120162964
vertex -67.61984252929688 -67.0914306640625 -1.5949000120162964
vertex -66.90786743164062 -67.09164428710938 -1.627050518989563
endloop
endfacet
facet normal -0.027515731223015885 -0.1026906691080867 -0.9943326963413182
outer loop
vertex -67.01110076904297 -67.37528991699219 -1.5949000120162964
vertex -66.90786743164062 -67.09164428710938 -1.627050518989563
vertex -65.69097137451172 -67.09201049804688 -1.6606873273849487
endloop
endfacet
facet normal -0.05019124562181135 -0.10763611505990178 -0.9929226080605389
outer loop
vertex -67.01110076904297 -67.37528991699219 -1.5949000120162964
vertex -67.28350067138672 -68.12370300292969 -1.5
vertex -67.61984252929688 -67.0914306640625 -1.5949000120162964
endloop
endfacet
facet normal -0.030738419534266304 -0.1147172220353652 -0.992922508825852
outer loop
vertex -65.9365234375 -68.484619140625 -1.5
vertex -67.01110076904297 -67.37528991699219 -1.5949000120162964
vertex -65.79822540283203 -67.70027923583984 -1.5949000120162964
endloop
endfacet
facet normal -0.010351630215504186 -0.11831190620248412 -0.992922522960687
outer loop
vertex -65.79822540283203 -67.70027923583984 -1.5949000120162964
vertex -64.94734191894531 -68.5711669921875 -1.5
vertex -65.9365234375 -68.484619140625 -1.5
endloop
endfacet
facet normal -0.010350484642439484 -0.11831080257429008 -0.9929226664055434
outer loop
vertex -64.94734191894531 -68.5711669921875 -1.5
vertex -65.79822540283203 -67.70027923583984 -1.5949000120162964
vertex -64.94734191894531 -67.77471923828125 -1.5949000120162964
endloop
endfacet
facet normal -0.027515812153280604 -0.10269030028536354 -0.994332732192221
outer loop
vertex -65.79822540283203 -67.70027923583984 -1.5949000120162964
vertex -67.01110076904297 -67.37528991699219 -1.5949000120162964
vertex -65.69097137451172 -67.09201049804688 -1.6606873273849487
endloop
endfacet
facet normal -0.009265436128375597 -0.10590819873827459 -0.9943327436695248
outer loop
vertex -64.94734191894531 -67.77471923828125 -1.5949000120162964
vertex -65.79822540283203 -67.70027923583984 -1.5949000120162964
vertex -64.94734191894531 -67.09223175048828 -1.667593002319336
endloop
endfacet
facet normal -0.009265328357624373 -0.10590834777175948 -0.9943327287999131
outer loop
vertex -64.94734191894531 -67.09223175048828 -1.667593002319336
vertex -65.79822540283203 -67.70027923583984 -1.5949000120162964
vertex -65.69097137451172 -67.09201049804688 -1.6606873273849487
endloop
endfacet
facet normal 0.010351533541808112 -0.11831080128963231 -0.9929226556240611
outer loop
vertex -64.1473388671875 -67.77471923828125 -1.5949000120162964
vertex -63.15815734863281 -68.484619140625 -1.5
vertex -64.1473388671875 -68.5711669921875 -1.5
endloop
endfacet
facet normal 0.010350597017743162 -0.11831208707572427 -0.9929225121796577
outer loop
vertex -63.15815734863281 -68.484619140625 -1.5
vertex -64.1473388671875 -67.77471923828125 -1.5949000120162964
vertex -63.29645538330078 -67.70027923583984 -1.5949000120162964
endloop
endfacet
facet normal 0.009265483259680235 -0.10590873747077562 -0.9943326858488114
outer loop
vertex -63.29645538330078 -67.70027923583984 -1.5949000120162964
vertex -64.1473388671875 -67.77471923828125 -1.5949000120162964
vertex -64.1473388671875 -67.09247589111328 -1.6675673723220825
endloop
endfacet
facet normal 0.009266139488185542 -0.10590782962500353 -0.9943327764300576
outer loop
vertex -63.29645538330078 -67.70027923583984 -1.5949000120162964
vertex -64.1473388671875 -67.09247589111328 -1.6675673723220825
vertex -63.403587341308594 -67.09269714355469 -1.6606128215789795
endloop
endfacet
facet normal 0.02751585646764067 -0.10268994595003036 -0.9943327675600518
outer loop
vertex -63.29645538330078 -67.70027923583984 -1.5949000120162964
vertex -63.403587341308594 -67.09269714355469 -1.6606128215789795
vertex -62.18629837036133 -67.09306335449219 -1.6268893480300903
endloop
endfacet
facet normal -0.25881548273982163 -0.965926780814236 0
outer loop
vertex -67.28350067138672 -68.12370300292969 -1.5
vertex -65.9365234375 -68.484619140625 -1.5
vertex -65.9365234375 -68.484619140625 -0.5
endloop
endfacet
facet normal -0.08716142208024855 -0.9961942011982144 0
outer loop
vertex -65.9365234375 -68.484619140625 -1.5
vertex -64.94734191894531 -68.5711669921875 -1.5
vertex -64.94734191894531 -68.5711669921875 -0.5
endloop
endfacet
facet normal -0.25881548273982163 -0.965926780814236 0
outer loop
vertex -67.28350067138672 -68.12370300292969 -0.5
vertex -67.28350067138672 -68.12370300292969 -1.5
vertex -65.9365234375 -68.484619140625 -0.5
endloop
endfacet
facet normal -0.08716142208024855 -0.9961942011982144 0
outer loop
vertex -65.9365234375 -68.484619140625 -0.5
vertex -65.9365234375 -68.484619140625 -1.5
vertex -64.94734191894531 -68.5711669921875 -0.5
endloop
endfacet
facet normal 0.08716142208024855 -0.9961942011982144 0
outer loop
vertex -63.15815734863281 -68.484619140625 -1.5
vertex -63.15815734863281 -68.484619140625 -0.5
vertex -64.1473388671875 -68.5711669921875 -1.5
endloop
endfacet
facet normal 0.08716142208024855 -0.9961942011982144 0
outer loop
vertex -64.1473388671875 -68.5711669921875 -0.5
vertex -64.1473388671875 -68.5711669921875 -1.5
vertex -63.15815734863281 -68.484619140625 -0.5
endloop
endfacet
facet normal 0.030737955621381072 -0.11471730442037902 -0.9929225136689872
outer loop
vertex -63.15815734863281 -68.484619140625 -1.5
vertex -63.29645538330078 -67.70027923583984 -1.5949000120162964
vertex -61.811180114746094 -68.12370300292969 -1.5
endloop
endfacet
facet normal 0.027515585090571386 -0.1026894528766931 -0.9943328259918853
outer loop
vertex -63.29645538330078 -67.70027923583984 -1.5949000120162964
vertex -62.18629837036133 -67.09306335449219 -1.6268893480300903
vertex -62.083580017089844 -67.37528991699219 -1.5949000120162964
endloop
endfacet
facet normal 0.044929974169599714 -0.09635135963269438 -0.9943327978690285
outer loop
vertex -62.083580017089844 -67.37528991699219 -1.5949000120162964
vertex -62.18629837036133 -67.09306335449219 -1.6268893480300903
vertex -61.47880935668945 -67.09327697753906 -1.5949000120162964
endloop
endfacet
facet normal 0.030738209004710124 -0.11471643632919659 -0.9929226061194862
outer loop
vertex -61.811180114746094 -68.12370300292969 -1.5
vertex -63.29645538330078 -67.70027923583984 -1.5949000120162964
vertex -62.083580017089844 -67.37528991699219 -1.5949000120162964
endloop
endfacet
facet normal 0.05019125714087697 -0.10763406738100871 -0.992922829451332
outer loop
vertex -60.801883697509766 -67.0934829711914 -1.5606597661972046
vertex -62.083580017089844 -67.37528991699219 -1.5949000120162964
vertex -61.47880935668945 -67.09327697753906 -1.5949000120162964
endloop
endfacet
facet normal 0.05019165176549849 -0.10763596667221456 -0.9929226036160064
outer loop
vertex -61.811180114746094 -68.12370300292969 -1.5
vertex -62.083580017089844 -67.37528991699219 -1.5949000120162964
vertex -60.547340393066406 -67.53436279296875 -1.5
endloop
endfacet
facet normal 0.05019165745838527 -0.10763591487172806 -0.9929226089435703
outer loop
vertex -60.547340393066406 -67.53436279296875 -1.5
vertex -62.083580017089844 -67.37528991699219 -1.5949000120162964
vertex -60.801883697509766 -67.0934829711914 -1.5606597661972046
endloop
endfacet
facet normal -0.5735781035076711 -0.8191508769308272 0
outer loop
vertex -69.0473403930664 -67.18425750732422 -1.5
vertex -68.5473403930664 -67.53436279296875 -1.5
vertex -68.5473403930664 -67.53436279296875 -0.5
endloop
endfacet
facet normal -0.42261948047228126 -0.9063072187317825 0
outer loop
vertex -67.28350067138672 -68.12370300292969 -1.5
vertex -67.28350067138672 -68.12370300292969 -0.5
vertex -68.5473403930664 -67.53436279296875 -1.5
endloop
endfacet
facet normal 0.06811959216239225 -0.09728516799341805 -0.9929226139292638
outer loop
vertex -60.547340393066406 -67.53436279296875 -1.5
vertex -60.801883697509766 -67.0934829711914 -1.5606597661972046
vertex -60.047340393066406 -67.09371185302734 -1.5088717937469482
endloop
endfacet
facet normal 0.06812204826314824 -0.09728794602134898 -0.9929221732338241
outer loop
vertex -60.547340393066406 -67.53436279296875 -1.5
vertex -60.047340393066406 -67.09371185302734 -1.5088717937469482
vertex -60.047340393066406 -67.18425750732422 -1.5
endloop
endfacet
facet normal 0.25881548273982163 -0.965926780814236 0
outer loop
vertex -63.15815734863281 -68.484619140625 -1.5
vertex -61.811180114746094 -68.12370300292969 -1.5
vertex -61.811180114746094 -68.12370300292969 -0.5
endloop
endfacet
facet normal 0.42261948047228126 -0.9063072187317825 0
outer loop
vertex -61.811180114746094 -68.12370300292969 -1.5
vertex -60.547340393066406 -67.53436279296875 -1.5
vertex -60.547340393066406 -67.53436279296875 -0.5
endloop
endfacet
facet normal 0.25881548273982163 -0.965926780814236 0
outer loop
vertex -63.15815734863281 -68.484619140625 -0.5
vertex -63.15815734863281 -68.484619140625 -1.5
vertex -61.811180114746094 -68.12370300292969 -0.5
endloop
endfacet
facet normal 0.42261948047228126 -0.9063072187317825 0
outer loop
vertex -61.811180114746094 -68.12370300292969 -0.5
vertex -61.811180114746094 -68.12370300292969 -1.5
vertex -60.547340393066406 -67.53436279296875 -0.5
endloop
endfacet
facet normal 1 0 0
outer loop
vertex -60.047340393066406 -67.18425750732422 -1.5
vertex -60.047340393066406 -67.09371185302734 -1.5088717937469482
vertex -60.047340393066406 -67.09371185302734 -1
endloop
endfacet
facet normal 0.5735781035076711 -0.8191508769308272 0
outer loop
vertex -60.547340393066406 -67.53436279296875 -1.5
vertex -60.047340393066406 -67.18425750732422 -1.5
vertex -60.047340393066406 -67.18425750732422 -0.5
endloop
endfacet
facet normal 1 0 0
outer loop
vertex -60.047340393066406 -67.18425750732422 -0.5
vertex -60.047340393066406 -67.18425750732422 -1.5
vertex -60.047340393066406 -67.09371185302734 -1
endloop
endfacet
facet normal -0.06811899005561008 -0.09729030686213304 -0.9929221517241297
outer loop
vertex -69.0473403930664 -67.18425750732422 -1.5
vertex -69.0473403930664 -67.09100341796875 -1.5091373920440674
vertex -68.29149627685547 -67.09122467041016 -1.5609700679779053
endloop
endfacet
facet normal -0.06811972906129762 -0.09728463387219596 -0.9929226568695914
outer loop
vertex -68.29149627685547 -67.09122467041016 -1.5609700679779053
vertex -68.5473403930664 -67.53436279296875 -1.5
vertex -69.0473403930664 -67.18425750732422 -1.5
endloop
endfacet
facet normal -0.050191803721262696 -0.10763629254125846 -0.9929225606094259
outer loop
vertex -68.5473403930664 -67.53436279296875 -1.5
vertex -67.61984252929688 -67.0914306640625 -1.5949000120162964
vertex -67.28350067138672 -68.12370300292969 -1.5
endloop
endfacet
facet normal -0.0501925035474809 -0.10763485296409518 -0.9929226812874373
outer loop
vertex -67.61984252929688 -67.0914306640625 -1.5949000120162964
vertex -68.5473403930664 -67.53436279296875 -1.5
vertex -68.29149627685547 -67.09122467041016 -1.5609700679779053
endloop
endfacet
facet normal 1 0 0
outer loop
vertex -60.047340393066406 -67.09371185302734 -1
vertex -60.047340393066406 -66.59371185302734 -0.5
vertex -60.047340393066406 -67.18425750732422 -0.5
endloop
endfacet
facet normal -0.007191828387517285 0.9999741384678128 0
outer loop
vertex 58.086421966552734 -70.61810302734375 -0.5
vertex 58.086421966552734 -70.61810302734375 -4
vertex 52.79507827758789 -70.65615844726562 -4
endloop
endfacet
facet normal 0 0 -1
outer loop
vertex 51.995079040527344 -71.85310363769531 -4
vertex 46.7037353515625 -70.61810302734375 -4
vertex 51.995079040527344 -70.65615844726562 -4
endloop
endfacet
facet normal 0 0 1
outer loop
vertex 46.39508056640625 -71.85299682617188 -5
vertex 46.43313980102539 -68.9648208618164 -5
vertex 46.39508056640625 -69.15615844726562 -5
endloop
endfacet
facet normal 0 0 1
outer loop
vertex 46.43313980102539 -68.9648208618164 -5
vertex 46.39508056640625 -71.85299682617188 -5
vertex 46.541526794433594 -68.80260467529297 -5
endloop
endfacet
facet normal 0 0 1
outer loop
vertex 46.541526794433594 -68.80260467529297 -5
vertex 46.39508056640625 -71.85299682617188 -5
vertex 46.7037353515625 -68.69422149658203 -5
endloop
endfacet
facet normal 1 0 0
outer loop
vertex 46.39508056640625 -71.85299682617188 -4
vertex 46.39508056640625 -71.85299682617188 -5
vertex 46.39508056640625 -70.15615844726562 -4
endloop
endfacet
facet normal 1 0 0
outer loop
vertex 46.39508056640625 -71.85299682617188 -5
vertex 46.39508056640625 -69.15615844726562 -5
vertex 46.39508056640625 -70.15615844726562 -4
endloop
endfacet
facet normal 0 0 -1
outer loop
vertex 46.39508056640625 -71.85299682617188 -4
vertex 46.39508056640625 -70.15615844726562 -4
vertex 46.43313980102539 -70.34750366210938 -4
endloop
endfacet
facet normal 0 0 -1
outer loop
vertex 46.39508056640625 -71.85299682617188 -4
vertex 46.541526794433594 -70.50971221923828 -4
vertex 46.7037353515625 -70.61810302734375 -4
endloop
endfacet
facet normal 0 0 -1
outer loop
vertex 46.541526794433594 -70.50971221923828 -4
vertex 46.39508056640625 -71.85299682617188 -4
vertex 46.43313980102539 -70.34750366210938 -4
endloop
endfacet
facet normal 0 0 1
outer loop
vertex 46.7037353515625 -68.69422149658203 -5
vertex 46.39508056640625 -71.85299682617188 -5
vertex 58.086421966552734 -68.69422149658203 -5
endloop
endfacet
facet normal 1 0 0
outer loop
vertex 51.995079040527344 -73.3211669921875 -0.5
vertex 51.995079040527344 -71.85310363769531 -1.6664353609085083
vertex 51.995079040527344 -70.65615844726562 -0.5
endloop
endfacet
facet normal -1 0 0
outer loop
vertex 52.79507827758789 -70.65615844726562 -0.5
vertex 52.79507827758789 -73.3211669921875 -1.5
vertex 52.79507827758789 -73.3211669921875 -0.5
endloop
endfacet
facet normal 0 0 1
outer loop
vertex 58.39508056640625 -71.85323333740234 -5
vertex 58.39508056640625 -69.15615844726562 -5
vertex 46.39508056640625 -71.85299682617188 -5
endloop
endfacet
facet normal -1 0 0
outer loop
vertex 52.79507827758789 -70.65615844726562 -0.5
vertex 52.79507827758789 -71.85311889648438 -1.6664336919784546
vertex 52.79507827758789 -72.52471923828125 -1.5949000120162964
endloop
endfacet
facet normal -1 0 0
outer loop
vertex 52.79507827758789 -73.3211669921875 -1.5
vertex 52.79507827758789 -70.65615844726562 -0.5
vertex 52.79507827758789 -72.52471923828125 -1.5949000120162964
endloop
endfacet
facet normal 1 0 0
outer loop
vertex 51.995079040527344 -71.85310363769531 -1.6664353609085083
vertex 51.995079040527344 -73.3211669921875 -0.5
vertex 51.995079040527344 -72.52471923828125 -1.5949000120162964
endloop
endfacet
facet normal 1 0 0
outer loop
vertex 51.995079040527344 -73.3211669921875 -0.5
vertex 51.995079040527344 -73.3211669921875 -1.5
vertex 51.995079040527344 -72.52471923828125 -1.5949000120162964
endloop
endfacet
facet normal 0 0 1
outer loop
vertex 46.39508056640625 -71.85299682617188 -5
vertex 58.39508056640625 -69.15615844726562 -5
vertex 58.357017517089844 -68.9648208618164 -5
endloop
endfacet
facet normal 0 -1 0
outer loop
vertex 58.086421966552734 -68.69422149658203 -5
vertex 58.086421966552734 -68.69422149658203 -0.5
vertex 46.7037353515625 -68.69422149658203 -0.5
endloop
endfacet
facet normal -1 0 0
outer loop
vertex 58.39508056640625 -70.15615844726562 -4
vertex 58.39508056640625 -71.85323333740234 -5
vertex 58.39508056640625 -71.85323333740234 -4
endloop
endfacet
facet normal -1 0 0
outer loop
vertex 58.39508056640625 -69.15615844726562 -5
vertex 58.39508056640625 -71.85323333740234 -5
vertex 58.39508056640625 -70.15615844726562 -4
endloop
endfacet
facet normal 0 0 -1
outer loop
vertex 58.39508056640625 -71.85323333740234 -4
vertex 58.086421966552734 -70.61810302734375 -4
vertex 58.24863052368164 -70.50971221923828 -4
endloop
endfacet
facet normal 0 0 -1
outer loop
vertex 58.39508056640625 -71.85323333740234 -4
vertex 58.24863052368164 -70.50971221923828 -4
vertex 58.357017517089844 -70.34750366210938 -4
endloop
endfacet
facet normal 0 0 -1
outer loop
vertex 58.39508056640625 -70.15615844726562 -4
vertex 58.39508056640625 -71.85323333740234 -4
vertex 58.357017517089844 -70.34750366210938 -4
endloop
endfacet
facet normal -0.9807817128375009 -0.19510825652323827 0
outer loop
vertex 58.357017517089844 -68.9648208618164 -0.5
vertex 58.357017517089844 -68.9648208618164 -5
vertex 58.39508056640625 -69.15615844726562 -5
endloop
endfacet
facet normal -1 0 0
outer loop
vertex 58.39508056640625 -69.15615844726562 -0.5
vertex 58.39508056640625 -69.15615844726562 -5
vertex 58.39508056640625 -70.15615844726562 -4
endloop
endfacet
facet normal -0.5555933212507748 0.8314541847760064 0
outer loop
vertex 58.24863052368164 -70.50971221923828 -0.5
vertex 58.24863052368164 -70.50971221923828 -4
vertex 58.086421966552734 -70.61810302734375 -4
endloop
endfacet
facet normal -0.8314632175140401 0.5555798033776967 0
outer loop
vertex 58.357017517089844 -70.34750366210938 -0.5
vertex 58.357017517089844 -70.34750366210938 -4
vertex 58.24863052368164 -70.50971221923828 -4
endloop
endfacet
facet normal 0 0 1
outer loop
vertex 58.24863052368164 -68.80260467529297 -5
vertex 46.39508056640625 -71.85299682617188 -5
vertex 58.357017517089844 -68.9648208618164 -5
endloop
endfacet
facet normal 0 0 -1
outer loop
vertex 52.79507827758789 -71.85311889648438 -4
vertex 52.79507827758789 -70.65615844726562 -4
vertex 58.39508056640625 -71.85323333740234 -4
endloop
endfacet
facet normal 0 0 -1
outer loop
vertex 58.39508056640625 -71.85323333740234 -4
vertex 52.79507827758789 -70.65615844726562 -4
vertex 58.086421966552734 -70.61810302734375 -4
endloop
endfacet
facet normal 0.9807854544678392 -0.19508944693220684 0
outer loop
vertex 46.39508056640625 -69.15615844726562 -0.5
vertex 46.39508056640625 -69.15615844726562 -5
vertex 46.43313980102539 -68.9648208618164 -5
endloop
endfacet
facet normal -1 0 0
outer loop
vertex 52.79507827758789 -70.65615844726562 -0.5
vertex 52.79507827758789 -70.65615844726562 -4
vertex 52.79507827758789 -71.85311889648438 -1.6664336919784546
endloop
endfacet
facet normal 1 0 0
outer loop
vertex 51.995079040527344 -70.65615844726562 -4
vertex 51.995079040527344 -70.65615844726562 -0.5
vertex 51.995079040527344 -71.85310363769531 -1.6664353609085083
endloop
endfacet
facet normal 1 0 0
outer loop
vertex 46.39508056640625 -69.15615844726562 -5
vertex 46.39508056640625 -69.15615844726562 -0.5
vertex 46.39508056640625 -70.15615844726562 -4
endloop
endfacet
facet normal 0.9807869428222867 0.19508196428504695 0
outer loop
vertex 46.43313980102539 -70.34750366210938 -0.5
vertex 46.43313980102539 -70.34750366210938 -4
vertex 46.39508056640625 -70.15615844726562 -4
endloop
endfacet
facet normal 0.8314632175140401 0.5555798033776967 0
outer loop
vertex 46.541526794433594 -70.50971221923828 -0.5
vertex 46.541526794433594 -70.50971221923828 -4
vertex 46.43313980102539 -70.34750366210938 -4
endloop
endfacet
facet normal 0.5555933212507748 0.8314541847760064 0
outer loop
vertex 46.7037353515625 -70.61810302734375 -0.5
vertex 46.7037353515625 -70.61810302734375 -4
vertex 46.541526794433594 -70.50971221923828 -4
endloop
endfacet
facet normal 0.831475288175546 -0.5555617383814266 0
outer loop
vertex 46.43313980102539 -68.9648208618164 -0.5
vertex 46.43313980102539 -68.9648208618164 -5
vertex 46.541526794433594 -68.80260467529297 -5
endloop
endfacet
facet normal 0.555566285064051 -0.8314722502285506 0
outer loop
vertex 46.541526794433594 -68.80260467529297 -0.5
vertex 46.541526794433594 -68.80260467529297 -5
vertex 46.7037353515625 -68.69422149658203 -5
endloop
endfacet
facet normal 0.9807854544678392 -0.19508944693220684 0
outer loop
vertex 46.43313980102539 -68.9648208618164 -5
vertex 46.43313980102539 -68.9648208618164 -0.5
vertex 46.39508056640625 -69.15615844726562 -0.5
endloop
endfacet
facet normal -0.9807832014732842 0.19510077321173105 0
outer loop
vertex 58.39508056640625 -70.15615844726562 -0.5
vertex 58.39508056640625 -70.15615844726562 -4
vertex 58.357017517089844 -70.34750366210938 -4
endloop
endfacet
facet normal -0.555566285064051 -0.8314722502285506 0
outer loop
vertex 58.086421966552734 -68.69422149658203 -0.5
vertex 58.086421966552734 -68.69422149658203 -5
vertex 58.24863052368164 -68.80260467529297 -5
endloop
endfacet
facet normal -0.831475288175546 -0.5555617383814266 0
outer loop
vertex 58.24863052368164 -68.80260467529297 -0.5
vertex 58.24863052368164 -68.80260467529297 -5
vertex 58.357017517089844 -68.9648208618164 -5
endloop
endfacet
facet normal -0.9807817128375009 -0.19510825652323827 0
outer loop
vertex 58.39508056640625 -69.15615844726562 -5
vertex 58.39508056640625 -69.15615844726562 -0.5
vertex 58.357017517089844 -68.9648208618164 -0.5
endloop
endfacet
facet normal -0.5555933212507748 0.8314541847760064 0
outer loop
vertex 58.086421966552734 -70.61810302734375 -4
vertex 58.086421966552734 -70.61810302734375 -0.5
vertex 58.24863052368164 -70.50971221923828 -0.5
endloop
endfacet
facet normal -0.8314632175140401 0.5555798033776967 0
outer loop
vertex 58.24863052368164 -70.50971221923828 -4
vertex 58.24863052368164 -70.50971221923828 -0.5
vertex 58.357017517089844 -70.34750366210938 -0.5
endloop
endfacet
facet normal 0.9807869428222867 0.19508196428504695 0
outer loop
vertex 46.39508056640625 -70.15615844726562 -4
vertex 46.39508056640625 -70.15615844726562 -0.5
vertex 46.43313980102539 -70.34750366210938 -0.5
endloop
endfacet
facet normal 0.8314632175140401 0.5555798033776967 0
outer loop
vertex 46.43313980102539 -70.34750366210938 -4
vertex 46.43313980102539 -70.34750366210938 -0.5
vertex 46.541526794433594 -70.50971221923828 -0.5
endloop
endfacet
facet normal 0.5555933212507748 0.8314541847760064 0
outer loop
vertex 46.541526794433594 -70.50971221923828 -4
vertex 46.541526794433594 -70.50971221923828 -0.5
vertex 46.7037353515625 -70.61810302734375 -0.5
endloop
endfacet
facet normal -0.9807832014732842 0.19510077321173105 0
outer loop
vertex 58.357017517089844 -70.34750366210938 -4
vertex 58.357017517089844 -70.34750366210938 -0.5
vertex 58.39508056640625 -70.15615844726562 -0.5
endloop
endfacet
facet normal -1 0 0
outer loop
vertex 58.39508056640625 -70.15615844726562 -4
vertex 58.39508056640625 -70.15615844726562 -0.5
vertex 58.39508056640625 -69.15615844726562 -0.5
endloop
endfacet
facet normal -0.831475288175546 -0.5555617383814266 0
outer loop
vertex 58.357017517089844 -68.9648208618164 -5
vertex 58.357017517089844 -68.9648208618164 -0.5
vertex 58.24863052368164 -68.80260467529297 -0.5
endloop
endfacet
facet normal -0.555566285064051 -0.8314722502285506 0
outer loop
vertex 58.24863052368164 -68.80260467529297 -5
vertex 58.24863052368164 -68.80260467529297 -0.5
vertex 58.086421966552734 -68.69422149658203 -0.5
endloop
endfacet
facet normal 1 0 0
outer loop
vertex 46.39508056640625 -70.15615844726562 -0.5
vertex 46.39508056640625 -70.15615844726562 -4
vertex 46.39508056640625 -69.15615844726562 -0.5
endloop
endfacet
facet normal 0.831475288175546 -0.5555617383814266 0
outer loop
vertex 46.541526794433594 -68.80260467529297 -5
vertex 46.541526794433594 -68.80260467529297 -0.5
vertex 46.43313980102539 -68.9648208618164 -0.5
endloop
endfacet
facet normal 0.007191828387517285 0.9999741384678128 0
outer loop
vertex 46.7037353515625 -70.61810302734375 -4
vertex 46.7037353515625 -70.61810302734375 -0.5
vertex 51.995079040527344 -70.65615844726562 -0.5
endloop
endfacet
facet normal 0.555566285064051 -0.8314722502285506 0
outer loop
vertex 46.7037353515625 -68.69422149658203 -5
vertex 46.7037353515625 -68.69422149658203 -0.5
vertex 46.541526794433594 -68.80260467529297 -0.5
endloop
endfacet
facet normal 1 0 0
outer loop
vertex 51.995079040527344 -71.85310363769531 -4
vertex 51.995079040527344 -70.65615844726562 -4
vertex 51.995079040527344 -71.85310363769531 -1.6664353609085083
endloop
endfacet
facet normal -1 0 0
outer loop
vertex 52.79507827758789 -70.65615844726562 -4
vertex 52.79507827758789 -71.85311889648438 -4
vertex 52.79507827758789 -71.85311889648438 -1.6664336919784546
endloop
endfacet
facet normal 0.007191828387517285 0.9999741384678128 0
outer loop
vertex 46.7037353515625 -70.61810302734375 -4
vertex 51.995079040527344 -70.65615844726562 -0.5
vertex 51.995079040527344 -70.65615844726562 -4
endloop
endfacet
facet normal 0 -1 0
outer loop
vertex 46.7037353515625 -68.69422149658203 -0.5
vertex 46.7037353515625 -68.69422149658203 -5
vertex 58.086421966552734 -68.69422149658203 -5
endloop
endfacet
facet normal 0 0 1
outer loop
vertex 46.39508056640625 -71.85299682617188 -5
vertex 58.24863052368164 -68.80260467529297 -5
vertex 58.086421966552734 -68.69422149658203 -5
endloop
endfacet
facet normal 0 0 -1
outer loop
vertex 51.995079040527344 -71.85310363769531 -4
vertex 46.39508056640625 -71.85299682617188 -4
vertex 46.7037353515625 -70.61810302734375 -4
endloop
endfacet
facet normal -0.007191828387517285 0.9999741384678128 0
outer loop
vertex 58.086421966552734 -70.61810302734375 -0.5
vertex 52.79507827758789 -70.65615844726562 -4
vertex 52.79507827758789 -70.65615844726562 -0.5
endloop
endfacet
facet normal -0.5555842886150507 0.8314602204820793 0
outer loop
vertex -58.69378662109375 -65.75971221923828 -0.5
vertex -58.69378662109375 -65.75971221923828 -4
vertex -58.85599899291992 -65.86810302734375 -4
endloop
endfacet
facet normal 0 0 -1
outer loop
vertex -58.547340393066406 -67.09416198730469 -4
vertex -64.1473388671875 -65.90615844726562 -4
vertex -58.85599899291992 -65.86810302734375 -4
endloop
endfacet
facet normal -0.9807869428222867 0.19508196428504695 0
outer loop
vertex -58.58539962768555 -65.59750366210938 -4
vertex -58.58539962768555 -65.59750366210938 -0.5
vertex -58.547340393066406 -65.40615844726562 -0.5
endloop
endfacet
facet normal -0.8314632175140401 0.5555798033776967 0
outer loop
vertex -58.69378662109375 -65.75971221923828 -4
vertex -58.69378662109375 -65.75971221923828 -0.5
vertex -58.58539962768555 -65.59750366210938 -0.5
endloop
endfacet
facet normal -0.5555842886150507 0.8314602204820793 0
outer loop
vertex -58.85599899291992 -65.86810302734375 -4
vertex -58.85599899291992 -65.86810302734375 -0.5
vertex -58.69378662109375 -65.75971221923828 -0.5
endloop
endfacet
facet normal -0.007191833572069733 0.9999741384305254 0
outer loop
vertex -58.85599899291992 -65.86810302734375 -0.5
vertex -64.1473388671875 -65.90615844726562 -4
vertex -64.1473388671875 -65.90615844726562 -0.5
endloop
endfacet
facet normal -1 0 0
outer loop
vertex -64.1473388671875 -65.90615844726562 -0.5
vertex -64.1473388671875 -68.5711669921875 -1.5
vertex -64.1473388671875 -68.5711669921875 -0.5
endloop
endfacet
facet normal 1 0 0
outer loop
vertex -64.94734191894531 -68.5711669921875 -0.5
vertex -64.94734191894531 -67.09223175048828 -1.667593002319336
vertex -64.94734191894531 -65.90615844726562 -0.5
endloop
endfacet
facet normal -1 0 0
outer loop
vertex -64.1473388671875 -65.90615844726562 -0.5
vertex -64.1473388671875 -67.09247589111328 -1.6675673723220825
vertex -64.1473388671875 -67.77471923828125 -1.5949000120162964
endloop
endfacet
facet normal -1 0 0
outer loop
vertex -64.1473388671875 -68.5711669921875 -1.5
vertex -64.1473388671875 -65.90615844726562 -0.5
vertex -64.1473388671875 -67.77471923828125 -1.5949000120162964
endloop
endfacet
facet normal 1 0 0
outer loop
vertex -64.94734191894531 -68.5711669921875 -0.5
vertex -64.94734191894531 -67.77471923828125 -1.5949000120162964
vertex -64.94734191894531 -67.09223175048828 -1.667593002319336
endloop
endfacet
facet normal 1 0 0
outer loop
vertex -64.94734191894531 -68.5711669921875 -0.5
vertex -64.94734191894531 -68.5711669921875 -1.5
vertex -64.94734191894531 -67.77471923828125 -1.5949000120162964
endloop
endfacet
facet normal -1 0 0
outer loop
vertex -64.1473388671875 -65.90615844726562 -0.5
vertex -64.1473388671875 -65.90615844726562 -4
vertex -64.1473388671875 -67.09247589111328 -1.6675673723220825
endloop
endfacet
facet normal 1 0 0
outer loop
vertex -64.94734191894531 -67.09223175048828 -4
vertex -64.94734191894531 -65.90615844726562 -0.5
vertex -64.94734191894531 -67.09223175048828 -1.667593002319336
endloop
endfacet
facet normal -0.9807869428222867 0.19508196428504695 0
outer loop
vertex -58.547340393066406 -65.40615844726562 -0.5
vertex -58.547340393066406 -65.40615844726562 -4
vertex -58.58539962768555 -65.59750366210938 -4
endloop
endfacet
facet normal -0.8314632175140401 0.5555798033776967 0
outer loop
vertex -58.58539962768555 -65.59750366210938 -0.5
vertex -58.58539962768555 -65.59750366210938 -4
vertex -58.69378662109375 -65.75971221923828 -4
endloop
endfacet
facet normal -0.007191833572069733 0.9999741384305254 0
outer loop
vertex -58.85599899291992 -65.86810302734375 -0.5
vertex -58.85599899291992 -65.86810302734375 -4
vertex -64.1473388671875 -65.90615844726562 -4
endloop
endfacet
facet normal -1 0 0
outer loop
vertex -58.547340393066406 -64.40615844726562 -0.5
vertex -58.547340393066406 -64.40615844726562 -5
vertex -58.547340393066406 -65.40615844726562 -4
endloop
endfacet
facet normal 1 0 0
outer loop
vertex -64.94734191894531 -65.90615844726562 -0.5
vertex -64.94734191894531 -67.09223175048828 -4
vertex -64.94734191894531 -65.90615844726562 -4
endloop
endfacet
facet normal 0.007191828387517285 0.9999741384678128 0
outer loop
vertex -70.23868560791016 -65.86810302734375 -4
vertex -64.94734191894531 -65.90615844726562 -0.5
vertex -64.94734191894531 -65.90615844726562 -4
endloop
endfacet
facet normal -1 0 0
outer loop
vertex -64.1473388671875 -65.90615844726562 -4
vertex -64.1473388671875 -67.09247589111328 -4
vertex -64.1473388671875 -67.09247589111328 -1.6675673723220825
endloop
endfacet
facet normal 0.007191828387517285 0.9999741384678128 0
outer loop
vertex -70.23868560791016 -65.86810302734375 -4
vertex -70.23868560791016 -65.86810302734375 -0.5
vertex -64.94734191894531 -65.90615844726562 -0.5
endloop
endfacet
facet normal 1 0 0
outer loop
vertex -70.5473403930664 -65.40615844726562 -0.5
vertex -70.5473403930664 -65.40615844726562 -4
vertex -70.5473403930664 -64.40615844726562 -0.5
endloop
endfacet
facet normal 0.8314722502285506 0.5555662850640511 0
outer loop
vertex -70.50927734375 -65.59750366210938 -4
vertex -70.50927734375 -65.59750366210938 -0.5
vertex -70.40089416503906 -65.75971221923828 -0.5
endloop
endfacet
facet normal 0.9807832014732842 0.19510077321173105 0
outer loop
vertex -70.5473403930664 -65.40615844726562 -4
vertex -70.5473403930664 -65.40615844726562 -0.5
vertex -70.50927734375 -65.59750366210938 -0.5
endloop
endfacet
facet normal 0.5555933212507748 0.8314541847760064 0
outer loop
vertex -70.40089416503906 -65.75971221923828 -4
vertex -70.40089416503906 -65.75971221923828 -0.5
vertex -70.23868560791016 -65.86810302734375 -0.5
endloop
endfacet
facet normal 0.9807832014732842 0.19510077321173105 0
outer loop
vertex -70.50927734375 -65.59750366210938 -0.5
vertex -70.50927734375 -65.59750366210938 -4
vertex -70.5473403930664 -65.40615844726562 -4
endloop
endfacet
facet normal 1 0 0
outer loop
vertex -70.5473403930664 -67.09054565429688 -5
vertex -70.5473403930664 -64.40615844726562 -5
vertex -70.5473403930664 -65.40615844726562 -4
endloop
endfacet
facet normal 1 0 0
outer loop
vertex -70.5473403930664 -67.09054565429688 -5
vertex -70.5473403930664 -65.40615844726562 -4
vertex -70.5473403930664 -67.09054565429688 -4
endloop
endfacet
facet normal 0.5555933212507748 0.8314541847760064 0
outer loop
vertex -70.23868560791016 -65.86810302734375 -0.5
vertex -70.23868560791016 -65.86810302734375 -4
vertex -70.40089416503906 -65.75971221923828 -4
endloop
endfacet
facet normal 0 0 -1
outer loop
vertex -70.5473403930664 -67.09054565429688 -4
vertex -70.40089416503906 -65.75971221923828 -4
vertex -70.23868560791016 -65.86810302734375 -4
endloop
endfacet
facet normal 0 0 -1
outer loop
vertex -70.5473403930664 -67.09054565429688 -4
vertex -70.5473403930664 -65.40615844726562 -4
vertex -70.50927734375 -65.59750366210938 -4
endloop
endfacet
facet normal 0 0 -1
outer loop
vertex -70.40089416503906 -65.75971221923828 -4
vertex -70.5473403930664 -67.09054565429688 -4
vertex -70.50927734375 -65.59750366210938 -4
endloop
endfacet
facet normal 0.8314722502285506 0.5555662850640511 0
outer loop
vertex -70.40089416503906 -65.75971221923828 -0.5
vertex -70.40089416503906 -65.75971221923828 -4
vertex -70.50927734375 -65.59750366210938 -4
endloop
endfacet
facet normal 0 0 -1
outer loop
vertex -70.5473403930664 -67.09054565429688 -4
vertex -70.23868560791016 -65.86810302734375 -4
vertex -64.94734191894531 -67.09223175048828 -4
endloop
endfacet
facet normal 0 0 1
outer loop
vertex -58.547340393066406 -64.40615844726562 -5
vertex -70.5473403930664 -64.40615844726562 -5
vertex -70.5473403930664 -67.09054565429688 -5
endloop
endfacet
facet normal 0 0 -1
outer loop
vertex -64.94734191894531 -67.09223175048828 -4
vertex -70.23868560791016 -65.86810302734375 -4
vertex -64.94734191894531 -65.90615844726562 -4
endloop
endfacet
facet normal 0 0 1
outer loop
vertex -58.547340393066406 -64.40615844726562 -5
vertex -70.5473403930664 -67.09054565429688 -5
vertex -58.547340393066406 -67.09416198730469 -5
endloop
endfacet
facet normal 0 0 -1
outer loop
vertex -64.1473388671875 -65.90615844726562 -4
vertex -58.547340393066406 -67.09416198730469 -4
vertex -64.1473388671875 -67.09247589111328 -4
endloop
endfacet
facet normal 1 0 0
outer loop
vertex -70.5473403930664 -64.40615844726562 -5
vertex -70.5473403930664 -64.40615844726562 -0.5
vertex -70.5473403930664 -65.40615844726562 -4
endloop
endfacet
facet normal 0 0 -1
outer loop
vertex -58.547340393066406 -65.40615844726562 -4
vertex -58.547340393066406 -67.09416198730469 -4
vertex -58.58539962768555 -65.59750366210938 -4
endloop
endfacet
facet normal 0 0 -1
outer loop
vertex -58.547340393066406 -67.09416198730469 -4
vertex -58.69378662109375 -65.75971221923828 -4
vertex -58.58539962768555 -65.59750366210938 -4
endloop
endfacet
facet normal 0 0 -1
outer loop
vertex -58.547340393066406 -67.09416198730469 -4
vertex -58.85599899291992 -65.86810302734375 -4
vertex -58.69378662109375 -65.75971221923828 -4
endloop
endfacet
facet normal -1 0 0
outer loop
vertex -58.547340393066406 -65.40615844726562 -4
vertex -58.547340393066406 -67.09416198730469 -5
vertex -58.547340393066406 -67.09416198730469 -4
endloop
endfacet
facet normal -1 0 0
outer loop
vertex -58.547340393066406 -64.40615844726562 -5
vertex -58.547340393066406 -67.09416198730469 -5
vertex -58.547340393066406 -65.40615844726562 -4
endloop
endfacet
facet normal -1 0 0
outer loop
vertex -58.547340393066406 -65.40615844726562 -4
vertex -58.547340393066406 -65.40615844726562 -0.5
vertex -58.547340393066406 -64.40615844726562 -0.5
endloop
endfacet
facet normal -0.9951848588913824 0.0980157978763589 0
outer loop
vertex -63.54737091064453 46.66637420654297 -8.727374076843262
vertex -63.56655502319336 46.47159194946289 -3.5
vertex -63.54737091064453 46.66637420654297 -3.5
endloop
endfacet
facet normal -0.9569369653840533 0.29029578757115887 0
outer loop
vertex -63.56655502319336 46.47159194946289 -3.5
vertex -63.56655502319336 46.47159194946289 -8.995545387268066
vertex -63.62346267700195 46.284000396728516 -3.5
endloop
endfacet
facet normal -0.8819302739048788 0.47137988074382825 0
outer loop
vertex -63.62346267700195 46.284000396728516 -3.5
vertex -63.62346267700195 46.284000396728516 -9.253972053527832
vertex -63.71586990356445 46.11111068725586 -3.5
endloop
endfacet
facet normal -0.7730070588633648 0.6343974203505326 0
outer loop
vertex -63.71586990356445 46.11111068725586 -3.5
vertex -63.71586990356445 46.11111068725586 -9.461100578308105
vertex -63.840232849121094 45.95957565307617 -3.5
endloop
endfacet
facet normal -0.634387877656003 0.773014890337251 0
outer loop
vertex -63.840232849121094 45.95957565307617 -3.5
vertex -63.840232849121094 45.95957565307617 -9.485101699829102
vertex -63.99177169799805 45.83521270751953 -3.5
endloop
endfacet
facet normal -0.4714031058222316 0.881917860019375 0
outer loop
vertex -63.99177169799805 45.83521270751953 -3.5
vertex -63.99177169799805 45.83521270751953 -9.504798889160156
vertex -64.16465759277344 45.742801666259766 -3.5
endloop
endfacet
facet normal 0.8818679766096289 0.4714964176110887 -0.0000032169607658778897
outer loop
vertex -65.3788070678711 46.11111068725586 -9.461100578308105
vertex -65.39546203613281 46.14226150512695 -9.456167221069336
vertex -65.47122192382812 46.284000396728516 -3.5
endloop
endfacet
facet normal 0.7730166016834488 0.6343857923391509 0
outer loop
vertex -65.25444793701172 45.95957565307617 -9.485101699829102
vertex -65.3788070678711 46.11111068725586 -9.461100578308105
vertex -65.3788070678711 46.11111068725586 -3.5
endloop
endfacet
facet normal 0.8819241828937545 0.47139127657094315 0
outer loop
vertex -65.47122192382812 46.284000396728516 -3.5
vertex -65.39546203613281 46.14226150512695 -9.456167221069336
vertex -65.47122192382812 46.284000396728516 -9.261388778686523
endloop
endfacet
facet normal -0.290277967867665 0.9569423709767578 0
outer loop
vertex -64.16465759277344 45.742801666259766 -3.5
vertex -64.16465759277344 45.742801666259766 -9.519434928894043
vertex -64.35224914550781 45.68589782714844 -3.5
endloop
endfacet
facet normal 0.6343974203505326 0.7730070588633648 0
outer loop
vertex -65.10291290283203 45.83521270751953 -9.504798889160156
vertex -65.25444793701172 45.95957565307617 -9.485101699829102
vertex -65.25444793701172 45.95957565307617 -3.5
endloop
endfacet
facet normal 0.4713950159280179 0.8819221841853303 0
outer loop
vertex -64.93002319335938 45.742801666259766 -9.519434928894043
vertex -65.10291290283203 45.83521270751953 -9.504798889160156
vertex -65.10291290283203 45.83521270751953 -3.5
endloop
endfacet
facet normal 0.09801622777686082 0.9951848165503705 0
outer loop
vertex -64.5473403930664 45.666683197021484 -9.53149127960205
vertex -64.742431640625 45.68589782714844 -9.528448104858398
vertex -64.742431640625 45.68589782714844 -3.5
endloop
endfacet
facet normal 0.290277967867665 0.9569423709767578 0
outer loop
vertex -64.742431640625 45.68589782714844 -9.528448104858398
vertex -64.93002319335938 45.742801666259766 -9.519434928894043
vertex -64.93002319335938 45.742801666259766 -3.5
endloop
endfacet
facet normal -0.09801622777686082 0.9951848165503705 0
outer loop
vertex -64.35224914550781 45.68589782714844 -3.5
vertex -64.35224914550781 45.68589782714844 -9.528448104858398
vertex -64.5473403930664 45.666683197021484 -3.5
endloop
endfacet
facet normal -0.09801622777686081 0.9951848165503704 0
outer loop
vertex -64.35224914550781 45.68589782714844 -9.528448104858398
vertex -64.5473403930664 45.666683197021484 -9.53149127960205
vertex -64.5473403930664 45.666683197021484 -3.5
endloop
endfacet
facet normal -0.290277967867665 0.9569423709767578 0
outer loop
vertex -64.16465759277344 45.742801666259766 -9.519434928894043
vertex -64.35224914550781 45.68589782714844 -9.528448104858398
vertex -64.35224914550781 45.68589782714844 -3.5
endloop
endfacet
facet normal -0.47140310582223166 0.881917860019375 0
outer loop
vertex -63.99177169799805 45.83521270751953 -9.504798889160156
vertex -64.16465759277344 45.742801666259766 -9.519434928894043
vertex -64.16465759277344 45.742801666259766 -3.5
endloop
endfacet
facet normal -0.6343878776560029 0.7730148903372509 0
outer loop
vertex -63.840232849121094 45.95957565307617 -9.485101699829102
vertex -63.99177169799805 45.83521270751953 -9.504798889160156
vertex -63.99177169799805 45.83521270751953 -3.5
endloop
endfacet
facet normal 0 0 -1
outer loop
vertex -65.25444793701172 45.95957565307617 -3.5
vertex -65.3788070678711 46.11111068725586 -3.5
vertex -65.5473403930664 46.666683197021484 -3.5
endloop
endfacet
facet normal 0 0 -1
outer loop
vertex -65.10291290283203 45.83521270751953 -3.5
vertex -65.25444793701172 45.95957565307617 -3.5
vertex -65.5473403930664 46.666683197021484 -3.5
endloop
endfacet
facet normal 0 0 -1
outer loop
vertex -65.47122192382812 46.284000396728516 -3.5
vertex -65.52812957763672 46.47159194946289 -3.5
vertex -65.3788070678711 46.11111068725586 -3.5
endloop
endfacet
facet normal 0 0 -1
outer loop
vertex -65.5473403930664 46.666683197021484 -3.5
vertex -65.3788070678711 46.11111068725586 -3.5
vertex -65.52812957763672 46.47159194946289 -3.5
endloop
endfacet
facet normal 0 0 -1
outer loop
vertex -64.93002319335938 45.742801666259766 -3.5
vertex -65.10291290283203 45.83521270751953 -3.5
vertex -65.5473403930664 46.666683197021484 -3.5
endloop
endfacet
facet normal 0 0 -1
outer loop
vertex -64.742431640625 45.68589782714844 -3.5
vertex -64.93002319335938 45.742801666259766 -3.5
vertex -65.5473403930664 46.666683197021484 -3.5
endloop
endfacet
facet normal 0 0 -1
outer loop
vertex -64.5473403930664 45.666683197021484 -3.5
vertex -64.742431640625 45.68589782714844 -3.5
vertex -65.5473403930664 46.666683197021484 -3.5
endloop
endfacet
facet normal 0 0 -1
outer loop
vertex -64.35224914550781 45.68589782714844 -3.5
vertex -64.5473403930664 45.666683197021484 -3.5
vertex -65.5473403930664 46.666683197021484 -3.5
endloop
endfacet
facet normal 0 0 -1
outer loop
vertex -64.16465759277344 45.742801666259766 -3.5
vertex -64.35224914550781 45.68589782714844 -3.5
vertex -65.5473403930664 46.666683197021484 -3.5
endloop
endfacet
facet normal 0.09801622777686081 0.9951848165503704 0
outer loop
vertex -64.5473403930664 45.666683197021484 -3.5
vertex -64.5473403930664 45.666683197021484 -9.53149127960205
vertex -64.742431640625 45.68589782714844 -3.5
endloop
endfacet
facet normal -0.7730070588633648 0.6343974203505326 0
outer loop
vertex -63.71586990356445 46.11111068725586 -9.461100578308105
vertex -63.840232849121094 45.95957565307617 -9.485101699829102
vertex -63.840232849121094 45.95957565307617 -3.5
endloop
endfacet
facet normal 0 0 -1
outer loop
vertex -63.99177169799805 45.83521270751953 -3.5
vertex -64.16465759277344 45.742801666259766 -3.5
vertex -65.5473403930664 46.666683197021484 -3.5
endloop
endfacet
facet normal 0 0 -1
outer loop
vertex -63.840232849121094 45.95957565307617 -3.5
vertex -63.99177169799805 45.83521270751953 -3.5
vertex -65.5473403930664 46.666683197021484 -3.5
endloop
endfacet
facet normal 0 0 -1
outer loop
vertex -63.71586990356445 46.11111068725586 -3.5
vertex -63.840232849121094 45.95957565307617 -3.5
vertex -65.5473403930664 46.666683197021484 -3.5
endloop
endfacet
facet normal 0 0 -1
outer loop
vertex -63.62346267700195 46.284000396728516 -3.5
vertex -63.71586990356445 46.11111068725586 -3.5
vertex -65.5473403930664 46.666683197021484 -3.5
endloop
endfacet
facet normal 0 0 -1
outer loop
vertex -63.56655502319336 46.47159194946289 -3.5
vertex -63.62346267700195 46.284000396728516 -3.5
vertex -65.5473403930664 46.666683197021484 -3.5
endloop
endfacet
facet normal 0 0 -1
outer loop
vertex -63.54737091064453 46.66637420654297 -3.5
vertex -63.56655502319336 46.47159194946289 -3.5
vertex -65.5473403930664 46.666683197021484 -3.5
endloop
endfacet
facet normal -0.8819302739048787 0.4713798807438282 0
outer loop
vertex -63.71586990356445 46.11111068725586 -9.461100578308105
vertex -63.71586990356445 46.11111068725586 -3.5
vertex -63.62346267700195 46.284000396728516 -9.253972053527832
endloop
endfacet
facet normal 0.8819140943544587 0.47141015069571324 0
outer loop
vertex -65.3788070678711 46.11111068725586 -3.5
vertex -65.3788070678711 46.11111068725586 -9.461100578308105
vertex -65.47122192382812 46.284000396728516 -3.5
endloop
endfacet
facet normal 0.290277967867665 0.9569423709767578 0
outer loop
vertex -64.742431640625 45.68589782714844 -3.5
vertex -64.742431640625 45.68589782714844 -9.528448104858398
vertex -64.93002319335938 45.742801666259766 -3.5
endloop
endfacet
facet normal 0.4713950159280179 0.8819221841853303 0
outer loop
vertex -64.93002319335938 45.742801666259766 -3.5
vertex -64.93002319335938 45.742801666259766 -9.519434928894043
vertex -65.10291290283203 45.83521270751953 -3.5
endloop
endfacet
facet normal 0.6343974203505326 0.7730070588633648 0
outer loop
vertex -65.10291290283203 45.83521270751953 -3.5
vertex -65.10291290283203 45.83521270751953 -9.504798889160156
vertex -65.25444793701172 45.95957565307617 -3.5
endloop
endfacet
facet normal 0.9951867145052739 0.0979969554231074 0
outer loop
vertex -65.52812957763672 46.47159194946289 -3.5
vertex -65.52812957763672 46.47159194946289 -9.003418922424316
vertex -65.5473403930664 46.666683197021484 -3.5
endloop
endfacet
facet normal 0.9569369653840532 0.2902957875711588 0
outer loop
vertex -65.47122192382812 46.284000396728516 -3.5
vertex -65.47122192382812 46.284000396728516 -9.261388778686523
vertex -65.52812957763672 46.47159194946289 -3.5
endloop
endfacet
facet normal 0.9569369653840533 0.29029578757115887 0
outer loop
vertex -65.47122192382812 46.284000396728516 -9.261388778686523
vertex -65.52812957763672 46.47159194946289 -9.003418922424316
vertex -65.52812957763672 46.47159194946289 -3.5
endloop
endfacet
facet normal 0.9952182914782576 0.09767575018869681 0.000011496662383000972
outer loop
vertex -65.52812957763672 46.47159194946289 -9.003418922424316
vertex -65.54730987548828 46.666988372802734 -8.734556198120117
vertex -65.5473403930664 46.666683197021484 -3.5
endloop
endfacet
facet normal 0.7730166016834488 0.6343857923391509 0
outer loop
vertex -65.25444793701172 45.95957565307617 -3.5
vertex -65.25444793701172 45.95957565307617 -9.485101699829102
vertex -65.3788070678711 46.11111068725586 -3.5
endloop
endfacet
facet normal -0.9569369653840532 0.2902957875711588 0
outer loop
vertex -63.62346267700195 46.284000396728516 -9.253972053527832
vertex -63.62346267700195 46.284000396728516 -3.5
vertex -63.56655502319336 46.47159194946289 -8.995545387268066
endloop
endfacet
facet normal -0.9951848588913825 0.09801579787635892 0
outer loop
vertex -63.56655502319336 46.47159194946289 -8.995545387268066
vertex -63.56655502319336 46.47159194946289 -3.5
vertex -63.54737091064453 46.66637420654297 -8.727374076843262
endloop
endfacet
facet normal -0.6343974203505326 0.7730070588633648 0
outer loop
vertex 53.1021842956543 61.3916130065918 -7.04090690612793
vertex 52.95064926147461 61.267250061035156 -7.060604095458984
vertex 52.95064926147461 61.267250061035156 -3.5
endloop
endfacet
facet normal -0.8819221841853303 0.4713950159280179 0
outer loop
vertex 53.3189582824707 61.71603775024414 -6.989523410797119
vertex 53.22654724121094 61.543148040771484 -7.016905784606934
vertex 53.22654724121094 61.543148040771484 -3.5
endloop
endfacet
facet normal -0.4714031058222316 0.881917860019375 0
outer loop
vertex 52.95064926147461 61.267250061035156 -7.060604095458984
vertex 52.77776336669922 61.17483901977539 -7.075240612030029
vertex 52.77776336669922 61.17483901977539 -3.5
endloop
endfacet
facet normal -0.2902725625063677 0.9569440106171243 0
outer loop
vertex 52.77776336669922 61.17483901977539 -7.075240612030029
vertex 52.59016799926758 61.11793518066406 -7.084253311157227
vertex 52.59016799926758 61.11793518066406 -3.5
endloop
endfacet
facet normal -0.09801812595133513 0.9951846295964324 0
outer loop
vertex 52.59016799926758 61.11793518066406 -7.084253311157227
vertex 52.39508056640625 61.09872055053711 -7.087296962738037
vertex 52.39508056640625 61.09872055053711 -3.5
endloop
endfacet
facet normal 0.09801622777686081 0.9951848165503704 0
outer loop
vertex 52.39508056640625 61.09872055053711 -7.087296962738037
vertex 52.199989318847656 61.11793518066406 -7.084253311157227
vertex 52.199989318847656 61.11793518066406 -3.5
endloop
endfacet
facet normal 0.29024002247271047 0.9569538804726074 -0.0000018597994226247194
outer loop
vertex 52.199989318847656 61.11793518066406 -7.084253311157227
vertex 52.15253448486328 61.132328033447266 -7.081973552703857
vertex 52.012393951416016 61.17483901977539 -3.5
endloop
endfacet
facet normal -0.8819259879425178 -0.47138789949638515 0
outer loop
vertex 53.25769805908203 62.59601593017578 -3.5
vertex 53.25769805908203 62.59601593017578 -6.008206844329834
vertex 53.3189582824707 62.48140335083008 -3.5
endloop
endfacet
facet normal -0.956938605216473 -0.29029038193910456 0
outer loop
vertex 53.3189582824707 62.48140335083008 -3.5
vertex 53.3189582824707 62.48140335083008 -6.180070400238037
vertex 53.3758659362793 62.29380798339844 -3.5
endloop
endfacet
facet normal -0.8819259879425176 -0.47138789949638515 0
outer loop
vertex 53.25769805908203 62.59601593017578 -6.008206844329834
vertex 53.3189582824707 62.48140335083008 -6.180070400238037
vertex 53.3189582824707 62.48140335083008 -3.5
endloop
endfacet
facet normal -0.9951846295964323 -0.09801812595133512 0
outer loop
vertex 53.3758659362793 62.29380798339844 -3.5
vertex 53.3758659362793 62.29380798339844 -6.435612678527832
vertex 53.39508056640625 62.09872055053711 -3.5
endloop
endfacet
facet normal -0.9951848165503705 0.09801622777686082 0
outer loop
vertex 53.39508056640625 62.09872055053711 -3.5
vertex 53.39508056640625 62.09872055053711 -6.677631378173828
vertex 53.3758659362793 61.903629302978516 -3.5
endloop
endfacet
facet normal -0.9569369653840175 0.290295787571148 -2.728817119420239e-7
outer loop
vertex 53.3758659362793 61.903629302978516 -3.5
vertex 53.353214263916016 61.828956604003906 -6.9716386795043945
vertex 53.3189582824707 61.71603775024414 -3.5
endloop
endfacet
facet normal 0.29028355338306955 0.9569406766541482 0
outer loop
vertex 52.012393951416016 61.17483901977539 -3.5
vertex 52.15253448486328 61.132328033447266 -7.081973552703857
vertex 52.012393951416016 61.17483901977539 -6.948492527008057
endloop
endfacet
facet normal 0.47140310582223166 0.8819178600193751 0
outer loop
vertex 52.012393951416016 61.17483901977539 -6.948492527008057
vertex 51.839508056640625 61.267250061035156 -6.736577987670898
vertex 51.839508056640625 61.267250061035156 -3.5
endloop
endfacet
facet normal -0.8819221841853303 0.4713950159280179 0
outer loop
vertex 53.3189582824707 61.71603775024414 -3.5
vertex 53.3189582824707 61.71603775024414 -6.989523410797119
vertex 53.22654724121094 61.543148040771484 -3.5
endloop
endfacet
facet normal -0.7730070588633648 0.6343974203505326 0
outer loop
vertex 53.22654724121094 61.543148040771484 -7.016905784606934
vertex 53.1021842956543 61.3916130065918 -7.04090690612793
vertex 53.1021842956543 61.3916130065918 -3.5
endloop
endfacet
facet normal -0.773007058863365 0.6343974203505327 0
outer loop
vertex 53.22654724121094 61.543148040771484 -3.5
vertex 53.22654724121094 61.543148040771484 -7.016905784606934
vertex 53.1021842956543 61.3916130065918 -3.5
endloop
endfacet
facet normal -0.956938605216473 -0.29029038193910456 0
outer loop
vertex 53.3758659362793 62.29380798339844 -6.435612678527832
vertex 53.3758659362793 62.29380798339844 -3.5
vertex 53.3189582824707 62.48140335083008 -6.180070400238037
endloop
endfacet
facet normal 0 0 -1
outer loop
vertex 53.39508056640625 62.09872055053711 -3.5
vertex 53.3189582824707 61.71603775024414 -3.5
vertex 53.3758659362793 62.29380798339844 -3.5
endloop
endfacet
facet normal 0 0 -1
outer loop
vertex 53.3758659362793 61.903629302978516 -3.5
vertex 53.3189582824707 61.71603775024414 -3.5
vertex 53.39508056640625 62.09872055053711 -3.5
endloop
endfacet
facet normal 0 0 -1
outer loop
vertex 53.3758659362793 62.29380798339844 -3.5
vertex 53.3189582824707 61.71603775024414 -3.5
vertex 53.3189582824707 62.48140335083008 -3.5
endloop
endfacet
facet normal 0 0 -1
outer loop
vertex 53.3189582824707 61.71603775024414 -3.5
vertex 53.22654724121094 61.543148040771484 -3.5
vertex 53.3189582824707 62.48140335083008 -3.5
endloop
endfacet
facet normal -0.9951846295964323 -0.09801812595133512 0
outer loop
vertex 53.39508056640625 62.09872055053711 -6.677631378173828
vertex 53.39508056640625 62.09872055053711 -3.5
vertex 53.3758659362793 62.29380798339844 -6.435612678527832
endloop
endfacet
facet normal 0 0 -1
outer loop
vertex 51.839508056640625 61.267250061035156 -3.5
vertex 51.68797302246094 61.3916130065918 -3.5
vertex 51.53246307373047 61.60142135620117 -3.5
endloop
endfacet
facet normal -0.6343974203505326 0.7730070588633648 0
outer loop
vertex 53.1021842956543 61.3916130065918 -3.5
vertex 53.1021842956543 61.3916130065918 -7.04090690612793
vertex 52.95064926147461 61.267250061035156 -3.5
endloop
endfacet
facet normal 0 0 -1
outer loop
vertex 53.3189582824707 62.48140335083008 -3.5
vertex 51.53246307373047 61.60142135620117 -3.5
vertex 53.25769805908203 62.59601593017578 -3.5
endloop
endfacet
facet normal -0.47140310582223166 0.8819178600193751 0
outer loop
vertex 52.95064926147461 61.267250061035156 -3.5
vertex 52.95064926147461 61.267250061035156 -7.060604095458984
vertex 52.77776336669922 61.17483901977539 -3.5
endloop
endfacet
facet normal -0.2902725625063676 0.9569440106171242 0
outer loop
vertex 52.77776336669922 61.17483901977539 -3.5
vertex 52.77776336669922 61.17483901977539 -7.075240612030029
vertex 52.59016799926758 61.11793518066406 -3.5
endloop
endfacet
facet normal -0.09801812595133512 0.9951846295964324 0
outer loop
vertex 52.59016799926758 61.11793518066406 -3.5
vertex 52.59016799926758 61.11793518066406 -7.084253311157227
vertex 52.39508056640625 61.09872055053711 -3.5
endloop
endfacet
facet normal 0.4714031058222316 0.881917860019375 0
outer loop
vertex 52.012393951416016 61.17483901977539 -3.5
vertex 52.012393951416016 61.17483901977539 -6.948492527008057
vertex 51.839508056640625 61.267250061035156 -3.5
endloop
endfacet
facet normal 0.09801622777686081 0.9951848165503704 0
outer loop
vertex 52.39508056640625 61.09872055053711 -3.5
vertex 52.39508056640625 61.09872055053711 -7.087296962738037
vertex 52.199989318847656 61.11793518066406 -3.5
endloop
endfacet
facet normal 0.2902725625063677 0.9569440106171243 0
outer loop
vertex 52.199989318847656 61.11793518066406 -3.5
vertex 52.199989318847656 61.11793518066406 -7.084253311157227
vertex 52.012393951416016 61.17483901977539 -3.5
endloop
endfacet
facet normal 0.8819258753057947 0.4713881102298909 0
outer loop
vertex 51.5636100769043 61.543148040771484 -3.5
vertex 51.53246307373047 61.60142135620117 -6.159205436706543
vertex 51.53246307373047 61.60142135620117 -3.5
endloop
endfacet
facet normal 0.7730070588633648 0.6343974203505326 0
outer loop
vertex 51.68797302246094 61.3916130065918 -3.5
vertex 51.68797302246094 61.3916130065918 -6.499573230743408
vertex 51.5636100769043 61.543148040771484 -3.5
endloop
endfacet
facet normal 0.6343974203505326 0.7730070588633648 0
outer loop
vertex 51.839508056640625 61.267250061035156 -3.5
vertex 51.839508056640625 61.267250061035156 -6.736577987670898
vertex 51.68797302246094 61.3916130065918 -3.5
endloop
endfacet
facet normal 0 0 -1
outer loop
vertex 53.22654724121094 61.543148040771484 -3.5
vertex 51.53246307373047 61.60142135620117 -3.5
vertex 53.3189582824707 62.48140335083008 -3.5
endloop
endfacet
facet normal 0.8819258753057947 0.4713881102298909 0
outer loop
vertex 51.5636100769043 61.543148040771484 -3.5
vertex 51.5636100769043 61.543148040771484 -6.24658727645874
vertex 51.53246307373047 61.60142135620117 -6.159205436706543
endloop
endfacet
facet normal 0.7730070588633648 0.6343974203505327 0
outer loop
vertex 51.68797302246094 61.3916130065918 -6.499573230743408
vertex 51.5636100769043 61.543148040771484 -6.24658727645874
vertex 51.5636100769043 61.543148040771484 -3.5
endloop
endfacet
facet normal 0.6343974203505326 0.7730070588633648 0
outer loop
vertex 51.839508056640625 61.267250061035156 -6.736577987670898
vertex 51.68797302246094 61.3916130065918 -6.499573230743408
vertex 51.68797302246094 61.3916130065918 -3.5
endloop
endfacet
facet normal 0 0 -1
outer loop
vertex 53.1021842956543 61.3916130065918 -3.5
vertex 51.53246307373047 61.60142135620117 -3.5
vertex 53.22654724121094 61.543148040771484 -3.5
endloop
endfacet
facet normal 0 0 -1
outer loop
vertex 53.1021842956543 61.3916130065918 -3.5
vertex 52.95064926147461 61.267250061035156 -3.5
vertex 51.53246307373047 61.60142135620117 -3.5
endloop
endfacet
facet normal 0 0 -1
outer loop
vertex 52.95064926147461 61.267250061035156 -3.5
vertex 52.77776336669922 61.17483901977539 -3.5
vertex 51.53246307373047 61.60142135620117 -3.5
endloop
endfacet
facet normal 0 0 -1
outer loop
vertex 52.77776336669922 61.17483901977539 -3.5
vertex 52.59016799926758 61.11793518066406 -3.5
vertex 51.53246307373047 61.60142135620117 -3.5
endloop
endfacet
facet normal 0 0 -1
outer loop
vertex 52.199989318847656 61.11793518066406 -3.5
vertex 52.012393951416016 61.17483901977539 -3.5
vertex 51.53246307373047 61.60142135620117 -3.5
endloop
endfacet
facet normal 0 0 -1
outer loop
vertex 52.59016799926758 61.11793518066406 -3.5
vertex 52.39508056640625 61.09872055053711 -3.5
vertex 51.53246307373047 61.60142135620117 -3.5
endloop
endfacet
facet normal -0.9951848165503705 0.09801622777686082 0
outer loop
vertex 53.3758659362793 61.903629302978516 -6.896825790405273
vertex 53.3758659362793 61.903629302978516 -3.5
vertex 53.39508056640625 62.09872055053711 -6.677631378173828
endloop
endfacet
facet normal -0.9569404896126827 0.2902841699780388 0
outer loop
vertex 53.353214263916016 61.828956604003906 -6.9716386795043945
vertex 53.3758659362793 61.903629302978516 -3.5
vertex 53.3758659362793 61.903629302978516 -6.896825790405273
endloop
endfacet
facet normal 0 0 -1
outer loop
vertex 52.39508056640625 61.09872055053711 -3.5
vertex 52.199989318847656 61.11793518066406 -3.5
vertex 51.53246307373047 61.60142135620117 -3.5
endloop
endfacet
facet normal 0 0 -1
outer loop
vertex 52.012393951416016 61.17483901977539 -3.5
vertex 51.839508056640625 61.267250061035156 -3.5
vertex 51.53246307373047 61.60142135620117 -3.5
endloop
endfacet
facet normal -0.9569346347652684 0.29030347015952535 0
outer loop
vertex 53.353214263916016 61.828956604003906 -6.9716386795043945
vertex 53.3189582824707 61.71603775024414 -6.989523410797119
vertex 53.3189582824707 61.71603775024414 -3.5
endloop
endfacet
facet normal 0 0 -1
outer loop
vertex 51.5636100769043 61.543148040771484 -3.5
vertex 51.53246307373047 61.60142135620117 -3.5
vertex 51.68797302246094 61.3916130065918 -3.5
endloop
endfacet
facet normal 0.000038049292976945047 0.12403418926718157 -0.9922779441492612
outer loop
vertex -63.34733963012695 46.66631317138672 -2.5
vertex -65.74734497070312 46.667049407958984 -2.5
vertex -63.547096252441406 47.46637725830078 -2.4000000953674316
endloop
endfacet
facet normal -0.97006707674386 0.24283711952175346 0
outer loop
vertex -65.74734497070312 46.667049407958984 -2.5
vertex -65.74734497070312 46.667049407958984 -1.100000023841858
vertex -65.5470962524414 47.46698760986328 -2.4000000953674316
endloop
endfacet
facet normal -0.9700670767438598 0.24283711952175344 0
outer loop
vertex -65.5470962524414 47.46698760986328 -2.4000000953674316
vertex -65.74734497070312 46.667049407958984 -1.100000023841858
vertex -65.5470962524414 47.46698760986328 -1.2000000476837158
endloop
endfacet
facet normal 0.9702164706829564 0.2422395508902457 0
outer loop
vertex -63.34733963012695 46.66631317138672 -2.5
vertex -63.547096252441406 47.46637725830078 -1.2000000476837158
vertex -63.34733963012695 46.66631317138672 -1.100000023841858
endloop
endfacet
facet normal 0.00030517576703914626 0.9999999534338746 0
outer loop
vertex -63.547096252441406 47.46637725830078 -2.4000000953674316
vertex -65.5470962524414 47.46698760986328 -2.4000000953674316
vertex -63.547096252441406 47.46637725830078 -1.2000000476837158
endloop
endfacet
facet normal 0.9702164706829564 0.2422395508902457 0
outer loop
vertex -63.34733963012695 46.66631317138672 -2.5
vertex -63.547096252441406 47.46637725830078 -2.4000000953674316
vertex -63.547096252441406 47.46637725830078 -1.2000000476837158
endloop
endfacet
facet normal 0.00030517576703914626 0.9999999534338746 0
outer loop
vertex -63.547096252441406 47.46637725830078 -1.2000000476837158
vertex -65.5470962524414 47.46698760986328 -2.4000000953674316
vertex -65.5470962524414 47.46698760986328 -1.2000000476837158
endloop
endfacet
facet normal 0.00003804948644201422 0.12403481993022757 0.9922778653165214
outer loop
vertex -65.5470962524414 47.46698760986328 -1.2000000476837158
vertex -65.74734497070312 46.667049407958984 -1.100000023841858
vertex -63.34733963012695 46.66631317138672 -1.100000023841858
endloop
endfacet
facet normal 0.000037852260255512246 0.12403428640526254 0.9922779320145861
outer loop
vertex -63.547096252441406 47.46637725830078 -1.2000000476837158
vertex -65.5470962524414 47.46698760986328 -1.2000000476837158
vertex -63.34733963012695 46.66631317138672 -1.100000023841858
endloop
endfacet
facet normal 0.00003785239346715132 0.12403472291316145 -0.9922778774511964
outer loop
vertex -63.547096252441406 47.46637725830078 -2.4000000953674316
vertex -65.74734497070312 46.667049407958984 -2.5
vertex -65.5470962524414 47.46698760986328 -2.4000000953674316
endloop
endfacet
facet normal -0.06194853506484731 0.10745682465331524 -0.992277889423495
outer loop
vertex 51.12917709350586 62.29235076904297 -2.4000000953674316
vertex 52.86186599731445 63.29124069213867 -2.4000000953674316
vertex 51.355464935302734 61.499385833740234 -2.5
endloop
endfacet
facet normal -0.06194864295162027 0.1074569144345476 -0.99227787296536
outer loop
vertex 53.4346923828125 62.698055267333984 -2.5
vertex 51.355464935302734 61.499385833740234 -2.5
vertex 52.86186599731445 63.29124069213867 -2.4000000953674316
endloop
endfacet
facet normal -0.9616115308992219 -0.2744144013014891 0
outer loop
vertex 51.12917709350586 62.29235076904297 -2.4000000953674316
vertex 51.355464935302734 61.499385833740234 -2.5
vertex 51.355464935302734 61.499385833740234 -1.100000023841858
endloop
endfacet
facet normal -0.961611530899222 -0.27441440130148914 0
outer loop
vertex 51.12917709350586 62.29235076904297 -2.4000000953674316
vertex 51.355464935302734 61.499385833740234 -1.100000023841858
vertex 51.12917709350586 62.29235076904297 -1.2000000476837158
endloop
endfacet
facet normal -0.06194865588256327 0.107456936864728 0.992277869729036
outer loop
vertex 51.12917709350586 62.29235076904297 -1.2000000476837158
vertex 51.355464935302734 61.499385833740234 -1.100000023841858
vertex 53.4346923828125 62.698055267333984 -1.100000023841858
endloop
endfacet
facet normal 0.7193435092383029 0.6946545297604585 0
outer loop
vertex 53.4346923828125 62.698055267333984 -2.5
vertex 52.86186599731445 63.29124069213867 -2.4000000953674316
vertex 52.86186599731445 63.29124069213867 -1.2000000476837158
endloop
endfacet
facet normal -0.4994454662475165 0.8663453273636332 0
outer loop
vertex 52.86186599731445 63.29124069213867 -1.2000000476837158
vertex 51.12917709350586 62.29235076904297 -2.4000000953674316
vertex 51.12917709350586 62.29235076904297 -1.2000000476837158
endloop
endfacet
facet normal -0.06194867951502496 0.10745707521868203 0.9922778532708422
outer loop
vertex 52.86186599731445 63.29124069213867 -1.2000000476837158
vertex 51.12917709350586 62.29235076904297 -1.2000000476837158
vertex 53.4346923828125 62.698055267333984 -1.100000023841858
endloop
endfacet
facet normal -0.4994454662475165 0.8663453273636332 0
outer loop
vertex 52.86186599731445 63.29124069213867 -2.4000000953674316
vertex 51.12917709350586 62.29235076904297 -2.4000000953674316
vertex 52.86186599731445 63.29124069213867 -1.2000000476837158
endloop
endfacet
facet normal 0.7193435092383029 0.6946545297604584 0
outer loop
vertex 53.4346923828125 62.698055267333984 -2.5
vertex 52.86186599731445 63.29124069213867 -1.2000000476837158
vertex 53.4346923828125 62.698055267333984 -1.100000023841858
endloop
endfacet
facet normal 0 0 1
outer loop
vertex 64.07598114013672 62.79939651489258 -0.5
vertex 75.07524108886719 45.8035888671875 -0.5
vertex 64.83600616455078 63.56332015991211 -0.5
endloop
endfacet
facet normal 0 0 1
outer loop
vertex 36.448394775390625 -71.35279846191406 -0.5
vertex 46.39508056640625 -70.15615844726562 -0.5
vertex 46.39508056640625 -69.15615844726562 -0.5
endloop
endfacet
facet normal 0 0 1
outer loop
vertex -76.7803726196289 -0.7747238874435425 -0.5
vertex -75.2803726196289 -0.7748931050300598 -0.5
vertex -76.7802734375 0.15215542912483215 -0.5
endloop
endfacet
facet normal 0 0 1
outer loop
vertex -14.394673347473145 38.91169357299805 -0.5
vertex -17.834863662719727 41.63446807861328 -0.5
vertex -18.280567169189453 41.504356384277344 -0.5
endloop
endfacet
facet normal 0 0 1
outer loop
vertex 75.07524108886719 45.8035888671875 -0.5
vertex 64.07598114013672 62.79939651489258 -0.5
vertex 73.93042755126953 45.79619598388672 -0.5
endloop
endfacet
facet normal 0 0 1
outer loop
vertex -75.2802734375 0.15198621153831482 -0.5
vertex -76.7802734375 0.15215542912483215 -0.5
vertex -75.2803726196289 -0.7748931050300598 -0.5
endloop
endfacet
facet normal 0 0 1
outer loop
vertex -75.27554321289062 42.07886505126953 -0.5
vertex -74.2802505493164 41.161563873291016 -0.5
vertex -76.0323257446289 43.662837982177734 -0.5
endloop
endfacet
facet normal 0 0 1
outer loop
vertex -75.2778549194336 21.57886505126953 -0.5
vertex -74.25865173339844 -63.60484313964844 -0.5
vertex -75.27554321289062 42.07886505126953 -0.5
endloop
endfacet
facet normal 0 0 1
outer loop
vertex 65.10848236083984 -67.09368133544922 -0.5
vertex 62.82512664794922 -63.456871032714844 -0.5
vertex 65.76847839355469 -68.99320220947266 -0.5
endloop
endfacet
facet normal 0 0 1
outer loop
vertex 65.10848236083984 -67.09368133544922 -0.5
vertex 63.233707427978516 -63.1491584777832 -0.5
vertex 62.82512664794922 -63.456871032714844 -0.5
endloop
endfacet
facet normal 0 0 1
outer loop
vertex 65.76847839355469 -68.99320220947266 -0.5
vertex 66.05094909667969 -68.50312042236328 -0.5
vertex 65.10848236083984 -67.09368133544922 -0.5
endloop
endfacet
facet normal 0 0 1
outer loop
vertex -74.25865173339844 -63.60484313964844 -0.5
vertex -74.2802505493164 41.161563873291016 -0.5
vertex -75.27554321289062 42.07886505126953 -0.5
endloop
endfacet
facet normal 0 0 1
outer loop
vertex 65.76847839355469 -68.99320220947266 -0.5
vertex 62.82512664794922 -63.456871032714844 -0.5
vertex 62.365840911865234 -63.68199920654297 -0.5
endloop
endfacet
facet normal 0 0 1
outer loop
vertex 66.05094909667969 -68.50312042236328 -0.5
vertex 66.27849578857422 -67.98523712158203 -0.5
vertex 65.10848236083984 -67.09368133544922 -0.5
endloop
endfacet
facet normal 0 0 1
outer loop
vertex 66.27849578857422 -67.98523712158203 -0.5
vertex 66.44842529296875 -67.4457015991211 -0.5
vertex 65.10848236083984 -67.09368133544922 -0.5
endloop
endfacet
facet normal 0 0 1
outer loop
vertex 66.44842529296875 -67.4457015991211 -0.5
vertex 66.51838684082031 -67.09382629394531 -0.5
vertex 65.10848236083984 -67.09368133544922 -0.5
endloop
endfacet
facet normal 0 0 1
outer loop
vertex 62.365840911865234 -63.68199920654297 -0.5
vertex 61.872337341308594 -63.816463470458984 -0.5
vertex 65.05276489257812 -69.86719512939453 -0.5
endloop
endfacet
facet normal 0 0 1
outer loop
vertex -76.7779541015625 20.65215492248535 -0.5
vertex -75.2779541015625 20.65198516845703 -0.5
vertex -76.7778549194336 21.57903480529785 -0.5
endloop
endfacet
facet normal 0 0 1
outer loop
vertex 64.83600616455078 63.56332015991211 -0.5
vertex 66.07218170166016 64.27603149414062 -0.5
vertex 65.74624633789062 64.67662811279297 -0.5
endloop
endfacet
facet normal 0 0 1
outer loop
vertex 64.83600616455078 63.56332015991211 -0.5
vertex 65.74624633789062 64.67662811279297 -0.5
vertex 65.16301727294922 65.19692993164062 -0.5
endloop
endfacet
facet normal 0 0 1
outer loop
vertex -75.2778549194336 21.57886505126953 -0.5
vertex -76.7778549194336 21.57903480529785 -0.5
vertex -75.2779541015625 20.65198516845703 -0.5
endloop
endfacet
facet normal 0 0 1
outer loop
vertex 65.76847839355469 -68.99320220947266 -0.5
vertex 62.365840911865234 -63.68199920654297 -0.5
vertex 65.43443298339844 -69.44969940185547 -0.5
endloop
endfacet
facet normal 0 0 1
outer loop
vertex 62.365840911865234 -63.68199920654297 -0.5
vertex 65.05276489257812 -69.86719512939453 -0.5
vertex 65.43443298339844 -69.44969940185547 -0.5
endloop
endfacet
facet normal 0 0 1
outer loop
vertex 61.872337341308594 -63.816463470458984 -0.5
vertex 64.62799072265625 -70.2407455444336 -0.5
vertex 65.05276489257812 -69.86719512939453 -0.5
endloop
endfacet
facet normal 0 0 1
outer loop
vertex 61.872337341308594 -63.816463470458984 -0.5
vertex 64.16514587402344 -70.5659408569336 -0.5
vertex 64.62799072265625 -70.2407455444336 -0.5
endloop
endfacet
facet normal 0 0 1
outer loop
vertex 64.07286071777344 34.30361557006836 -0.5
vertex 65.11701965332031 14.21663761138916 -0.5
vertex 65.11917877197266 34.716636657714844 -0.5
endloop
endfacet
facet normal 0 0 1
outer loop
vertex 61.872337341308594 -63.816463470458984 -0.5
vertex 63.669708251953125 -70.83891296386719 -0.5
vertex 64.16514587402344 -70.5659408569336 -0.5
endloop
endfacet
facet normal 0 0 1
outer loop
vertex 61.872337341308594 -63.816463470458984 -0.5
vertex 63.14754104614258 -71.05643463134766 -0.5
vertex 63.669708251953125 -70.83891296386719 -0.5
endloop
endfacet
facet normal 0 0 1
outer loop
vertex 61.872337341308594 -63.816463470458984 -0.5
vertex 62.60483169555664 -71.21593475341797 -0.5
vertex 63.14754104614258 -71.05643463134766 -0.5
endloop
endfacet
facet normal 0 0 1
outer loop
vertex 65.1148910522461 -6.1109418869018555 -0.5
vertex 65.11701965332031 14.21663761138916 -0.5
vertex 64.07286071777344 34.30361557006836 -0.5
endloop
endfacet
facet normal 0 0 1
outer loop
vertex 61.872337341308594 -63.816463470458984 -0.5
vertex 62.04616928100586 -71.31585693359375 -0.5
vertex 62.60483169555664 -71.21593475341797 -0.5
endloop
endfacet
facet normal 0 0 1
outer loop
vertex 59.68793487548828 65.72589111328125 -0.5
vertex 65.16301727294922 65.19692993164062 -0.5
vertex 64.43928527832031 65.66226196289062 -0.5
endloop
endfacet
facet normal 0 0 1
outer loop
vertex 61.551544189453125 -71.3532943725586 -0.5
vertex 62.04616928100586 -71.31585693359375 -0.5
vertex 61.872337341308594 -63.816463470458984 -0.5
endloop
endfacet
facet normal 0 0 1
outer loop
vertex 64.07286071777344 34.30361557006836 -0.5
vertex 65.11275482177734 -26.438520431518555 -0.5
vertex 65.1148910522461 -6.1109418869018555 -0.5
endloop
endfacet
facet normal 0 0 1
outer loop
vertex 58.39508056640625 -69.15615844726562 -0.5
vertex 61.551544189453125 -71.3532943725586 -0.5
vertex 61.872337341308594 -63.816463470458984 -0.5
endloop
endfacet
facet normal 0 0 1
outer loop
vertex 41.119598388671875 54.799076080322266 -0.5
vertex 26.475467681884766 46.13771057128906 -0.5
vertex 43.050193786621094 52.87712478637695 -0.5
endloop
endfacet
facet normal 0 0 1
outer loop
vertex 41.119598388671875 54.799076080322266 -0.5
vertex 25.973041534423828 48.673866271972656 -0.5
vertex 26.475467681884766 46.13771057128906 -0.5
endloop
endfacet
facet normal 0 0 1
outer loop
vertex 26.475467681884766 46.13771057128906 -0.5
vertex 25.973041534423828 48.673866271972656 -0.5
vertex 25.40970230102539 48.4074821472168 -0.5
endloop
endfacet
facet normal 0 0 1
outer loop
vertex 24.74907684326172 47.97823715209961 -0.5
vertex 26.475467681884766 46.13771057128906 -0.5
vertex 25.40970230102539 48.4074821472168 -0.5
endloop
endfacet
facet normal 0 0 1
outer loop
vertex 26.068267822265625 45.82817459106445 -0.5
vertex 24.74907684326172 47.97823715209961 -0.5
vertex 24.10978126525879 47.402374267578125 -0.5
endloop
endfacet
facet normal 0 0 1
outer loop
vertex 26.068267822265625 45.82817459106445 -0.5
vertex 26.475467681884766 46.13771057128906 -0.5
vertex 24.74907684326172 47.97823715209961 -0.5
endloop
endfacet
facet normal 0 0 1
outer loop
vertex 26.068267822265625 45.82817459106445 -0.5
vertex 24.10978126525879 47.402374267578125 -0.5
vertex 25.726757049560547 45.447391510009766 -0.5
endloop
endfacet
facet normal 0 0 1
outer loop
vertex 25.463193893432617 45.009033203125 -0.5
vertex 25.726757049560547 45.447391510009766 -0.5
vertex 24.10978126525879 47.402374267578125 -0.5
endloop
endfacet
facet normal 0 0 1
outer loop
vertex 25.287038803100586 44.528831481933594 -0.5
vertex 25.463193893432617 45.009033203125 -0.5
vertex 24.10978126525879 47.402374267578125 -0.5
endloop
endfacet
facet normal 0 0 1
outer loop
vertex 41.17786407470703 54.82624816894531 -0.5
vertex 41.119598388671875 54.799076080322266 -0.5
vertex 43.050193786621094 52.87712478637695 -0.5
endloop
endfacet
facet normal 0 0 1
outer loop
vertex 41.58238220214844 55.05415725708008 -0.5
vertex 41.17786407470703 54.82624816894531 -0.5
vertex 43.050193786621094 52.87712478637695 -0.5
endloop
endfacet
facet normal 0 0 1
outer loop
vertex 41.64799118041992 55.09897994995117 -0.5
vertex 41.58238220214844 55.05415725708008 -0.5
vertex 43.050193786621094 52.87712478637695 -0.5
endloop
endfacet
facet normal 0 0 1
outer loop
vertex 25.287038803100586 44.528831481933594 -0.5
vertex 24.10978126525879 47.402374267578125 -0.5
vertex 25.20461654663086 44.02402114868164 -0.5
endloop
endfacet
facet normal 0 0 1
outer loop
vertex 24.10978126525879 47.402374267578125 -0.5
vertex 25.218883514404297 43.512725830078125 -0.5
vertex 25.20461654663086 44.02402114868164 -0.5
endloop
endfacet
facet normal 0 0 1
outer loop
vertex 25.329328536987305 43.013301849365234 -0.5
vertex 24.10978126525879 47.402374267578125 -0.5
vertex 23.61815071105957 46.792362213134766 -0.5
endloop
endfacet
facet normal 0 0 1
outer loop
vertex 24.10978126525879 47.402374267578125 -0.5
vertex 25.329328536987305 43.013301849365234 -0.5
vertex 25.218883514404297 43.512725830078125 -0.5
endloop
endfacet
facet normal 0 0 1
outer loop
vertex 25.329328536987305 43.013301849365234 -0.5
vertex 22.39535903930664 45.09492111206055 -0.5
vertex 27.821880340576172 36.54383850097656 -0.5
endloop
endfacet
facet normal 0 0 1
outer loop
vertex 63.7127799987793 63.1595458984375 -0.5
vertex 64.83600616455078 63.56332015991211 -0.5
vertex 65.16301727294922 65.19692993164062 -0.5
endloop
endfacet
facet normal 0 0 1
outer loop
vertex 63.28816604614258 63.444725036621094 -0.5
vertex 63.7127799987793 63.1595458984375 -0.5
vertex 65.16301727294922 65.19692993164062 -0.5
endloop
endfacet
facet normal 0 0 1
outer loop
vertex 42.57493591308594 55.83572769165039 -0.5
vertex 41.64799118041992 55.09897994995117 -0.5
vertex 43.050193786621094 52.87712478637695 -0.5
endloop
endfacet
facet normal 0 0 1
outer loop
vertex 42.57493591308594 55.83572769165039 -0.5
vertex 43.050193786621094 52.87712478637695 -0.5
vertex 43.88499069213867 53.698081970214844 -0.5
endloop
endfacet
facet normal 0 0 1
outer loop
vertex 64.83600616455078 63.56332015991211 -0.5
vertex 63.7127799987793 63.1595458984375 -0.5
vertex 64.07598114013672 62.79939651489258 -0.5
endloop
endfacet
facet normal 0 0 1
outer loop
vertex 25.329328536987305 43.013301849365234 -0.5
vertex 23.61815071105957 46.792362213134766 -0.5
vertex 23.127084732055664 45.95203399658203 -0.5
endloop
endfacet
facet normal 0 0 1
outer loop
vertex 25.329328536987305 43.013301849365234 -0.5
vertex 23.127084732055664 45.95203399658203 -0.5
vertex 23.099767684936523 45.913021087646484 -0.5
endloop
endfacet
facet normal 0 0 1
outer loop
vertex 62.817386627197266 63.64470672607422 -0.5
vertex 63.28816604614258 63.444725036621094 -0.5
vertex 65.16301727294922 65.19692993164062 -0.5
endloop
endfacet
facet normal 0 0 1
outer loop
vertex 62.31733703613281 63.75230026245117 -0.5
vertex 62.817386627197266 63.64470672607422 -0.5
vertex 65.16301727294922 65.19692993164062 -0.5
endloop
endfacet
facet normal 0 0 1
outer loop
vertex -76.64972686767578 42.146888732910156 -0.5
vertex -76.65972900390625 42.07902145385742 -0.5
vertex -75.27554321289062 42.07886505126953 -0.5
endloop
endfacet
facet normal 0 0 1
outer loop
vertex -76.41625213623047 42.89282989501953 -0.5
vertex -76.64972686767578 42.146888732910156 -0.5
vertex -75.27554321289062 42.07886505126953 -0.5
endloop
endfacet
facet normal 0 0 1
outer loop
vertex 42.57493591308594 55.83572769165039 -0.5
vertex 43.88499069213867 53.698081970214844 -0.5
vertex 43.83103561401367 56.584434509277344 -0.5
endloop
endfacet
facet normal 0 0 1
outer loop
vertex 43.88499069213867 53.698081970214844 -0.5
vertex 44.31600570678711 53.97349166870117 -0.5
vertex 43.83103561401367 56.584434509277344 -0.5
endloop
endfacet
facet normal 0 0 1
outer loop
vertex 44.31600570678711 53.97349166870117 -0.5
vertex 44.6549186706543 54.11839294433594 -0.5
vertex 43.83103561401367 56.584434509277344 -0.5
endloop
endfacet
facet normal 0 0 1
outer loop
vertex 61.80596923828125 63.76365280151367 -0.5
vertex 62.31733703613281 63.75230026245117 -0.5
vertex 65.16301727294922 65.19692993164062 -0.5
endloop
endfacet
facet normal 0 0 1
outer loop
vertex 58.086421966552734 -68.69422149658203 -0.5
vertex 58.24863052368164 -68.80260467529297 -0.5
vertex 61.872337341308594 -63.816463470458984 -0.5
endloop
endfacet
facet normal 0 0 1
outer loop
vertex -75.27554321289062 42.07886505126953 -0.5
vertex -76.0323257446289 43.662837982177734 -0.5
vertex -76.41625213623047 42.89282989501953 -0.5
endloop
endfacet
facet normal 0 0 1
outer loop
vertex -74.01727294921875 42.145408630371094 -0.5
vertex -75.57844543457031 44.29917907714844 -0.5
vertex -76.0323257446289 43.662837982177734 -0.5
endloop
endfacet
facet normal 0 0 1
outer loop
vertex -74.19557189941406 41.66599655151367 -0.5
vertex -76.0323257446289 43.662837982177734 -0.5
vertex -74.2802505493164 41.161563873291016 -0.5
endloop
endfacet
facet normal 0 0 1
outer loop
vertex -74.19557189941406 41.66599655151367 -0.5
vertex -74.01727294921875 42.145408630371094 -0.5
vertex -76.0323257446289 43.662837982177734 -0.5
endloop
endfacet
facet normal 0 0 1
outer loop
vertex -74.01727294921875 42.145408630371094 -0.5
vertex -73.75174713134766 42.582584381103516 -0.5
vertex -75.57844543457031 44.29917907714844 -0.5
endloop
endfacet
facet normal 0 0 1
outer loop
vertex -73.75174713134766 42.582584381103516 -0.5
vertex -73.40853881835938 42.96183776855469 -0.5
vertex -75.57844543457031 44.29917907714844 -0.5
endloop
endfacet
facet normal 0 0 1
outer loop
vertex -73.40853881835938 42.96183776855469 -0.5
vertex -74.97408294677734 44.91160202026367 -0.5
vertex -75.57844543457031 44.29917907714844 -0.5
endloop
endfacet
facet normal 0 0 1
outer loop
vertex -73.40853881835938 42.96183776855469 -0.5
vertex -74.34481048583984 45.37522888183594 -0.5
vertex -74.97408294677734 44.91160202026367 -0.5
endloop
endfacet
facet normal 0 0 1
outer loop
vertex -73.40853881835938 42.96183776855469 -0.5
vertex -72.99996185302734 43.26955032348633 -0.5
vertex -74.34481048583984 45.37522888183594 -0.5
endloop
endfacet
facet normal 0 0 1
outer loop
vertex -72.99996185302734 43.26955032348633 -0.5
vertex -73.5799560546875 45.76932907104492 -0.5
vertex -74.34481048583984 45.37522888183594 -0.5
endloop
endfacet
facet normal 0 0 1
outer loop
vertex -72.99996185302734 43.26955032348633 -0.5
vertex -72.5406723022461 43.49467849731445 -0.5
vertex -73.5799560546875 45.76932907104492 -0.5
endloop
endfacet
facet normal 0 0 1
outer loop
vertex -72.5406723022461 43.49467849731445 -0.5
vertex -72.8377456665039 46.01425552368164 -0.5
vertex -73.5799560546875 45.76932907104492 -0.5
endloop
endfacet
facet normal 0 0 1
outer loop
vertex -72.5406723022461 43.49467849731445 -0.5
vertex -72.04717254638672 43.62914276123047 -0.5
vertex -71.97709655761719 46.15260314941406 -0.5
endloop
endfacet
facet normal 0 0 1
outer loop
vertex -72.5406723022461 43.49467849731445 -0.5
vertex -71.97709655761719 46.15260314941406 -0.5
vertex -72.8377456665039 46.01425552368164 -0.5
endloop
endfacet
facet normal 0 0 1
outer loop
vertex 25.329328536987305 43.013301849365234 -0.5
vertex 23.099767684936523 45.913021087646484 -0.5
vertex 22.828458786010742 45.536231994628906 -0.5
endloop
endfacet
facet normal 0 0 1
outer loop
vertex 25.329328536987305 43.013301849365234 -0.5
vertex 22.828458786010742 45.536231994628906 -0.5
vertex 22.77867889404297 45.47736358642578 -0.5
endloop
endfacet
facet normal 0 0 1
outer loop
vertex 25.329328536987305 43.013301849365234 -0.5
vertex 22.77867889404297 45.47736358642578 -0.5
vertex 22.452478408813477 45.146949768066406 -0.5
endloop
endfacet
facet normal 0 0 1
outer loop
vertex 25.329328536987305 43.013301849365234 -0.5
vertex 22.452478408813477 45.146949768066406 -0.5
vertex 22.39535903930664 45.09492111206055 -0.5
endloop
endfacet
facet normal 0 0 1
outer loop
vertex 22.39535903930664 45.09492111206055 -0.5
vertex 22.02208137512207 44.81880187988281 -0.5
vertex 27.821880340576172 36.54383850097656 -0.5
endloop
endfacet
facet normal 0 0 1
outer loop
vertex 22.02208137512207 44.81880187988281 -0.5
vertex 21.955852508544922 44.77895736694336 -0.5
vertex 27.821880340576172 36.54383850097656 -0.5
endloop
endfacet
facet normal 0 0 1
outer loop
vertex -72.04717254638672 43.62914276123047 -0.5
vertex -71.56765747070312 46.16883850097656 -0.5
vertex -71.97709655761719 46.15260314941406 -0.5
endloop
endfacet
facet normal 0 0 1
outer loop
vertex 20.079238891601562 42.0857048034668 -0.5
vertex 21.955852508544922 44.77895736694336 -0.5
vertex 21.544437408447266 44.56373977661133 -0.5
endloop
endfacet
facet normal 0 0 1
outer loop
vertex 20.079238891601562 42.0857048034668 -0.5
vertex 21.544437408447266 44.56373977661133 -0.5
vertex 21.473669052124023 44.53285598754883 -0.5
endloop
endfacet
facet normal 0 0 1
outer loop
vertex 21.473669052124023 44.53285598754883 -0.5
vertex 21.034242630004883 44.382904052734375 -0.5
vertex 20.079238891601562 42.0857048034668 -0.5
endloop
endfacet
facet normal 0 0 1
outer loop
vertex 21.034242630004883 44.382904052734375 -0.5
vertex 20.959238052368164 44.3638916015625 -0.5
vertex 20.079238891601562 42.0857048034668 -0.5
endloop
endfacet
facet normal 0 0 1
outer loop
vertex 44.6549186706543 54.11839294433594 -0.5
vertex 59.68793487548828 65.72589111328125 -0.5
vertex 43.83103561401367 56.584434509277344 -0.5
endloop
endfacet
facet normal 0 0 1
outer loop
vertex 20.959238052368164 44.3638916015625 -0.5
vertex 20.501792907714844 44.28437042236328 -0.5
vertex 20.079238891601562 42.0857048034668 -0.5
endloop
endfacet
facet normal 0 0 1
outer loop
vertex 20.424760818481445 44.27762985229492 -0.5
vertex 19.96052360534668 44.26964569091797 -0.5
vertex 18.316665649414062 43.84827423095703 -0.5
endloop
endfacet
facet normal 0 0 1
outer loop
vertex 19.96052360534668 44.26964569091797 -0.5
vertex 19.883464813232422 44.27488708496094 -0.5
vertex 18.316665649414062 43.84827423095703 -0.5
endloop
endfacet
facet normal 0 0 1
outer loop
vertex 20.501792907714844 44.28437042236328 -0.5
vertex 20.424760818481445 44.27762985229492 -0.5
vertex 20.079238891601562 42.0857048034668 -0.5
endloop
endfacet
facet normal 0 0 1
outer loop
vertex 20.424760818481445 44.27762985229492 -0.5
vertex 18.316665649414062 43.84827423095703 -0.5
vertex 20.079238891601562 42.0857048034668 -0.5
endloop
endfacet
facet normal 0 0 1
outer loop
vertex 20.079238891601562 42.0857048034668 -0.5
vertex 21.50896644592285 40.04383850097656 -0.5
vertex 21.955852508544922 44.77895736694336 -0.5
endloop
endfacet
facet normal 0 0 1
outer loop
vertex -11.98743724822998 -64.40615844726562 -0.5
vertex -58.547340393066406 -65.40615844726562 -0.5
vertex -3.1694397926330566 -66.61085510253906 -0.5
endloop
endfacet
facet normal 0 0 1
outer loop
vertex 59.68793487548828 65.72589111328125 -0.5
vertex 44.6549186706543 54.11839294433594 -0.5
vertex 60.82244873046875 63.49946594238281 -0.5
endloop
endfacet
facet normal 0 0 1
outer loop
vertex -72.04717254638672 43.62914276123047 -0.5
vertex -33.263858795166016 46.157081604003906 -0.5
vertex -71.56765747070312 46.16883850097656 -0.5
endloop
endfacet
facet normal 0 0 1
outer loop
vertex -33.263858795166016 46.157081604003906 -0.5
vertex -72.04717254638672 43.62914276123047 -0.5
vertex -33.39467239379883 43.66169357299805 -0.5
endloop
endfacet
facet normal 0 0 1
outer loop
vertex -2.3841001987457275 24.49384117126465 -0.5
vertex -6.675196170806885 24.49384117126465 -0.5
vertex -6.675196170806885 17.543840408325195 -0.5
endloop
endfacet
facet normal 0 0 1
outer loop
vertex 1.7139267921447754 20.692344665527344 -0.5
vertex -6.675196170806885 17.543840408325195 -0.5
vertex 1.7125624418258667 17.543840408325195 -0.5
endloop
endfacet
facet normal 0 0 1
outer loop
vertex -1.8296318054199219 23.701976776123047 -0.5
vertex -6.675196170806885 17.543840408325195 -0.5
vertex -0.06705905497074127 21.93940544128418 -0.5
endloop
endfacet
facet normal 0 0 1
outer loop
vertex -1.8296318054199219 23.701976776123047 -0.5
vertex -2.3841001987457275 24.49384117126465 -0.5
vertex -6.675196170806885 17.543840408325195 -0.5
endloop
endfacet
facet normal 0 0 1
outer loop
vertex -6.675196170806885 17.543840408325195 -0.5
vertex 1.7139267921447754 20.692344665527344 -0.5
vertex -0.06705905497074127 21.93940544128418 -0.5
endloop
endfacet
facet normal 0 0 1
outer loop
vertex 27.892921447753906 36.649166107177734 -0.5
vertex 25.329328536987305 43.013301849365234 -0.5
vertex 27.821880340576172 36.54383850097656 -0.5
endloop
endfacet
facet normal 0 0 1
outer loop
vertex 22.562408447265625 37.78472900390625 -0.5
vertex 22.8949031829834 36.54383850097656 -0.5
vertex 27.821880340576172 36.54383850097656 -0.5
endloop
endfacet
facet normal 0 0 1
outer loop
vertex 21.50896644592285 40.04383850097656 -0.5
vertex 27.821880340576172 36.54383850097656 -0.5
vertex 21.955852508544922 44.77895736694336 -0.5
endloop
endfacet
facet normal 0 0 1
outer loop
vertex 21.50896644592285 40.04383850097656 -0.5
vertex 22.562408447265625 37.78472900390625 -0.5
vertex 27.821880340576172 36.54383850097656 -0.5
endloop
endfacet
facet normal 0 0 1
outer loop
vertex -30.927093505859375 41.42861557006836 -0.5
vertex -30.88739585876465 38.91883850097656 -0.5
vertex -28.700393676757812 38.91789245605469 -0.5
endloop
endfacet
facet normal 0 0 1
outer loop
vertex -32.40934753417969 46.03116989135742 -0.5
vertex -33.39467239379883 43.66169357299805 -0.5
vertex -32.89023971557617 43.5770149230957 -0.5
endloop
endfacet
facet normal 0 0 1
outer loop
vertex -30.89339828491211 45.41376876831055 -0.5
vertex -32.89023971557617 43.5770149230957 -0.5
vertex -32.41082763671875 43.39871597290039 -0.5
endloop
endfacet
facet normal 0 0 1
outer loop
vertex -30.25705909729004 44.95988845825195 -0.5
vertex -32.41082763671875 43.39871597290039 -0.5
vertex -31.973649978637695 43.13319396972656 -0.5
endloop
endfacet
facet normal 0 0 1
outer loop
vertex -28.700393676757812 38.91789245605469 -0.5
vertex -31.06155776977539 41.922119140625 -0.5
vertex -30.927093505859375 41.42861557006836 -0.5
endloop
endfacet
facet normal 0 0 1
outer loop
vertex -28.700393676757812 38.91789245605469 -0.5
vertex -29.644636154174805 44.355525970458984 -0.5
vertex -31.06155776977539 41.922119140625 -0.5
endloop
endfacet
facet normal 0 0 1
outer loop
vertex 16.274803161621094 45.27800369262695 -0.5
vertex 18.413311004638672 44.718467712402344 -0.5
vertex 18.347078323364258 44.75679397583008 -0.5
endloop
endfacet
facet normal 0 0 1
outer loop
vertex 17.86787223815918 45.08330154418945 -0.5
vertex 16.274803161621094 45.27800369262695 -0.5
vertex 18.347078323364258 44.75679397583008 -0.5
endloop
endfacet
facet normal 0 0 1
outer loop
vertex -29.174497604370117 43.71742248535156 -0.5
vertex -29.644636154174805 44.355525970458984 -0.5
vertex -28.700393676757812 38.91789245605469 -0.5
endloop
endfacet
facet normal 0 0 1
outer loop
vertex -29.644636154174805 44.355525970458984 -0.5
vertex -31.594398498535156 42.789981842041016 -0.5
vertex -31.286685943603516 42.381404876708984 -0.5
endloop
endfacet
facet normal 0 0 1
outer loop
vertex -29.644636154174805 44.355525970458984 -0.5
vertex -31.973649978637695 43.13319396972656 -0.5
vertex -31.594398498535156 42.789981842041016 -0.5
endloop
endfacet
facet normal 0 0 1
outer loop
vertex -29.644636154174805 44.355525970458984 -0.5
vertex -31.286685943603516 42.381404876708984 -0.5
vertex -31.06155776977539 41.922119140625 -0.5
endloop
endfacet
facet normal 0 0 1
outer loop
vertex -30.25705909729004 44.95988845825195 -0.5
vertex -30.89339828491211 45.41376876831055 -0.5
vertex -32.41082763671875 43.39871597290039 -0.5
endloop
endfacet
facet normal 0 0 1
outer loop
vertex -29.644636154174805 44.355525970458984 -0.5
vertex -30.25705909729004 44.95988845825195 -0.5
vertex -31.973649978637695 43.13319396972656 -0.5
endloop
endfacet
facet normal 0 0 1
outer loop
vertex -32.40934753417969 46.03116989135742 -0.5
vertex -33.263858795166016 46.157081604003906 -0.5
vertex -33.39467239379883 43.66169357299805 -0.5
endloop
endfacet
facet normal 0 0 1
outer loop
vertex -31.663408279418945 45.797698974609375 -0.5
vertex -32.40934753417969 46.03116989135742 -0.5
vertex -32.89023971557617 43.5770149230957 -0.5
endloop
endfacet
facet normal 0 0 1
outer loop
vertex -30.89339828491211 45.41376876831055 -0.5
vertex -31.663408279418945 45.797698974609375 -0.5
vertex -32.89023971557617 43.5770149230957 -0.5
endloop
endfacet
facet normal 0 0 1
outer loop
vertex 17.86787223815918 45.08330154418945 -0.5
vertex 16.022180557250977 46.2143440246582 -0.5
vertex 16.274803161621094 45.27800369262695 -0.5
endloop
endfacet
facet normal 0 0 1
outer loop
vertex 16.022180557250977 46.2143440246582 -0.5
vertex 15.847142219543457 46.303531646728516 -0.5
vertex 16.274803161621094 45.27800369262695 -0.5
endloop
endfacet
facet normal 0 0 1
outer loop
vertex -18.35599708557129 41.48823165893555 -0.5
vertex -28.700393676757812 38.91789245605469 -0.5
vertex -14.394673347473145 38.91169357299805 -0.5
endloop
endfacet
facet normal 0 0 1
outer loop
vertex -28.700393676757812 38.91789245605469 -0.5
vertex -28.449983596801758 42.594505310058594 -0.5
vertex -28.734844207763672 42.961158752441406 -0.5
endloop
endfacet
facet normal 0 0 1
outer loop
vertex 14.015691757202148 46.331443786621094 -0.5
vertex 16.274803161621094 45.27800369262695 -0.5
vertex 15.847142219543457 46.303531646728516 -0.5
endloop
endfacet
facet normal 0 0 1
outer loop
vertex -28.700393676757812 38.91789245605469 -0.5
vertex -28.39778709411621 42.53768539428711 -0.5
vertex -28.449983596801758 42.594505310058594 -0.5
endloop
endfacet
facet normal 0 0 1
outer loop
vertex -27.616485595703125 41.908836364746094 -0.5
vertex -27.99957847595215 42.171173095703125 -0.5
vertex -28.700393676757812 38.91789245605469 -0.5
endloop
endfacet
facet normal 0 0 1
outer loop
vertex -28.700393676757812 38.91789245605469 -0.5
vertex -27.549694061279297 41.870338439941406 -0.5
vertex -27.616485595703125 41.908836364746094 -0.5
endloop
endfacet
facet normal 0 0 1
outer loop
vertex -28.059762954711914 42.21937942504883 -0.5
vertex -28.39778709411621 42.53768539428711 -0.5
vertex -28.700393676757812 38.91789245605469 -0.5
endloop
endfacet
facet normal 0 0 1
outer loop
vertex -27.99957847595215 42.171173095703125 -0.5
vertex -28.059762954711914 42.21937942504883 -0.5
vertex -28.700393676757812 38.91789245605469 -0.5
endloop
endfacet
facet normal 0 0 1
outer loop
vertex -28.700393676757812 38.91789245605469 -0.5
vertex -28.734844207763672 42.961158752441406 -0.5
vertex -28.775066375732422 43.018924713134766 -0.5
endloop
endfacet
facet normal 0 0 1
outer loop
vertex 19.883464813232422 44.27488708496094 -0.5
vertex 19.423555374145508 44.33863067626953 -0.5
vertex 18.316665649414062 43.84827423095703 -0.5
endloop
endfacet
facet normal 0 0 1
outer loop
vertex 19.423555374145508 44.33863067626953 -0.5
vertex 19.347782135009766 44.35390090942383 -0.5
vertex 18.316665649414062 43.84827423095703 -0.5
endloop
endfacet
facet normal 0 0 1
outer loop
vertex 18.903217315673828 44.48784637451172 -0.5
vertex 18.316665649414062 43.84827423095703 -0.5
vertex 19.347782135009766 44.35390090942383 -0.5
endloop
endfacet
facet normal 0 0 1
outer loop
vertex 18.83188247680664 44.51752471923828 -0.5
vertex 18.316665649414062 43.84827423095703 -0.5
vertex 18.903217315673828 44.48784637451172 -0.5
endloop
endfacet
facet normal 0 0 1
outer loop
vertex -75.2779541015625 20.65198516845703 -0.5
vertex -74.25865173339844 -63.60484313964844 -0.5
vertex -75.2778549194336 21.57886505126953 -0.5
endloop
endfacet
facet normal 0 0 1
outer loop
vertex 58.24863052368164 -68.80260467529297 -0.5
vertex 58.357017517089844 -68.9648208618164 -0.5
vertex 61.872337341308594 -63.816463470458984 -0.5
endloop
endfacet
facet normal 0 0 1
outer loop
vertex 58.357017517089844 -68.9648208618164 -0.5
vertex 58.39508056640625 -69.15615844726562 -0.5
vertex 61.872337341308594 -63.816463470458984 -0.5
endloop
endfacet
facet normal 0 0 1
outer loop
vertex 58.39508056640625 -69.15615844726562 -0.5
vertex 58.39508056640625 -70.15615844726562 -0.5
vertex 61.551544189453125 -71.3532943725586 -0.5
endloop
endfacet
facet normal 0 0 1
outer loop
vertex -74.25865173339844 -63.60484313964844 -0.5
vertex -75.2779541015625 20.65198516845703 -0.5
vertex -75.2802734375 0.15198621153831482 -0.5
endloop
endfacet
facet normal 0 0 1
outer loop
vertex 63.72312927246094 65.97539520263672 -0.5
vertex 59.68793487548828 65.72589111328125 -0.5
vertex 64.43928527832031 65.66226196289062 -0.5
endloop
endfacet
facet normal 0 0 1
outer loop
vertex 65.10848236083984 -67.09368133544922 -0.5
vertex 63.5769157409668 -62.76990509033203 -0.5
vertex 63.233707427978516 -63.1491584777832 -0.5
endloop
endfacet
facet normal 0 0 1
outer loop
vertex 59.68793487548828 65.72589111328125 -0.5
vertex 63.72312927246094 65.97539520263672 -0.5
vertex 62.89057159423828 66.19257354736328 -0.5
endloop
endfacet
facet normal 0 0 1
outer loop
vertex -75.2803726196289 -0.7748931050300598 -0.5
vertex -74.25865173339844 -63.60484313964844 -0.5
vertex -75.2802734375 0.15198621153831482 -0.5
endloop
endfacet
facet normal 0 0 1
outer loop
vertex -75.28268432617188 -21.274892807006836 -0.5
vertex -76.78268432617188 -21.274723052978516 -0.5
vertex -75.28279113769531 -22.201772689819336 -0.5
endloop
endfacet
facet normal 0 0 1
outer loop
vertex 59.68793487548828 65.72589111328125 -0.5
vertex 62.89057159423828 66.19257354736328 -0.5
vertex 62.112545013427734 66.2674560546875 -0.5
endloop
endfacet
facet normal 0 0 1
outer loop
vertex 65.10848236083984 -67.09368133544922 -0.5
vertex 63.842437744140625 -62.33272933959961 -0.5
vertex 63.5769157409668 -62.76990509033203 -0.5
endloop
endfacet
facet normal 0 0 1
outer loop
vertex 64.02073669433594 -61.85331726074219 -0.5
vertex 63.842437744140625 -62.33272933959961 -0.5
vertex 65.10848236083984 -67.09368133544922 -0.5
endloop
endfacet
facet normal 0 0 1
outer loop
vertex -76.78279113769531 -22.201602935791016 -0.5
vertex -75.28279113769531 -22.201772689819336 -0.5
vertex -76.78268432617188 -21.274723052978516 -0.5
endloop
endfacet
facet normal 0 0 1
outer loop
vertex 64.02073669433594 -61.85331726074219 -0.5
vertex 65.10848236083984 -67.09368133544922 -0.5
vertex 64.10541534423828 -61.34888458251953 -0.5
endloop
endfacet
facet normal 0 0 1
outer loop
vertex -75.28268432617188 -21.274892807006836 -0.5
vertex -74.25865173339844 -63.60484313964844 -0.5
vertex -75.2803726196289 -0.7748931050300598 -0.5
endloop
endfacet
facet normal 0 0 1
outer loop
vertex 61.80596923828125 63.76365280151367 -0.5
vertex 65.16301727294922 65.19692993164062 -0.5
vertex 59.68793487548828 65.72589111328125 -0.5
endloop
endfacet
facet normal 0 0 1
outer loop
vertex 61.25373077392578 66.2149429321289 -0.5
vertex 60.490997314453125 66.04415130615234 -0.5
vertex 62.112545013427734 66.2674560546875 -0.5
endloop
endfacet
facet normal 0 0 1
outer loop
vertex 60.490997314453125 66.04415130615234 -0.5
vertex 59.68793487548828 65.72589111328125 -0.5
vertex 62.112545013427734 66.2674560546875 -0.5
endloop
endfacet
facet normal 0 0 1
outer loop
vertex -75.28279113769531 -22.201772689819336 -0.5
vertex -74.25865173339844 -63.60484313964844 -0.5
vertex -75.28268432617188 -21.274892807006836 -0.5
endloop
endfacet
facet normal 0 0 1
outer loop
vertex 61.301639556884766 63.6783561706543 -0.5
vertex 61.80596923828125 63.76365280151367 -0.5
vertex 59.68793487548828 65.72589111328125 -0.5
endloop
endfacet
facet normal 0 0 1
outer loop
vertex 60.82244873046875 63.49946594238281 -0.5
vertex 61.301639556884766 63.6783561706543 -0.5
vertex 59.68793487548828 65.72589111328125 -0.5
endloop
endfacet
facet normal 0 0 1
outer loop
vertex 65.11917877197266 34.716636657714844 -0.5
vertex 63.02630615234375 36.00819396972656 -0.5
vertex 63.40555953979492 35.664981842041016 -0.5
endloop
endfacet
facet normal 0 0 1
outer loop
vertex 65.11917877197266 34.716636657714844 -0.5
vertex 62.67440414428711 36.402305603027344 -0.5
vertex 63.02630615234375 36.00819396972656 -0.5
endloop
endfacet
facet normal 0 0 1
outer loop
vertex 63.93840026855469 34.797119140625 -0.5
vertex 64.07286071777344 34.30361557006836 -0.5
vertex 65.11917877197266 34.716636657714844 -0.5
endloop
endfacet
facet normal 0 0 1
outer loop
vertex 63.71327209472656 35.256404876708984 -0.5
vertex 63.93840026855469 34.797119140625 -0.5
vertex 65.11917877197266 34.716636657714844 -0.5
endloop
endfacet
facet normal 0 0 1
outer loop
vertex 63.71327209472656 35.256404876708984 -0.5
vertex 65.11917877197266 34.716636657714844 -0.5
vertex 63.40555953979492 35.664981842041016 -0.5
endloop
endfacet
facet normal 0 0 1
outer loop
vertex 62.67440414428711 36.402305603027344 -0.5
vertex 65.11917877197266 34.716636657714844 -0.5
vertex 66.75172424316406 34.71646499633789 -0.5
endloop
endfacet
facet normal 0 0 1
outer loop
vertex 58.39508056640625 -70.15615844726562 -0.5
vertex 58.357017517089844 -70.34750366210938 -0.5
vertex 61.551544189453125 -71.3532943725586 -0.5
endloop
endfacet
facet normal 0 0 1
outer loop
vertex 58.357017517089844 -70.34750366210938 -0.5
vertex 58.24863052368164 -70.50971221923828 -0.5
vertex 61.551544189453125 -71.3532943725586 -0.5
endloop
endfacet
facet normal 0 0 1
outer loop
vertex 65.10848236083984 -67.09368133544922 -0.5
vertex 64.07286071777344 34.30361557006836 -0.5
vertex 64.10541534423828 -61.34888458251953 -0.5
endloop
endfacet
facet normal 0 0 1
outer loop
vertex 58.24863052368164 -70.50971221923828 -0.5
vertex 58.086421966552734 -70.61810302734375 -0.5
vertex 61.551544189453125 -71.3532943725586 -0.5
endloop
endfacet
facet normal 0 0 1
outer loop
vertex -58.547340393066406 -65.40615844726562 -0.5
vertex -58.58539962768555 -65.59750366210938 -0.5
vertex -3.1694397926330566 -66.61085510253906 -0.5
endloop
endfacet
facet normal 0 0 1
outer loop
vertex -58.58539962768555 -65.59750366210938 -0.5
vertex -58.69378662109375 -65.75971221923828 -0.5
vertex -3.1694397926330566 -66.61085510253906 -0.5
endloop
endfacet
facet normal 0 0 1
outer loop
vertex -58.69378662109375 -65.75971221923828 -0.5
vertex -58.85599899291992 -65.86810302734375 -0.5
vertex -3.1694397926330566 -66.61085510253906 -0.5
endloop
endfacet
facet normal 0 0 1
outer loop
vertex -58.85599899291992 -65.86810302734375 -0.5
vertex -60.047340393066406 -66.59371185302734 -0.5
vertex -3.1694397926330566 -66.61085510253906 -0.5
endloop
endfacet
facet normal 0 0 1
outer loop
vertex -11.98743724822998 -64.40615844726562 -0.5
vertex -58.547340393066406 -64.40615844726562 -0.5
vertex -58.547340393066406 -65.40615844726562 -0.5
endloop
endfacet
facet normal 0 0 1
outer loop
vertex 65.10848236083984 -67.09368133544922 -0.5
vertex 65.1106185913086 -46.7661018371582 -0.5
vertex 64.07286071777344 34.30361557006836 -0.5
endloop
endfacet
facet normal 0 0 1
outer loop
vertex 62.67440414428711 36.402305603027344 -0.5
vertex 66.75172424316406 34.71646499633789 -0.5
vertex 66.8455810546875 35.01628494262695 -0.5
endloop
endfacet
facet normal 0 0 1
outer loop
vertex 62.67440414428711 36.402305603027344 -0.5
vertex 66.8455810546875 35.01628494262695 -0.5
vertex 66.87413024902344 35.08792495727539 -0.5
endloop
endfacet
facet normal 0 0 1
outer loop
vertex 46.39508056640625 -69.15615844726562 -0.5
vertex 46.43313980102539 -68.9648208618164 -0.5
vertex 26.547454833984375 -63.85615921020508 -0.5
endloop
endfacet
facet normal 0 0 1
outer loop
vertex 62.67440414428711 36.402305603027344 -0.5
vertex 67.07747650146484 35.50533676147461 -0.5
vertex 67.11656951904297 35.5717887878418 -0.5
endloop
endfacet
facet normal 0 0 1
outer loop
vertex 62.67440414428711 36.402305603027344 -0.5
vertex 67.11656951904297 35.5717887878418 -0.5
vertex 67.38032531738281 35.95390701293945 -0.5
endloop
endfacet
facet normal 0 0 1
outer loop
vertex 67.38032531738281 35.95390701293945 -0.5
vertex 67.43061065673828 36.0125732421875 -0.5
vertex 62.67440414428711 36.402305603027344 -0.5
endloop
endfacet
facet normal 0 0 1
outer loop
vertex -75.28510284423828 -42.7017707824707 -0.5
vertex -74.25865173339844 -63.60484313964844 -0.5
vertex -75.28279113769531 -22.201772689819336 -0.5
endloop
endfacet
facet normal 0 0 1
outer loop
vertex 58.086421966552734 -70.61810302734375 -0.5
vertex 56.89508056640625 -71.35320281982422 -0.5
vertex 61.551544189453125 -71.3532943725586 -0.5
endloop
endfacet
facet normal 0 0 1
outer loop
vertex -75.28510284423828 -42.7017707824707 -0.5
vertex -76.78510284423828 -42.701602935791016 -0.5
vertex -75.28520965576172 -43.6286506652832 -0.5
endloop
endfacet
facet normal 0 0 1
outer loop
vertex 64.07286071777344 34.30361557006836 -0.5
vertex 65.1106185913086 -46.7661018371582 -0.5
vertex 65.11275482177734 -26.438520431518555 -0.5
endloop
endfacet
facet normal 0 0 1
outer loop
vertex 46.7037353515625 -68.69422149658203 -0.5
vertex 58.086421966552734 -68.69422149658203 -0.5
vertex 61.872337341308594 -63.816463470458984 -0.5
endloop
endfacet
facet normal 0 0 1
outer loop
vertex 58.086421966552734 -70.61810302734375 -0.5
vertex 52.79507827758789 -70.65615844726562 -0.5
vertex 56.89508056640625 -71.35320281982422 -0.5
endloop
endfacet
facet normal 0 0 1
outer loop
vertex -76.78520965576172 -43.628482818603516 -0.5
vertex -75.28520965576172 -43.6286506652832 -0.5
vertex -76.78510284423828 -42.701602935791016 -0.5
endloop
endfacet
facet normal 0 0 1
outer loop
vertex 56.39508056640625 -72.28436279296875 -0.5
vertex 56.89508056640625 -71.93425750732422 -0.5
vertex 56.89508056640625 -71.35320281982422 -0.5
endloop
endfacet
facet normal 0 0 1
outer loop
vertex -75.28520965576172 -43.6286506652832 -0.5
vertex -74.25865173339844 -63.60484313964844 -0.5
vertex -75.28510284423828 -42.7017707824707 -0.5
endloop
endfacet
facet normal 0 0 1
outer loop
vertex 52.79507827758789 -70.65615844726562 -0.5
vertex 56.39508056640625 -72.28436279296875 -0.5
vertex 56.89508056640625 -71.35320281982422 -0.5
endloop
endfacet
facet normal 0 0 1
outer loop
vertex 52.79507827758789 -70.65615844726562 -0.5
vertex 55.13124084472656 -72.87370300292969 -0.5
vertex 56.39508056640625 -72.28436279296875 -0.5
endloop
endfacet
facet normal 0 0 1
outer loop
vertex 52.79507827758789 -70.65615844726562 -0.5
vertex 53.784263610839844 -73.234619140625 -0.5
vertex 55.13124084472656 -72.87370300292969 -0.5
endloop
endfacet
facet normal 0 0 1
outer loop
vertex 62.67440414428711 36.402305603027344 -0.5
vertex 62.652976989746094 36.24093246459961 -0.5
vertex 63.02630615234375 36.00819396972656 -0.5
endloop
endfacet
facet normal 0 0 1
outer loop
vertex 62.67440414428711 36.402305603027344 -0.5
vertex 67.43061065673828 36.0125732421875 -0.5
vertex 67.75154876708984 36.34810256958008 -0.5
endloop
endfacet
facet normal 0 0 1
outer loop
vertex 62.67440414428711 36.402305603027344 -0.5
vertex 67.75154876708984 36.34810256958008 -0.5
vertex 67.79019165039062 36.38674545288086 -0.5
endloop
endfacet
facet normal 0 0 1
outer loop
vertex 67.79019165039062 36.38674545288086 -0.5
vertex 68.17767333984375 36.68177032470703 -0.5
vertex 62.67440414428711 36.402305603027344 -0.5
endloop
endfacet
facet normal 0 0 1
outer loop
vertex 68.17767333984375 36.68177032470703 -0.5
vertex 68.23020935058594 36.71855545043945 -0.5
vertex 62.67440414428711 36.402305603027344 -0.5
endloop
endfacet
facet normal 0 0 1
outer loop
vertex -60.547340393066406 -67.53436279296875 -0.5
vertex -60.047340393066406 -67.18425750732422 -0.5
vertex -60.047340393066406 -66.59371185302734 -0.5
endloop
endfacet
facet normal 0 0 1
outer loop
vertex -28.775066375732422 43.018924713134766 -0.5
vertex -29.174497604370117 43.71742248535156 -0.5
vertex -28.700393676757812 38.91789245605469 -0.5
endloop
endfacet
facet normal 0 0 1
outer loop
vertex -28.700393676757812 38.91789245605469 -0.5
vertex -27.0588321685791 41.64234161376953 -0.5
vertex -27.130708694458008 41.670257568359375 -0.5
endloop
endfacet
facet normal 0 0 1
outer loop
vertex -28.700393676757812 38.91789245605469 -0.5
vertex -27.130708694458008 41.670257568359375 -0.5
vertex -27.549694061279297 41.870338439941406 -0.5
endloop
endfacet
facet normal 0 0 1
outer loop
vertex 16.274803161621094 45.27800369262695 -0.5
vertex 18.83188247680664 44.51752471923828 -0.5
vertex 18.413311004638672 44.718467712402344 -0.5
endloop
endfacet
facet normal 0 0 1
outer loop
vertex -58.85599899291992 -65.86810302734375 -0.5
vertex -64.1473388671875 -65.90615844726562 -0.5
vertex -60.047340393066406 -66.59371185302734 -0.5
endloop
endfacet
facet normal 0 0 1
outer loop
vertex -64.1473388671875 -65.90615844726562 -0.5
vertex -60.547340393066406 -67.53436279296875 -0.5
vertex -60.047340393066406 -66.59371185302734 -0.5
endloop
endfacet
facet normal 0 0 1
outer loop
vertex 16.274803161621094 45.27800369262695 -0.5
vertex 18.316665649414062 43.84827423095703 -0.5
vertex 18.83188247680664 44.51752471923828 -0.5
endloop
endfacet
facet normal 0 0 1
outer loop
vertex -64.1473388671875 -65.90615844726562 -0.5
vertex -61.811180114746094 -68.12370300292969 -0.5
vertex -60.547340393066406 -67.53436279296875 -0.5
endloop
endfacet
facet normal 0 0 1
outer loop
vertex -28.700393676757812 38.91789245605469 -0.5
vertex -26.61399269104004 41.509307861328125 -0.5
vertex -27.0588321685791 41.64234161376953 -0.5
endloop
endfacet
facet normal 0 0 1
outer loop
vertex -28.700393676757812 38.91789245605469 -0.5
vertex -26.538665771484375 41.49262237548828 -0.5
vertex -26.61399269104004 41.509307861328125 -0.5
endloop
endfacet
facet normal 0 0 1
outer loop
vertex -28.700393676757812 38.91789245605469 -0.5
vertex -26.07862663269043 41.4298210144043 -0.5
vertex -26.538665771484375 41.49262237548828 -0.5
endloop
endfacet
facet normal 0 0 1
outer loop
vertex 11.607973098754883 46.976593017578125 -0.5
vertex 13.853476524353027 47.12933349609375 -0.5
vertex 13.666641235351562 47.190040588378906 -0.5
endloop
endfacet
facet normal 0 0 1
outer loop
vertex -28.700393676757812 38.91789245605469 -0.5
vertex -26.011253356933594 41.423927307128906 -0.5
vertex -26.07862663269043 41.4298210144043 -0.5
endloop
endfacet
facet normal 0 0 1
outer loop
vertex 11.607973098754883 46.976593017578125 -0.5
vertex 13.666641235351562 47.190040588378906 -0.5
vertex 11.568336486816406 47.69379806518555 -0.5
endloop
endfacet
facet normal 0 0 1
outer loop
vertex -28.700393676757812 38.91789245605469 -0.5
vertex -18.880699157714844 41.422847747802734 -0.5
vertex -26.011253356933594 41.423927307128906 -0.5
endloop
endfacet
facet normal 0 0 1
outer loop
vertex -18.81624984741211 41.427001953125 -0.5
vertex -18.880699157714844 41.422847747802734 -0.5
vertex -28.700393676757812 38.91789245605469 -0.5
endloop
endfacet
facet normal 0 0 1
outer loop
vertex -18.35599708557129 41.48823165893555 -0.5
vertex -18.81624984741211 41.427001953125 -0.5
vertex -28.700393676757812 38.91789245605469 -0.5
endloop
endfacet
facet normal 0 0 1
outer loop
vertex 68.23020935058594 36.71855545043945 -0.5
vertex 72.85203552246094 42.27838897705078 -0.5
vertex 62.67440414428711 36.402305603027344 -0.5
endloop
endfacet
facet normal 0 0 1
outer loop
vertex -14.175196647644043 38.87485122680664 -0.5
vertex -14.175196647644043 41.29383850097656 -0.5
vertex -14.394673347473145 38.91169357299805 -0.5
endloop
endfacet
facet normal 0 0 1
outer loop
vertex 72.85203552246094 42.27838897705078 -0.5
vertex 68.23020935058594 36.71855545043945 -0.5
vertex 74.08477783203125 40.103355407714844 -0.5
endloop
endfacet
facet normal 0 0 1
outer loop
vertex -18.35599708557129 41.48823165893555 -0.5
vertex -14.394673347473145 38.91169357299805 -0.5
vertex -18.280567169189453 41.504356384277344 -0.5
endloop
endfacet
facet normal 0 0 1
outer loop
vertex 11.607973098754883 46.976593017578125 -0.5
vertex 15.847142219543457 46.303531646728516 -0.5
vertex 13.853476524353027 47.12933349609375 -0.5
endloop
endfacet
facet normal 0 0 1
outer loop
vertex 14.015691757202148 46.331443786621094 -0.5
vertex 15.847142219543457 46.303531646728516 -0.5
vertex 11.607973098754883 46.976593017578125 -0.5
endloop
endfacet
facet normal 0 0 1
outer loop
vertex 52.79507827758789 -70.65615844726562 -0.5
vertex 52.79507827758789 -73.3211669921875 -0.5
vertex 53.784263610839844 -73.234619140625 -0.5
endloop
endfacet
facet normal 0 0 1
outer loop
vertex -14.394673347473145 38.91169357299805 -0.5
vertex -17.761981964111328 41.660125732421875 -0.5
vertex -17.834863662719727 41.63446807861328 -0.5
endloop
endfacet
facet normal 0 0 1
outer loop
vertex -64.1473388671875 -65.90615844726562 -0.5
vertex -63.15815734863281 -68.484619140625 -0.5
vertex -61.811180114746094 -68.12370300292969 -0.5
endloop
endfacet
facet normal 0 0 1
outer loop
vertex -64.1473388671875 -65.90615844726562 -0.5
vertex -64.1473388671875 -68.5711669921875 -0.5
vertex -63.15815734863281 -68.484619140625 -0.5
endloop
endfacet
facet normal 0 0 1
outer loop
vertex 9.12480354309082 47.19384002685547 -0.5
vertex 11.568336486816406 47.69379806518555 -0.5
vertex 11.37430477142334 47.72453308105469 -0.5
endloop
endfacet
facet normal 0 0 1
outer loop
vertex 9.12480354309082 47.19384002685547 -0.5
vertex 11.607973098754883 46.976593017578125 -0.5
vertex 11.568336486816406 47.69379806518555 -0.5
endloop
endfacet
facet normal 0 0 1
outer loop
vertex -14.394673347473145 38.91169357299805 -0.5
vertex -17.342500686645508 41.85917282104492 -0.5
vertex -17.761981964111328 41.660125732421875 -0.5
endloop
endfacet
facet normal 0 0 1
outer loop
vertex 11.37430477142334 47.72453308105469 -0.5
vertex 9.223029136657715 47.89384078979492 -0.5
vertex 9.12480354309082 47.19384002685547 -0.5
endloop
endfacet
facet normal 0 0 1
outer loop
vertex -14.394673347473145 38.91169357299805 -0.5
vertex -17.274398803710938 41.895660400390625 -0.5
vertex -17.342500686645508 41.85917282104492 -0.5
endloop
endfacet
facet normal 0 0 1
outer loop
vertex -16.88959312438965 42.15547561645508 -0.5
vertex -17.274398803710938 41.895660400390625 -0.5
vertex -14.394673347473145 38.91169357299805 -0.5
endloop
endfacet
facet normal 0 0 1
outer loop
vertex -16.8365535736084 42.19673538208008 -0.5
vertex -16.88959312438965 42.15547561645508 -0.5
vertex -14.394673347473145 38.91169357299805 -0.5
endloop
endfacet
facet normal 0 0 1
outer loop
vertex -69.0473403930664 -66.59100341796875 -0.5
vertex -68.5473403930664 -67.53436279296875 -0.5
vertex -64.94734191894531 -65.90615844726562 -0.5
endloop
endfacet
facet normal 0 0 1
outer loop
vertex -64.94734191894531 -68.5711669921875 -0.5
vertex -64.94734191894531 -65.90615844726562 -0.5
vertex -68.5473403930664 -67.53436279296875 -0.5
endloop
endfacet
facet normal 0 0 1
outer loop
vertex -67.28350067138672 -68.12370300292969 -0.5
vertex -65.9365234375 -68.484619140625 -0.5
vertex -64.94734191894531 -68.5711669921875 -0.5
endloop
endfacet
facet normal 0 0 1
outer loop
vertex -68.5473403930664 -67.53436279296875 -0.5
vertex -67.28350067138672 -68.12370300292969 -0.5
vertex -64.94734191894531 -68.5711669921875 -0.5
endloop
endfacet
facet normal 0 0 1
outer loop
vertex -16.561948776245117 42.4453125 -0.5
vertex -16.8365535736084 42.19673538208008 -0.5
vertex -14.394673347473145 38.91169357299805 -0.5
endloop
endfacet
facet normal 0 0 1
outer loop
vertex -14.175196647644043 41.29383850097656 -0.5
vertex -15.21066665649414 43.79390335083008 -0.5
vertex -14.394673347473145 38.91169357299805 -0.5
endloop
endfacet
facet normal 0 0 1
outer loop
vertex -14.394673347473145 38.91169357299805 -0.5
vertex -15.21066665649414 43.79390335083008 -0.5
vertex -16.561948776245117 42.4453125 -0.5
endloop
endfacet
facet normal 0 0 1
outer loop
vertex -14.175196647644043 41.29383850097656 -0.5
vertex -2.2863502502441406 43.7978515625 -0.5
vertex -15.21066665649414 43.79390335083008 -0.5
endloop
endfacet
facet normal 0 0 1
outer loop
vertex -2.2863502502441406 43.7978515625 -0.5
vertex -14.175196647644043 41.29383850097656 -0.5
vertex -2.3841001987457275 41.29383850097656 -0.5
endloop
endfacet
facet normal 0 0 1
outer loop
vertex -2.2863502502441406 43.7978515625 -0.5
vertex -2.3841001987457275 41.29383850097656 -0.5
vertex -1.8296318054199219 42.0857048034668 -0.5
endloop
endfacet
facet normal 0 0 1
outer loop
vertex -2.2223191261291504 43.8034553527832 -0.5
vertex -2.2863502502441406 43.7978515625 -0.5
vertex -1.8296318054199219 42.0857048034668 -0.5
endloop
endfacet
facet normal 0 0 1
outer loop
vertex -1.7618768215179443 43.86323165893555 -0.5
vertex -2.2223191261291504 43.8034553527832 -0.5
vertex -1.8296318054199219 42.0857048034668 -0.5
endloop
endfacet
facet normal 0 0 1
outer loop
vertex -1.6859487295150757 43.877647399902344 -0.5
vertex -1.7618768215179443 43.86323165893555 -0.5
vertex -1.8296318054199219 42.0857048034668 -0.5
endloop
endfacet
facet normal 0 0 1
outer loop
vertex -1.240743637084961 44.00946807861328 -0.5
vertex -1.6859487295150757 43.877647399902344 -0.5
vertex -1.8296318054199219 42.0857048034668 -0.5
endloop
endfacet
facet normal 0 0 1
outer loop
vertex -1.167861819267273 44.035125732421875 -0.5
vertex -1.240743637084961 44.00946807861328 -0.5
vertex -1.8296318054199219 42.0857048034668 -0.5
endloop
endfacet
facet normal 0 0 1
outer loop
vertex 73.23036193847656 42.542659759521484 -0.5
vertex 72.85203552246094 42.27838897705078 -0.5
vertex 74.08477783203125 40.103355407714844 -0.5
endloop
endfacet
facet normal 0 0 1
outer loop
vertex 73.23036193847656 42.542659759521484 -0.5
vertex 74.08477783203125 40.103355407714844 -0.5
vertex 74.43143463134766 40.32225799560547 -0.5
endloop
endfacet
facet normal 0 0 1
outer loop
vertex 74.43143463134766 40.32225799560547 -0.5
vertex 75.10758972167969 40.87240219116211 -0.5
vertex 73.59050750732422 42.90586471557617 -0.5
endloop
endfacet
facet normal 0 0 1
outer loop
vertex 74.43143463134766 40.32225799560547 -0.5
vertex 73.59050750732422 42.90586471557617 -0.5
vertex 73.23036193847656 42.542659759521484 -0.5
endloop
endfacet
facet normal 0 0 1
outer loop
vertex 75.10758972167969 40.87240219116211 -0.5
vertex 75.62789916992188 41.45562744140625 -0.5
vertex 73.59050750732422 42.90586471557617 -0.5
endloop
endfacet
facet normal 0 0 1
outer loop
vertex 75.62789916992188 41.45562744140625 -0.5
vertex 73.87568664550781 43.33047866821289 -0.5
vertex 73.59050750732422 42.90586471557617 -0.5
endloop
endfacet
facet normal 0 0 1
outer loop
vertex 74.07566833496094 43.8012580871582 -0.5
vertex 73.87568664550781 43.33047866821289 -0.5
vertex 76.09322357177734 42.179359436035156 -0.5
endloop
endfacet
facet normal 0 0 1
outer loop
vertex -0.7483805418014526 44.23417282104492 -0.5
vertex -1.167861819267273 44.035125732421875 -0.5
vertex -1.8296318054199219 42.0857048034668 -0.5
endloop
endfacet
facet normal 0 0 1
outer loop
vertex -0.7483805418014526 44.23417282104492 -0.5
vertex -1.8296318054199219 42.0857048034668 -0.5
vertex -0.06705905497074127 43.84827423095703 -0.5
endloop
endfacet
facet normal 0 0 1
outer loop
vertex -0.674056351184845 44.277252197265625 -0.5
vertex -0.7483805418014526 44.23417282104492 -0.5
vertex -0.06705905497074127 43.84827423095703 -0.5
endloop
endfacet
facet normal 0 0 1
outer loop
vertex -0.20700213313102722 44.60482406616211 -0.5
vertex -0.674056351184845 44.277252197265625 -0.5
vertex -0.06705905497074127 43.84827423095703 -0.5
endloop
endfacet
facet normal 0 0 1
outer loop
vertex -0.1682891845703125 44.63241958618164 -0.5
vertex -0.20700213313102722 44.60482406616211 -0.5
vertex -0.06705905497074127 43.84827423095703 -0.5
endloop
endfacet
facet normal 0 0 1
outer loop
vertex 9.223029136657715 47.89384078979492 -0.5
vertex 9.026578903198242 47.89384078979492 -0.5
vertex 9.12480354309082 47.19384002685547 -0.5
endloop
endfacet
facet normal 0 0 1
outer loop
vertex 9.026578903198242 47.89384078979492 -0.5
vertex 6.641634941101074 46.976593017578125 -0.5
vertex 9.12480354309082 47.19384002685547 -0.5
endloop
endfacet
facet normal 0 0 1
outer loop
vertex 9.026578903198242 47.89384078979492 -0.5
vertex 6.875302791595459 47.72453308105469 -0.5
vertex 6.641634941101074 46.976593017578125 -0.5
endloop
endfacet
facet normal 0 0 1
outer loop
vertex 75.62789916992188 41.45562744140625 -0.5
vertex 76.09322357177734 42.179359436035156 -0.5
vertex 73.87568664550781 43.33047866821289 -0.5
endloop
endfacet
facet normal 0 0 1
outer loop
vertex 6.875302791595459 47.72453308105469 -0.5
vertex 6.681270599365234 47.69379806518555 -0.5
vertex 6.641634941101074 46.976593017578125 -0.5
endloop
endfacet
facet normal 0 0 1
outer loop
vertex 6.681270599365234 47.69379806518555 -0.5
vertex 4.5829668045043945 47.190040588378906 -0.5
vertex 4.23391580581665 46.331443786621094 -0.5
endloop
endfacet
facet normal 0 0 1
outer loop
vertex 6.681270599365234 47.69379806518555 -0.5
vertex 4.23391580581665 46.331443786621094 -0.5
vertex 6.641634941101074 46.976593017578125 -0.5
endloop
endfacet
facet normal 0 0 1
outer loop
vertex -74.25865173339844 -63.60484313964844 -0.5
vertex -75.28520965576172 -43.6286506652832 -0.5
vertex -74.96015167236328 -66.29389953613281 -0.5
endloop
endfacet
facet normal 0 0 1
outer loop
vertex 48.39508056640625 -72.28436279296875 -0.5
vertex 51.995079040527344 -73.3211669921875 -0.5
vertex 51.995079040527344 -70.65615844726562 -0.5
endloop
endfacet
facet normal 0 0 1
outer loop
vertex 49.65891647338867 -72.87370300292969 -0.5
vertex 51.00589370727539 -73.234619140625 -0.5
vertex 51.995079040527344 -73.3211669921875 -0.5
endloop
endfacet
facet normal 0 0 1
outer loop
vertex 74.18326568603516 44.301307678222656 -0.5
vertex 74.07566833496094 43.8012580871582 -0.5
vertex 76.40636444091797 42.89551544189453 -0.5
endloop
endfacet
facet normal 0 0 1
outer loop
vertex 74.07566833496094 43.8012580871582 -0.5
vertex 76.09322357177734 42.179359436035156 -0.5
vertex 76.40636444091797 42.89551544189453 -0.5
endloop
endfacet
facet normal 0 0 1
outer loop
vertex 74.18326568603516 44.301307678222656 -0.5
vertex 76.40636444091797 42.89551544189453 -0.5
vertex 76.62353515625 43.72807312011719 -0.5
endloop
endfacet
facet normal 0 0 1
outer loop
vertex 74.19461822509766 44.81267166137695 -0.5
vertex 74.18326568603516 44.301307678222656 -0.5
vertex 76.69842529296875 44.506099700927734 -0.5
endloop
endfacet
facet normal 0 0 1
outer loop
vertex 74.18326568603516 44.301307678222656 -0.5
vertex 76.62353515625 43.72807312011719 -0.5
vertex 76.69842529296875 44.506099700927734 -0.5
endloop
endfacet
facet normal 0 0 1
outer loop
vertex -74.96015167236328 -66.29389953613281 -0.5
vertex -75.28520965576172 -43.6286506652832 -0.5
vertex -75.28752136230469 -64.12865447998047 -0.5
endloop
endfacet
facet normal 0 0 1
outer loop
vertex 48.39508056640625 -72.28436279296875 -0.5
vertex 49.65891647338867 -72.87370300292969 -0.5
vertex 51.995079040527344 -73.3211669921875 -0.5
endloop
endfacet
facet normal 0 0 1
outer loop
vertex -75.28752136230469 -64.12865447998047 -0.5
vertex -76.70055389404297 -64.13580322265625 -0.5
vertex -76.5220718383789 -64.67544555664062 -0.5
endloop
endfacet
facet normal 0 0 1
outer loop
vertex 47.89508056640625 -71.35302734375 -0.5
vertex 48.39508056640625 -72.28436279296875 -0.5
vertex 51.995079040527344 -70.65615844726562 -0.5
endloop
endfacet
facet normal 0 0 1
outer loop
vertex 46.7037353515625 -68.69422149658203 -0.5
vertex 61.872337341308594 -63.816463470458984 -0.5
vertex 26.547454833984375 -63.85615921020508 -0.5
endloop
endfacet
facet normal 0 0 1
outer loop
vertex 47.89508056640625 -71.35302734375 -0.5
vertex 47.89508056640625 -71.93425750732422 -0.5
vertex 48.39508056640625 -72.28436279296875 -0.5
endloop
endfacet
facet normal 0 0 1
outer loop
vertex -73.88589477539062 -66.58954620361328 -0.5
vertex -69.0473403930664 -66.59100341796875 -0.5
vertex -64.94734191894531 -65.90615844726562 -0.5
endloop
endfacet
facet normal 0 0 1
outer loop
vertex -73.88589477539062 -66.58954620361328 -0.5
vertex -64.94734191894531 -65.90615844726562 -0.5
vertex -70.23868560791016 -65.86810302734375 -0.5
endloop
endfacet
facet normal 0 0 1
outer loop
vertex 75.07524108886719 45.8035888671875 -0.5
vertex 74.10932159423828 45.3170051574707 -0.5
vertex 74.19461822509766 44.81267166137695 -0.5
endloop
endfacet
facet normal 0 0 1
outer loop
vertex 75.07524108886719 45.8035888671875 -0.5
vertex 73.93042755126953 45.79619598388672 -0.5
vertex 74.10932159423828 45.3170051574707 -0.5
endloop
endfacet
facet normal 0 0 1
outer loop
vertex 36.448394775390625 -71.35279846191406 -0.5
vertex 47.89508056640625 -71.35302734375 -0.5
vertex 51.995079040527344 -70.65615844726562 -0.5
endloop
endfacet
facet normal 0 0 1
outer loop
vertex 36.448394775390625 -71.35279846191406 -0.5
vertex 51.995079040527344 -70.65615844726562 -0.5
vertex 46.7037353515625 -70.61810302734375 -0.5
endloop
endfacet
facet normal 0 0 1
outer loop
vertex 4.5829668045043945 47.190040588378906 -0.5
vertex 4.3961310386657715 47.12933349609375 -0.5
vertex 4.23391580581665 46.331443786621094 -0.5
endloop
endfacet
facet normal 0 0 1
outer loop
vertex -69.0473403930664 -66.59100341796875 -0.5
vertex -69.0473403930664 -67.18425750732422 -0.5
vertex -68.5473403930664 -67.53436279296875 -0.5
endloop
endfacet
facet normal 0 0 1
outer loop
vertex 4.3961310386657715 47.12933349609375 -0.5
vertex 1.9748038053512573 45.27800369262695 -0.5
vertex 4.23391580581665 46.331443786621094 -0.5
endloop
endfacet
facet normal 0 0 1
outer loop
vertex 1.9748038053512573 45.27800369262695 -0.5
vertex 4.3961310386657715 47.12933349609375 -0.5
vertex 2.402465581893921 46.303531646728516 -0.5
endloop
endfacet
facet normal 0 0 1
outer loop
vertex 2.402465581893921 46.303531646728516 -0.5
vertex 2.2274270057678223 46.2143440246582 -0.5
vertex 1.9748038053512573 45.27800369262695 -0.5
endloop
endfacet
facet normal 0 0 1
outer loop
vertex 76.64590454101562 45.36491394042969 -0.5
vertex 75.07524108886719 45.8035888671875 -0.5
vertex 74.19461822509766 44.81267166137695 -0.5
endloop
endfacet
facet normal 0 0 1
outer loop
vertex 76.64590454101562 45.36491394042969 -0.5
vertex 74.19461822509766 44.81267166137695 -0.5
vertex 76.69842529296875 44.506099700927734 -0.5
endloop
endfacet
facet normal 0 0 1
outer loop
vertex 46.541526794433594 -68.80260467529297 -0.5
vertex 46.7037353515625 -68.69422149658203 -0.5
vertex 26.547454833984375 -63.85615921020508 -0.5
endloop
endfacet
facet normal 0 0 1
outer loop
vertex 76.47511291503906 46.127647399902344 -0.5
vertex 76.31929016113281 46.520835876464844 -0.5
vertex 75.07524108886719 45.8035888671875 -0.5
endloop
endfacet
facet normal 0 0 1
outer loop
vertex 2.2274270057678223 46.2143440246582 -0.5
vertex -0.06705905497074127 43.84827423095703 -0.5
vertex 1.9748038053512573 45.27800369262695 -0.5
endloop
endfacet
facet normal 0 0 1
outer loop
vertex -0.06705905497074127 43.84827423095703 -0.5
vertex 2.2274270057678223 46.2143440246582 -0.5
vertex 0.3874908983707428 45.086830139160156 -0.5
endloop
endfacet
facet normal 0 0 1
outer loop
vertex 0.22855907678604126 44.97135925292969 -0.5
vertex -0.06705905497074127 43.84827423095703 -0.5
vertex 0.3874908983707428 45.086830139160156 -0.5
endloop
endfacet
facet normal 0 0 1
outer loop
vertex 76.64590454101562 45.36491394042969 -0.5
vertex 76.47511291503906 46.127647399902344 -0.5
vertex 75.07524108886719 45.8035888671875 -0.5
endloop
endfacet
facet normal 0 0 1
outer loop
vertex -70.5473403930664 -65.40615844726562 -0.5
vertex -70.5473403930664 -64.40615844726562 -0.5
vertex -72.98743438720703 -64.40615844726562 -0.5
endloop
endfacet
facet normal 0 0 1
outer loop
vertex 46.43313980102539 -68.9648208618164 -0.5
vertex 46.541526794433594 -68.80260467529297 -0.5
vertex 26.547454833984375 -63.85615921020508 -0.5
endloop
endfacet
facet normal 0 0 1
outer loop
vertex -70.50927734375 -65.59750366210938 -0.5
vertex -70.5473403930664 -65.40615844726562 -0.5
vertex -72.98743438720703 -64.40615844726562 -0.5
endloop
endfacet
facet normal 0 0 1
outer loop
vertex -73.88589477539062 -66.58954620361328 -0.5
vertex -70.23868560791016 -65.86810302734375 -0.5
vertex -70.40089416503906 -65.75971221923828 -0.5
endloop
endfacet
facet normal 0 0 1
outer loop
vertex -73.88589477539062 -66.58954620361328 -0.5
vertex -70.40089416503906 -65.75971221923828 -0.5
vertex -70.50927734375 -65.59750366210938 -0.5
endloop
endfacet
facet normal 0 0 1
outer loop
vertex 0.22855907678604126 44.97135925292969 -0.5
vertex -0.1682891845703125 44.63241958618164 -0.5
vertex -0.06705905497074127 43.84827423095703 -0.5
endloop
endfacet
facet normal 0 0 1
outer loop
vertex 26.012561798095703 -64.40615844726562 -0.5
vertex -11.98743724822998 -64.40615844726562 -0.5
vertex -3.1694397926330566 -66.61085510253906 -0.5
endloop
endfacet
facet normal 0 0 1
outer loop
vertex 26.012561798095703 -64.40615844726562 -0.5
vertex -3.1694397926330566 -66.61085510253906 -0.5
vertex -3.1033036708831787 -66.61663818359375 -0.5
endloop
endfacet
facet normal 0 0 1
outer loop
vertex 26.012561798095703 -64.40615844726562 -0.5
vertex -3.1033036708831787 -66.61663818359375 -0.5
vertex -2.643118381500244 -66.6783676147461 -0.5
endloop
endfacet
facet normal 0 0 1
outer loop
vertex 26.012561798095703 -64.40615844726562 -0.5
vertex -2.567755699157715 -66.69485473632812 -0.5
vertex -2.1226062774658203 -66.82684326171875 -0.5
endloop
endfacet
facet normal 0 0 1
outer loop
vertex 26.012561798095703 -64.40615844726562 -0.5
vertex -2.643118381500244 -66.6783676147461 -0.5
vertex -2.567755699157715 -66.69485473632812 -0.5
endloop
endfacet
facet normal 0 0 1
outer loop
vertex -0.4434623718261719 -68.14167785644531 -0.5
vertex -0.4026964604854584 -68.20054626464844 -0.5
vertex 26.012561798095703 -64.40615844726562 -0.5
endloop
endfacet
facet normal 0 0 1
outer loop
vertex -0.7291786670684814 -67.77569580078125 -0.5
vertex -0.4434623718261719 -68.14167785644531 -0.5
vertex 26.012561798095703 -64.40615844726562 -0.5
endloop
endfacet
facet normal 0 0 1
outer loop
vertex 0.7015271186828613 -69.7963638305664 -0.5
vertex 1.1190229654312134 -70.17803192138672 -0.5
vertex 26.012561798095703 -64.40615844726562 -0.5
endloop
endfacet
facet normal 0 0 1
outer loop
vertex 0.3279731571674347 -69.37158966064453 -0.5
vertex 0.7015271186828613 -69.7963638305664 -0.5
vertex 26.012561798095703 -64.40615844726562 -0.5
endloop
endfacet
facet normal 0 0 1
outer loop
vertex 1.1190229654312134 -70.17803192138672 -0.5
vertex 1.5755172967910767 -70.51207733154297 -0.5
vertex 26.012561798095703 -64.40615844726562 -0.5
endloop
endfacet
facet normal 0 0 1
outer loop
vertex 0.0005174051038920879 -68.905517578125 -0.5
vertex 0.3279731571674347 -69.37158966064453 -0.5
vertex 26.012561798095703 -64.40615844726562 -0.5
endloop
endfacet
facet normal 0 0 1
outer loop
vertex -0.4026964604854584 -68.20054626464844 -0.5
vertex 0.0005174051038920879 -68.905517578125 -0.5
vertex 26.012561798095703 -64.40615844726562 -0.5
endloop
endfacet
facet normal 0 0 1
outer loop
vertex -1.5643151998519897 -67.09199523925781 -0.5
vertex -1.1806102991104126 -67.35343933105469 -0.5
vertex 26.012561798095703 -64.40615844726562 -0.5
endloop
endfacet
facet normal 0 0 1
outer loop
vertex 26.012561798095703 -64.40615844726562 -0.5
vertex -2.1226062774658203 -66.82684326171875 -0.5
vertex -2.0506591796875 -66.85456848144531 -0.5
endloop
endfacet
facet normal 0 0 1
outer loop
vertex -1.6312084197998047 -67.05367279052734 -0.5
vertex 26.012561798095703 -64.40615844726562 -0.5
vertex -2.0506591796875 -66.85456848144531 -0.5
endloop
endfacet
facet normal 0 0 1
outer loop
vertex -1.6312084197998047 -67.05367279052734 -0.5
vertex -1.5643151998519897 -67.09199523925781 -0.5
vertex 26.012561798095703 -64.40615844726562 -0.5
endloop
endfacet
facet normal 0 0 1
outer loop
vertex -1.1202973127365112 -67.4014892578125 -0.5
vertex -0.781529426574707 -67.71900177001953 -0.5
vertex 26.012561798095703 -64.40615844726562 -0.5
endloop
endfacet
facet normal 0 0 1
outer loop
vertex -1.1806102991104126 -67.35343933105469 -0.5
vertex -1.1202973127365112 -67.4014892578125 -0.5
vertex 26.012561798095703 -64.40615844726562 -0.5
endloop
endfacet
facet normal 0 0 1
outer loop
vertex -0.781529426574707 -67.71900177001953 -0.5
vertex -0.7291786670684814 -67.77569580078125 -0.5
vertex 26.012561798095703 -64.40615844726562 -0.5
endloop
endfacet
facet normal 0 0 1
outer loop
vertex 26.012561798095703 -64.40615844726562 -0.5
vertex 3.1230175495147705 -71.19202423095703 -0.5
vertex 3.6778223514556885 -71.30232238769531 -0.5
endloop
endfacet
facet normal 0 0 1
outer loop
vertex 26.012561798095703 -64.40615844726562 -0.5
vertex 3.6778223514556885 -71.30232238769531 -0.5
vertex 4.246696472167969 -71.35215759277344 -0.5
endloop
endfacet
facet normal 0 0 1
outer loop
vertex 1.5755172967910767 -70.51207733154297 -0.5
vertex 2.0656046867370605 -70.79454803466797 -0.5
vertex 26.012561798095703 -64.40615844726562 -0.5
endloop
endfacet
facet normal 0 0 1
outer loop
vertex 2.0656046867370605 -70.79454803466797 -0.5
vertex 2.583482265472412 -71.0220947265625 -0.5
vertex 26.012561798095703 -64.40615844726562 -0.5
endloop
endfacet
facet normal 0 0 1
outer loop
vertex 26.012561798095703 -64.40615844726562 -0.5
vertex 2.583482265472412 -71.0220947265625 -0.5
vertex 3.1230175495147705 -71.19202423095703 -0.5
endloop
endfacet
facet normal 0 0 1
outer loop
vertex -73.88589477539062 -66.58954620361328 -0.5
vertex -70.50927734375 -65.59750366210938 -0.5
vertex -72.98743438720703 -64.40615844726562 -0.5
endloop
endfacet
facet normal 0 0 1
outer loop
vertex -72.98743438720703 -64.40615844726562 -0.5
vertex -72.98743438720703 -64.10616302490234 -0.5
vertex -74.96015167236328 -66.29389953613281 -0.5
endloop
endfacet
facet normal 0 0 1
outer loop
vertex -72.98743438720703 -64.10616302490234 -0.5
vertex -73.80813598632812 -64.0704574584961 -0.5
vertex -74.96015167236328 -66.29389953613281 -0.5
endloop
endfacet
facet normal 0 0 1
outer loop
vertex -73.80813598632812 -64.0704574584961 -0.5
vertex -74.00631713867188 -63.96699905395508 -0.5
vertex -74.96015167236328 -66.29389953613281 -0.5
endloop
endfacet
facet normal 0 0 1
outer loop
vertex -74.00631713867188 -63.96699905395508 -0.5
vertex -74.16177368164062 -63.80632781982422 -0.5
vertex -74.96015167236328 -66.29389953613281 -0.5
endloop
endfacet
facet normal 0 0 1
outer loop
vertex -74.16177368164062 -63.80632781982422 -0.5
vertex -74.25865173339844 -63.60484313964844 -0.5
vertex -74.96015167236328 -66.29389953613281 -0.5
endloop
endfacet
facet normal 0 0 1
outer loop
vertex -74.44054412841797 -66.48735046386719 -0.5
vertex -73.88589477539062 -66.58954620361328 -0.5
vertex -72.98743438720703 -64.40615844726562 -0.5
endloop
endfacet
facet normal 0 0 1
outer loop
vertex -74.44054412841797 -66.48735046386719 -0.5
vertex -72.98743438720703 -64.40615844726562 -0.5
vertex -74.96015167236328 -66.29389953613281 -0.5
endloop
endfacet
facet normal 0 0 1
outer loop
vertex -75.4659423828125 -65.9935073852539 -0.5
vertex -74.96015167236328 -66.29389953613281 -0.5
vertex -75.28752136230469 -64.12865447998047 -0.5
endloop
endfacet
facet normal 0 0 1
outer loop
vertex -75.28752136230469 -64.12865447998047 -0.5
vertex -76.5220718383789 -64.67544555664062 -0.5
vertex -76.2398910522461 -65.19161987304688 -0.5
endloop
endfacet
facet normal 0 0 1
outer loop
vertex -75.28752136230469 -64.12865447998047 -0.5
vertex -76.2398910522461 -65.19161987304688 -0.5
vertex -75.89134216308594 -65.62281036376953 -0.5
endloop
endfacet
facet normal 0 0 1
outer loop
vertex -75.4659423828125 -65.9935073852539 -0.5
vertex -75.28752136230469 -64.12865447998047 -0.5
vertex -75.89134216308594 -65.62281036376953 -0.5
endloop
endfacet
facet normal 0 0 1
outer loop
vertex 26.012561798095703 -64.40615844726562 -0.5
vertex 4.246696472167969 -71.35215759277344 -0.5
vertex 36.448394775390625 -71.35279846191406 -0.5
endloop
endfacet
facet normal 0 0 1
outer loop
vertex 26.012561798095703 -64.10616302490234 -0.5
vertex 26.012561798095703 -64.40615844726562 -0.5
vertex 36.448394775390625 -71.35279846191406 -0.5
endloop
endfacet
facet normal 0 0 1
outer loop
vertex 26.211246490478516 -64.0773696899414 -0.5
vertex 26.012561798095703 -64.10616302490234 -0.5
vertex 36.448394775390625 -71.35279846191406 -0.5
endloop
endfacet
facet normal 0 0 1
outer loop
vertex 26.41273307800293 -63.980499267578125 -0.5
vertex 26.211246490478516 -64.0773696899414 -0.5
vertex 36.448394775390625 -71.35279846191406 -0.5
endloop
endfacet
facet normal 0 0 1
outer loop
vertex 26.547454833984375 -63.85615921020508 -0.5
vertex 26.41273307800293 -63.980499267578125 -0.5
vertex 36.448394775390625 -71.35279846191406 -0.5
endloop
endfacet
facet normal 0 0 1
outer loop
vertex 36.448394775390625 -71.35279846191406 -0.5
vertex 46.39508056640625 -69.15615844726562 -0.5
vertex 26.547454833984375 -63.85615921020508 -0.5
endloop
endfacet
facet normal 0 0 1
outer loop
vertex 36.448394775390625 -71.35279846191406 -0.5
vertex 46.43313980102539 -70.34750366210938 -0.5
vertex 46.39508056640625 -70.15615844726562 -0.5
endloop
endfacet
facet normal 0 0 1
outer loop
vertex 36.448394775390625 -71.35279846191406 -0.5
vertex 46.7037353515625 -70.61810302734375 -0.5
vertex 46.541526794433594 -70.50971221923828 -0.5
endloop
endfacet
facet normal 0 0 1
outer loop
vertex 36.448394775390625 -71.35279846191406 -0.5
vertex 46.541526794433594 -70.50971221923828 -0.5
vertex 46.43313980102539 -70.34750366210938 -0.5
endloop
endfacet
facet normal 0 0 1
outer loop
vertex 66.87413024902344 35.08792495727539 -0.5
vertex 67.07747650146484 35.50533676147461 -0.5
vertex 62.67440414428711 36.402305603027344 -0.5
endloop
endfacet
facet normal 0 0 1
outer loop
vertex 67.054443359375 -66.96167755126953 -1
vertex 67.10856628417969 -66.34388732910156 -1
vertex 65.10848236083984 -67.09368133544922 -1
endloop
endfacet
facet normal 0.00010281440862546537 0.9999999947145987 0
outer loop
vertex 65.10848236083984 -67.09368133544922 -0.5
vertex 66.51838684082031 -67.09382629394531 -0.5
vertex 65.10848236083984 -67.09368133544922 -1
endloop
endfacet
facet normal 0.00010333206100233931 0.9999999946601772 -0.0000014596808262319167
outer loop
vertex 67.02816009521484 -67.09387969970703 -1
vertex 65.10848236083984 -67.09368133544922 -1
vertex 66.51838684082031 -67.09382629394531 -0.5
endloop
endfacet
facet normal 0.9999999944780193 -0.000105090252242446 0
outer loop
vertex 65.1106185913086 -46.7661018371582 -1
vertex 65.10848236083984 -67.09368133544922 -0.5
vertex 65.10848236083984 -67.09368133544922 -1
endloop
endfacet
facet normal 0 0 1
outer loop
vertex 65.10848236083984 -67.09368133544922 -1
vertex 67.10856628417969 -66.34388732910156 -1
vertex 65.1106185913086 -46.7661018371582 -1
endloop
endfacet
facet normal 0.9999999944780193 -0.000105090252242446 0
outer loop
vertex 65.10848236083984 -67.09368133544922 -0.5
vertex 65.1106185913086 -46.7661018371582 -1
vertex 65.1106185913086 -46.7661018371582 -0.5
endloop
endfacet
facet normal 0 0 1
outer loop
vertex 67.054443359375 -66.96167755126953 -1
vertex 65.10848236083984 -67.09368133544922 -1
vertex 67.02816009521484 -67.09387969970703 -1
endloop
endfacet
facet normal 0 0 1
outer loop
vertex 67.11063385009766 -46.59389114379883 -1
vertex 65.1106185913086 -46.7661018371582 -1
vertex 67.10856628417969 -66.34388732910156 -1
endloop
endfacet
facet normal 0 0 1
outer loop
vertex 65.1106185913086 -46.7661018371582 -1
vertex 67.11063385009766 -46.59389114379883 -1
vertex 65.11063385009766 -46.59368133544922 -1
endloop
endfacet
facet normal 0.8663283687039645 0.4994748818296349 0
outer loop
vertex 75.07524108886719 45.8035888671875 -1
vertex 64.83600616455078 63.56332015991211 -1
vertex 64.83600616455078 63.56332015991211 -0.5
endloop
endfacet
facet normal -0.4994749832700953 0.8663283102192482 0
outer loop
vertex 75.07524108886719 45.8035888671875 -0.5
vertex 76.31929016113281 46.520835876464844 -0.5
vertex 75.07524108886719 45.8035888671875 -1
endloop
endfacet
facet normal 0 0 1
outer loop
vertex 76.60824584960938 47.148834228515625 -1
vertex 75.07524108886719 45.8035888671875 -1
vertex 76.75709533691406 46.77324676513672 -1
endloop
endfacet
facet normal 0.4994765814765295 -0.8663273887835474 0
outer loop
vertex 64.83600616455078 63.56332015991211 -1
vertex 66.51094818115234 64.52899932861328 -1
vertex 64.83600616455078 63.56332015991211 -0.5
endloop
endfacet
facet normal 0 0 1
outer loop
vertex 66.7031478881836 64.29277801513672 -1
vertex 66.51094818115234 64.52899932861328 -1
vertex 64.83600616455078 63.56332015991211 -1
endloop
endfacet
facet normal 0.4994769565372452 -0.8663271725425034 0.0000016740488462447533
outer loop
vertex 64.83600616455078 63.56332015991211 -0.5
vertex 66.51094818115234 64.52899932861328 -1
vertex 66.07218170166016 64.27603149414062 -0.5
endloop
endfacet
facet normal 0 0 1
outer loop
vertex 66.7031478881836 64.29277801513672 -1
vertex 64.83600616455078 63.56332015991211 -1
vertex 76.60824584960938 47.148834228515625 -1
endloop
endfacet
facet normal -0.4994740755153051 0.8663288335724924 -0.000003009330107580072
outer loop
vertex 75.07524108886719 45.8035888671875 -1
vertex 76.31929016113281 46.520835876464844 -0.5
vertex 76.75709533691406 46.77324676513672 -1
endloop
endfacet
facet normal 0 0 1
outer loop
vertex 64.83600616455078 63.56332015991211 -1
vertex 75.07524108886719 45.8035888671875 -1
vertex 76.60824584960938 47.148834228515625 -1
endloop
endfacet
facet normal 0.8663283687039645 0.4994748818296349 0
outer loop
vertex 75.07524108886719 45.8035888671875 -0.5
vertex 75.07524108886719 45.8035888671875 -1
vertex 64.83600616455078 63.56332015991211 -0.5
endloop
endfacet
facet normal 0.00011316935148847865 0.9999999935931151 -0.0000025431314941231158
outer loop
vertex -75.2778549194336 21.57886505126953 -0.5
vertex -77.2778549194336 21.579090118408203 -1
vertex -76.7778549194336 21.57903480529785 -0.5
endloop
endfacet
facet normal 0.00011253356862338595 0.9999999936680979 0
outer loop
vertex -77.2778549194336 21.579090118408203 -1
vertex -75.2778549194336 21.57886505126953 -0.5
vertex -75.2778549194336 21.57886505126953 -1
endloop
endfacet
facet normal 0 0 1
outer loop
vertex -75.2778549194336 21.57886505126953 -1
vertex -75.27554321289062 42.07886505126953 -1
vertex -77.2778549194336 21.579090118408203 -1
endloop
endfacet
facet normal -0.9999999936418952 0.00011276617211076475 0
outer loop
vertex -75.2778549194336 21.57886505126953 -0.5
vertex -75.27554321289062 42.07886505126953 -0.5
vertex -75.2778549194336 21.57886505126953 -1
endloop
endfacet
facet normal 0 0 1
outer loop
vertex -75.27554321289062 42.07886505126953 -1
vertex -77.27562713623047 41.3290901184082 -1
vertex -77.2778549194336 21.579090118408203 -1
endloop
endfacet
facet normal -0.9999999936418952 0.00011276617211076475 0
outer loop
vertex -75.2778549194336 21.57886505126953 -1
vertex -75.27554321289062 42.07886505126953 -0.5
vertex -75.27554321289062 42.07886505126953 -1
endloop
endfacet
facet normal 0 0 1
outer loop
vertex -77.27562713623047 41.3290901184082 -1
vertex -75.27554321289062 42.07886505126953 -1
vertex -77.16511535644531 42.079078674316406 -1
endloop
endfacet
facet normal -0.00011305365938976774 -0.9999999936094206 -1.693641170297195e-7
outer loop
vertex -77.16511535644531 42.079078674316406 -1
vertex -75.27554321289062 42.07886505126953 -1
vertex -76.65972900390625 42.07902145385742 -0.5
endloop
endfacet
facet normal -0.00011299248114478011 -0.9999999936163496 0
outer loop
vertex -75.27554321289062 42.07886505126953 -0.5
vertex -76.65972900390625 42.07902145385742 -0.5
vertex -75.27554321289062 42.07886505126953 -1
endloop
endfacet
facet normal 0.00011518495052059703 0.9999999933662136 0
outer loop
vertex -75.28752136230469 -64.12865447998047 -1
vertex -77.20836639404297 -64.12843322753906 -1
vertex -75.28752136230469 -64.12865447998047 -0.5
endloop
endfacet
facet normal 0 0 1
outer loop
vertex -77.2712173461914 -63.74313735961914 -1
vertex -77.20836639404297 -64.12843322753906 -1
vertex -75.28752136230469 -64.12865447998047 -1
endloop
endfacet
facet normal 0 0 1
outer loop
vertex -75.28752136230469 -64.12865447998047 -1
vertex -77.28743743896484 -63.37842559814453 -1
vertex -77.2712173461914 -63.74313735961914 -1
endloop
endfacet
facet normal -0.00011253356862318126 -0.9999999936662789 -0.0000019073486207318857
outer loop
vertex -77.28520965576172 -43.62842559814453 -1
vertex -75.28520965576172 -43.6286506652832 -1
vertex -76.78520965576172 -43.628482818603516 -0.5
endloop
endfacet
facet normal -0.9999999936418976 0.00011276615112692462 0
outer loop
vertex -75.28520965576172 -43.6286506652832 -1
vertex -75.28752136230469 -64.12865447998047 -1
vertex -75.28520965576172 -43.6286506652832 -0.5
endloop
endfacet
facet normal 0 0 1
outer loop
vertex -77.28520965576172 -43.62842559814453 -1
vertex -75.28752136230469 -64.12865447998047 -1
vertex -75.28520965576172 -43.6286506652832 -1
endloop
endfacet
facet normal -0.00011189778575779084 -0.9999999937394428 0
outer loop
vertex -75.28520965576172 -43.6286506652832 -0.5
vertex -76.78520965576172 -43.628482818603516 -0.5
vertex -75.28520965576172 -43.6286506652832 -1
endloop
endfacet
facet normal -0.005058085442468602 0.9997896976672009 0.01987400840755045
outer loop
vertex -75.28752136230469 -64.12865447998047 -0.5
vertex -77.20836639404297 -64.12843322753906 -1
vertex -76.70055389404297 -64.13580322265625 -0.5
endloop
endfacet
facet normal -0.9999999936418976 0.00011276615112692462 0
outer loop
vertex -75.28752136230469 -64.12865447998047 -1
vertex -75.28752136230469 -64.12865447998047 -0.5
vertex -75.28520965576172 -43.6286506652832 -0.5
endloop
endfacet
facet normal 0 0 1
outer loop
vertex -77.28520965576172 -43.62842559814453 -1
vertex -77.28743743896484 -63.37842559814453 -1
vertex -75.28752136230469 -64.12865447998047 -1
endloop
endfacet
facet normal -0.00010514952203934198 -0.9999999944666861 -0.0000031946825915008816
outer loop
vertex 65.11917877197266 34.716636657714844 -0.5
vertex 67.27481842041016 34.71641159057617 -1
vertex 66.75172424316406 34.71646499633789 -0.5
endloop
endfacet
facet normal 0 0 1
outer loop
vertex 67.11701965332031 14.21642780303955 -1
vertex 67.11909484863281 33.966426849365234 -1
vertex 65.11917877197266 34.716636657714844 -1
endloop
endfacet
facet normal 0.999999994453547 -0.00010532286540546398 0
outer loop
vertex 65.11701965332031 14.21663761138916 -0.5
vertex 65.11917877197266 34.716636657714844 -1
vertex 65.11917877197266 34.716636657714844 -0.5
endloop
endfacet
facet normal 0 0 1
outer loop
vertex 67.11701965332031 14.21642780303955 -1
vertex 65.11917877197266 34.716636657714844 -1
vertex 65.11701965332031 14.21663761138916 -1
endloop
endfacet
facet normal 0.999999994453547 -0.00010532286540546398 0
outer loop
vertex 65.11701965332031 14.21663761138916 -0.5
vertex 65.11701965332031 14.21663761138916 -1
vertex 65.11917877197266 34.716636657714844 -1
endloop
endfacet
facet normal -0.00010440851633447608 -0.9999999945494308 0
outer loop
vertex 65.11917877197266 34.716636657714844 -1
vertex 67.27481842041016 34.71641159057617 -1
vertex 65.11917877197266 34.716636657714844 -0.5
endloop
endfacet
facet normal 0 0 1
outer loop
vertex 67.27481842041016 34.71641159057617 -1
vertex 65.11917877197266 34.716636657714844 -1
vertex 67.18548583984375 34.42596435546875 -1
endloop
endfacet
facet normal 0 0 1
outer loop
vertex 65.11917877197266 34.716636657714844 -1
vertex 67.11909484863281 33.966426849365234 -1
vertex 67.18548583984375 34.42596435546875 -1
endloop
endfacet
facet normal 0 0 1
outer loop
vertex 67.11063385009766 -46.59389114379883 -1
vertex 65.11275482177734 -26.438520431518555 -1
vertex 65.11063385009766 -46.59368133544922 -1
endloop
endfacet
facet normal 0.9999999944616507 -0.00010509024238004712 -0.000005721846675789999
outer loop
vertex 65.11063385009766 -46.59368133544922 -1
vertex 65.11275482177734 -26.438520431518555 -0.5
vertex 65.1106185913086 -46.7661018371582 -0.5
endloop
endfacet
facet normal 0.9999999944630933 -0.00010523218733174416 0
outer loop
vertex 65.11063385009766 -46.59368133544922 -1
vertex 65.11275482177734 -26.438520431518555 -1
vertex 65.11275482177734 -26.438520431518555 -0.5
endloop
endfacet
facet normal 0 0 1
outer loop
vertex 67.11275482177734 -26.438730239868164 -1
vertex 65.11275482177734 -26.438520431518555 -1
vertex 67.11063385009766 -46.59389114379883 -1
endloop
endfacet
facet normal 0.9999999960840933 -0.00008849753278471588 0
outer loop
vertex 65.1106185913086 -46.7661018371582 -1
vertex 65.11063385009766 -46.59368133544922 -1
vertex 65.1106185913086 -46.7661018371582 -0.5
endloop
endfacet
facet normal 0.999999994478019 -0.000105090257172786 0
outer loop
vertex 65.11275482177734 -26.438520431518555 -0.5
vertex 65.1148910522461 -6.1109418869018555 -1
vertex 65.1148910522461 -6.1109418869018555 -0.5
endloop
endfacet
facet normal 0 0 1
outer loop
vertex 67.11490631103516 -5.9387311935424805 -1
vertex 65.1148910522461 -6.1109418869018555 -1
vertex 67.11275482177734 -26.438730239868164 -1
endloop
endfacet
facet normal 0 0 1
outer loop
vertex 65.11275482177734 -26.438520431518555 -1
vertex 67.11275482177734 -26.438730239868164 -1
vertex 65.1148910522461 -6.1109418869018555 -1
endloop
endfacet
facet normal 0.999999994478019 -0.000105090257172786 0
outer loop
vertex 65.11275482177734 -26.438520431518555 -1
vertex 65.1148910522461 -6.1109418869018555 -1
vertex 65.11275482177734 -26.438520431518555 -0.5
endloop
endfacet
facet normal 0 0 1
outer loop
vertex 65.1148910522461 -6.1109418869018555 -1
vertex 67.11490631103516 -5.9387311935424805 -1
vertex 65.11490631103516 -5.938521385192871 -1
endloop
endfacet
facet normal 0.9999999945173917 -0.00010471492991713157 0
outer loop
vertex 65.1148910522461 -6.1109418869018555 -0.5
vertex 65.11701965332031 14.21663761138916 -1
vertex 65.11701965332031 14.21663761138916 -0.5
endloop
endfacet
facet normal 0.9999999944869482 -0.00010485366420893386 -0.000005640264821104496
outer loop
vertex 65.11490631103516 -5.938521385192871 -1
vertex 65.11701965332031 14.21663761138916 -1
vertex 65.1148910522461 -6.1109418869018555 -0.5
endloop
endfacet
facet normal 0 0 1
outer loop
vertex 67.11490631103516 -5.9387311935424805 -1
vertex 65.11701965332031 14.21663761138916 -1
vertex 65.11490631103516 -5.938521385192871 -1
endloop
endfacet
facet normal 0 0 1
outer loop
vertex 65.11701965332031 14.21663761138916 -1
vertex 67.11490631103516 -5.9387311935424805 -1
vertex 67.11701965332031 14.21642780303955 -1
endloop
endfacet
facet normal 0.9999999960840933 -0.00008849753278471588 0
outer loop
vertex 65.1148910522461 -6.1109418869018555 -1
vertex 65.11490631103516 -5.938521385192871 -1
vertex 65.1148910522461 -6.1109418869018555 -0.5
endloop
endfacet
facet normal 0.00011281669068067743 0.9999999936361972 0
outer loop
vertex -75.2802734375 0.15198621153831482 -1
vertex -77.2802734375 0.15221184492111206 -1
vertex -75.2802734375 0.15198621153831482 -0.5
endloop
endfacet
facet normal 0.00011281172362704093 0.9999999936367572 1.9868214798703932e-8
outer loop
vertex -75.2802734375 0.15198621153831482 -0.5
vertex -77.2802734375 0.15221184492111206 -1
vertex -76.7802734375 0.15215542912483215 -0.5
endloop
endfacet
facet normal 0 0 1
outer loop
vertex -75.2802734375 0.15198621153831482 -1
vertex -75.2779541015625 20.65198516845703 -1
vertex -77.2802734375 0.15221184492111206 -1
endloop
endfacet
facet normal -0.9999999935998576 0.00011313834344723943 0
outer loop
vertex -75.2802734375 0.15198621153831482 -0.5
vertex -75.2779541015625 20.65198516845703 -0.5
vertex -75.2802734375 0.15198621153831482 -1
endloop
endfacet
facet normal -0.9999999935998576 0.00011313834344723943 0
outer loop
vertex -75.2779541015625 20.65198516845703 -0.5
vertex -75.2779541015625 20.65198516845703 -1
vertex -75.2802734375 0.15198621153831482 -1
endloop
endfacet
facet normal -0.00011316935148884462 -0.999999993596349 0
outer loop
vertex -75.2779541015625 20.65198516845703 -0.5
vertex -76.7779541015625 20.65215492248535 -0.5
vertex -75.2779541015625 20.65198516845703 -1
endloop
endfacet
facet normal -0.00011348724292147092 -0.999999993559868 -9.536743102644615e-7
outer loop
vertex -76.7779541015625 20.65215492248535 -0.5
vertex -77.2779541015625 20.652212142944336 -1
vertex -75.2779541015625 20.65198516845703 -1
endloop
endfacet
facet normal 0.00011253356862338595 0.9999999936680979 0
outer loop
vertex -75.28268432617188 -21.274892807006836 -1
vertex -77.28268432617188 -21.274667739868164 -1
vertex -75.28268432617188 -21.274892807006836 -0.5
endloop
endfacet
facet normal -0.999999993641895 0.00011276617375012759 0
outer loop
vertex -75.2803726196289 -0.7748931050300598 -0.5
vertex -75.2803726196289 -0.7748931050300598 -1
vertex -75.28268432617188 -21.274892807006836 -1
endloop
endfacet
facet normal -0.999999993641895 0.00011276617375012759 0
outer loop
vertex -75.28268432617188 -21.274892807006836 -1
vertex -75.28268432617188 -21.274892807006836 -0.5
vertex -75.2803726196289 -0.7748931050300598 -0.5
endloop
endfacet
facet normal 0 0 1
outer loop
vertex -75.28268432617188 -21.274892807006836 -1
vertex -75.2803726196289 -0.7748931050300598 -1
vertex -77.28268432617188 -21.274667739868164 -1
endloop
endfacet
facet normal 0.00011316935148847865 0.9999999935931151 -0.0000025431314941231158
outer loop
vertex -75.28268432617188 -21.274892807006836 -0.5
vertex -77.28268432617188 -21.274667739868164 -1
vertex -76.78268432617188 -21.274723052978516 -0.5
endloop
endfacet
facet normal -0.00011281172362704097 -0.9999999936367575 0
outer loop
vertex -75.2803726196289 -0.7748931050300598 -1
vertex -75.2803726196289 -0.7748931050300598 -0.5
vertex -76.7803726196289 -0.7747238874435425 -0.5
endloop
endfacet
facet normal -0.00011280178951976797 -0.9999999936378776 2.980232219808929e-8
outer loop
vertex -75.2803726196289 -0.7748931050300598 -1
vertex -76.7803726196289 -0.7747238874435425 -0.5
vertex -77.2803726196289 -0.774667501449585 -1
endloop
endfacet
facet normal -0.00011316935148884462 -0.999999993596349 0
outer loop
vertex -75.28279113769531 -22.201772689819336 -0.5
vertex -76.78279113769531 -22.201602935791016 -0.5
vertex -75.28279113769531 -22.201772689819336 -1
endloop
endfacet
facet normal -0.00011253356862318126 -0.9999999936662789 0.0000019073486207318857
outer loop
vertex -77.28279113769531 -22.201547622680664 -1
vertex -75.28279113769531 -22.201772689819336 -1
vertex -76.78279113769531 -22.201602935791016 -0.5
endloop
endfacet
facet normal -0.9999999936418941 0.00011276618260268777 0
outer loop
vertex -75.28279113769531 -22.201772689819336 -0.5
vertex -75.28279113769531 -22.201772689819336 -1
vertex -75.28510284423828 -42.7017707824707 -1
endloop
endfacet
facet normal -0.9999999936418941 0.00011276618260268777 0
outer loop
vertex -75.28510284423828 -42.7017707824707 -1
vertex -75.28510284423828 -42.7017707824707 -0.5
vertex -75.28279113769531 -22.201772689819336 -0.5
endloop
endfacet
facet normal 0 0 1
outer loop
vertex -75.28510284423828 -42.7017707824707 -1
vertex -75.28279113769531 -22.201772689819336 -1
vertex -77.28510284423828 -42.70154571533203 -1
endloop
endfacet
facet normal 0.00011253356862338595 0.9999999936680979 0
outer loop
vertex -75.28510284423828 -42.7017707824707 -1
vertex -77.28510284423828 -42.70154571533203 -1
vertex -75.28510284423828 -42.7017707824707 -0.5
endloop
endfacet
facet normal 0.00011189778575742897 0.999999993736209 0.0000025431314944870223
outer loop
vertex -75.28510284423828 -42.7017707824707 -0.5
vertex -77.28510284423828 -42.70154571533203 -1
vertex -76.78510284423828 -42.701602935791016 -0.5
endloop
endfacet
facet normal -0.9999999933582502 0.00011523771818628591 -0.0000019411466156297603
outer loop
vertex -77.28743743896484 -63.37842559814453 -25.810977935791016
vertex -77.28520965576172 -43.62842559814453 -1
vertex -77.28510284423828 -42.70154571533203 -1
endloop
endfacet
facet normal -0.7071067741763701 0.0000814853717113557 0.7071067835016309
outer loop
vertex -77.28510284423828 -42.70154571533203 -1
vertex -77.28520965576172 -43.62842559814453 -1
vertex -76.78510284423828 -42.701602935791016 -0.5
endloop
endfacet
facet normal -0.999999993641887 0.00011276618260268697 1.1857248059456985e-7
outer loop
vertex -77.28743743896484 -63.37842559814453 -25.810977935791016
vertex -77.28510284423828 -42.70154571533203 -1
vertex -77.28279113769531 -22.201547622680664 -1
endloop
endfacet
facet normal 0 0 1
outer loop
vertex -75.28279113769531 -22.201772689819336 -1
vertex -77.28279113769531 -22.201547622680664 -1
vertex -77.28510284423828 -42.70154571533203 -1
endloop
endfacet
facet normal -0.999999993352201 0.00011523771818558882 -0.000003983245703215373
outer loop
vertex -77.28743743896484 -63.37842559814453 -25.810977935791016
vertex -77.28279113769531 -22.201547622680664 -1
vertex -77.28268432617188 -21.274667739868164 -1
endloop
endfacet
facet normal -0.7071067743317911 0.00008148537172926606 0.7071067833462098
outer loop
vertex -77.28279113769531 -22.201547622680664 -1
vertex -76.78268432617188 -21.274723052978516 -0.5
vertex -77.28268432617188 -21.274667739868164 -1
endloop
endfacet
facet normal -0.9999999936418731 0.00011276617079927201 2.1092327855092637e-7
outer loop
vertex -77.28743743896484 -63.37842559814453 -25.810977935791016
vertex -77.28268432617188 -21.274667739868164 -1
vertex -77.2803726196289 -0.774667501449585 -1
endloop
endfacet
facet normal 0 0 1
outer loop
vertex -75.2803726196289 -0.7748931050300598 -1
vertex -77.2803726196289 -0.774667501449585 -1
vertex -77.28268432617188 -21.274667739868164 -1
endloop
endfacet
facet normal -0.9999999941661123 0.00010700651461918066 0.000014743850068271719
outer loop
vertex -77.2802734375 0.15221184492111206 -1
vertex -77.28743743896484 -63.37842559814453 -25.810977935791016
vertex -77.2803726196289 -0.774667501449585 -1
endloop
endfacet
facet normal -0.7071067748959367 0.00007566503188664503 0.7071067834288327
outer loop
vertex -77.2803726196289 -0.774667501449585 -1
vertex -76.7803726196289 -0.7747238874435425 -0.5
vertex -77.2802734375 0.15221184492111206 -1
endloop
endfacet
facet normal -0.9999999935994004 0.00011313833604570769 -9.57204883386558e-7
outer loop
vertex -77.2802734375 0.15221184492111206 -1
vertex -77.2779541015625 20.652212142944336 -1
vertex -77.28743743896484 -63.37842559814453 -25.810977935791016
endloop
endfacet
facet normal 0 0 1
outer loop
vertex -75.2779541015625 20.65198516845703 -1
vertex -77.2779541015625 20.652212142944336 -1
vertex -77.2802734375 0.15221184492111206 -1
endloop
endfacet
facet normal 0 0 -1
outer loop
vertex -77.28520965576172 -43.62842559814453 -1
vertex -77.28279113769531 -22.201547622680664 -1
vertex -77.28510284423828 -42.70154571533203 -1
endloop
endfacet
facet normal 0 0 1
outer loop
vertex -77.28520965576172 -43.62842559814453 -1
vertex -77.28268432617188 -21.274667739868164 -1
vertex -77.28279113769531 -22.201547622680664 -1
endloop
endfacet
facet normal 0 0 -1
outer loop
vertex -77.28520965576172 -43.62842559814453 -1
vertex -77.2803726196289 -0.774667501449585 -1
vertex -77.28268432617188 -21.274667739868164 -1
endloop
endfacet
facet normal 0 0 -1
outer loop
vertex -77.28520965576172 -43.62842559814453 -1
vertex -77.2802734375 0.15221184492111206 -1
vertex -77.2803726196289 -0.774667501449585 -1
endloop
endfacet
endsolid auto-kdk-case
