solid auto-kdk-case
facet normal 0 1 0
outer loop
vertex -55.037437438964844 24.418840408325195 5
vertex -64.58744049072266 24.418840408325195 3.549999952316284
vertex -69.13743591308594 24.418840408325195 5
endloop
endfacet
facet normal 0 1 0
outer loop
vertex -40.58743667602539 5.418840408325195 3.549999952316284
vertex -45.58743667602539 5.418840408325195 3.549999952316284
vertex -36.037437438964844 5.418840408325195 5
endloop
endfacet
facet normal -0.5000002120739867 0.8660252813432607 5.424074037161613e-7
outer loop
vertex 68.15528106689453 45.513362884521484 5
vertex 59.88473892211914 40.73836135864258 3.549999952316284
vertex 55.9443244934082 38.46335983276367 5
endloop
endfacet
facet normal -1 0 0
outer loop
vertex 20.962562561035156 -23.231159210205078 0
vertex 20.962562561035156 -37.33116149902344 0
vertex 20.962562561035156 -23.231159210205078 5
endloop
endfacet
facet normal 0 1 0
outer loop
vertex -2.587437629699707 -58.70616149902344 3.549999952316284
vertex -7.587437629699707 -58.70616149902344 3.549999952316284
vertex 1.9625624418258667 -58.70616149902344 5
endloop
endfacet
facet normal 1 0 0
outer loop
vertex 25.86256217956543 -20.856159210205078 0
vertex 25.86256217956543 -34.95616149902344 5
vertex 25.86256217956543 -34.95616149902344 0
endloop
endfacet
facet normal 0.37460649569051313 -0.927183894050383 -2.0408338563212347e-7
outer loop
vertex 44.16099166870117 47.771461486816406 5
vertex 31.087697982788086 42.48950958251953 5
vertex 39.94230270385742 46.06700134277344 3.549999952316284
endloop
endfacet
facet normal 0 1 0
outer loop
vertex -17.037437438964844 -37.33116149902344 5
vertex -26.58743667602539 -37.33116149902344 3.549999952316284
vertex -31.13743782043457 -37.33116149902344 5
endloop
endfacet
facet normal -0.37460620795263716 0.9271840103023049 -0.0000017552494097638866
outer loop
vertex 49.44294357299805 34.69816970825195 5
vertex 45.22425842285156 32.993709564208984 3.549999952316284
vertex 40.58833694458008 31.120677947998047 3.549999952316284
endloop
endfacet
facet normal 0 1 0
outer loop
vertex 1.9625624418258667 -58.70616149902344 5
vertex -7.587437629699707 -58.70616149902344 3.549999952316284
vertex -12.13743782043457 -58.70616149902344 5
endloop
endfacet
facet normal 0.5000003617709581 -0.8660251949157778 0
outer loop
vertex 57.16486740112305 55.449317932128906 3.549999952316284
vertex 61.105281829833984 57.72431945800781 0
vertex 61.105281829833984 57.72431945800781 5
endloop
endfacet
facet normal 0 1 0
outer loop
vertex 16.41256332397461 -18.331159591674805 3.549999952316284
vertex 11.412562370300293 -18.331159591674805 3.549999952316284
vertex 20.962562561035156 -18.331159591674805 5
endloop
endfacet
facet normal -1 0 0
outer loop
vertex -17.037437438964844 33.76884078979492 5
vertex -17.037437438964844 19.668840408325195 0
vertex -17.037437438964844 19.668840408325195 5
endloop
endfacet
facet normal 0 -1 0
outer loop
vertex 6.862562656402588 -23.231159210205078 5
vertex 16.41256332397461 -23.231159210205078 3.549999952316284
vertex 20.962562561035156 -23.231159210205078 5
endloop
endfacet
facet normal 0.8660254661296896 0.49999989201484246 0
outer loop
vertex 55.9443244934082 38.46335983276367 5
vertex 48.894325256347656 50.674320220947266 0
vertex 48.894325256347656 50.674320220947266 5
endloop
endfacet
facet normal 0 -1 0
outer loop
vertex 6.862562656402588 -23.231159210205078 5
vertex 11.412562370300293 -23.231159210205078 3.549999952316284
vertex 16.41256332397461 -23.231159210205078 3.549999952316284
endloop
endfacet
facet normal -0.3746067265877794 0.9271838007618494 0
outer loop
vertex 49.44294357299805 34.69816970825195 0
vertex 45.22425842285156 32.993709564208984 3.549999952316284
vertex 49.44294357299805 34.69816970825195 5
endloop
endfacet
facet normal 0 1 0
outer loop
vertex -36.037437438964844 -51.58116149902344 5
vertex -45.58743667602539 -51.58116149902344 3.549999952316284
vertex -50.13743591308594 -51.58116149902344 5
endloop
endfacet
facet normal 0 -1 0
outer loop
vertex 44.86256408691406 24.268840789794922 5
vertex 54.41256332397461 24.268840789794922 3.549999952316284
vertex 58.962562561035156 24.268840789794922 5
endloop
endfacet
facet normal 0 -1 0
outer loop
vertex 44.86256408691406 5.268840312957764 5
vertex 54.41256332397461 5.268840312957764 3.549999952316284
vertex 47.669010162353516 5.268840312957764 5
endloop
endfacet
facet normal 1 0 0
outer loop
vertex -31.13743782043457 14.768839836120605 0
vertex -31.13743782043457 0.6688402891159058 5
vertex -31.13743782043457 0.6688402891159058 0
endloop
endfacet
facet normal 0 -1 0
outer loop
vertex -12.13743782043457 -25.606159210205078 0
vertex -7.587437629699707 -25.606159210205078 3.549999952316284
vertex -12.13743782043457 -25.606159210205078 5
endloop
endfacet
facet normal 0 -1 0
outer loop
vertex 6.862562656402588 -23.231159210205078 0
vertex 11.412562370300293 -23.231159210205078 3.549999952316284
vertex 6.862562656402588 -23.231159210205078 5
endloop
endfacet
facet normal 0 -1 0
outer loop
vertex 44.86256408691406 -32.73115921020508 5
vertex 54.41256332397461 -32.73115921020508 3.549999952316284
vertex 58.962562561035156 -32.73115921020508 5
endloop
endfacet
facet normal 0.37460647294419025 -0.9271839032404412 -3.656606599605736e-7
outer loop
vertex 31.087697982788086 42.48950958251953 5
vertex 35.3063850402832 44.1939697265625 3.549999952316284
vertex 39.94230270385742 46.06700134277344 3.549999952316284
endloop
endfacet
facet normal -1 0 0
outer loop
vertex 1.9625624418258667 -20.706159591674805 0
vertex 1.9625624418258667 -6.606159687042236 5
vertex 1.9625624418258667 -6.606159687042236 0
endloop
endfacet
facet normal 0 1 0
outer loop
vertex -45.58743667602539 -13.581159591674805 0
vertex -50.13743591308594 -13.581159591674805 0
vertex -45.58743667602539 -13.581159591674805 3.549999952316284
endloop
endfacet
facet normal 0 -1 0
outer loop
vertex -69.13743591308594 -37.48115921020508 0
vertex -64.58744049072266 -37.48115921020508 3.549999952316284
vertex -69.13743591308594 -37.48115921020508 5
endloop
endfacet
facet normal 0 -1 0
outer loop
vertex -50.13743591308594 -18.481159210205078 5
vertex -40.58743667602539 -18.481159210205078 3.549999952316284
vertex -36.037437438964844 -18.481159210205078 5
endloop
endfacet
facet normal 0 1 0
outer loop
vertex 1.9625624418258667 -39.70616149902344 0
vertex -2.587437629699707 -39.70616149902344 3.549999952316284
vertex 1.9625624418258667 -39.70616149902344 5
endloop
endfacet
facet normal 1 0 0
outer loop
vertex -31.13743782043457 -23.231159210205078 0
vertex -31.13743782043457 -37.33116149902344 5
vertex -31.13743782043457 -37.33116149902344 0
endloop
endfacet
facet normal 0 -1 0
outer loop
vertex -40.58743667602539 38.51884078979492 3.549999952316284
vertex -36.037437438964844 38.51884078979492 0
vertex -36.037437438964844 38.51884078979492 5
endloop
endfacet
facet normal 0 -1 0
outer loop
vertex 44.86256408691406 -13.731160163879395 0
vertex 49.41256332397461 -13.731160163879395 3.549999952316284
vertex 44.86256408691406 -13.731160163879395 5
endloop
endfacet
facet normal 1 0 0
outer loop
vertex -50.13743591308594 -37.48115921020508 0
vertex -50.13743591308594 -51.58116149902344 5
vertex -50.13743591308594 -51.58116149902344 0
endloop
endfacet
facet normal 0 1 0
outer loop
vertex 1.9625624418258667 -1.7061597108840942 5
vertex -7.587437629699707 -1.7061597108840942 3.549999952316284
vertex -12.13743782043457 -1.7061597108840942 5
endloop
endfacet
facet normal 0 1 0
outer loop
vertex -64.58744049072266 -13.581159591674805 3.549999952316284
vertex -69.13743591308594 -13.581159591674805 0
vertex -69.13743591308594 -13.581159591674805 5
endloop
endfacet
facet normal 1 0 0
outer loop
vertex -31.13743782043457 19.668840408325195 5
vertex -31.13743782043457 33.76884078979492 0
vertex -31.13743782043457 33.76884078979492 5
endloop
endfacet
facet normal 0 -1 0
outer loop
vertex -50.13743591308594 0.5188402533531189 5
vertex -40.58743667602539 0.5188402533531189 3.549999952316284
vertex -36.037437438964844 0.5188402533531189 5
endloop
endfacet
facet normal 0 1 0
outer loop
vertex 20.962562561035156 -56.33116149902344 0
vertex 16.41256332397461 -56.33116149902344 0
vertex 16.41256332397461 -56.33116149902344 3.549999952316284
endloop
endfacet
facet normal 0 -1 0
outer loop
vertex -45.58743667602539 -37.48115921020508 0
vertex -45.58743667602539 -37.48115921020508 3.549999952316284
vertex -50.13743591308594 -37.48115921020508 0
endloop
endfacet
facet normal 0 -1 0
outer loop
vertex 25.86256217956543 -20.856159210205078 0
vertex 30.41256332397461 -20.856159210205078 3.549999952316284
vertex 25.86256217956543 -20.856159210205078 5
endloop
endfacet
facet normal 1 0 0
outer loop
vertex -31.13743782043457 -37.33116149902344 5
vertex -31.13743782043457 -23.231159210205078 0
vertex -31.13743782043457 -23.231159210205078 5
endloop
endfacet
facet normal -1 0 0
outer loop
vertex 20.962562561035156 -42.23115921020508 5
vertex 20.962562561035156 -56.33116149902344 0
vertex 20.962562561035156 -56.33116149902344 5
endloop
endfacet
facet normal 0 1 0
outer loop
vertex -21.58743667602539 -56.33116149902344 0
vertex -21.58743667602539 -56.33116149902344 3.549999952316284
vertex -17.037437438964844 -56.33116149902344 0
endloop
endfacet
facet normal 0 -1 0
outer loop
vertex 35.41256332397461 17.143840789794922 0
vertex 39.962562561035156 17.143840789794922 0
vertex 35.41256332397461 17.143840789794922 3.549999952316284
endloop
endfacet
facet normal -1 0 0
outer loop
vertex 39.962562561035156 -39.85615921020508 0
vertex 39.962562561035156 -53.95616149902344 0
vertex 39.962562561035156 -39.85615921020508 5
endloop
endfacet
facet normal 0 -1 0
outer loop
vertex 30.41256332397461 -1.8561596870422363 0
vertex 30.41256332397461 -1.8561596870422363 3.549999952316284
vertex 25.86256217956543 -1.8561596870422363 0
endloop
endfacet
facet normal 0 1 0
outer loop
vertex -59.58743667602539 -13.581159591674805 3.549999952316284
vertex -64.58744049072266 -13.581159591674805 3.549999952316284
vertex -55.037437438964844 -13.581159591674805 5
endloop
endfacet
facet normal 0 -1 0
outer loop
vertex 20.962562561035156 -42.23115921020508 0
vertex 16.41256332397461 -42.23115921020508 3.549999952316284
vertex 16.41256332397461 -42.23115921020508 0
endloop
endfacet
facet normal 0 -1 0
outer loop
vertex -50.13743591308594 19.518840789794922 5
vertex -45.58743667602539 19.518840789794922 3.549999952316284
vertex -40.58743667602539 19.518840789794922 3.549999952316284
endloop
endfacet
facet normal 0 -1 0
outer loop
vertex 6.862562656402588 14.768839836120605 5
vertex 11.412562370300293 14.768839836120605 3.549999952316284
vertex 16.41256332397461 14.768839836120605 3.549999952316284
endloop
endfacet
facet normal 1 0 0
outer loop
vertex -50.13743591308594 5.418840408325195 5
vertex -50.13743591308594 19.518840789794922 0
vertex -50.13743591308594 19.518840789794922 5
endloop
endfacet
facet normal 0 1 0
outer loop
vertex 30.41256332397461 -34.95616149902344 0
vertex 25.86256217956543 -34.95616149902344 0
vertex 30.41256332397461 -34.95616149902344 3.549999952316284
endloop
endfacet
facet normal 1 0 0
outer loop
vertex -12.13743782043457 12.393839836120605 0
vertex -12.13743782043457 -1.7061597108840942 5
vertex -12.13743782043457 -1.7061597108840942 0
endloop
endfacet
facet normal 0 1 0
outer loop
vertex 20.962562561035156 -37.33116149902344 0
vertex 16.41256332397461 -37.33116149902344 0
vertex 16.41256332397461 -37.33116149902344 3.549999952316284
endloop
endfacet
facet normal 0 -1 0
outer loop
vertex -59.58743667602539 -18.481159210205078 0
vertex -55.037437438964844 -18.481159210205078 0
vertex -59.58743667602539 -18.481159210205078 3.549999952316284
endloop
endfacet
facet normal -1 0 0
outer loop
vertex -55.037437438964844 19.518840789794922 5
vertex -55.037437438964844 5.418840408325195 0
vertex -55.037437438964844 5.418840408325195 5
endloop
endfacet
facet normal 0 1 0
outer loop
vertex -64.58744049072266 24.418840408325195 3.549999952316284
vertex -69.13743591308594 24.418840408325195 0
vertex -69.13743591308594 24.418840408325195 5
endloop
endfacet
facet normal 0 -1 0
outer loop
vertex -45.58743667602539 -18.481159210205078 0
vertex -45.58743667602539 -18.481159210205078 3.549999952316284
vertex -50.13743591308594 -18.481159210205078 0
endloop
endfacet
facet normal 0 1 0
outer loop
vertex -21.58743667602539 0.6688402891159058 3.549999952316284
vertex -26.58743667602539 0.6688402891159058 3.549999952316284
vertex -17.037437438964844 0.6688402891159058 5
endloop
endfacet
facet normal 0.8660254661296896 0.49999989201484246 0
outer loop
vertex 55.9443244934082 38.46335983276367 0
vertex 48.894325256347656 50.674320220947266 0
vertex 55.9443244934082 38.46335983276367 5
endloop
endfacet
facet normal 0 1 0
outer loop
vertex -36.037437438964844 24.418840408325195 0
vertex -40.58743667602539 24.418840408325195 0
vertex -40.58743667602539 24.418840408325195 3.549999952316284
endloop
endfacet
facet normal 0 1 0
outer loop
vertex 1.9625624418258667 -39.70616149902344 5
vertex -7.587437629699707 -39.70616149902344 3.549999952316284
vertex -12.13743782043457 -39.70616149902344 5
endloop
endfacet
facet normal 0 -1 0
outer loop
vertex -59.58743667602539 -37.48115921020508 3.549999952316284
vertex -55.037437438964844 -37.48115921020508 0
vertex -55.037437438964844 -37.48115921020508 5
endloop
endfacet
facet normal -1 0 0
outer loop
vertex 58.962562561035156 24.268840789794922 5
vertex 58.962562561035156 10.168840408325195 0
vertex 58.962562561035156 10.168840408325195 5
endloop
endfacet
facet normal 0 1 0
outer loop
vertex -7.587437629699707 -58.70616149902344 0
vertex -12.13743782043457 -58.70616149902344 0
vertex -7.587437629699707 -58.70616149902344 3.549999952316284
endloop
endfacet
facet normal 0 -1 0
outer loop
vertex -26.58743667602539 -23.231159210205078 0
vertex -26.58743667602539 -23.231159210205078 3.549999952316284
vertex -31.13743782043457 -23.231159210205078 0
endloop
endfacet
facet normal -1 0 0
outer loop
vertex 1.9625624418258667 -6.606159687042236 5
vertex 1.9625624418258667 -20.706159591674805 0
vertex 1.9625624418258667 -20.706159591674805 5
endloop
endfacet
facet normal 0 -1 0
outer loop
vertex -40.58743667602539 0.5188402533531189 0
vertex -36.037437438964844 0.5188402533531189 0
vertex -40.58743667602539 0.5188402533531189 3.549999952316284
endloop
endfacet
facet normal 0 1 0
outer loop
vertex 20.962562561035156 -37.33116149902344 5
vertex 11.412562370300293 -37.33116149902344 3.549999952316284
vertex 6.862562656402588 -37.33116149902344 5
endloop
endfacet
facet normal 1 0 0
outer loop
vertex -12.13743782043457 -58.70616149902344 5
vertex -12.13743782043457 -44.60615921020508 0
vertex -12.13743782043457 -44.60615921020508 5
endloop
endfacet
facet normal 0 1 0
outer loop
vertex -26.58743667602539 -56.33116149902344 0
vertex -31.13743782043457 -56.33116149902344 0
vertex -26.58743667602539 -56.33116149902344 3.549999952316284
endloop
endfacet
facet normal 0 1 0
outer loop
vertex -55.037437438964844 5.418840408325195 5
vertex -64.58744049072266 5.418840408325195 3.549999952316284
vertex -69.13743591308594 5.418840408325195 5
endloop
endfacet
facet normal 0 1 0
outer loop
vertex -21.58743667602539 -18.331159591674805 3.549999952316284
vertex -26.58743667602539 -18.331159591674805 3.549999952316284
vertex -17.037437438964844 -18.331159591674805 5
endloop
endfacet
facet normal 0 1 0
outer loop
vertex -17.037437438964844 0.6688402891159058 0
vertex -21.58743667602539 0.6688402891159058 3.549999952316284
vertex -17.037437438964844 0.6688402891159058 5
endloop
endfacet
facet normal 1 0 0
outer loop
vertex -12.13743782043457 -6.606159687042236 0
vertex -12.13743782043457 -20.706159591674805 5
vertex -12.13743782043457 -20.706159591674805 0
endloop
endfacet
facet normal 0 1 0
outer loop
vertex -21.58743667602539 19.668840408325195 3.549999952316284
vertex -26.58743667602539 19.668840408325195 3.549999952316284
vertex -17.037437438964844 19.668840408325195 5
endloop
endfacet
facet normal 0 -1 0
outer loop
vertex -12.13743782043457 -25.606159210205078 5
vertex -7.587437629699707 -25.606159210205078 3.549999952316284
vertex -2.587437629699707 -25.606159210205078 3.549999952316284
endloop
endfacet
facet normal -1 0 0
outer loop
vertex -17.037437438964844 -23.231159210205078 0
vertex -17.037437438964844 -37.33116149902344 0
vertex -17.037437438964844 -23.231159210205078 5
endloop
endfacet
facet normal 0 1 0
outer loop
vertex 49.41256332397461 10.168840408325195 3.549999952316284
vertex 44.86256408691406 10.168840408325195 0
vertex 44.86256408691406 10.168840408325195 5
endloop
endfacet
facet normal 0 1 0
outer loop
vertex 1.9625624418258667 -20.706159591674805 0
vertex -2.587437629699707 -20.706159591674805 0
vertex -2.587437629699707 -20.706159591674805 3.549999952316284
endloop
endfacet
facet normal 0 -1 0
outer loop
vertex -12.13743782043457 -6.606159687042236 0
vertex -7.587437629699707 -6.606159687042236 3.549999952316284
vertex -12.13743782043457 -6.606159687042236 5
endloop
endfacet
facet normal 0 -1 0
outer loop
vertex -17.037437438964844 -4.231159687042236 0
vertex -21.58743667602539 -4.231159687042236 3.549999952316284
vertex -21.58743667602539 -4.231159687042236 0
endloop
endfacet
facet normal 0 -1 0
outer loop
vertex -12.13743782043457 -25.606159210205078 0
vertex -7.587437629699707 -25.606159210205078 0
vertex -7.587437629699707 -25.606159210205078 3.549999952316284
endloop
endfacet
facet normal 0 1 0
outer loop
vertex 11.412562370300293 0.6688402891159058 3.549999952316284
vertex 6.862562656402588 0.6688402891159058 0
vertex 6.862562656402588 0.6688402891159058 5
endloop
endfacet
facet normal 0 -1 0
outer loop
vertex -31.13743782043457 -23.231159210205078 5
vertex -26.58743667602539 -23.231159210205078 3.549999952316284
vertex -21.58743667602539 -23.231159210205078 3.549999952316284
endloop
endfacet
facet normal 0 -1 0
outer loop
vertex -69.13743591308594 38.51884078979492 0
vertex -64.58744049072266 38.51884078979492 3.549999952316284
vertex -69.13743591308594 38.51884078979492 5
endloop
endfacet
facet normal 0 -1 0
outer loop
vertex -50.13743591308594 0.5188402533531189 5
vertex -50.13743591308594 0.5188402533531189 0
vertex -45.58743667602539 0.5188402533531189 3.549999952316284
endloop
endfacet
facet normal -1 0 0
outer loop
vertex -36.037437438964844 19.518840789794922 5
vertex -36.037437438964844 5.418840408325195 0
vertex -36.037437438964844 5.418840408325195 5
endloop
endfacet
facet normal 0 -1 0
outer loop
vertex 35.41256332397461 -20.856159210205078 3.549999952316284
vertex 39.962562561035156 -20.856159210205078 0
vertex 39.962562561035156 -20.856159210205078 5
endloop
endfacet
facet normal 0 1 0
outer loop
vertex 54.41256332397461 -46.83116149902344 3.549999952316284
vertex 49.41256332397461 -46.83116149902344 3.549999952316284
vertex 58.962562561035156 -46.83116149902344 5
endloop
endfacet
facet normal -0.3746067265877794 0.9271838007618494 0
outer loop
vertex 40.58833694458008 31.120677947998047 0
vertex 36.369651794433594 29.416217803955078 0
vertex 40.58833694458008 31.120677947998047 3.549999952316284
endloop
endfacet
facet normal 0 1 0
outer loop
vertex 49.41256332397461 -46.83116149902344 3.549999952316284
vertex 44.86256408691406 -46.83116149902344 0
vertex 44.86256408691406 -46.83116149902344 5
endloop
endfacet
facet normal 0 1 0
outer loop
vertex -36.037437438964844 -13.581159591674805 0
vertex -40.58743667602539 -13.581159591674805 3.549999952316284
vertex -36.037437438964844 -13.581159591674805 5
endloop
endfacet
facet normal 0 -1 0
outer loop
vertex -50.13743591308594 0.5188402533531189 5
vertex -45.58743667602539 0.5188402533531189 3.549999952316284
vertex -40.58743667602539 0.5188402533531189 3.549999952316284
endloop
endfacet
facet normal 1 0 0
outer loop
vertex -31.13743782043457 -4.231159687042236 0
vertex -31.13743782043457 -18.331159591674805 5
vertex -31.13743782043457 -18.331159591674805 0
endloop
endfacet
facet normal 0 -1 0
outer loop
vertex -50.13743591308594 -18.481159210205078 5
vertex -50.13743591308594 -18.481159210205078 0
vertex -45.58743667602539 -18.481159210205078 3.549999952316284
endloop
endfacet
facet normal 1 0 0
outer loop
vertex 44.86256408691406 10.168840408325195 5
vertex 44.86256408691406 24.268840789794922 0
vertex 44.86256408691406 24.268840789794922 5
endloop
endfacet
facet normal 0 -1 0
outer loop
vertex 39.962562561035156 -20.856159210205078 0
vertex 35.41256332397461 -20.856159210205078 3.549999952316284
vertex 35.41256332397461 -20.856159210205078 0
endloop
endfacet
facet normal 0 1 0
outer loop
vertex -7.587437629699707 -20.706159591674805 0
vertex -12.13743782043457 -20.706159591674805 0
vertex -7.587437629699707 -20.706159591674805 3.549999952316284
endloop
endfacet
facet normal -1 0 0
outer loop
vertex -36.037437438964844 -37.48115921020508 0
vertex -36.037437438964844 -51.58116149902344 0
vertex -36.037437438964844 -37.48115921020508 5
endloop
endfacet
facet normal 0 -1 0
outer loop
vertex -59.58743667602539 19.518840789794922 0
vertex -55.037437438964844 19.518840789794922 0
vertex -59.58743667602539 19.518840789794922 3.549999952316284
endloop
endfacet
facet normal -1 0 0
outer loop
vertex 1.9625624418258667 -44.60615921020508 0
vertex 1.9625624418258667 -58.70616149902344 0
vertex 1.9625624418258667 -44.60615921020508 5
endloop
endfacet
facet normal 0 -1 0
outer loop
vertex -69.13743591308594 19.518840789794922 5
vertex -59.58743667602539 19.518840789794922 3.549999952316284
vertex -55.037437438964844 19.518840789794922 5
endloop
endfacet
facet normal -1 0 0
outer loop
vertex -17.037437438964844 14.768839836120605 5
vertex -17.037437438964844 0.6688402891159058 0
vertex -17.037437438964844 0.6688402891159058 5
endloop
endfacet
facet normal 0 -1 0
outer loop
vertex 44.86256408691406 24.268840789794922 5
vertex 49.41256332397461 24.268840789794922 3.549999952316284
vertex 54.41256332397461 24.268840789794922 3.549999952316284
endloop
endfacet
facet normal 0 -1 0
outer loop
vertex 16.41256332397461 -4.231159687042236 3.549999952316284
vertex 20.962562561035156 -4.231159687042236 0
vertex 20.962562561035156 -4.231159687042236 5
endloop
endfacet
facet normal 0 -1 0
outer loop
vertex 25.86256217956543 -1.8561596870422363 5
vertex 35.41256332397461 -1.8561596870422363 3.549999952316284
vertex 39.962562561035156 -1.8561596870422363 5
endloop
endfacet
facet normal 0 -1 0
outer loop
vertex -69.13743591308594 -37.48115921020508 5
vertex -59.58743667602539 -37.48115921020508 3.549999952316284
vertex -55.037437438964844 -37.48115921020508 5
endloop
endfacet
facet normal 0 -1 0
outer loop
vertex 49.41256332397461 5.268840312957764 3.549999952316284
vertex 47.669010162353516 5.268840312957764 0
vertex 49.41256332397461 5.268840312957764 0
endloop
endfacet
facet normal 0 1 0
outer loop
vertex -59.58743667602539 -51.58116149902344 3.549999952316284
vertex -64.58744049072266 -51.58116149902344 3.549999952316284
vertex -55.037437438964844 -51.58116149902344 5
endloop
endfacet
facet normal 0 -1 0
outer loop
vertex 54.41256332397461 -32.73115921020508 3.549999952316284
vertex 58.962562561035156 -32.73115921020508 0
vertex 58.962562561035156 -32.73115921020508 5
endloop
endfacet
facet normal 0 -1 0
outer loop
vertex -40.58743667602539 -37.48115921020508 3.549999952316284
vertex -36.037437438964844 -37.48115921020508 0
vertex -36.037437438964844 -37.48115921020508 5
endloop
endfacet
facet normal -1 0 0
outer loop
vertex -55.037437438964844 -18.481159210205078 0
vertex -55.037437438964844 -32.58116149902344 0
vertex -55.037437438964844 -18.481159210205078 5
endloop
endfacet
facet normal -1 0 0
outer loop
vertex -55.037437438964844 -37.48115921020508 0
vertex -55.037437438964844 -51.58116149902344 0
vertex -55.037437438964844 -37.48115921020508 5
endloop
endfacet
facet normal 0 1 0
outer loop
vertex -26.58743667602539 0.6688402891159058 0
vertex -31.13743782043457 0.6688402891159058 0
vertex -26.58743667602539 0.6688402891159058 3.549999952316284
endloop
endfacet
facet normal -1 0 0
outer loop
vertex -55.037437438964844 0.5188402533531189 0
vertex -55.037437438964844 -13.581159591674805 0
vertex -55.037437438964844 0.5188402533531189 5
endloop
endfacet
facet normal 0 1 0
outer loop
vertex -55.037437438964844 -13.581159591674805 0
vertex -59.58743667602539 -13.581159591674805 0
vertex -59.58743667602539 -13.581159591674805 3.549999952316284
endloop
endfacet
facet normal 0 1 0
outer loop
vertex 1.9625624418258667 -58.70616149902344 0
vertex -2.587437629699707 -58.70616149902344 0
vertex -2.587437629699707 -58.70616149902344 3.549999952316284
endloop
endfacet
facet normal 0 -1 0
outer loop
vertex 1.9625624418258667 12.393839836120605 5
vertex -2.587437629699707 12.393839836120605 3.549999952316284
vertex 1.9625624418258667 12.393839836120605 0
endloop
endfacet
facet normal 0 -1 0
outer loop
vertex -45.58743667602539 38.51884078979492 0
vertex -45.58743667602539 38.51884078979492 3.549999952316284
vertex -50.13743591308594 38.51884078979492 0
endloop
endfacet
facet normal -1 0 0
outer loop
vertex -17.037437438964844 -42.23115921020508 0
vertex -17.037437438964844 -56.33116149902344 0
vertex -17.037437438964844 -42.23115921020508 5
endloop
endfacet
facet normal 0 1 0
outer loop
vertex -64.58744049072266 -51.58116149902344 0
vertex -69.13743591308594 -51.58116149902344 0
vertex -64.58744049072266 -51.58116149902344 3.549999952316284
endloop
endfacet
facet normal 0 -1 0
outer loop
vertex -26.58743667602539 -4.231159687042236 0
vertex -26.58743667602539 -4.231159687042236 3.549999952316284
vertex -31.13743782043457 -4.231159687042236 0
endloop
endfacet
facet normal 0 1 0
outer loop
vertex 39.962562561035156 -53.95616149902344 5
vertex 30.41256332397461 -53.95616149902344 3.549999952316284
vertex 25.86256217956543 -53.95616149902344 5
endloop
endfacet
facet normal 0 -1 0
outer loop
vertex 30.41256332397461 -39.85615921020508 0
vertex 30.41256332397461 -39.85615921020508 3.549999952316284
vertex 25.86256217956543 -39.85615921020508 0
endloop
endfacet
facet normal 0 1 0
outer loop
vertex 16.41256332397461 -56.33116149902344 3.549999952316284
vertex 11.412562370300293 -56.33116149902344 3.549999952316284
vertex 20.962562561035156 -56.33116149902344 5
endloop
endfacet
facet normal 1 0 0
outer loop
vertex 44.86256408691406 -27.831159591674805 5
vertex 44.86256408691406 -13.731160163879395 0
vertex 44.86256408691406 -13.731160163879395 5
endloop
endfacet
facet normal 0 1 0
outer loop
vertex 30.41256332397461 -53.95616149902344 3.549999952316284
vertex 25.86256217956543 -53.95616149902344 0
vertex 25.86256217956543 -53.95616149902344 5
endloop
endfacet
facet normal 0 -1 0
outer loop
vertex -40.58743667602539 0.5188402533531189 3.549999952316284
vertex -36.037437438964844 0.5188402533531189 0
vertex -36.037437438964844 0.5188402533531189 5
endloop
endfacet
facet normal 1 0 0
outer loop
vertex 6.862562656402588 -56.33116149902344 5
vertex 6.862562656402588 -42.23115921020508 0
vertex 6.862562656402588 -42.23115921020508 5
endloop
endfacet
facet normal 0 -1 0
outer loop
vertex 47.669010162353516 5.268840312957764 5
vertex 54.41256332397461 5.268840312957764 3.549999952316284
vertex 58.962562561035156 5.268840312957764 5
endloop
endfacet
facet normal 0 1 0
outer loop
vertex 11.412562370300293 -56.33116149902344 3.549999952316284
vertex 6.862562656402588 -56.33116149902344 0
vertex 6.862562656402588 -56.33116149902344 5
endloop
endfacet
facet normal 0 -1 0
outer loop
vertex 54.41256332397461 24.268840789794922 3.549999952316284
vertex 58.962562561035156 24.268840789794922 0
vertex 58.962562561035156 24.268840789794922 5
endloop
endfacet
facet normal -1 0 0
outer loop
vertex 1.9625624418258667 12.393839836120605 0
vertex 1.9625624418258667 -1.7061597108840942 0
vertex 1.9625624418258667 12.393839836120605 5
endloop
endfacet
facet normal 0 1 0
outer loop
vertex 39.962562561035156 -34.95616149902344 0
vertex 35.41256332397461 -34.95616149902344 3.549999952316284
vertex 39.962562561035156 -34.95616149902344 5
endloop
endfacet
facet normal 0 1 0
outer loop
vertex -40.58743667602539 -32.58116149902344 3.549999952316284
vertex -45.58743667602539 -32.58116149902344 3.549999952316284
vertex -36.037437438964844 -32.58116149902344 5
endloop
endfacet
facet normal 0 -1 0
outer loop
vertex 25.86256217956543 17.143840789794922 5
vertex 30.41256332397461 17.143840789794922 3.549999952316284
vertex 35.41256332397461 17.143840789794922 3.549999952316284
endloop
endfacet
facet normal 0 -1 0
outer loop
vertex 58.962562561035156 -13.731160163879395 0
vertex 54.41256332397461 -13.731160163879395 3.549999952316284
vertex 54.41256332397461 -13.731160163879395 0
endloop
endfacet
facet normal 0 1 0
outer loop
vertex 54.41256332397461 10.168840408325195 3.549999952316284
vertex 49.41256332397461 10.168840408325195 3.549999952316284
vertex 58.962562561035156 10.168840408325195 5
endloop
endfacet
facet normal 0 -1 0
outer loop
vertex 44.86256408691406 24.268840789794922 0
vertex 49.41256332397461 24.268840789794922 3.549999952316284
vertex 44.86256408691406 24.268840789794922 5
endloop
endfacet
facet normal 0 -1 0
outer loop
vertex -12.13743782043457 12.393839836120605 0
vertex -7.587437629699707 12.393839836120605 3.549999952316284
vertex -12.13743782043457 12.393839836120605 5
endloop
endfacet
facet normal -0.5000003617709581 0.8660251949157778 0
outer loop
vertex 59.88473892211914 40.73836135864258 3.549999952316284
vertex 55.9443244934082 38.46335983276367 0
vertex 55.9443244934082 38.46335983276367 5
endloop
endfacet
facet normal 0 -1 0
outer loop
vertex -12.13743782043457 -44.60615921020508 0
vertex -7.587437629699707 -44.60615921020508 3.549999952316284
vertex -12.13743782043457 -44.60615921020508 5
endloop
endfacet
facet normal 0 1 0
outer loop
vertex -2.587437629699707 -20.706159591674805 3.549999952316284
vertex -7.587437629699707 -20.706159591674805 3.549999952316284
vertex 1.9625624418258667 -20.706159591674805 5
endloop
endfacet
facet normal 0 1 0
outer loop
vertex 30.41256332397461 3.043840169906616 0
vertex 25.86256217956543 3.043840169906616 0
vertex 30.41256332397461 3.043840169906616 3.549999952316284
endloop
endfacet
facet normal 0 1 0
outer loop
vertex 58.962562561035156 10.168840408325195 5
vertex 49.41256332397461 10.168840408325195 3.549999952316284
vertex 44.86256408691406 10.168840408325195 5
endloop
endfacet
facet normal 0 -1 0
outer loop
vertex -12.13743782043457 -6.606159687042236 5
vertex -7.587437629699707 -6.606159687042236 3.549999952316284
vertex -2.587437629699707 -6.606159687042236 3.549999952316284
endloop
endfacet
facet normal 0 -1 0
outer loop
vertex -21.58743667602539 -4.231159687042236 3.549999952316284
vertex -17.037437438964844 -4.231159687042236 0
vertex -17.037437438964844 -4.231159687042236 5
endloop
endfacet
facet normal -0.3746067265877794 0.9271838007618494 0
outer loop
vertex 49.44294357299805 34.69816970825195 0
vertex 45.22425842285156 32.993709564208984 0
vertex 45.22425842285156 32.993709564208984 3.549999952316284
endloop
endfacet
facet normal 1 0 0
outer loop
vertex 6.862562656402588 14.768839836120605 5
vertex 6.862562656402588 0.6688402891159058 5
vertex 6.862562656402588 14.768839836120605 0
endloop
endfacet
facet normal 0 1 0
outer loop
vertex -26.58743667602539 19.668840408325195 0
vertex -31.13743782043457 19.668840408325195 0
vertex -26.58743667602539 19.668840408325195 3.549999952316284
endloop
endfacet
facet normal 0 -1 0
outer loop
vertex 44.86256408691406 -13.731160163879395 5
vertex 54.41256332397461 -13.731160163879395 3.549999952316284
vertex 58.962562561035156 -13.731160163879395 5
endloop
endfacet
facet normal 0 1 0
outer loop
vertex 1.9625624418258667 -1.7061597108840942 0
vertex -2.587437629699707 -1.7061597108840942 0
vertex -2.587437629699707 -1.7061597108840942 3.549999952316284
endloop
endfacet
facet normal 0 -1 0
outer loop
vertex -64.58744049072266 0.5188402533531189 0
vertex -64.58744049072266 0.5188402533531189 3.549999952316284
vertex -69.13743591308594 0.5188402533531189 0
endloop
endfacet
facet normal 0 -1 0
outer loop
vertex 44.86256408691406 -32.73115921020508 5
vertex 49.41256332397461 -32.73115921020508 3.549999952316284
vertex 54.41256332397461 -32.73115921020508 3.549999952316284
endloop
endfacet
facet normal 0 -1 0
outer loop
vertex 44.86256408691406 5.268840312957764 0
vertex 49.41256332397461 5.268840312957764 3.549999952316284
vertex 44.86256408691406 5.268840312957764 5
endloop
endfacet
facet normal 0 1 0
outer loop
vertex -59.58743667602539 24.418840408325195 3.549999952316284
vertex -64.58744049072266 24.418840408325195 3.549999952316284
vertex -55.037437438964844 24.418840408325195 5
endloop
endfacet
facet normal 1 0 0
outer loop
vertex -12.13743782043457 -39.70616149902344 5
vertex -12.13743782043457 -25.606159210205078 0
vertex -12.13743782043457 -25.606159210205078 5
endloop
endfacet
facet normal 0 -1 0
outer loop
vertex -69.13743591308594 0.5188402533531189 5
vertex -59.58743667602539 0.5188402533531189 3.549999952316284
vertex -55.037437438964844 0.5188402533531189 5
endloop
endfacet
facet normal 0 1 0
outer loop
vertex -45.58743667602539 -32.58116149902344 0
vertex -50.13743591308594 -32.58116149902344 0
vertex -45.58743667602539 -32.58116149902344 3.549999952316284
endloop
endfacet
facet normal 0 -1 0
outer loop
vertex -59.58743667602539 38.51884078979492 3.549999952316284
vertex -55.037437438964844 38.51884078979492 0
vertex -55.037437438964844 38.51884078979492 5
endloop
endfacet
facet normal 1 0 0
outer loop
vertex 6.862562656402588 -4.231159687042236 0
vertex 6.862562656402588 -18.331159591674805 5
vertex 6.862562656402588 -18.331159591674805 0
endloop
endfacet
facet normal 0 -1 0
outer loop
vertex -50.13743591308594 38.51884078979492 5
vertex -40.58743667602539 38.51884078979492 3.549999952316284
vertex -36.037437438964844 38.51884078979492 5
endloop
endfacet
facet normal 0 -1 0
outer loop
vertex -40.58743667602539 -18.481159210205078 3.549999952316284
vertex -36.037437438964844 -18.481159210205078 0
vertex -36.037437438964844 -18.481159210205078 5
endloop
endfacet
facet normal 0 -1 0
outer loop
vertex 6.862562656402588 -23.231159210205078 0
vertex 11.412562370300293 -23.231159210205078 0
vertex 11.412562370300293 -23.231159210205078 3.549999952316284
endloop
endfacet
facet normal 0 -1 0
outer loop
vertex -2.587437629699707 -6.606159687042236 0
vertex 1.9625624418258667 -6.606159687042236 0
vertex -2.587437629699707 -6.606159687042236 3.549999952316284
endloop
endfacet
facet normal 0 -1 0
outer loop
vertex -59.58743667602539 19.518840789794922 3.549999952316284
vertex -55.037437438964844 19.518840789794922 0
vertex -55.037437438964844 19.518840789794922 5
endloop
endfacet
facet normal 0 1 0
outer loop
vertex 39.962562561035156 3.043840169906616 0
vertex 35.41256332397461 3.043840169906616 3.549999952316284
vertex 39.962562561035156 3.043840169906616 5
endloop
endfacet
facet normal 0 1 0
outer loop
vertex -55.037437438964844 5.418840408325195 0
vertex -59.58743667602539 5.418840408325195 3.549999952316284
vertex -55.037437438964844 5.418840408325195 5
endloop
endfacet
facet normal -1 0 0
outer loop
vertex 58.962562561035156 -32.73115921020508 5
vertex 58.962562561035156 -46.83116149902344 0
vertex 58.962562561035156 -46.83116149902344 5
endloop
endfacet
facet normal 1 0 0
outer loop
vertex 25.86256217956543 -15.956159591674805 0
vertex 25.86256217956543 -1.8561596870422363 0
vertex 25.86256217956543 -15.956159591674805 5
endloop
endfacet
facet normal -1 0 0
outer loop
vertex -36.037437438964844 0.5188402533531189 5
vertex -36.037437438964844 -13.581159591674805 0
vertex -36.037437438964844 -13.581159591674805 5
endloop
endfacet
facet normal -0.37460654267468513 0.9271838750673632 6.224291012103189e-7
outer loop
vertex 40.58833694458008 31.120677947998047 3.549999952316284
vertex 36.369651794433594 29.416217803955078 5
vertex 49.44294357299805 34.69816970825195 5
endloop
endfacet
facet normal -0.5000003617709581 0.8660251949157779 0
outer loop
vertex 59.88473892211914 40.73836135864258 0
vertex 55.9443244934082 38.46335983276367 0
vertex 59.88473892211914 40.73836135864258 3.549999952316284
endloop
endfacet
facet normal 0 -1 0
outer loop
vertex -26.58743667602539 33.76884078979492 0
vertex -26.58743667602539 33.76884078979492 3.549999952316284
vertex -31.13743782043457 33.76884078979492 0
endloop
endfacet
facet normal 0 -1 0
outer loop
vertex -50.13743591308594 0.5188402533531189 0
vertex -45.58743667602539 0.5188402533531189 0
vertex -45.58743667602539 0.5188402533531189 3.549999952316284
endloop
endfacet
facet normal 0 -1 0
outer loop
vertex -31.13743782043457 33.76884078979492 5
vertex -31.13743782043457 33.76884078979492 0
vertex -26.58743667602539 33.76884078979492 3.549999952316284
endloop
endfacet
facet normal 0 1 0
outer loop
vertex 1.9625624418258667 -20.706159591674805 5
vertex -7.587437629699707 -20.706159591674805 3.549999952316284
vertex -12.13743782043457 -20.706159591674805 5
endloop
endfacet
facet normal -1 0 0
outer loop
vertex -55.037437438964844 0.5188402533531189 5
vertex -55.037437438964844 -13.581159591674805 0
vertex -55.037437438964844 -13.581159591674805 5
endloop
endfacet
facet normal 0 -1 0
outer loop
vertex 44.86256408691406 5.268840312957764 5
vertex 49.41256332397461 5.268840312957764 3.549999952316284
vertex 54.41256332397461 5.268840312957764 3.549999952316284
endloop
endfacet
facet normal 0 1 0
outer loop
vertex 20.962562561035156 -18.331159591674805 0
vertex 16.41256332397461 -18.331159591674805 0
vertex 16.41256332397461 -18.331159591674805 3.549999952316284
endloop
endfacet
facet normal 0.5000003617709581 -0.8660251949157779 0
outer loop
vertex 61.105281829833984 57.72431945800781 0
vertex 57.16486740112305 55.449317932128906 3.549999952316284
vertex 57.16486740112305 55.449317932128906 0
endloop
endfacet
facet normal 0 -1 0
outer loop
vertex 30.41256332397461 -20.856159210205078 0
vertex 30.41256332397461 -20.856159210205078 3.549999952316284
vertex 25.86256217956543 -20.856159210205078 0
endloop
endfacet
facet normal 0 1 0
outer loop
vertex -55.037437438964844 -32.58116149902344 0
vertex -59.58743667602539 -32.58116149902344 3.549999952316284
vertex -55.037437438964844 -32.58116149902344 5
endloop
endfacet
facet normal 1 0 0
outer loop
vertex 6.862562656402588 -37.33116149902344 0
vertex 6.862562656402588 -23.231159210205078 0
vertex 6.862562656402588 -37.33116149902344 5
endloop
endfacet
facet normal 0 -1 0
outer loop
vertex 25.86256217956543 -20.856159210205078 5
vertex 30.41256332397461 -20.856159210205078 3.549999952316284
vertex 35.41256332397461 -20.856159210205078 3.549999952316284
endloop
endfacet
facet normal -1 0 0
outer loop
vertex 1.9625624418258667 -25.606159210205078 0
vertex 1.9625624418258667 -39.70616149902344 0
vertex 1.9625624418258667 -25.606159210205078 5
endloop
endfacet
facet normal 0 1 0
outer loop
vertex 11.412562370300293 -37.33116149902344 0
vertex 6.862562656402588 -37.33116149902344 0
vertex 11.412562370300293 -37.33116149902344 3.549999952316284
endloop
endfacet
facet normal 0 1 0
outer loop
vertex -45.58743667602539 -13.581159591674805 3.549999952316284
vertex -50.13743591308594 -13.581159591674805 0
vertex -50.13743591308594 -13.581159591674805 5
endloop
endfacet
facet normal 0 -1 0
outer loop
vertex -59.58743667602539 -37.48115921020508 0
vertex -55.037437438964844 -37.48115921020508 0
vertex -59.58743667602539 -37.48115921020508 3.549999952316284
endloop
endfacet
facet normal 0 1 0
outer loop
vertex -55.037437438964844 24.418840408325195 0
vertex -59.58743667602539 24.418840408325195 0
vertex -59.58743667602539 24.418840408325195 3.549999952316284
endloop
endfacet
facet normal 0 -1 0
outer loop
vertex -31.13743782043457 -4.231159687042236 0
vertex -26.58743667602539 -4.231159687042236 3.549999952316284
vertex -31.13743782043457 -4.231159687042236 5
endloop
endfacet
facet normal 0 1 0
outer loop
vertex -7.587437629699707 -39.70616149902344 0
vertex -12.13743782043457 -39.70616149902344 0
vertex -7.587437629699707 -39.70616149902344 3.549999952316284
endloop
endfacet
facet normal 0 1 0
outer loop
vertex -17.037437438964844 0.6688402891159058 5
vertex -26.58743667602539 0.6688402891159058 3.549999952316284
vertex -31.13743782043457 0.6688402891159058 5
endloop
endfacet
facet normal 0 -1 0
outer loop
vertex -31.13743782043457 14.768839836120605 5
vertex -21.58743667602539 14.768839836120605 3.549999952316284
vertex -17.037437438964844 14.768839836120605 5
endloop
endfacet
facet normal 0 -1 0
outer loop
vertex 6.862562656402588 -4.231159687042236 5
vertex 11.412562370300293 -4.231159687042236 3.549999952316284
vertex 16.41256332397461 -4.231159687042236 3.549999952316284
endloop
endfacet
facet normal 0 -1 0
outer loop
vertex -31.13743782043457 14.768839836120605 5
vertex -26.58743667602539 14.768839836120605 3.549999952316284
vertex -21.58743667602539 14.768839836120605 3.549999952316284
endloop
endfacet
facet normal 1 0 0
outer loop
vertex -31.13743782043457 -56.33116149902344 5
vertex -31.13743782043457 -42.23115921020508 0
vertex -31.13743782043457 -42.23115921020508 5
endloop
endfacet
facet normal 1 0 0
outer loop
vertex 25.86256217956543 -15.956159591674805 5
vertex 25.86256217956543 -1.8561596870422363 0
vertex 25.86256217956543 -1.8561596870422363 5
endloop
endfacet
facet normal 0 1 0
outer loop
vertex -26.58743667602539 -37.33116149902344 3.549999952316284
vertex -31.13743782043457 -37.33116149902344 0
vertex -31.13743782043457 -37.33116149902344 5
endloop
endfacet
facet normal 0 1 0
outer loop
vertex 20.962562561035156 -18.331159591674805 0
vertex 16.41256332397461 -18.331159591674805 3.549999952316284
vertex 20.962562561035156 -18.331159591674805 5
endloop
endfacet
facet normal 0 1 0
outer loop
vertex 49.41256332397461 -27.831159591674805 0
vertex 44.86256408691406 -27.831159591674805 0
vertex 49.41256332397461 -27.831159591674805 3.549999952316284
endloop
endfacet
facet normal 0 -1 0
outer loop
vertex -50.13743591308594 -37.48115921020508 5
vertex -45.58743667602539 -37.48115921020508 3.549999952316284
vertex -40.58743667602539 -37.48115921020508 3.549999952316284
endloop
endfacet
facet normal 0 -1 0
outer loop
vertex 35.41256332397461 17.143840789794922 3.549999952316284
vertex 39.962562561035156 17.143840789794922 0
vertex 39.962562561035156 17.143840789794922 5
endloop
endfacet
facet normal 0 -1 0
outer loop
vertex -40.58743667602539 19.518840789794922 0
vertex -36.037437438964844 19.518840789794922 0
vertex -40.58743667602539 19.518840789794922 3.549999952316284
endloop
endfacet
facet normal 1 0 0
outer loop
vertex -69.13743591308594 -13.581159591674805 5
vertex -69.13743591308594 0.5188402533531189 0
vertex -69.13743591308594 0.5188402533531189 5
endloop
endfacet
facet normal 1 0 0
outer loop
vertex -69.13743591308594 24.418840408325195 0
vertex -69.13743591308594 38.51884078979492 0
vertex -69.13743591308594 24.418840408325195 5
endloop
endfacet
facet normal 0 -1 0
outer loop
vertex -50.13743591308594 -37.48115921020508 5
vertex -40.58743667602539 -37.48115921020508 3.549999952316284
vertex -36.037437438964844 -37.48115921020508 5
endloop
endfacet
facet normal -1 0 0
outer loop
vertex -55.037437438964844 19.518840789794922 0
vertex -55.037437438964844 5.418840408325195 0
vertex -55.037437438964844 19.518840789794922 5
endloop
endfacet
facet normal 0 -1 0
outer loop
vertex -21.58743667602539 33.76884078979492 3.549999952316284
vertex -17.037437438964844 33.76884078979492 0
vertex -17.037437438964844 33.76884078979492 5
endloop
endfacet
facet normal 0 1 0
outer loop
vertex -59.58743667602539 5.418840408325195 3.549999952316284
vertex -64.58744049072266 5.418840408325195 3.549999952316284
vertex -55.037437438964844 5.418840408325195 5
endloop
endfacet
facet normal 0 -1 0
outer loop
vertex -50.13743591308594 38.51884078979492 0
vertex -45.58743667602539 38.51884078979492 3.549999952316284
vertex -50.13743591308594 38.51884078979492 5
endloop
endfacet
facet normal -1 0 0
outer loop
vertex -55.037437438964844 -37.48115921020508 5
vertex -55.037437438964844 -51.58116149902344 0
vertex -55.037437438964844 -51.58116149902344 5
endloop
endfacet
facet normal 0 -1 0
outer loop
vertex -69.13743591308594 38.51884078979492 5
vertex -64.58744049072266 38.51884078979492 3.549999952316284
vertex -59.58743667602539 38.51884078979492 3.549999952316284
endloop
endfacet
facet normal 0 1 0
outer loop
vertex -55.037437438964844 -51.58116149902344 0
vertex -59.58743667602539 -51.58116149902344 3.549999952316284
vertex -55.037437438964844 -51.58116149902344 5
endloop
endfacet
facet normal 0 1 0
outer loop
vertex 39.962562561035156 -15.956159591674805 0
vertex 35.41256332397461 -15.956159591674805 3.549999952316284
vertex 39.962562561035156 -15.956159591674805 5
endloop
endfacet
facet normal -1 0 0
outer loop
vertex 39.962562561035156 -39.85615921020508 5
vertex 39.962562561035156 -53.95616149902344 0
vertex 39.962562561035156 -53.95616149902344 5
endloop
endfacet
facet normal 1 0 0
outer loop
vertex -69.13743591308594 5.418840408325195 5
vertex -69.13743591308594 19.518840789794922 0
vertex -69.13743591308594 19.518840789794922 5
endloop
endfacet
facet normal 0 -1 0
outer loop
vertex -64.58744049072266 38.51884078979492 0
vertex -64.58744049072266 38.51884078979492 3.549999952316284
vertex -69.13743591308594 38.51884078979492 0
endloop
endfacet
facet normal 0.4999997329745802 -0.8660255579515819 0
outer loop
vertex 48.894325256347656 50.674320220947266 5
vertex 48.894325256347656 50.674320220947266 0
vertex 52.834739685058594 52.949317932128906 3.549999952316284
endloop
endfacet
facet normal 1 0 0
outer loop
vertex -50.13743591308594 -13.581159591674805 0
vertex -50.13743591308594 0.5188402533531189 0
vertex -50.13743591308594 -13.581159591674805 5
endloop
endfacet
facet normal 0 -1 0
outer loop
vertex -12.13743782043457 12.393839836120605 5
vertex -7.587437629699707 12.393839836120605 3.549999952316284
vertex -2.587437629699707 12.393839836120605 3.549999952316284
endloop
endfacet
facet normal 0 1 0
outer loop
vertex -36.037437438964844 -32.58116149902344 0
vertex -40.58743667602539 -32.58116149902344 3.549999952316284
vertex -36.037437438964844 -32.58116149902344 5
endloop
endfacet
facet normal 0 -1 0
outer loop
vertex 54.41256332397461 -13.731160163879395 3.549999952316284
vertex 58.962562561035156 -13.731160163879395 0
vertex 58.962562561035156 -13.731160163879395 5
endloop
endfacet
facet normal 1 0 0
outer loop
vertex 25.86256217956543 -34.95616149902344 5
vertex 25.86256217956543 -20.856159210205078 0
vertex 25.86256217956543 -20.856159210205078 5
endloop
endfacet
facet normal 1 0 0
outer loop
vertex -12.13743782043457 -20.706159591674805 5
vertex -12.13743782043457 -6.606159687042236 0
vertex -12.13743782043457 -6.606159687042236 5
endloop
endfacet
facet normal 0 1 0
outer loop
vertex 30.41256332397461 -34.95616149902344 3.549999952316284
vertex 25.86256217956543 -34.95616149902344 0
vertex 25.86256217956543 -34.95616149902344 5
endloop
endfacet
facet normal 0 -1 0
outer loop
vertex 47.669010162353516 5.268840312957764 0
vertex 49.41256332397461 5.268840312957764 3.549999952316284
vertex 44.86256408691406 5.268840312957764 0
endloop
endfacet
facet normal 0 1 0
outer loop
vertex -26.58743667602539 -56.33116149902344 3.549999952316284
vertex -31.13743782043457 -56.33116149902344 0
vertex -31.13743782043457 -56.33116149902344 5
endloop
endfacet
facet normal 0 -1 0
outer loop
vertex 54.41256332397461 5.268840312957764 3.549999952316284
vertex 58.962562561035156 5.268840312957764 0
vertex 58.962562561035156 5.268840312957764 5
endloop
endfacet
facet normal 0 -1 0
outer loop
vertex 1.9625624418258667 -6.606159687042236 5
vertex -2.587437629699707 -6.606159687042236 3.549999952316284
vertex 1.9625624418258667 -6.606159687042236 0
endloop
endfacet
facet normal 1 0 0
outer loop
vertex -31.13743782043457 -42.23115921020508 0
vertex -31.13743782043457 -56.33116149902344 5
vertex -31.13743782043457 -56.33116149902344 0
endloop
endfacet
facet normal 1 0 0
outer loop
vertex 6.862562656402588 -37.33116149902344 5
vertex 6.862562656402588 -23.231159210205078 0
vertex 6.862562656402588 -23.231159210205078 5
endloop
endfacet
facet normal -0.9271838750675429 -0.3746065426747577 0
outer loop
vertex 44.16099166870117 47.771461486816406 0
vertex 49.44294357299805 34.69816970825195 0
vertex 44.16099166870117 47.771461486816406 5
endloop
endfacet
facet normal 0 -1 0
outer loop
vertex 1.9625624418258667 -25.606159210205078 5
vertex -2.587437629699707 -25.606159210205078 3.549999952316284
vertex 1.9625624418258667 -25.606159210205078 0
endloop
endfacet
facet normal 0 1 0
outer loop
vertex 30.41256332397461 -53.95616149902344 0
vertex 25.86256217956543 -53.95616149902344 0
vertex 30.41256332397461 -53.95616149902344 3.549999952316284
endloop
endfacet
facet normal 0 1 0
outer loop
vertex 35.41256332397461 -53.95616149902344 3.549999952316284
vertex 30.41256332397461 -53.95616149902344 3.549999952316284
vertex 39.962562561035156 -53.95616149902344 5
endloop
endfacet
facet normal 0 1 0
outer loop
vertex -21.58743667602539 -56.33116149902344 3.549999952316284
vertex -26.58743667602539 -56.33116149902344 3.549999952316284
vertex -17.037437438964844 -56.33116149902344 5
endloop
endfacet
facet normal 0 -1 0
outer loop
vertex 6.862562656402588 -42.23115921020508 5
vertex 11.412562370300293 -42.23115921020508 3.549999952316284
vertex 16.41256332397461 -42.23115921020508 3.549999952316284
endloop
endfacet
facet normal 0 -1 0
outer loop
vertex -50.13743591308594 38.51884078979492 5
vertex -45.58743667602539 38.51884078979492 3.549999952316284
vertex -40.58743667602539 38.51884078979492 3.549999952316284
endloop
endfacet
facet normal 1 0 0
outer loop
vertex -12.13743782043457 -1.7061597108840942 5
vertex -12.13743782043457 12.393839836120605 0
vertex -12.13743782043457 12.393839836120605 5
endloop
endfacet
facet normal 0 1 0
outer loop
vertex 58.962562561035156 -8.831159591674805 5
vertex 49.41256332397461 -8.831159591674805 3.549999952316284
vertex 44.86256408691406 -8.831159591674805 5
endloop
endfacet
facet normal 0 1 0
outer loop
vertex 20.962562561035156 -37.33116149902344 0
vertex 16.41256332397461 -37.33116149902344 3.549999952316284
vertex 20.962562561035156 -37.33116149902344 5
endloop
endfacet
facet normal 0 -1 0
outer loop
vertex -31.13743782043457 33.76884078979492 5
vertex -21.58743667602539 33.76884078979492 3.549999952316284
vertex -17.037437438964844 33.76884078979492 5
endloop
endfacet
facet normal 0 1 0
outer loop
vertex -36.037437438964844 24.418840408325195 5
vertex -45.58743667602539 24.418840408325195 3.549999952316284
vertex -50.13743591308594 24.418840408325195 5
endloop
endfacet
facet normal 0 -1 0
outer loop
vertex -12.13743782043457 -6.606159687042236 5
vertex -2.587437629699707 -6.606159687042236 3.549999952316284
vertex 1.9625624418258667 -6.606159687042236 5
endloop
endfacet
facet normal -1 0 0
outer loop
vertex -17.037437438964844 -42.23115921020508 5
vertex -17.037437438964844 -56.33116149902344 0
vertex -17.037437438964844 -56.33116149902344 5
endloop
endfacet
facet normal 1 0 0
outer loop
vertex -69.13743591308594 24.418840408325195 5
vertex -69.13743591308594 38.51884078979492 0
vertex -69.13743591308594 38.51884078979492 5
endloop
endfacet
facet normal 0 1 0
outer loop
vertex 11.412562370300293 -37.33116149902344 3.549999952316284
vertex 6.862562656402588 -37.33116149902344 0
vertex 6.862562656402588 -37.33116149902344 5
endloop
endfacet
facet normal 0 -1 0
outer loop
vertex -69.13743591308594 -18.481159210205078 5
vertex -59.58743667602539 -18.481159210205078 3.549999952316284
vertex -55.037437438964844 -18.481159210205078 5
endloop
endfacet
facet normal 0 1 0
outer loop
vertex -36.037437438964844 -32.58116149902344 5
vertex -45.58743667602539 -32.58116149902344 3.549999952316284
vertex -50.13743591308594 -32.58116149902344 5
endloop
endfacet
facet normal 0 -1 0
outer loop
vertex 39.962562561035156 -39.85615921020508 0
vertex 35.41256332397461 -39.85615921020508 3.549999952316284
vertex 35.41256332397461 -39.85615921020508 0
endloop
endfacet
facet normal -1 0 0
outer loop
vertex 58.962562561035156 -13.731160163879395 0
vertex 58.962562561035156 -27.831159591674805 0
vertex 58.962562561035156 -13.731160163879395 5
endloop
endfacet
facet normal 0 1 0
outer loop
vertex 35.41256332397461 -34.95616149902344 3.549999952316284
vertex 30.41256332397461 -34.95616149902344 3.549999952316284
vertex 39.962562561035156 -34.95616149902344 5
endloop
endfacet
facet normal 0 -1 0
outer loop
vertex -31.13743782043457 -4.231159687042236 5
vertex -26.58743667602539 -4.231159687042236 3.549999952316284
vertex -21.58743667602539 -4.231159687042236 3.549999952316284
endloop
endfacet
facet normal 0 1 0
outer loop
vertex -2.587437629699707 -1.7061597108840942 3.549999952316284
vertex -7.587437629699707 -1.7061597108840942 3.549999952316284
vertex 1.9625624418258667 -1.7061597108840942 5
endloop
endfacet
facet normal -1 0 0
outer loop
vertex 39.962562561035156 -1.8561596870422363 0
vertex 39.962562561035156 -15.956159591674805 0
vertex 39.962562561035156 -1.8561596870422363 5
endloop
endfacet
facet normal 0 -1 0
outer loop
vertex -50.13743591308594 19.518840789794922 0
vertex -45.58743667602539 19.518840789794922 3.549999952316284
vertex -50.13743591308594 19.518840789794922 5
endloop
endfacet
facet normal 0 1 0
outer loop
vertex -17.037437438964844 -18.331159591674805 5
vertex -26.58743667602539 -18.331159591674805 3.549999952316284
vertex -31.13743782043457 -18.331159591674805 5
endloop
endfacet
facet normal 0 -1 0
outer loop
vertex -2.587437629699707 -44.60615921020508 0
vertex 1.9625624418258667 -44.60615921020508 0
vertex -2.587437629699707 -44.60615921020508 3.549999952316284
endloop
endfacet
facet normal -1 0 0
outer loop
vertex 39.962562561035156 -20.856159210205078 0
vertex 39.962562561035156 -34.95616149902344 0
vertex 39.962562561035156 -20.856159210205078 5
endloop
endfacet
facet normal 0 1 0
outer loop
vertex 39.962562561035156 -53.95616149902344 0
vertex 35.41256332397461 -53.95616149902344 3.549999952316284
vertex 39.962562561035156 -53.95616149902344 5
endloop
endfacet
facet normal 0 1 0
outer loop
vertex 49.41256332397461 -8.831159591674805 0
vertex 44.86256408691406 -8.831159591674805 0
vertex 49.41256332397461 -8.831159591674805 3.549999952316284
endloop
endfacet
facet normal 0 1 0
outer loop
vertex -26.58743667602539 19.668840408325195 3.549999952316284
vertex -31.13743782043457 19.668840408325195 0
vertex -31.13743782043457 19.668840408325195 5
endloop
endfacet
facet normal 0 1 0
outer loop
vertex -36.037437438964844 24.418840408325195 0
vertex -40.58743667602539 24.418840408325195 3.549999952316284
vertex -36.037437438964844 24.418840408325195 5
endloop
endfacet
facet normal 0 1 0
outer loop
vertex 20.962562561035156 0.6688402891159058 0
vertex 16.41256332397461 0.6688402891159058 3.549999952316284
vertex 20.962562561035156 0.6688402891159058 5
endloop
endfacet
facet normal 0 1 0
outer loop
vertex -7.587437629699707 -20.706159591674805 3.549999952316284
vertex -12.13743782043457 -20.706159591674805 0
vertex -12.13743782043457 -20.706159591674805 5
endloop
endfacet
facet normal 0 -1 0
outer loop
vertex 58.962562561035156 -32.73115921020508 0
vertex 54.41256332397461 -32.73115921020508 3.549999952316284
vertex 54.41256332397461 -32.73115921020508 0
endloop
endfacet
facet normal 0 1 0
outer loop
vertex -45.58743667602539 24.418840408325195 3.549999952316284
vertex -50.13743591308594 24.418840408325195 0
vertex -50.13743591308594 24.418840408325195 5
endloop
endfacet
facet normal 0 -1 0
outer loop
vertex 44.86256408691406 -32.73115921020508 0
vertex 49.41256332397461 -32.73115921020508 0
vertex 49.41256332397461 -32.73115921020508 3.549999952316284
endloop
endfacet
facet normal 0 1 0
outer loop
vertex 20.962562561035156 0.6688402891159058 5
vertex 11.412562370300293 0.6688402891159058 3.549999952316284
vertex 6.862562656402588 0.6688402891159058 5
endloop
endfacet
facet normal 0 1 0
outer loop
vertex -17.037437438964844 -37.33116149902344 0
vertex -21.58743667602539 -37.33116149902344 0
vertex -21.58743667602539 -37.33116149902344 3.549999952316284
endloop
endfacet
facet normal -1 0 0
outer loop
vertex -55.037437438964844 38.51884078979492 5
vertex -55.037437438964844 24.418840408325195 0
vertex -55.037437438964844 24.418840408325195 5
endloop
endfacet
facet normal 0 -1 0
outer loop
vertex 35.41256332397461 -1.8561596870422363 0
vertex 39.962562561035156 -1.8561596870422363 0
vertex 35.41256332397461 -1.8561596870422363 3.549999952316284
endloop
endfacet
facet normal 0 1 0
outer loop
vertex 58.962562561035156 10.168840408325195 0
vertex 54.41256332397461 10.168840408325195 3.549999952316284
vertex 58.962562561035156 10.168840408325195 5
endloop
endfacet
facet normal 0 1 0
outer loop
vertex -55.037437438964844 -13.581159591674805 5
vertex -64.58744049072266 -13.581159591674805 3.549999952316284
vertex -69.13743591308594 -13.581159591674805 5
endloop
endfacet
facet normal 1 0 0
outer loop
vertex 44.86256408691406 -8.831159591674805 5
vertex 44.86256408691406 5.268840312957764 0
vertex 44.86256408691406 5.268840312957764 5
endloop
endfacet
facet normal -1 0 0
outer loop
vertex -36.037437438964844 0.5188402533531189 0
vertex -36.037437438964844 -13.581159591674805 0
vertex -36.037437438964844 0.5188402533531189 5
endloop
endfacet
facet normal 0 -1 0
outer loop
vertex -69.13743591308594 19.518840789794922 0
vertex -64.58744049072266 19.518840789794922 3.549999952316284
vertex -69.13743591308594 19.518840789794922 5
endloop
endfacet
facet normal 0 -1 0
outer loop
vertex -12.13743782043457 -25.606159210205078 5
vertex -2.587437629699707 -25.606159210205078 3.549999952316284
vertex 1.9625624418258667 -25.606159210205078 5
endloop
endfacet
facet normal -1 0 0
outer loop
vertex -36.037437438964844 19.518840789794922 0
vertex -36.037437438964844 5.418840408325195 0
vertex -36.037437438964844 19.518840789794922 5
endloop
endfacet
facet normal 0 -1 0
outer loop
vertex 16.41256332397461 14.768839836120605 0
vertex 20.962562561035156 14.768839836120605 0
vertex 16.41256332397461 14.768839836120605 3.549999952316284
endloop
endfacet
facet normal 0 1 0
outer loop
vertex -17.037437438964844 -18.331159591674805 0
vertex -21.58743667602539 -18.331159591674805 3.549999952316284
vertex -17.037437438964844 -18.331159591674805 5
endloop
endfacet
facet normal -1 0 0
outer loop
vertex -55.037437438964844 38.51884078979492 0
vertex -55.037437438964844 24.418840408325195 0
vertex -55.037437438964844 38.51884078979492 5
endloop
endfacet
facet normal 0.37460643538876826 -0.9271839184138823 0
outer loop
vertex 39.94230270385742 46.06700134277344 3.549999952316284
vertex 44.16099166870117 47.771461486816406 0
vertex 44.16099166870117 47.771461486816406 5
endloop
endfacet
facet normal 0 -1 0
outer loop
vertex -2.587437629699707 -25.606159210205078 0
vertex 1.9625624418258667 -25.606159210205078 0
vertex -2.587437629699707 -25.606159210205078 3.549999952316284
endloop
endfacet
facet normal 0 1 0
outer loop
vertex -17.037437438964844 19.668840408325195 0
vertex -21.58743667602539 19.668840408325195 3.549999952316284
vertex -17.037437438964844 19.668840408325195 5
endloop
endfacet
facet normal 0 1 0
outer loop
vertex -64.58744049072266 5.418840408325195 0
vertex -69.13743591308594 5.418840408325195 0
vertex -64.58744049072266 5.418840408325195 3.549999952316284
endloop
endfacet
facet normal 0 -1 0
outer loop
vertex 25.86256217956543 -1.8561596870422363 5
vertex 30.41256332397461 -1.8561596870422363 3.549999952316284
vertex 35.41256332397461 -1.8561596870422363 3.549999952316284
endloop
endfacet
facet normal 0 1 0
outer loop
vertex -17.037437438964844 0.6688402891159058 0
vertex -21.58743667602539 0.6688402891159058 0
vertex -21.58743667602539 0.6688402891159058 3.549999952316284
endloop
endfacet
facet normal 0 1 0
outer loop
vertex 11.412562370300293 0.6688402891159058 0
vertex 6.862562656402588 0.6688402891159058 0
vertex 11.412562370300293 0.6688402891159058 3.549999952316284
endloop
endfacet
facet normal 0 1 0
outer loop
vertex -17.037437438964844 19.668840408325195 0
vertex -21.58743667602539 19.668840408325195 0
vertex -21.58743667602539 19.668840408325195 3.549999952316284
endloop
endfacet
facet normal -1 0 0
outer loop
vertex 58.962562561035156 5.268840312957764 0
vertex 58.962562561035156 -8.831159591674805 0
vertex 58.962562561035156 5.268840312957764 5
endloop
endfacet
facet normal 0 1 0
outer loop
vertex -17.037437438964844 -18.331159591674805 0
vertex -21.58743667602539 -18.331159591674805 0
vertex -21.58743667602539 -18.331159591674805 3.549999952316284
endloop
endfacet
facet normal 0 -1 0
outer loop
vertex 44.86256408691406 -13.731160163879395 5
vertex 49.41256332397461 -13.731160163879395 3.549999952316284
vertex 54.41256332397461 -13.731160163879395 3.549999952316284
endloop
endfacet
facet normal 0 -1 0
outer loop
vertex -2.587437629699707 12.393839836120605 0
vertex 1.9625624418258667 12.393839836120605 0
vertex -2.587437629699707 12.393839836120605 3.549999952316284
endloop
endfacet
facet normal 0 1 0
outer loop
vertex 54.41256332397461 -46.83116149902344 0
vertex 54.41256332397461 -46.83116149902344 3.549999952316284
vertex 58.962562561035156 -46.83116149902344 0
endloop
endfacet
facet normal 0 1 0
outer loop
vertex 54.41256332397461 -27.831159591674805 3.549999952316284
vertex 49.41256332397461 -27.831159591674805 3.549999952316284
vertex 58.962562561035156 -27.831159591674805 5
endloop
endfacet
facet normal 0 -1 0
outer loop
vertex 6.862562656402588 14.768839836120605 5
vertex 16.41256332397461 14.768839836120605 3.549999952316284
vertex 20.962562561035156 14.768839836120605 5
endloop
endfacet
facet normal -1 0 0
outer loop
vertex 58.962562561035156 -8.831159591674805 5
vertex 58.962562561035156 5.268840312957764 5
vertex 58.962562561035156 -8.831159591674805 0
endloop
endfacet
facet normal 0 1 0
outer loop
vertex 58.962562561035156 -27.831159591674805 5
vertex 49.41256332397461 -27.831159591674805 3.549999952316284
vertex 44.86256408691406 -27.831159591674805 5
endloop
endfacet
facet normal 0 1 0
outer loop
vertex -36.037437438964844 5.418840408325195 5
vertex -45.58743667602539 5.418840408325195 3.549999952316284
vertex -50.13743591308594 5.418840408325195 5
endloop
endfacet
facet normal -1 0 0
outer loop
vertex 58.962562561035156 -13.731160163879395 5
vertex 58.962562561035156 -27.831159591674805 0
vertex 58.962562561035156 -27.831159591674805 5
endloop
endfacet
facet normal 0 1 0
outer loop
vertex 58.962562561035156 -27.831159591674805 0
vertex 54.41256332397461 -27.831159591674805 3.549999952316284
vertex 58.962562561035156 -27.831159591674805 5
endloop
endfacet
facet normal 0 1 0
outer loop
vertex -26.58743667602539 0.6688402891159058 3.549999952316284
vertex -31.13743782043457 0.6688402891159058 0
vertex -31.13743782043457 0.6688402891159058 5
endloop
endfacet
facet normal 0 1 0
outer loop
vertex -55.037437438964844 -32.58116149902344 5
vertex -64.58744049072266 -32.58116149902344 3.549999952316284
vertex -69.13743591308594 -32.58116149902344 5
endloop
endfacet
facet normal 0 -1 0
outer loop
vertex -64.58744049072266 19.518840789794922 0
vertex -64.58744049072266 19.518840789794922 3.549999952316284
vertex -69.13743591308594 19.518840789794922 0
endloop
endfacet
facet normal 0 -1 0
outer loop
vertex -50.13743591308594 19.518840789794922 5
vertex -40.58743667602539 19.518840789794922 3.549999952316284
vertex -36.037437438964844 19.518840789794922 5
endloop
endfacet
facet normal -0.8660253984932259 -0.5000000091646493 0
outer loop
vertex 61.105281829833984 57.72431945800781 0
vertex 68.15528106689453 45.513362884521484 0
vertex 61.105281829833984 57.72431945800781 5
endloop
endfacet
facet normal -1 0 0
outer loop
vertex 20.962562561035156 -42.23115921020508 0
vertex 20.962562561035156 -56.33116149902344 0
vertex 20.962562561035156 -42.23115921020508 5
endloop
endfacet
facet normal -1 0 0
outer loop
vertex 39.962562561035156 -1.8561596870422363 5
vertex 39.962562561035156 -15.956159591674805 0
vertex 39.962562561035156 -15.956159591674805 5
endloop
endfacet
facet normal 1 0 0
outer loop
vertex -50.13743591308594 24.418840408325195 5
vertex -50.13743591308594 38.51884078979492 0
vertex -50.13743591308594 38.51884078979492 5
endloop
endfacet
facet normal 1 0 0
outer loop
vertex -12.13743782043457 -25.606159210205078 0
vertex -12.13743782043457 -39.70616149902344 5
vertex -12.13743782043457 -39.70616149902344 0
endloop
endfacet
facet normal 0 -1 0
outer loop
vertex -69.13743591308594 38.51884078979492 5
vertex -59.58743667602539 38.51884078979492 3.549999952316284
vertex -55.037437438964844 38.51884078979492 5
endloop
endfacet
facet normal -1 0 0
outer loop
vertex -36.037437438964844 38.51884078979492 5
vertex -36.037437438964844 24.418840408325195 0
vertex -36.037437438964844 24.418840408325195 5
endloop
endfacet
facet normal 0 1 0
outer loop
vertex -36.037437438964844 5.418840408325195 0
vertex -40.58743667602539 5.418840408325195 3.549999952316284
vertex -36.037437438964844 5.418840408325195 5
endloop
endfacet
facet normal 0 -1 0
outer loop
vertex -59.58743667602539 0.5188402533531189 3.549999952316284
vertex -55.037437438964844 0.5188402533531189 0
vertex -55.037437438964844 0.5188402533531189 5
endloop
endfacet
facet normal 0 -1 0
outer loop
vertex -69.13743591308594 0.5188402533531189 5
vertex -64.58744049072266 0.5188402533531189 3.549999952316284
vertex -59.58743667602539 0.5188402533531189 3.549999952316284
endloop
endfacet
facet normal 0 1 0
outer loop
vertex -36.037437438964844 -32.58116149902344 0
vertex -40.58743667602539 -32.58116149902344 0
vertex -40.58743667602539 -32.58116149902344 3.549999952316284
endloop
endfacet
facet normal 0 1 0
outer loop
vertex 49.41256332397461 -27.831159591674805 3.549999952316284
vertex 44.86256408691406 -27.831159591674805 0
vertex 44.86256408691406 -27.831159591674805 5
endloop
endfacet
facet normal -1 0 0
outer loop
vertex -36.037437438964844 -18.481159210205078 0
vertex -36.037437438964844 -32.58116149902344 0
vertex -36.037437438964844 -18.481159210205078 5
endloop
endfacet
facet normal 0 1 0
outer loop
vertex -55.037437438964844 24.418840408325195 0
vertex -59.58743667602539 24.418840408325195 3.549999952316284
vertex -55.037437438964844 24.418840408325195 5
endloop
endfacet
facet normal 1 0 0
outer loop
vertex 6.862562656402588 -56.33116149902344 5
vertex 6.862562656402588 -48.50291061401367 0
vertex 6.862562656402588 -42.23115921020508 0
endloop
endfacet
facet normal -1 0 0
outer loop
vertex -17.037437438964844 14.768839836120605 0
vertex -17.037437438964844 0.6688402891159058 0
vertex -17.037437438964844 14.768839836120605 5
endloop
endfacet
facet normal 0 1 0
outer loop
vertex 49.41256332397461 -46.83116149902344 0
vertex 44.86256408691406 -46.83116149902344 0
vertex 49.41256332397461 -46.83116149902344 3.549999952316284
endloop
endfacet
facet normal 0 1 0
outer loop
vertex -45.58743667602539 5.418840408325195 3.549999952316284
vertex -50.13743591308594 5.418840408325195 0
vertex -50.13743591308594 5.418840408325195 5
endloop
endfacet
facet normal 0 1 0
outer loop
vertex 58.962562561035156 -46.83116149902344 0
vertex 54.41256332397461 -46.83116149902344 3.549999952316284
vertex 58.962562561035156 -46.83116149902344 5
endloop
endfacet
facet normal 0 1 0
outer loop
vertex -26.58743667602539 -18.331159591674805 3.549999952316284
vertex -31.13743782043457 -18.331159591674805 0
vertex -31.13743782043457 -18.331159591674805 5
endloop
endfacet
facet normal 0 -1 0
outer loop
vertex -17.037437438964844 -42.23115921020508 0
vertex -21.58743667602539 -42.23115921020508 3.549999952316284
vertex -21.58743667602539 -42.23115921020508 0
endloop
endfacet
facet normal 1 0 0
outer loop
vertex -31.13743782043457 19.668840408325195 0
vertex -31.13743782043457 33.76884078979492 0
vertex -31.13743782043457 19.668840408325195 5
endloop
endfacet
facet normal -1 0 0
outer loop
vertex 39.962562561035156 17.143840789794922 0
vertex 39.962562561035156 3.043840169906616 0
vertex 39.962562561035156 17.143840789794922 5
endloop
endfacet
facet normal 0 -1 0
outer loop
vertex 35.41256332397461 -39.85615921020508 3.549999952316284
vertex 39.962562561035156 -39.85615921020508 0
vertex 39.962562561035156 -39.85615921020508 5
endloop
endfacet
facet normal 0 1 0
outer loop
vertex 30.41256332397461 -15.956159591674805 0
vertex 25.86256217956543 -15.956159591674805 0
vertex 30.41256332397461 -15.956159591674805 3.549999952316284
endloop
endfacet
facet normal 0 -1 0
outer loop
vertex -31.13743782043457 -42.23115921020508 5
vertex -21.58743667602539 -42.23115921020508 3.549999952316284
vertex -17.037437438964844 -42.23115921020508 5
endloop
endfacet
facet normal 0 -1 0
outer loop
vertex -59.58743667602539 0.5188402533531189 0
vertex -55.037437438964844 0.5188402533531189 0
vertex -59.58743667602539 0.5188402533531189 3.549999952316284
endloop
endfacet
facet normal -0.5000003617709581 0.8660251949157778 0
outer loop
vertex 68.15528106689453 45.513362884521484 0
vertex 64.2148666381836 43.23836135864258 3.549999952316284
vertex 68.15528106689453 45.513362884521484 5
endloop
endfacet
facet normal 0 -1 0
outer loop
vertex 6.862562656402588 14.768839836120605 5
vertex 6.862562656402588 14.768839836120605 0
vertex 11.412562370300293 14.768839836120605 3.549999952316284
endloop
endfacet
facet normal -1 0 0
outer loop
vertex -17.037437438964844 33.76884078979492 0
vertex -17.037437438964844 19.668840408325195 0
vertex -17.037437438964844 33.76884078979492 5
endloop
endfacet
facet normal 0 -1 0
outer loop
vertex -21.58743667602539 -42.23115921020508 3.549999952316284
vertex -17.037437438964844 -42.23115921020508 0
vertex -17.037437438964844 -42.23115921020508 5
endloop
endfacet
facet normal -0.49999993962513045 0.8660254386405323 -0.0000015295887071284995
outer loop
vertex 68.15528106689453 45.513362884521484 5
vertex 64.2148666381836 43.23836135864258 3.549999952316284
vertex 59.88473892211914 40.73836135864258 3.549999952316284
endloop
endfacet
facet normal 0 -1 0
outer loop
vertex 49.41256332397461 24.268840789794922 0
vertex 49.41256332397461 24.268840789794922 3.549999952316284
vertex 44.86256408691406 24.268840789794922 0
endloop
endfacet
facet normal 0 -1 0
outer loop
vertex -31.13743782043457 33.76884078979492 5
vertex -26.58743667602539 33.76884078979492 3.549999952316284
vertex -21.58743667602539 33.76884078979492 3.549999952316284
endloop
endfacet
facet normal 0 1 0
outer loop
vertex -59.58743667602539 -32.58116149902344 3.549999952316284
vertex -64.58744049072266 -32.58116149902344 3.549999952316284
vertex -55.037437438964844 -32.58116149902344 5
endloop
endfacet
facet normal 0 -1 0
outer loop
vertex -12.13743782043457 12.393839836120605 5
vertex -2.587437629699707 12.393839836120605 3.549999952316284
vertex 1.9625624418258667 12.393839836120605 5
endloop
endfacet
facet normal 1 0 0
outer loop
vertex 44.86256408691406 -32.73115921020508 0
vertex 44.86256408691406 -46.83116149902344 5
vertex 44.86256408691406 -46.83116149902344 0
endloop
endfacet
facet normal 1 0 0
outer loop
vertex -12.13743782043457 -44.60615921020508 0
vertex -12.13743782043457 -58.70616149902344 5
vertex -12.13743782043457 -58.70616149902344 0
endloop
endfacet
facet normal 0 -1 0
outer loop
vertex 58.962562561035156 24.268840789794922 0
vertex 54.41256332397461 24.268840789794922 3.549999952316284
vertex 54.41256332397461 24.268840789794922 0
endloop
endfacet
facet normal -0.8660253984932259 -0.5000000091646493 0
outer loop
vertex 61.105281829833984 57.72431945800781 5
vertex 68.15528106689453 45.513362884521484 0
vertex 68.15528106689453 45.513362884521484 5
endloop
endfacet
facet normal 0 1 0
outer loop
vertex -55.037437438964844 5.418840408325195 0
vertex -59.58743667602539 5.418840408325195 0
vertex -59.58743667602539 5.418840408325195 3.549999952316284
endloop
endfacet
facet normal 0 -1 0
outer loop
vertex 20.962562561035156 -23.231159210205078 0
vertex 16.41256332397461 -23.231159210205078 3.549999952316284
vertex 16.41256332397461 -23.231159210205078 0
endloop
endfacet
facet normal 0 -1 0
outer loop
vertex -59.58743667602539 -18.481159210205078 3.549999952316284
vertex -55.037437438964844 -18.481159210205078 0
vertex -55.037437438964844 -18.481159210205078 5
endloop
endfacet
facet normal 0 -1 0
outer loop
vertex 20.962562561035156 -4.231159687042236 0
vertex 16.41256332397461 -4.231159687042236 3.549999952316284
vertex 16.41256332397461 -4.231159687042236 0
endloop
endfacet
facet normal 0 1 0
outer loop
vertex -64.58744049072266 24.418840408325195 0
vertex -69.13743591308594 24.418840408325195 0
vertex -64.58744049072266 24.418840408325195 3.549999952316284
endloop
endfacet
facet normal 1 0 0
outer loop
vertex -50.13743591308594 -32.58116149902344 5
vertex -50.13743591308594 -18.481159210205078 0
vertex -50.13743591308594 -18.481159210205078 5
endloop
endfacet
facet normal 0 -1 0
outer loop
vertex 6.862562656402588 -4.231159687042236 0
vertex 11.412562370300293 -4.231159687042236 0
vertex 11.412562370300293 -4.231159687042236 3.549999952316284
endloop
endfacet
facet normal 0 1 0
outer loop
vertex -7.587437629699707 -58.70616149902344 3.549999952316284
vertex -12.13743782043457 -58.70616149902344 0
vertex -12.13743782043457 -58.70616149902344 5
endloop
endfacet
facet normal 0.4999999396255752 -0.8660254386413025 7.487731991500754e-7
outer loop
vertex 48.894325256347656 50.674320220947266 5
vertex 52.834739685058594 52.949317932128906 3.549999952316284
vertex 57.16486740112305 55.449317932128906 3.549999952316284
endloop
endfacet
facet normal 0 1 0
outer loop
vertex 39.962562561035156 -15.956159591674805 0
vertex 35.41256332397461 -15.956159591674805 0
vertex 35.41256332397461 -15.956159591674805 3.549999952316284
endloop
endfacet
facet normal -0.5000003617709581 0.8660251949157779 0
outer loop
vertex 68.15528106689453 45.513362884521484 0
vertex 64.2148666381836 43.23836135864258 0
vertex 64.2148666381836 43.23836135864258 3.549999952316284
endloop
endfacet
facet normal 0 1 0
outer loop
vertex 11.412562370300293 -18.331159591674805 0
vertex 6.862562656402588 -18.331159591674805 0
vertex 11.412562370300293 -18.331159591674805 3.549999952316284
endloop
endfacet
facet normal -1 0 0
outer loop
vertex 58.962562561035156 -32.73115921020508 0
vertex 58.962562561035156 -46.83116149902344 0
vertex 58.962562561035156 -32.73115921020508 5
endloop
endfacet
facet normal 0 -1 0
outer loop
vertex -69.13743591308594 -18.481159210205078 5
vertex -69.13743591308594 -18.481159210205078 0
vertex -64.58744049072266 -18.481159210205078 3.549999952316284
endloop
endfacet
facet normal 0 -1 0
outer loop
vertex 35.41256332397461 -1.8561596870422363 3.549999952316284
vertex 39.962562561035156 -1.8561596870422363 0
vertex 39.962562561035156 -1.8561596870422363 5
endloop
endfacet
facet normal 0 1 0
outer loop
vertex -55.037437438964844 -13.581159591674805 0
vertex -59.58743667602539 -13.581159591674805 3.549999952316284
vertex -55.037437438964844 -13.581159591674805 5
endloop
endfacet
facet normal 0.5000000091642411 -0.866025398492519 0.0000012776234005178379
outer loop
vertex 48.894325256347656 50.674320220947266 5
vertex 57.16486740112305 55.449317932128906 3.549999952316284
vertex 61.105281829833984 57.72431945800781 5
endloop
endfacet
facet normal 0 -1 0
outer loop
vertex -17.037437438964844 33.76884078979492 0
vertex -21.58743667602539 33.76884078979492 3.549999952316284
vertex -21.58743667602539 33.76884078979492 0
endloop
endfacet
facet normal 0 1 0
outer loop
vertex -64.58744049072266 -32.58116149902344 0
vertex -69.13743591308594 -32.58116149902344 0
vertex -64.58744049072266 -32.58116149902344 3.549999952316284
endloop
endfacet
facet normal 0 1 0
outer loop
vertex -36.037437438964844 5.418840408325195 0
vertex -40.58743667602539 5.418840408325195 0
vertex -40.58743667602539 5.418840408325195 3.549999952316284
endloop
endfacet
facet normal 0 -1 0
outer loop
vertex 6.862562656402588 14.768839836120605 0
vertex 11.412562370300293 14.768839836120605 0
vertex 11.412562370300293 14.768839836120605 3.549999952316284
endloop
endfacet
facet normal 1 0 0
outer loop
vertex -31.13743782043457 0.6688402891159058 5
vertex -31.13743782043457 14.768839836120605 0
vertex -31.13743782043457 14.768839836120605 5
endloop
endfacet
facet normal 0 -1 0
outer loop
vertex -40.58743667602539 -18.481159210205078 0
vertex -36.037437438964844 -18.481159210205078 0
vertex -40.58743667602539 -18.481159210205078 3.549999952316284
endloop
endfacet
facet normal 0 -1 0
outer loop
vertex -31.13743782043457 14.768839836120605 5
vertex -31.13743782043457 14.768839836120605 0
vertex -26.58743667602539 14.768839836120605 3.549999952316284
endloop
endfacet
facet normal 0 1 0
outer loop
vertex 20.962562561035156 0.6688402891159058 0
vertex 16.41256332397461 0.6688402891159058 0
vertex 16.41256332397461 0.6688402891159058 3.549999952316284
endloop
endfacet
facet normal 0 1 0
outer loop
vertex -64.58744049072266 -32.58116149902344 3.549999952316284
vertex -69.13743591308594 -32.58116149902344 0
vertex -69.13743591308594 -32.58116149902344 5
endloop
endfacet
facet normal 0 -1 0
outer loop
vertex 25.86256217956543 -20.856159210205078 5
vertex 35.41256332397461 -20.856159210205078 3.549999952316284
vertex 39.962562561035156 -20.856159210205078 5
endloop
endfacet
facet normal 0 -1 0
outer loop
vertex -69.13743591308594 0.5188402533531189 5
vertex -69.13743591308594 0.5188402533531189 0
vertex -64.58744049072266 0.5188402533531189 3.549999952316284
endloop
endfacet
facet normal 0 1 0
outer loop
vertex 58.962562561035156 -46.83116149902344 5
vertex 49.41256332397461 -46.83116149902344 3.549999952316284
vertex 44.86256408691406 -46.83116149902344 5
endloop
endfacet
facet normal 0 -1 0
outer loop
vertex -12.13743782043457 -44.60615921020508 0
vertex -7.587437629699707 -44.60615921020508 0
vertex -7.587437629699707 -44.60615921020508 3.549999952316284
endloop
endfacet
facet normal 0 -1 0
outer loop
vertex 6.862562656402588 -4.231159687042236 5
vertex 16.41256332397461 -4.231159687042236 3.549999952316284
vertex 20.962562561035156 -4.231159687042236 5
endloop
endfacet
facet normal 0 1 0
outer loop
vertex -7.587437629699707 -1.7061597108840942 3.549999952316284
vertex -12.13743782043457 -1.7061597108840942 0
vertex -12.13743782043457 -1.7061597108840942 5
endloop
endfacet
facet normal 0 1 0
outer loop
vertex 49.41256332397461 10.168840408325195 0
vertex 44.86256408691406 10.168840408325195 0
vertex 49.41256332397461 10.168840408325195 3.549999952316284
endloop
endfacet
facet normal 0 1 0
outer loop
vertex -17.037437438964844 19.668840408325195 5
vertex -26.58743667602539 19.668840408325195 3.549999952316284
vertex -31.13743782043457 19.668840408325195 5
endloop
endfacet
facet normal -0.9271838750675429 -0.3746065426747577 0
outer loop
vertex 44.16099166870117 47.771461486816406 5
vertex 49.44294357299805 34.69816970825195 0
vertex 49.44294357299805 34.69816970825195 5
endloop
endfacet
facet normal 0 -1 0
outer loop
vertex -21.58743667602539 14.768839836120605 3.549999952316284
vertex -17.037437438964844 14.768839836120605 0
vertex -17.037437438964844 14.768839836120605 5
endloop
endfacet
facet normal 0 1 0
outer loop
vertex -64.58744049072266 -13.581159591674805 0
vertex -69.13743591308594 -13.581159591674805 0
vertex -64.58744049072266 -13.581159591674805 3.549999952316284
endloop
endfacet
facet normal 0 -1 0
outer loop
vertex -45.58743667602539 19.518840789794922 0
vertex -45.58743667602539 19.518840789794922 3.549999952316284
vertex -50.13743591308594 19.518840789794922 0
endloop
endfacet
facet normal -1 0 0
outer loop
vertex -36.037437438964844 -37.48115921020508 5
vertex -36.037437438964844 -51.58116149902344 0
vertex -36.037437438964844 -51.58116149902344 5
endloop
endfacet
facet normal -1 0 0
outer loop
vertex 20.962562561035156 -4.231159687042236 5
vertex 20.962562561035156 -18.331159591674805 0
vertex 20.962562561035156 -18.331159591674805 5
endloop
endfacet
facet normal 0 1 0
outer loop
vertex -2.587437629699707 -39.70616149902344 3.549999952316284
vertex -7.587437629699707 -39.70616149902344 3.549999952316284
vertex 1.9625624418258667 -39.70616149902344 5
endloop
endfacet
facet normal 0 1 0
outer loop
vertex 30.41256332397461 -15.956159591674805 3.549999952316284
vertex 25.86256217956543 -15.956159591674805 0
vertex 25.86256217956543 -15.956159591674805 5
endloop
endfacet
facet normal 0.4999997329745803 -0.8660255579515819 0
outer loop
vertex 48.894325256347656 50.674320220947266 0
vertex 52.834739685058594 52.949317932128906 0
vertex 52.834739685058594 52.949317932128906 3.549999952316284
endloop
endfacet
facet normal 1 0 0
outer loop
vertex -69.13743591308594 -32.58116149902344 0
vertex -69.13743591308594 -18.481159210205078 0
vertex -69.13743591308594 -32.58116149902344 5
endloop
endfacet
facet normal 0 -1 0
outer loop
vertex -64.58744049072266 -18.481159210205078 0
vertex -64.58744049072266 -18.481159210205078 3.549999952316284
vertex -69.13743591308594 -18.481159210205078 0
endloop
endfacet
facet normal 0 1 0
outer loop
vertex -21.58743667602539 -37.33116149902344 3.549999952316284
vertex -26.58743667602539 -37.33116149902344 3.549999952316284
vertex -17.037437438964844 -37.33116149902344 5
endloop
endfacet
facet normal 0.37460643538876826 -0.9271839184138823 0
outer loop
vertex 39.94230270385742 46.06700134277344 0
vertex 44.16099166870117 47.771461486816406 0
vertex 39.94230270385742 46.06700134277344 3.549999952316284
endloop
endfacet
facet normal 0 1 0
outer loop
vertex -40.58743667602539 -51.58116149902344 3.549999952316284
vertex -45.58743667602539 -51.58116149902344 3.549999952316284
vertex -36.037437438964844 -51.58116149902344 5
endloop
endfacet
facet normal 0 1 0
outer loop
vertex 39.962562561035156 -34.95616149902344 0
vertex 35.41256332397461 -34.95616149902344 0
vertex 35.41256332397461 -34.95616149902344 3.549999952316284
endloop
endfacet
facet normal 0 1 0
outer loop
vertex -55.037437438964844 -51.58116149902344 5
vertex -64.58744049072266 -51.58116149902344 3.549999952316284
vertex -69.13743591308594 -51.58116149902344 5
endloop
endfacet
facet normal 0 1 0
outer loop
vertex -45.58743667602539 -51.58116149902344 0
vertex -50.13743591308594 -51.58116149902344 0
vertex -45.58743667602539 -51.58116149902344 3.549999952316284
endloop
endfacet
facet normal 0 1 0
outer loop
vertex -45.58743667602539 24.418840408325195 0
vertex -50.13743591308594 24.418840408325195 0
vertex -45.58743667602539 24.418840408325195 3.549999952316284
endloop
endfacet
facet normal -1 0 0
outer loop
vertex -17.037437438964844 -23.231159210205078 5
vertex -17.037437438964844 -37.33116149902344 0
vertex -17.037437438964844 -37.33116149902344 5
endloop
endfacet
facet normal 1 0 0
outer loop
vertex -69.13743591308594 5.418840408325195 0
vertex -69.13743591308594 19.518840789794922 0
vertex -69.13743591308594 5.418840408325195 5
endloop
endfacet
facet normal 1 0 0
outer loop
vertex -69.13743591308594 -13.581159591674805 0
vertex -69.13743591308594 0.5188402533531189 0
vertex -69.13743591308594 -13.581159591674805 5
endloop
endfacet
facet normal 0 -1 0
outer loop
vertex -69.13743591308594 -37.48115921020508 5
vertex -64.58744049072266 -37.48115921020508 3.549999952316284
vertex -59.58743667602539 -37.48115921020508 3.549999952316284
endloop
endfacet
facet normal 0 1 0
outer loop
vertex 54.41256332397461 -8.831159591674805 3.549999952316284
vertex 49.41256332397461 -8.831159591674805 3.549999952316284
vertex 58.962562561035156 -8.831159591674805 5
endloop
endfacet
facet normal 1 0 0
outer loop
vertex -50.13743591308594 5.418840408325195 0
vertex -50.13743591308594 19.518840789794922 0
vertex -50.13743591308594 5.418840408325195 5
endloop
endfacet
facet normal 0 -1 0
outer loop
vertex -31.13743782043457 -42.23115921020508 5
vertex -26.58743667602539 -42.23115921020508 3.549999952316284
vertex -21.58743667602539 -42.23115921020508 3.549999952316284
endloop
endfacet
facet normal 1 0 0
outer loop
vertex -50.13743591308594 24.418840408325195 0
vertex -50.13743591308594 38.51884078979492 0
vertex -50.13743591308594 24.418840408325195 5
endloop
endfacet
facet normal -1 0 0
outer loop
vertex 39.962562561035156 -20.856159210205078 5
vertex 39.962562561035156 -34.95616149902344 0
vertex 39.962562561035156 -34.95616149902344 5
endloop
endfacet
facet normal 0 -1 0
outer loop
vertex -31.13743782043457 -42.23115921020508 0
vertex -26.58743667602539 -42.23115921020508 3.549999952316284
vertex -31.13743782043457 -42.23115921020508 5
endloop
endfacet
facet normal 0 1 0
outer loop
vertex 49.41256332397461 -8.831159591674805 3.549999952316284
vertex 44.86256408691406 -8.831159591674805 0
vertex 44.86256408691406 -8.831159591674805 5
endloop
endfacet
facet normal 0 1 0
outer loop
vertex -36.037437438964844 -51.58116149902344 0
vertex -40.58743667602539 -51.58116149902344 0
vertex -40.58743667602539 -51.58116149902344 3.549999952316284
endloop
endfacet
facet normal 1 0 0
outer loop
vertex -69.13743591308594 -37.48115921020508 0
vertex -69.13743591308594 -51.58116149902344 5
vertex -69.13743591308594 -51.58116149902344 0
endloop
endfacet
facet normal 1 0 0
outer loop
vertex -50.13743591308594 -51.58116149902344 5
vertex -50.13743591308594 -37.48115921020508 0
vertex -50.13743591308594 -37.48115921020508 5
endloop
endfacet
facet normal 0 1 0
outer loop
vertex -36.037437438964844 -51.58116149902344 0
vertex -40.58743667602539 -51.58116149902344 3.549999952316284
vertex -36.037437438964844 -51.58116149902344 5
endloop
endfacet
facet normal 0 -1 0
outer loop
vertex -50.13743591308594 -37.48115921020508 0
vertex -45.58743667602539 -37.48115921020508 3.549999952316284
vertex -50.13743591308594 -37.48115921020508 5
endloop
endfacet
facet normal 0 -1 0
outer loop
vertex -69.13743591308594 19.518840789794922 5
vertex -64.58744049072266 19.518840789794922 3.549999952316284
vertex -59.58743667602539 19.518840789794922 3.549999952316284
endloop
endfacet
facet normal 0 1 0
outer loop
vertex -45.58743667602539 -51.58116149902344 3.549999952316284
vertex -50.13743591308594 -51.58116149902344 0
vertex -50.13743591308594 -51.58116149902344 5
endloop
endfacet
facet normal 0 1 0
outer loop
vertex -17.037437438964844 -56.33116149902344 0
vertex -21.58743667602539 -56.33116149902344 3.549999952316284
vertex -17.037437438964844 -56.33116149902344 5
endloop
endfacet
facet normal 1 0 0
outer loop
vertex -50.13743591308594 -32.58116149902344 0
vertex -50.13743591308594 -18.481159210205078 0
vertex -50.13743591308594 -32.58116149902344 5
endloop
endfacet
facet normal -0.3746067265877794 0.9271838007618494 0
outer loop
vertex 40.58833694458008 31.120677947998047 3.549999952316284
vertex 36.369651794433594 29.416217803955078 0
vertex 36.369651794433594 29.416217803955078 5
endloop
endfacet
facet normal 0 1 0
outer loop
vertex -17.037437438964844 -56.33116149902344 5
vertex -26.58743667602539 -56.33116149902344 3.549999952316284
vertex -31.13743782043457 -56.33116149902344 5
endloop
endfacet
facet normal 1 0 0
outer loop
vertex 44.86256408691406 10.168840408325195 0
vertex 44.86256408691406 24.268840789794922 0
vertex 44.86256408691406 10.168840408325195 5
endloop
endfacet
facet normal 1 0 0
outer loop
vertex -69.13743591308594 -51.58116149902344 5
vertex -69.13743591308594 -37.48115921020508 0
vertex -69.13743591308594 -37.48115921020508 5
endloop
endfacet
facet normal 0 1 0
outer loop
vertex 16.41256332397461 0.6688402891159058 3.549999952316284
vertex 11.412562370300293 0.6688402891159058 3.549999952316284
vertex 20.962562561035156 0.6688402891159058 5
endloop
endfacet
facet normal 0 1 0
outer loop
vertex -64.58744049072266 -51.58116149902344 3.549999952316284
vertex -69.13743591308594 -51.58116149902344 0
vertex -69.13743591308594 -51.58116149902344 5
endloop
endfacet
facet normal 0 -1 0
outer loop
vertex -12.13743782043457 -44.60615921020508 5
vertex -2.587437629699707 -44.60615921020508 3.549999952316284
vertex 1.9625624418258667 -44.60615921020508 5
endloop
endfacet
facet normal 1 0 0
outer loop
vertex 6.862562656402588 -56.33116149902344 0
vertex 6.862562656402588 -48.50291061401367 0
vertex 6.862562656402588 -56.33116149902344 5
endloop
endfacet
facet normal 0 -1 0
outer loop
vertex 54.41256332397461 5.268840312957764 0
vertex 58.962562561035156 5.268840312957764 0
vertex 54.41256332397461 5.268840312957764 3.549999952316284
endloop
endfacet
facet normal 0 -1 0
outer loop
vertex 25.86256217956543 17.143840789794922 5
vertex 25.86256217956543 17.143840789794922 0
vertex 30.41256332397461 17.143840789794922 3.549999952316284
endloop
endfacet
facet normal 0 1 0
outer loop
vertex -26.58743667602539 -18.331159591674805 0
vertex -31.13743782043457 -18.331159591674805 0
vertex -26.58743667602539 -18.331159591674805 3.549999952316284
endloop
endfacet
facet normal 0 1 0
outer loop
vertex 11.412562370300293 -56.33116149902344 0
vertex 6.862562656402588 -56.33116149902344 0
vertex 11.412562370300293 -56.33116149902344 3.549999952316284
endloop
endfacet
facet normal 0 -1 0
outer loop
vertex -21.58743667602539 -23.231159210205078 3.549999952316284
vertex -17.037437438964844 -23.231159210205078 0
vertex -17.037437438964844 -23.231159210205078 5
endloop
endfacet
facet normal 0 1 0
outer loop
vertex -55.037437438964844 -51.58116149902344 0
vertex -59.58743667602539 -51.58116149902344 0
vertex -59.58743667602539 -51.58116149902344 3.549999952316284
endloop
endfacet
facet normal 0 1 0
outer loop
vertex 35.41256332397461 3.043840169906616 3.549999952316284
vertex 30.41256332397461 3.043840169906616 3.549999952316284
vertex 39.962562561035156 3.043840169906616 5
endloop
endfacet
facet normal 0 1 0
outer loop
vertex -45.58743667602539 5.418840408325195 0
vertex -50.13743591308594 5.418840408325195 0
vertex -45.58743667602539 5.418840408325195 3.549999952316284
endloop
endfacet
facet normal 0 1 0
outer loop
vertex 58.962562561035156 -8.831159591674805 0
vertex 54.41256332397461 -8.831159591674805 3.549999952316284
vertex 58.962562561035156 -8.831159591674805 5
endloop
endfacet
facet normal 0 1 0
outer loop
vertex -45.58743667602539 -32.58116149902344 3.549999952316284
vertex -50.13743591308594 -32.58116149902344 0
vertex -50.13743591308594 -32.58116149902344 5
endloop
endfacet
facet normal -1 0 0
outer loop
vertex -55.037437438964844 -18.481159210205078 5
vertex -55.037437438964844 -32.58116149902344 0
vertex -55.037437438964844 -32.58116149902344 5
endloop
endfacet
facet normal -1 0 0
outer loop
vertex 20.962562561035156 -23.231159210205078 5
vertex 20.962562561035156 -37.33116149902344 0
vertex 20.962562561035156 -37.33116149902344 5
endloop
endfacet
facet normal 0 -1 0
outer loop
vertex -69.13743591308594 -18.481159210205078 5
vertex -64.58744049072266 -18.481159210205078 3.549999952316284
vertex -59.58743667602539 -18.481159210205078 3.549999952316284
endloop
endfacet
facet normal 0 -1 0
outer loop
vertex 16.41256332397461 -23.231159210205078 3.549999952316284
vertex 20.962562561035156 -23.231159210205078 0
vertex 20.962562561035156 -23.231159210205078 5
endloop
endfacet
facet normal 0 -1 0
outer loop
vertex -40.58743667602539 -37.48115921020508 0
vertex -36.037437438964844 -37.48115921020508 0
vertex -40.58743667602539 -37.48115921020508 3.549999952316284
endloop
endfacet
facet normal 0 -1 0
outer loop
vertex -55.037437438964844 38.51884078979492 0
vertex -59.58743667602539 38.51884078979492 3.549999952316284
vertex -59.58743667602539 38.51884078979492 0
endloop
endfacet
facet normal 0 1 0
outer loop
vertex 58.962562561035156 10.168840408325195 0
vertex 54.41256332397461 10.168840408325195 0
vertex 54.41256332397461 10.168840408325195 3.549999952316284
endloop
endfacet
facet normal 0 -1 0
outer loop
vertex -36.037437438964844 38.51884078979492 0
vertex -40.58743667602539 38.51884078979492 3.549999952316284
vertex -40.58743667602539 38.51884078979492 0
endloop
endfacet
facet normal 0 -1 0
outer loop
vertex -31.13743782043457 -23.231159210205078 0
vertex -26.58743667602539 -23.231159210205078 3.549999952316284
vertex -31.13743782043457 -23.231159210205078 5
endloop
endfacet
facet normal 1 0 0
outer loop
vertex 6.862562656402588 -18.331159591674805 5
vertex 6.862562656402588 -4.231159687042236 0
vertex 6.862562656402588 -4.231159687042236 5
endloop
endfacet
facet normal 0 -1 0
outer loop
vertex -17.037437438964844 -23.231159210205078 0
vertex -21.58743667602539 -23.231159210205078 3.549999952316284
vertex -21.58743667602539 -23.231159210205078 0
endloop
endfacet
facet normal 0 -1 0
outer loop
vertex 6.862562656402588 -4.231159687042236 0
vertex 11.412562370300293 -4.231159687042236 3.549999952316284
vertex 6.862562656402588 -4.231159687042236 5
endloop
endfacet
facet normal 0.9271838280832958 0.3746066589648474 0
outer loop
vertex 36.369651794433594 29.416217803955078 0
vertex 31.087697982788086 42.48950958251953 0
vertex 36.369651794433594 29.416217803955078 5
endloop
endfacet
facet normal 0 1 0
outer loop
vertex 11.412562370300293 -18.331159591674805 3.549999952316284
vertex 6.862562656402588 -18.331159591674805 0
vertex 6.862562656402588 -18.331159591674805 5
endloop
endfacet
facet normal 0 1 0
outer loop
vertex -64.58744049072266 5.418840408325195 3.549999952316284
vertex -69.13743591308594 5.418840408325195 0
vertex -69.13743591308594 5.418840408325195 5
endloop
endfacet
facet normal -1 0 0
outer loop
vertex -36.037437438964844 -18.481159210205078 5
vertex -36.037437438964844 -32.58116149902344 0
vertex -36.037437438964844 -32.58116149902344 5
endloop
endfacet
facet normal 0.37460658098822186 -0.9271838595879002 0
outer loop
vertex 35.3063850402832 44.1939697265625 0
vertex 35.3063850402832 44.1939697265625 3.549999952316284
vertex 31.087697982788086 42.48950958251953 0
endloop
endfacet
facet normal -1 0 0
outer loop
vertex 1.9625624418258667 -25.606159210205078 5
vertex 1.9625624418258667 -39.70616149902344 0
vertex 1.9625624418258667 -39.70616149902344 5
endloop
endfacet
facet normal 0 1 0
outer loop
vertex 39.962562561035156 3.043840169906616 5
vertex 30.41256332397461 3.043840169906616 3.549999952316284
vertex 25.86256217956543 3.043840169906616 5
endloop
endfacet
facet normal 0 1 0
outer loop
vertex 1.9625624418258667 -20.706159591674805 0
vertex -2.587437629699707 -20.706159591674805 3.549999952316284
vertex 1.9625624418258667 -20.706159591674805 5
endloop
endfacet
facet normal 0 1 0
outer loop
vertex -36.037437438964844 -13.581159591674805 5
vertex -45.58743667602539 -13.581159591674805 3.549999952316284
vertex -50.13743591308594 -13.581159591674805 5
endloop
endfacet
facet normal 0 -1 0
outer loop
vertex 25.86256217956543 -39.85615921020508 5
vertex 35.41256332397461 -39.85615921020508 3.549999952316284
vertex 39.962562561035156 -39.85615921020508 5
endloop
endfacet
facet normal 0.9271838280832958 0.3746066589648474 0
outer loop
vertex 36.369651794433594 29.416217803955078 5
vertex 31.087697982788086 42.48950958251953 0
vertex 31.087697982788086 42.48950958251953 5
endloop
endfacet
facet normal 0 -1 0
outer loop
vertex 25.86256217956543 -39.85615921020508 5
vertex 30.41256332397461 -39.85615921020508 3.549999952316284
vertex 35.41256332397461 -39.85615921020508 3.549999952316284
endloop
endfacet
facet normal 0 1 0
outer loop
vertex 39.962562561035156 -53.95616149902344 0
vertex 35.41256332397461 -53.95616149902344 0
vertex 35.41256332397461 -53.95616149902344 3.549999952316284
endloop
endfacet
facet normal 0 -1 0
outer loop
vertex 6.862562656402588 -42.23115921020508 5
vertex 16.41256332397461 -42.23115921020508 3.549999952316284
vertex 20.962562561035156 -42.23115921020508 5
endloop
endfacet
facet normal 0 1 0
outer loop
vertex -40.58743667602539 24.418840408325195 3.549999952316284
vertex -45.58743667602539 24.418840408325195 3.549999952316284
vertex -36.037437438964844 24.418840408325195 5
endloop
endfacet
facet normal 0 1 0
outer loop
vertex 16.41256332397461 -37.33116149902344 3.549999952316284
vertex 11.412562370300293 -37.33116149902344 3.549999952316284
vertex 20.962562561035156 -37.33116149902344 5
endloop
endfacet
facet normal 0 1 0
outer loop
vertex -40.58743667602539 -13.581159591674805 3.549999952316284
vertex -45.58743667602539 -13.581159591674805 3.549999952316284
vertex -36.037437438964844 -13.581159591674805 5
endloop
endfacet
facet normal 0 1 0
outer loop
vertex 20.962562561035156 -56.33116149902344 5
vertex 11.412562370300293 -56.33116149902344 3.549999952316284
vertex 6.862562656402588 -56.33116149902344 5
endloop
endfacet
facet normal 0 1 0
outer loop
vertex -55.037437438964844 -32.58116149902344 0
vertex -59.58743667602539 -32.58116149902344 0
vertex -59.58743667602539 -32.58116149902344 3.549999952316284
endloop
endfacet
facet normal 0 -1 0
outer loop
vertex -50.13743591308594 -18.481159210205078 5
vertex -45.58743667602539 -18.481159210205078 3.549999952316284
vertex -40.58743667602539 -18.481159210205078 3.549999952316284
endloop
endfacet
facet normal 1 0 0
outer loop
vertex 25.86256217956543 -39.85615921020508 0
vertex 25.86256217956543 -53.95616149902344 5
vertex 25.86256217956543 -53.95616149902344 0
endloop
endfacet
facet normal 1 0 0
outer loop
vertex 25.86256217956543 -53.95616149902344 5
vertex 25.86256217956543 -39.85615921020508 0
vertex 25.86256217956543 -39.85615921020508 5
endloop
endfacet
facet normal 0 1 0
outer loop
vertex -17.037437438964844 -37.33116149902344 0
vertex -21.58743667602539 -37.33116149902344 3.549999952316284
vertex -17.037437438964844 -37.33116149902344 5
endloop
endfacet
facet normal 0 -1 0
outer loop
vertex 25.86256217956543 -39.85615921020508 0
vertex 30.41256332397461 -39.85615921020508 3.549999952316284
vertex 25.86256217956543 -39.85615921020508 5
endloop
endfacet
facet normal 1 0 0
outer loop
vertex 25.86256217956543 17.143840789794922 0
vertex 25.86256217956543 3.043840169906616 5
vertex 25.86256217956543 3.043840169906616 0
endloop
endfacet
facet normal 0 -1 0
outer loop
vertex 16.41256332397461 -42.23115921020508 3.549999952316284
vertex 20.962562561035156 -42.23115921020508 0
vertex 20.962562561035156 -42.23115921020508 5
endloop
endfacet
facet normal 0 1 0
outer loop
vertex -7.587437629699707 -1.7061597108840942 0
vertex -12.13743782043457 -1.7061597108840942 0
vertex -7.587437629699707 -1.7061597108840942 3.549999952316284
endloop
endfacet
facet normal -1 0 0
outer loop
vertex 20.962562561035156 14.768839836120605 0
vertex 20.962562561035156 0.6688402891159058 0
vertex 20.962562561035156 14.768839836120605 5
endloop
endfacet
facet normal -1 0 0
outer loop
vertex 1.9625624418258667 12.393839836120605 5
vertex 1.9625624418258667 -1.7061597108840942 0
vertex 1.9625624418258667 -1.7061597108840942 5
endloop
endfacet
facet normal 0 1 0
outer loop
vertex 20.962562561035156 -56.33116149902344 0
vertex 16.41256332397461 -56.33116149902344 3.549999952316284
vertex 20.962562561035156 -56.33116149902344 5
endloop
endfacet
facet normal 0 -1 0
outer loop
vertex -12.13743782043457 -6.606159687042236 0
vertex -7.587437629699707 -6.606159687042236 0
vertex -7.587437629699707 -6.606159687042236 3.549999952316284
endloop
endfacet
facet normal 0.3746065809882218 -0.9271838595879001 0
outer loop
vertex 31.087697982788086 42.48950958251953 0
vertex 35.3063850402832 44.1939697265625 3.549999952316284
vertex 31.087697982788086 42.48950958251953 5
endloop
endfacet
facet normal 0 -1 0
outer loop
vertex -26.58743667602539 14.768839836120605 0
vertex -26.58743667602539 14.768839836120605 3.549999952316284
vertex -31.13743782043457 14.768839836120605 0
endloop
endfacet
facet normal 0 -1 0
outer loop
vertex -64.58744049072266 -37.48115921020508 0
vertex -64.58744049072266 -37.48115921020508 3.549999952316284
vertex -69.13743591308594 -37.48115921020508 0
endloop
endfacet
facet normal -1 0 0
outer loop
vertex 58.962562561035156 24.268840789794922 0
vertex 58.962562561035156 10.168840408325195 0
vertex 58.962562561035156 24.268840789794922 5
endloop
endfacet
facet normal -1 0 0
outer loop
vertex 1.9625624418258667 -44.60615921020508 5
vertex 1.9625624418258667 -58.70616149902344 0
vertex 1.9625624418258667 -58.70616149902344 5
endloop
endfacet
facet normal 0 -1 0
outer loop
vertex -21.58743667602539 14.768839836120605 0
vertex -17.037437438964844 14.768839836120605 0
vertex -21.58743667602539 14.768839836120605 3.549999952316284
endloop
endfacet
facet normal 0 -1 0
outer loop
vertex 6.862562656402588 -42.23115921020508 0
vertex 11.412562370300293 -42.23115921020508 3.549999952316284
vertex 6.862562656402588 -42.23115921020508 5
endloop
endfacet
facet normal -1 0 0
outer loop
vertex -36.037437438964844 38.51884078979492 0
vertex -36.037437438964844 24.418840408325195 0
vertex -36.037437438964844 38.51884078979492 5
endloop
endfacet
facet normal 0 -1 0
outer loop
vertex 1.9625624418258667 -44.60615921020508 5
vertex -2.587437629699707 -44.60615921020508 3.549999952316284
vertex 1.9625624418258667 -44.60615921020508 0
endloop
endfacet
facet normal 1 0 0
outer loop
vertex -31.13743782043457 -18.331159591674805 5
vertex -31.13743782043457 -4.231159687042236 0
vertex -31.13743782043457 -4.231159687042236 5
endloop
endfacet
facet normal 0 -1 0
outer loop
vertex 25.86256217956543 17.143840789794922 5
vertex 35.41256332397461 17.143840789794922 3.549999952316284
vertex 39.962562561035156 17.143840789794922 5
endloop
endfacet
facet normal -1 0 0
outer loop
vertex 20.962562561035156 -4.231159687042236 0
vertex 20.962562561035156 -18.331159591674805 0
vertex 20.962562561035156 -4.231159687042236 5
endloop
endfacet
facet normal 0 1 0
outer loop
vertex 1.9625624418258667 -58.70616149902344 0
vertex -2.587437629699707 -58.70616149902344 3.549999952316284
vertex 1.9625624418258667 -58.70616149902344 5
endloop
endfacet
facet normal 1 0 0
outer loop
vertex 25.86256217956543 3.043840169906616 5
vertex 25.86256217956543 17.143840789794922 0
vertex 25.86256217956543 17.143840789794922 5
endloop
endfacet
facet normal 0 -1 0
outer loop
vertex -31.13743782043457 -23.231159210205078 5
vertex -21.58743667602539 -23.231159210205078 3.549999952316284
vertex -17.037437438964844 -23.231159210205078 5
endloop
endfacet
facet normal 1 0 0
outer loop
vertex -50.13743591308594 -13.581159591674805 5
vertex -50.13743591308594 0.5188402533531189 0
vertex -50.13743591308594 0.5188402533531189 5
endloop
endfacet
facet normal -1 0 0
outer loop
vertex -17.037437438964844 -4.231159687042236 0
vertex -17.037437438964844 -18.331159591674805 0
vertex -17.037437438964844 -4.231159687042236 5
endloop
endfacet
facet normal -1 0 0
outer loop
vertex 39.962562561035156 17.143840789794922 5
vertex 39.962562561035156 3.043840169906616 0
vertex 39.962562561035156 3.043840169906616 5
endloop
endfacet
facet normal -1 0 0
outer loop
vertex 20.962562561035156 14.768839836120605 5
vertex 20.962562561035156 0.6688402891159058 0
vertex 20.962562561035156 0.6688402891159058 5
endloop
endfacet
facet normal 0 1 0
outer loop
vertex 35.41256332397461 -15.956159591674805 3.549999952316284
vertex 30.41256332397461 -15.956159591674805 3.549999952316284
vertex 39.962562561035156 -15.956159591674805 5
endloop
endfacet
facet normal 1 0 0
outer loop
vertex 44.86256408691406 -8.831159591674805 0
vertex 44.86256408691406 5.268840312957764 0
vertex 44.86256408691406 -8.831159591674805 5
endloop
endfacet
facet normal 0 -1 0
outer loop
vertex -12.13743782043457 -44.60615921020508 5
vertex -7.587437629699707 -44.60615921020508 3.549999952316284
vertex -2.587437629699707 -44.60615921020508 3.549999952316284
endloop
endfacet
facet normal 1 0 0
outer loop
vertex 6.862562656402588 0.6688402891159058 0
vertex 6.862562656402588 14.768839836120605 0
vertex 6.862562656402588 0.6688402891159058 5
endloop
endfacet
facet normal 0 1 0
outer loop
vertex 1.9625624418258667 -1.7061597108840942 0
vertex -2.587437629699707 -1.7061597108840942 3.549999952316284
vertex 1.9625624418258667 -1.7061597108840942 5
endloop
endfacet
facet normal 0 1 0
outer loop
vertex 30.41256332397461 3.043840169906616 3.549999952316284
vertex 25.86256217956543 3.043840169906616 0
vertex 25.86256217956543 3.043840169906616 5
endloop
endfacet
facet normal 1 0 0
outer loop
vertex 44.86256408691406 -46.83116149902344 5
vertex 44.86256408691406 -32.73115921020508 0
vertex 44.86256408691406 -32.73115921020508 5
endloop
endfacet
facet normal 0 1 0
outer loop
vertex 39.962562561035156 -15.956159591674805 5
vertex 30.41256332397461 -15.956159591674805 3.549999952316284
vertex 25.86256217956543 -15.956159591674805 5
endloop
endfacet
facet normal 1 0 0
outer loop
vertex -69.13743591308594 -32.58116149902344 5
vertex -69.13743591308594 -18.481159210205078 0
vertex -69.13743591308594 -18.481159210205078 5
endloop
endfacet
facet normal 1 0 0
outer loop
vertex 44.86256408691406 -13.731160163879395 0
vertex 44.86256408691406 -27.831159591674805 5
vertex 44.86256408691406 -27.831159591674805 0
endloop
endfacet
facet normal 0 -1 0
outer loop
vertex -31.13743782043457 -4.231159687042236 5
vertex -21.58743667602539 -4.231159687042236 3.549999952316284
vertex -17.037437438964844 -4.231159687042236 5
endloop
endfacet
facet normal 0 1 0
outer loop
vertex 58.962562561035156 -8.831159591674805 0
vertex 54.41256332397461 -8.831159591674805 0
vertex 54.41256332397461 -8.831159591674805 3.549999952316284
endloop
endfacet
facet normal 0 -1 0
outer loop
vertex 44.86256408691406 -32.73115921020508 5
vertex 44.86256408691406 -32.73115921020508 0
vertex 49.41256332397461 -32.73115921020508 3.549999952316284
endloop
endfacet
facet normal 0 -1 0
outer loop
vertex 30.41256332397461 17.143840789794922 0
vertex 30.41256332397461 17.143840789794922 3.549999952316284
vertex 25.86256217956543 17.143840789794922 0
endloop
endfacet
facet normal 0 -1 0
outer loop
vertex 25.86256217956543 -1.8561596870422363 5
vertex 25.86256217956543 -1.8561596870422363 0
vertex 30.41256332397461 -1.8561596870422363 3.549999952316284
endloop
endfacet
facet normal 0 1 0
outer loop
vertex 39.962562561035156 3.043840169906616 0
vertex 35.41256332397461 3.043840169906616 0
vertex 35.41256332397461 3.043840169906616 3.549999952316284
endloop
endfacet
facet normal 0 -1 0
outer loop
vertex 16.41256332397461 14.768839836120605 3.549999952316284
vertex 20.962562561035156 14.768839836120605 0
vertex 20.962562561035156 14.768839836120605 5
endloop
endfacet
facet normal 0 -1 0
outer loop
vertex -26.58743667602539 -42.23115921020508 0
vertex -26.58743667602539 -42.23115921020508 3.549999952316284
vertex -31.13743782043457 -42.23115921020508 0
endloop
endfacet
facet normal 0 -1 0
outer loop
vertex -40.58743667602539 19.518840789794922 3.549999952316284
vertex -36.037437438964844 19.518840789794922 0
vertex -36.037437438964844 19.518840789794922 5
endloop
endfacet
facet normal 0 1 0
outer loop
vertex 20.962562561035156 -18.331159591674805 5
vertex 11.412562370300293 -18.331159591674805 3.549999952316284
vertex 6.862562656402588 -18.331159591674805 5
endloop
endfacet
facet normal 0 1 0
outer loop
vertex 58.962562561035156 -27.831159591674805 0
vertex 54.41256332397461 -27.831159591674805 0
vertex 54.41256332397461 -27.831159591674805 3.549999952316284
endloop
endfacet
facet normal 0 1 0
outer loop
vertex -7.587437629699707 -39.70616149902344 3.549999952316284
vertex -12.13743782043457 -39.70616149902344 0
vertex -12.13743782043457 -39.70616149902344 5
endloop
endfacet
facet normal 0 1 0
outer loop
vertex 39.962562561035156 -34.95616149902344 5
vertex 30.41256332397461 -34.95616149902344 3.549999952316284
vertex 25.86256217956543 -34.95616149902344 5
endloop
endfacet
facet normal -1 0 0
outer loop
vertex -17.037437438964844 -4.231159687042236 5
vertex -17.037437438964844 -18.331159591674805 0
vertex -17.037437438964844 -18.331159591674805 5
endloop
endfacet
facet normal 0 -1 0
outer loop
vertex -12.13743782043457 12.393839836120605 0
vertex -7.587437629699707 12.393839836120605 0
vertex -7.587437629699707 12.393839836120605 3.549999952316284
endloop
endfacet
facet normal 0 1 0
outer loop
vertex 1.9625624418258667 -39.70616149902344 0
vertex -2.587437629699707 -39.70616149902344 0
vertex -2.587437629699707 -39.70616149902344 3.549999952316284
endloop
endfacet
facet normal 0 -1 0
outer loop
vertex 6.862562656402588 -42.23115921020508 0
vertex 11.412562370300293 -42.23115921020508 0
vertex 11.412562370300293 -42.23115921020508 3.549999952316284
endloop
endfacet
facet normal 0 1 0
outer loop
vertex -36.037437438964844 -13.581159591674805 0
vertex -40.58743667602539 -13.581159591674805 0
vertex -40.58743667602539 -13.581159591674805 3.549999952316284
endloop
endfacet
facet normal 0 1 0
outer loop
vertex -26.58743667602539 -37.33116149902344 0
vertex -31.13743782043457 -37.33116149902344 0
vertex -26.58743667602539 -37.33116149902344 3.549999952316284
endloop
endfacet
facet normal 0 -1 0
outer loop
vertex 44.86256408691406 -13.731160163879395 0
vertex 49.41256332397461 -13.731160163879395 0
vertex 49.41256332397461 -13.731160163879395 3.549999952316284
endloop
endfacet
facet normal -1 0 0
outer loop
vertex -2.587437629699707 -58.70616149902344 0
vertex -2.587437629699707 -59.406158447265625 0
vertex -2.587437629699707 -58.70616149902344 3.549999952316284
endloop
endfacet
facet normal 0 1 0
outer loop
vertex -2.587437629699707 -59.406158447265625 0
vertex -7.587437629699707 -59.406158447265625 0
vertex -7.587437629699707 -59.406158447265625 3.549999952316284
endloop
endfacet
facet normal 1 0 0
outer loop
vertex -7.587437629699707 -58.70616149902344 0
vertex -7.587437629699707 -59.406158447265625 3.549999952316284
vertex -7.587437629699707 -59.406158447265625 0
endloop
endfacet
facet normal 0 0 -1
outer loop
vertex -2.587437629699707 -59.406158447265625 3.549999952316284
vertex -7.587437629699707 -59.406158447265625 3.549999952316284
vertex -7.587437629699707 -58.70616149902344 3.549999952316284
endloop
endfacet
facet normal 0 0 -1
outer loop
vertex -2.587437629699707 -58.70616149902344 3.549999952316284
vertex -2.587437629699707 -59.406158447265625 3.549999952316284
vertex -7.587437629699707 -58.70616149902344 3.549999952316284
endloop
endfacet
facet normal 0 0 -1
outer loop
vertex -7.587437629699707 -43.906158447265625 3.549999952316284
vertex -2.587437629699707 -44.60615921020508 3.549999952316284
vertex -7.587437629699707 -44.60615921020508 3.549999952316284
endloop
endfacet
facet normal 0 0 -1
outer loop
vertex -2.587437629699707 -43.906158447265625 3.549999952316284
vertex -2.587437629699707 -44.60615921020508 3.549999952316284
vertex -7.587437629699707 -43.906158447265625 3.549999952316284
endloop
endfacet
facet normal 1 0 0
outer loop
vertex -7.587437629699707 -44.60615921020508 3.549999952316284
vertex -7.587437629699707 -44.60615921020508 0
vertex -7.587437629699707 -43.906158447265625 0
endloop
endfacet
facet normal 0 -1 0
outer loop
vertex -7.587437629699707 -43.906158447265625 0
vertex -2.587437629699707 -43.906158447265625 0
vertex -2.587437629699707 -43.906158447265625 3.549999952316284
endloop
endfacet
facet normal -1 0 0
outer loop
vertex -2.587437629699707 -43.906158447265625 0
vertex -2.587437629699707 -44.60615921020508 0
vertex -2.587437629699707 -43.906158447265625 3.549999952316284
endloop
endfacet
facet normal 1 0 0
outer loop
vertex -7.587437629699707 -59.406158447265625 3.549999952316284
vertex -7.587437629699707 -58.70616149902344 0
vertex -7.587437629699707 -58.70616149902344 3.549999952316284
endloop
endfacet
facet normal 0 1 0
outer loop
vertex -2.587437629699707 -59.406158447265625 0
vertex -7.587437629699707 -59.406158447265625 3.549999952316284
vertex -2.587437629699707 -59.406158447265625 3.549999952316284
endloop
endfacet
facet normal -1 0 0
outer loop
vertex -2.587437629699707 -58.70616149902344 3.549999952316284
vertex -2.587437629699707 -59.406158447265625 0
vertex -2.587437629699707 -59.406158447265625 3.549999952316284
endloop
endfacet
facet normal 1 0 0
outer loop
vertex -7.587437629699707 -44.60615921020508 3.549999952316284
vertex -7.587437629699707 -43.906158447265625 0
vertex -7.587437629699707 -43.906158447265625 3.549999952316284
endloop
endfacet
facet normal 0 -1 0
outer loop
vertex -7.587437629699707 -43.906158447265625 3.549999952316284
vertex -7.587437629699707 -43.906158447265625 0
vertex -2.587437629699707 -43.906158447265625 3.549999952316284
endloop
endfacet
facet normal -1 0 0
outer loop
vertex -2.587437629699707 -43.906158447265625 3.549999952316284
vertex -2.587437629699707 -44.60615921020508 0
vertex -2.587437629699707 -44.60615921020508 3.549999952316284
endloop
endfacet
facet normal 0 0 -1
outer loop
vertex 16.41256332397461 -57.031158447265625 3.549999952316284
vertex 11.412562370300293 -57.031158447265625 3.549999952316284
vertex 11.412562370300293 -56.33116149902344 3.549999952316284
endloop
endfacet
facet normal 0 0 -1
outer loop
vertex 16.41256332397461 -56.33116149902344 3.549999952316284
vertex 16.41256332397461 -57.031158447265625 3.549999952316284
vertex 11.412562370300293 -56.33116149902344 3.549999952316284
endloop
endfacet
facet normal 0 0 -1
outer loop
vertex 11.412562370300293 -41.531158447265625 3.549999952316284
vertex 16.41256332397461 -42.23115921020508 3.549999952316284
vertex 11.412562370300293 -42.23115921020508 3.549999952316284
endloop
endfacet
facet normal 0 0 -1
outer loop
vertex 16.41256332397461 -41.531158447265625 3.549999952316284
vertex 16.41256332397461 -42.23115921020508 3.549999952316284
vertex 11.412562370300293 -41.531158447265625 3.549999952316284
endloop
endfacet
facet normal 1 0 0
outer loop
vertex 11.412562370300293 -56.33116149902344 0
vertex 11.412562370300293 -57.031158447265625 3.549999952316284
vertex 11.412562370300293 -57.031158447265625 0
endloop
endfacet
facet normal 0 1 0
outer loop
vertex 16.41256332397461 -57.031158447265625 0
vertex 11.412562370300293 -57.031158447265625 0
vertex 11.412562370300293 -57.031158447265625 3.549999952316284
endloop
endfacet
facet normal -1 0 0
outer loop
vertex 16.41256332397461 -56.33116149902344 0
vertex 16.41256332397461 -57.031158447265625 0
vertex 16.41256332397461 -56.33116149902344 3.549999952316284
endloop
endfacet
facet normal -1 0 0
outer loop
vertex 16.41256332397461 -56.33116149902344 3.549999952316284
vertex 16.41256332397461 -57.031158447265625 0
vertex 16.41256332397461 -57.031158447265625 3.549999952316284
endloop
endfacet
facet normal 0 1 0
outer loop
vertex 16.41256332397461 -57.031158447265625 0
vertex 11.412562370300293 -57.031158447265625 3.549999952316284
vertex 16.41256332397461 -57.031158447265625 3.549999952316284
endloop
endfacet
facet normal -1 0 0
outer loop
vertex 16.41256332397461 -41.531158447265625 0
vertex 16.41256332397461 -42.23115921020508 0
vertex 16.41256332397461 -41.531158447265625 3.549999952316284
endloop
endfacet
facet normal 1 0 0
outer loop
vertex 11.412562370300293 -57.031158447265625 3.549999952316284
vertex 11.412562370300293 -56.33116149902344 0
vertex 11.412562370300293 -56.33116149902344 3.549999952316284
endloop
endfacet
facet normal 0 -1 0
outer loop
vertex 16.41256332397461 -41.531158447265625 0
vertex 16.41256332397461 -41.531158447265625 3.549999952316284
vertex 11.412562370300293 -41.531158447265625 0
endloop
endfacet
facet normal 1 0 0
outer loop
vertex 11.412562370300293 -42.23115921020508 3.549999952316284
vertex 11.412562370300293 -42.23115921020508 0
vertex 11.412562370300293 -41.531158447265625 0
endloop
endfacet
facet normal -1 0 0
outer loop
vertex 16.41256332397461 -41.531158447265625 3.549999952316284
vertex 16.41256332397461 -42.23115921020508 0
vertex 16.41256332397461 -42.23115921020508 3.549999952316284
endloop
endfacet
facet normal 0 -1 0
outer loop
vertex 11.412562370300293 -41.531158447265625 3.549999952316284
vertex 11.412562370300293 -41.531158447265625 0
vertex 16.41256332397461 -41.531158447265625 3.549999952316284
endloop
endfacet
facet normal 1 0 0
outer loop
vertex 11.412562370300293 -42.23115921020508 3.549999952316284
vertex 11.412562370300293 -41.531158447265625 0
vertex 11.412562370300293 -41.531158447265625 3.549999952316284
endloop
endfacet
facet normal 1 0 0
outer loop
vertex -26.58743667602539 -42.23115921020508 3.549999952316284
vertex -26.58743667602539 -42.23115921020508 0
vertex -26.58743667602539 -41.531158447265625 0
endloop
endfacet
facet normal -1 0 0
outer loop
vertex -21.58743667602539 -57.031158447265625 0
vertex -21.58743667602539 -56.33116149902344 3.549999952316284
vertex -21.58743667602539 -56.33116149902344 0
endloop
endfacet
facet normal 0 1 0
outer loop
vertex -21.58743667602539 -57.031158447265625 0
vertex -26.58743667602539 -57.031158447265625 0
vertex -26.58743667602539 -57.031158447265625 3.549999952316284
endloop
endfacet
facet normal 1 0 0
outer loop
vertex -26.58743667602539 -56.33116149902344 0
vertex -26.58743667602539 -57.031158447265625 3.549999952316284
vertex -26.58743667602539 -57.031158447265625 0
endloop
endfacet
facet normal 0 0 -1
outer loop
vertex -21.58743667602539 -57.031158447265625 3.549999952316284
vertex -26.58743667602539 -57.031158447265625 3.549999952316284
vertex -26.58743667602539 -56.33116149902344 3.549999952316284
endloop
endfacet
facet normal 0 0 -1
outer loop
vertex -21.58743667602539 -56.33116149902344 3.549999952316284
vertex -21.58743667602539 -57.031158447265625 3.549999952316284
vertex -26.58743667602539 -56.33116149902344 3.549999952316284
endloop
endfacet
facet normal 1 0 0
outer loop
vertex -26.58743667602539 -42.23115921020508 3.549999952316284
vertex -26.58743667602539 -41.531158447265625 0
vertex -26.58743667602539 -41.531158447265625 3.549999952316284
endloop
endfacet
facet normal 0 0 -1
outer loop
vertex -26.58743667602539 -41.531158447265625 3.549999952316284
vertex -21.58743667602539 -42.23115921020508 3.549999952316284
vertex -26.58743667602539 -42.23115921020508 3.549999952316284
endloop
endfacet
facet normal 0 0 -1
outer loop
vertex -21.58743667602539 -41.531158447265625 3.549999952316284
vertex -21.58743667602539 -42.23115921020508 3.549999952316284
vertex -26.58743667602539 -41.531158447265625 3.549999952316284
endloop
endfacet
facet normal 1 0 0
outer loop
vertex -26.58743667602539 -57.031158447265625 3.549999952316284
vertex -26.58743667602539 -56.33116149902344 0
vertex -26.58743667602539 -56.33116149902344 3.549999952316284
endloop
endfacet
facet normal 0 1 0
outer loop
vertex -21.58743667602539 -57.031158447265625 0
vertex -26.58743667602539 -57.031158447265625 3.549999952316284
vertex -21.58743667602539 -57.031158447265625 3.549999952316284
endloop
endfacet
facet normal -1 0 0
outer loop
vertex -21.58743667602539 -56.33116149902344 3.549999952316284
vertex -21.58743667602539 -57.031158447265625 0
vertex -21.58743667602539 -57.031158447265625 3.549999952316284
endloop
endfacet
facet normal 0 -1 0
outer loop
vertex -26.58743667602539 -41.531158447265625 3.549999952316284
vertex -26.58743667602539 -41.531158447265625 0
vertex -21.58743667602539 -41.531158447265625 3.549999952316284
endloop
endfacet
facet normal -1 0 0
outer loop
vertex -21.58743667602539 -41.531158447265625 3.549999952316284
vertex -21.58743667602539 -42.23115921020508 0
vertex -21.58743667602539 -42.23115921020508 3.549999952316284
endloop
endfacet
facet normal -1 0 0
outer loop
vertex -21.58743667602539 -41.531158447265625 0
vertex -21.58743667602539 -42.23115921020508 0
vertex -21.58743667602539 -41.531158447265625 3.549999952316284
endloop
endfacet
facet normal 0 -1 0
outer loop
vertex -21.58743667602539 -41.531158447265625 0
vertex -21.58743667602539 -41.531158447265625 3.549999952316284
vertex -26.58743667602539 -41.531158447265625 0
endloop
endfacet
facet normal -1 0 0
outer loop
vertex 35.41256332397461 -39.156158447265625 0
vertex 35.41256332397461 -39.85615921020508 0
vertex 35.41256332397461 -39.156158447265625 3.549999952316284
endloop
endfacet
facet normal 0 0 -1
outer loop
vertex 35.41256332397461 -54.656158447265625 3.549999952316284
vertex 30.41256332397461 -54.656158447265625 3.549999952316284
vertex 30.41256332397461 -53.95616149902344 3.549999952316284
endloop
endfacet
facet normal 0 0 -1
outer loop
vertex 35.41256332397461 -53.95616149902344 3.549999952316284
vertex 35.41256332397461 -54.656158447265625 3.549999952316284
vertex 30.41256332397461 -53.95616149902344 3.549999952316284
endloop
endfacet
facet normal 0 -1 0
outer loop
vertex 35.41256332397461 -39.156158447265625 0
vertex 35.41256332397461 -39.156158447265625 3.549999952316284
vertex 30.41256332397461 -39.156158447265625 0
endloop
endfacet
facet normal 1 0 0
outer loop
vertex 30.41256332397461 -39.85615921020508 3.549999952316284
vertex 30.41256332397461 -39.85615921020508 0
vertex 30.41256332397461 -39.156158447265625 0
endloop
endfacet
facet normal 0 0 -1
outer loop
vertex 30.41256332397461 -39.156158447265625 3.549999952316284
vertex 35.41256332397461 -39.85615921020508 3.549999952316284
vertex 30.41256332397461 -39.85615921020508 3.549999952316284
endloop
endfacet
facet normal 0 0 -1
outer loop
vertex 35.41256332397461 -39.156158447265625 3.549999952316284
vertex 35.41256332397461 -39.85615921020508 3.549999952316284
vertex 30.41256332397461 -39.156158447265625 3.549999952316284
endloop
endfacet
facet normal -1 0 0
outer loop
vertex 35.41256332397461 -53.95616149902344 0
vertex 35.41256332397461 -54.656158447265625 0
vertex 35.41256332397461 -53.95616149902344 3.549999952316284
endloop
endfacet
facet normal 0 1 0
outer loop
vertex 30.41256332397461 -54.656158447265625 0
vertex 30.41256332397461 -54.656158447265625 3.549999952316284
vertex 35.41256332397461 -54.656158447265625 0
endloop
endfacet
facet normal 1 0 0
outer loop
vertex 30.41256332397461 -53.95616149902344 0
vertex 30.41256332397461 -54.656158447265625 3.549999952316284
vertex 30.41256332397461 -54.656158447265625 0
endloop
endfacet
facet normal -1 0 0
outer loop
vertex 35.41256332397461 -39.156158447265625 3.549999952316284
vertex 35.41256332397461 -39.85615921020508 0
vertex 35.41256332397461 -39.85615921020508 3.549999952316284
endloop
endfacet
facet normal 0 -1 0
outer loop
vertex 30.41256332397461 -39.156158447265625 3.549999952316284
vertex 30.41256332397461 -39.156158447265625 0
vertex 35.41256332397461 -39.156158447265625 3.549999952316284
endloop
endfacet
facet normal 1 0 0
outer loop
vertex 30.41256332397461 -39.85615921020508 3.549999952316284
vertex 30.41256332397461 -39.156158447265625 0
vertex 30.41256332397461 -39.156158447265625 3.549999952316284
endloop
endfacet
facet normal -1 0 0
outer loop
vertex 35.41256332397461 -53.95616149902344 3.549999952316284
vertex 35.41256332397461 -54.656158447265625 0
vertex 35.41256332397461 -54.656158447265625 3.549999952316284
endloop
endfacet
facet normal 0 1 0
outer loop
vertex 35.41256332397461 -54.656158447265625 0
vertex 30.41256332397461 -54.656158447265625 3.549999952316284
vertex 35.41256332397461 -54.656158447265625 3.549999952316284
endloop
endfacet
facet normal 1 0 0
outer loop
vertex 30.41256332397461 -54.656158447265625 3.549999952316284
vertex 30.41256332397461 -53.95616149902344 0
vertex 30.41256332397461 -53.95616149902344 3.549999952316284
endloop
endfacet
facet normal -1 0 0
outer loop
vertex -40.58743667602539 -36.781158447265625 3.549999952316284
vertex -40.58743667602539 -37.48115921020508 0
vertex -40.58743667602539 -37.48115921020508 3.549999952316284
endloop
endfacet
facet normal 1 0 0
outer loop
vertex -45.58743667602539 -37.48115921020508 3.549999952316284
vertex -45.58743667602539 -36.781158447265625 0
vertex -45.58743667602539 -36.781158447265625 3.549999952316284
endloop
endfacet
facet normal -1 0 0
outer loop
vertex -40.58743667602539 -51.58116149902344 3.549999952316284
vertex -40.58743667602539 -52.281158447265625 0
vertex -40.58743667602539 -52.281158447265625 3.549999952316284
endloop
endfacet
facet normal 0 1 0
outer loop
vertex -40.58743667602539 -52.281158447265625 0
vertex -45.58743667602539 -52.281158447265625 3.549999952316284
vertex -40.58743667602539 -52.281158447265625 3.549999952316284
endloop
endfacet
facet normal 1 0 0
outer loop
vertex -45.58743667602539 -52.281158447265625 3.549999952316284
vertex -45.58743667602539 -51.58116149902344 0
vertex -45.58743667602539 -51.58116149902344 3.549999952316284
endloop
endfacet
facet normal -1 0 0
outer loop
vertex -40.58743667602539 -36.781158447265625 0
vertex -40.58743667602539 -37.48115921020508 0
vertex -40.58743667602539 -36.781158447265625 3.549999952316284
endloop
endfacet
facet normal 1 0 0
outer loop
vertex -45.58743667602539 -37.48115921020508 3.549999952316284
vertex -45.58743667602539 -37.48115921020508 0
vertex -45.58743667602539 -36.781158447265625 0
endloop
endfacet
facet normal -1 0 0
outer loop
vertex -40.58743667602539 -51.58116149902344 0
vertex -40.58743667602539 -52.281158447265625 0
vertex -40.58743667602539 -51.58116149902344 3.549999952316284
endloop
endfacet
facet normal 0 -1 0
outer loop
vertex -45.58743667602539 -36.781158447265625 3.549999952316284
vertex -45.58743667602539 -36.781158447265625 0
vertex -40.58743667602539 -36.781158447265625 3.549999952316284
endloop
endfacet
facet normal 0 1 0
outer loop
vertex -40.58743667602539 -52.281158447265625 0
vertex -45.58743667602539 -52.281158447265625 0
vertex -45.58743667602539 -52.281158447265625 3.549999952316284
endloop
endfacet
facet normal 1 0 0
outer loop
vertex -45.58743667602539 -51.58116149902344 0
vertex -45.58743667602539 -52.281158447265625 3.549999952316284
vertex -45.58743667602539 -52.281158447265625 0
endloop
endfacet
facet normal 0 0 -1
outer loop
vertex -40.58743667602539 -52.281158447265625 3.549999952316284
vertex -45.58743667602539 -52.281158447265625 3.549999952316284
vertex -45.58743667602539 -51.58116149902344 3.549999952316284
endloop
endfacet
facet normal 0 0 -1
outer loop
vertex -40.58743667602539 -51.58116149902344 3.549999952316284
vertex -40.58743667602539 -52.281158447265625 3.549999952316284
vertex -45.58743667602539 -51.58116149902344 3.549999952316284
endloop
endfacet
facet normal 0 0 -1
outer loop
vertex -45.58743667602539 -37.48115921020508 3.549999952316284
vertex -45.58743667602539 -36.781158447265625 3.549999952316284
vertex -40.58743667602539 -37.48115921020508 3.549999952316284
endloop
endfacet
facet normal 0 0 -1
outer loop
vertex -40.58743667602539 -36.781158447265625 3.549999952316284
vertex -40.58743667602539 -37.48115921020508 3.549999952316284
vertex -45.58743667602539 -36.781158447265625 3.549999952316284
endloop
endfacet
facet normal 0 -1 0
outer loop
vertex -40.58743667602539 -36.781158447265625 0
vertex -40.58743667602539 -36.781158447265625 3.549999952316284
vertex -45.58743667602539 -36.781158447265625 0
endloop
endfacet
facet normal 0 -1 0
outer loop
vertex -59.58743667602539 -36.781158447265625 0
vertex -59.58743667602539 -36.781158447265625 3.549999952316284
vertex -64.58744049072266 -36.781158447265625 0
endloop
endfacet
facet normal -1 0 0
outer loop
vertex -59.58743667602539 -36.781158447265625 3.549999952316284
vertex -59.58743667602539 -37.48115921020508 0
vertex -59.58743667602539 -37.48115921020508 3.549999952316284
endloop
endfacet
facet normal 1 0 0
outer loop
vertex -64.58744049072266 -37.48115921020508 3.549999952316284
vertex -64.58744049072266 -36.781158447265625 0
vertex -64.58744049072266 -36.781158447265625 3.549999952316284
endloop
endfacet
facet normal -1 0 0
outer loop
vertex -59.58743667602539 -51.58116149902344 3.549999952316284
vertex -59.58743667602539 -52.281158447265625 0
vertex -59.58743667602539 -52.281158447265625 3.549999952316284
endloop
endfacet
facet normal 0 1 0
outer loop
vertex -59.58743667602539 -52.281158447265625 0
vertex -64.58744049072266 -52.281158447265625 3.549999952316284
vertex -59.58743667602539 -52.281158447265625 3.549999952316284
endloop
endfacet
facet normal 1 0 0
outer loop
vertex -64.58744049072266 -52.281158447265625 3.549999952316284
vertex -64.58744049072266 -51.58116149902344 0
vertex -64.58744049072266 -51.58116149902344 3.549999952316284
endloop
endfacet
facet normal -1 0 0
outer loop
vertex -59.58743667602539 -37.48115921020508 0
vertex -59.58743667602539 -36.781158447265625 3.549999952316284
vertex -59.58743667602539 -36.781158447265625 0
endloop
endfacet
facet normal 1 0 0
outer loop
vertex -64.58744049072266 -37.48115921020508 3.549999952316284
vertex -64.58744049072266 -37.48115921020508 0
vertex -64.58744049072266 -36.781158447265625 0
endloop
endfacet
facet normal -1 0 0
outer loop
vertex -59.58743667602539 -52.281158447265625 0
vertex -59.58743667602539 -51.58116149902344 3.549999952316284
vertex -59.58743667602539 -51.58116149902344 0
endloop
endfacet
facet normal 0 1 0
outer loop
vertex -59.58743667602539 -52.281158447265625 0
vertex -64.58744049072266 -52.281158447265625 0
vertex -64.58744049072266 -52.281158447265625 3.549999952316284
endloop
endfacet
facet normal 1 0 0
outer loop
vertex -64.58744049072266 -52.281158447265625 0
vertex -64.58744049072266 -51.58116149902344 0
vertex -64.58744049072266 -52.281158447265625 3.549999952316284
endloop
endfacet
facet normal 0 0 -1
outer loop
vertex -59.58743667602539 -52.281158447265625 3.549999952316284
vertex -64.58744049072266 -52.281158447265625 3.549999952316284
vertex -64.58744049072266 -51.58116149902344 3.549999952316284
endloop
endfacet
facet normal 0 0 -1
outer loop
vertex -59.58743667602539 -51.58116149902344 3.549999952316284
vertex -59.58743667602539 -52.281158447265625 3.549999952316284
vertex -64.58744049072266 -51.58116149902344 3.549999952316284
endloop
endfacet
facet normal 0 0 -1
outer loop
vertex -64.58744049072266 -37.48115921020508 3.549999952316284
vertex -64.58744049072266 -36.781158447265625 3.549999952316284
vertex -59.58743667602539 -37.48115921020508 3.549999952316284
endloop
endfacet
facet normal 0 0 -1
outer loop
vertex -59.58743667602539 -36.781158447265625 3.549999952316284
vertex -59.58743667602539 -37.48115921020508 3.549999952316284
vertex -64.58744049072266 -36.781158447265625 3.549999952316284
endloop
endfacet
facet normal 0 -1 0
outer loop
vertex -64.58744049072266 -36.781158447265625 3.549999952316284
vertex -64.58744049072266 -36.781158447265625 0
vertex -59.58743667602539 -36.781158447265625 3.549999952316284
endloop
endfacet
facet normal 1 0 0
outer loop
vertex 49.41256332397461 -32.73115921020508 3.549999952316284
vertex 49.41256332397461 -32.031158447265625 0
vertex 49.41256332397461 -32.031158447265625 3.549999952316284
endloop
endfacet
facet normal 0 -1 0
outer loop
vertex 49.41256332397461 -32.031158447265625 3.549999952316284
vertex 49.41256332397461 -32.031158447265625 0
vertex 54.41256332397461 -32.031158447265625 3.549999952316284
endloop
endfacet
facet normal -1 0 0
outer loop
vertex 54.41256332397461 -32.031158447265625 3.549999952316284
vertex 54.41256332397461 -32.73115921020508 0
vertex 54.41256332397461 -32.73115921020508 3.549999952316284
endloop
endfacet
facet normal 0 0 -1
outer loop
vertex 54.41256332397461 -47.531158447265625 3.549999952316284
vertex 49.41256332397461 -47.531158447265625 3.549999952316284
vertex 49.41256332397461 -46.83116149902344 3.549999952316284
endloop
endfacet
facet normal 0 0 -1
outer loop
vertex 54.41256332397461 -46.83116149902344 3.549999952316284
vertex 54.41256332397461 -47.531158447265625 3.549999952316284
vertex 49.41256332397461 -46.83116149902344 3.549999952316284
endloop
endfacet
facet normal 1 0 0
outer loop
vertex 49.41256332397461 -46.83116149902344 0
vertex 49.41256332397461 -47.531158447265625 3.549999952316284
vertex 49.41256332397461 -47.531158447265625 0
endloop
endfacet
facet normal 0 0 -1
outer loop
vertex 49.41256332397461 -32.73115921020508 3.549999952316284
vertex 49.41256332397461 -32.031158447265625 3.549999952316284
vertex 54.41256332397461 -32.73115921020508 3.549999952316284
endloop
endfacet
facet normal 0 0 -1
outer loop
vertex 54.41256332397461 -32.031158447265625 3.549999952316284
vertex 54.41256332397461 -32.73115921020508 3.549999952316284
vertex 49.41256332397461 -32.031158447265625 3.549999952316284
endloop
endfacet
facet normal 0 1 0
outer loop
vertex 54.41256332397461 -47.531158447265625 0
vertex 49.41256332397461 -47.531158447265625 0
vertex 49.41256332397461 -47.531158447265625 3.549999952316284
endloop
endfacet
facet normal -1 0 0
outer loop
vertex 54.41256332397461 -46.83116149902344 0
vertex 54.41256332397461 -47.531158447265625 0
vertex 54.41256332397461 -46.83116149902344 3.549999952316284
endloop
endfacet
facet normal 1 0 0
outer loop
vertex 49.41256332397461 -47.531158447265625 3.549999952316284
vertex 49.41256332397461 -46.83116149902344 0
vertex 49.41256332397461 -46.83116149902344 3.549999952316284
endloop
endfacet
facet normal 0 1 0
outer loop
vertex 54.41256332397461 -47.531158447265625 0
vertex 49.41256332397461 -47.531158447265625 3.549999952316284
vertex 54.41256332397461 -47.531158447265625 3.549999952316284
endloop
endfacet
facet normal -1 0 0
outer loop
vertex 54.41256332397461 -46.83116149902344 3.549999952316284
vertex 54.41256332397461 -47.531158447265625 0
vertex 54.41256332397461 -47.531158447265625 3.549999952316284
endloop
endfacet
facet normal 1 0 0
outer loop
vertex 49.41256332397461 -32.73115921020508 3.549999952316284
vertex 49.41256332397461 -32.73115921020508 0
vertex 49.41256332397461 -32.031158447265625 0
endloop
endfacet
facet normal 0 -1 0
outer loop
vertex 49.41256332397461 -32.031158447265625 0
vertex 54.41256332397461 -32.031158447265625 0
vertex 54.41256332397461 -32.031158447265625 3.549999952316284
endloop
endfacet
facet normal -1 0 0
outer loop
vertex 54.41256332397461 -32.031158447265625 0
vertex 54.41256332397461 -32.73115921020508 0
vertex 54.41256332397461 -32.031158447265625 3.549999952316284
endloop
endfacet
facet normal 0 0 -1
outer loop
vertex -2.587437629699707 -24.906160354614258 3.549999952316284
vertex -2.587437629699707 -25.606159210205078 3.549999952316284
vertex -7.587437629699707 -24.906160354614258 3.549999952316284
endloop
endfacet
facet normal 0 0 -1
outer loop
vertex -7.587437629699707 -24.906160354614258 3.549999952316284
vertex -2.587437629699707 -25.606159210205078 3.549999952316284
vertex -7.587437629699707 -25.606159210205078 3.549999952316284
endloop
endfacet
facet normal 0 0 -1
outer loop
vertex -2.587437629699707 -40.406158447265625 3.549999952316284
vertex -7.587437629699707 -40.406158447265625 3.549999952316284
vertex -7.587437629699707 -39.70616149902344 3.549999952316284
endloop
endfacet
facet normal 0 0 -1
outer loop
vertex -2.587437629699707 -39.70616149902344 3.549999952316284
vertex -2.587437629699707 -40.406158447265625 3.549999952316284
vertex -7.587437629699707 -39.70616149902344 3.549999952316284
endloop
endfacet
facet normal 1 0 0
outer loop
vertex -7.587437629699707 -39.70616149902344 0
vertex -7.587437629699707 -40.406158447265625 3.549999952316284
vertex -7.587437629699707 -40.406158447265625 0
endloop
endfacet
facet normal 0 1 0
outer loop
vertex -2.587437629699707 -40.406158447265625 0
vertex -7.587437629699707 -40.406158447265625 0
vertex -7.587437629699707 -40.406158447265625 3.549999952316284
endloop
endfacet
facet normal -1 0 0
outer loop
vertex -2.587437629699707 -39.70616149902344 0
vertex -2.587437629699707 -40.406158447265625 0
vertex -2.587437629699707 -39.70616149902344 3.549999952316284
endloop
endfacet
facet normal 1 0 0
outer loop
vertex -7.587437629699707 -40.406158447265625 3.549999952316284
vertex -7.587437629699707 -39.70616149902344 0
vertex -7.587437629699707 -39.70616149902344 3.549999952316284
endloop
endfacet
facet normal 0 1 0
outer loop
vertex -2.587437629699707 -40.406158447265625 0
vertex -7.587437629699707 -40.406158447265625 3.549999952316284
vertex -2.587437629699707 -40.406158447265625 3.549999952316284
endloop
endfacet
facet normal -1 0 0
outer loop
vertex -2.587437629699707 -39.70616149902344 3.549999952316284
vertex -2.587437629699707 -40.406158447265625 0
vertex -2.587437629699707 -40.406158447265625 3.549999952316284
endloop
endfacet
facet normal 1 0 0
outer loop
vertex -7.587437629699707 -25.606159210205078 3.549999952316284
vertex -7.587437629699707 -25.606159210205078 0
vertex -7.587437629699707 -24.906160354614258 0
endloop
endfacet
facet normal 0 -1 0
outer loop
vertex -2.587437629699707 -24.906160354614258 0
vertex -2.587437629699707 -24.906160354614258 3.549999952316284
vertex -7.587437629699707 -24.906160354614258 0
endloop
endfacet
facet normal -1 0 0
outer loop
vertex -2.587437629699707 -24.906160354614258 0
vertex -2.587437629699707 -25.606159210205078 0
vertex -2.587437629699707 -24.906160354614258 3.549999952316284
endloop
endfacet
facet normal 1 0 0
outer loop
vertex -7.587437629699707 -25.606159210205078 3.549999952316284
vertex -7.587437629699707 -24.906160354614258 0
vertex -7.587437629699707 -24.906160354614258 3.549999952316284
endloop
endfacet
facet normal 0 -1 0
outer loop
vertex -7.587437629699707 -24.906160354614258 3.549999952316284
vertex -7.587437629699707 -24.906160354614258 0
vertex -2.587437629699707 -24.906160354614258 3.549999952316284
endloop
endfacet
facet normal -1 0 0
outer loop
vertex -2.587437629699707 -24.906160354614258 3.549999952316284
vertex -2.587437629699707 -25.606159210205078 0
vertex -2.587437629699707 -25.606159210205078 3.549999952316284
endloop
endfacet
facet normal 0 0 -1
outer loop
vertex 16.41256332397461 -38.031158447265625 3.549999952316284
vertex 11.412562370300293 -38.031158447265625 3.549999952316284
vertex 11.412562370300293 -37.33116149902344 3.549999952316284
endloop
endfacet
facet normal 0 0 -1
outer loop
vertex 16.41256332397461 -37.33116149902344 3.549999952316284
vertex 16.41256332397461 -38.031158447265625 3.549999952316284
vertex 11.412562370300293 -37.33116149902344 3.549999952316284
endloop
endfacet
facet normal 0 0 -1
outer loop
vertex 11.412562370300293 -22.531160354614258 3.549999952316284
vertex 16.41256332397461 -23.231159210205078 3.549999952316284
vertex 11.412562370300293 -23.231159210205078 3.549999952316284
endloop
endfacet
facet normal 0 0 -1
outer loop
vertex 16.41256332397461 -22.531160354614258 3.549999952316284
vertex 16.41256332397461 -23.231159210205078 3.549999952316284
vertex 11.412562370300293 -22.531160354614258 3.549999952316284
endloop
endfacet
facet normal -1 0 0
outer loop
vertex 16.41256332397461 -22.531160354614258 3.549999952316284
vertex 16.41256332397461 -23.231159210205078 0
vertex 16.41256332397461 -23.231159210205078 3.549999952316284
endloop
endfacet
facet normal 0 -1 0
outer loop
vertex 11.412562370300293 -22.531160354614258 3.549999952316284
vertex 11.412562370300293 -22.531160354614258 0
vertex 16.41256332397461 -22.531160354614258 3.549999952316284
endloop
endfacet
facet normal 1 0 0
outer loop
vertex 11.412562370300293 -23.231159210205078 3.549999952316284
vertex 11.412562370300293 -22.531160354614258 0
vertex 11.412562370300293 -22.531160354614258 3.549999952316284
endloop
endfacet
facet normal -1 0 0
outer loop
vertex 16.41256332397461 -22.531160354614258 0
vertex 16.41256332397461 -23.231159210205078 0
vertex 16.41256332397461 -22.531160354614258 3.549999952316284
endloop
endfacet
facet normal 0 -1 0
outer loop
vertex 11.412562370300293 -22.531160354614258 0
vertex 16.41256332397461 -22.531160354614258 0
vertex 16.41256332397461 -22.531160354614258 3.549999952316284
endloop
endfacet
facet normal 1 0 0
outer loop
vertex 11.412562370300293 -23.231159210205078 3.549999952316284
vertex 11.412562370300293 -23.231159210205078 0
vertex 11.412562370300293 -22.531160354614258 0
endloop
endfacet
facet normal -1 0 0
outer loop
vertex 16.41256332397461 -37.33116149902344 0
vertex 16.41256332397461 -38.031158447265625 0
vertex 16.41256332397461 -37.33116149902344 3.549999952316284
endloop
endfacet
facet normal 0 1 0
outer loop
vertex 16.41256332397461 -38.031158447265625 0
vertex 11.412562370300293 -38.031158447265625 0
vertex 11.412562370300293 -38.031158447265625 3.549999952316284
endloop
endfacet
facet normal 1 0 0
outer loop
vertex 11.412562370300293 -37.33116149902344 0
vertex 11.412562370300293 -38.031158447265625 3.549999952316284
vertex 11.412562370300293 -38.031158447265625 0
endloop
endfacet
facet normal -1 0 0
outer loop
vertex 16.41256332397461 -37.33116149902344 3.549999952316284
vertex 16.41256332397461 -38.031158447265625 0
vertex 16.41256332397461 -38.031158447265625 3.549999952316284
endloop
endfacet
facet normal 0 1 0
outer loop
vertex 16.41256332397461 -38.031158447265625 0
vertex 11.412562370300293 -38.031158447265625 3.549999952316284
vertex 16.41256332397461 -38.031158447265625 3.549999952316284
endloop
endfacet
facet normal 1 0 0
outer loop
vertex 11.412562370300293 -38.031158447265625 3.549999952316284
vertex 11.412562370300293 -37.33116149902344 0
vertex 11.412562370300293 -37.33116149902344 3.549999952316284
endloop
endfacet
facet normal 0 0 -1
outer loop
vertex -21.58743667602539 -22.531160354614258 3.549999952316284
vertex -21.58743667602539 -23.231159210205078 3.549999952316284
vertex -26.58743667602539 -22.531160354614258 3.549999952316284
endloop
endfacet
facet normal 0 0 -1
outer loop
vertex -26.58743667602539 -22.531160354614258 3.549999952316284
vertex -21.58743667602539 -23.231159210205078 3.549999952316284
vertex -26.58743667602539 -23.231159210205078 3.549999952316284
endloop
endfacet
facet normal 0 0 -1
outer loop
vertex -21.58743667602539 -38.031158447265625 3.549999952316284
vertex -26.58743667602539 -38.031158447265625 3.549999952316284
vertex -26.58743667602539 -37.33116149902344 3.549999952316284
endloop
endfacet
facet normal 0 0 -1
outer loop
vertex -21.58743667602539 -37.33116149902344 3.549999952316284
vertex -21.58743667602539 -38.031158447265625 3.549999952316284
vertex -26.58743667602539 -37.33116149902344 3.549999952316284
endloop
endfacet
facet normal 1 0 0
outer loop
vertex -26.58743667602539 -38.031158447265625 3.549999952316284
vertex -26.58743667602539 -37.33116149902344 0
vertex -26.58743667602539 -37.33116149902344 3.549999952316284
endloop
endfacet
facet normal 0 1 0
outer loop
vertex -21.58743667602539 -38.031158447265625 0
vertex -26.58743667602539 -38.031158447265625 3.549999952316284
vertex -21.58743667602539 -38.031158447265625 3.549999952316284
endloop
endfacet
facet normal -1 0 0
outer loop
vertex -21.58743667602539 -37.33116149902344 3.549999952316284
vertex -21.58743667602539 -38.031158447265625 0
vertex -21.58743667602539 -38.031158447265625 3.549999952316284
endloop
endfacet
facet normal 1 0 0
outer loop
vertex -26.58743667602539 -23.231159210205078 3.549999952316284
vertex -26.58743667602539 -23.231159210205078 0
vertex -26.58743667602539 -22.531160354614258 0
endloop
endfacet
facet normal 0 -1 0
outer loop
vertex -21.58743667602539 -22.531160354614258 0
vertex -21.58743667602539 -22.531160354614258 3.549999952316284
vertex -26.58743667602539 -22.531160354614258 0
endloop
endfacet
facet normal -1 0 0
outer loop
vertex -21.58743667602539 -22.531160354614258 0
vertex -21.58743667602539 -23.231159210205078 0
vertex -21.58743667602539 -22.531160354614258 3.549999952316284
endloop
endfacet
facet normal 1 0 0
outer loop
vertex -26.58743667602539 -23.231159210205078 3.549999952316284
vertex -26.58743667602539 -22.531160354614258 0
vertex -26.58743667602539 -22.531160354614258 3.549999952316284
endloop
endfacet
facet normal 0 -1 0
outer loop
vertex -26.58743667602539 -22.531160354614258 3.549999952316284
vertex -26.58743667602539 -22.531160354614258 0
vertex -21.58743667602539 -22.531160354614258 3.549999952316284
endloop
endfacet
facet normal -1 0 0
outer loop
vertex -21.58743667602539 -22.531160354614258 3.549999952316284
vertex -21.58743667602539 -23.231159210205078 0
vertex -21.58743667602539 -23.231159210205078 3.549999952316284
endloop
endfacet
facet normal -1 0 0
outer loop
vertex -21.58743667602539 -37.33116149902344 0
vertex -21.58743667602539 -38.031158447265625 0
vertex -21.58743667602539 -37.33116149902344 3.549999952316284
endloop
endfacet
facet normal 0 1 0
outer loop
vertex -21.58743667602539 -38.031158447265625 0
vertex -26.58743667602539 -38.031158447265625 0
vertex -26.58743667602539 -38.031158447265625 3.549999952316284
endloop
endfacet
facet normal 1 0 0
outer loop
vertex -26.58743667602539 -37.33116149902344 0
vertex -26.58743667602539 -38.031158447265625 3.549999952316284
vertex -26.58743667602539 -38.031158447265625 0
endloop
endfacet
facet normal -1 0 0
outer loop
vertex 35.41256332397461 -20.156160354614258 0
vertex 35.41256332397461 -20.856159210205078 0
vertex 35.41256332397461 -20.156160354614258 3.549999952316284
endloop
endfacet
facet normal 0 0 -1
outer loop
vertex 35.41256332397461 -35.656158447265625 3.549999952316284
vertex 30.41256332397461 -35.656158447265625 3.549999952316284
vertex 30.41256332397461 -34.95616149902344 3.549999952316284
endloop
endfacet
facet normal 0 0 -1
outer loop
vertex 35.41256332397461 -34.95616149902344 3.549999952316284
vertex 35.41256332397461 -35.656158447265625 3.549999952316284
vertex 30.41256332397461 -34.95616149902344 3.549999952316284
endloop
endfacet
facet normal 0 0 -1
outer loop
vertex 30.41256332397461 -20.856159210205078 3.549999952316284
vertex 30.41256332397461 -20.156160354614258 3.549999952316284
vertex 35.41256332397461 -20.856159210205078 3.549999952316284
endloop
endfacet
facet normal 0 0 -1
outer loop
vertex 35.41256332397461 -20.156160354614258 3.549999952316284
vertex 35.41256332397461 -20.856159210205078 3.549999952316284
vertex 30.41256332397461 -20.156160354614258 3.549999952316284
endloop
endfacet
facet normal 0 -1 0
outer loop
vertex 35.41256332397461 -20.156160354614258 0
vertex 35.41256332397461 -20.156160354614258 3.549999952316284
vertex 30.41256332397461 -20.156160354614258 0
endloop
endfacet
facet normal 1 0 0
outer loop
vertex 30.41256332397461 -20.856159210205078 3.549999952316284
vertex 30.41256332397461 -20.856159210205078 0
vertex 30.41256332397461 -20.156160354614258 0
endloop
endfacet
facet normal -1 0 0
outer loop
vertex 35.41256332397461 -34.95616149902344 0
vertex 35.41256332397461 -35.656158447265625 0
vertex 35.41256332397461 -34.95616149902344 3.549999952316284
endloop
endfacet
facet normal 0 1 0
outer loop
vertex 35.41256332397461 -35.656158447265625 0
vertex 30.41256332397461 -35.656158447265625 0
vertex 30.41256332397461 -35.656158447265625 3.549999952316284
endloop
endfacet
facet normal 1 0 0
outer loop
vertex 30.41256332397461 -34.95616149902344 0
vertex 30.41256332397461 -35.656158447265625 3.549999952316284
vertex 30.41256332397461 -35.656158447265625 0
endloop
endfacet
facet normal 0 1 0
outer loop
vertex 35.41256332397461 -35.656158447265625 0
vertex 30.41256332397461 -35.656158447265625 3.549999952316284
vertex 35.41256332397461 -35.656158447265625 3.549999952316284
endloop
endfacet
facet normal -1 0 0
outer loop
vertex 35.41256332397461 -34.95616149902344 3.549999952316284
vertex 35.41256332397461 -35.656158447265625 0
vertex 35.41256332397461 -35.656158447265625 3.549999952316284
endloop
endfacet
facet normal 1 0 0
outer loop
vertex 30.41256332397461 -20.856159210205078 3.549999952316284
vertex 30.41256332397461 -20.156160354614258 0
vertex 30.41256332397461 -20.156160354614258 3.549999952316284
endloop
endfacet
facet normal 0 -1 0
outer loop
vertex 30.41256332397461 -20.156160354614258 3.549999952316284
vertex 30.41256332397461 -20.156160354614258 0
vertex 35.41256332397461 -20.156160354614258 3.549999952316284
endloop
endfacet
facet normal -1 0 0
outer loop
vertex 35.41256332397461 -20.156160354614258 3.549999952316284
vertex 35.41256332397461 -20.856159210205078 0
vertex 35.41256332397461 -20.856159210205078 3.549999952316284
endloop
endfacet
facet normal 1 0 0
outer loop
vertex 30.41256332397461 -35.656158447265625 3.549999952316284
vertex 30.41256332397461 -34.95616149902344 0
vertex 30.41256332397461 -34.95616149902344 3.549999952316284
endloop
endfacet
facet normal -1 0 0
outer loop
vertex -40.58743667602539 -17.781160354614258 3.549999952316284
vertex -40.58743667602539 -18.481159210205078 0
vertex -40.58743667602539 -18.481159210205078 3.549999952316284
endloop
endfacet
facet normal 0 -1 0
outer loop
vertex -45.58743667602539 -17.781160354614258 3.549999952316284
vertex -45.58743667602539 -17.781160354614258 0
vertex -40.58743667602539 -17.781160354614258 3.549999952316284
endloop
endfacet
facet normal 1 0 0
outer loop
vertex -45.58743667602539 -18.481159210205078 3.549999952316284
vertex -45.58743667602539 -17.781160354614258 0
vertex -45.58743667602539 -17.781160354614258 3.549999952316284
endloop
endfacet
facet normal -1 0 0
outer loop
vertex -40.58743667602539 -32.58116149902344 3.549999952316284
vertex -40.58743667602539 -33.281158447265625 0
vertex -40.58743667602539 -33.281158447265625 3.549999952316284
endloop
endfacet
facet normal 0 1 0
outer loop
vertex -40.58743667602539 -33.281158447265625 0
vertex -45.58743667602539 -33.281158447265625 3.549999952316284
vertex -40.58743667602539 -33.281158447265625 3.549999952316284
endloop
endfacet
facet normal 1 0 0
outer loop
vertex -45.58743667602539 -33.281158447265625 3.549999952316284
vertex -45.58743667602539 -32.58116149902344 0
vertex -45.58743667602539 -32.58116149902344 3.549999952316284
endloop
endfacet
facet normal -1 0 0
outer loop
vertex -40.58743667602539 -17.781160354614258 0
vertex -40.58743667602539 -18.481159210205078 0
vertex -40.58743667602539 -17.781160354614258 3.549999952316284
endloop
endfacet
facet normal 0 -1 0
outer loop
vertex -45.58743667602539 -17.781160354614258 0
vertex -40.58743667602539 -17.781160354614258 0
vertex -40.58743667602539 -17.781160354614258 3.549999952316284
endloop
endfacet
facet normal 1 0 0
outer loop
vertex -45.58743667602539 -18.481159210205078 3.549999952316284
vertex -45.58743667602539 -18.481159210205078 0
vertex -45.58743667602539 -17.781160354614258 0
endloop
endfacet
facet normal 0 0 -1
outer loop
vertex -40.58743667602539 -33.281158447265625 3.549999952316284
vertex -45.58743667602539 -33.281158447265625 3.549999952316284
vertex -45.58743667602539 -32.58116149902344 3.549999952316284
endloop
endfacet
facet normal 0 0 -1
outer loop
vertex -40.58743667602539 -32.58116149902344 3.549999952316284
vertex -40.58743667602539 -33.281158447265625 3.549999952316284
vertex -45.58743667602539 -32.58116149902344 3.549999952316284
endloop
endfacet
facet normal 0 0 -1
outer loop
vertex -45.58743667602539 -17.781160354614258 3.549999952316284
vertex -40.58743667602539 -18.481159210205078 3.549999952316284
vertex -45.58743667602539 -18.481159210205078 3.549999952316284
endloop
endfacet
facet normal 0 0 -1
outer loop
vertex -40.58743667602539 -17.781160354614258 3.549999952316284
vertex -40.58743667602539 -18.481159210205078 3.549999952316284
vertex -45.58743667602539 -17.781160354614258 3.549999952316284
endloop
endfacet
facet normal -1 0 0
outer loop
vertex -40.58743667602539 -32.58116149902344 0
vertex -40.58743667602539 -33.281158447265625 0
vertex -40.58743667602539 -32.58116149902344 3.549999952316284
endloop
endfacet
facet normal 0 1 0
outer loop
vertex -40.58743667602539 -33.281158447265625 0
vertex -45.58743667602539 -33.281158447265625 0
vertex -45.58743667602539 -33.281158447265625 3.549999952316284
endloop
endfacet
facet normal 1 0 0
outer loop
vertex -45.58743667602539 -32.58116149902344 0
vertex -45.58743667602539 -33.281158447265625 3.549999952316284
vertex -45.58743667602539 -33.281158447265625 0
endloop
endfacet
facet normal -1 0 0
outer loop
vertex -59.58743667602539 -17.781160354614258 3.549999952316284
vertex -59.58743667602539 -18.481159210205078 0
vertex -59.58743667602539 -18.481159210205078 3.549999952316284
endloop
endfacet
facet normal 0 -1 0
outer loop
vertex -64.58744049072266 -17.781160354614258 3.549999952316284
vertex -64.58744049072266 -17.781160354614258 0
vertex -59.58743667602539 -17.781160354614258 3.549999952316284
endloop
endfacet
facet normal 1 0 0
outer loop
vertex -64.58744049072266 -18.481159210205078 3.549999952316284
vertex -64.58744049072266 -17.781160354614258 0
vertex -64.58744049072266 -17.781160354614258 3.549999952316284
endloop
endfacet
facet normal -1 0 0
outer loop
vertex -59.58743667602539 -32.58116149902344 3.549999952316284
vertex -59.58743667602539 -33.281158447265625 0
vertex -59.58743667602539 -33.281158447265625 3.549999952316284
endloop
endfacet
facet normal 0 1 0
outer loop
vertex -59.58743667602539 -33.281158447265625 0
vertex -64.58744049072266 -33.281158447265625 3.549999952316284
vertex -59.58743667602539 -33.281158447265625 3.549999952316284
endloop
endfacet
facet normal 1 0 0
outer loop
vertex -64.58744049072266 -33.281158447265625 3.549999952316284
vertex -64.58744049072266 -32.58116149902344 0
vertex -64.58744049072266 -32.58116149902344 3.549999952316284
endloop
endfacet
facet normal 0 0 -1
outer loop
vertex -59.58743667602539 -33.281158447265625 3.549999952316284
vertex -64.58744049072266 -33.281158447265625 3.549999952316284
vertex -64.58744049072266 -32.58116149902344 3.549999952316284
endloop
endfacet
facet normal 0 0 -1
outer loop
vertex -59.58743667602539 -32.58116149902344 3.549999952316284
vertex -59.58743667602539 -33.281158447265625 3.549999952316284
vertex -64.58744049072266 -32.58116149902344 3.549999952316284
endloop
endfacet
facet normal 0 0 -1
outer loop
vertex -64.58744049072266 -17.781160354614258 3.549999952316284
vertex -59.58743667602539 -18.481159210205078 3.549999952316284
vertex -64.58744049072266 -18.481159210205078 3.549999952316284
endloop
endfacet
facet normal 0 0 -1
outer loop
vertex -59.58743667602539 -17.781160354614258 3.549999952316284
vertex -59.58743667602539 -18.481159210205078 3.549999952316284
vertex -64.58744049072266 -17.781160354614258 3.549999952316284
endloop
endfacet
facet normal -1 0 0
outer loop
vertex -59.58743667602539 -17.781160354614258 3.549999952316284
vertex -59.58743667602539 -17.781160354614258 0
vertex -59.58743667602539 -18.481159210205078 0
endloop
endfacet
facet normal 0 -1 0
outer loop
vertex -64.58744049072266 -17.781160354614258 0
vertex -59.58743667602539 -17.781160354614258 0
vertex -59.58743667602539 -17.781160354614258 3.549999952316284
endloop
endfacet
facet normal 1 0 0
outer loop
vertex -64.58744049072266 -18.481159210205078 3.549999952316284
vertex -64.58744049072266 -18.481159210205078 0
vertex -64.58744049072266 -17.781160354614258 0
endloop
endfacet
facet normal -1 0 0
outer loop
vertex -59.58743667602539 -33.281158447265625 0
vertex -59.58743667602539 -32.58116149902344 3.549999952316284
vertex -59.58743667602539 -32.58116149902344 0
endloop
endfacet
facet normal 0 1 0
outer loop
vertex -59.58743667602539 -33.281158447265625 0
vertex -64.58744049072266 -33.281158447265625 0
vertex -64.58744049072266 -33.281158447265625 3.549999952316284
endloop
endfacet
facet normal 1 0 0
outer loop
vertex -64.58744049072266 -32.58116149902344 0
vertex -64.58744049072266 -33.281158447265625 3.549999952316284
vertex -64.58744049072266 -33.281158447265625 0
endloop
endfacet
facet normal 1 0 0
outer loop
vertex 49.41256332397461 -13.731160163879395 3.549999952316284
vertex 49.41256332397461 -13.731160163879395 0
vertex 49.41256332397461 -13.031159400939941 0
endloop
endfacet
facet normal 0 -1 0
outer loop
vertex 49.41256332397461 -13.031159400939941 0
vertex 54.41256332397461 -13.031159400939941 0
vertex 54.41256332397461 -13.031159400939941 3.549999952316284
endloop
endfacet
facet normal -1 0 0
outer loop
vertex 54.41256332397461 -13.031159400939941 0
vertex 54.41256332397461 -13.731160163879395 0
vertex 54.41256332397461 -13.031159400939941 3.549999952316284
endloop
endfacet
facet normal 0 1 0
outer loop
vertex 54.41256332397461 -28.531160354614258 0
vertex 49.41256332397461 -28.531160354614258 3.549999952316284
vertex 54.41256332397461 -28.531160354614258 3.549999952316284
endloop
endfacet
facet normal -1 0 0
outer loop
vertex 54.41256332397461 -27.831159591674805 3.549999952316284
vertex 54.41256332397461 -28.531160354614258 0
vertex 54.41256332397461 -28.531160354614258 3.549999952316284
endloop
endfacet
facet normal 1 0 0
outer loop
vertex 49.41256332397461 -28.531160354614258 3.549999952316284
vertex 49.41256332397461 -27.831159591674805 0
vertex 49.41256332397461 -27.831159591674805 3.549999952316284
endloop
endfacet
facet normal 1 0 0
outer loop
vertex 49.41256332397461 -13.731160163879395 3.549999952316284
vertex 49.41256332397461 -13.031159400939941 0
vertex 49.41256332397461 -13.031159400939941 3.549999952316284
endloop
endfacet
facet normal 0 -1 0
outer loop
vertex 49.41256332397461 -13.031159400939941 3.549999952316284
vertex 49.41256332397461 -13.031159400939941 0
vertex 54.41256332397461 -13.031159400939941 3.549999952316284
endloop
endfacet
facet normal -1 0 0
outer loop
vertex 54.41256332397461 -13.031159400939941 3.549999952316284
vertex 54.41256332397461 -13.731160163879395 0
vertex 54.41256332397461 -13.731160163879395 3.549999952316284
endloop
endfacet
facet normal 0 0 -1
outer loop
vertex 54.41256332397461 -28.531160354614258 3.549999952316284
vertex 49.41256332397461 -28.531160354614258 3.549999952316284
vertex 49.41256332397461 -27.831159591674805 3.549999952316284
endloop
endfacet
facet normal 0 0 -1
outer loop
vertex 54.41256332397461 -27.831159591674805 3.549999952316284
vertex 54.41256332397461 -28.531160354614258 3.549999952316284
vertex 49.41256332397461 -27.831159591674805 3.549999952316284
endloop
endfacet
facet normal 0 0 -1
outer loop
vertex 49.41256332397461 -13.731160163879395 3.549999952316284
vertex 49.41256332397461 -13.031159400939941 3.549999952316284
vertex 54.41256332397461 -13.731160163879395 3.549999952316284
endloop
endfacet
facet normal 0 0 -1
outer loop
vertex 54.41256332397461 -13.031159400939941 3.549999952316284
vertex 54.41256332397461 -13.731160163879395 3.549999952316284
vertex 49.41256332397461 -13.031159400939941 3.549999952316284
endloop
endfacet
facet normal 1 0 0
outer loop
vertex 49.41256332397461 -27.831159591674805 0
vertex 49.41256332397461 -28.531160354614258 3.549999952316284
vertex 49.41256332397461 -28.531160354614258 0
endloop
endfacet
facet normal 0 1 0
outer loop
vertex 54.41256332397461 -28.531160354614258 0
vertex 49.41256332397461 -28.531160354614258 0
vertex 49.41256332397461 -28.531160354614258 3.549999952316284
endloop
endfacet
facet normal -1 0 0
outer loop
vertex 54.41256332397461 -27.831159591674805 0
vertex 54.41256332397461 -28.531160354614258 0
vertex 54.41256332397461 -27.831159591674805 3.549999952316284
endloop
endfacet
facet normal 0 1 0
outer loop
vertex -2.587437629699707 -21.406160354614258 0
vertex -7.587437629699707 -21.406160354614258 3.549999952316284
vertex -2.587437629699707 -21.406160354614258 3.549999952316284
endloop
endfacet
facet normal -1 0 0
outer loop
vertex -2.587437629699707 -20.706159591674805 3.549999952316284
vertex -2.587437629699707 -21.406160354614258 0
vertex -2.587437629699707 -21.406160354614258 3.549999952316284
endloop
endfacet
facet normal 1 0 0
outer loop
vertex -7.587437629699707 -6.606159687042236 3.549999952316284
vertex -7.587437629699707 -5.9061598777771 0
vertex -7.587437629699707 -5.9061598777771 3.549999952316284
endloop
endfacet
facet normal 0 -1 0
outer loop
vertex -7.587437629699707 -5.9061598777771 3.549999952316284
vertex -7.587437629699707 -5.9061598777771 0
vertex -2.587437629699707 -5.9061598777771 3.549999952316284
endloop
endfacet
facet normal -1 0 0
outer loop
vertex -2.587437629699707 -5.9061598777771 3.549999952316284
vertex -2.587437629699707 -6.606159687042236 0
vertex -2.587437629699707 -6.606159687042236 3.549999952316284
endloop
endfacet
facet normal 0 0 -1
outer loop
vertex -2.587437629699707 -5.9061598777771 3.549999952316284
vertex -2.587437629699707 -6.606159687042236 3.549999952316284
vertex -7.587437629699707 -5.9061598777771 3.549999952316284
endloop
endfacet
facet normal 0 0 -1
outer loop
vertex -7.587437629699707 -5.9061598777771 3.549999952316284
vertex -2.587437629699707 -6.606159687042236 3.549999952316284
vertex -7.587437629699707 -6.606159687042236 3.549999952316284
endloop
endfacet
facet normal 1 0 0
outer loop
vertex -7.587437629699707 -20.706159591674805 0
vertex -7.587437629699707 -21.406160354614258 3.549999952316284
vertex -7.587437629699707 -21.406160354614258 0
endloop
endfacet
facet normal 0 1 0
outer loop
vertex -2.587437629699707 -21.406160354614258 0
vertex -7.587437629699707 -21.406160354614258 0
vertex -7.587437629699707 -21.406160354614258 3.549999952316284
endloop
endfacet
facet normal -1 0 0
outer loop
vertex -2.587437629699707 -20.706159591674805 0
vertex -2.587437629699707 -21.406160354614258 0
vertex -2.587437629699707 -20.706159591674805 3.549999952316284
endloop
endfacet
facet normal 1 0 0
outer loop
vertex -7.587437629699707 -6.606159687042236 3.549999952316284
vertex -7.587437629699707 -6.606159687042236 0
vertex -7.587437629699707 -5.9061598777771 0
endloop
endfacet
facet normal 0 0 -1
outer loop
vertex -2.587437629699707 -20.706159591674805 3.549999952316284
vertex -2.587437629699707 -21.406160354614258 3.549999952316284
vertex -7.587437629699707 -20.706159591674805 3.549999952316284
endloop
endfacet
facet normal 0 -1 0
outer loop
vertex -2.587437629699707 -5.9061598777771 0
vertex -2.587437629699707 -5.9061598777771 3.549999952316284
vertex -7.587437629699707 -5.9061598777771 0
endloop
endfacet
facet normal -1 0 0
outer loop
vertex -2.587437629699707 -5.9061598777771 0
vertex -2.587437629699707 -6.606159687042236 0
vertex -2.587437629699707 -5.9061598777771 3.549999952316284
endloop
endfacet
facet normal 0 0 -1
outer loop
vertex -2.587437629699707 -21.406160354614258 3.549999952316284
vertex -7.587437629699707 -21.406160354614258 3.549999952316284
vertex -7.587437629699707 -20.706159591674805 3.549999952316284
endloop
endfacet
facet normal 1 0 0
outer loop
vertex -7.587437629699707 -21.406160354614258 3.549999952316284
vertex -7.587437629699707 -20.706159591674805 0
vertex -7.587437629699707 -20.706159591674805 3.549999952316284
endloop
endfacet
facet normal 1 0 0
outer loop
vertex 11.412562370300293 -4.231159687042236 3.549999952316284
vertex 11.412562370300293 -3.5311596393585205 0
vertex 11.412562370300293 -3.5311596393585205 3.549999952316284
endloop
endfacet
facet normal -1 0 0
outer loop
vertex 16.41256332397461 -18.331159591674805 3.549999952316284
vertex 16.41256332397461 -19.031160354614258 0
vertex 16.41256332397461 -19.031160354614258 3.549999952316284
endloop
endfacet
facet normal 1 0 0
outer loop
vertex 11.412562370300293 -18.331159591674805 0
vertex 11.412562370300293 -19.031160354614258 3.549999952316284
vertex 11.412562370300293 -19.031160354614258 0
endloop
endfacet
facet normal -1 0 0
outer loop
vertex 16.41256332397461 -3.5311596393585205 3.549999952316284
vertex 16.41256332397461 -4.231159687042236 0
vertex 16.41256332397461 -4.231159687042236 3.549999952316284
endloop
endfacet
facet normal 0 1 0
outer loop
vertex 16.41256332397461 -19.031160354614258 0
vertex 11.412562370300293 -19.031160354614258 0
vertex 11.412562370300293 -19.031160354614258 3.549999952316284
endloop
endfacet
facet normal -1 0 0
outer loop
vertex 16.41256332397461 -18.331159591674805 0
vertex 16.41256332397461 -19.031160354614258 0
vertex 16.41256332397461 -18.331159591674805 3.549999952316284
endloop
endfacet
facet normal 1 0 0
outer loop
vertex 11.412562370300293 -4.231159687042236 3.549999952316284
vertex 11.412562370300293 -4.231159687042236 0
vertex 11.412562370300293 -3.5311596393585205 0
endloop
endfacet
facet normal 0 -1 0
outer loop
vertex 11.412562370300293 -3.5311596393585205 0
vertex 16.41256332397461 -3.5311596393585205 0
vertex 16.41256332397461 -3.5311596393585205 3.549999952316284
endloop
endfacet
facet normal -1 0 0
outer loop
vertex 16.41256332397461 -3.5311596393585205 0
vertex 16.41256332397461 -4.231159687042236 0
vertex 16.41256332397461 -3.5311596393585205 3.549999952316284
endloop
endfacet
facet normal 0 0 -1
outer loop
vertex 16.41256332397461 -3.5311596393585205 3.549999952316284
vertex 16.41256332397461 -4.231159687042236 3.549999952316284
vertex 11.412562370300293 -3.5311596393585205 3.549999952316284
endloop
endfacet
facet normal 0 0 -1
outer loop
vertex 11.412562370300293 -3.5311596393585205 3.549999952316284
vertex 16.41256332397461 -4.231159687042236 3.549999952316284
vertex 11.412562370300293 -4.231159687042236 3.549999952316284
endloop
endfacet
facet normal 0 1 0
outer loop
vertex 16.41256332397461 -19.031160354614258 0
vertex 11.412562370300293 -19.031160354614258 3.549999952316284
vertex 16.41256332397461 -19.031160354614258 3.549999952316284
endloop
endfacet
facet normal 0 0 -1
outer loop
vertex 16.41256332397461 -18.331159591674805 3.549999952316284
vertex 16.41256332397461 -19.031160354614258 3.549999952316284
vertex 11.412562370300293 -18.331159591674805 3.549999952316284
endloop
endfacet
facet normal 0 -1 0
outer loop
vertex 11.412562370300293 -3.5311596393585205 3.549999952316284
vertex 11.412562370300293 -3.5311596393585205 0
vertex 16.41256332397461 -3.5311596393585205 3.549999952316284
endloop
endfacet
facet normal 0 0 -1
outer loop
vertex 16.41256332397461 -19.031160354614258 3.549999952316284
vertex 11.412562370300293 -19.031160354614258 3.549999952316284
vertex 11.412562370300293 -18.331159591674805 3.549999952316284
endloop
endfacet
facet normal 1 0 0
outer loop
vertex 11.412562370300293 -19.031160354614258 3.549999952316284
vertex 11.412562370300293 -18.331159591674805 0
vertex 11.412562370300293 -18.331159591674805 3.549999952316284
endloop
endfacet
facet normal -1 0 0
outer loop
vertex -21.58743667602539 -18.331159591674805 0
vertex -21.58743667602539 -19.031160354614258 0
vertex -21.58743667602539 -18.331159591674805 3.549999952316284
endloop
endfacet
facet normal 1 0 0
outer loop
vertex -26.58743667602539 -4.231159687042236 3.549999952316284
vertex -26.58743667602539 -4.231159687042236 0
vertex -26.58743667602539 -3.5311596393585205 0
endloop
endfacet
facet normal 0 -1 0
outer loop
vertex -21.58743667602539 -3.5311596393585205 0
vertex -21.58743667602539 -3.5311596393585205 3.549999952316284
vertex -26.58743667602539 -3.5311596393585205 0
endloop
endfacet
facet normal -1 0 0
outer loop
vertex -21.58743667602539 -3.5311596393585205 0
vertex -21.58743667602539 -4.231159687042236 0
vertex -21.58743667602539 -3.5311596393585205 3.549999952316284
endloop
endfacet
facet normal 0 1 0
outer loop
vertex -21.58743667602539 -19.031160354614258 0
vertex -26.58743667602539 -19.031160354614258 0
vertex -26.58743667602539 -19.031160354614258 3.549999952316284
endloop
endfacet
facet normal 1 0 0
outer loop
vertex -26.58743667602539 -19.031160354614258 3.549999952316284
vertex -26.58743667602539 -18.331159591674805 0
vertex -26.58743667602539 -18.331159591674805 3.549999952316284
endloop
endfacet
facet normal 0 1 0
outer loop
vertex -21.58743667602539 -19.031160354614258 0
vertex -26.58743667602539 -19.031160354614258 3.549999952316284
vertex -21.58743667602539 -19.031160354614258 3.549999952316284
endloop
endfacet
facet normal -1 0 0
outer loop
vertex -21.58743667602539 -18.331159591674805 3.549999952316284
vertex -21.58743667602539 -19.031160354614258 0
vertex -21.58743667602539 -19.031160354614258 3.549999952316284
endloop
endfacet
facet normal 1 0 0
outer loop
vertex -26.58743667602539 -4.231159687042236 3.549999952316284
vertex -26.58743667602539 -3.5311596393585205 0
vertex -26.58743667602539 -3.5311596393585205 3.549999952316284
endloop
endfacet
facet normal 0 -1 0
outer loop
vertex -26.58743667602539 -3.5311596393585205 3.549999952316284
vertex -26.58743667602539 -3.5311596393585205 0
vertex -21.58743667602539 -3.5311596393585205 3.549999952316284
endloop
endfacet
facet normal -1 0 0
outer loop
vertex -21.58743667602539 -3.5311596393585205 3.549999952316284
vertex -21.58743667602539 -4.231159687042236 0
vertex -21.58743667602539 -4.231159687042236 3.549999952316284
endloop
endfacet
facet normal 0 0 -1
outer loop
vertex -21.58743667602539 -3.5311596393585205 3.549999952316284
vertex -21.58743667602539 -4.231159687042236 3.549999952316284
vertex -26.58743667602539 -3.5311596393585205 3.549999952316284
endloop
endfacet
facet normal 0 0 -1
outer loop
vertex -26.58743667602539 -3.5311596393585205 3.549999952316284
vertex -21.58743667602539 -4.231159687042236 3.549999952316284
vertex -26.58743667602539 -4.231159687042236 3.549999952316284
endloop
endfacet
facet normal 0 0 -1
outer loop
vertex -21.58743667602539 -18.331159591674805 3.549999952316284
vertex -21.58743667602539 -19.031160354614258 3.549999952316284
vertex -26.58743667602539 -18.331159591674805 3.549999952316284
endloop
endfacet
facet normal 0 0 -1
outer loop
vertex -21.58743667602539 -19.031160354614258 3.549999952316284
vertex -26.58743667602539 -19.031160354614258 3.549999952316284
vertex -26.58743667602539 -18.331159591674805 3.549999952316284
endloop
endfacet
facet normal 1 0 0
outer loop
vertex -26.58743667602539 -18.331159591674805 0
vertex -26.58743667602539 -19.031160354614258 3.549999952316284
vertex -26.58743667602539 -19.031160354614258 0
endloop
endfacet
facet normal -1 0 0
outer loop
vertex 35.41256332397461 -1.15615975856781 0
vertex 35.41256332397461 -1.8561596870422363 0
vertex 35.41256332397461 -1.15615975856781 3.549999952316284
endloop
endfacet
facet normal 1 0 0
outer loop
vertex 30.41256332397461 -16.656160354614258 3.549999952316284
vertex 30.41256332397461 -15.956159591674805 0
vertex 30.41256332397461 -15.956159591674805 3.549999952316284
endloop
endfacet
facet normal 1 0 0
outer loop
vertex 30.41256332397461 -1.8561596870422363 3.549999952316284
vertex 30.41256332397461 -1.8561596870422363 0
vertex 30.41256332397461 -1.15615975856781 0
endloop
endfacet
facet normal 0 0 -1
outer loop
vertex 35.41256332397461 -1.15615975856781 3.549999952316284
vertex 35.41256332397461 -1.8561596870422363 3.549999952316284
vertex 30.41256332397461 -1.15615975856781 3.549999952316284
endloop
endfacet
facet normal 1 0 0
outer loop
vertex 30.41256332397461 -1.8561596870422363 3.549999952316284
vertex 30.41256332397461 -1.15615975856781 0
vertex 30.41256332397461 -1.15615975856781 3.549999952316284
endloop
endfacet
facet normal 0 0 -1
outer loop
vertex 30.41256332397461 -1.15615975856781 3.549999952316284
vertex 35.41256332397461 -1.8561596870422363 3.549999952316284
vertex 30.41256332397461 -1.8561596870422363 3.549999952316284
endloop
endfacet
facet normal 0 -1 0
outer loop
vertex 30.41256332397461 -1.15615975856781 3.549999952316284
vertex 30.41256332397461 -1.15615975856781 0
vertex 35.41256332397461 -1.15615975856781 3.549999952316284
endloop
endfacet
facet normal -1 0 0
outer loop
vertex 35.41256332397461 -1.15615975856781 3.549999952316284
vertex 35.41256332397461 -1.8561596870422363 0
vertex 35.41256332397461 -1.8561596870422363 3.549999952316284
endloop
endfacet
facet normal 0 0 -1
outer loop
vertex 35.41256332397461 -15.956159591674805 3.549999952316284
vertex 35.41256332397461 -16.656160354614258 3.549999952316284
vertex 30.41256332397461 -15.956159591674805 3.549999952316284
endloop
endfacet
facet normal -1 0 0
outer loop
vertex 35.41256332397461 -15.956159591674805 0
vertex 35.41256332397461 -16.656160354614258 0
vertex 35.41256332397461 -15.956159591674805 3.549999952316284
endloop
endfacet
facet normal 0 1 0
outer loop
vertex 35.41256332397461 -16.656160354614258 0
vertex 30.41256332397461 -16.656160354614258 0
vertex 30.41256332397461 -16.656160354614258 3.549999952316284
endloop
endfacet
facet normal 1 0 0
outer loop
vertex 30.41256332397461 -15.956159591674805 0
vertex 30.41256332397461 -16.656160354614258 3.549999952316284
vertex 30.41256332397461 -16.656160354614258 0
endloop
endfacet
facet normal 0 0 -1
outer loop
vertex 35.41256332397461 -16.656160354614258 3.549999952316284
vertex 30.41256332397461 -16.656160354614258 3.549999952316284
vertex 30.41256332397461 -15.956159591674805 3.549999952316284
endloop
endfacet
facet normal 0 -1 0
outer loop
vertex 35.41256332397461 -1.15615975856781 0
vertex 35.41256332397461 -1.15615975856781 3.549999952316284
vertex 30.41256332397461 -1.15615975856781 0
endloop
endfacet
facet normal -1 0 0
outer loop
vertex 35.41256332397461 -15.956159591674805 3.549999952316284
vertex 35.41256332397461 -16.656160354614258 0
vertex 35.41256332397461 -16.656160354614258 3.549999952316284
endloop
endfacet
facet normal 0 1 0
outer loop
vertex 35.41256332397461 -16.656160354614258 0
vertex 30.41256332397461 -16.656160354614258 3.549999952316284
vertex 35.41256332397461 -16.656160354614258 3.549999952316284
endloop
endfacet
facet normal 0 1 0
outer loop
vertex -40.58743667602539 -14.281159400939941 0
vertex -45.58743667602539 -14.281159400939941 0
vertex -45.58743667602539 -14.281159400939941 3.549999952316284
endloop
endfacet
facet normal 1 0 0
outer loop
vertex -45.58743667602539 -13.581159591674805 0
vertex -45.58743667602539 -14.281159400939941 3.549999952316284
vertex -45.58743667602539 -14.281159400939941 0
endloop
endfacet
facet normal -1 0 0
outer loop
vertex -40.58743667602539 1.21884024143219 3.549999952316284
vertex -40.58743667602539 0.5188402533531189 0
vertex -40.58743667602539 0.5188402533531189 3.549999952316284
endloop
endfacet
facet normal -1 0 0
outer loop
vertex -40.58743667602539 1.21884024143219 0
vertex -40.58743667602539 0.5188402533531189 0
vertex -40.58743667602539 1.21884024143219 3.549999952316284
endloop
endfacet
facet normal -1 0 0
outer loop
vertex -40.58743667602539 -13.581159591674805 3.549999952316284
vertex -40.58743667602539 -14.281159400939941 0
vertex -40.58743667602539 -14.281159400939941 3.549999952316284
endloop
endfacet
facet normal 0 1 0
outer loop
vertex -40.58743667602539 -14.281159400939941 0
vertex -45.58743667602539 -14.281159400939941 3.549999952316284
vertex -40.58743667602539 -14.281159400939941 3.549999952316284
endloop
endfacet
facet normal 0 -1 0
outer loop
vertex -45.58743667602539 1.21884024143219 3.549999952316284
vertex -45.58743667602539 1.21884024143219 0
vertex -40.58743667602539 1.21884024143219 3.549999952316284
endloop
endfacet
facet normal 1 0 0
outer loop
vertex -45.58743667602539 0.5188402533531189 3.549999952316284
vertex -45.58743667602539 1.21884024143219 0
vertex -45.58743667602539 1.21884024143219 3.549999952316284
endloop
endfacet
facet normal 1 0 0
outer loop
vertex -45.58743667602539 0.5188402533531189 3.549999952316284
vertex -45.58743667602539 0.5188402533531189 0
vertex -45.58743667602539 1.21884024143219 0
endloop
endfacet
facet normal 1 0 0
outer loop
vertex -45.58743667602539 -14.281159400939941 3.549999952316284
vertex -45.58743667602539 -13.581159591674805 0
vertex -45.58743667602539 -13.581159591674805 3.549999952316284
endloop
endfacet
facet normal 0 0 -1
outer loop
vertex -40.58743667602539 -14.281159400939941 3.549999952316284
vertex -45.58743667602539 -14.281159400939941 3.549999952316284
vertex -45.58743667602539 -13.581159591674805 3.549999952316284
endloop
endfacet
facet normal -1 0 0
outer loop
vertex -40.58743667602539 -13.581159591674805 0
vertex -40.58743667602539 -14.281159400939941 0
vertex -40.58743667602539 -13.581159591674805 3.549999952316284
endloop
endfacet
facet normal 0 0 -1
outer loop
vertex -40.58743667602539 -13.581159591674805 3.549999952316284
vertex -40.58743667602539 -14.281159400939941 3.549999952316284
vertex -45.58743667602539 -13.581159591674805 3.549999952316284
endloop
endfacet
facet normal 0 0 -1
outer loop
vertex -45.58743667602539 1.21884024143219 3.549999952316284
vertex -40.58743667602539 0.5188402533531189 3.549999952316284
vertex -45.58743667602539 0.5188402533531189 3.549999952316284
endloop
endfacet
facet normal 0 0 -1
outer loop
vertex -40.58743667602539 1.21884024143219 3.549999952316284
vertex -40.58743667602539 0.5188402533531189 3.549999952316284
vertex -45.58743667602539 1.21884024143219 3.549999952316284
endloop
endfacet
facet normal 0 -1 0
outer loop
vertex -45.58743667602539 1.21884024143219 0
vertex -40.58743667602539 1.21884024143219 0
vertex -40.58743667602539 1.21884024143219 3.549999952316284
endloop
endfacet
facet normal 0 -1 0
outer loop
vertex -64.58744049072266 1.21884024143219 3.549999952316284
vertex -64.58744049072266 1.21884024143219 0
vertex -59.58743667602539 1.21884024143219 3.549999952316284
endloop
endfacet
facet normal -1 0 0
outer loop
vertex -59.58743667602539 1.21884024143219 3.549999952316284
vertex -59.58743667602539 0.5188402533531189 0
vertex -59.58743667602539 0.5188402533531189 3.549999952316284
endloop
endfacet
facet normal 1 0 0
outer loop
vertex -64.58744049072266 0.5188402533531189 3.549999952316284
vertex -64.58744049072266 1.21884024143219 0
vertex -64.58744049072266 1.21884024143219 3.549999952316284
endloop
endfacet
facet normal -1 0 0
outer loop
vertex -59.58743667602539 -14.281159400939941 0
vertex -59.58743667602539 -13.581159591674805 3.549999952316284
vertex -59.58743667602539 -13.581159591674805 0
endloop
endfacet
facet normal 0 0 -1
outer loop
vertex -59.58743667602539 1.21884024143219 3.549999952316284
vertex -59.58743667602539 0.5188402533531189 3.549999952316284
vertex -64.58744049072266 1.21884024143219 3.549999952316284
endloop
endfacet
facet normal 1 0 0
outer loop
vertex -64.58744049072266 -13.581159591674805 0
vertex -64.58744049072266 -14.281159400939941 3.549999952316284
vertex -64.58744049072266 -14.281159400939941 0
endloop
endfacet
facet normal 0 0 -1
outer loop
vertex -59.58743667602539 -13.581159591674805 3.549999952316284
vertex -59.58743667602539 -14.281159400939941 3.549999952316284
vertex -64.58744049072266 -13.581159591674805 3.549999952316284
endloop
endfacet
facet normal 1 0 0
outer loop
vertex -64.58744049072266 -14.281159400939941 3.549999952316284
vertex -64.58744049072266 -13.581159591674805 0
vertex -64.58744049072266 -13.581159591674805 3.549999952316284
endloop
endfacet
facet normal 0 1 0
outer loop
vertex -59.58743667602539 -14.281159400939941 0
vertex -64.58744049072266 -14.281159400939941 3.549999952316284
vertex -59.58743667602539 -14.281159400939941 3.549999952316284
endloop
endfacet
facet normal -1 0 0
outer loop
vertex -59.58743667602539 -13.581159591674805 3.549999952316284
vertex -59.58743667602539 -14.281159400939941 0
vertex -59.58743667602539 -14.281159400939941 3.549999952316284
endloop
endfacet
facet normal 0 0 -1
outer loop
vertex -64.58744049072266 1.21884024143219 3.549999952316284
vertex -59.58743667602539 0.5188402533531189 3.549999952316284
vertex -64.58744049072266 0.5188402533531189 3.549999952316284
endloop
endfacet
facet normal -1 0 0
outer loop
vertex -59.58743667602539 1.21884024143219 3.549999952316284
vertex -59.58743667602539 1.21884024143219 0
vertex -59.58743667602539 0.5188402533531189 0
endloop
endfacet
facet normal 0 -1 0
outer loop
vertex -59.58743667602539 1.21884024143219 0
vertex -59.58743667602539 1.21884024143219 3.549999952316284
vertex -64.58744049072266 1.21884024143219 0
endloop
endfacet
facet normal 0 1 0
outer loop
vertex -59.58743667602539 -14.281159400939941 0
vertex -64.58744049072266 -14.281159400939941 0
vertex -64.58744049072266 -14.281159400939941 3.549999952316284
endloop
endfacet
facet normal 1 0 0
outer loop
vertex -64.58744049072266 0.5188402533531189 3.549999952316284
vertex -64.58744049072266 0.5188402533531189 0
vertex -64.58744049072266 1.21884024143219 0
endloop
endfacet
facet normal 0 0 -1
outer loop
vertex -59.58743667602539 -14.281159400939941 3.549999952316284
vertex -64.58744049072266 -14.281159400939941 3.549999952316284
vertex -64.58744049072266 -13.581159591674805 3.549999952316284
endloop
endfacet
facet normal 0 0 -1
outer loop
vertex 49.41256332397461 5.268840312957764 3.549999952316284
vertex 49.41256332397461 5.9688401222229 3.549999952316284
vertex 54.41256332397461 5.268840312957764 3.549999952316284
endloop
endfacet
facet normal 1 0 0
outer loop
vertex 49.41256332397461 5.268840312957764 3.549999952316284
vertex 49.41256332397461 5.268840312957764 0
vertex 49.41256332397461 5.9688401222229 0
endloop
endfacet
facet normal 0 -1 0
outer loop
vertex 54.41256332397461 5.9688401222229 0
vertex 54.41256332397461 5.9688401222229 3.549999952316284
vertex 49.41256332397461 5.9688401222229 0
endloop
endfacet
facet normal -1 0 0
outer loop
vertex 54.41256332397461 5.9688401222229 0
vertex 54.41256332397461 5.268840312957764 0
vertex 54.41256332397461 5.9688401222229 3.549999952316284
endloop
endfacet
facet normal 1 0 0
outer loop
vertex 49.41256332397461 -8.831159591674805 0
vertex 49.41256332397461 -9.531159400939941 3.549999952316284
vertex 49.41256332397461 -9.531159400939941 0
endloop
endfacet
facet normal 0 1 0
outer loop
vertex 54.41256332397461 -9.531159400939941 0
vertex 49.41256332397461 -9.531159400939941 0
vertex 49.41256332397461 -9.531159400939941 3.549999952316284
endloop
endfacet
facet normal -1 0 0
outer loop
vertex 54.41256332397461 -8.831159591674805 3.549999952316284
vertex 54.41256332397461 -9.531159400939941 0
vertex 54.41256332397461 -9.531159400939941 3.549999952316284
endloop
endfacet
facet normal 0 0 -1
outer loop
vertex 54.41256332397461 5.9688401222229 3.549999952316284
vertex 54.41256332397461 5.268840312957764 3.549999952316284
vertex 49.41256332397461 5.9688401222229 3.549999952316284
endloop
endfacet
facet normal 0 0 -1
outer loop
vertex 54.41256332397461 -9.531159400939941 3.549999952316284
vertex 49.41256332397461 -9.531159400939941 3.549999952316284
vertex 49.41256332397461 -8.831159591674805 3.549999952316284
endloop
endfacet
facet normal 0 0 -1
outer loop
vertex 54.41256332397461 -8.831159591674805 3.549999952316284
vertex 54.41256332397461 -9.531159400939941 3.549999952316284
vertex 49.41256332397461 -8.831159591674805 3.549999952316284
endloop
endfacet
facet normal 1 0 0
outer loop
vertex 49.41256332397461 5.268840312957764 3.549999952316284
vertex 49.41256332397461 5.9688401222229 0
vertex 49.41256332397461 5.9688401222229 3.549999952316284
endloop
endfacet
facet normal 0 -1 0
outer loop
vertex 49.41256332397461 5.9688401222229 3.549999952316284
vertex 49.41256332397461 5.9688401222229 0
vertex 54.41256332397461 5.9688401222229 3.549999952316284
endloop
endfacet
facet normal -1 0 0
outer loop
vertex 54.41256332397461 -8.831159591674805 0
vertex 54.41256332397461 -9.531159400939941 0
vertex 54.41256332397461 -8.831159591674805 3.549999952316284
endloop
endfacet
facet normal -1 0 0
outer loop
vertex 54.41256332397461 5.9688401222229 3.549999952316284
vertex 54.41256332397461 5.268840312957764 0
vertex 54.41256332397461 5.268840312957764 3.549999952316284
endloop
endfacet
facet normal 0 1 0
outer loop
vertex 54.41256332397461 -9.531159400939941 0
vertex 49.41256332397461 -9.531159400939941 3.549999952316284
vertex 54.41256332397461 -9.531159400939941 3.549999952316284
endloop
endfacet
facet normal 1 0 0
outer loop
vertex 49.41256332397461 -9.531159400939941 3.549999952316284
vertex 49.41256332397461 -8.831159591674805 0
vertex 49.41256332397461 -8.831159591674805 3.549999952316284
endloop
endfacet
facet normal -1 0 0
outer loop
vertex -2.587437629699707 -1.7061597108840942 0
vertex -2.587437629699707 -2.4061596393585205 0
vertex -2.587437629699707 -1.7061597108840942 3.549999952316284
endloop
endfacet
facet normal 0 0 -1
outer loop
vertex -2.587437629699707 -2.4061596393585205 3.549999952316284
vertex -7.587437629699707 -2.4061596393585205 3.549999952316284
vertex -7.587437629699707 -1.7061597108840942 3.549999952316284
endloop
endfacet
facet normal 1 0 0
outer loop
vertex -7.587437629699707 -1.7061597108840942 0
vertex -7.587437629699707 -2.4061596393585205 3.549999952316284
vertex -7.587437629699707 -2.4061596393585205 0
endloop
endfacet
facet normal 0 0 -1
outer loop
vertex -2.587437629699707 13.093840599060059 3.549999952316284
vertex -2.587437629699707 12.393839836120605 3.549999952316284
vertex -7.587437629699707 13.093840599060059 3.549999952316284
endloop
endfacet
facet normal 0 0 -1
outer loop
vertex -7.587437629699707 13.093840599060059 3.549999952316284
vertex -2.587437629699707 12.393839836120605 3.549999952316284
vertex -7.587437629699707 12.393839836120605 3.549999952316284
endloop
endfacet
facet normal -1 0 0
outer loop
vertex -2.587437629699707 13.093840599060059 3.549999952316284
vertex -2.587437629699707 13.093840599060059 0
vertex -2.587437629699707 12.393839836120605 0
endloop
endfacet
facet normal 0 1 0
outer loop
vertex -2.587437629699707 -2.4061596393585205 0
vertex -7.587437629699707 -2.4061596393585205 0
vertex -7.587437629699707 -2.4061596393585205 3.549999952316284
endloop
endfacet
facet normal 0 0 -1
outer loop
vertex -2.587437629699707 -1.7061597108840942 3.549999952316284
vertex -2.587437629699707 -2.4061596393585205 3.549999952316284
vertex -7.587437629699707 -1.7061597108840942 3.549999952316284
endloop
endfacet
facet normal 0 -1 0
outer loop
vertex -2.587437629699707 13.093840599060059 0
vertex -2.587437629699707 13.093840599060059 3.549999952316284
vertex -7.587437629699707 13.093840599060059 0
endloop
endfacet
facet normal 1 0 0
outer loop
vertex -7.587437629699707 12.393839836120605 3.549999952316284
vertex -7.587437629699707 12.393839836120605 0
vertex -7.587437629699707 13.093840599060059 0
endloop
endfacet
facet normal -1 0 0
outer loop
vertex -2.587437629699707 13.093840599060059 3.549999952316284
vertex -2.587437629699707 12.393839836120605 0
vertex -2.587437629699707 12.393839836120605 3.549999952316284
endloop
endfacet
facet normal 0 -1 0
outer loop
vertex -7.587437629699707 13.093840599060059 3.549999952316284
vertex -7.587437629699707 13.093840599060059 0
vertex -2.587437629699707 13.093840599060059 3.549999952316284
endloop
endfacet
facet normal 1 0 0
outer loop
vertex -7.587437629699707 12.393839836120605 3.549999952316284
vertex -7.587437629699707 13.093840599060059 0
vertex -7.587437629699707 13.093840599060059 3.549999952316284
endloop
endfacet
facet normal -1 0 0
outer loop
vertex -2.587437629699707 -1.7061597108840942 3.549999952316284
vertex -2.587437629699707 -2.4061596393585205 0
vertex -2.587437629699707 -2.4061596393585205 3.549999952316284
endloop
endfacet
facet normal 0 1 0
outer loop
vertex -2.587437629699707 -2.4061596393585205 0
vertex -7.587437629699707 -2.4061596393585205 3.549999952316284
vertex -2.587437629699707 -2.4061596393585205 3.549999952316284
endloop
endfacet
facet normal 1 0 0
outer loop
vertex -7.587437629699707 -2.4061596393585205 3.549999952316284
vertex -7.587437629699707 -1.7061597108840942 0
vertex -7.587437629699707 -1.7061597108840942 3.549999952316284
endloop
endfacet
facet normal 1 0 0
outer loop
vertex 11.412562370300293 14.768839836120605 3.549999952316284
vertex 11.412562370300293 14.768839836120605 0
vertex 11.412562370300293 15.468840599060059 0
endloop
endfacet
facet normal 0 1 0
outer loop
vertex 16.41256332397461 -0.031159736216068268 0
vertex 11.412562370300293 -0.031159736216068268 0
vertex 11.412562370300293 -0.031159736216068268 3.549999952316284
endloop
endfacet
facet normal -1 0 0
outer loop
vertex 16.41256332397461 0.6688402891159058 3.549999952316284
vertex 16.41256332397461 -0.031159736216068268 0
vertex 16.41256332397461 -0.031159736216068268 3.549999952316284
endloop
endfacet
facet normal 1 0 0
outer loop
vertex 11.412562370300293 14.768839836120605 3.549999952316284
vertex 11.412562370300293 15.468840599060059 0
vertex 11.412562370300293 15.468840599060059 3.549999952316284
endloop
endfacet
facet normal 0 1 0
outer loop
vertex 16.41256332397461 -0.031159736216068268 0
vertex 11.412562370300293 -0.031159736216068268 3.549999952316284
vertex 16.41256332397461 -0.031159736216068268 3.549999952316284
endloop
endfacet
facet normal 0 0 -1
outer loop
vertex 16.41256332397461 0.6688402891159058 3.549999952316284
vertex 16.41256332397461 -0.031159736216068268 3.549999952316284
vertex 11.412562370300293 0.6688402891159058 3.549999952316284
endloop
endfacet
facet normal 0 0 -1
outer loop
vertex 11.412562370300293 15.468840599060059 3.549999952316284
vertex 16.41256332397461 14.768839836120605 3.549999952316284
vertex 11.412562370300293 14.768839836120605 3.549999952316284
endloop
endfacet
facet normal 0 -1 0
outer loop
vertex 11.412562370300293 15.468840599060059 3.549999952316284
vertex 11.412562370300293 15.468840599060059 0
vertex 16.41256332397461 15.468840599060059 3.549999952316284
endloop
endfacet
facet normal -1 0 0
outer loop
vertex 16.41256332397461 15.468840599060059 3.549999952316284
vertex 16.41256332397461 14.768839836120605 0
vertex 16.41256332397461 14.768839836120605 3.549999952316284
endloop
endfacet
facet normal 0 0 -1
outer loop
vertex 16.41256332397461 15.468840599060059 3.549999952316284
vertex 16.41256332397461 14.768839836120605 3.549999952316284
vertex 11.412562370300293 15.468840599060059 3.549999952316284
endloop
endfacet
facet normal 0 -1 0
outer loop
vertex 11.412562370300293 15.468840599060059 0
vertex 16.41256332397461 15.468840599060059 0
vertex 16.41256332397461 15.468840599060059 3.549999952316284
endloop
endfacet
facet normal -1 0 0
outer loop
vertex 16.41256332397461 15.468840599060059 0
vertex 16.41256332397461 14.768839836120605 0
vertex 16.41256332397461 15.468840599060059 3.549999952316284
endloop
endfacet
facet normal -1 0 0
outer loop
vertex 16.41256332397461 0.6688402891159058 0
vertex 16.41256332397461 -0.031159736216068268 0
vertex 16.41256332397461 0.6688402891159058 3.549999952316284
endloop
endfacet
facet normal 1 0 0
outer loop
vertex 11.412562370300293 -0.031159736216068268 3.549999952316284
vertex 11.412562370300293 0.6688402891159058 0
vertex 11.412562370300293 0.6688402891159058 3.549999952316284
endloop
endfacet
facet normal 1 0 0
outer loop
vertex 11.412562370300293 0.6688402891159058 0
vertex 11.412562370300293 -0.031159736216068268 3.549999952316284
vertex 11.412562370300293 -0.031159736216068268 0
endloop
endfacet
facet normal 0 0 -1
outer loop
vertex 16.41256332397461 -0.031159736216068268 3.549999952316284
vertex 11.412562370300293 -0.031159736216068268 3.549999952316284
vertex 11.412562370300293 0.6688402891159058 3.549999952316284
endloop
endfacet
facet normal 0 0 -1
outer loop
vertex -21.58743667602539 -0.031159736216068268 3.549999952316284
vertex -26.58743667602539 -0.031159736216068268 3.549999952316284
vertex -26.58743667602539 0.6688402891159058 3.549999952316284
endloop
endfacet
facet normal 0 1 0
outer loop
vertex -21.58743667602539 -0.031159736216068268 0
vertex -26.58743667602539 -0.031159736216068268 3.549999952316284
vertex -21.58743667602539 -0.031159736216068268 3.549999952316284
endloop
endfacet
facet normal 1 0 0
outer loop
vertex -26.58743667602539 -0.031159736216068268 3.549999952316284
vertex -26.58743667602539 0.6688402891159058 0
vertex -26.58743667602539 0.6688402891159058 3.549999952316284
endloop
endfacet
facet normal 0 0 -1
outer loop
vertex -21.58743667602539 0.6688402891159058 3.549999952316284
vertex -21.58743667602539 -0.031159736216068268 3.549999952316284
vertex -26.58743667602539 0.6688402891159058 3.549999952316284
endloop
endfacet
facet normal -1 0 0
outer loop
vertex -21.58743667602539 15.468840599060059 3.549999952316284
vertex -21.58743667602539 14.768839836120605 0
vertex -21.58743667602539 14.768839836120605 3.549999952316284
endloop
endfacet
facet normal 0 0 -1
outer loop
vertex -26.58743667602539 15.468840599060059 3.549999952316284
vertex -21.58743667602539 14.768839836120605 3.549999952316284
vertex -26.58743667602539 14.768839836120605 3.549999952316284
endloop
endfacet
facet normal -1 0 0
outer loop
vertex -21.58743667602539 15.468840599060059 0
vertex -21.58743667602539 14.768839836120605 0
vertex -21.58743667602539 15.468840599060059 3.549999952316284
endloop
endfacet
facet normal 0 -1 0
outer loop
vertex -21.58743667602539 15.468840599060059 0
vertex -21.58743667602539 15.468840599060059 3.549999952316284
vertex -26.58743667602539 15.468840599060059 0
endloop
endfacet
facet normal 1 0 0
outer loop
vertex -26.58743667602539 14.768839836120605 3.549999952316284
vertex -26.58743667602539 14.768839836120605 0
vertex -26.58743667602539 15.468840599060059 0
endloop
endfacet
facet normal -1 0 0
outer loop
vertex -21.58743667602539 0.6688402891159058 0
vertex -21.58743667602539 -0.031159736216068268 0
vertex -21.58743667602539 0.6688402891159058 3.549999952316284
endloop
endfacet
facet normal 0 1 0
outer loop
vertex -21.58743667602539 -0.031159736216068268 0
vertex -26.58743667602539 -0.031159736216068268 0
vertex -26.58743667602539 -0.031159736216068268 3.549999952316284
endloop
endfacet
facet normal 1 0 0
outer loop
vertex -26.58743667602539 0.6688402891159058 0
vertex -26.58743667602539 -0.031159736216068268 3.549999952316284
vertex -26.58743667602539 -0.031159736216068268 0
endloop
endfacet
facet normal 0 -1 0
outer loop
vertex -26.58743667602539 15.468840599060059 3.549999952316284
vertex -26.58743667602539 15.468840599060059 0
vertex -21.58743667602539 15.468840599060059 3.549999952316284
endloop
endfacet
facet normal 1 0 0
outer loop
vertex -26.58743667602539 14.768839836120605 3.549999952316284
vertex -26.58743667602539 15.468840599060059 0
vertex -26.58743667602539 15.468840599060059 3.549999952316284
endloop
endfacet
facet normal 0 0 -1
outer loop
vertex -21.58743667602539 15.468840599060059 3.549999952316284
vertex -21.58743667602539 14.768839836120605 3.549999952316284
vertex -26.58743667602539 15.468840599060059 3.549999952316284
endloop
endfacet
facet normal -1 0 0
outer loop
vertex -21.58743667602539 0.6688402891159058 3.549999952316284
vertex -21.58743667602539 -0.031159736216068268 0
vertex -21.58743667602539 -0.031159736216068268 3.549999952316284
endloop
endfacet
facet normal -1 0 0
outer loop
vertex 35.41256332397461 3.043840169906616 0
vertex 35.41256332397461 2.3438403606414795 0
vertex 35.41256332397461 3.043840169906616 3.549999952316284
endloop
endfacet
facet normal 0 0 -1
outer loop
vertex 35.41256332397461 2.3438403606414795 3.549999952316284
vertex 30.41256332397461 2.3438403606414795 3.549999952316284
vertex 30.41256332397461 3.043840169906616 3.549999952316284
endloop
endfacet
facet normal 1 0 0
outer loop
vertex 30.41256332397461 17.143840789794922 3.549999952316284
vertex 30.41256332397461 17.143840789794922 0
vertex 30.41256332397461 17.843839645385742 0
endloop
endfacet
facet normal 0 1 0
outer loop
vertex 35.41256332397461 2.3438403606414795 0
vertex 30.41256332397461 2.3438403606414795 0
vertex 30.41256332397461 2.3438403606414795 3.549999952316284
endloop
endfacet
facet normal 1 0 0
outer loop
vertex 30.41256332397461 3.043840169906616 0
vertex 30.41256332397461 2.3438403606414795 3.549999952316284
vertex 30.41256332397461 2.3438403606414795 0
endloop
endfacet
facet normal 0 -1 0
outer loop
vertex 30.41256332397461 17.843839645385742 0
vertex 35.41256332397461 17.843839645385742 0
vertex 35.41256332397461 17.843839645385742 3.549999952316284
endloop
endfacet
facet normal -1 0 0
outer loop
vertex 35.41256332397461 17.843839645385742 0
vertex 35.41256332397461 17.143840789794922 0
vertex 35.41256332397461 17.843839645385742 3.549999952316284
endloop
endfacet
facet normal 1 0 0
outer loop
vertex 30.41256332397461 2.3438403606414795 3.549999952316284
vertex 30.41256332397461 3.043840169906616 0
vertex 30.41256332397461 3.043840169906616 3.549999952316284
endloop
endfacet
facet normal 0 1 0
outer loop
vertex 35.41256332397461 2.3438403606414795 0
vertex 30.41256332397461 2.3438403606414795 3.549999952316284
vertex 35.41256332397461 2.3438403606414795 3.549999952316284
endloop
endfacet
facet normal -1 0 0
outer loop
vertex 35.41256332397461 3.043840169906616 3.549999952316284
vertex 35.41256332397461 2.3438403606414795 0
vertex 35.41256332397461 2.3438403606414795 3.549999952316284
endloop
endfacet
facet normal 1 0 0
outer loop
vertex 30.41256332397461 17.143840789794922 3.549999952316284
vertex 30.41256332397461 17.843839645385742 0
vertex 30.41256332397461 17.843839645385742 3.549999952316284
endloop
endfacet
facet normal 0 -1 0
outer loop
vertex 30.41256332397461 17.843839645385742 3.549999952316284
vertex 30.41256332397461 17.843839645385742 0
vertex 35.41256332397461 17.843839645385742 3.549999952316284
endloop
endfacet
facet normal -1 0 0
outer loop
vertex 35.41256332397461 17.843839645385742 3.549999952316284
vertex 35.41256332397461 17.143840789794922 0
vertex 35.41256332397461 17.143840789794922 3.549999952316284
endloop
endfacet
facet normal 0 0 -1
outer loop
vertex 35.41256332397461 17.843839645385742 3.549999952316284
vertex 35.41256332397461 17.143840789794922 3.549999952316284
vertex 30.41256332397461 17.843839645385742 3.549999952316284
endloop
endfacet
facet normal 0 0 -1
outer loop
vertex 30.41256332397461 17.843839645385742 3.549999952316284
vertex 35.41256332397461 17.143840789794922 3.549999952316284
vertex 30.41256332397461 17.143840789794922 3.549999952316284
endloop
endfacet
facet normal 0 0 -1
outer loop
vertex 35.41256332397461 3.043840169906616 3.549999952316284
vertex 35.41256332397461 2.3438403606414795 3.549999952316284
vertex 30.41256332397461 3.043840169906616 3.549999952316284
endloop
endfacet
facet normal 1 0 0
outer loop
vertex -45.58743667602539 4.7188401222229 3.549999952316284
vertex -45.58743667602539 5.418840408325195 0
vertex -45.58743667602539 5.418840408325195 3.549999952316284
endloop
endfacet
facet normal -1 0 0
outer loop
vertex -40.58743667602539 20.218839645385742 0
vertex -40.58743667602539 19.518840789794922 0
vertex -40.58743667602539 20.218839645385742 3.549999952316284
endloop
endfacet
facet normal 0 0 -1
outer loop
vertex -40.58743667602539 20.218839645385742 3.549999952316284
vertex -40.58743667602539 19.518840789794922 3.549999952316284
vertex -45.58743667602539 20.218839645385742 3.549999952316284
endloop
endfacet
facet normal 0 0 -1
outer loop
vertex -45.58743667602539 20.218839645385742 3.549999952316284
vertex -40.58743667602539 19.518840789794922 3.549999952316284
vertex -45.58743667602539 19.518840789794922 3.549999952316284
endloop
endfacet
facet normal 0 0 -1
outer loop
vertex -40.58743667602539 5.418840408325195 3.549999952316284
vertex -40.58743667602539 4.7188401222229 3.549999952316284
vertex -45.58743667602539 5.418840408325195 3.549999952316284
endloop
endfacet
facet normal 0 1 0
outer loop
vertex -40.58743667602539 4.7188401222229 0
vertex -45.58743667602539 4.7188401222229 3.549999952316284
vertex -40.58743667602539 4.7188401222229 3.549999952316284
endloop
endfacet
facet normal 1 0 0
outer loop
vertex -45.58743667602539 5.418840408325195 0
vertex -45.58743667602539 4.7188401222229 3.549999952316284
vertex -45.58743667602539 4.7188401222229 0
endloop
endfacet
facet normal 0 1 0
outer loop
vertex -40.58743667602539 4.7188401222229 0
vertex -45.58743667602539 4.7188401222229 0
vertex -45.58743667602539 4.7188401222229 3.549999952316284
endloop
endfacet
facet normal -1 0 0
outer loop
vertex -40.58743667602539 5.418840408325195 0
vertex -40.58743667602539 4.7188401222229 0
vertex -40.58743667602539 5.418840408325195 3.549999952316284
endloop
endfacet
facet normal 1 0 0
outer loop
vertex -45.58743667602539 19.518840789794922 3.549999952316284
vertex -45.58743667602539 19.518840789794922 0
vertex -45.58743667602539 20.218839645385742 0
endloop
endfacet
facet normal 0 -1 0
outer loop
vertex -45.58743667602539 20.218839645385742 3.549999952316284
vertex -45.58743667602539 20.218839645385742 0
vertex -40.58743667602539 20.218839645385742 3.549999952316284
endloop
endfacet
facet normal 0 0 -1
outer loop
vertex -40.58743667602539 4.7188401222229 3.549999952316284
vertex -45.58743667602539 4.7188401222229 3.549999952316284
vertex -45.58743667602539 5.418840408325195 3.549999952316284
endloop
endfacet
facet normal 0 -1 0
outer loop
vertex -45.58743667602539 20.218839645385742 0
vertex -40.58743667602539 20.218839645385742 0
vertex -40.58743667602539 20.218839645385742 3.549999952316284
endloop
endfacet
facet normal -1 0 0
outer loop
vertex -40.58743667602539 5.418840408325195 3.549999952316284
vertex -40.58743667602539 4.7188401222229 0
vertex -40.58743667602539 4.7188401222229 3.549999952316284
endloop
endfacet
facet normal 1 0 0
outer loop
vertex -45.58743667602539 19.518840789794922 3.549999952316284
vertex -45.58743667602539 20.218839645385742 0
vertex -45.58743667602539 20.218839645385742 3.549999952316284
endloop
endfacet
facet normal -1 0 0
outer loop
vertex -40.58743667602539 20.218839645385742 3.549999952316284
vertex -40.58743667602539 19.518840789794922 0
vertex -40.58743667602539 19.518840789794922 3.549999952316284
endloop
endfacet
facet normal 1 0 0
outer loop
vertex -64.58744049072266 4.7188401222229 3.549999952316284
vertex -64.58744049072266 5.418840408325195 0
vertex -64.58744049072266 5.418840408325195 3.549999952316284
endloop
endfacet
facet normal -1 0 0
outer loop
vertex -59.58743667602539 20.218839645385742 3.549999952316284
vertex -59.58743667602539 19.518840789794922 0
vertex -59.58743667602539 19.518840789794922 3.549999952316284
endloop
endfacet
facet normal 0 1 0
outer loop
vertex -59.58743667602539 4.7188401222229 0
vertex -64.58744049072266 4.7188401222229 3.549999952316284
vertex -59.58743667602539 4.7188401222229 3.549999952316284
endloop
endfacet
facet normal -1 0 0
outer loop
vertex -59.58743667602539 5.418840408325195 3.549999952316284
vertex -59.58743667602539 4.7188401222229 0
vertex -59.58743667602539 4.7188401222229 3.549999952316284
endloop
endfacet
facet normal 1 0 0
outer loop
vertex -64.58744049072266 5.418840408325195 0
vertex -64.58744049072266 4.7188401222229 3.549999952316284
vertex -64.58744049072266 4.7188401222229 0
endloop
endfacet
facet normal 0 1 0
outer loop
vertex -59.58743667602539 4.7188401222229 0
vertex -64.58744049072266 4.7188401222229 0
vertex -64.58744049072266 4.7188401222229 3.549999952316284
endloop
endfacet
facet normal 0 0 -1
outer loop
vertex -64.58744049072266 20.218839645385742 3.549999952316284
vertex -59.58743667602539 19.518840789794922 3.549999952316284
vertex -64.58744049072266 19.518840789794922 3.549999952316284
endloop
endfacet
facet normal -1 0 0
outer loop
vertex -59.58743667602539 4.7188401222229 0
vertex -59.58743667602539 5.418840408325195 3.549999952316284
vertex -59.58743667602539 5.418840408325195 0
endloop
endfacet
facet normal 1 0 0
outer loop
vertex -64.58744049072266 19.518840789794922 3.549999952316284
vertex -64.58744049072266 20.218839645385742 0
vertex -64.58744049072266 20.218839645385742 3.549999952316284
endloop
endfacet
facet normal 0 -1 0
outer loop
vertex -64.58744049072266 20.218839645385742 3.549999952316284
vertex -64.58744049072266 20.218839645385742 0
vertex -59.58743667602539 20.218839645385742 3.549999952316284
endloop
endfacet
facet normal 0 0 -1
outer loop
vertex -59.58743667602539 20.218839645385742 3.549999952316284
vertex -59.58743667602539 19.518840789794922 3.549999952316284
vertex -64.58744049072266 20.218839645385742 3.549999952316284
endloop
endfacet
facet normal 0 0 -1
outer loop
vertex -59.58743667602539 5.418840408325195 3.549999952316284
vertex -59.58743667602539 4.7188401222229 3.549999952316284
vertex -64.58744049072266 5.418840408325195 3.549999952316284
endloop
endfacet
facet normal 0 0 -1
outer loop
vertex -59.58743667602539 4.7188401222229 3.549999952316284
vertex -64.58744049072266 4.7188401222229 3.549999952316284
vertex -64.58744049072266 5.418840408325195 3.549999952316284
endloop
endfacet
facet normal 1 0 0
outer loop
vertex -64.58744049072266 19.518840789794922 3.549999952316284
vertex -64.58744049072266 19.518840789794922 0
vertex -64.58744049072266 20.218839645385742 0
endloop
endfacet
facet normal 0 -1 0
outer loop
vertex -59.58743667602539 20.218839645385742 0
vertex -59.58743667602539 20.218839645385742 3.549999952316284
vertex -64.58744049072266 20.218839645385742 0
endloop
endfacet
facet normal -1 0 0
outer loop
vertex -59.58743667602539 20.218839645385742 3.549999952316284
vertex -59.58743667602539 20.218839645385742 0
vertex -59.58743667602539 19.518840789794922 0
endloop
endfacet
facet normal 1 0 0
outer loop
vertex 49.41256332397461 24.268840789794922 3.549999952316284
vertex 49.41256332397461 24.968839645385742 0
vertex 49.41256332397461 24.968839645385742 3.549999952316284
endloop
endfacet
facet normal -1 0 0
outer loop
vertex 54.41256332397461 24.968839645385742 0
vertex 54.41256332397461 24.268840789794922 0
vertex 54.41256332397461 24.968839645385742 3.549999952316284
endloop
endfacet
facet normal -1 0 0
outer loop
vertex 54.41256332397461 10.168840408325195 3.549999952316284
vertex 54.41256332397461 9.468840599060059 0
vertex 54.41256332397461 9.468840599060059 3.549999952316284
endloop
endfacet
facet normal 0 -1 0
outer loop
vertex 49.41256332397461 24.968839645385742 3.549999952316284
vertex 49.41256332397461 24.968839645385742 0
vertex 54.41256332397461 24.968839645385742 3.549999952316284
endloop
endfacet
facet normal -1 0 0
outer loop
vertex 54.41256332397461 24.968839645385742 3.549999952316284
vertex 54.41256332397461 24.268840789794922 0
vertex 54.41256332397461 24.268840789794922 3.549999952316284
endloop
endfacet
facet normal 1 0 0
outer loop
vertex 49.41256332397461 10.168840408325195 0
vertex 49.41256332397461 9.468840599060059 3.549999952316284
vertex 49.41256332397461 9.468840599060059 0
endloop
endfacet
facet normal 0 -1 0
outer loop
vertex 49.41256332397461 24.968839645385742 0
vertex 54.41256332397461 24.968839645385742 0
vertex 54.41256332397461 24.968839645385742 3.549999952316284
endloop
endfacet
facet normal 0 1 0
outer loop
vertex 54.41256332397461 9.468840599060059 0
vertex 49.41256332397461 9.468840599060059 0
vertex 49.41256332397461 9.468840599060059 3.549999952316284
endloop
endfacet
facet normal -1 0 0
outer loop
vertex 54.41256332397461 10.168840408325195 0
vertex 54.41256332397461 9.468840599060059 0
vertex 54.41256332397461 10.168840408325195 3.549999952316284
endloop
endfacet
facet normal 1 0 0
outer loop
vertex 49.41256332397461 24.268840789794922 3.549999952316284
vertex 49.41256332397461 24.268840789794922 0
vertex 49.41256332397461 24.968839645385742 0
endloop
endfacet
facet normal 0 0 -1
outer loop
vertex 54.41256332397461 24.968839645385742 3.549999952316284
vertex 54.41256332397461 24.268840789794922 3.549999952316284
vertex 49.41256332397461 24.968839645385742 3.549999952316284
endloop
endfacet
facet normal 0 0 -1
outer loop
vertex 49.41256332397461 24.268840789794922 3.549999952316284
vertex 49.41256332397461 24.968839645385742 3.549999952316284
vertex 54.41256332397461 24.268840789794922 3.549999952316284
endloop
endfacet
facet normal 0 0 -1
outer loop
vertex 54.41256332397461 10.168840408325195 3.549999952316284
vertex 54.41256332397461 9.468840599060059 3.549999952316284
vertex 49.41256332397461 10.168840408325195 3.549999952316284
endloop
endfacet
facet normal 0 0 -1
outer loop
vertex 54.41256332397461 9.468840599060059 3.549999952316284
vertex 49.41256332397461 9.468840599060059 3.549999952316284
vertex 49.41256332397461 10.168840408325195 3.549999952316284
endloop
endfacet
facet normal 1 0 0
outer loop
vertex 49.41256332397461 9.468840599060059 3.549999952316284
vertex 49.41256332397461 10.168840408325195 0
vertex 49.41256332397461 10.168840408325195 3.549999952316284
endloop
endfacet
facet normal 0 1 0
outer loop
vertex 54.41256332397461 9.468840599060059 0
vertex 49.41256332397461 9.468840599060059 3.549999952316284
vertex 54.41256332397461 9.468840599060059 3.549999952316284
endloop
endfacet
facet normal 1 0 0
outer loop
vertex -26.58743667602539 33.76884078979492 3.549999952316284
vertex -26.58743667602539 34.468841552734375 0
vertex -26.58743667602539 34.468841552734375 3.549999952316284
endloop
endfacet
facet normal 1 0 0
outer loop
vertex -26.58743667602539 18.968839645385742 3.549999952316284
vertex -26.58743667602539 19.668840408325195 0
vertex -26.58743667602539 19.668840408325195 3.549999952316284
endloop
endfacet
facet normal -1 0 0
outer loop
vertex -21.58743667602539 34.468841552734375 3.549999952316284
vertex -21.58743667602539 33.76884078979492 0
vertex -21.58743667602539 33.76884078979492 3.549999952316284
endloop
endfacet
facet normal -1 0 0
outer loop
vertex -21.58743667602539 34.468841552734375 0
vertex -21.58743667602539 33.76884078979492 0
vertex -21.58743667602539 34.468841552734375 3.549999952316284
endloop
endfacet
facet normal 0 0 -1
outer loop
vertex -21.58743667602539 19.668840408325195 3.549999952316284
vertex -21.58743667602539 18.968839645385742 3.549999952316284
vertex -26.58743667602539 19.668840408325195 3.549999952316284
endloop
endfacet
facet normal 0 0 -1
outer loop
vertex -21.58743667602539 18.968839645385742 3.549999952316284
vertex -26.58743667602539 18.968839645385742 3.549999952316284
vertex -26.58743667602539 19.668840408325195 3.549999952316284
endloop
endfacet
facet normal 0 -1 0
outer loop
vertex -26.58743667602539 34.468841552734375 3.549999952316284
vertex -26.58743667602539 34.468841552734375 0
vertex -21.58743667602539 34.468841552734375 3.549999952316284
endloop
endfacet
facet normal 0 -1 0
outer loop
vertex -26.58743667602539 34.468841552734375 0
vertex -21.58743667602539 34.468841552734375 0
vertex -21.58743667602539 34.468841552734375 3.549999952316284
endloop
endfacet
facet normal 1 0 0
outer loop
vertex -26.58743667602539 19.668840408325195 0
vertex -26.58743667602539 18.968839645385742 3.549999952316284
vertex -26.58743667602539 18.968839645385742 0
endloop
endfacet
facet normal 0 1 0
outer loop
vertex -21.58743667602539 18.968839645385742 0
vertex -26.58743667602539 18.968839645385742 0
vertex -26.58743667602539 18.968839645385742 3.549999952316284
endloop
endfacet
facet normal 0 0 -1
outer loop
vertex -21.58743667602539 34.468841552734375 3.549999952316284
vertex -21.58743667602539 33.76884078979492 3.549999952316284
vertex -26.58743667602539 34.468841552734375 3.549999952316284
endloop
endfacet
facet normal -1 0 0
outer loop
vertex -21.58743667602539 19.668840408325195 0
vertex -21.58743667602539 18.968839645385742 0
vertex -21.58743667602539 19.668840408325195 3.549999952316284
endloop
endfacet
facet normal 1 0 0
outer loop
vertex -26.58743667602539 33.76884078979492 3.549999952316284
vertex -26.58743667602539 33.76884078979492 0
vertex -26.58743667602539 34.468841552734375 0
endloop
endfacet
facet normal -1 0 0
outer loop
vertex -21.58743667602539 19.668840408325195 3.549999952316284
vertex -21.58743667602539 18.968839645385742 0
vertex -21.58743667602539 18.968839645385742 3.549999952316284
endloop
endfacet
facet normal 0 1 0
outer loop
vertex -21.58743667602539 18.968839645385742 0
vertex -26.58743667602539 18.968839645385742 3.549999952316284
vertex -21.58743667602539 18.968839645385742 3.549999952316284
endloop
endfacet
facet normal 0 0 -1
outer loop
vertex -26.58743667602539 34.468841552734375 3.549999952316284
vertex -21.58743667602539 33.76884078979492 3.549999952316284
vertex -26.58743667602539 33.76884078979492 3.549999952316284
endloop
endfacet
facet normal -1 0 0
outer loop
vertex -40.58743667602539 39.218841552734375 3.549999952316284
vertex -40.58743667602539 38.51884078979492 0
vertex -40.58743667602539 38.51884078979492 3.549999952316284
endloop
endfacet
facet normal 0 0 -1
outer loop
vertex -45.58743667602539 39.218841552734375 3.549999952316284
vertex -40.58743667602539 38.51884078979492 3.549999952316284
vertex -45.58743667602539 38.51884078979492 3.549999952316284
endloop
endfacet
facet normal 0 0 -1
outer loop
vertex -40.58743667602539 24.418840408325195 3.549999952316284
vertex -40.58743667602539 23.718839645385742 3.549999952316284
vertex -45.58743667602539 24.418840408325195 3.549999952316284
endloop
endfacet
facet normal 0 0 -1
outer loop
vertex -40.58743667602539 23.718839645385742 3.549999952316284
vertex -45.58743667602539 23.718839645385742 3.549999952316284
vertex -45.58743667602539 24.418840408325195 3.549999952316284
endloop
endfacet
facet normal -1 0 0
outer loop
vertex -40.58743667602539 39.218841552734375 3.549999952316284
vertex -40.58743667602539 39.218841552734375 0
vertex -40.58743667602539 38.51884078979492 0
endloop
endfacet
facet normal -1 0 0
outer loop
vertex -40.58743667602539 24.418840408325195 3.549999952316284
vertex -40.58743667602539 23.718839645385742 0
vertex -40.58743667602539 23.718839645385742 3.549999952316284
endloop
endfacet
facet normal 0 1 0
outer loop
vertex -40.58743667602539 23.718839645385742 0
vertex -45.58743667602539 23.718839645385742 3.549999952316284
vertex -40.58743667602539 23.718839645385742 3.549999952316284
endloop
endfacet
facet normal 1 0 0
outer loop
vertex -45.58743667602539 23.718839645385742 3.549999952316284
vertex -45.58743667602539 24.418840408325195 0
vertex -45.58743667602539 24.418840408325195 3.549999952316284
endloop
endfacet
facet normal 1 0 0
outer loop
vertex -45.58743667602539 38.51884078979492 3.549999952316284
vertex -45.58743667602539 39.218841552734375 0
vertex -45.58743667602539 39.218841552734375 3.549999952316284
endloop
endfacet
facet normal -1 0 0
outer loop
vertex -40.58743667602539 24.418840408325195 0
vertex -40.58743667602539 23.718839645385742 0
vertex -40.58743667602539 24.418840408325195 3.549999952316284
endloop
endfacet
facet normal 0 1 0
outer loop
vertex -40.58743667602539 23.718839645385742 0
vertex -45.58743667602539 23.718839645385742 0
vertex -45.58743667602539 23.718839645385742 3.549999952316284
endloop
endfacet
facet normal 1 0 0
outer loop
vertex -45.58743667602539 24.418840408325195 0
vertex -45.58743667602539 23.718839645385742 3.549999952316284
vertex -45.58743667602539 23.718839645385742 0
endloop
endfacet
facet normal 0 -1 0
outer loop
vertex -45.58743667602539 39.218841552734375 3.549999952316284
vertex -45.58743667602539 39.218841552734375 0
vertex -40.58743667602539 39.218841552734375 3.549999952316284
endloop
endfacet
facet normal 1 0 0
outer loop
vertex -45.58743667602539 38.51884078979492 3.549999952316284
vertex -45.58743667602539 38.51884078979492 0
vertex -45.58743667602539 39.218841552734375 0
endloop
endfacet
facet normal 0 -1 0
outer loop
vertex -40.58743667602539 39.218841552734375 0
vertex -40.58743667602539 39.218841552734375 3.549999952316284
vertex -45.58743667602539 39.218841552734375 0
endloop
endfacet
facet normal 0 0 -1
outer loop
vertex -40.58743667602539 39.218841552734375 3.549999952316284
vertex -40.58743667602539 38.51884078979492 3.549999952316284
vertex -45.58743667602539 39.218841552734375 3.549999952316284
endloop
endfacet
facet normal -1 0 0
outer loop
vertex -59.58743667602539 23.718839645385742 0
vertex -59.58743667602539 24.418840408325195 3.549999952316284
vertex -59.58743667602539 24.418840408325195 0
endloop
endfacet
facet normal 0 1 0
outer loop
vertex -59.58743667602539 23.718839645385742 0
vertex -64.58744049072266 23.718839645385742 0
vertex -64.58744049072266 23.718839645385742 3.549999952316284
endloop
endfacet
facet normal 0 -1 0
outer loop
vertex -59.58743667602539 39.218841552734375 0
vertex -59.58743667602539 39.218841552734375 3.549999952316284
vertex -64.58744049072266 39.218841552734375 0
endloop
endfacet
facet normal 1 0 0
outer loop
vertex -64.58744049072266 24.418840408325195 0
vertex -64.58744049072266 23.718839645385742 3.549999952316284
vertex -64.58744049072266 23.718839645385742 0
endloop
endfacet
facet normal 1 0 0
outer loop
vertex -64.58744049072266 38.51884078979492 3.549999952316284
vertex -64.58744049072266 38.51884078979492 0
vertex -64.58744049072266 39.218841552734375 0
endloop
endfacet
facet normal 0 -1 0
outer loop
vertex -64.58744049072266 39.218841552734375 3.549999952316284
vertex -64.58744049072266 39.218841552734375 0
vertex -59.58743667602539 39.218841552734375 3.549999952316284
endloop
endfacet
facet normal -1 0 0
outer loop
vertex -59.58743667602539 39.218841552734375 3.549999952316284
vertex -59.58743667602539 38.51884078979492 0
vertex -59.58743667602539 38.51884078979492 3.549999952316284
endloop
endfacet
facet normal 0 0 -1
outer loop
vertex -59.58743667602539 24.418840408325195 3.549999952316284
vertex -59.58743667602539 23.718839645385742 3.549999952316284
vertex -64.58744049072266 24.418840408325195 3.549999952316284
endloop
endfacet
facet normal 0 0 -1
outer loop
vertex -59.58743667602539 39.218841552734375 3.549999952316284
vertex -59.58743667602539 38.51884078979492 3.549999952316284
vertex -64.58744049072266 39.218841552734375 3.549999952316284
endloop
endfacet
facet normal 0 0 -1
outer loop
vertex -64.58744049072266 39.218841552734375 3.549999952316284
vertex -59.58743667602539 38.51884078979492 3.549999952316284
vertex -64.58744049072266 38.51884078979492 3.549999952316284
endloop
endfacet
facet normal 0 0 -1
outer loop
vertex -59.58743667602539 23.718839645385742 3.549999952316284
vertex -64.58744049072266 23.718839645385742 3.549999952316284
vertex -64.58744049072266 24.418840408325195 3.549999952316284
endloop
endfacet
facet normal -1 0 0
outer loop
vertex -59.58743667602539 24.418840408325195 3.549999952316284
vertex -59.58743667602539 23.718839645385742 0
vertex -59.58743667602539 23.718839645385742 3.549999952316284
endloop
endfacet
facet normal 0 1 0
outer loop
vertex -59.58743667602539 23.718839645385742 0
vertex -64.58744049072266 23.718839645385742 3.549999952316284
vertex -59.58743667602539 23.718839645385742 3.549999952316284
endloop
endfacet
facet normal -1 0 0
outer loop
vertex -59.58743667602539 39.218841552734375 3.549999952316284
vertex -59.58743667602539 39.218841552734375 0
vertex -59.58743667602539 38.51884078979492 0
endloop
endfacet
facet normal 1 0 0
outer loop
vertex -64.58744049072266 23.718839645385742 3.549999952316284
vertex -64.58744049072266 24.418840408325195 0
vertex -64.58744049072266 24.418840408325195 3.549999952316284
endloop
endfacet
facet normal 1 0 0
outer loop
vertex -64.58744049072266 38.51884078979492 3.549999952316284
vertex -64.58744049072266 39.218841552734375 0
vertex -64.58744049072266 39.218841552734375 3.549999952316284
endloop
endfacet
facet normal -0.9271850243809256 -0.3746036980113015 0
outer loop
vertex 39.68008041381836 46.71603012084961 3.549999952316284
vertex 39.68008041381836 46.71603012084961 0
vertex 39.94230270385742 46.06700134277344 0
endloop
endfacet
facet normal 0.37460620795321425 -0.9271840103037332 0
outer loop
vertex 39.68008041381836 46.71603012084961 3.549999952316284
vertex 35.044158935546875 44.84299850463867 0
vertex 39.68008041381836 46.71603012084961 0
endloop
endfacet
facet normal -0.9271850243809256 -0.3746036980113015 0
outer loop
vertex 45.22425842285156 32.993709564208984 0
vertex 45.486480712890625 32.34468078613281 0
vertex 45.22425842285156 32.993709564208984 3.549999952316284
endloop
endfacet
facet normal 0.927183131589193 0.3746083828432794 0
outer loop
vertex 40.850563049316406 30.471649169921875 3.549999952316284
vertex 40.58833694458008 31.120677947998047 0
vertex 40.58833694458008 31.120677947998047 3.549999952316284
endloop
endfacet
facet normal -0.3746064729442153 0.9271839032405033 0
outer loop
vertex 45.486480712890625 32.34468078613281 0
vertex 40.850563049316406 30.471649169921875 0
vertex 40.850563049316406 30.471649169921875 3.549999952316284
endloop
endfacet
facet normal 0.927183131589193 0.3746083828432794 0
outer loop
vertex 40.58833694458008 31.120677947998047 0
vertex 40.850563049316406 30.471649169921875 3.549999952316284
vertex 40.850563049316406 30.471649169921875 0
endloop
endfacet
facet normal 0.37460620795321425 -0.9271840103037332 0
outer loop
vertex 35.044158935546875 44.84299850463867 3.549999952316284
vertex 35.044158935546875 44.84299850463867 0
vertex 39.68008041381836 46.71603012084961 3.549999952316284
endloop
endfacet
facet normal 0 0 -1
outer loop
vertex 39.94230270385742 46.06700134277344 3.549999952316284
vertex 35.044158935546875 44.84299850463867 3.549999952316284
vertex 39.68008041381836 46.71603012084961 3.549999952316284
endloop
endfacet
facet normal 0 0 -1
outer loop
vertex 45.22425842285156 32.993709564208984 3.549999952316284
vertex 45.486480712890625 32.34468078613281 3.549999952316284
vertex 40.58833694458008 31.120677947998047 3.549999952316284
endloop
endfacet
facet normal 0.927183131589193 0.3746083828432794 0
outer loop
vertex 35.3063850402832 44.1939697265625 3.549999952316284
vertex 35.044158935546875 44.84299850463867 0
vertex 35.044158935546875 44.84299850463867 3.549999952316284
endloop
endfacet
facet normal 0.927183131589193 0.3746083828432794 0
outer loop
vertex 35.3063850402832 44.1939697265625 3.549999952316284
vertex 35.3063850402832 44.1939697265625 0
vertex 35.044158935546875 44.84299850463867 0
endloop
endfacet
facet normal -0.9271850243809256 -0.3746036980113015 0
outer loop
vertex 39.68008041381836 46.71603012084961 3.549999952316284
vertex 39.94230270385742 46.06700134277344 0
vertex 39.94230270385742 46.06700134277344 3.549999952316284
endloop
endfacet
facet normal 0 0 -1
outer loop
vertex 35.044158935546875 44.84299850463867 3.549999952316284
vertex 39.94230270385742 46.06700134277344 3.549999952316284
vertex 35.3063850402832 44.1939697265625 3.549999952316284
endloop
endfacet
facet normal -0.9271850243809256 -0.3746036980113015 0
outer loop
vertex 45.22425842285156 32.993709564208984 3.549999952316284
vertex 45.486480712890625 32.34468078613281 0
vertex 45.486480712890625 32.34468078613281 3.549999952316284
endloop
endfacet
facet normal -0.3746064729442153 0.9271839032405033 0
outer loop
vertex 45.486480712890625 32.34468078613281 0
vertex 40.850563049316406 30.471649169921875 3.549999952316284
vertex 45.486480712890625 32.34468078613281 3.549999952316284
endloop
endfacet
facet normal 0 0 -1
outer loop
vertex 45.486480712890625 32.34468078613281 3.549999952316284
vertex 40.850563049316406 30.471649169921875 3.549999952316284
vertex 40.58833694458008 31.120677947998047 3.549999952316284
endloop
endfacet
facet normal -0.8660258648263254 -0.4999992014511777 0
outer loop
vertex 64.2148666381836 43.23836135864258 3.549999952316284
vertex 64.56486511230469 42.632144927978516 0
vertex 64.56486511230469 42.632144927978516 3.549999952316284
endloop
endfacet
facet normal 0.8660272272079733 0.4999968417244948 0
outer loop
vertex 52.834739685058594 52.949317932128906 3.549999952316284
vertex 52.834739685058594 52.949317932128906 0
vertex 52.4847412109375 53.555538177490234 0
endloop
endfacet
facet normal 0.49999993962571543 -0.8660254386415455 0
outer loop
vertex 56.81486892700195 56.055538177490234 0
vertex 56.81486892700195 56.055538177490234 3.549999952316284
vertex 52.4847412109375 53.555538177490234 0
endloop
endfacet
facet normal 0.8660235050871471 0.5000032886257572 0
outer loop
vertex 59.88473892211914 40.73836135864258 0
vertex 60.2347412109375 40.132144927978516 3.549999952316284
vertex 60.2347412109375 40.132144927978516 0
endloop
endfacet
facet normal -0.5000002699883048 0.8660252479065622 0
outer loop
vertex 64.56486511230469 42.632144927978516 0
vertex 60.2347412109375 40.132144927978516 0
vertex 60.2347412109375 40.132144927978516 3.549999952316284
endloop
endfacet
facet normal 0 0 -1
outer loop
vertex 64.56486511230469 42.632144927978516 3.549999952316284
vertex 59.88473892211914 40.73836135864258 3.549999952316284
vertex 64.2148666381836 43.23836135864258 3.549999952316284
endloop
endfacet
facet normal -0.8660258648263254 -0.4999992014511777 0
outer loop
vertex 64.56486511230469 42.632144927978516 0
vertex 64.2148666381836 43.23836135864258 3.549999952316284
vertex 64.2148666381836 43.23836135864258 0
endloop
endfacet
facet normal 0 0 -1
outer loop
vertex 64.56486511230469 42.632144927978516 3.549999952316284
vertex 60.2347412109375 40.132144927978516 3.549999952316284
vertex 59.88473892211914 40.73836135864258 3.549999952316284
endloop
endfacet
facet normal 0 0 -1
outer loop
vertex 56.81486892700195 56.055538177490234 3.549999952316284
vertex 57.16486740112305 55.449317932128906 3.549999952316284
vertex 52.4847412109375 53.555538177490234 3.549999952316284
endloop
endfacet
facet normal 0 0 -1
outer loop
vertex 52.4847412109375 53.555538177490234 3.549999952316284
vertex 57.16486740112305 55.449317932128906 3.549999952316284
vertex 52.834739685058594 52.949317932128906 3.549999952316284
endloop
endfacet
facet normal 0.8660272272079733 0.4999968417244948 0
outer loop
vertex 52.834739685058594 52.949317932128906 3.549999952316284
vertex 52.4847412109375 53.555538177490234 0
vertex 52.4847412109375 53.555538177490234 3.549999952316284
endloop
endfacet
facet normal 0.49999993962571543 -0.8660254386415455 0
outer loop
vertex 52.4847412109375 53.555538177490234 3.549999952316284
vertex 52.4847412109375 53.555538177490234 0
vertex 56.81486892700195 56.055538177490234 3.549999952316284
endloop
endfacet
facet normal -0.8660272272079733 -0.4999968417244948 0
outer loop
vertex 56.81486892700195 56.055538177490234 3.549999952316284
vertex 57.16486740112305 55.449317932128906 0
vertex 57.16486740112305 55.449317932128906 3.549999952316284
endloop
endfacet
facet normal 0.8660235050871471 0.5000032886257572 0
outer loop
vertex 60.2347412109375 40.132144927978516 3.549999952316284
vertex 59.88473892211914 40.73836135864258 0
vertex 59.88473892211914 40.73836135864258 3.549999952316284
endloop
endfacet
facet normal -0.5000002699883048 0.8660252479065622 0
outer loop
vertex 64.56486511230469 42.632144927978516 0
vertex 60.2347412109375 40.132144927978516 3.549999952316284
vertex 64.56486511230469 42.632144927978516 3.549999952316284
endloop
endfacet
facet normal -0.8660272272079733 -0.4999968417244948 0
outer loop
vertex 56.81486892700195 56.055538177490234 3.549999952316284
vertex 56.81486892700195 56.055538177490234 0
vertex 57.16486740112305 55.449317932128906 0
endloop
endfacet
facet normal -0.9807852845629332 -0.19509030110388895 0
outer loop
vertex -13.571691513061523 -56.233951568603516 0
vertex -13.537437438964844 -56.406158447265625 0
vertex -13.537437438964844 -56.406158447265625 1.7000000476837158
endloop
endfacet
facet normal -0.8314665660174577 -0.5555747920803612 0
outer loop
vertex -13.669239044189453 -56.08796310424805 1.7000000476837158
vertex -13.669239044189453 -56.08796310424805 0
vertex -13.571691513061523 -56.233951568603516 1.7000000476837158
endloop
endfacet
facet normal 0 0 -1
outer loop
vertex -13.537437438964844 -56.406158447265625 1.7000000476837158
vertex -13.571691513061523 -56.578369140625 1.7000000476837158
vertex -13.571691513061523 -56.233951568603516 1.7000000476837158
endloop
endfacet
facet normal -0.9807852845629332 -0.19509030110388895 0
outer loop
vertex -13.571691513061523 -56.233951568603516 1.7000000476837158
vertex -13.571691513061523 -56.233951568603516 0
vertex -13.537437438964844 -56.406158447265625 1.7000000476837158
endloop
endfacet
facet normal 0 0 -1
outer loop
vertex -13.571691513061523 -56.578369140625 1.7000000476837158
vertex -13.669239044189453 -56.72435760498047 1.7000000476837158
vertex -13.571691513061523 -56.233951568603516 1.7000000476837158
endloop
endfacet
facet normal -0.5555747749587596 0.8314665774578817 0
outer loop
vertex -13.669239044189453 -56.72435760498047 0
vertex -13.815230369567871 -56.82190704345703 0
vertex -13.815230369567871 -56.82190704345703 1.7000000476837158
endloop
endfacet
facet normal 0 0 -1
outer loop
vertex -13.669239044189453 -56.08796310424805 1.7000000476837158
vertex -13.815230369567871 -56.82190704345703 1.7000000476837158
vertex -13.815230369567871 -55.990413665771484 1.7000000476837158
endloop
endfacet
facet normal 0.8314665660174577 -0.5555747920803612 0
outer loop
vertex -14.305635452270508 -56.08796310424805 0
vertex -14.305635452270508 -56.08796310424805 1.7000000476837158
vertex -14.403182983398438 -56.233951568603516 0
endloop
endfacet
facet normal 0.5555772839934787 -0.8314649009491799 0
outer loop
vertex -14.159645080566406 -55.990413665771484 0
vertex -14.159645080566406 -55.990413665771484 1.7000000476837158
vertex -14.305635452270508 -56.08796310424805 0
endloop
endfacet
facet normal 0 0 -1
outer loop
vertex -13.669239044189453 -56.08796310424805 1.7000000476837158
vertex -13.571691513061523 -56.233951568603516 1.7000000476837158
vertex -13.669239044189453 -56.72435760498047 1.7000000476837158
endloop
endfacet
facet normal 0.1950788122039888 -0.9807875697770038 0
outer loop
vertex -13.98743724822998 -55.95616149902344 0
vertex -13.98743724822998 -55.95616149902344 1.7000000476837158
vertex -14.159645080566406 -55.990413665771484 0
endloop
endfacet
facet normal -0.1950798514286955 -0.9807873630744628 0
outer loop
vertex -13.815230369567871 -55.990413665771484 0
vertex -13.815230369567871 -55.990413665771484 1.7000000476837158
vertex -13.98743724822998 -55.95616149902344 0
endloop
endfacet
facet normal -0.5555747749587596 -0.8314665774578817 0
outer loop
vertex -13.669239044189453 -56.08796310424805 0
vertex -13.669239044189453 -56.08796310424805 1.7000000476837158
vertex -13.815230369567871 -55.990413665771484 0
endloop
endfacet
facet normal -0.1950798514286955 0.9807873630744628 0
outer loop
vertex -13.815230369567871 -56.82190704345703 0
vertex -13.98743724822998 -56.85615921020508 0
vertex -13.98743724822998 -56.85615921020508 1.7000000476837158
endloop
endfacet
facet normal 0.1950788122039888 0.9807875697770038 0
outer loop
vertex -13.98743724822998 -56.85615921020508 0
vertex -14.159645080566406 -56.82190704345703 0
vertex -14.159645080566406 -56.82190704345703 1.7000000476837158
endloop
endfacet
facet normal 0.9807842452687219 -0.1950955259165719 0
outer loop
vertex -14.403182983398438 -56.233951568603516 0
vertex -14.403182983398438 -56.233951568603516 1.7000000476837158
vertex -14.437438011169434 -56.406158447265625 0
endloop
endfacet
facet normal 0.8314665660174577 0.5555747920803612 0
outer loop
vertex -14.403182983398438 -56.578369140625 0
vertex -14.403182983398438 -56.578369140625 1.7000000476837158
vertex -14.305635452270508 -56.72435760498047 0
endloop
endfacet
facet normal 0.9807850721893059 0.19509136877529504 0
outer loop
vertex -14.437438011169434 -56.406158447265625 0
vertex -14.437438011169434 -56.406158447265625 1.7000000476837158
vertex -14.403182983398438 -56.578369140625 0
endloop
endfacet
facet normal 0.9807850721893059 0.19509136877529504 0
outer loop
vertex -14.403182983398438 -56.578369140625 1.7000000476837158
vertex -14.403182983398438 -56.578369140625 0
vertex -14.437438011169434 -56.406158447265625 1.7000000476837158
endloop
endfacet
facet normal 0.8314665660174577 0.5555747920803612 0
outer loop
vertex -14.305635452270508 -56.72435760498047 1.7000000476837158
vertex -14.305635452270508 -56.72435760498047 0
vertex -14.403182983398438 -56.578369140625 1.7000000476837158
endloop
endfacet
facet normal 0 0 -1
outer loop
vertex -13.815230369567871 -55.990413665771484 1.7000000476837158
vertex -13.98743724822998 -56.85615921020508 1.7000000476837158
vertex -13.98743724822998 -55.95616149902344 1.7000000476837158
endloop
endfacet
facet normal 0.5555772839934787 0.8314649009491799 0
outer loop
vertex -14.159645080566406 -56.82190704345703 0
vertex -14.305635452270508 -56.72435760498047 0
vertex -14.305635452270508 -56.72435760498047 1.7000000476837158
endloop
endfacet
facet normal 0 0 -1
outer loop
vertex -13.669239044189453 -56.72435760498047 1.7000000476837158
vertex -13.815230369567871 -56.82190704345703 1.7000000476837158
vertex -13.669239044189453 -56.08796310424805 1.7000000476837158
endloop
endfacet
facet normal 0 0 -1
outer loop
vertex -13.815230369567871 -56.82190704345703 1.7000000476837158
vertex -13.98743724822998 -56.85615921020508 1.7000000476837158
vertex -13.815230369567871 -55.990413665771484 1.7000000476837158
endloop
endfacet
facet normal 0 0 -1
outer loop
vertex -13.98743724822998 -55.95616149902344 1.7000000476837158
vertex -14.159645080566406 -56.82190704345703 1.7000000476837158
vertex -14.159645080566406 -55.990413665771484 1.7000000476837158
endloop
endfacet
facet normal 0.9807842452687219 -0.1950955259165719 0
outer loop
vertex -14.437438011169434 -56.406158447265625 1.7000000476837158
vertex -14.437438011169434 -56.406158447265625 0
vertex -14.403182983398438 -56.233951568603516 1.7000000476837158
endloop
endfacet
facet normal 0.8314665660174577 -0.5555747920803612 0
outer loop
vertex -14.403182983398438 -56.233951568603516 1.7000000476837158
vertex -14.403182983398438 -56.233951568603516 0
vertex -14.305635452270508 -56.08796310424805 1.7000000476837158
endloop
endfacet
facet normal 0.5555772839934787 0.8314649009491799 0
outer loop
vertex -14.159645080566406 -56.82190704345703 1.7000000476837158
vertex -14.159645080566406 -56.82190704345703 0
vertex -14.305635452270508 -56.72435760498047 1.7000000476837158
endloop
endfacet
facet normal -0.8314665660174577 0.5555747920803612 0
outer loop
vertex -13.571691513061523 -56.578369140625 0
vertex -13.669239044189453 -56.72435760498047 0
vertex -13.669239044189453 -56.72435760498047 1.7000000476837158
endloop
endfacet
facet normal -0.9807861114401027 0.19508614406513386 0
outer loop
vertex -13.537437438964844 -56.406158447265625 0
vertex -13.571691513061523 -56.578369140625 0
vertex -13.571691513061523 -56.578369140625 1.7000000476837158
endloop
endfacet
facet normal -0.8314665660174577 -0.5555747920803612 0
outer loop
vertex -13.669239044189453 -56.08796310424805 0
vertex -13.571691513061523 -56.233951568603516 0
vertex -13.571691513061523 -56.233951568603516 1.7000000476837158
endloop
endfacet
facet normal 0 0 -1
outer loop
vertex -13.98743724822998 -56.85615921020508 1.7000000476837158
vertex -14.159645080566406 -56.82190704345703 1.7000000476837158
vertex -13.98743724822998 -55.95616149902344 1.7000000476837158
endloop
endfacet
facet normal 0.1950788122039888 0.9807875697770038 0
outer loop
vertex -13.98743724822998 -56.85615921020508 1.7000000476837158
vertex -13.98743724822998 -56.85615921020508 0
vertex -14.159645080566406 -56.82190704345703 1.7000000476837158
endloop
endfacet
facet normal 0 0 -1
outer loop
vertex -14.159645080566406 -56.82190704345703 1.7000000476837158
vertex -14.305635452270508 -56.72435760498047 1.7000000476837158
vertex -14.159645080566406 -55.990413665771484 1.7000000476837158
endloop
endfacet
facet normal 0 0 -1
outer loop
vertex -14.305635452270508 -56.72435760498047 1.7000000476837158
vertex -14.305635452270508 -56.08796310424805 1.7000000476837158
vertex -14.159645080566406 -55.990413665771484 1.7000000476837158
endloop
endfacet
facet normal -0.1950798514286955 0.9807873630744628 0
outer loop
vertex -13.815230369567871 -56.82190704345703 1.7000000476837158
vertex -13.815230369567871 -56.82190704345703 0
vertex -13.98743724822998 -56.85615921020508 1.7000000476837158
endloop
endfacet
facet normal -0.5555747749587596 0.8314665774578817 0
outer loop
vertex -13.669239044189453 -56.72435760498047 1.7000000476837158
vertex -13.669239044189453 -56.72435760498047 0
vertex -13.815230369567871 -56.82190704345703 1.7000000476837158
endloop
endfacet
facet normal -0.8314665660174577 0.5555747920803612 0
outer loop
vertex -13.571691513061523 -56.578369140625 1.7000000476837158
vertex -13.571691513061523 -56.578369140625 0
vertex -13.669239044189453 -56.72435760498047 1.7000000476837158
endloop
endfacet
facet normal 0 0 -1
outer loop
vertex -14.305635452270508 -56.72435760498047 1.7000000476837158
vertex -14.403182983398438 -56.578369140625 1.7000000476837158
vertex -14.305635452270508 -56.08796310424805 1.7000000476837158
endloop
endfacet
facet normal 0 0 -1
outer loop
vertex -14.403182983398438 -56.578369140625 1.7000000476837158
vertex -14.437438011169434 -56.406158447265625 1.7000000476837158
vertex -14.403182983398438 -56.233951568603516 1.7000000476837158
endloop
endfacet
facet normal -0.9807861114401027 0.19508614406513386 0
outer loop
vertex -13.537437438964844 -56.406158447265625 1.7000000476837158
vertex -13.537437438964844 -56.406158447265625 0
vertex -13.571691513061523 -56.578369140625 1.7000000476837158
endloop
endfacet
facet normal 0.5555772839934787 -0.8314649009491799 0
outer loop
vertex -14.305635452270508 -56.08796310424805 1.7000000476837158
vertex -14.305635452270508 -56.08796310424805 0
vertex -14.159645080566406 -55.990413665771484 1.7000000476837158
endloop
endfacet
facet normal 0 0 -1
outer loop
vertex -14.305635452270508 -56.08796310424805 1.7000000476837158
vertex -14.403182983398438 -56.578369140625 1.7000000476837158
vertex -14.403182983398438 -56.233951568603516 1.7000000476837158
endloop
endfacet
facet normal 0.1950788122039888 -0.9807875697770038 0
outer loop
vertex -14.159645080566406 -55.990413665771484 1.7000000476837158
vertex -14.159645080566406 -55.990413665771484 0
vertex -13.98743724822998 -55.95616149902344 1.7000000476837158
endloop
endfacet
facet normal -0.1950798514286955 -0.9807873630744628 0
outer loop
vertex -13.98743724822998 -55.95616149902344 1.7000000476837158
vertex -13.98743724822998 -55.95616149902344 0
vertex -13.815230369567871 -55.990413665771484 1.7000000476837158
endloop
endfacet
facet normal -0.5555747749587596 -0.8314665774578817 0
outer loop
vertex -13.815230369567871 -55.990413665771484 1.7000000476837158
vertex -13.815230369567871 -55.990413665771484 0
vertex -13.669239044189453 -56.08796310424805 1.7000000476837158
endloop
endfacet
facet normal -0.8314665660174577 0.5555747920803612 0
outer loop
vertex -13.571691513061523 -55.30836868286133 1.7000000476837158
vertex -13.571691513061523 -55.30836868286133 0
vertex -13.669239044189453 -55.4543571472168 1.7000000476837158
endloop
endfacet
facet normal 0 0 -1
outer loop
vertex -13.815230369567871 -54.72041320800781 1.7000000476837158
vertex -13.98743724822998 -55.586158752441406 1.7000000476837158
vertex -13.98743724822998 -54.686161041259766 1.7000000476837158
endloop
endfacet
facet normal 0.1950788122039888 0.9807875697770038 0
outer loop
vertex -13.98743724822998 -55.586158752441406 1.7000000476837158
vertex -13.98743724822998 -55.586158752441406 0
vertex -14.159645080566406 -55.55190658569336 1.7000000476837158
endloop
endfacet
facet normal 0.5555772839934787 0.8314649009491799 0
outer loop
vertex -14.159645080566406 -55.55190658569336 1.7000000476837158
vertex -14.159645080566406 -55.55190658569336 0
vertex -14.305635452270508 -55.4543571472168 1.7000000476837158
endloop
endfacet
facet normal -0.5555747749587596 0.8314665774578817 0
outer loop
vertex -13.669239044189453 -55.4543571472168 1.7000000476837158
vertex -13.669239044189453 -55.4543571472168 0
vertex -13.815230369567871 -55.55190658569336 1.7000000476837158
endloop
endfacet
facet normal 0.9807842452687219 -0.1950955259165719 0
outer loop
vertex -14.437438011169434 -55.13615798950195 1.7000000476837158
vertex -14.437438011169434 -55.13615798950195 0
vertex -14.403182983398438 -54.963951110839844 1.7000000476837158
endloop
endfacet
facet normal 0.8314665660174577 -0.5555747920803612 0
outer loop
vertex -14.403182983398438 -54.963951110839844 1.7000000476837158
vertex -14.403182983398438 -54.963951110839844 0
vertex -14.305635452270508 -54.817962646484375 1.7000000476837158
endloop
endfacet
facet normal 0.5555772839934787 -0.8314649009491799 0
outer loop
vertex -14.305635452270508 -54.817962646484375 1.7000000476837158
vertex -14.305635452270508 -54.817962646484375 0
vertex -14.159645080566406 -54.72041320800781 1.7000000476837158
endloop
endfacet
facet normal -0.9807852845629332 -0.19509030110388895 0
outer loop
vertex -13.571691513061523 -54.963951110839844 1.7000000476837158
vertex -13.571691513061523 -54.963951110839844 0
vertex -13.537437438964844 -55.13615798950195 1.7000000476837158
endloop
endfacet
facet normal 0.5555772839934787 0.8314649009491799 0
outer loop
vertex -14.159645080566406 -55.55190658569336 0
vertex -14.305635452270508 -55.4543571472168 0
vertex -14.305635452270508 -55.4543571472168 1.7000000476837158
endloop
endfacet
facet normal 0.8314665660174577 0.5555747920803612 0
outer loop
vertex -14.403182983398438 -55.30836868286133 0
vertex -14.403182983398438 -55.30836868286133 1.7000000476837158
vertex -14.305635452270508 -55.4543571472168 0
endloop
endfacet
facet normal 0 0 -1
outer loop
vertex -13.815230369567871 -54.72041320800781 1.7000000476837158
vertex -13.669239044189453 -54.817962646484375 1.7000000476837158
vertex -13.815230369567871 -55.55190658569336 1.7000000476837158
endloop
endfacet
facet normal 0 0 -1
outer loop
vertex -13.669239044189453 -54.817962646484375 1.7000000476837158
vertex -13.571691513061523 -54.963951110839844 1.7000000476837158
vertex -13.669239044189453 -55.4543571472168 1.7000000476837158
endloop
endfacet
facet normal 0.9807850721893059 0.19509136877529504 0
outer loop
vertex -14.437438011169434 -55.13615798950195 0
vertex -14.437438011169434 -55.13615798950195 1.7000000476837158
vertex -14.403182983398438 -55.30836868286133 0
endloop
endfacet
facet normal 0.9807850721893059 0.19509136877529504 0
outer loop
vertex -14.403182983398438 -55.30836868286133 1.7000000476837158
vertex -14.403182983398438 -55.30836868286133 0
vertex -14.437438011169434 -55.13615798950195 1.7000000476837158
endloop
endfacet
facet normal 0.8314665660174577 0.5555747920803612 0
outer loop
vertex -14.305635452270508 -55.4543571472168 1.7000000476837158
vertex -14.305635452270508 -55.4543571472168 0
vertex -14.403182983398438 -55.30836868286133 1.7000000476837158
endloop
endfacet
facet normal 0 0 -1
outer loop
vertex -13.571691513061523 -55.30836868286133 1.7000000476837158
vertex -13.669239044189453 -55.4543571472168 1.7000000476837158
vertex -13.571691513061523 -54.963951110839844 1.7000000476837158
endloop
endfacet
facet normal 0 0 -1
outer loop
vertex -13.537437438964844 -55.13615798950195 1.7000000476837158
vertex -13.571691513061523 -55.30836868286133 1.7000000476837158
vertex -13.571691513061523 -54.963951110839844 1.7000000476837158
endloop
endfacet
facet normal 0.1950788122039888 0.9807875697770038 0
outer loop
vertex -13.98743724822998 -55.586158752441406 0
vertex -14.159645080566406 -55.55190658569336 0
vertex -14.159645080566406 -55.55190658569336 1.7000000476837158
endloop
endfacet
facet normal -0.1950798514286955 0.9807873630744628 0
outer loop
vertex -13.815230369567871 -55.55190658569336 0
vertex -13.98743724822998 -55.586158752441406 0
vertex -13.98743724822998 -55.586158752441406 1.7000000476837158
endloop
endfacet
facet normal -0.5555747749587596 0.8314665774578817 0
outer loop
vertex -13.669239044189453 -55.4543571472168 0
vertex -13.815230369567871 -55.55190658569336 0
vertex -13.815230369567871 -55.55190658569336 1.7000000476837158
endloop
endfacet
facet normal -0.8314665660174577 0.5555747920803612 0
outer loop
vertex -13.571691513061523 -55.30836868286133 0
vertex -13.669239044189453 -55.4543571472168 0
vertex -13.669239044189453 -55.4543571472168 1.7000000476837158
endloop
endfacet
facet normal 0.1950788122039888 -0.9807875697770038 0
outer loop
vertex -14.159645080566406 -54.72041320800781 1.7000000476837158
vertex -14.159645080566406 -54.72041320800781 0
vertex -13.98743724822998 -54.686161041259766 1.7000000476837158
endloop
endfacet
facet normal -0.9807861114401027 0.19508614406513386 0
outer loop
vertex -13.537437438964844 -55.13615798950195 1.7000000476837158
vertex -13.537437438964844 -55.13615798950195 0
vertex -13.571691513061523 -55.30836868286133 1.7000000476837158
endloop
endfacet
facet normal 0.9807842452687219 -0.1950955259165719 0
outer loop
vertex -14.403182983398438 -54.963951110839844 0
vertex -14.403182983398438 -54.963951110839844 1.7000000476837158
vertex -14.437438011169434 -55.13615798950195 0
endloop
endfacet
facet normal -0.8314665660174577 -0.5555747920803612 0
outer loop
vertex -13.669239044189453 -54.817962646484375 1.7000000476837158
vertex -13.669239044189453 -54.817962646484375 0
vertex -13.571691513061523 -54.963951110839844 1.7000000476837158
endloop
endfacet
facet normal -0.1950798514286955 -0.9807873630744628 0
outer loop
vertex -13.98743724822998 -54.686161041259766 1.7000000476837158
vertex -13.98743724822998 -54.686161041259766 0
vertex -13.815230369567871 -54.72041320800781 1.7000000476837158
endloop
endfacet
facet normal -0.5555747749587596 -0.8314665774578817 0
outer loop
vertex -13.815230369567871 -54.72041320800781 1.7000000476837158
vertex -13.815230369567871 -54.72041320800781 0
vertex -13.669239044189453 -54.817962646484375 1.7000000476837158
endloop
endfacet
facet normal 0 0 -1
outer loop
vertex -14.403182983398438 -55.30836868286133 1.7000000476837158
vertex -14.437438011169434 -55.13615798950195 1.7000000476837158
vertex -14.403182983398438 -54.963951110839844 1.7000000476837158
endloop
endfacet
facet normal 0.8314665660174577 -0.5555747920803612 0
outer loop
vertex -14.305635452270508 -54.817962646484375 0
vertex -14.305635452270508 -54.817962646484375 1.7000000476837158
vertex -14.403182983398438 -54.963951110839844 0
endloop
endfacet
facet normal 0 0 -1
outer loop
vertex -14.305635452270508 -55.4543571472168 1.7000000476837158
vertex -14.403182983398438 -55.30836868286133 1.7000000476837158
vertex -14.305635452270508 -54.817962646484375 1.7000000476837158
endloop
endfacet
facet normal 0.5555772839934787 -0.8314649009491799 0
outer loop
vertex -14.159645080566406 -54.72041320800781 0
vertex -14.159645080566406 -54.72041320800781 1.7000000476837158
vertex -14.305635452270508 -54.817962646484375 0
endloop
endfacet
facet normal 0.1950788122039888 -0.9807875697770038 0
outer loop
vertex -13.98743724822998 -54.686161041259766 0
vertex -13.98743724822998 -54.686161041259766 1.7000000476837158
vertex -14.159645080566406 -54.72041320800781 0
endloop
endfacet
facet normal 0 0 -1
outer loop
vertex -14.159645080566406 -55.55190658569336 1.7000000476837158
vertex -14.305635452270508 -55.4543571472168 1.7000000476837158
vertex -14.159645080566406 -54.72041320800781 1.7000000476837158
endloop
endfacet
facet normal -0.1950798514286955 -0.9807873630744628 0
outer loop
vertex -13.815230369567871 -54.72041320800781 0
vertex -13.815230369567871 -54.72041320800781 1.7000000476837158
vertex -13.98743724822998 -54.686161041259766 0
endloop
endfacet
facet normal -0.5555747749587596 -0.8314665774578817 0
outer loop
vertex -13.815230369567871 -54.72041320800781 0
vertex -13.669239044189453 -54.817962646484375 0
vertex -13.669239044189453 -54.817962646484375 1.7000000476837158
endloop
endfacet
facet normal 0 0 -1
outer loop
vertex -13.98743724822998 -55.586158752441406 1.7000000476837158
vertex -14.159645080566406 -55.55190658569336 1.7000000476837158
vertex -13.98743724822998 -54.686161041259766 1.7000000476837158
endloop
endfacet
facet normal 0 0 -1
outer loop
vertex -13.815230369567871 -55.55190658569336 1.7000000476837158
vertex -13.98743724822998 -55.586158752441406 1.7000000476837158
vertex -13.815230369567871 -54.72041320800781 1.7000000476837158
endloop
endfacet
facet normal -0.9807861114401027 0.19508614406513386 0
outer loop
vertex -13.537437438964844 -55.13615798950195 0
vertex -13.571691513061523 -55.30836868286133 0
vertex -13.571691513061523 -55.30836868286133 1.7000000476837158
endloop
endfacet
facet normal -0.9807852845629332 -0.19509030110388895 0
outer loop
vertex -13.571691513061523 -54.963951110839844 0
vertex -13.537437438964844 -55.13615798950195 0
vertex -13.537437438964844 -55.13615798950195 1.7000000476837158
endloop
endfacet
facet normal -0.8314665660174577 -0.5555747920803612 0
outer loop
vertex -13.571691513061523 -54.963951110839844 0
vertex -13.571691513061523 -54.963951110839844 1.7000000476837158
vertex -13.669239044189453 -54.817962646484375 0
endloop
endfacet
facet normal 0 0 -1
outer loop
vertex -13.669239044189453 -55.4543571472168 1.7000000476837158
vertex -13.815230369567871 -55.55190658569336 1.7000000476837158
vertex -13.669239044189453 -54.817962646484375 1.7000000476837158
endloop
endfacet
facet normal 0 0 -1
outer loop
vertex -14.305635452270508 -54.817962646484375 1.7000000476837158
vertex -14.403182983398438 -55.30836868286133 1.7000000476837158
vertex -14.403182983398438 -54.963951110839844 1.7000000476837158
endloop
endfacet
facet normal 0 0 -1
outer loop
vertex -14.159645080566406 -54.72041320800781 1.7000000476837158
vertex -14.305635452270508 -55.4543571472168 1.7000000476837158
vertex -14.305635452270508 -54.817962646484375 1.7000000476837158
endloop
endfacet
facet normal 0 0 -1
outer loop
vertex -13.98743724822998 -54.686161041259766 1.7000000476837158
vertex -14.159645080566406 -55.55190658569336 1.7000000476837158
vertex -14.159645080566406 -54.72041320800781 1.7000000476837158
endloop
endfacet
facet normal -0.1950798514286955 0.9807873630744628 0
outer loop
vertex -13.815230369567871 -55.55190658569336 1.7000000476837158
vertex -13.815230369567871 -55.55190658569336 0
vertex -13.98743724822998 -55.586158752441406 1.7000000476837158
endloop
endfacet
facet normal -0.8314665660174577 0.5555747920803612 0
outer loop
vertex -13.571691513061523 -54.038368225097656 0
vertex -13.669239044189453 -54.184356689453125 1.7000000476837158
vertex -13.571691513061523 -54.038368225097656 1.7000000476837158
endloop
endfacet
facet normal -0.5555747749587596 0.8314665774578817 0
outer loop
vertex -13.669239044189453 -54.184356689453125 1.7000000476837158
vertex -13.669239044189453 -54.184356689453125 0
vertex -13.815230369567871 -54.28190612792969 1.7000000476837158
endloop
endfacet
facet normal 0.5555772839934787 -0.8314649009491799 0
outer loop
vertex -14.305635452270508 -53.5479621887207 1.7000000476837158
vertex -14.305635452270508 -53.5479621887207 0
vertex -14.159645080566406 -53.45041275024414 1.7000000476837158
endloop
endfacet
facet normal -0.8314665660174577 -0.5555747920803612 0
outer loop
vertex -13.669239044189453 -53.5479621887207 1.7000000476837158
vertex -13.669239044189453 -53.5479621887207 0
vertex -13.571691513061523 -53.69395065307617 1.7000000476837158
endloop
endfacet
facet normal -0.5555747749587596 -0.8314665774578817 0
outer loop
vertex -13.815230369567871 -53.45041275024414 1.7000000476837158
vertex -13.815230369567871 -53.45041275024414 0
vertex -13.669239044189453 -53.5479621887207 1.7000000476837158
endloop
endfacet
facet normal 0.8314665660174577 -0.5555747920803612 0
outer loop
vertex -14.403182983398438 -53.69395065307617 1.7000000476837158
vertex -14.403182983398438 -53.69395065307617 0
vertex -14.305635452270508 -53.5479621887207 1.7000000476837158
endloop
endfacet
facet normal 0.9807850721893059 -0.19509136877529504 0
outer loop
vertex -14.437438011169434 -53.86616134643555 1.7000000476837158
vertex -14.437438011169434 -53.86616134643555 0
vertex -14.403182983398438 -53.69395065307617 1.7000000476837158
endloop
endfacet
facet normal 0.9807842452687219 0.1950955259165719 0
outer loop
vertex -14.403182983398438 -54.038368225097656 1.7000000476837158
vertex -14.403182983398438 -54.038368225097656 0
vertex -14.437438011169434 -53.86616134643555 1.7000000476837158
endloop
endfacet
facet normal 0.1950788122039888 -0.9807875697770038 0
outer loop
vertex -14.159645080566406 -53.45041275024414 1.7000000476837158
vertex -14.159645080566406 -53.45041275024414 0
vertex -13.98743724822998 -53.416160583496094 1.7000000476837158
endloop
endfacet
facet normal -0.1950798514286955 0.9807873630744628 0
outer loop
vertex -13.815230369567871 -54.28190612792969 1.7000000476837158
vertex -13.815230369567871 -54.28190612792969 0
vertex -13.98743724822998 -54.316158294677734 1.7000000476837158
endloop
endfacet
facet normal 0.5555772839934787 0.8314649009491799 0
outer loop
vertex -14.159645080566406 -54.28190612792969 1.7000000476837158
vertex -14.159645080566406 -54.28190612792969 0
vertex -14.305635452270508 -54.184356689453125 1.7000000476837158
endloop
endfacet
facet normal -0.8314665660174577 0.5555747920803612 0
outer loop
vertex -13.571691513061523 -54.038368225097656 0
vertex -13.669239044189453 -54.184356689453125 0
vertex -13.669239044189453 -54.184356689453125 1.7000000476837158
endloop
endfacet
facet normal 0 0 -1
outer loop
vertex -13.815230369567871 -53.45041275024414 1.7000000476837158
vertex -13.98743724822998 -54.316158294677734 1.7000000476837158
vertex -13.98743724822998 -53.416160583496094 1.7000000476837158
endloop
endfacet
facet normal -0.5555747749587596 0.8314665774578817 0
outer loop
vertex -13.669239044189453 -54.184356689453125 0
vertex -13.815230369567871 -54.28190612792969 0
vertex -13.815230369567871 -54.28190612792969 1.7000000476837158
endloop
endfacet
facet normal 0 0 -1
outer loop
vertex -13.815230369567871 -53.45041275024414 1.7000000476837158
vertex -13.669239044189453 -53.5479621887207 1.7000000476837158
vertex -13.815230369567871 -54.28190612792969 1.7000000476837158
endloop
endfacet
facet normal 0 0 -1
outer loop
vertex -13.537437438964844 -53.86616134643555 1.7000000476837158
vertex -13.571691513061523 -54.038368225097656 1.7000000476837158
vertex -13.571691513061523 -53.69395065307617 1.7000000476837158
endloop
endfacet
facet normal -0.1950798514286955 0.9807873630744628 0
outer loop
vertex -13.815230369567871 -54.28190612792969 0
vertex -13.98743724822998 -54.316158294677734 0
vertex -13.98743724822998 -54.316158294677734 1.7000000476837158
endloop
endfacet
facet normal 0.1950788122039888 0.9807875697770038 0
outer loop
vertex -13.98743724822998 -54.316158294677734 0
vertex -14.159645080566406 -54.28190612792969 0
vertex -14.159645080566406 -54.28190612792969 1.7000000476837158
endloop
endfacet
facet normal 0 0 -1
outer loop
vertex -13.669239044189453 -54.184356689453125 1.7000000476837158
vertex -13.669239044189453 -53.5479621887207 1.7000000476837158
vertex -13.571691513061523 -53.69395065307617 1.7000000476837158
endloop
endfacet
facet normal 0 0 -1
outer loop
vertex -13.669239044189453 -54.184356689453125 1.7000000476837158
vertex -13.815230369567871 -54.28190612792969 1.7000000476837158
vertex -13.669239044189453 -53.5479621887207 1.7000000476837158
endloop
endfacet
facet normal 0 0 -1
outer loop
vertex -13.571691513061523 -54.038368225097656 1.7000000476837158
vertex -13.669239044189453 -54.184356689453125 1.7000000476837158
vertex -13.571691513061523 -53.69395065307617 1.7000000476837158
endloop
endfacet
facet normal 0 0 -1
outer loop
vertex -13.98743724822998 -53.416160583496094 1.7000000476837158
vertex -14.159645080566406 -54.28190612792969 1.7000000476837158
vertex -14.159645080566406 -53.45041275024414 1.7000000476837158
endloop
endfacet
facet normal 0 0 -1
outer loop
vertex -13.98743724822998 -54.316158294677734 1.7000000476837158
vertex -14.159645080566406 -54.28190612792969 1.7000000476837158
vertex -13.98743724822998 -53.416160583496094 1.7000000476837158
endloop
endfacet
facet normal 0.1950788122039888 0.9807875697770038 0
outer loop
vertex -13.98743724822998 -54.316158294677734 1.7000000476837158
vertex -13.98743724822998 -54.316158294677734 0
vertex -14.159645080566406 -54.28190612792969 1.7000000476837158
endloop
endfacet
facet normal 0.8314665660174577 0.5555747920803612 0
outer loop
vertex -14.305635452270508 -54.184356689453125 0
vertex -14.403182983398438 -54.038368225097656 0
vertex -14.403182983398438 -54.038368225097656 1.7000000476837158
endloop
endfacet
facet normal 0.5555772839934787 0.8314649009491799 0
outer loop
vertex -14.159645080566406 -54.28190612792969 0
vertex -14.305635452270508 -54.184356689453125 0
vertex -14.305635452270508 -54.184356689453125 1.7000000476837158
endloop
endfacet
facet normal 0 0 -1
outer loop
vertex -14.159645080566406 -54.28190612792969 1.7000000476837158
vertex -14.305635452270508 -54.184356689453125 1.7000000476837158
vertex -14.159645080566406 -53.45041275024414 1.7000000476837158
endloop
endfacet
facet normal 0 0 -1
outer loop
vertex -14.305635452270508 -54.184356689453125 1.7000000476837158
vertex -14.305635452270508 -53.5479621887207 1.7000000476837158
vertex -14.159645080566406 -53.45041275024414 1.7000000476837158
endloop
endfacet
facet normal 0 0 -1
outer loop
vertex -14.305635452270508 -53.5479621887207 1.7000000476837158
vertex -14.403182983398438 -54.038368225097656 1.7000000476837158
vertex -14.403182983398438 -53.69395065307617 1.7000000476837158
endloop
endfacet
facet normal -0.1950798514286955 -0.9807873630744628 0
outer loop
vertex -13.98743724822998 -53.416160583496094 1.7000000476837158
vertex -13.98743724822998 -53.416160583496094 0
vertex -13.815230369567871 -53.45041275024414 1.7000000476837158
endloop
endfacet
facet normal 0 0 -1
outer loop
vertex -14.305635452270508 -54.184356689453125 1.7000000476837158
vertex -14.403182983398438 -54.038368225097656 1.7000000476837158
vertex -14.305635452270508 -53.5479621887207 1.7000000476837158
endloop
endfacet
facet normal 0 0 -1
outer loop
vertex -14.403182983398438 -54.038368225097656 1.7000000476837158
vertex -14.437438011169434 -53.86616134643555 1.7000000476837158
vertex -14.403182983398438 -53.69395065307617 1.7000000476837158
endloop
endfacet
facet normal -0.9807852845629332 0.19509030110388895 0
outer loop
vertex -13.537437438964844 -53.86616134643555 1.7000000476837158
vertex -13.537437438964844 -53.86616134643555 0
vertex -13.571691513061523 -54.038368225097656 1.7000000476837158
endloop
endfacet
facet normal -0.9807861114401027 -0.19508614406513386 0
outer loop
vertex -13.571691513061523 -53.69395065307617 1.7000000476837158
vertex -13.571691513061523 -53.69395065307617 0
vertex -13.537437438964844 -53.86616134643555 1.7000000476837158
endloop
endfacet
facet normal 0.9807842452687219 0.1950955259165719 0
outer loop
vertex -14.437438011169434 -53.86616134643555 0
vertex -14.437438011169434 -53.86616134643555 1.7000000476837158
vertex -14.403182983398438 -54.038368225097656 0
endloop
endfacet
facet normal 0.9807850721893059 -0.19509136877529504 0
outer loop
vertex -14.403182983398438 -53.69395065307617 0
vertex -14.403182983398438 -53.69395065307617 1.7000000476837158
vertex -14.437438011169434 -53.86616134643555 0
endloop
endfacet
facet normal 0.8314665660174577 -0.5555747920803612 0
outer loop
vertex -14.305635452270508 -53.5479621887207 0
vertex -14.305635452270508 -53.5479621887207 1.7000000476837158
vertex -14.403182983398438 -53.69395065307617 0
endloop
endfacet
facet normal 0.5555772839934787 -0.8314649009491799 0
outer loop
vertex -14.159645080566406 -53.45041275024414 0
vertex -14.159645080566406 -53.45041275024414 1.7000000476837158
vertex -14.305635452270508 -53.5479621887207 0
endloop
endfacet
facet normal 0 0 -1
outer loop
vertex -13.815230369567871 -54.28190612792969 1.7000000476837158
vertex -13.98743724822998 -54.316158294677734 1.7000000476837158
vertex -13.815230369567871 -53.45041275024414 1.7000000476837158
endloop
endfacet
facet normal -0.9807861114401027 -0.19508614406513386 0
outer loop
vertex -13.571691513061523 -53.69395065307617 0
vertex -13.537437438964844 -53.86616134643555 0
vertex -13.537437438964844 -53.86616134643555 1.7000000476837158
endloop
endfacet
facet normal -0.9807852845629332 0.19509030110388895 0
outer loop
vertex -13.537437438964844 -53.86616134643555 0
vertex -13.571691513061523 -54.038368225097656 0
vertex -13.571691513061523 -54.038368225097656 1.7000000476837158
endloop
endfacet
facet normal -0.5555747749587596 -0.8314665774578817 0
outer loop
vertex -13.815230369567871 -53.45041275024414 0
vertex -13.669239044189453 -53.5479621887207 0
vertex -13.669239044189453 -53.5479621887207 1.7000000476837158
endloop
endfacet
facet normal -0.1950798514286955 -0.9807873630744628 0
outer loop
vertex -13.815230369567871 -53.45041275024414 0
vertex -13.815230369567871 -53.45041275024414 1.7000000476837158
vertex -13.98743724822998 -53.416160583496094 0
endloop
endfacet
facet normal 0.1950788122039888 -0.9807875697770038 0
outer loop
vertex -13.98743724822998 -53.416160583496094 0
vertex -13.98743724822998 -53.416160583496094 1.7000000476837158
vertex -14.159645080566406 -53.45041275024414 0
endloop
endfacet
facet normal 0.8314665660174577 0.5555747920803612 0
outer loop
vertex -14.305635452270508 -54.184356689453125 1.7000000476837158
vertex -14.305635452270508 -54.184356689453125 0
vertex -14.403182983398438 -54.038368225097656 1.7000000476837158
endloop
endfacet
facet normal -0.8314665660174577 -0.5555747920803612 0
outer loop
vertex -13.571691513061523 -53.69395065307617 0
vertex -13.571691513061523 -53.69395065307617 1.7000000476837158
vertex -13.669239044189453 -53.5479621887207 0
endloop
endfacet
facet normal 0.9807842452687219 0.1950955259165719 0
outer loop
vertex -14.437438011169434 -52.596160888671875 0
vertex -14.437438011169434 -52.596160888671875 1.7000000476837158
vertex -14.403182983398438 -52.768367767333984 0
endloop
endfacet
facet normal 0.1950788122039888 -0.9807875697770038 0
outer loop
vertex -14.159645080566406 -52.18041229248047 1.7000000476837158
vertex -14.159645080566406 -52.18041229248047 0
vertex -13.98743724822998 -52.14616012573242 1.7000000476837158
endloop
endfacet
facet normal 0 0 -1
outer loop
vertex -13.815230369567871 -53.011905670166016 1.7000000476837158
vertex -13.98743724822998 -53.04615783691406 1.7000000476837158
vertex -13.815230369567871 -52.18041229248047 1.7000000476837158
endloop
endfacet
facet normal 0 0 -1
outer loop
vertex -13.669239044189453 -52.91435623168945 1.7000000476837158
vertex -13.815230369567871 -53.011905670166016 1.7000000476837158
vertex -13.669239044189453 -52.27796173095703 1.7000000476837158
endloop
endfacet
facet normal 0 0 -1
outer loop
vertex -13.815230369567871 -52.18041229248047 1.7000000476837158
vertex -13.98743724822998 -53.04615783691406 1.7000000476837158
vertex -13.98743724822998 -52.14616012573242 1.7000000476837158
endloop
endfacet
facet normal 0 0 -1
outer loop
vertex -13.669239044189453 -52.27796173095703 1.7000000476837158
vertex -13.571691513061523 -52.423954010009766 1.7000000476837158
vertex -13.669239044189453 -52.91435623168945 1.7000000476837158
endloop
endfacet
facet normal 0 0 -1
outer loop
vertex -13.669239044189453 -52.27796173095703 1.7000000476837158
vertex -13.815230369567871 -53.011905670166016 1.7000000476837158
vertex -13.815230369567871 -52.18041229248047 1.7000000476837158
endloop
endfacet
facet normal 0 0 -1
outer loop
vertex -13.571691513061523 -52.768367767333984 1.7000000476837158
vertex -13.669239044189453 -52.91435623168945 1.7000000476837158
vertex -13.571691513061523 -52.423954010009766 1.7000000476837158
endloop
endfacet
facet normal 0 0 -1
outer loop
vertex -13.537437438964844 -52.596160888671875 1.7000000476837158
vertex -13.571691513061523 -52.768367767333984 1.7000000476837158
vertex -13.571691513061523 -52.423954010009766 1.7000000476837158
endloop
endfacet
facet normal 0.8314665660174577 0.5555747920803612 0
outer loop
vertex -14.305635452270508 -52.91435623168945 0
vertex -14.403182983398438 -52.768367767333984 0
vertex -14.403182983398438 -52.768367767333984 1.7000000476837158
endloop
endfacet
facet normal 0.9807842452687219 -0.1950955259165719 0
outer loop
vertex -14.403182983398438 -52.423954010009766 0
vertex -14.403182983398438 -52.423954010009766 1.7000000476837158
vertex -14.437438011169434 -52.596160888671875 0
endloop
endfacet
facet normal -0.8314732719568675 -0.5555647559208026 0
outer loop
vertex -13.571691513061523 -52.423954010009766 0
vertex -13.571691513061523 -52.423954010009766 1.7000000476837158
vertex -13.669239044189453 -52.27796173095703 0
endloop
endfacet
facet normal -0.9807852845629332 -0.19509030110388895 0
outer loop
vertex -13.571691513061523 -52.423954010009766 0
vertex -13.537437438964844 -52.596160888671875 0
vertex -13.537437438964844 -52.596160888671875 1.7000000476837158
endloop
endfacet
facet normal 0 0 -1
outer loop
vertex -13.98743724822998 -53.04615783691406 1.7000000476837158
vertex -14.159645080566406 -53.011905670166016 1.7000000476837158
vertex -13.98743724822998 -52.14616012573242 1.7000000476837158
endloop
endfacet
facet normal 0 0 -1
outer loop
vertex -14.159645080566406 -53.011905670166016 1.7000000476837158
vertex -14.305635452270508 -52.91435623168945 1.7000000476837158
vertex -14.159645080566406 -52.18041229248047 1.7000000476837158
endloop
endfacet
facet normal 0 0 -1
outer loop
vertex -14.305635452270508 -52.91435623168945 1.7000000476837158
vertex -14.305635452270508 -52.27796173095703 1.7000000476837158
vertex -14.159645080566406 -52.18041229248047 1.7000000476837158
endloop
endfacet
facet normal 0 0 -1
outer loop
vertex -14.305635452270508 -52.27796173095703 1.7000000476837158
vertex -14.403182983398438 -52.768367767333984 1.7000000476837158
vertex -14.403182983398438 -52.423954010009766 1.7000000476837158
endloop
endfacet
facet normal 0 0 -1
outer loop
vertex -14.305635452270508 -52.91435623168945 1.7000000476837158
vertex -14.403182983398438 -52.768367767333984 1.7000000476837158
vertex -14.305635452270508 -52.27796173095703 1.7000000476837158
endloop
endfacet
facet normal 0 0 -1
outer loop
vertex -14.403182983398438 -52.768367767333984 1.7000000476837158
vertex -14.437438011169434 -52.596160888671875 1.7000000476837158
vertex -14.403182983398438 -52.423954010009766 1.7000000476837158
endloop
endfacet
facet normal 0 0 -1
outer loop
vertex -13.98743724822998 -52.14616012573242 1.7000000476837158
vertex -14.159645080566406 -53.011905670166016 1.7000000476837158
vertex -14.159645080566406 -52.18041229248047 1.7000000476837158
endloop
endfacet
facet normal 0.5555772839934787 0.8314649009491799 0
outer loop
vertex -14.159645080566406 -53.011905670166016 1.7000000476837158
vertex -14.159645080566406 -53.011905670166016 0
vertex -14.305635452270508 -52.91435623168945 1.7000000476837158
endloop
endfacet
facet normal 0.1950788122039888 0.9807875697770038 0
outer loop
vertex -13.98743724822998 -53.04615783691406 1.7000000476837158
vertex -13.98743724822998 -53.04615783691406 0
vertex -14.159645080566406 -53.011905670166016 1.7000000476837158
endloop
endfacet
facet normal -0.5555747749587596 -0.8314665774578817 0
outer loop
vertex -13.669239044189453 -52.27796173095703 0
vertex -13.669239044189453 -52.27796173095703 1.7000000476837158
vertex -13.815230369567871 -52.18041229248047 0
endloop
endfacet
facet normal -0.1950798514286955 -0.9807873630744628 0
outer loop
vertex -13.815230369567871 -52.18041229248047 0
vertex -13.815230369567871 -52.18041229248047 1.7000000476837158
vertex -13.98743724822998 -52.14616012573242 0
endloop
endfacet
facet normal 0.1950788122039888 -0.9807875697770038 0
outer loop
vertex -13.98743724822998 -52.14616012573242 0
vertex -13.98743724822998 -52.14616012573242 1.7000000476837158
vertex -14.159645080566406 -52.18041229248047 0
endloop
endfacet
facet normal 0.5555772839934787 -0.8314649009491799 0
outer loop
vertex -14.159645080566406 -52.18041229248047 0
vertex -14.159645080566406 -52.18041229248047 1.7000000476837158
vertex -14.305635452270508 -52.27796173095703 0
endloop
endfacet
facet normal -0.8314665660174577 0.5555747920803612 0
outer loop
vertex -13.571691513061523 -52.768367767333984 0
vertex -13.669239044189453 -52.91435623168945 0
vertex -13.669239044189453 -52.91435623168945 1.7000000476837158
endloop
endfacet
facet normal 0.8314732719568675 -0.5555647559208026 0
outer loop
vertex -14.305635452270508 -52.27796173095703 0
vertex -14.305635452270508 -52.27796173095703 1.7000000476837158
vertex -14.403182983398438 -52.423954010009766 0
endloop
endfacet
facet normal -0.5555747749587596 0.8314665774578817 0
outer loop
vertex -13.669239044189453 -52.91435623168945 0
vertex -13.815230369567871 -53.011905670166016 0
vertex -13.815230369567871 -53.011905670166016 1.7000000476837158
endloop
endfacet
facet normal -0.1950798514286955 0.9807873630744628 0
outer loop
vertex -13.815230369567871 -53.011905670166016 0
vertex -13.98743724822998 -53.04615783691406 0
vertex -13.98743724822998 -53.04615783691406 1.7000000476837158
endloop
endfacet
facet normal -0.1950798514286955 -0.9807873630744628 0
outer loop
vertex -13.98743724822998 -52.14616012573242 1.7000000476837158
vertex -13.98743724822998 -52.14616012573242 0
vertex -13.815230369567871 -52.18041229248047 1.7000000476837158
endloop
endfacet
facet normal -0.8314732719568675 -0.5555647559208026 0
outer loop
vertex -13.669239044189453 -52.27796173095703 1.7000000476837158
vertex -13.669239044189453 -52.27796173095703 0
vertex -13.571691513061523 -52.423954010009766 1.7000000476837158
endloop
endfacet
facet normal -0.5555747749587596 -0.8314665774578817 0
outer loop
vertex -13.815230369567871 -52.18041229248047 1.7000000476837158
vertex -13.815230369567871 -52.18041229248047 0
vertex -13.669239044189453 -52.27796173095703 1.7000000476837158
endloop
endfacet
facet normal 0.1950788122039888 0.9807875697770038 0
outer loop
vertex -13.98743724822998 -53.04615783691406 0
vertex -14.159645080566406 -53.011905670166016 0
vertex -14.159645080566406 -53.011905670166016 1.7000000476837158
endloop
endfacet
facet normal -0.1950798514286955 0.9807873630744628 0
outer loop
vertex -13.815230369567871 -53.011905670166016 1.7000000476837158
vertex -13.815230369567871 -53.011905670166016 0
vertex -13.98743724822998 -53.04615783691406 1.7000000476837158
endloop
endfacet
facet normal -0.8314665660174577 0.5555747920803612 0
outer loop
vertex -13.571691513061523 -52.768367767333984 1.7000000476837158
vertex -13.571691513061523 -52.768367767333984 0
vertex -13.669239044189453 -52.91435623168945 1.7000000476837158
endloop
endfacet
facet normal -0.9807852845629332 0.19509030110388895 0
outer loop
vertex -13.537437438964844 -52.596160888671875 1.7000000476837158
vertex -13.537437438964844 -52.596160888671875 0
vertex -13.571691513061523 -52.768367767333984 1.7000000476837158
endloop
endfacet
facet normal -0.9807852845629332 -0.19509030110388895 0
outer loop
vertex -13.571691513061523 -52.423954010009766 1.7000000476837158
vertex -13.571691513061523 -52.423954010009766 0
vertex -13.537437438964844 -52.596160888671875 1.7000000476837158
endloop
endfacet
facet normal -0.5555747749587596 0.8314665774578817 0
outer loop
vertex -13.669239044189453 -52.91435623168945 1.7000000476837158
vertex -13.669239044189453 -52.91435623168945 0
vertex -13.815230369567871 -53.011905670166016 1.7000000476837158
endloop
endfacet
facet normal 0.9807842452687219 0.1950955259165719 0
outer loop
vertex -14.403182983398438 -52.768367767333984 1.7000000476837158
vertex -14.403182983398438 -52.768367767333984 0
vertex -14.437438011169434 -52.596160888671875 1.7000000476837158
endloop
endfacet
facet normal 0.5555772839934787 0.8314649009491799 0
outer loop
vertex -14.305635452270508 -52.91435623168945 0
vertex -14.305635452270508 -52.91435623168945 1.7000000476837158
vertex -14.159645080566406 -53.011905670166016 0
endloop
endfacet
facet normal 0.8314665660174577 0.5555747920803612 0
outer loop
vertex -14.305635452270508 -52.91435623168945 1.7000000476837158
vertex -14.305635452270508 -52.91435623168945 0
vertex -14.403182983398438 -52.768367767333984 1.7000000476837158
endloop
endfacet
facet normal 0.9807842452687219 -0.1950955259165719 0
outer loop
vertex -14.437438011169434 -52.596160888671875 1.7000000476837158
vertex -14.437438011169434 -52.596160888671875 0
vertex -14.403182983398438 -52.423954010009766 1.7000000476837158
endloop
endfacet
facet normal 0.8314732719568675 -0.5555647559208026 0
outer loop
vertex -14.403182983398438 -52.423954010009766 1.7000000476837158
vertex -14.403182983398438 -52.423954010009766 0
vertex -14.305635452270508 -52.27796173095703 1.7000000476837158
endloop
endfacet
facet normal 0.5555772839934787 -0.8314649009491799 0
outer loop
vertex -14.305635452270508 -52.27796173095703 1.7000000476837158
vertex -14.305635452270508 -52.27796173095703 0
vertex -14.159645080566406 -52.18041229248047 1.7000000476837158
endloop
endfacet
facet normal -0.9807852845629332 0.19509030110388895 0
outer loop
vertex -13.537437438964844 -52.596160888671875 0
vertex -13.571691513061523 -52.768367767333984 0
vertex -13.571691513061523 -52.768367767333984 1.7000000476837158
endloop
endfacet
facet normal 0 0 -1
outer loop
vertex -14.403182983398438 -51.49836730957031 1.7000000476837158
vertex -14.437438011169434 -51.3261604309082 1.7000000476837158
vertex -14.403182983398438 -51.153953552246094 1.7000000476837158
endloop
endfacet
facet normal 0 0 -1
outer loop
vertex -13.537437438964844 -51.3261604309082 1.7000000476837158
vertex -13.571691513061523 -51.49836730957031 1.7000000476837158
vertex -13.571691513061523 -51.153953552246094 1.7000000476837158
endloop
endfacet
facet normal 0.9807842452687219 0.1950955259165719 0
outer loop
vertex -14.403182983398438 -51.49836730957031 1.7000000476837158
vertex -14.403182983398438 -51.49836730957031 0
vertex -14.437438011169434 -51.3261604309082 1.7000000476837158
endloop
endfacet
facet normal 0 0 -1
outer loop
vertex -13.669239044189453 -51.64435958862305 1.7000000476837158
vertex -13.669239044189453 -51.00796127319336 1.7000000476837158
vertex -13.571691513061523 -51.153953552246094 1.7000000476837158
endloop
endfacet
facet normal 0 0 -1
outer loop
vertex -13.669239044189453 -51.00796127319336 1.7000000476837158
vertex -13.815230369567871 -51.741905212402344 1.7000000476837158
vertex -13.815230369567871 -50.91041564941406 1.7000000476837158
endloop
endfacet
facet normal 0 0 -1
outer loop
vertex -13.815230369567871 -50.91041564941406 1.7000000476837158
vertex -13.98743724822998 -51.776161193847656 1.7000000476837158
vertex -13.98743724822998 -50.87615966796875 1.7000000476837158
endloop
endfacet
facet normal 0 0 -1
outer loop
vertex -13.98743724822998 -50.87615966796875 1.7000000476837158
vertex -14.159645080566406 -51.741905212402344 1.7000000476837158
vertex -14.159645080566406 -50.91041564941406 1.7000000476837158
endloop
endfacet
facet normal 0 0 -1
outer loop
vertex -13.669239044189453 -51.64435958862305 1.7000000476837158
vertex -13.815230369567871 -51.741905212402344 1.7000000476837158
vertex -13.669239044189453 -51.00796127319336 1.7000000476837158
endloop
endfacet
facet normal 0 0 -1
outer loop
vertex -13.815230369567871 -51.741905212402344 1.7000000476837158
vertex -13.98743724822998 -51.776161193847656 1.7000000476837158
vertex -13.815230369567871 -50.91041564941406 1.7000000476837158
endloop
endfacet
facet normal 0 0 -1
outer loop
vertex -13.98743724822998 -51.776161193847656 1.7000000476837158
vertex -14.159645080566406 -51.741905212402344 1.7000000476837158
vertex -13.98743724822998 -50.87615966796875 1.7000000476837158
endloop
endfacet
facet normal 0 0 -1
outer loop
vertex -14.305635452270508 -51.00796127319336 1.7000000476837158
vertex -14.403182983398438 -51.49836730957031 1.7000000476837158
vertex -14.403182983398438 -51.153953552246094 1.7000000476837158
endloop
endfacet
facet normal 0 0 -1
outer loop
vertex -14.305635452270508 -51.64435958862305 1.7000000476837158
vertex -14.403182983398438 -51.49836730957031 1.7000000476837158
vertex -14.305635452270508 -51.00796127319336 1.7000000476837158
endloop
endfacet
facet normal -0.8314732719568675 -0.5555647559208026 0
outer loop
vertex -13.571691513061523 -51.153953552246094 0
vertex -13.571691513061523 -51.153953552246094 1.7000000476837158
vertex -13.669239044189453 -51.00796127319336 0
endloop
endfacet
facet normal -0.9807852845629332 -0.19509030110388895 0
outer loop
vertex -13.571691513061523 -51.153953552246094 0
vertex -13.537437438964844 -51.3261604309082 0
vertex -13.537437438964844 -51.3261604309082 1.7000000476837158
endloop
endfacet
facet normal -0.9807852845629332 0.19509030110388895 0
outer loop
vertex -13.537437438964844 -51.3261604309082 0
vertex -13.571691513061523 -51.49836730957031 0
vertex -13.571691513061523 -51.49836730957031 1.7000000476837158
endloop
endfacet
facet normal -0.9807852845629332 -0.19509030110388895 0
outer loop
vertex -13.571691513061523 -51.153953552246094 1.7000000476837158
vertex -13.571691513061523 -51.153953552246094 0
vertex -13.537437438964844 -51.3261604309082 1.7000000476837158
endloop
endfacet
facet normal -0.9807852845629332 0.19509030110388895 0
outer loop
vertex -13.537437438964844 -51.3261604309082 1.7000000476837158
vertex -13.537437438964844 -51.3261604309082 0
vertex -13.571691513061523 -51.49836730957031 1.7000000476837158
endloop
endfacet
facet normal -0.8314732719568675 0.5555647559208026 0
outer loop
vertex -13.571691513061523 -51.49836730957031 1.7000000476837158
vertex -13.571691513061523 -51.49836730957031 0
vertex -13.669239044189453 -51.64435958862305 1.7000000476837158
endloop
endfacet
facet normal -0.5555597547738412 -0.8314766135470253 0
outer loop
vertex -13.669239044189453 -51.00796127319336 0
vertex -13.669239044189453 -51.00796127319336 1.7000000476837158
vertex -13.815230369567871 -50.91041564941406 0
endloop
endfacet
facet normal -0.1951007507126451 -0.9807832059488795 0
outer loop
vertex -13.815230369567871 -50.91041564941406 0
vertex -13.815230369567871 -50.91041564941406 1.7000000476837158
vertex -13.98743724822998 -50.87615966796875 0
endloop
endfacet
facet normal 0.19509971138541468 -0.9807834126948354 0
outer loop
vertex -13.98743724822998 -50.87615966796875 0
vertex -13.98743724822998 -50.87615966796875 1.7000000476837158
vertex -14.159645080566406 -50.91041564941406 0
endloop
endfacet
facet normal 0.5555622638012966 -0.8314749371087372 0
outer loop
vertex -14.159645080566406 -50.91041564941406 0
vertex -14.159645080566406 -50.91041564941406 1.7000000476837158
vertex -14.305635452270508 -51.00796127319336 0
endloop
endfacet
facet normal -0.8314732719568675 0.5555647559208026 0
outer loop
vertex -13.571691513061523 -51.49836730957031 0
vertex -13.669239044189453 -51.64435958862305 0
vertex -13.669239044189453 -51.64435958862305 1.7000000476837158
endloop
endfacet
facet normal -0.5555597547738412 0.8314766135470253 0
outer loop
vertex -13.669239044189453 -51.64435958862305 0
vertex -13.815230369567871 -51.741905212402344 0
vertex -13.815230369567871 -51.741905212402344 1.7000000476837158
endloop
endfacet
facet normal 0 0 -1
outer loop
vertex -14.159645080566406 -51.741905212402344 1.7000000476837158
vertex -14.305635452270508 -51.64435958862305 1.7000000476837158
vertex -14.159645080566406 -50.91041564941406 1.7000000476837158
endloop
endfacet
facet normal 0.8314732719568675 0.5555647559208026 0
outer loop
vertex -14.305635452270508 -51.64435958862305 1.7000000476837158
vertex -14.305635452270508 -51.64435958862305 0
vertex -14.403182983398438 -51.49836730957031 1.7000000476837158
endloop
endfacet
facet normal 0 0 -1
outer loop
vertex -14.305635452270508 -51.64435958862305 1.7000000476837158
vertex -14.305635452270508 -51.00796127319336 1.7000000476837158
vertex -14.159645080566406 -50.91041564941406 1.7000000476837158
endloop
endfacet
facet normal 0.5555622638012966 0.8314749371087372 0
outer loop
vertex -14.159645080566406 -51.741905212402344 0
vertex -14.305635452270508 -51.64435958862305 0
vertex -14.305635452270508 -51.64435958862305 1.7000000476837158
endloop
endfacet
facet normal 0.9807842452687219 -0.1950955259165719 0
outer loop
vertex -14.437438011169434 -51.3261604309082 1.7000000476837158
vertex -14.437438011169434 -51.3261604309082 0
vertex -14.403182983398438 -51.153953552246094 1.7000000476837158
endloop
endfacet
facet normal 0.8314732719568675 -0.5555647559208026 0
outer loop
vertex -14.403182983398438 -51.153953552246094 1.7000000476837158
vertex -14.403182983398438 -51.153953552246094 0
vertex -14.305635452270508 -51.00796127319336 1.7000000476837158
endloop
endfacet
facet normal 0.5555622638012966 -0.8314749371087372 0
outer loop
vertex -14.305635452270508 -51.00796127319336 1.7000000476837158
vertex -14.305635452270508 -51.00796127319336 0
vertex -14.159645080566406 -50.91041564941406 1.7000000476837158
endloop
endfacet
facet normal 0.5555622638012966 0.8314749371087372 0
outer loop
vertex -14.159645080566406 -51.741905212402344 1.7000000476837158
vertex -14.159645080566406 -51.741905212402344 0
vertex -14.305635452270508 -51.64435958862305 1.7000000476837158
endloop
endfacet
facet normal 0.19509971138541468 0.9807834126948354 0
outer loop
vertex -13.98743724822998 -51.776161193847656 1.7000000476837158
vertex -13.98743724822998 -51.776161193847656 0
vertex -14.159645080566406 -51.741905212402344 1.7000000476837158
endloop
endfacet
facet normal -0.1951007507126451 0.9807832059488795 0
outer loop
vertex -13.815230369567871 -51.741905212402344 1.7000000476837158
vertex -13.815230369567871 -51.741905212402344 0
vertex -13.98743724822998 -51.776161193847656 1.7000000476837158
endloop
endfacet
facet normal -0.5555597547738412 0.8314766135470253 0
outer loop
vertex -13.669239044189453 -51.64435958862305 1.7000000476837158
vertex -13.669239044189453 -51.64435958862305 0
vertex -13.815230369567871 -51.741905212402344 1.7000000476837158
endloop
endfacet
facet normal 0.19509971138541468 -0.9807834126948354 0
outer loop
vertex -14.159645080566406 -50.91041564941406 1.7000000476837158
vertex -14.159645080566406 -50.91041564941406 0
vertex -13.98743724822998 -50.87615966796875 1.7000000476837158
endloop
endfacet
facet normal -0.1951007507126451 -0.9807832059488795 0
outer loop
vertex -13.98743724822998 -50.87615966796875 1.7000000476837158
vertex -13.98743724822998 -50.87615966796875 0
vertex -13.815230369567871 -50.91041564941406 1.7000000476837158
endloop
endfacet
facet normal 0.9807842452687219 0.1950955259165719 0
outer loop
vertex -14.437438011169434 -51.3261604309082 0
vertex -14.437438011169434 -51.3261604309082 1.7000000476837158
vertex -14.403182983398438 -51.49836730957031 0
endloop
endfacet
facet normal -0.8314732719568675 -0.5555647559208026 0
outer loop
vertex -13.669239044189453 -51.00796127319336 1.7000000476837158
vertex -13.669239044189453 -51.00796127319336 0
vertex -13.571691513061523 -51.153953552246094 1.7000000476837158
endloop
endfacet
facet normal -0.5555597547738412 -0.8314766135470253 0
outer loop
vertex -13.815230369567871 -50.91041564941406 1.7000000476837158
vertex -13.815230369567871 -50.91041564941406 0
vertex -13.669239044189453 -51.00796127319336 1.7000000476837158
endloop
endfacet
facet normal -0.1951007507126451 0.9807832059488795 0
outer loop
vertex -13.815230369567871 -51.741905212402344 0
vertex -13.98743724822998 -51.776161193847656 0
vertex -13.98743724822998 -51.776161193847656 1.7000000476837158
endloop
endfacet
facet normal 0.8314732719568675 0.5555647559208026 0
outer loop
vertex -14.403182983398438 -51.49836730957031 0
vertex -14.403182983398438 -51.49836730957031 1.7000000476837158
vertex -14.305635452270508 -51.64435958862305 0
endloop
endfacet
facet normal 0.9807842452687219 -0.1950955259165719 0
outer loop
vertex -14.403182983398438 -51.153953552246094 0
vertex -14.403182983398438 -51.153953552246094 1.7000000476837158
vertex -14.437438011169434 -51.3261604309082 0
endloop
endfacet
facet normal 0.8314732719568675 -0.5555647559208026 0
outer loop
vertex -14.305635452270508 -51.00796127319336 0
vertex -14.305635452270508 -51.00796127319336 1.7000000476837158
vertex -14.403182983398438 -51.153953552246094 0
endloop
endfacet
facet normal 0.19509971138541468 0.9807834126948354 0
outer loop
vertex -13.98743724822998 -51.776161193847656 0
vertex -14.159645080566406 -51.741905212402344 0
vertex -14.159645080566406 -51.741905212402344 1.7000000476837158
endloop
endfacet
facet normal 0 0 -1
outer loop
vertex -13.571691513061523 -51.49836730957031 1.7000000476837158
vertex -13.669239044189453 -51.64435958862305 1.7000000476837158
vertex -13.571691513061523 -51.153953552246094 1.7000000476837158
endloop
endfacet
facet normal 0.9807842452687219 0.1950955259165719 0
outer loop
vertex -14.403182983398438 -50.22836685180664 1.7000000476837158
vertex -14.403182983398438 -50.22836685180664 0
vertex -14.437438011169434 -50.05615997314453 1.7000000476837158
endloop
endfacet
facet normal 0.8314732719568675 -0.5555647559208026 0
outer loop
vertex -14.403182983398438 -49.88395309448242 1.7000000476837158
vertex -14.403182983398438 -49.88395309448242 0
vertex -14.305635452270508 -49.73796081542969 1.7000000476837158
endloop
endfacet
facet normal 0.8314732719568675 0.5555647559208026 0
outer loop
vertex -14.305635452270508 -50.374359130859375 1.7000000476837158
vertex -14.305635452270508 -50.374359130859375 0
vertex -14.403182983398438 -50.22836685180664 1.7000000476837158
endloop
endfacet
facet normal 0 0 -1
outer loop
vertex -14.403182983398438 -50.22836685180664 1.7000000476837158
vertex -14.437438011169434 -50.05615997314453 1.7000000476837158
vertex -14.403182983398438 -49.88395309448242 1.7000000476837158
endloop
endfacet
facet normal 0 0 -1
outer loop
vertex -14.305635452270508 -50.374359130859375 1.7000000476837158
vertex -14.403182983398438 -50.22836685180664 1.7000000476837158
vertex -14.305635452270508 -49.73796081542969 1.7000000476837158
endloop
endfacet
facet normal 0 0 -1
outer loop
vertex -14.305635452270508 -49.73796081542969 1.7000000476837158
vertex -14.403182983398438 -50.22836685180664 1.7000000476837158
vertex -14.403182983398438 -49.88395309448242 1.7000000476837158
endloop
endfacet
facet normal 0 0 -1
outer loop
vertex -14.305635452270508 -50.374359130859375 1.7000000476837158
vertex -14.305635452270508 -49.73796081542969 1.7000000476837158
vertex -14.159645080566406 -49.64041519165039 1.7000000476837158
endloop
endfacet
facet normal 0.5555622638012966 0.8314749371087372 0
outer loop
vertex -14.159645080566406 -50.47190475463867 1.7000000476837158
vertex -14.159645080566406 -50.47190475463867 0
vertex -14.305635452270508 -50.374359130859375 1.7000000476837158
endloop
endfacet
facet normal 0.19509971138541468 0.9807834126948354 0
outer loop
vertex -13.98743724822998 -50.506160736083984 1.7000000476837158
vertex -13.98743724822998 -50.506160736083984 0
vertex -14.159645080566406 -50.47190475463867 1.7000000476837158
endloop
endfacet
facet normal -0.1951007507126451 0.9807832059488795 0
outer loop
vertex -13.815230369567871 -50.47190475463867 1.7000000476837158
vertex -13.815230369567871 -50.47190475463867 0
vertex -13.98743724822998 -50.506160736083984 1.7000000476837158
endloop
endfacet
facet normal -0.5555597547738412 0.8314766135470253 0
outer loop
vertex -13.669239044189453 -50.374359130859375 1.7000000476837158
vertex -13.669239044189453 -50.374359130859375 0
vertex -13.815230369567871 -50.47190475463867 1.7000000476837158
endloop
endfacet
facet normal 0 0 -1
outer loop
vertex -14.159645080566406 -50.47190475463867 1.7000000476837158
vertex -14.305635452270508 -50.374359130859375 1.7000000476837158
vertex -14.159645080566406 -49.64041519165039 1.7000000476837158
endloop
endfacet
facet normal 0 0 -1
outer loop
vertex -13.98743724822998 -50.506160736083984 1.7000000476837158
vertex -14.159645080566406 -50.47190475463867 1.7000000476837158
vertex -13.98743724822998 -49.60615921020508 1.7000000476837158
endloop
endfacet
facet normal 0.5555622638012966 0.8314749371087372 0
outer loop
vertex -14.159645080566406 -50.47190475463867 0
vertex -14.305635452270508 -50.374359130859375 0
vertex -14.305635452270508 -50.374359130859375 1.7000000476837158
endloop
endfacet
facet normal 0.8314732719568675 0.5555647559208026 0
outer loop
vertex -14.403182983398438 -50.22836685180664 0
vertex -14.403182983398438 -50.22836685180664 1.7000000476837158
vertex -14.305635452270508 -50.374359130859375 0
endloop
endfacet
facet normal 0.9807842452687219 0.1950955259165719 0
outer loop
vertex -14.437438011169434 -50.05615997314453 0
vertex -14.437438011169434 -50.05615997314453 1.7000000476837158
vertex -14.403182983398438 -50.22836685180664 0
endloop
endfacet
facet normal 0.9807842452687219 -0.1950955259165719 0
outer loop
vertex -14.403182983398438 -49.88395309448242 0
vertex -14.403182983398438 -49.88395309448242 1.7000000476837158
vertex -14.437438011169434 -50.05615997314453 0
endloop
endfacet
facet normal 0.8314732719568675 -0.5555647559208026 0
outer loop
vertex -14.305635452270508 -49.73796081542969 0
vertex -14.305635452270508 -49.73796081542969 1.7000000476837158
vertex -14.403182983398438 -49.88395309448242 0
endloop
endfacet
facet normal 0.19509971138541468 0.9807834126948354 0
outer loop
vertex -13.98743724822998 -50.506160736083984 0
vertex -14.159645080566406 -50.47190475463867 0
vertex -14.159645080566406 -50.47190475463867 1.7000000476837158
endloop
endfacet
facet normal -0.1951007507126451 0.9807832059488795 0
outer loop
vertex -13.815230369567871 -50.47190475463867 0
vertex -13.98743724822998 -50.506160736083984 0
vertex -13.98743724822998 -50.506160736083984 1.7000000476837158
endloop
endfacet
facet normal -0.8314732719568675 -0.5555647559208026 0
outer loop
vertex -13.669239044189453 -49.73796081542969 1.7000000476837158
vertex -13.669239044189453 -49.73796081542969 0
vertex -13.571691513061523 -49.88395309448242 1.7000000476837158
endloop
endfacet
facet normal 0 0 -1
outer loop
vertex -13.98743724822998 -49.60615921020508 1.7000000476837158
vertex -14.159645080566406 -50.47190475463867 1.7000000476837158
vertex -14.159645080566406 -49.64041519165039 1.7000000476837158
endloop
endfacet
facet normal 0 0 -1
outer loop
vertex -13.815230369567871 -50.47190475463867 1.7000000476837158
vertex -13.98743724822998 -50.506160736083984 1.7000000476837158
vertex -13.815230369567871 -49.64041519165039 1.7000000476837158
endloop
endfacet
facet normal 0 0 -1
outer loop
vertex -13.669239044189453 -50.374359130859375 1.7000000476837158
vertex -13.815230369567871 -50.47190475463867 1.7000000476837158
vertex -13.669239044189453 -49.73796081542969 1.7000000476837158
endloop
endfacet
facet normal -0.8314732719568675 0.5555647559208026 0
outer loop
vertex -13.571691513061523 -50.22836685180664 1.7000000476837158
vertex -13.571691513061523 -50.22836685180664 0
vertex -13.669239044189453 -50.374359130859375 1.7000000476837158
endloop
endfacet
facet normal -0.9807852845629332 0.19509030110388895 0
outer loop
vertex -13.537437438964844 -50.05615997314453 1.7000000476837158
vertex -13.537437438964844 -50.05615997314453 0
vertex -13.571691513061523 -50.22836685180664 1.7000000476837158
endloop
endfacet
facet normal -0.5555597547738412 0.8314766135470253 0
outer loop
vertex -13.669239044189453 -50.374359130859375 0
vertex -13.815230369567871 -50.47190475463867 0
vertex -13.815230369567871 -50.47190475463867 1.7000000476837158
endloop
endfacet
facet normal -0.8314732719568675 0.5555647559208026 0
outer loop
vertex -13.571691513061523 -50.22836685180664 0
vertex -13.669239044189453 -50.374359130859375 0
vertex -13.669239044189453 -50.374359130859375 1.7000000476837158
endloop
endfacet
facet normal 0 0 -1
outer loop
vertex -13.669239044189453 -49.73796081542969 1.7000000476837158
vertex -13.571691513061523 -49.88395309448242 1.7000000476837158
vertex -13.669239044189453 -50.374359130859375 1.7000000476837158
endloop
endfacet
facet normal 0 0 -1
outer loop
vertex -13.815230369567871 -49.64041519165039 1.7000000476837158
vertex -13.98743724822998 -50.506160736083984 1.7000000476837158
vertex -13.98743724822998 -49.60615921020508 1.7000000476837158
endloop
endfacet
facet normal 0 0 -1
outer loop
vertex -13.815230369567871 -49.64041519165039 1.7000000476837158
vertex -13.669239044189453 -49.73796081542969 1.7000000476837158
vertex -13.815230369567871 -50.47190475463867 1.7000000476837158
endloop
endfacet
facet normal -0.9807852845629332 0.19509030110388895 0
outer loop
vertex -13.537437438964844 -50.05615997314453 0
vertex -13.571691513061523 -50.22836685180664 0
vertex -13.571691513061523 -50.22836685180664 1.7000000476837158
endloop
endfacet
facet normal -0.9807852845629332 -0.19509030110388895 0
outer loop
vertex -13.571691513061523 -49.88395309448242 0
vertex -13.537437438964844 -50.05615997314453 0
vertex -13.537437438964844 -50.05615997314453 1.7000000476837158
endloop
endfacet
facet normal -0.8314732719568675 -0.5555647559208026 0
outer loop
vertex -13.571691513061523 -49.88395309448242 0
vertex -13.571691513061523 -49.88395309448242 1.7000000476837158
vertex -13.669239044189453 -49.73796081542969 0
endloop
endfacet
facet normal -0.9807852845629332 -0.19509030110388895 0
outer loop
vertex -13.571691513061523 -49.88395309448242 1.7000000476837158
vertex -13.571691513061523 -49.88395309448242 0
vertex -13.537437438964844 -50.05615997314453 1.7000000476837158
endloop
endfacet
facet normal 0.5555622638012966 -0.8314749371087372 0
outer loop
vertex -14.305635452270508 -49.73796081542969 1.7000000476837158
vertex -14.305635452270508 -49.73796081542969 0
vertex -14.159645080566406 -49.64041519165039 1.7000000476837158
endloop
endfacet
facet normal 0.5555622638012966 -0.8314749371087372 0
outer loop
vertex -14.159645080566406 -49.64041519165039 0
vertex -14.159645080566406 -49.64041519165039 1.7000000476837158
vertex -14.305635452270508 -49.73796081542969 0
endloop
endfacet
facet normal 0.19509971138541468 -0.9807834126948354 0
outer loop
vertex -13.98743724822998 -49.60615921020508 0
vertex -13.98743724822998 -49.60615921020508 1.7000000476837158
vertex -14.159645080566406 -49.64041519165039 0
endloop
endfacet
facet normal 0.19509971138541468 -0.9807834126948354 0
outer loop
vertex -14.159645080566406 -49.64041519165039 1.7000000476837158
vertex -14.159645080566406 -49.64041519165039 0
vertex -13.98743724822998 -49.60615921020508 1.7000000476837158
endloop
endfacet
facet normal -0.1951007507126451 -0.9807832059488795 0
outer loop
vertex -13.98743724822998 -49.60615921020508 1.7000000476837158
vertex -13.98743724822998 -49.60615921020508 0
vertex -13.815230369567871 -49.64041519165039 1.7000000476837158
endloop
endfacet
facet normal -0.5555597547738412 -0.8314766135470253 0
outer loop
vertex -13.815230369567871 -49.64041519165039 1.7000000476837158
vertex -13.815230369567871 -49.64041519165039 0
vertex -13.669239044189453 -49.73796081542969 1.7000000476837158
endloop
endfacet
facet normal -0.1951007507126451 -0.9807832059488795 0
outer loop
vertex -13.815230369567871 -49.64041519165039 0
vertex -13.815230369567871 -49.64041519165039 1.7000000476837158
vertex -13.98743724822998 -49.60615921020508 0
endloop
endfacet
facet normal -0.5555597547738412 -0.8314766135470253 0
outer loop
vertex -13.815230369567871 -49.64041519165039 0
vertex -13.669239044189453 -49.73796081542969 0
vertex -13.669239044189453 -49.73796081542969 1.7000000476837158
endloop
endfacet
facet normal 0 0 -1
outer loop
vertex -13.537437438964844 -50.05615997314453 1.7000000476837158
vertex -13.571691513061523 -50.22836685180664 1.7000000476837158
vertex -13.571691513061523 -49.88395309448242 1.7000000476837158
endloop
endfacet
facet normal 0 0 -1
outer loop
vertex -13.571691513061523 -50.22836685180664 1.7000000476837158
vertex -13.669239044189453 -50.374359130859375 1.7000000476837158
vertex -13.571691513061523 -49.88395309448242 1.7000000476837158
endloop
endfacet
facet normal 0.9807842452687219 -0.1950955259165719 0
outer loop
vertex -14.437438011169434 -50.05615997314453 1.7000000476837158
vertex -14.437438011169434 -50.05615997314453 0
vertex -14.403182983398438 -49.88395309448242 1.7000000476837158
endloop
endfacet
facet normal 0 0 -1
outer loop
vertex -13.571691513061523 -48.95836639404297 1.7000000476837158
vertex -13.669239044189453 -49.1043586730957 1.7000000476837158
vertex -13.571691513061523 -48.61395263671875 1.7000000476837158
endloop
endfacet
facet normal 0 0 -1
outer loop
vertex -13.815230369567871 -48.37041473388672 1.7000000476837158
vertex -13.98743724822998 -49.23616027832031 1.7000000476837158
vertex -13.98743724822998 -48.336158752441406 1.7000000476837158
endloop
endfacet
facet normal 0.8314732719568675 -0.5555647559208026 0
outer loop
vertex -14.403182983398438 -48.61395263671875 1.7000000476837158
vertex -14.403182983398438 -48.61395263671875 0
vertex -14.305635452270508 -48.467960357666016 1.7000000476837158
endloop
endfacet
facet normal -0.5555597547738412 0.8314766135470253 0
outer loop
vertex -13.669239044189453 -49.1043586730957 1.7000000476837158
vertex -13.669239044189453 -49.1043586730957 0
vertex -13.815230369567871 -49.201904296875 1.7000000476837158
endloop
endfacet
facet normal 0.5555622638012966 0.8314749371087372 0
outer loop
vertex -14.159645080566406 -49.201904296875 0
vertex -14.305635452270508 -49.1043586730957 0
vertex -14.305635452270508 -49.1043586730957 1.7000000476837158
endloop
endfacet
facet normal 0.8314732719568675 0.5555647559208026 0
outer loop
vertex -14.305635452270508 -49.1043586730957 0
vertex -14.403182983398438 -48.95836639404297 0
vertex -14.403182983398438 -48.95836639404297 1.7000000476837158
endloop
endfacet
facet normal 0.9807842452687219 0.1950955259165719 0
outer loop
vertex -14.437438011169434 -48.78615951538086 0
vertex -14.437438011169434 -48.78615951538086 1.7000000476837158
vertex -14.403182983398438 -48.95836639404297 0
endloop
endfacet
facet normal 0.9807842452687219 -0.1950955259165719 0
outer loop
vertex -14.403182983398438 -48.61395263671875 0
vertex -14.403182983398438 -48.61395263671875 1.7000000476837158
vertex -14.437438011169434 -48.78615951538086 0
endloop
endfacet
facet normal 0.19509971138541468 0.9807834126948354 0
outer loop
vertex -13.98743724822998 -49.23616027832031 0
vertex -14.159645080566406 -49.201904296875 0
vertex -14.159645080566406 -49.201904296875 1.7000000476837158
endloop
endfacet
facet normal -0.1951007507126451 0.9807832059488795 0
outer loop
vertex -13.815230369567871 -49.201904296875 0
vertex -13.98743724822998 -49.23616027832031 0
vertex -13.98743724822998 -49.23616027832031 1.7000000476837158
endloop
endfacet
facet normal -0.5555597547738412 0.8314766135470253 0
outer loop
vertex -13.669239044189453 -49.1043586730957 0
vertex -13.815230369567871 -49.201904296875 0
vertex -13.815230369567871 -49.201904296875 1.7000000476837158
endloop
endfacet
facet normal -0.8314732719568675 0.5555647559208026 0
outer loop
vertex -13.571691513061523 -48.95836639404297 0
vertex -13.669239044189453 -49.1043586730957 0
vertex -13.669239044189453 -49.1043586730957 1.7000000476837158
endloop
endfacet
facet normal 0.8314732719568675 -0.5555647559208026 0
outer loop
vertex -14.305635452270508 -48.467960357666016 0
vertex -14.305635452270508 -48.467960357666016 1.7000000476837158
vertex -14.403182983398438 -48.61395263671875 0
endloop
endfacet
facet normal 0.5555622638012966 0.8314749371087372 0
outer loop
vertex -14.159645080566406 -49.201904296875 1.7000000476837158
vertex -14.159645080566406 -49.201904296875 0
vertex -14.305635452270508 -49.1043586730957 1.7000000476837158
endloop
endfacet
facet normal -0.1951007507126451 0.9807832059488795 0
outer loop
vertex -13.815230369567871 -49.201904296875 1.7000000476837158
vertex -13.815230369567871 -49.201904296875 0
vertex -13.98743724822998 -49.23616027832031 1.7000000476837158
endloop
endfacet
facet normal 0.5555622638012966 -0.8314749371087372 0
outer loop
vertex -14.159645080566406 -48.37041473388672 0
vertex -14.159645080566406 -48.37041473388672 1.7000000476837158
vertex -14.305635452270508 -48.467960357666016 0
endloop
endfacet
facet normal 0.19509971138541468 -0.9807834126948354 0
outer loop
vertex -13.98743724822998 -48.336158752441406 0
vertex -13.98743724822998 -48.336158752441406 1.7000000476837158
vertex -14.159645080566406 -48.37041473388672 0
endloop
endfacet
facet normal -0.5555597547738412 -0.8314766135470253 0
outer loop
vertex -13.815230369567871 -48.37041473388672 0
vertex -13.669239044189453 -48.467960357666016 0
vertex -13.669239044189453 -48.467960357666016 1.7000000476837158
endloop
endfacet
facet normal -0.1951007507126451 -0.9807832059488795 0
outer loop
vertex -13.815230369567871 -48.37041473388672 0
vertex -13.815230369567871 -48.37041473388672 1.7000000476837158
vertex -13.98743724822998 -48.336158752441406 0
endloop
endfacet
facet normal 0.19509971138541468 0.9807834126948354 0
outer loop
vertex -13.98743724822998 -49.23616027832031 1.7000000476837158
vertex -13.98743724822998 -49.23616027832031 0
vertex -14.159645080566406 -49.201904296875 1.7000000476837158
endloop
endfacet
facet normal 0.9807842452687219 -0.1950955259165719 0
outer loop
vertex -14.437438011169434 -48.78615951538086 1.7000000476837158
vertex -14.437438011169434 -48.78615951538086 0
vertex -14.403182983398438 -48.61395263671875 1.7000000476837158
endloop
endfacet
facet normal 0.9807842452687219 0.1950955259165719 0
outer loop
vertex -14.403182983398438 -48.95836639404297 1.7000000476837158
vertex -14.403182983398438 -48.95836639404297 0
vertex -14.437438011169434 -48.78615951538086 1.7000000476837158
endloop
endfacet
facet normal 0.8314732719568675 0.5555647559208026 0
outer loop
vertex -14.305635452270508 -49.1043586730957 1.7000000476837158
vertex -14.305635452270508 -49.1043586730957 0
vertex -14.403182983398438 -48.95836639404297 1.7000000476837158
endloop
endfacet
facet normal -0.9807852845629332 0.19509030110388895 0
outer loop
vertex -13.537437438964844 -48.78615951538086 0
vertex -13.571691513061523 -48.95836639404297 0
vertex -13.571691513061523 -48.95836639404297 1.7000000476837158
endloop
endfacet
facet normal -0.9807852845629332 -0.19509030110388895 0
outer loop
vertex -13.571691513061523 -48.61395263671875 0
vertex -13.537437438964844 -48.78615951538086 0
vertex -13.537437438964844 -48.78615951538086 1.7000000476837158
endloop
endfacet
facet normal -0.8314732719568675 -0.5555647559208026 0
outer loop
vertex -13.571691513061523 -48.61395263671875 0
vertex -13.571691513061523 -48.61395263671875 1.7000000476837158
vertex -13.669239044189453 -48.467960357666016 0
endloop
endfacet
facet normal 0.19509971138541468 -0.9807834126948354 0
outer loop
vertex -14.159645080566406 -48.37041473388672 1.7000000476837158
vertex -14.159645080566406 -48.37041473388672 0
vertex -13.98743724822998 -48.336158752441406 1.7000000476837158
endloop
endfacet
facet normal -0.8314732719568675 -0.5555647559208026 0
outer loop
vertex -13.669239044189453 -48.467960357666016 1.7000000476837158
vertex -13.669239044189453 -48.467960357666016 0
vertex -13.571691513061523 -48.61395263671875 1.7000000476837158
endloop
endfacet
facet normal -0.5555597547738412 -0.8314766135470253 0
outer loop
vertex -13.815230369567871 -48.37041473388672 1.7000000476837158
vertex -13.815230369567871 -48.37041473388672 0
vertex -13.669239044189453 -48.467960357666016 1.7000000476837158
endloop
endfacet
facet normal -0.1951007507126451 -0.9807832059488795 0
outer loop
vertex -13.98743724822998 -48.336158752441406 1.7000000476837158
vertex -13.98743724822998 -48.336158752441406 0
vertex -13.815230369567871 -48.37041473388672 1.7000000476837158
endloop
endfacet
facet normal -0.8314732719568675 0.5555647559208026 0
outer loop
vertex -13.571691513061523 -48.95836639404297 1.7000000476837158
vertex -13.571691513061523 -48.95836639404297 0
vertex -13.669239044189453 -49.1043586730957 1.7000000476837158
endloop
endfacet
facet normal -0.9807852845629332 0.19509030110388895 0
outer loop
vertex -13.537437438964844 -48.78615951538086 1.7000000476837158
vertex -13.537437438964844 -48.78615951538086 0
vertex -13.571691513061523 -48.95836639404297 1.7000000476837158
endloop
endfacet
facet normal -0.9807852845629332 -0.19509030110388895 0
outer loop
vertex -13.571691513061523 -48.61395263671875 1.7000000476837158
vertex -13.571691513061523 -48.61395263671875 0
vertex -13.537437438964844 -48.78615951538086 1.7000000476837158
endloop
endfacet
facet normal 0 0 -1
outer loop
vertex -14.403182983398438 -48.95836639404297 1.7000000476837158
vertex -14.437438011169434 -48.78615951538086 1.7000000476837158
vertex -14.403182983398438 -48.61395263671875 1.7000000476837158
endloop
endfacet
facet normal 0 0 -1
outer loop
vertex -14.305635452270508 -49.1043586730957 1.7000000476837158
vertex -14.403182983398438 -48.95836639404297 1.7000000476837158
vertex -14.305635452270508 -48.467960357666016 1.7000000476837158
endloop
endfacet
facet normal 0 0 -1
outer loop
vertex -14.305635452270508 -48.467960357666016 1.7000000476837158
vertex -14.403182983398438 -48.95836639404297 1.7000000476837158
vertex -14.403182983398438 -48.61395263671875 1.7000000476837158
endloop
endfacet
facet normal 0 0 -1
outer loop
vertex -13.98743724822998 -49.23616027832031 1.7000000476837158
vertex -14.159645080566406 -49.201904296875 1.7000000476837158
vertex -13.98743724822998 -48.336158752441406 1.7000000476837158
endloop
endfacet
facet normal 0 0 -1
outer loop
vertex -14.159645080566406 -49.201904296875 1.7000000476837158
vertex -14.305635452270508 -49.1043586730957 1.7000000476837158
vertex -14.159645080566406 -48.37041473388672 1.7000000476837158
endloop
endfacet
facet normal 0 0 -1
outer loop
vertex -13.815230369567871 -49.201904296875 1.7000000476837158
vertex -13.98743724822998 -49.23616027832031 1.7000000476837158
vertex -13.815230369567871 -48.37041473388672 1.7000000476837158
endloop
endfacet
facet normal 0 0 -1
outer loop
vertex -13.669239044189453 -49.1043586730957 1.7000000476837158
vertex -13.815230369567871 -49.201904296875 1.7000000476837158
vertex -13.669239044189453 -48.467960357666016 1.7000000476837158
endloop
endfacet
facet normal 0 0 -1
outer loop
vertex -13.815230369567871 -48.37041473388672 1.7000000476837158
vertex -13.669239044189453 -48.467960357666016 1.7000000476837158
vertex -13.815230369567871 -49.201904296875 1.7000000476837158
endloop
endfacet
facet normal 0 0 -1
outer loop
vertex -13.669239044189453 -49.1043586730957 1.7000000476837158
vertex -13.669239044189453 -48.467960357666016 1.7000000476837158
vertex -13.571691513061523 -48.61395263671875 1.7000000476837158
endloop
endfacet
facet normal 0 0 -1
outer loop
vertex -14.159645080566406 -48.37041473388672 1.7000000476837158
vertex -14.305635452270508 -49.1043586730957 1.7000000476837158
vertex -14.305635452270508 -48.467960357666016 1.7000000476837158
endloop
endfacet
facet normal 0 0 -1
outer loop
vertex -13.98743724822998 -48.336158752441406 1.7000000476837158
vertex -14.159645080566406 -49.201904296875 1.7000000476837158
vertex -14.159645080566406 -48.37041473388672 1.7000000476837158
endloop
endfacet
facet normal 0 0 -1
outer loop
vertex -13.537437438964844 -48.78615951538086 1.7000000476837158
vertex -13.571691513061523 -48.95836639404297 1.7000000476837158
vertex -13.571691513061523 -48.61395263671875 1.7000000476837158
endloop
endfacet
facet normal 0.5555622638012966 -0.8314749371087372 0
outer loop
vertex -14.305635452270508 -48.467960357666016 1.7000000476837158
vertex -14.305635452270508 -48.467960357666016 0
vertex -14.159645080566406 -48.37041473388672 1.7000000476837158
endloop
endfacet
facet normal 0 0 -1
outer loop
vertex -14.159645080566406 -47.93190383911133 1.7000000476837158
vertex -14.305635452270508 -47.83435821533203 1.7000000476837158
vertex -14.159645080566406 -47.10041427612305 1.7000000476837158
endloop
endfacet
facet normal 0 0 -1
outer loop
vertex -13.571691513061523 -47.6883659362793 1.7000000476837158
vertex -13.669239044189453 -47.83435821533203 1.7000000476837158
vertex -13.571691513061523 -47.34395217895508 1.7000000476837158
endloop
endfacet
facet normal 0 0 -1
outer loop
vertex -14.403182983398438 -47.6883659362793 1.7000000476837158
vertex -14.437438011169434 -47.51615905761719 1.7000000476837158
vertex -14.403182983398438 -47.34395217895508 1.7000000476837158
endloop
endfacet
facet normal 0 0 -1
outer loop
vertex -14.305635452270508 -47.83435821533203 1.7000000476837158
vertex -14.403182983398438 -47.6883659362793 1.7000000476837158
vertex -14.305635452270508 -47.197959899902344 1.7000000476837158
endloop
endfacet
facet normal 0 0 -1
outer loop
vertex -14.305635452270508 -47.197959899902344 1.7000000476837158
vertex -14.403182983398438 -47.6883659362793 1.7000000476837158
vertex -14.403182983398438 -47.34395217895508 1.7000000476837158
endloop
endfacet
facet normal -0.9807852845629332 -0.19509030110388895 0
outer loop
vertex -13.571691513061523 -47.34395217895508 0
vertex -13.537437438964844 -47.51615905761719 0
vertex -13.537437438964844 -47.51615905761719 1.7000000476837158
endloop
endfacet
facet normal 0 0 -1
outer loop
vertex -14.159645080566406 -47.10041427612305 1.7000000476837158
vertex -14.305635452270508 -47.83435821533203 1.7000000476837158
vertex -14.305635452270508 -47.197959899902344 1.7000000476837158
endloop
endfacet
facet normal 0 0 -1
outer loop
vertex -13.98743724822998 -47.066158294677734 1.7000000476837158
vertex -14.159645080566406 -47.93190383911133 1.7000000476837158
vertex -14.159645080566406 -47.10041427612305 1.7000000476837158
endloop
endfacet
facet normal 0 0 -1
outer loop
vertex -13.815230369567871 -47.10041427612305 1.7000000476837158
vertex -13.98743724822998 -47.96615982055664 1.7000000476837158
vertex -13.98743724822998 -47.066158294677734 1.7000000476837158
endloop
endfacet
facet normal 0 0 -1
outer loop
vertex -13.571691513061523 -47.34395217895508 1.7000000476837158
vertex -13.669239044189453 -47.83435821533203 1.7000000476837158
vertex -13.669239044189453 -47.197959899902344 1.7000000476837158
endloop
endfacet
facet normal 0 0 -1
outer loop
vertex -13.669239044189453 -47.197959899902344 1.7000000476837158
vertex -13.815230369567871 -47.93190383911133 1.7000000476837158
vertex -13.815230369567871 -47.10041427612305 1.7000000476837158
endloop
endfacet
facet normal -0.5555597547738412 -0.8314766135470253 0
outer loop
vertex -13.669239044189453 -47.197959899902344 0
vertex -13.669239044189453 -47.197959899902344 1.7000000476837158
vertex -13.815230369567871 -47.10041427612305 0
endloop
endfacet
facet normal -0.1951007507126451 -0.9807832059488795 0
outer loop
vertex -13.815230369567871 -47.10041427612305 0
vertex -13.815230369567871 -47.10041427612305 1.7000000476837158
vertex -13.98743724822998 -47.066158294677734 0
endloop
endfacet
facet normal -0.9807852845629332 -0.19509030110388895 0
outer loop
vertex -13.571691513061523 -47.34395217895508 1.7000000476837158
vertex -13.571691513061523 -47.34395217895508 0
vertex -13.537437438964844 -47.51615905761719 1.7000000476837158
endloop
endfacet
facet normal -0.9807852845629332 0.19509030110388895 0
outer loop
vertex -13.537437438964844 -47.51615905761719 1.7000000476837158
vertex -13.537437438964844 -47.51615905761719 0
vertex -13.571691513061523 -47.6883659362793 1.7000000476837158
endloop
endfacet
facet normal 0 0 -1
outer loop
vertex -13.815230369567871 -47.93190383911133 1.7000000476837158
vertex -13.98743724822998 -47.96615982055664 1.7000000476837158
vertex -13.815230369567871 -47.10041427612305 1.7000000476837158
endloop
endfacet
facet normal -0.5555597547738412 -0.8314766135470253 0
outer loop
vertex -13.815230369567871 -47.10041427612305 1.7000000476837158
vertex -13.815230369567871 -47.10041427612305 0
vertex -13.669239044189453 -47.197959899902344 1.7000000476837158
endloop
endfacet
facet normal -0.8314732719568675 -0.5555647559208026 0
outer loop
vertex -13.669239044189453 -47.197959899902344 1.7000000476837158
vertex -13.669239044189453 -47.197959899902344 0
vertex -13.571691513061523 -47.34395217895508 1.7000000476837158
endloop
endfacet
facet normal -0.1951007507126451 -0.9807832059488795 0
outer loop
vertex -13.98743724822998 -47.066158294677734 1.7000000476837158
vertex -13.98743724822998 -47.066158294677734 0
vertex -13.815230369567871 -47.10041427612305 1.7000000476837158
endloop
endfacet
facet normal 0.19509971138541468 -0.9807834126948354 0
outer loop
vertex -14.159645080566406 -47.10041427612305 1.7000000476837158
vertex -14.159645080566406 -47.10041427612305 0
vertex -13.98743724822998 -47.066158294677734 1.7000000476837158
endloop
endfacet
facet normal 0.5555622638012966 -0.8314749371087372 0
outer loop
vertex -14.305635452270508 -47.197959899902344 1.7000000476837158
vertex -14.305635452270508 -47.197959899902344 0
vertex -14.159645080566406 -47.10041427612305 1.7000000476837158
endloop
endfacet
facet normal 0.8314732719568675 -0.5555647559208026 0
outer loop
vertex -14.403182983398438 -47.34395217895508 1.7000000476837158
vertex -14.403182983398438 -47.34395217895508 0
vertex -14.305635452270508 -47.197959899902344 1.7000000476837158
endloop
endfacet
facet normal 0.9807842452687219 -0.1950955259165719 0
outer loop
vertex -14.437438011169434 -47.51615905761719 1.7000000476837158
vertex -14.437438011169434 -47.51615905761719 0
vertex -14.403182983398438 -47.34395217895508 1.7000000476837158
endloop
endfacet
facet normal -0.8314732719568675 0.5555647559208026 0
outer loop
vertex -13.571691513061523 -47.6883659362793 1.7000000476837158
vertex -13.571691513061523 -47.6883659362793 0
vertex -13.669239044189453 -47.83435821533203 1.7000000476837158
endloop
endfacet
facet normal 0.19509971138541468 -0.9807834126948354 0
outer loop
vertex -13.98743724822998 -47.066158294677734 0
vertex -13.98743724822998 -47.066158294677734 1.7000000476837158
vertex -14.159645080566406 -47.10041427612305 0
endloop
endfacet
facet normal 0.5555622638012966 -0.8314749371087372 0
outer loop
vertex -14.159645080566406 -47.10041427612305 0
vertex -14.159645080566406 -47.10041427612305 1.7000000476837158
vertex -14.305635452270508 -47.197959899902344 0
endloop
endfacet
facet normal 0 0 -1
outer loop
vertex -13.537437438964844 -47.51615905761719 1.7000000476837158
vertex -13.571691513061523 -47.6883659362793 1.7000000476837158
vertex -13.571691513061523 -47.34395217895508 1.7000000476837158
endloop
endfacet
facet normal -0.5555597547738412 0.8314766135470253 0
outer loop
vertex -13.669239044189453 -47.83435821533203 1.7000000476837158
vertex -13.669239044189453 -47.83435821533203 0
vertex -13.815230369567871 -47.93190383911133 1.7000000476837158
endloop
endfacet
facet normal -0.1951007507126451 0.9807832059488795 0
outer loop
vertex -13.815230369567871 -47.93190383911133 1.7000000476837158
vertex -13.815230369567871 -47.93190383911133 0
vertex -13.98743724822998 -47.96615982055664 1.7000000476837158
endloop
endfacet
facet normal 0.19509971138541468 0.9807834126948354 0
outer loop
vertex -13.98743724822998 -47.96615982055664 1.7000000476837158
vertex -13.98743724822998 -47.96615982055664 0
vertex -14.159645080566406 -47.93190383911133 1.7000000476837158
endloop
endfacet
facet normal 0.5555622638012966 0.8314749371087372 0
outer loop
vertex -14.159645080566406 -47.93190383911133 1.7000000476837158
vertex -14.159645080566406 -47.93190383911133 0
vertex -14.305635452270508 -47.83435821533203 1.7000000476837158
endloop
endfacet
facet normal 0.8314732719568675 -0.5555647559208026 0
outer loop
vertex -14.305635452270508 -47.197959899902344 0
vertex -14.305635452270508 -47.197959899902344 1.7000000476837158
vertex -14.403182983398438 -47.34395217895508 0
endloop
endfacet
facet normal 0.9807842452687219 -0.1950955259165719 0
outer loop
vertex -14.403182983398438 -47.34395217895508 0
vertex -14.403182983398438 -47.34395217895508 1.7000000476837158
vertex -14.437438011169434 -47.51615905761719 0
endloop
endfacet
facet normal 0.9807842452687219 0.1950955259165719 0
outer loop
vertex -14.437438011169434 -47.51615905761719 0
vertex -14.437438011169434 -47.51615905761719 1.7000000476837158
vertex -14.403182983398438 -47.6883659362793 0
endloop
endfacet
facet normal -0.8314732719568675 -0.5555647559208026 0
outer loop
vertex -13.571691513061523 -47.34395217895508 0
vertex -13.571691513061523 -47.34395217895508 1.7000000476837158
vertex -13.669239044189453 -47.197959899902344 0
endloop
endfacet
facet normal -0.9807852845629332 0.19509030110388895 0
outer loop
vertex -13.537437438964844 -47.51615905761719 0
vertex -13.571691513061523 -47.6883659362793 0
vertex -13.571691513061523 -47.6883659362793 1.7000000476837158
endloop
endfacet
facet normal 0.8314732719568675 0.5555647559208026 0
outer loop
vertex -14.305635452270508 -47.83435821533203 1.7000000476837158
vertex -14.305635452270508 -47.83435821533203 0
vertex -14.403182983398438 -47.6883659362793 1.7000000476837158
endloop
endfacet
facet normal 0.9807842452687219 0.1950955259165719 0
outer loop
vertex -14.403182983398438 -47.6883659362793 1.7000000476837158
vertex -14.403182983398438 -47.6883659362793 0
vertex -14.437438011169434 -47.51615905761719 1.7000000476837158
endloop
endfacet
facet normal -0.8314732719568675 0.5555647559208026 0
outer loop
vertex -13.571691513061523 -47.6883659362793 0
vertex -13.669239044189453 -47.83435821533203 0
vertex -13.669239044189453 -47.83435821533203 1.7000000476837158
endloop
endfacet
facet normal -0.5555597547738412 0.8314766135470253 0
outer loop
vertex -13.669239044189453 -47.83435821533203 0
vertex -13.815230369567871 -47.93190383911133 0
vertex -13.815230369567871 -47.93190383911133 1.7000000476837158
endloop
endfacet
facet normal -0.1951007507126451 0.9807832059488795 0
outer loop
vertex -13.815230369567871 -47.93190383911133 0
vertex -13.98743724822998 -47.96615982055664 0
vertex -13.98743724822998 -47.96615982055664 1.7000000476837158
endloop
endfacet
facet normal 0.19509971138541468 0.9807834126948354 0
outer loop
vertex -13.98743724822998 -47.96615982055664 0
vertex -14.159645080566406 -47.93190383911133 0
vertex -14.159645080566406 -47.93190383911133 1.7000000476837158
endloop
endfacet
facet normal 0.8314732719568675 0.5555647559208026 0
outer loop
vertex -14.305635452270508 -47.83435821533203 0
vertex -14.403182983398438 -47.6883659362793 0
vertex -14.403182983398438 -47.6883659362793 1.7000000476837158
endloop
endfacet
facet normal 0.5555622638012966 0.8314749371087372 0
outer loop
vertex -14.159645080566406 -47.93190383911133 0
vertex -14.305635452270508 -47.83435821533203 0
vertex -14.305635452270508 -47.83435821533203 1.7000000476837158
endloop
endfacet
facet normal 0 0 -1
outer loop
vertex -13.669239044189453 -47.83435821533203 1.7000000476837158
vertex -13.815230369567871 -47.93190383911133 1.7000000476837158
vertex -13.669239044189453 -47.197959899902344 1.7000000476837158
endloop
endfacet
facet normal 0 0 -1
outer loop
vertex -13.98743724822998 -47.96615982055664 1.7000000476837158
vertex -14.159645080566406 -47.93190383911133 1.7000000476837158
vertex -13.98743724822998 -47.066158294677734 1.7000000476837158
endloop
endfacet
facet normal 0.5555772839934787 0.8314649009491799 0
outer loop
vertex -14.159645080566406 -46.66190719604492 1.7000000476837158
vertex -14.159645080566406 -46.66190719604492 0
vertex -14.305635452270508 -46.56435775756836 1.7000000476837158
endloop
endfacet
facet normal -0.5555747749587596 0.8314665774578817 0
outer loop
vertex -13.669239044189453 -46.56435775756836 1.7000000476837158
vertex -13.669239044189453 -46.56435775756836 0
vertex -13.815230369567871 -46.66190719604492 1.7000000476837158
endloop
endfacet
facet normal -0.9807852845629332 -0.19509030110388895 0
outer loop
vertex -13.571691513061523 -46.073951721191406 0
vertex -13.537437438964844 -46.246158599853516 0
vertex -13.537437438964844 -46.246158599853516 1.7000000476837158
endloop
endfacet
facet normal -0.9807852845629332 0.19509030110388895 0
outer loop
vertex -13.537437438964844 -46.246158599853516 0
vertex -13.571691513061523 -46.418365478515625 0
vertex -13.571691513061523 -46.418365478515625 1.7000000476837158
endloop
endfacet
facet normal 0 0 -1
outer loop
vertex -13.537437438964844 -46.246158599853516 1.7000000476837158
vertex -13.571691513061523 -46.418365478515625 1.7000000476837158
vertex -13.571691513061523 -46.073951721191406 1.7000000476837158
endloop
endfacet
facet normal 0 0 -1
outer loop
vertex -13.571691513061523 -46.418365478515625 1.7000000476837158
vertex -13.669239044189453 -46.56435775756836 1.7000000476837158
vertex -13.571691513061523 -46.073951721191406 1.7000000476837158
endloop
endfacet
facet normal 0.5555772839934787 0.8314649009491799 0
outer loop
vertex -14.159645080566406 -46.66190719604492 0
vertex -14.305635452270508 -46.56435775756836 0
vertex -14.305635452270508 -46.56435775756836 1.7000000476837158
endloop
endfacet
facet normal 0 0 -1
outer loop
vertex -13.669239044189453 -46.56435775756836 1.7000000476837158
vertex -13.669239044189453 -45.92796325683594 1.7000000476837158
vertex -13.571691513061523 -46.073951721191406 1.7000000476837158
endloop
endfacet
facet normal 0 0 -1
outer loop
vertex -13.669239044189453 -45.92796325683594 1.7000000476837158
vertex -13.815230369567871 -46.66190719604492 1.7000000476837158
vertex -13.815230369567871 -45.830413818359375 1.7000000476837158
endloop
endfacet
facet normal 0 0 -1
outer loop
vertex -13.815230369567871 -45.830413818359375 1.7000000476837158
vertex -13.98743724822998 -46.69615936279297 1.7000000476837158
vertex -13.98743724822998 -45.79615783691406 1.7000000476837158
endloop
endfacet
facet normal 0 0 -1
outer loop
vertex -13.669239044189453 -46.56435775756836 1.7000000476837158
vertex -13.815230369567871 -46.66190719604492 1.7000000476837158
vertex -13.669239044189453 -45.92796325683594 1.7000000476837158
endloop
endfacet
facet normal 0 0 -1
outer loop
vertex -13.815230369567871 -46.66190719604492 1.7000000476837158
vertex -13.98743724822998 -46.69615936279297 1.7000000476837158
vertex -13.815230369567871 -45.830413818359375 1.7000000476837158
endloop
endfacet
facet normal 0 0 -1
outer loop
vertex -13.98743724822998 -45.79615783691406 1.7000000476837158
vertex -14.159645080566406 -46.66190719604492 1.7000000476837158
vertex -14.159645080566406 -45.830413818359375 1.7000000476837158
endloop
endfacet
facet normal 0 0 -1
outer loop
vertex -13.98743724822998 -46.69615936279297 1.7000000476837158
vertex -14.159645080566406 -46.66190719604492 1.7000000476837158
vertex -13.98743724822998 -45.79615783691406 1.7000000476837158
endloop
endfacet
facet normal 0 0 -1
outer loop
vertex -14.159645080566406 -46.66190719604492 1.7000000476837158
vertex -14.305635452270508 -46.56435775756836 1.7000000476837158
vertex -14.159645080566406 -45.830413818359375 1.7000000476837158
endloop
endfacet
facet normal 0 0 -1
outer loop
vertex -14.305635452270508 -46.56435775756836 1.7000000476837158
vertex -14.305635452270508 -45.92796325683594 1.7000000476837158
vertex -14.159645080566406 -45.830413818359375 1.7000000476837158
endloop
endfacet
facet normal 0 0 -1
outer loop
vertex -14.305635452270508 -45.92796325683594 1.7000000476837158
vertex -14.403182983398438 -46.418365478515625 1.7000000476837158
vertex -14.403182983398438 -46.073951721191406 1.7000000476837158
endloop
endfacet
facet normal 0 0 -1
outer loop
vertex -14.305635452270508 -46.56435775756836 1.7000000476837158
vertex -14.403182983398438 -46.418365478515625 1.7000000476837158
vertex -14.305635452270508 -45.92796325683594 1.7000000476837158
endloop
endfacet
facet normal 0.8314732719568675 0.5555647559208026 0
outer loop
vertex -14.305635452270508 -46.56435775756836 1.7000000476837158
vertex -14.305635452270508 -46.56435775756836 0
vertex -14.403182983398438 -46.418365478515625 1.7000000476837158
endloop
endfacet
facet normal 0 0 -1
outer loop
vertex -14.403182983398438 -46.418365478515625 1.7000000476837158
vertex -14.437438011169434 -46.246158599853516 1.7000000476837158
vertex -14.403182983398438 -46.073951721191406 1.7000000476837158
endloop
endfacet
facet normal 0.1950788122039888 0.9807875697770038 0
outer loop
vertex -13.98743724822998 -46.69615936279297 0
vertex -14.159645080566406 -46.66190719604492 0
vertex -14.159645080566406 -46.66190719604492 1.7000000476837158
endloop
endfacet
facet normal -0.1950798514286955 0.9807873630744628 0
outer loop
vertex -13.815230369567871 -46.66190719604492 0
vertex -13.98743724822998 -46.69615936279297 0
vertex -13.98743724822998 -46.69615936279297 1.7000000476837158
endloop
endfacet
facet normal -0.5555747749587596 0.8314665774578817 0
outer loop
vertex -13.669239044189453 -46.56435775756836 0
vertex -13.815230369567871 -46.66190719604492 0
vertex -13.815230369567871 -46.66190719604492 1.7000000476837158
endloop
endfacet
facet normal -0.8314732719568675 0.5555647559208026 0
outer loop
vertex -13.571691513061523 -46.418365478515625 0
vertex -13.669239044189453 -46.56435775756836 0
vertex -13.669239044189453 -46.56435775756836 1.7000000476837158
endloop
endfacet
facet normal 0.1950788122039888 0.9807875697770038 0
outer loop
vertex -13.98743724822998 -46.69615936279297 1.7000000476837158
vertex -13.98743724822998 -46.69615936279297 0
vertex -14.159645080566406 -46.66190719604492 1.7000000476837158
endloop
endfacet
facet normal -0.1950798514286955 0.9807873630744628 0
outer loop
vertex -13.815230369567871 -46.66190719604492 1.7000000476837158
vertex -13.815230369567871 -46.66190719604492 0
vertex -13.98743724822998 -46.69615936279297 1.7000000476837158
endloop
endfacet
facet normal 0.9807842452687219 0.1950955259165719 0
outer loop
vertex -14.437438011169434 -46.246158599853516 0
vertex -14.437438011169434 -46.246158599853516 1.7000000476837158
vertex -14.403182983398438 -46.418365478515625 0
endloop
endfacet
facet normal 0.8314732719568675 0.5555647559208026 0
outer loop
vertex -14.403182983398438 -46.418365478515625 0
vertex -14.403182983398438 -46.418365478515625 1.7000000476837158
vertex -14.305635452270508 -46.56435775756836 0
endloop
endfacet
facet normal 0.9807842452687219 -0.1950955259165719 0
outer loop
vertex -14.403182983398438 -46.073951721191406 0
vertex -14.403182983398438 -46.073951721191406 1.7000000476837158
vertex -14.437438011169434 -46.246158599853516 0
endloop
endfacet
facet normal 0.8314665660174577 -0.5555747920803612 0
outer loop
vertex -14.305635452270508 -45.92796325683594 0
vertex -14.305635452270508 -45.92796325683594 1.7000000476837158
vertex -14.403182983398438 -46.073951721191406 0
endloop
endfacet
facet normal 0.5555772839934787 -0.8314649009491799 0
outer loop
vertex -14.159645080566406 -45.830413818359375 0
vertex -14.159645080566406 -45.830413818359375 1.7000000476837158
vertex -14.305635452270508 -45.92796325683594 0
endloop
endfacet
facet normal 0.19509971138541468 -0.9807834126948354 0
outer loop
vertex -13.98743724822998 -45.79615783691406 0
vertex -13.98743724822998 -45.79615783691406 1.7000000476837158
vertex -14.159645080566406 -45.830413818359375 0
endloop
endfacet
facet normal -0.1951007507126451 -0.9807832059488795 0
outer loop
vertex -13.815230369567871 -45.830413818359375 0
vertex -13.815230369567871 -45.830413818359375 1.7000000476837158
vertex -13.98743724822998 -45.79615783691406 0
endloop
endfacet
facet normal -0.5555747749587596 -0.8314665774578817 0
outer loop
vertex -13.669239044189453 -45.92796325683594 0
vertex -13.669239044189453 -45.92796325683594 1.7000000476837158
vertex -13.815230369567871 -45.830413818359375 0
endloop
endfacet
facet normal -0.9807852845629332 -0.19509030110388895 0
outer loop
vertex -13.571691513061523 -46.073951721191406 1.7000000476837158
vertex -13.571691513061523 -46.073951721191406 0
vertex -13.537437438964844 -46.246158599853516 1.7000000476837158
endloop
endfacet
facet normal -0.8314665660174577 -0.5555747920803612 0
outer loop
vertex -13.571691513061523 -46.073951721191406 0
vertex -13.571691513061523 -46.073951721191406 1.7000000476837158
vertex -13.669239044189453 -45.92796325683594 0
endloop
endfacet
facet normal -0.8314732719568675 0.5555647559208026 0
outer loop
vertex -13.571691513061523 -46.418365478515625 1.7000000476837158
vertex -13.571691513061523 -46.418365478515625 0
vertex -13.669239044189453 -46.56435775756836 1.7000000476837158
endloop
endfacet
facet normal -0.5555747749587596 -0.8314665774578817 0
outer loop
vertex -13.815230369567871 -45.830413818359375 1.7000000476837158
vertex -13.815230369567871 -45.830413818359375 0
vertex -13.669239044189453 -45.92796325683594 1.7000000476837158
endloop
endfacet
facet normal -0.1951007507126451 -0.9807832059488795 0
outer loop
vertex -13.98743724822998 -45.79615783691406 1.7000000476837158
vertex -13.98743724822998 -45.79615783691406 0
vertex -13.815230369567871 -45.830413818359375 1.7000000476837158
endloop
endfacet
facet normal 0.19509971138541468 -0.9807834126948354 0
outer loop
vertex -14.159645080566406 -45.830413818359375 1.7000000476837158
vertex -14.159645080566406 -45.830413818359375 0
vertex -13.98743724822998 -45.79615783691406 1.7000000476837158
endloop
endfacet
facet normal -0.8314665660174577 -0.5555747920803612 0
outer loop
vertex -13.669239044189453 -45.92796325683594 1.7000000476837158
vertex -13.669239044189453 -45.92796325683594 0
vertex -13.571691513061523 -46.073951721191406 1.7000000476837158
endloop
endfacet
facet normal 0.5555772839934787 -0.8314649009491799 0
outer loop
vertex -14.305635452270508 -45.92796325683594 1.7000000476837158
vertex -14.305635452270508 -45.92796325683594 0
vertex -14.159645080566406 -45.830413818359375 1.7000000476837158
endloop
endfacet
facet normal 0.8314665660174577 -0.5555747920803612 0
outer loop
vertex -14.403182983398438 -46.073951721191406 1.7000000476837158
vertex -14.403182983398438 -46.073951721191406 0
vertex -14.305635452270508 -45.92796325683594 1.7000000476837158
endloop
endfacet
facet normal 0.9807842452687219 -0.1950955259165719 0
outer loop
vertex -14.437438011169434 -46.246158599853516 1.7000000476837158
vertex -14.437438011169434 -46.246158599853516 0
vertex -14.403182983398438 -46.073951721191406 1.7000000476837158
endloop
endfacet
facet normal 0.9807842452687219 0.1950955259165719 0
outer loop
vertex -14.403182983398438 -46.418365478515625 1.7000000476837158
vertex -14.403182983398438 -46.418365478515625 0
vertex -14.437438011169434 -46.246158599853516 1.7000000476837158
endloop
endfacet
facet normal -0.9807852845629332 0.19509030110388895 0
outer loop
vertex -13.537437438964844 -46.246158599853516 1.7000000476837158
vertex -13.537437438964844 -46.246158599853516 0
vertex -13.571691513061523 -46.418365478515625 1.7000000476837158
endloop
endfacet
facet normal 0.19507933181498546 0.9807874664261461 0
outer loop
vertex 5.012270450592041 -46.69615936279297 0
vertex 4.840063095092773 -46.66190719604492 0
vertex 4.840063095092773 -46.66190719604492 1.7000000476837158
endloop
endfacet
facet normal 0 0 -1
outer loop
vertex 4.596524715423584 -46.418365478515625 1.7000000476837158
vertex 4.562270641326904 -46.246158599853516 1.7000000476837158
vertex 4.596524715423584 -46.073951721191406 1.7000000476837158
endloop
endfacet
facet normal 0 0 -1
outer loop
vertex 4.694072246551514 -46.56435775756836 1.7000000476837158
vertex 4.596524715423584 -46.418365478515625 1.7000000476837158
vertex 4.694072246551514 -45.92796325683594 1.7000000476837158
endloop
endfacet
facet normal 0 0 -1
outer loop
vertex 4.694072246551514 -45.92796325683594 1.7000000476837158
vertex 4.596524715423584 -46.418365478515625 1.7000000476837158
vertex 4.596524715423584 -46.073951721191406 1.7000000476837158
endloop
endfacet
facet normal 0 0 -1
outer loop
vertex 4.840063095092773 -46.66190719604492 1.7000000476837158
vertex 4.694072246551514 -46.56435775756836 1.7000000476837158
vertex 4.840063095092773 -45.830413818359375 1.7000000476837158
endloop
endfacet
facet normal -0.19507933181498546 0.9807874664261461 0
outer loop
vertex 5.184477806091309 -46.66190719604492 0
vertex 5.012270450592041 -46.69615936279297 0
vertex 5.012270450592041 -46.69615936279297 1.7000000476837158
endloop
endfacet
facet normal -0.5555760294739188 0.83146573920637 0
outer loop
vertex 5.330468654632568 -46.56435775756836 0
vertex 5.184477806091309 -46.66190719604492 0
vertex 5.184477806091309 -46.66190719604492 1.7000000476837158
endloop
endfacet
facet normal 0.5555760294739188 0.83146573920637 0
outer loop
vertex 4.840063095092773 -46.66190719604492 0
vertex 4.694072246551514 -46.56435775756836 0
vertex 4.694072246551514 -46.56435775756836 1.7000000476837158
endloop
endfacet
facet normal 0 0 -1
outer loop
vertex 5.012270450592041 -46.69615936279297 1.7000000476837158
vertex 4.840063095092773 -46.66190719604492 1.7000000476837158
vertex 5.012270450592041 -45.79615783691406 1.7000000476837158
endloop
endfacet
facet normal 0 0 -1
outer loop
vertex 4.840063095092773 -45.830413818359375 1.7000000476837158
vertex 4.694072246551514 -46.56435775756836 1.7000000476837158
vertex 4.694072246551514 -45.92796325683594 1.7000000476837158
endloop
endfacet
facet normal 0 0 -1
outer loop
vertex 5.012270450592041 -45.79615783691406 1.7000000476837158
vertex 4.840063095092773 -46.66190719604492 1.7000000476837158
vertex 4.840063095092773 -45.830413818359375 1.7000000476837158
endloop
endfacet
facet normal 0 0 -1
outer loop
vertex 5.184477806091309 -46.66190719604492 1.7000000476837158
vertex 5.012270450592041 -46.69615936279297 1.7000000476837158
vertex 5.184477806091309 -45.830413818359375 1.7000000476837158
endloop
endfacet
facet normal 0 0 -1
outer loop
vertex 5.184477806091309 -45.830413818359375 1.7000000476837158
vertex 5.012270450592041 -46.69615936279297 1.7000000476837158
vertex 5.012270450592041 -45.79615783691406 1.7000000476837158
endloop
endfacet
facet normal 0 0 -1
outer loop
vertex 5.184477806091309 -45.830413818359375 1.7000000476837158
vertex 5.330468654632568 -45.92796325683594 1.7000000476837158
vertex 5.184477806091309 -46.66190719604492 1.7000000476837158
endloop
endfacet
facet normal 0 0 -1
outer loop
vertex 5.330468654632568 -46.56435775756836 1.7000000476837158
vertex 5.184477806091309 -46.66190719604492 1.7000000476837158
vertex 5.330468654632568 -45.92796325683594 1.7000000476837158
endloop
endfacet
facet normal 0 0 -1
outer loop
vertex 5.428016185760498 -46.418365478515625 1.7000000476837158
vertex 5.330468654632568 -46.56435775756836 1.7000000476837158
vertex 5.428016185760498 -46.073951721191406 1.7000000476837158
endloop
endfacet
facet normal 0 0 -1
outer loop
vertex 5.462270259857178 -46.246158599853516 1.7000000476837158
vertex 5.428016185760498 -46.418365478515625 1.7000000476837158
vertex 5.428016185760498 -46.073951721191406 1.7000000476837158
endloop
endfacet
facet normal -0.8314732719568675 0.5555647559208026 0
outer loop
vertex 5.428016185760498 -46.418365478515625 0
vertex 5.330468654632568 -46.56435775756836 0
vertex 5.330468654632568 -46.56435775756836 1.7000000476837158
endloop
endfacet
facet normal 0.5555760294739188 0.83146573920637 0
outer loop
vertex 4.840063095092773 -46.66190719604492 1.7000000476837158
vertex 4.840063095092773 -46.66190719604492 0
vertex 4.694072246551514 -46.56435775756836 1.7000000476837158
endloop
endfacet
facet normal 0.8314732719568675 0.5555647559208026 0
outer loop
vertex 4.694072246551514 -46.56435775756836 1.7000000476837158
vertex 4.694072246551514 -46.56435775756836 0
vertex 4.596524715423584 -46.418365478515625 1.7000000476837158
endloop
endfacet
facet normal 0 0 -1
outer loop
vertex 5.330468654632568 -45.92796325683594 1.7000000476837158
vertex 5.428016185760498 -46.073951721191406 1.7000000476837158
vertex 5.330468654632568 -46.56435775756836 1.7000000476837158
endloop
endfacet
facet normal -0.5555760294739188 -0.83146573920637 0
outer loop
vertex 5.184477806091309 -45.830413818359375 1.7000000476837158
vertex 5.184477806091309 -45.830413818359375 0
vertex 5.330468654632568 -45.92796325683594 1.7000000476837158
endloop
endfacet
facet normal 0.8314732719568675 0.5555647559208026 0
outer loop
vertex 4.596524715423584 -46.418365478515625 0
vertex 4.596524715423584 -46.418365478515625 1.7000000476837158
vertex 4.694072246551514 -46.56435775756836 0
endloop
endfacet
facet normal 0.9807852845629332 0.19509030110388895 0
outer loop
vertex 4.562270641326904 -46.246158599853516 0
vertex 4.562270641326904 -46.246158599853516 1.7000000476837158
vertex 4.596524715423584 -46.418365478515625 0
endloop
endfacet
facet normal -0.19510023104767313 -0.9807833093222704 0
outer loop
vertex 5.012270450592041 -45.79615783691406 1.7000000476837158
vertex 5.012270450592041 -45.79615783691406 0
vertex 5.184477806091309 -45.830413818359375 1.7000000476837158
endloop
endfacet
facet normal 0.9807852845629332 -0.19509030110388895 0
outer loop
vertex 4.596524715423584 -46.073951721191406 0
vertex 4.596524715423584 -46.073951721191406 1.7000000476837158
vertex 4.562270641326904 -46.246158599853516 0
endloop
endfacet
facet normal -0.9807852845629332 -0.19509030110388895 0
outer loop
vertex 5.428016185760498 -46.073951721191406 1.7000000476837158
vertex 5.428016185760498 -46.073951721191406 0
vertex 5.462270259857178 -46.246158599853516 1.7000000476837158
endloop
endfacet
facet normal -0.8314665660174577 -0.5555747920803612 0
outer loop
vertex 5.330468654632568 -45.92796325683594 1.7000000476837158
vertex 5.330468654632568 -45.92796325683594 0
vertex 5.428016185760498 -46.073951721191406 1.7000000476837158
endloop
endfacet
facet normal -0.9807852845629332 0.19509030110388895 0
outer loop
vertex 5.462270259857178 -46.246158599853516 1.7000000476837158
vertex 5.462270259857178 -46.246158599853516 0
vertex 5.428016185760498 -46.418365478515625 1.7000000476837158
endloop
endfacet
facet normal -0.8314732719568675 0.5555647559208026 0
outer loop
vertex 5.428016185760498 -46.418365478515625 1.7000000476837158
vertex 5.428016185760498 -46.418365478515625 0
vertex 5.330468654632568 -46.56435775756836 1.7000000476837158
endloop
endfacet
facet normal 0.19510023104767313 -0.9807833093222704 0
outer loop
vertex 4.840063095092773 -45.830413818359375 1.7000000476837158
vertex 4.840063095092773 -45.830413818359375 0
vertex 5.012270450592041 -45.79615783691406 1.7000000476837158
endloop
endfacet
facet normal 0.5555760294739188 -0.83146573920637 0
outer loop
vertex 4.694072246551514 -45.92796325683594 1.7000000476837158
vertex 4.694072246551514 -45.92796325683594 0
vertex 4.840063095092773 -45.830413818359375 1.7000000476837158
endloop
endfacet
facet normal 0.8314665660174577 -0.5555747920803612 0
outer loop
vertex 4.596524715423584 -46.073951721191406 1.7000000476837158
vertex 4.596524715423584 -46.073951721191406 0
vertex 4.694072246551514 -45.92796325683594 1.7000000476837158
endloop
endfacet
facet normal 0.8314665660174577 -0.5555747920803612 0
outer loop
vertex 4.694072246551514 -45.92796325683594 0
vertex 4.694072246551514 -45.92796325683594 1.7000000476837158
vertex 4.596524715423584 -46.073951721191406 0
endloop
endfacet
facet normal 0.5555760294739188 -0.83146573920637 0
outer loop
vertex 4.840063095092773 -45.830413818359375 0
vertex 4.840063095092773 -45.830413818359375 1.7000000476837158
vertex 4.694072246551514 -45.92796325683594 0
endloop
endfacet
facet normal 0.9807852845629332 -0.19509030110388895 0
outer loop
vertex 4.562270641326904 -46.246158599853516 1.7000000476837158
vertex 4.562270641326904 -46.246158599853516 0
vertex 4.596524715423584 -46.073951721191406 1.7000000476837158
endloop
endfacet
facet normal 0.9807852845629332 0.19509030110388895 0
outer loop
vertex 4.596524715423584 -46.418365478515625 1.7000000476837158
vertex 4.596524715423584 -46.418365478515625 0
vertex 4.562270641326904 -46.246158599853516 1.7000000476837158
endloop
endfacet
facet normal 0.19510023104767313 -0.9807833093222704 0
outer loop
vertex 5.012270450592041 -45.79615783691406 0
vertex 5.012270450592041 -45.79615783691406 1.7000000476837158
vertex 4.840063095092773 -45.830413818359375 0
endloop
endfacet
facet normal -0.9807852845629332 0.19509030110388895 0
outer loop
vertex 5.462270259857178 -46.246158599853516 0
vertex 5.428016185760498 -46.418365478515625 0
vertex 5.428016185760498 -46.418365478515625 1.7000000476837158
endloop
endfacet
facet normal -0.8314665660174577 -0.5555747920803612 0
outer loop
vertex 5.428016185760498 -46.073951721191406 0
vertex 5.428016185760498 -46.073951721191406 1.7000000476837158
vertex 5.330468654632568 -45.92796325683594 0
endloop
endfacet
facet normal -0.5555760294739188 0.83146573920637 0
outer loop
vertex 5.330468654632568 -46.56435775756836 1.7000000476837158
vertex 5.330468654632568 -46.56435775756836 0
vertex 5.184477806091309 -46.66190719604492 1.7000000476837158
endloop
endfacet
facet normal -0.19507933181498546 0.9807874664261461 0
outer loop
vertex 5.184477806091309 -46.66190719604492 1.7000000476837158
vertex 5.184477806091309 -46.66190719604492 0
vertex 5.012270450592041 -46.69615936279297 1.7000000476837158
endloop
endfacet
facet normal -0.9807852845629332 -0.19509030110388895 0
outer loop
vertex 5.462270259857178 -46.246158599853516 0
vertex 5.462270259857178 -46.246158599853516 1.7000000476837158
vertex 5.428016185760498 -46.073951721191406 0
endloop
endfacet
facet normal -0.19510023104767313 -0.9807833093222704 0
outer loop
vertex 5.184477806091309 -45.830413818359375 0
vertex 5.184477806091309 -45.830413818359375 1.7000000476837158
vertex 5.012270450592041 -45.79615783691406 0
endloop
endfacet
facet normal -0.5555760294739188 -0.83146573920637 0
outer loop
vertex 5.330468654632568 -45.92796325683594 0
vertex 5.330468654632568 -45.92796325683594 1.7000000476837158
vertex 5.184477806091309 -45.830413818359375 0
endloop
endfacet
facet normal 0.19507933181498546 0.9807874664261461 0
outer loop
vertex 5.012270450592041 -46.69615936279297 1.7000000476837158
vertex 5.012270450592041 -46.69615936279297 0
vertex 4.840063095092773 -46.66190719604492 1.7000000476837158
endloop
endfacet
facet normal -0.19510023104767313 -0.9807833093222704 0
outer loop
vertex 5.012270450592041 -47.066158294677734 1.7000000476837158
vertex 5.012270450592041 -47.066158294677734 0
vertex 5.184477806091309 -47.10041427612305 1.7000000476837158
endloop
endfacet
facet normal 0 0 -1
outer loop
vertex 4.840063095092773 -47.93190383911133 1.7000000476837158
vertex 4.694072246551514 -47.83435821533203 1.7000000476837158
vertex 4.840063095092773 -47.10041427612305 1.7000000476837158
endloop
endfacet
facet normal -0.9807852845629332 0.19509030110388895 0
outer loop
vertex 5.462270259857178 -47.51615905761719 1.7000000476837158
vertex 5.462270259857178 -47.51615905761719 0
vertex 5.428016185760498 -47.6883659362793 1.7000000476837158
endloop
endfacet
facet normal -0.9807852845629332 -0.19509030110388895 0
outer loop
vertex 5.428016185760498 -47.34395217895508 1.7000000476837158
vertex 5.428016185760498 -47.34395217895508 0
vertex 5.462270259857178 -47.51615905761719 1.7000000476837158
endloop
endfacet
facet normal -0.8314732719568675 -0.5555647559208026 0
outer loop
vertex 5.330468654632568 -47.197959899902344 1.7000000476837158
vertex 5.330468654632568 -47.197959899902344 0
vertex 5.428016185760498 -47.34395217895508 1.7000000476837158
endloop
endfacet
facet normal 0.8314732719568675 0.5555647559208026 0
outer loop
vertex 4.694072246551514 -47.83435821533203 1.7000000476837158
vertex 4.694072246551514 -47.83435821533203 0
vertex 4.596524715423584 -47.6883659362793 1.7000000476837158
endloop
endfacet
facet normal 0.9807852845629332 0.19509030110388895 0
outer loop
vertex 4.596524715423584 -47.6883659362793 1.7000000476837158
vertex 4.596524715423584 -47.6883659362793 0
vertex 4.562270641326904 -47.51615905761719 1.7000000476837158
endloop
endfacet
facet normal 0.5555610092853684 0.8314757753307204 0
outer loop
vertex 4.840063095092773 -47.93190383911133 1.7000000476837158
vertex 4.840063095092773 -47.93190383911133 0
vertex 4.694072246551514 -47.83435821533203 1.7000000476837158
endloop
endfacet
facet normal 0.19510023104767313 0.9807833093222704 0
outer loop
vertex 5.012270450592041 -47.96615982055664 1.7000000476837158
vertex 5.012270450592041 -47.96615982055664 0
vertex 4.840063095092773 -47.93190383911133 1.7000000476837158
endloop
endfacet
facet normal -0.19510023104767313 0.9807833093222704 0
outer loop
vertex 5.184477806091309 -47.93190383911133 1.7000000476837158
vertex 5.184477806091309 -47.93190383911133 0
vertex 5.012270450592041 -47.96615982055664 1.7000000476837158
endloop
endfacet
facet normal -0.5555610092853684 0.8314757753307204 0
outer loop
vertex 5.330468654632568 -47.83435821533203 1.7000000476837158
vertex 5.330468654632568 -47.83435821533203 0
vertex 5.184477806091309 -47.93190383911133 1.7000000476837158
endloop
endfacet
facet normal -0.8314732719568675 0.5555647559208026 0
outer loop
vertex 5.428016185760498 -47.6883659362793 1.7000000476837158
vertex 5.428016185760498 -47.6883659362793 0
vertex 5.330468654632568 -47.83435821533203 1.7000000476837158
endloop
endfacet
facet normal 0.9807852845629332 -0.19509030110388895 0
outer loop
vertex 4.562270641326904 -47.51615905761719 1.7000000476837158
vertex 4.562270641326904 -47.51615905761719 0
vertex 4.596524715423584 -47.34395217895508 1.7000000476837158
endloop
endfacet
facet normal 0.8314732719568675 -0.5555647559208026 0
outer loop
vertex 4.596524715423584 -47.34395217895508 1.7000000476837158
vertex 4.596524715423584 -47.34395217895508 0
vertex 4.694072246551514 -47.197959899902344 1.7000000476837158
endloop
endfacet
facet normal 0.5555610092853684 -0.8314757753307204 0
outer loop
vertex 4.694072246551514 -47.197959899902344 1.7000000476837158
vertex 4.694072246551514 -47.197959899902344 0
vertex 4.840063095092773 -47.10041427612305 1.7000000476837158
endloop
endfacet
facet normal 0.19510023104767313 -0.9807833093222704 0
outer loop
vertex 4.840063095092773 -47.10041427612305 1.7000000476837158
vertex 4.840063095092773 -47.10041427612305 0
vertex 5.012270450592041 -47.066158294677734 1.7000000476837158
endloop
endfacet
facet normal 0.8314732719568675 0.5555647559208026 0
outer loop
vertex 4.694072246551514 -47.83435821533203 0
vertex 4.596524715423584 -47.6883659362793 0
vertex 4.596524715423584 -47.6883659362793 1.7000000476837158
endloop
endfacet
facet normal 0.5555610092853684 0.8314757753307204 0
outer loop
vertex 4.694072246551514 -47.83435821533203 0
vertex 4.694072246551514 -47.83435821533203 1.7000000476837158
vertex 4.840063095092773 -47.93190383911133 0
endloop
endfacet
facet normal 0.19510023104767313 0.9807833093222704 0
outer loop
vertex 5.012270450592041 -47.96615982055664 0
vertex 4.840063095092773 -47.93190383911133 0
vertex 4.840063095092773 -47.93190383911133 1.7000000476837158
endloop
endfacet
facet normal -0.19510023104767313 0.9807833093222704 0
outer loop
vertex 5.184477806091309 -47.93190383911133 0
vertex 5.012270450592041 -47.96615982055664 0
vertex 5.012270450592041 -47.96615982055664 1.7000000476837158
endloop
endfacet
facet normal -0.5555610092853684 0.8314757753307204 0
outer loop
vertex 5.330468654632568 -47.83435821533203 0
vertex 5.184477806091309 -47.93190383911133 0
vertex 5.184477806091309 -47.93190383911133 1.7000000476837158
endloop
endfacet
facet normal -0.8314732719568675 0.5555647559208026 0
outer loop
vertex 5.428016185760498 -47.6883659362793 0
vertex 5.330468654632568 -47.83435821533203 0
vertex 5.330468654632568 -47.83435821533203 1.7000000476837158
endloop
endfacet
facet normal -0.9807852845629332 0.19509030110388895 0
outer loop
vertex 5.462270259857178 -47.51615905761719 0
vertex 5.428016185760498 -47.6883659362793 0
vertex 5.428016185760498 -47.6883659362793 1.7000000476837158
endloop
endfacet
facet normal 0.9807852845629332 0.19509030110388895 0
outer loop
vertex 4.562270641326904 -47.51615905761719 0
vertex 4.562270641326904 -47.51615905761719 1.7000000476837158
vertex 4.596524715423584 -47.6883659362793 0
endloop
endfacet
facet normal 0.9807852845629332 -0.19509030110388895 0
outer loop
vertex 4.596524715423584 -47.34395217895508 0
vertex 4.596524715423584 -47.34395217895508 1.7000000476837158
vertex 4.562270641326904 -47.51615905761719 0
endloop
endfacet
facet normal 0.8314732719568675 -0.5555647559208026 0
outer loop
vertex 4.694072246551514 -47.197959899902344 0
vertex 4.694072246551514 -47.197959899902344 1.7000000476837158
vertex 4.596524715423584 -47.34395217895508 0
endloop
endfacet
facet normal 0.5555610092853684 -0.8314757753307204 0
outer loop
vertex 4.840063095092773 -47.10041427612305 0
vertex 4.840063095092773 -47.10041427612305 1.7000000476837158
vertex 4.694072246551514 -47.197959899902344 0
endloop
endfacet
facet normal 0.19510023104767313 -0.9807833093222704 0
outer loop
vertex 5.012270450592041 -47.066158294677734 0
vertex 5.012270450592041 -47.066158294677734 1.7000000476837158
vertex 4.840063095092773 -47.10041427612305 0
endloop
endfacet
facet normal -0.5555610092853684 -0.8314757753307204 0
outer loop
vertex 5.330468654632568 -47.197959899902344 0
vertex 5.330468654632568 -47.197959899902344 1.7000000476837158
vertex 5.184477806091309 -47.10041427612305 0
endloop
endfacet
facet normal -0.8314732719568675 -0.5555647559208026 0
outer loop
vertex 5.330468654632568 -47.197959899902344 0
vertex 5.428016185760498 -47.34395217895508 0
vertex 5.428016185760498 -47.34395217895508 1.7000000476837158
endloop
endfacet
facet normal -0.9807852845629332 -0.19509030110388895 0
outer loop
vertex 5.462270259857178 -47.51615905761719 0
vertex 5.462270259857178 -47.51615905761719 1.7000000476837158
vertex 5.428016185760498 -47.34395217895508 0
endloop
endfacet
facet normal -0.19510023104767313 -0.9807833093222704 0
outer loop
vertex 5.184477806091309 -47.10041427612305 0
vertex 5.184477806091309 -47.10041427612305 1.7000000476837158
vertex 5.012270450592041 -47.066158294677734 0
endloop
endfacet
facet normal 0 0 -1
outer loop
vertex 5.462270259857178 -47.51615905761719 1.7000000476837158
vertex 5.428016185760498 -47.6883659362793 1.7000000476837158
vertex 5.428016185760498 -47.34395217895508 1.7000000476837158
endloop
endfacet
facet normal 0 0 -1
outer loop
vertex 5.330468654632568 -47.197959899902344 1.7000000476837158
vertex 5.428016185760498 -47.34395217895508 1.7000000476837158
vertex 5.330468654632568 -47.83435821533203 1.7000000476837158
endloop
endfacet
facet normal 0 0 -1
outer loop
vertex 5.330468654632568 -47.197959899902344 1.7000000476837158
vertex 5.184477806091309 -47.93190383911133 1.7000000476837158
vertex 5.184477806091309 -47.10041427612305 1.7000000476837158
endloop
endfacet
facet normal 0 0 -1
outer loop
vertex 5.184477806091309 -47.10041427612305 1.7000000476837158
vertex 5.012270450592041 -47.96615982055664 1.7000000476837158
vertex 5.012270450592041 -47.066158294677734 1.7000000476837158
endloop
endfacet
facet normal 0 0 -1
outer loop
vertex 5.012270450592041 -47.066158294677734 1.7000000476837158
vertex 4.840063095092773 -47.93190383911133 1.7000000476837158
vertex 4.840063095092773 -47.10041427612305 1.7000000476837158
endloop
endfacet
facet normal 0 0 -1
outer loop
vertex 4.840063095092773 -47.10041427612305 1.7000000476837158
vertex 4.694072246551514 -47.83435821533203 1.7000000476837158
vertex 4.694072246551514 -47.197959899902344 1.7000000476837158
endloop
endfacet
facet normal 0 0 -1
outer loop
vertex 4.694072246551514 -47.197959899902344 1.7000000476837158
vertex 4.596524715423584 -47.6883659362793 1.7000000476837158
vertex 4.596524715423584 -47.34395217895508 1.7000000476837158
endloop
endfacet
facet normal 0 0 -1
outer loop
vertex 4.694072246551514 -47.83435821533203 1.7000000476837158
vertex 4.596524715423584 -47.6883659362793 1.7000000476837158
vertex 4.694072246551514 -47.197959899902344 1.7000000476837158
endloop
endfacet
facet normal 0 0 -1
outer loop
vertex 4.596524715423584 -47.6883659362793 1.7000000476837158
vertex 4.562270641326904 -47.51615905761719 1.7000000476837158
vertex 4.596524715423584 -47.34395217895508 1.7000000476837158
endloop
endfacet
facet normal 0 0 -1
outer loop
vertex 5.428016185760498 -47.6883659362793 1.7000000476837158
vertex 5.330468654632568 -47.83435821533203 1.7000000476837158
vertex 5.428016185760498 -47.34395217895508 1.7000000476837158
endloop
endfacet
facet normal 0 0 -1
outer loop
vertex 5.330468654632568 -47.83435821533203 1.7000000476837158
vertex 5.184477806091309 -47.93190383911133 1.7000000476837158
vertex 5.330468654632568 -47.197959899902344 1.7000000476837158
endloop
endfacet
facet normal 0 0 -1
outer loop
vertex 5.184477806091309 -47.93190383911133 1.7000000476837158
vertex 5.012270450592041 -47.96615982055664 1.7000000476837158
vertex 5.184477806091309 -47.10041427612305 1.7000000476837158
endloop
endfacet
facet normal 0 0 -1
outer loop
vertex 5.012270450592041 -47.96615982055664 1.7000000476837158
vertex 4.840063095092773 -47.93190383911133 1.7000000476837158
vertex 5.012270450592041 -47.066158294677734 1.7000000476837158
endloop
endfacet
facet normal -0.5555610092853684 -0.8314757753307204 0
outer loop
vertex 5.184477806091309 -47.10041427612305 1.7000000476837158
vertex 5.184477806091309 -47.10041427612305 0
vertex 5.330468654632568 -47.197959899902344 1.7000000476837158
endloop
endfacet
facet normal -0.9807852845629332 0.19509030110388895 0
outer loop
vertex 5.462270259857178 -48.78615951538086 1.7000000476837158
vertex 5.462270259857178 -48.78615951538086 0
vertex 5.428016185760498 -48.95836639404297 1.7000000476837158
endloop
endfacet
facet normal -0.8314732719568675 0.5555647559208026 0
outer loop
vertex 5.428016185760498 -48.95836639404297 1.7000000476837158
vertex 5.428016185760498 -48.95836639404297 0
vertex 5.330468654632568 -49.1043586730957 1.7000000476837158
endloop
endfacet
facet normal 0 0 -1
outer loop
vertex 4.694072246551514 -49.1043586730957 1.7000000476837158
vertex 4.596524715423584 -48.95836639404297 1.7000000476837158
vertex 4.694072246551514 -48.467960357666016 1.7000000476837158
endloop
endfacet
facet normal -0.5555610092853684 0.8314757753307204 0
outer loop
vertex 5.330468654632568 -49.1043586730957 1.7000000476837158
vertex 5.330468654632568 -49.1043586730957 0
vertex 5.184477806091309 -49.201904296875 1.7000000476837158
endloop
endfacet
facet normal 0.19510023104767313 0.9807833093222704 0
outer loop
vertex 5.012270450592041 -49.23616027832031 0
vertex 4.840063095092773 -49.201904296875 0
vertex 4.840063095092773 -49.201904296875 1.7000000476837158
endloop
endfacet
facet normal 0.8314732719568675 0.5555647559208026 0
outer loop
vertex 4.694072246551514 -49.1043586730957 0
vertex 4.596524715423584 -48.95836639404297 0
vertex 4.596524715423584 -48.95836639404297 1.7000000476837158
endloop
endfacet
facet normal 0.9807852845629332 0.19509030110388895 0
outer loop
vertex 4.562270641326904 -48.78615951538086 0
vertex 4.562270641326904 -48.78615951538086 1.7000000476837158
vertex 4.596524715423584 -48.95836639404297 0
endloop
endfacet
facet normal 0.9807852845629332 -0.19509030110388895 0
outer loop
vertex 4.596524715423584 -48.61395263671875 0
vertex 4.596524715423584 -48.61395263671875 1.7000000476837158
vertex 4.562270641326904 -48.78615951538086 0
endloop
endfacet
facet normal -0.19510023104767313 0.9807833093222704 0
outer loop
vertex 5.184477806091309 -49.201904296875 1.7000000476837158
vertex 5.184477806091309 -49.201904296875 0
vertex 5.012270450592041 -49.23616027832031 1.7000000476837158
endloop
endfacet
facet normal 0.5555610092853684 0.8314757753307204 0
outer loop
vertex 4.694072246551514 -49.1043586730957 0
vertex 4.694072246551514 -49.1043586730957 1.7000000476837158
vertex 4.840063095092773 -49.201904296875 0
endloop
endfacet
facet normal -0.19510023104767313 0.9807833093222704 0
outer loop
vertex 5.184477806091309 -49.201904296875 0
vertex 5.012270450592041 -49.23616027832031 0
vertex 5.012270450592041 -49.23616027832031 1.7000000476837158
endloop
endfacet
facet normal 0.5555610092853684 0.8314757753307204 0
outer loop
vertex 4.840063095092773 -49.201904296875 1.7000000476837158
vertex 4.840063095092773 -49.201904296875 0
vertex 4.694072246551514 -49.1043586730957 1.7000000476837158
endloop
endfacet
facet normal 0.9807852845629332 -0.19509030110388895 0
outer loop
vertex 4.562270641326904 -48.78615951538086 1.7000000476837158
vertex 4.562270641326904 -48.78615951538086 0
vertex 4.596524715423584 -48.61395263671875 1.7000000476837158
endloop
endfacet
facet normal 0.9807852845629332 0.19509030110388895 0
outer loop
vertex 4.596524715423584 -48.95836639404297 1.7000000476837158
vertex 4.596524715423584 -48.95836639404297 0
vertex 4.562270641326904 -48.78615951538086 1.7000000476837158
endloop
endfacet
facet normal 0.8314732719568675 0.5555647559208026 0
outer loop
vertex 4.694072246551514 -49.1043586730957 1.7000000476837158
vertex 4.694072246551514 -49.1043586730957 0
vertex 4.596524715423584 -48.95836639404297 1.7000000476837158
endloop
endfacet
facet normal 0.19510023104767313 0.9807833093222704 0
outer loop
vertex 5.012270450592041 -49.23616027832031 1.7000000476837158
vertex 5.012270450592041 -49.23616027832031 0
vertex 4.840063095092773 -49.201904296875 1.7000000476837158
endloop
endfacet
facet normal -0.5555610092853684 0.8314757753307204 0
outer loop
vertex 5.330468654632568 -49.1043586730957 0
vertex 5.184477806091309 -49.201904296875 0
vertex 5.184477806091309 -49.201904296875 1.7000000476837158
endloop
endfacet
facet normal -0.8314732719568675 0.5555647559208026 0
outer loop
vertex 5.428016185760498 -48.95836639404297 0
vertex 5.330468654632568 -49.1043586730957 0
vertex 5.330468654632568 -49.1043586730957 1.7000000476837158
endloop
endfacet
facet normal -0.9807852845629332 0.19509030110388895 0
outer loop
vertex 5.462270259857178 -48.78615951538086 0
vertex 5.428016185760498 -48.95836639404297 0
vertex 5.428016185760498 -48.95836639404297 1.7000000476837158
endloop
endfacet
facet normal -0.9807852845629332 -0.19509030110388895 0
outer loop
vertex 5.428016185760498 -48.61395263671875 0
vertex 5.462270259857178 -48.78615951538086 0
vertex 5.462270259857178 -48.78615951538086 1.7000000476837158
endloop
endfacet
facet normal 0.8314732719568675 -0.5555647559208026 0
outer loop
vertex 4.694072246551514 -48.467960357666016 0
vertex 4.694072246551514 -48.467960357666016 1.7000000476837158
vertex 4.596524715423584 -48.61395263671875 0
endloop
endfacet
facet normal 0.5555610092853684 -0.8314757753307204 0
outer loop
vertex 4.840063095092773 -48.37041473388672 0
vertex 4.840063095092773 -48.37041473388672 1.7000000476837158
vertex 4.694072246551514 -48.467960357666016 0
endloop
endfacet
facet normal 0.19510023104767313 -0.9807833093222704 0
outer loop
vertex 5.012270450592041 -48.336158752441406 0
vertex 5.012270450592041 -48.336158752441406 1.7000000476837158
vertex 4.840063095092773 -48.37041473388672 0
endloop
endfacet
facet normal -0.19510023104767313 -0.9807833093222704 0
outer loop
vertex 5.184477806091309 -48.37041473388672 0
vertex 5.184477806091309 -48.37041473388672 1.7000000476837158
vertex 5.012270450592041 -48.336158752441406 0
endloop
endfacet
facet normal 0 0 -1
outer loop
vertex 5.184477806091309 -48.37041473388672 1.7000000476837158
vertex 5.012270450592041 -49.23616027832031 1.7000000476837158
vertex 5.012270450592041 -48.336158752441406 1.7000000476837158
endloop
endfacet
facet normal -0.8314732719568675 -0.5555647559208026 0
outer loop
vertex 5.330468654632568 -48.467960357666016 0
vertex 5.428016185760498 -48.61395263671875 0
vertex 5.428016185760498 -48.61395263671875 1.7000000476837158
endloop
endfacet
facet normal -0.5555610092853684 -0.8314757753307204 0
outer loop
vertex 5.330468654632568 -48.467960357666016 0
vertex 5.330468654632568 -48.467960357666016 1.7000000476837158
vertex 5.184477806091309 -48.37041473388672 0
endloop
endfacet
facet normal 0 0 -1
outer loop
vertex 5.012270450592041 -48.336158752441406 1.7000000476837158
vertex 4.840063095092773 -49.201904296875 1.7000000476837158
vertex 4.840063095092773 -48.37041473388672 1.7000000476837158
endloop
endfacet
facet normal 0 0 -1
outer loop
vertex 4.840063095092773 -48.37041473388672 1.7000000476837158
vertex 4.694072246551514 -49.1043586730957 1.7000000476837158
vertex 4.694072246551514 -48.467960357666016 1.7000000476837158
endloop
endfacet
facet normal -0.8314732719568675 -0.5555647559208026 0
outer loop
vertex 5.330468654632568 -48.467960357666016 1.7000000476837158
vertex 5.330468654632568 -48.467960357666016 0
vertex 5.428016185760498 -48.61395263671875 1.7000000476837158
endloop
endfacet
facet normal -0.19510023104767313 -0.9807833093222704 0
outer loop
vertex 5.012270450592041 -48.336158752441406 1.7000000476837158
vertex 5.012270450592041 -48.336158752441406 0
vertex 5.184477806091309 -48.37041473388672 1.7000000476837158
endloop
endfacet
facet normal -0.5555610092853684 -0.8314757753307204 0
outer loop
vertex 5.184477806091309 -48.37041473388672 1.7000000476837158
vertex 5.184477806091309 -48.37041473388672 0
vertex 5.330468654632568 -48.467960357666016 1.7000000476837158
endloop
endfacet
facet normal 0.19510023104767313 -0.9807833093222704 0
outer loop
vertex 4.840063095092773 -48.37041473388672 1.7000000476837158
vertex 4.840063095092773 -48.37041473388672 0
vertex 5.012270450592041 -48.336158752441406 1.7000000476837158
endloop
endfacet
facet normal 0 0 -1
outer loop
vertex 5.462270259857178 -48.78615951538086 1.7000000476837158
vertex 5.428016185760498 -48.95836639404297 1.7000000476837158
vertex 5.428016185760498 -48.61395263671875 1.7000000476837158
endloop
endfacet
facet normal 0 0 -1
outer loop
vertex 5.330468654632568 -48.467960357666016 1.7000000476837158
vertex 5.428016185760498 -48.61395263671875 1.7000000476837158
vertex 5.330468654632568 -49.1043586730957 1.7000000476837158
endloop
endfacet
facet normal 0 0 -1
outer loop
vertex 5.428016185760498 -48.95836639404297 1.7000000476837158
vertex 5.330468654632568 -49.1043586730957 1.7000000476837158
vertex 5.428016185760498 -48.61395263671875 1.7000000476837158
endloop
endfacet
facet normal 0 0 -1
outer loop
vertex 5.330468654632568 -49.1043586730957 1.7000000476837158
vertex 5.184477806091309 -49.201904296875 1.7000000476837158
vertex 5.330468654632568 -48.467960357666016 1.7000000476837158
endloop
endfacet
facet normal 0 0 -1
outer loop
vertex 5.184477806091309 -49.201904296875 1.7000000476837158
vertex 5.184477806091309 -48.37041473388672 1.7000000476837158
vertex 5.330468654632568 -48.467960357666016 1.7000000476837158
endloop
endfacet
facet normal 0 0 -1
outer loop
vertex 5.184477806091309 -49.201904296875 1.7000000476837158
vertex 5.012270450592041 -49.23616027832031 1.7000000476837158
vertex 5.184477806091309 -48.37041473388672 1.7000000476837158
endloop
endfacet
facet normal 0.5555610092853684 -0.8314757753307204 0
outer loop
vertex 4.694072246551514 -48.467960357666016 1.7000000476837158
vertex 4.694072246551514 -48.467960357666016 0
vertex 4.840063095092773 -48.37041473388672 1.7000000476837158
endloop
endfacet
facet normal 0 0 -1
outer loop
vertex 4.840063095092773 -49.201904296875 1.7000000476837158
vertex 4.694072246551514 -49.1043586730957 1.7000000476837158
vertex 4.840063095092773 -48.37041473388672 1.7000000476837158
endloop
endfacet
facet normal 0 0 -1
outer loop
vertex 4.694072246551514 -48.467960357666016 1.7000000476837158
vertex 4.596524715423584 -48.95836639404297 1.7000000476837158
vertex 4.596524715423584 -48.61395263671875 1.7000000476837158
endloop
endfacet
facet normal 0 0 -1
outer loop
vertex 5.012270450592041 -49.23616027832031 1.7000000476837158
vertex 4.840063095092773 -49.201904296875 1.7000000476837158
vertex 5.012270450592041 -48.336158752441406 1.7000000476837158
endloop
endfacet
facet normal 0 0 -1
outer loop
vertex 4.596524715423584 -48.95836639404297 1.7000000476837158
vertex 4.562270641326904 -48.78615951538086 1.7000000476837158
vertex 4.596524715423584 -48.61395263671875 1.7000000476837158
endloop
endfacet
facet normal 0.8314732719568675 -0.5555647559208026 0
outer loop
vertex 4.596524715423584 -48.61395263671875 1.7000000476837158
vertex 4.596524715423584 -48.61395263671875 0
vertex 4.694072246551514 -48.467960357666016 1.7000000476837158
endloop
endfacet
facet normal -0.9807852845629332 -0.19509030110388895 0
outer loop
vertex 5.428016185760498 -48.61395263671875 1.7000000476837158
vertex 5.428016185760498 -48.61395263671875 0
vertex 5.462270259857178 -48.78615951538086 1.7000000476837158
endloop
endfacet
facet normal 0 0 -1
outer loop
vertex 5.184477806091309 -49.64041519165039 1.7000000476837158
vertex 5.330468654632568 -49.73796081542969 1.7000000476837158
vertex 5.184477806091309 -50.47190475463867 1.7000000476837158
endloop
endfacet
facet normal -0.8314732719568675 0.5555647559208026 0
outer loop
vertex 5.428016185760498 -50.22836685180664 1.7000000476837158
vertex 5.428016185760498 -50.22836685180664 0
vertex 5.330468654632568 -50.374359130859375 1.7000000476837158
endloop
endfacet
facet normal -0.19510023104767313 0.9807833093222704 0
outer loop
vertex 5.184477806091309 -50.47190475463867 1.7000000476837158
vertex 5.184477806091309 -50.47190475463867 0
vertex 5.012270450592041 -50.506160736083984 1.7000000476837158
endloop
endfacet
facet normal 0.8314732719568675 -0.5555647559208026 0
outer loop
vertex 4.596524715423584 -49.88395309448242 1.7000000476837158
vertex 4.596524715423584 -49.88395309448242 0
vertex 4.694072246551514 -49.73796081542969 1.7000000476837158
endloop
endfacet
facet normal 0.9807852845629332 -0.19509030110388895 0
outer loop
vertex 4.562270641326904 -50.05615997314453 1.7000000476837158
vertex 4.562270641326904 -50.05615997314453 0
vertex 4.596524715423584 -49.88395309448242 1.7000000476837158
endloop
endfacet
facet normal 0.9807852845629332 0.19509030110388895 0
outer loop
vertex 4.596524715423584 -50.22836685180664 1.7000000476837158
vertex 4.596524715423584 -50.22836685180664 0
vertex 4.562270641326904 -50.05615997314453 1.7000000476837158
endloop
endfacet
facet normal 0.19510023104767313 0.9807833093222704 0
outer loop
vertex 5.012270450592041 -50.506160736083984 1.7000000476837158
vertex 5.012270450592041 -50.506160736083984 0
vertex 4.840063095092773 -50.47190475463867 1.7000000476837158
endloop
endfacet
facet normal 0.5555610092853684 0.8314757753307204 0
outer loop
vertex 4.840063095092773 -50.47190475463867 1.7000000476837158
vertex 4.840063095092773 -50.47190475463867 0
vertex 4.694072246551514 -50.374359130859375 1.7000000476837158
endloop
endfacet
facet normal 0.8314732719568675 0.5555647559208026 0
outer loop
vertex 4.694072246551514 -50.374359130859375 1.7000000476837158
vertex 4.694072246551514 -50.374359130859375 0
vertex 4.596524715423584 -50.22836685180664 1.7000000476837158
endloop
endfacet
facet normal 0.8314732719568675 0.5555647559208026 0
outer loop
vertex 4.596524715423584 -50.22836685180664 0
vertex 4.596524715423584 -50.22836685180664 1.7000000476837158
vertex 4.694072246551514 -50.374359130859375 0
endloop
endfacet
facet normal 0.5555610092853684 0.8314757753307204 0
outer loop
vertex 4.840063095092773 -50.47190475463867 0
vertex 4.694072246551514 -50.374359130859375 0
vertex 4.694072246551514 -50.374359130859375 1.7000000476837158
endloop
endfacet
facet normal 0.19510023104767313 0.9807833093222704 0
outer loop
vertex 5.012270450592041 -50.506160736083984 0
vertex 4.840063095092773 -50.47190475463867 0
vertex 4.840063095092773 -50.47190475463867 1.7000000476837158
endloop
endfacet
facet normal 0 0 -1
outer loop
vertex 5.184477806091309 -49.64041519165039 1.7000000476837158
vertex 5.012270450592041 -50.506160736083984 1.7000000476837158
vertex 5.012270450592041 -49.60615921020508 1.7000000476837158
endloop
endfacet
facet normal 0.9807852845629332 0.19509030110388895 0
outer loop
vertex 4.562270641326904 -50.05615997314453 0
vertex 4.562270641326904 -50.05615997314453 1.7000000476837158
vertex 4.596524715423584 -50.22836685180664 0
endloop
endfacet
facet normal 0.9807852845629332 -0.19509030110388895 0
outer loop
vertex 4.596524715423584 -49.88395309448242 0
vertex 4.596524715423584 -49.88395309448242 1.7000000476837158
vertex 4.562270641326904 -50.05615997314453 0
endloop
endfacet
facet normal 0.8314732719568675 -0.5555647559208026 0
outer loop
vertex 4.694072246551514 -49.73796081542969 0
vertex 4.694072246551514 -49.73796081542969 1.7000000476837158
vertex 4.596524715423584 -49.88395309448242 0
endloop
endfacet
facet normal -0.19510023104767313 0.9807833093222704 0
outer loop
vertex 5.184477806091309 -50.47190475463867 0
vertex 5.012270450592041 -50.506160736083984 0
vertex 5.012270450592041 -50.506160736083984 1.7000000476837158
endloop
endfacet
facet normal 0 0 -1
outer loop
vertex 5.330468654632568 -50.374359130859375 1.7000000476837158
vertex 5.184477806091309 -50.47190475463867 1.7000000476837158
vertex 5.330468654632568 -49.73796081542969 1.7000000476837158
endloop
endfacet
facet normal 0 0 -1
outer loop
vertex 5.428016185760498 -50.22836685180664 1.7000000476837158
vertex 5.330468654632568 -50.374359130859375 1.7000000476837158
vertex 5.428016185760498 -49.88395309448242 1.7000000476837158
endloop
endfacet
facet normal 0 0 -1
outer loop
vertex 5.330468654632568 -49.73796081542969 1.7000000476837158
vertex 5.428016185760498 -49.88395309448242 1.7000000476837158
vertex 5.330468654632568 -50.374359130859375 1.7000000476837158
endloop
endfacet
facet normal 0 0 -1
outer loop
vertex 5.462270259857178 -50.05615997314453 1.7000000476837158
vertex 5.428016185760498 -50.22836685180664 1.7000000476837158
vertex 5.428016185760498 -49.88395309448242 1.7000000476837158
endloop
endfacet
facet normal 0 0 -1
outer loop
vertex 5.184477806091309 -50.47190475463867 1.7000000476837158
vertex 5.012270450592041 -50.506160736083984 1.7000000476837158
vertex 5.184477806091309 -49.64041519165039 1.7000000476837158
endloop
endfacet
facet normal 0 0 -1
outer loop
vertex 5.012270450592041 -49.60615921020508 1.7000000476837158
vertex 4.840063095092773 -50.47190475463867 1.7000000476837158
vertex 4.840063095092773 -49.64041519165039 1.7000000476837158
endloop
endfacet
facet normal 0 0 -1
outer loop
vertex 4.840063095092773 -49.64041519165039 1.7000000476837158
vertex 4.694072246551514 -50.374359130859375 1.7000000476837158
vertex 4.694072246551514 -49.73796081542969 1.7000000476837158
endloop
endfacet
facet normal -0.5555610092853684 0.8314757753307204 0
outer loop
vertex 5.330468654632568 -50.374359130859375 0
vertex 5.184477806091309 -50.47190475463867 0
vertex 5.184477806091309 -50.47190475463867 1.7000000476837158
endloop
endfacet
facet normal 0 0 -1
outer loop
vertex 5.012270450592041 -50.506160736083984 1.7000000476837158
vertex 4.840063095092773 -50.47190475463867 1.7000000476837158
vertex 5.012270450592041 -49.60615921020508 1.7000000476837158
endloop
endfacet
facet normal -0.8314732719568675 0.5555647559208026 0
outer loop
vertex 5.428016185760498 -50.22836685180664 0
vertex 5.330468654632568 -50.374359130859375 0
vertex 5.330468654632568 -50.374359130859375 1.7000000476837158
endloop
endfacet
facet normal -0.9807852845629332 0.19509030110388895 0
outer loop
vertex 5.462270259857178 -50.05615997314453 0
vertex 5.428016185760498 -50.22836685180664 0
vertex 5.428016185760498 -50.22836685180664 1.7000000476837158
endloop
endfacet
facet normal -0.9807852845629332 -0.19509030110388895 0
outer loop
vertex 5.428016185760498 -49.88395309448242 0
vertex 5.462270259857178 -50.05615997314453 0
vertex 5.462270259857178 -50.05615997314453 1.7000000476837158
endloop
endfacet
facet normal 0 0 -1
outer loop
vertex 4.840063095092773 -50.47190475463867 1.7000000476837158
vertex 4.694072246551514 -50.374359130859375 1.7000000476837158
vertex 4.840063095092773 -49.64041519165039 1.7000000476837158
endloop
endfacet
facet normal 0 0 -1
outer loop
vertex 4.694072246551514 -49.73796081542969 1.7000000476837158
vertex 4.596524715423584 -50.22836685180664 1.7000000476837158
vertex 4.596524715423584 -49.88395309448242 1.7000000476837158
endloop
endfacet
facet normal 0 0 -1
outer loop
vertex 4.694072246551514 -50.374359130859375 1.7000000476837158
vertex 4.596524715423584 -50.22836685180664 1.7000000476837158
vertex 4.694072246551514 -49.73796081542969 1.7000000476837158
endloop
endfacet
facet normal 0 0 -1
outer loop
vertex 4.596524715423584 -50.22836685180664 1.7000000476837158
vertex 4.562270641326904 -50.05615997314453 1.7000000476837158
vertex 4.596524715423584 -49.88395309448242 1.7000000476837158
endloop
endfacet
facet normal -0.8314732719568675 -0.5555647559208026 0
outer loop
vertex 5.330468654632568 -49.73796081542969 0
vertex 5.428016185760498 -49.88395309448242 0
vertex 5.428016185760498 -49.88395309448242 1.7000000476837158
endloop
endfacet
facet normal 0.5555610092853684 -0.8314757753307204 0
outer loop
vertex 4.840063095092773 -49.64041519165039 0
vertex 4.840063095092773 -49.64041519165039 1.7000000476837158
vertex 4.694072246551514 -49.73796081542969 0
endloop
endfacet
facet normal 0.19510023104767313 -0.9807833093222704 0
outer loop
vertex 5.012270450592041 -49.60615921020508 0
vertex 5.012270450592041 -49.60615921020508 1.7000000476837158
vertex 4.840063095092773 -49.64041519165039 0
endloop
endfacet
facet normal -0.5555610092853684 -0.8314757753307204 0
outer loop
vertex 5.184477806091309 -49.64041519165039 1.7000000476837158
vertex 5.184477806091309 -49.64041519165039 0
vertex 5.330468654632568 -49.73796081542969 1.7000000476837158
endloop
endfacet
facet normal -0.19510023104767313 -0.9807833093222704 0
outer loop
vertex 5.184477806091309 -49.64041519165039 0
vertex 5.184477806091309 -49.64041519165039 1.7000000476837158
vertex 5.012270450592041 -49.60615921020508 0
endloop
endfacet
facet normal -0.19510023104767313 -0.9807833093222704 0
outer loop
vertex 5.012270450592041 -49.60615921020508 1.7000000476837158
vertex 5.012270450592041 -49.60615921020508 0
vertex 5.184477806091309 -49.64041519165039 1.7000000476837158
endloop
endfacet
facet normal -0.5555610092853684 -0.8314757753307204 0
outer loop
vertex 5.184477806091309 -49.64041519165039 0
vertex 5.330468654632568 -49.73796081542969 0
vertex 5.330468654632568 -49.73796081542969 1.7000000476837158
endloop
endfacet
facet normal 0.19510023104767313 -0.9807833093222704 0
outer loop
vertex 4.840063095092773 -49.64041519165039 1.7000000476837158
vertex 4.840063095092773 -49.64041519165039 0
vertex 5.012270450592041 -49.60615921020508 1.7000000476837158
endloop
endfacet
facet normal 0.5555610092853684 -0.8314757753307204 0
outer loop
vertex 4.694072246551514 -49.73796081542969 1.7000000476837158
vertex 4.694072246551514 -49.73796081542969 0
vertex 4.840063095092773 -49.64041519165039 1.7000000476837158
endloop
endfacet
facet normal -0.9807852845629332 -0.19509030110388895 0
outer loop
vertex 5.428016185760498 -49.88395309448242 1.7000000476837158
vertex 5.428016185760498 -49.88395309448242 0
vertex 5.462270259857178 -50.05615997314453 1.7000000476837158
endloop
endfacet
facet normal -0.8314732719568675 -0.5555647559208026 0
outer loop
vertex 5.330468654632568 -49.73796081542969 1.7000000476837158
vertex 5.330468654632568 -49.73796081542969 0
vertex 5.428016185760498 -49.88395309448242 1.7000000476837158
endloop
endfacet
facet normal -0.9807852845629332 0.19509030110388895 0
outer loop
vertex 5.462270259857178 -50.05615997314453 1.7000000476837158
vertex 5.462270259857178 -50.05615997314453 0
vertex 5.428016185760498 -50.22836685180664 1.7000000476837158
endloop
endfacet
facet normal -0.5555610092853684 0.8314757753307204 0
outer loop
vertex 5.330468654632568 -50.374359130859375 1.7000000476837158
vertex 5.330468654632568 -50.374359130859375 0
vertex 5.184477806091309 -50.47190475463867 1.7000000476837158
endloop
endfacet
facet normal 0 0 -1
outer loop
vertex 4.840063095092773 -50.91041564941406 1.7000000476837158
vertex 4.694072246551514 -51.64435958862305 1.7000000476837158
vertex 4.694072246551514 -51.00796127319336 1.7000000476837158
endloop
endfacet
facet normal -0.9807852845629332 -0.19509030110388895 0
outer loop
vertex 5.462270259857178 -51.3261604309082 0
vertex 5.462270259857178 -51.3261604309082 1.7000000476837158
vertex 5.428016185760498 -51.153953552246094 0
endloop
endfacet
facet normal 0 0 -1
outer loop
vertex 4.694072246551514 -51.00796127319336 1.7000000476837158
vertex 4.596524715423584 -51.49836730957031 1.7000000476837158
vertex 4.596524715423584 -51.153953552246094 1.7000000476837158
endloop
endfacet
facet normal 0 0 -1
outer loop
vertex 4.596524715423584 -51.49836730957031 1.7000000476837158
vertex 4.562270641326904 -51.3261604309082 1.7000000476837158
vertex 4.596524715423584 -51.153953552246094 1.7000000476837158
endloop
endfacet
facet normal 0 0 -1
outer loop
vertex 5.012270450592041 -51.776161193847656 1.7000000476837158
vertex 4.840063095092773 -51.741905212402344 1.7000000476837158
vertex 5.012270450592041 -50.87615966796875 1.7000000476837158
endloop
endfacet
facet normal 0 0 -1
outer loop
vertex 5.012270450592041 -50.87615966796875 1.7000000476837158
vertex 4.840063095092773 -51.741905212402344 1.7000000476837158
vertex 4.840063095092773 -50.91041564941406 1.7000000476837158
endloop
endfacet
facet normal 0 0 -1
outer loop
vertex 5.184477806091309 -51.741905212402344 1.7000000476837158
vertex 5.012270450592041 -51.776161193847656 1.7000000476837158
vertex 5.184477806091309 -50.91041564941406 1.7000000476837158
endloop
endfacet
facet normal 0 0 -1
outer loop
vertex 5.330468654632568 -51.64435958862305 1.7000000476837158
vertex 5.184477806091309 -51.741905212402344 1.7000000476837158
vertex 5.330468654632568 -51.00796127319336 1.7000000476837158
endloop
endfacet
facet normal 0 0 -1
outer loop
vertex 5.428016185760498 -51.49836730957031 1.7000000476837158
vertex 5.330468654632568 -51.64435958862305 1.7000000476837158
vertex 5.428016185760498 -51.153953552246094 1.7000000476837158
endloop
endfacet
facet normal 0.9807852845629332 0.19509030110388895 0
outer loop
vertex 4.596524715423584 -51.49836730957031 1.7000000476837158
vertex 4.596524715423584 -51.49836730957031 0
vertex 4.562270641326904 -51.3261604309082 1.7000000476837158
endloop
endfacet
facet normal 0.5555610092853684 0.8314757753307204 0
outer loop
vertex 4.840063095092773 -51.741905212402344 1.7000000476837158
vertex 4.840063095092773 -51.741905212402344 0
vertex 4.694072246551514 -51.64435958862305 1.7000000476837158
endloop
endfacet
facet normal 0 0 -1
outer loop
vertex 4.840063095092773 -51.741905212402344 1.7000000476837158
vertex 4.694072246551514 -51.64435958862305 1.7000000476837158
vertex 4.840063095092773 -50.91041564941406 1.7000000476837158
endloop
endfacet
facet normal 0 0 -1
outer loop
vertex 4.694072246551514 -51.64435958862305 1.7000000476837158
vertex 4.596524715423584 -51.49836730957031 1.7000000476837158
vertex 4.694072246551514 -51.00796127319336 1.7000000476837158
endloop
endfacet
facet normal 0.19510023104767313 0.9807833093222704 0
outer loop
vertex 5.012270450592041 -51.776161193847656 1.7000000476837158
vertex 5.012270450592041 -51.776161193847656 0
vertex 4.840063095092773 -51.741905212402344 1.7000000476837158
endloop
endfacet
facet normal 0.9807852845629332 -0.19509030110388895 0
outer loop
vertex 4.562270641326904 -51.3261604309082 1.7000000476837158
vertex 4.562270641326904 -51.3261604309082 0
vertex 4.596524715423584 -51.153953552246094 1.7000000476837158
endloop
endfacet
facet normal 0.8314732719568675 -0.5555647559208026 0
outer loop
vertex 4.596524715423584 -51.153953552246094 1.7000000476837158
vertex 4.596524715423584 -51.153953552246094 0
vertex 4.694072246551514 -51.00796127319336 1.7000000476837158
endloop
endfacet
facet normal 0 0 -1
outer loop
vertex 5.184477806091309 -50.91041564941406 1.7000000476837158
vertex 5.012270450592041 -51.776161193847656 1.7000000476837158
vertex 5.012270450592041 -50.87615966796875 1.7000000476837158
endloop
endfacet
facet normal 0.8314732719568675 0.5555647559208026 0
outer loop
vertex 4.694072246551514 -51.64435958862305 0
vertex 4.596524715423584 -51.49836730957031 0
vertex 4.596524715423584 -51.49836730957031 1.7000000476837158
endloop
endfacet
facet normal 0.9807852845629332 0.19509030110388895 0
outer loop
vertex 4.562270641326904 -51.3261604309082 0
vertex 4.562270641326904 -51.3261604309082 1.7000000476837158
vertex 4.596524715423584 -51.49836730957031 0
endloop
endfacet
facet normal 0.5555610092853684 0.8314757753307204 0
outer loop
vertex 4.840063095092773 -51.741905212402344 0
vertex 4.694072246551514 -51.64435958862305 0
vertex 4.694072246551514 -51.64435958862305 1.7000000476837158
endloop
endfacet
facet normal 0.19510023104767313 0.9807833093222704 0
outer loop
vertex 5.012270450592041 -51.776161193847656 0
vertex 4.840063095092773 -51.741905212402344 0
vertex 4.840063095092773 -51.741905212402344 1.7000000476837158
endloop
endfacet
facet normal 0.9807852845629332 -0.19509030110388895 0
outer loop
vertex 4.596524715423584 -51.153953552246094 0
vertex 4.596524715423584 -51.153953552246094 1.7000000476837158
vertex 4.562270641326904 -51.3261604309082 0
endloop
endfacet
facet normal 0 0 -1
outer loop
vertex 5.330468654632568 -51.00796127319336 1.7000000476837158
vertex 5.184477806091309 -51.741905212402344 1.7000000476837158
vertex 5.184477806091309 -50.91041564941406 1.7000000476837158
endloop
endfacet
facet normal 0 0 -1
outer loop
vertex 5.330468654632568 -51.00796127319336 1.7000000476837158
vertex 5.428016185760498 -51.153953552246094 1.7000000476837158
vertex 5.330468654632568 -51.64435958862305 1.7000000476837158
endloop
endfacet
facet normal 0 0 -1
outer loop
vertex 5.462270259857178 -51.3261604309082 1.7000000476837158
vertex 5.428016185760498 -51.49836730957031 1.7000000476837158
vertex 5.428016185760498 -51.153953552246094 1.7000000476837158
endloop
endfacet
facet normal 0.5555610092853684 -0.8314757753307204 0
outer loop
vertex 4.694072246551514 -51.00796127319336 1.7000000476837158
vertex 4.694072246551514 -51.00796127319336 0
vertex 4.840063095092773 -50.91041564941406 1.7000000476837158
endloop
endfacet
facet normal 0.19510023104767313 -0.9807833093222704 0
outer loop
vertex 4.840063095092773 -50.91041564941406 1.7000000476837158
vertex 4.840063095092773 -50.91041564941406 0
vertex 5.012270450592041 -50.87615966796875 1.7000000476837158
endloop
endfacet
facet normal -0.19510023104767313 0.9807833093222704 0
outer loop
vertex 5.184477806091309 -51.741905212402344 1.7000000476837158
vertex 5.184477806091309 -51.741905212402344 0
vertex 5.012270450592041 -51.776161193847656 1.7000000476837158
endloop
endfacet
facet normal -0.5555610092853684 -0.8314757753307204 0
outer loop
vertex 5.330468654632568 -51.00796127319336 0
vertex 5.330468654632568 -51.00796127319336 1.7000000476837158
vertex 5.184477806091309 -50.91041564941406 0
endloop
endfacet
facet normal -0.5555610092853684 0.8314757753307204 0
outer loop
vertex 5.330468654632568 -51.64435958862305 1.7000000476837158
vertex 5.330468654632568 -51.64435958862305 0
vertex 5.184477806091309 -51.741905212402344 1.7000000476837158
endloop
endfacet
facet normal -0.8314732719568675 0.5555647559208026 0
outer loop
vertex 5.428016185760498 -51.49836730957031 1.7000000476837158
vertex 5.428016185760498 -51.49836730957031 0
vertex 5.330468654632568 -51.64435958862305 1.7000000476837158
endloop
endfacet
facet normal -0.9807852845629332 0.19509030110388895 0
outer loop
vertex 5.462270259857178 -51.3261604309082 1.7000000476837158
vertex 5.462270259857178 -51.3261604309082 0
vertex 5.428016185760498 -51.49836730957031 1.7000000476837158
endloop
endfacet
facet normal -0.19510023104767313 -0.9807833093222704 0
outer loop
vertex 5.012270450592041 -50.87615966796875 1.7000000476837158
vertex 5.012270450592041 -50.87615966796875 0
vertex 5.184477806091309 -50.91041564941406 1.7000000476837158
endloop
endfacet
facet normal -0.5555610092853684 -0.8314757753307204 0
outer loop
vertex 5.184477806091309 -50.91041564941406 1.7000000476837158
vertex 5.184477806091309 -50.91041564941406 0
vertex 5.330468654632568 -51.00796127319336 1.7000000476837158
endloop
endfacet
facet normal -0.9807852845629332 -0.19509030110388895 0
outer loop
vertex 5.428016185760498 -51.153953552246094 1.7000000476837158
vertex 5.428016185760498 -51.153953552246094 0
vertex 5.462270259857178 -51.3261604309082 1.7000000476837158
endloop
endfacet
facet normal -0.8314732719568675 -0.5555647559208026 0
outer loop
vertex 5.330468654632568 -51.00796127319336 1.7000000476837158
vertex 5.330468654632568 -51.00796127319336 0
vertex 5.428016185760498 -51.153953552246094 1.7000000476837158
endloop
endfacet
facet normal 0.8314732719568675 -0.5555647559208026 0
outer loop
vertex 4.694072246551514 -51.00796127319336 0
vertex 4.694072246551514 -51.00796127319336 1.7000000476837158
vertex 4.596524715423584 -51.153953552246094 0
endloop
endfacet
facet normal 0.5555610092853684 -0.8314757753307204 0
outer loop
vertex 4.840063095092773 -50.91041564941406 0
vertex 4.840063095092773 -50.91041564941406 1.7000000476837158
vertex 4.694072246551514 -51.00796127319336 0
endloop
endfacet
facet normal 0.19510023104767313 -0.9807833093222704 0
outer loop
vertex 5.012270450592041 -50.87615966796875 0
vertex 5.012270450592041 -50.87615966796875 1.7000000476837158
vertex 4.840063095092773 -50.91041564941406 0
endloop
endfacet
facet normal -0.19510023104767313 0.9807833093222704 0
outer loop
vertex 5.184477806091309 -51.741905212402344 0
vertex 5.012270450592041 -51.776161193847656 0
vertex 5.012270450592041 -51.776161193847656 1.7000000476837158
endloop
endfacet
facet normal -0.5555610092853684 0.8314757753307204 0
outer loop
vertex 5.330468654632568 -51.64435958862305 0
vertex 5.184477806091309 -51.741905212402344 0
vertex 5.184477806091309 -51.741905212402344 1.7000000476837158
endloop
endfacet
facet normal -0.8314732719568675 0.5555647559208026 0
outer loop
vertex 5.428016185760498 -51.49836730957031 0
vertex 5.330468654632568 -51.64435958862305 0
vertex 5.330468654632568 -51.64435958862305 1.7000000476837158
endloop
endfacet
facet normal -0.9807852845629332 0.19509030110388895 0
outer loop
vertex 5.462270259857178 -51.3261604309082 0
vertex 5.428016185760498 -51.49836730957031 0
vertex 5.428016185760498 -51.49836730957031 1.7000000476837158
endloop
endfacet
facet normal -0.19510023104767313 -0.9807833093222704 0
outer loop
vertex 5.184477806091309 -50.91041564941406 0
vertex 5.184477806091309 -50.91041564941406 1.7000000476837158
vertex 5.012270450592041 -50.87615966796875 0
endloop
endfacet
facet normal -0.8314732719568675 -0.5555647559208026 0
outer loop
vertex 5.330468654632568 -51.00796127319336 0
vertex 5.428016185760498 -51.153953552246094 0
vertex 5.428016185760498 -51.153953552246094 1.7000000476837158
endloop
endfacet
facet normal 0.8314732719568675 0.5555647559208026 0
outer loop
vertex 4.694072246551514 -51.64435958862305 1.7000000476837158
vertex 4.694072246551514 -51.64435958862305 0
vertex 4.596524715423584 -51.49836730957031 1.7000000476837158
endloop
endfacet
facet normal 0.9807852845629332 -0.19509030110388895 0
outer loop
vertex 4.596524715423584 -52.423954010009766 0
vertex 4.596524715423584 -52.423954010009766 1.7000000476837158
vertex 4.562270641326904 -52.596160888671875 0
endloop
endfacet
facet normal 0.19507933181498546 0.9807874664261461 0
outer loop
vertex 5.012270450592041 -53.04615783691406 0
vertex 4.840063095092773 -53.011905670166016 0
vertex 4.840063095092773 -53.011905670166016 1.7000000476837158
endloop
endfacet
facet normal 0 0 -1
outer loop
vertex 4.840063095092773 -53.011905670166016 1.7000000476837158
vertex 4.694072246551514 -52.91435623168945 1.7000000476837158
vertex 4.840063095092773 -52.18041229248047 1.7000000476837158
endloop
endfacet
facet normal 0 0 -1
outer loop
vertex 5.184477806091309 -52.18041229248047 1.7000000476837158
vertex 5.012270450592041 -53.04615783691406 1.7000000476837158
vertex 5.012270450592041 -52.14616012573242 1.7000000476837158
endloop
endfacet
facet normal -0.5555760294739188 -0.83146573920637 0
outer loop
vertex 5.330468654632568 -52.27796173095703 0
vertex 5.330468654632568 -52.27796173095703 1.7000000476837158
vertex 5.184477806091309 -52.18041229248047 0
endloop
endfacet
facet normal -0.8314732719568675 -0.5555647559208026 0
outer loop
vertex 5.330468654632568 -52.27796173095703 0
vertex 5.428016185760498 -52.423954010009766 0
vertex 5.428016185760498 -52.423954010009766 1.7000000476837158
endloop
endfacet
facet normal -0.19507933181498546 -0.9807874664261461 0
outer loop
vertex 5.184477806091309 -52.18041229248047 0
vertex 5.184477806091309 -52.18041229248047 1.7000000476837158
vertex 5.012270450592041 -52.14616012573242 0
endloop
endfacet
facet normal 0 0 -1
outer loop
vertex 4.694072246551514 -52.27796173095703 1.7000000476837158
vertex 4.596524715423584 -52.768367767333984 1.7000000476837158
vertex 4.596524715423584 -52.423954010009766 1.7000000476837158
endloop
endfacet
facet normal 0 0 -1
outer loop
vertex 5.184477806091309 -53.011905670166016 1.7000000476837158
vertex 5.184477806091309 -52.18041229248047 1.7000000476837158
vertex 5.330468654632568 -52.27796173095703 1.7000000476837158
endloop
endfacet
facet normal 0 0 -1
outer loop
vertex 5.330468654632568 -52.91435623168945 1.7000000476837158
vertex 5.184477806091309 -53.011905670166016 1.7000000476837158
vertex 5.330468654632568 -52.27796173095703 1.7000000476837158
endloop
endfacet
facet normal 0 0 -1
outer loop
vertex 5.428016185760498 -52.768367767333984 1.7000000476837158
vertex 5.330468654632568 -52.91435623168945 1.7000000476837158
vertex 5.428016185760498 -52.423954010009766 1.7000000476837158
endloop
endfacet
facet normal 0 0 -1
outer loop
vertex 5.330468654632568 -52.27796173095703 1.7000000476837158
vertex 5.428016185760498 -52.423954010009766 1.7000000476837158
vertex 5.330468654632568 -52.91435623168945 1.7000000476837158
endloop
endfacet
facet normal 0 0 -1
outer loop
vertex 5.462270259857178 -52.596160888671875 1.7000000476837158
vertex 5.428016185760498 -52.768367767333984 1.7000000476837158
vertex 5.428016185760498 -52.423954010009766 1.7000000476837158
endloop
endfacet
facet normal 0 0 -1
outer loop
vertex 4.694072246551514 -52.91435623168945 1.7000000476837158
vertex 4.596524715423584 -52.768367767333984 1.7000000476837158
vertex 4.694072246551514 -52.27796173095703 1.7000000476837158
endloop
endfacet
facet normal 0.5555760294739188 0.83146573920637 0
outer loop
vertex 4.840063095092773 -53.011905670166016 1.7000000476837158
vertex 4.840063095092773 -53.011905670166016 0
vertex 4.694072246551514 -52.91435623168945 1.7000000476837158
endloop
endfacet
facet normal 0.19507933181498546 0.9807874664261461 0
outer loop
vertex 5.012270450592041 -53.04615783691406 1.7000000476837158
vertex 5.012270450592041 -53.04615783691406 0
vertex 4.840063095092773 -53.011905670166016 1.7000000476837158
endloop
endfacet
facet normal -0.19507933181498546 0.9807874664261461 0
outer loop
vertex 5.184477806091309 -53.011905670166016 1.7000000476837158
vertex 5.184477806091309 -53.011905670166016 0
vertex 5.012270450592041 -53.04615783691406 1.7000000476837158
endloop
endfacet
facet normal -0.5555760294739188 0.83146573920637 0
outer loop
vertex 5.330468654632568 -52.91435623168945 1.7000000476837158
vertex 5.330468654632568 -52.91435623168945 0
vertex 5.184477806091309 -53.011905670166016 1.7000000476837158
endloop
endfacet
facet normal 0.8314665660174577 0.5555747920803612 0
outer loop
vertex 4.694072246551514 -52.91435623168945 1.7000000476837158
vertex 4.694072246551514 -52.91435623168945 0
vertex 4.596524715423584 -52.768367767333984 1.7000000476837158
endloop
endfacet
facet normal 0.9807852845629332 0.19509030110388895 0
outer loop
vertex 4.596524715423584 -52.768367767333984 1.7000000476837158
vertex 4.596524715423584 -52.768367767333984 0
vertex 4.562270641326904 -52.596160888671875 1.7000000476837158
endloop
endfacet
facet normal -0.9807852845629332 -0.19509030110388895 0
outer loop
vertex 5.462270259857178 -52.596160888671875 0
vertex 5.462270259857178 -52.596160888671875 1.7000000476837158
vertex 5.428016185760498 -52.423954010009766 0
endloop
endfacet
facet normal -0.9807852845629332 0.19509030110388895 0
outer loop
vertex 5.462270259857178 -52.596160888671875 0
vertex 5.428016185760498 -52.768367767333984 0
vertex 5.428016185760498 -52.768367767333984 1.7000000476837158
endloop
endfacet
facet normal 0 0 -1
outer loop
vertex 5.184477806091309 -53.011905670166016 1.7000000476837158
vertex 5.012270450592041 -53.04615783691406 1.7000000476837158
vertex 5.184477806091309 -52.18041229248047 1.7000000476837158
endloop
endfacet
facet normal 0 0 -1
outer loop
vertex 5.012270450592041 -52.14616012573242 1.7000000476837158
vertex 4.840063095092773 -53.011905670166016 1.7000000476837158
vertex 4.840063095092773 -52.18041229248047 1.7000000476837158
endloop
endfacet
facet normal 0.9807852845629332 0.19509030110388895 0
outer loop
vertex 4.562270641326904 -52.596160888671875 0
vertex 4.562270641326904 -52.596160888671875 1.7000000476837158
vertex 4.596524715423584 -52.768367767333984 0
endloop
endfacet
facet normal -0.8314665660174577 0.5555747920803612 0
outer loop
vertex 5.428016185760498 -52.768367767333984 0
vertex 5.330468654632568 -52.91435623168945 0
vertex 5.330468654632568 -52.91435623168945 1.7000000476837158
endloop
endfacet
facet normal 0.19507933181498546 -0.9807874664261461 0
outer loop
vertex 5.012270450592041 -52.14616012573242 0
vertex 5.012270450592041 -52.14616012573242 1.7000000476837158
vertex 4.840063095092773 -52.18041229248047 0
endloop
endfacet
facet normal 0.5555760294739188 -0.83146573920637 0
outer loop
vertex 4.840063095092773 -52.18041229248047 0
vertex 4.840063095092773 -52.18041229248047 1.7000000476837158
vertex 4.694072246551514 -52.27796173095703 0
endloop
endfacet
facet normal 0.9807852845629332 -0.19509030110388895 0
outer loop
vertex 4.562270641326904 -52.596160888671875 1.7000000476837158
vertex 4.562270641326904 -52.596160888671875 0
vertex 4.596524715423584 -52.423954010009766 1.7000000476837158
endloop
endfacet
facet normal 0.8314732719568675 -0.5555647559208026 0
outer loop
vertex 4.596524715423584 -52.423954010009766 1.7000000476837158
vertex 4.596524715423584 -52.423954010009766 0
vertex 4.694072246551514 -52.27796173095703 1.7000000476837158
endloop
endfacet
facet normal 0.5555760294739188 -0.83146573920637 0
outer loop
vertex 4.694072246551514 -52.27796173095703 1.7000000476837158
vertex 4.694072246551514 -52.27796173095703 0
vertex 4.840063095092773 -52.18041229248047 1.7000000476837158
endloop
endfacet
facet normal 0.19507933181498546 -0.9807874664261461 0
outer loop
vertex 4.840063095092773 -52.18041229248047 1.7000000476837158
vertex 4.840063095092773 -52.18041229248047 0
vertex 5.012270450592041 -52.14616012573242 1.7000000476837158
endloop
endfacet
facet normal -0.8314665660174577 0.5555747920803612 0
outer loop
vertex 5.428016185760498 -52.768367767333984 1.7000000476837158
vertex 5.428016185760498 -52.768367767333984 0
vertex 5.330468654632568 -52.91435623168945 1.7000000476837158
endloop
endfacet
facet normal -0.9807852845629332 0.19509030110388895 0
outer loop
vertex 5.462270259857178 -52.596160888671875 1.7000000476837158
vertex 5.462270259857178 -52.596160888671875 0
vertex 5.428016185760498 -52.768367767333984 1.7000000476837158
endloop
endfacet
facet normal -0.9807852845629332 -0.19509030110388895 0
outer loop
vertex 5.428016185760498 -52.423954010009766 1.7000000476837158
vertex 5.428016185760498 -52.423954010009766 0
vertex 5.462270259857178 -52.596160888671875 1.7000000476837158
endloop
endfacet
facet normal 0.8314732719568675 -0.5555647559208026 0
outer loop
vertex 4.694072246551514 -52.27796173095703 0
vertex 4.694072246551514 -52.27796173095703 1.7000000476837158
vertex 4.596524715423584 -52.423954010009766 0
endloop
endfacet
facet normal 0 0 -1
outer loop
vertex 4.840063095092773 -52.18041229248047 1.7000000476837158
vertex 4.694072246551514 -52.91435623168945 1.7000000476837158
vertex 4.694072246551514 -52.27796173095703 1.7000000476837158
endloop
endfacet
facet normal 0.8314665660174577 0.5555747920803612 0
outer loop
vertex 4.694072246551514 -52.91435623168945 0
vertex 4.596524715423584 -52.768367767333984 0
vertex 4.596524715423584 -52.768367767333984 1.7000000476837158
endloop
endfacet
facet normal -0.5555760294739188 0.83146573920637 0
outer loop
vertex 5.330468654632568 -52.91435623168945 0
vertex 5.184477806091309 -53.011905670166016 0
vertex 5.184477806091309 -53.011905670166016 1.7000000476837158
endloop
endfacet
facet normal -0.19507933181498546 0.9807874664261461 0
outer loop
vertex 5.184477806091309 -53.011905670166016 0
vertex 5.012270450592041 -53.04615783691406 0
vertex 5.012270450592041 -53.04615783691406 1.7000000476837158
endloop
endfacet
facet normal -0.19507933181498546 -0.9807874664261461 0
outer loop
vertex 5.012270450592041 -52.14616012573242 1.7000000476837158
vertex 5.012270450592041 -52.14616012573242 0
vertex 5.184477806091309 -52.18041229248047 1.7000000476837158
endloop
endfacet
facet normal -0.5555760294739188 -0.83146573920637 0
outer loop
vertex 5.184477806091309 -52.18041229248047 1.7000000476837158
vertex 5.184477806091309 -52.18041229248047 0
vertex 5.330468654632568 -52.27796173095703 1.7000000476837158
endloop
endfacet
facet normal -0.8314732719568675 -0.5555647559208026 0
outer loop
vertex 5.330468654632568 -52.27796173095703 1.7000000476837158
vertex 5.330468654632568 -52.27796173095703 0
vertex 5.428016185760498 -52.423954010009766 1.7000000476837158
endloop
endfacet
facet normal 0 0 -1
outer loop
vertex 5.012270450592041 -53.04615783691406 1.7000000476837158
vertex 4.840063095092773 -53.011905670166016 1.7000000476837158
vertex 5.012270450592041 -52.14616012573242 1.7000000476837158
endloop
endfacet
facet normal 0.5555760294739188 0.83146573920637 0
outer loop
vertex 4.694072246551514 -52.91435623168945 0
vertex 4.694072246551514 -52.91435623168945 1.7000000476837158
vertex 4.840063095092773 -53.011905670166016 0
endloop
endfacet
facet normal 0 0 -1
outer loop
vertex 4.596524715423584 -52.768367767333984 1.7000000476837158
vertex 4.562270641326904 -52.596160888671875 1.7000000476837158
vertex 4.596524715423584 -52.423954010009766 1.7000000476837158
endloop
endfacet
facet normal -0.5555760294739188 0.83146573920637 0
outer loop
vertex 5.330468654632568 -54.184356689453125 0
vertex 5.184477806091309 -54.28190612792969 0
vertex 5.184477806091309 -54.28190612792969 1.7000000476837158
endloop
endfacet
facet normal 0.9807852845629332 0.19509030110388895 0
outer loop
vertex 4.596524715423584 -54.038368225097656 1.7000000476837158
vertex 4.596524715423584 -54.038368225097656 0
vertex 4.562270641326904 -53.86616134643555 1.7000000476837158
endloop
endfacet
facet normal 0 0 -1
outer loop
vertex 5.330468654632568 -53.5479621887207 1.7000000476837158
vertex 5.428016185760498 -53.69395065307617 1.7000000476837158
vertex 5.330468654632568 -54.184356689453125 1.7000000476837158
endloop
endfacet
facet normal 0 0 -1
outer loop
vertex 5.428016185760498 -54.038368225097656 1.7000000476837158
vertex 5.330468654632568 -54.184356689453125 1.7000000476837158
vertex 5.428016185760498 -53.69395065307617 1.7000000476837158
endloop
endfacet
facet normal -0.9807852845629332 0.19509030110388895 0
outer loop
vertex 5.462270259857178 -53.86616134643555 0
vertex 5.428016185760498 -54.038368225097656 0
vertex 5.428016185760498 -54.038368225097656 1.7000000476837158
endloop
endfacet
facet normal 0.19507933181498546 -0.9807874664261461 0
outer loop
vertex 5.012270450592041 -53.416160583496094 0
vertex 5.012270450592041 -53.416160583496094 1.7000000476837158
vertex 4.840063095092773 -53.45041275024414 0
endloop
endfacet
facet normal 0.5555760294739188 -0.83146573920637 0
outer loop
vertex 4.840063095092773 -53.45041275024414 0
vertex 4.840063095092773 -53.45041275024414 1.7000000476837158
vertex 4.694072246551514 -53.5479621887207 0
endloop
endfacet
facet normal 0.8314665660174577 -0.5555747920803612 0
outer loop
vertex 4.694072246551514 -53.5479621887207 0
vertex 4.694072246551514 -53.5479621887207 1.7000000476837158
vertex 4.596524715423584 -53.69395065307617 0
endloop
endfacet
facet normal 0.9807861114401027 -0.19508614406513386 0
outer loop
vertex 4.596524715423584 -53.69395065307617 0
vertex 4.596524715423584 -53.69395065307617 1.7000000476837158
vertex 4.562270641326904 -53.86616134643555 0
endloop
endfacet
facet normal 0.9807852845629332 0.19509030110388895 0
outer loop
vertex 4.562270641326904 -53.86616134643555 0
vertex 4.562270641326904 -53.86616134643555 1.7000000476837158
vertex 4.596524715423584 -54.038368225097656 0
endloop
endfacet
facet normal -0.8314665660174577 0.5555747920803612 0
outer loop
vertex 5.428016185760498 -54.038368225097656 0
vertex 5.330468654632568 -54.184356689453125 1.7000000476837158
vertex 5.428016185760498 -54.038368225097656 1.7000000476837158
endloop
endfacet
facet normal -0.5555760294739188 0.83146573920637 0
outer loop
vertex 5.330468654632568 -54.184356689453125 1.7000000476837158
vertex 5.330468654632568 -54.184356689453125 0
vertex 5.184477806091309 -54.28190612792969 1.7000000476837158
endloop
endfacet
facet normal -0.19507933181498546 0.9807874664261461 0
outer loop
vertex 5.184477806091309 -54.28190612792969 1.7000000476837158
vertex 5.184477806091309 -54.28190612792969 0
vertex 5.012270450592041 -54.316158294677734 1.7000000476837158
endloop
endfacet
facet normal 0.5555760294739188 0.83146573920637 0
outer loop
vertex 4.840063095092773 -54.28190612792969 1.7000000476837158
vertex 4.840063095092773 -54.28190612792969 0
vertex 4.694072246551514 -54.184356689453125 1.7000000476837158
endloop
endfacet
facet normal 0.19507933181498546 0.9807874664261461 0
outer loop
vertex 5.012270450592041 -54.316158294677734 1.7000000476837158
vertex 5.012270450592041 -54.316158294677734 0
vertex 4.840063095092773 -54.28190612792969 1.7000000476837158
endloop
endfacet
facet normal 0.8314665660174577 0.5555747920803612 0
outer loop
vertex 4.694072246551514 -54.184356689453125 1.7000000476837158
vertex 4.694072246551514 -54.184356689453125 0
vertex 4.596524715423584 -54.038368225097656 1.7000000476837158
endloop
endfacet
facet normal -0.9807861114401027 -0.19508614406513386 0
outer loop
vertex 5.428016185760498 -53.69395065307617 0
vertex 5.462270259857178 -53.86616134643555 0
vertex 5.462270259857178 -53.86616134643555 1.7000000476837158
endloop
endfacet
facet normal -0.8314665660174577 -0.5555747920803612 0
outer loop
vertex 5.330468654632568 -53.5479621887207 0
vertex 5.428016185760498 -53.69395065307617 0
vertex 5.428016185760498 -53.69395065307617 1.7000000476837158
endloop
endfacet
facet normal -0.5555760294739188 -0.83146573920637 0
outer loop
vertex 5.184477806091309 -53.45041275024414 0
vertex 5.330468654632568 -53.5479621887207 0
vertex 5.330468654632568 -53.5479621887207 1.7000000476837158
endloop
endfacet
facet normal -0.19507933181498546 -0.9807874664261461 0
outer loop
vertex 5.184477806091309 -53.45041275024414 0
vertex 5.184477806091309 -53.45041275024414 1.7000000476837158
vertex 5.012270450592041 -53.416160583496094 0
endloop
endfacet
facet normal 0 0 -1
outer loop
vertex 5.184477806091309 -54.28190612792969 1.7000000476837158
vertex 5.012270450592041 -54.316158294677734 1.7000000476837158
vertex 5.184477806091309 -53.45041275024414 1.7000000476837158
endloop
endfacet
facet normal 0 0 -1
outer loop
vertex 4.694072246551514 -54.184356689453125 1.7000000476837158
vertex 4.596524715423584 -54.038368225097656 1.7000000476837158
vertex 4.694072246551514 -53.5479621887207 1.7000000476837158
endloop
endfacet
facet normal 0 0 -1
outer loop
vertex 4.596524715423584 -54.038368225097656 1.7000000476837158
vertex 4.562270641326904 -53.86616134643555 1.7000000476837158
vertex 4.596524715423584 -53.69395065307617 1.7000000476837158
endloop
endfacet
facet normal 0 0 -1
outer loop
vertex 4.694072246551514 -53.5479621887207 1.7000000476837158
vertex 4.596524715423584 -54.038368225097656 1.7000000476837158
vertex 4.596524715423584 -53.69395065307617 1.7000000476837158
endloop
endfacet
facet normal 0 0 -1
outer loop
vertex 4.840063095092773 -54.28190612792969 1.7000000476837158
vertex 4.694072246551514 -54.184356689453125 1.7000000476837158
vertex 4.840063095092773 -53.45041275024414 1.7000000476837158
endloop
endfacet
facet normal 0 0 -1
outer loop
vertex 5.012270450592041 -54.316158294677734 1.7000000476837158
vertex 4.840063095092773 -54.28190612792969 1.7000000476837158
vertex 5.012270450592041 -53.416160583496094 1.7000000476837158
endloop
endfacet
facet normal 0 0 -1
outer loop
vertex 4.840063095092773 -53.45041275024414 1.7000000476837158
vertex 4.694072246551514 -54.184356689453125 1.7000000476837158
vertex 4.694072246551514 -53.5479621887207 1.7000000476837158
endloop
endfacet
facet normal 0.8314665660174577 0.5555747920803612 0
outer loop
vertex 4.694072246551514 -54.184356689453125 0
vertex 4.596524715423584 -54.038368225097656 0
vertex 4.596524715423584 -54.038368225097656 1.7000000476837158
endloop
endfacet
facet normal 0.19507933181498546 0.9807874664261461 0
outer loop
vertex 5.012270450592041 -54.316158294677734 0
vertex 4.840063095092773 -54.28190612792969 0
vertex 4.840063095092773 -54.28190612792969 1.7000000476837158
endloop
endfacet
facet normal 0.5555760294739188 0.83146573920637 0
outer loop
vertex 4.694072246551514 -54.184356689453125 0
vertex 4.694072246551514 -54.184356689453125 1.7000000476837158
vertex 4.840063095092773 -54.28190612792969 0
endloop
endfacet
facet normal 0 0 -1
outer loop
vertex 5.012270450592041 -53.416160583496094 1.7000000476837158
vertex 4.840063095092773 -54.28190612792969 1.7000000476837158
vertex 4.840063095092773 -53.45041275024414 1.7000000476837158
endloop
endfacet
facet normal -0.19507933181498546 -0.9807874664261461 0
outer loop
vertex 5.012270450592041 -53.416160583496094 1.7000000476837158
vertex 5.012270450592041 -53.416160583496094 0
vertex 5.184477806091309 -53.45041275024414 1.7000000476837158
endloop
endfacet
facet normal -0.8314665660174577 -0.5555747920803612 0
outer loop
vertex 5.330468654632568 -53.5479621887207 1.7000000476837158
vertex 5.330468654632568 -53.5479621887207 0
vertex 5.428016185760498 -53.69395065307617 1.7000000476837158
endloop
endfacet
facet normal -0.9807861114401027 -0.19508614406513386 0
outer loop
vertex 5.428016185760498 -53.69395065307617 1.7000000476837158
vertex 5.428016185760498 -53.69395065307617 0
vertex 5.462270259857178 -53.86616134643555 1.7000000476837158
endloop
endfacet
facet normal -0.9807852845629332 0.19509030110388895 0
outer loop
vertex 5.462270259857178 -53.86616134643555 1.7000000476837158
vertex 5.462270259857178 -53.86616134643555 0
vertex 5.428016185760498 -54.038368225097656 1.7000000476837158
endloop
endfacet
facet normal -0.5555760294739188 -0.83146573920637 0
outer loop
vertex 5.184477806091309 -53.45041275024414 1.7000000476837158
vertex 5.184477806091309 -53.45041275024414 0
vertex 5.330468654632568 -53.5479621887207 1.7000000476837158
endloop
endfacet
facet normal 0 0 -1
outer loop
vertex 5.184477806091309 -53.45041275024414 1.7000000476837158
vertex 5.330468654632568 -53.5479621887207 1.7000000476837158
vertex 5.184477806091309 -54.28190612792969 1.7000000476837158
endloop
endfacet
facet normal 0 0 -1
outer loop
vertex 5.184477806091309 -53.45041275024414 1.7000000476837158
vertex 5.012270450592041 -54.316158294677734 1.7000000476837158
vertex 5.012270450592041 -53.416160583496094 1.7000000476837158
endloop
endfacet
facet normal 0.19507933181498546 -0.9807874664261461 0
outer loop
vertex 4.840063095092773 -53.45041275024414 1.7000000476837158
vertex 4.840063095092773 -53.45041275024414 0
vertex 5.012270450592041 -53.416160583496094 1.7000000476837158
endloop
endfacet
facet normal 0.5555760294739188 -0.83146573920637 0
outer loop
vertex 4.694072246551514 -53.5479621887207 1.7000000476837158
vertex 4.694072246551514 -53.5479621887207 0
vertex 4.840063095092773 -53.45041275024414 1.7000000476837158
endloop
endfacet
facet normal 0.8314665660174577 -0.5555747920803612 0
outer loop
vertex 4.596524715423584 -53.69395065307617 1.7000000476837158
vertex 4.596524715423584 -53.69395065307617 0
vertex 4.694072246551514 -53.5479621887207 1.7000000476837158
endloop
endfacet
facet normal 0 0 -1
outer loop
vertex 5.330468654632568 -54.184356689453125 1.7000000476837158
vertex 5.184477806091309 -54.28190612792969 1.7000000476837158
vertex 5.330468654632568 -53.5479621887207 1.7000000476837158
endloop
endfacet
facet normal -0.8314665660174577 0.5555747920803612 0
outer loop
vertex 5.428016185760498 -54.038368225097656 0
vertex 5.330468654632568 -54.184356689453125 0
vertex 5.330468654632568 -54.184356689453125 1.7000000476837158
endloop
endfacet
facet normal 0.9807861114401027 -0.19508614406513386 0
outer loop
vertex 4.562270641326904 -53.86616134643555 1.7000000476837158
vertex 4.562270641326904 -53.86616134643555 0
vertex 4.596524715423584 -53.69395065307617 1.7000000476837158
endloop
endfacet
facet normal -0.19507933181498546 0.9807874664261461 0
outer loop
vertex 5.184477806091309 -54.28190612792969 0
vertex 5.012270450592041 -54.316158294677734 0
vertex 5.012270450592041 -54.316158294677734 1.7000000476837158
endloop
endfacet
facet normal 0 0 -1
outer loop
vertex 5.462270259857178 -53.86616134643555 1.7000000476837158
vertex 5.428016185760498 -54.038368225097656 1.7000000476837158
vertex 5.428016185760498 -53.69395065307617 1.7000000476837158
endloop
endfacet
facet normal 0 0 -1
outer loop
vertex 5.012270450592041 -55.586158752441406 1.7000000476837158
vertex 4.840063095092773 -55.55190658569336 1.7000000476837158
vertex 5.012270450592041 -54.686161041259766 1.7000000476837158
endloop
endfacet
facet normal 0.8314665660174577 -0.5555747920803612 0
outer loop
vertex 4.596524715423584 -54.963951110839844 1.7000000476837158
vertex 4.596524715423584 -54.963951110839844 0
vertex 4.694072246551514 -54.817962646484375 1.7000000476837158
endloop
endfacet
facet normal 0 0 -1
outer loop
vertex 4.694072246551514 -55.4543571472168 1.7000000476837158
vertex 4.596524715423584 -55.30836868286133 1.7000000476837158
vertex 4.694072246551514 -54.817962646484375 1.7000000476837158
endloop
endfacet
facet normal 0 0 -1
outer loop
vertex 4.596524715423584 -55.30836868286133 1.7000000476837158
vertex 4.562270641326904 -55.13615798950195 1.7000000476837158
vertex 4.596524715423584 -54.963951110839844 1.7000000476837158
endloop
endfacet
facet normal 0.9807852845629332 -0.19509030110388895 0
outer loop
vertex 4.596524715423584 -54.963951110839844 0
vertex 4.596524715423584 -54.963951110839844 1.7000000476837158
vertex 4.562270641326904 -55.13615798950195 0
endloop
endfacet
facet normal 0.8314665660174577 -0.5555747920803612 0
outer loop
vertex 4.694072246551514 -54.817962646484375 0
vertex 4.694072246551514 -54.817962646484375 1.7000000476837158
vertex 4.596524715423584 -54.963951110839844 0
endloop
endfacet
facet normal -0.9807861114401027 0.19508614406513386 0
outer loop
vertex 5.462270259857178 -55.13615798950195 0
vertex 5.428016185760498 -55.30836868286133 0
vertex 5.428016185760498 -55.30836868286133 1.7000000476837158
endloop
endfacet
facet normal 0 0 -1
outer loop
vertex 5.184477806091309 -55.55190658569336 1.7000000476837158
vertex 5.012270450592041 -55.586158752441406 1.7000000476837158
vertex 5.184477806091309 -54.72041320800781 1.7000000476837158
endloop
endfacet
facet normal 0.9807852845629332 -0.19509030110388895 0
outer loop
vertex 4.562270641326904 -55.13615798950195 1.7000000476837158
vertex 4.562270641326904 -55.13615798950195 0
vertex 4.596524715423584 -54.963951110839844 1.7000000476837158
endloop
endfacet
facet normal -0.9807861114401027 0.19508614406513386 0
outer loop
vertex 5.462270259857178 -55.13615798950195 1.7000000476837158
vertex 5.462270259857178 -55.13615798950195 0
vertex 5.428016185760498 -55.30836868286133 1.7000000476837158
endloop
endfacet
facet normal -0.8314665660174577 0.5555747920803612 0
outer loop
vertex 5.428016185760498 -55.30836868286133 1.7000000476837158
vertex 5.428016185760498 -55.30836868286133 0
vertex 5.330468654632568 -55.4543571472168 1.7000000476837158
endloop
endfacet
facet normal -0.5555760294739188 0.83146573920637 0
outer loop
vertex 5.330468654632568 -55.4543571472168 1.7000000476837158
vertex 5.330468654632568 -55.4543571472168 0
vertex 5.184477806091309 -55.55190658569336 1.7000000476837158
endloop
endfacet
facet normal -0.19507933181498546 0.9807874664261461 0
outer loop
vertex 5.184477806091309 -55.55190658569336 1.7000000476837158
vertex 5.184477806091309 -55.55190658569336 0
vertex 5.012270450592041 -55.586158752441406 1.7000000476837158
endloop
endfacet
facet normal -0.5555760294739188 -0.83146573920637 0
outer loop
vertex 5.330468654632568 -54.817962646484375 0
vertex 5.330468654632568 -54.817962646484375 1.7000000476837158
vertex 5.184477806091309 -54.72041320800781 0
endloop
endfacet
facet normal -0.9807852845629332 -0.19509030110388895 0
outer loop
vertex 5.428016185760498 -54.963951110839844 0
vertex 5.462270259857178 -55.13615798950195 0
vertex 5.462270259857178 -55.13615798950195 1.7000000476837158
endloop
endfacet
facet normal -0.8314665660174577 -0.5555747920803612 0
outer loop
vertex 5.330468654632568 -54.817962646484375 0
vertex 5.428016185760498 -54.963951110839844 0
vertex 5.428016185760498 -54.963951110839844 1.7000000476837158
endloop
endfacet
facet normal 0 0 -1
outer loop
vertex 5.330468654632568 -55.4543571472168 1.7000000476837158
vertex 5.184477806091309 -55.55190658569336 1.7000000476837158
vertex 5.330468654632568 -54.817962646484375 1.7000000476837158
endloop
endfacet
facet normal -0.19507933181498546 -0.9807874664261461 0
outer loop
vertex 5.184477806091309 -54.72041320800781 0
vertex 5.184477806091309 -54.72041320800781 1.7000000476837158
vertex 5.012270450592041 -54.686161041259766 0
endloop
endfacet
facet normal 0 0 -1
outer loop
vertex 5.428016185760498 -55.30836868286133 1.7000000476837158
vertex 5.330468654632568 -55.4543571472168 1.7000000476837158
vertex 5.428016185760498 -54.963951110839844 1.7000000476837158
endloop
endfacet
facet normal 0 0 -1
outer loop
vertex 5.462270259857178 -55.13615798950195 1.7000000476837158
vertex 5.428016185760498 -55.30836868286133 1.7000000476837158
vertex 5.428016185760498 -54.963951110839844 1.7000000476837158
endloop
endfacet
facet normal 0.19507933181498546 -0.9807874664261461 0
outer loop
vertex 5.012270450592041 -54.686161041259766 0
vertex 5.012270450592041 -54.686161041259766 1.7000000476837158
vertex 4.840063095092773 -54.72041320800781 0
endloop
endfacet
facet normal 0 0 -1
outer loop
vertex 4.694072246551514 -54.817962646484375 1.7000000476837158
vertex 4.596524715423584 -55.30836868286133 1.7000000476837158
vertex 4.596524715423584 -54.963951110839844 1.7000000476837158
endloop
endfacet
facet normal 0 0 -1
outer loop
vertex 4.840063095092773 -54.72041320800781 1.7000000476837158
vertex 4.694072246551514 -55.4543571472168 1.7000000476837158
vertex 4.694072246551514 -54.817962646484375 1.7000000476837158
endloop
endfacet
facet normal 0 0 -1
outer loop
vertex 5.012270450592041 -54.686161041259766 1.7000000476837158
vertex 4.840063095092773 -55.55190658569336 1.7000000476837158
vertex 4.840063095092773 -54.72041320800781 1.7000000476837158
endloop
endfacet
facet normal 0.5555760294739188 -0.83146573920637 0
outer loop
vertex 4.840063095092773 -54.72041320800781 0
vertex 4.840063095092773 -54.72041320800781 1.7000000476837158
vertex 4.694072246551514 -54.817962646484375 0
endloop
endfacet
facet normal -0.8314665660174577 0.5555747920803612 0
outer loop
vertex 5.428016185760498 -55.30836868286133 0
vertex 5.330468654632568 -55.4543571472168 0
vertex 5.330468654632568 -55.4543571472168 1.7000000476837158
endloop
endfacet
facet normal 0 0 -1
outer loop
vertex 5.184477806091309 -54.72041320800781 1.7000000476837158
vertex 5.012270450592041 -55.586158752441406 1.7000000476837158
vertex 5.012270450592041 -54.686161041259766 1.7000000476837158
endloop
endfacet
facet normal 0 0 -1
outer loop
vertex 5.330468654632568 -54.817962646484375 1.7000000476837158
vertex 5.184477806091309 -55.55190658569336 1.7000000476837158
vertex 5.184477806091309 -54.72041320800781 1.7000000476837158
endloop
endfacet
facet normal 0.19507933181498546 0.9807874664261461 0
outer loop
vertex 5.012270450592041 -55.586158752441406 1.7000000476837158
vertex 5.012270450592041 -55.586158752441406 0
vertex 4.840063095092773 -55.55190658569336 1.7000000476837158
endloop
endfacet
facet normal -0.5555760294739188 0.83146573920637 0
outer loop
vertex 5.330468654632568 -55.4543571472168 0
vertex 5.184477806091309 -55.55190658569336 0
vertex 5.184477806091309 -55.55190658569336 1.7000000476837158
endloop
endfacet
facet normal -0.19507933181498546 0.9807874664261461 0
outer loop
vertex 5.184477806091309 -55.55190658569336 0
vertex 5.012270450592041 -55.586158752441406 0
vertex 5.012270450592041 -55.586158752441406 1.7000000476837158
endloop
endfacet
facet normal 0.5555760294739188 0.83146573920637 0
outer loop
vertex 4.840063095092773 -55.55190658569336 1.7000000476837158
vertex 4.840063095092773 -55.55190658569336 0
vertex 4.694072246551514 -55.4543571472168 1.7000000476837158
endloop
endfacet
facet normal 0 0 -1
outer loop
vertex 5.330468654632568 -54.817962646484375 1.7000000476837158
vertex 5.428016185760498 -54.963951110839844 1.7000000476837158
vertex 5.330468654632568 -55.4543571472168 1.7000000476837158
endloop
endfacet
facet normal 0.8314665660174577 0.5555747920803612 0
outer loop
vertex 4.694072246551514 -55.4543571472168 1.7000000476837158
vertex 4.694072246551514 -55.4543571472168 0
vertex 4.596524715423584 -55.30836868286133 1.7000000476837158
endloop
endfacet
facet normal 0.9807861114401027 0.19508614406513386 0
outer loop
vertex 4.596524715423584 -55.30836868286133 1.7000000476837158
vertex 4.596524715423584 -55.30836868286133 0
vertex 4.562270641326904 -55.13615798950195 1.7000000476837158
endloop
endfacet
facet normal 0.19507933181498546 0.9807874664261461 0
outer loop
vertex 5.012270450592041 -55.586158752441406 0
vertex 4.840063095092773 -55.55190658569336 0
vertex 4.840063095092773 -55.55190658569336 1.7000000476837158
endloop
endfacet
facet normal 0.5555760294739188 0.83146573920637 0
outer loop
vertex 4.840063095092773 -55.55190658569336 0
vertex 4.694072246551514 -55.4543571472168 0
vertex 4.694072246551514 -55.4543571472168 1.7000000476837158
endloop
endfacet
facet normal 0.9807861114401027 0.19508614406513386 0
outer loop
vertex 4.562270641326904 -55.13615798950195 0
vertex 4.562270641326904 -55.13615798950195 1.7000000476837158
vertex 4.596524715423584 -55.30836868286133 0
endloop
endfacet
facet normal 0.8314665660174577 0.5555747920803612 0
outer loop
vertex 4.694072246551514 -55.4543571472168 0
vertex 4.596524715423584 -55.30836868286133 0
vertex 4.596524715423584 -55.30836868286133 1.7000000476837158
endloop
endfacet
facet normal -0.9807852845629332 -0.19509030110388895 0
outer loop
vertex 5.428016185760498 -54.963951110839844 1.7000000476837158
vertex 5.428016185760498 -54.963951110839844 0
vertex 5.462270259857178 -55.13615798950195 1.7000000476837158
endloop
endfacet
facet normal -0.8314665660174577 -0.5555747920803612 0
outer loop
vertex 5.330468654632568 -54.817962646484375 1.7000000476837158
vertex 5.330468654632568 -54.817962646484375 0
vertex 5.428016185760498 -54.963951110839844 1.7000000476837158
endloop
endfacet
facet normal -0.5555760294739188 -0.83146573920637 0
outer loop
vertex 5.184477806091309 -54.72041320800781 1.7000000476837158
vertex 5.184477806091309 -54.72041320800781 0
vertex 5.330468654632568 -54.817962646484375 1.7000000476837158
endloop
endfacet
facet normal -0.19507933181498546 -0.9807874664261461 0
outer loop
vertex 5.012270450592041 -54.686161041259766 1.7000000476837158
vertex 5.012270450592041 -54.686161041259766 0
vertex 5.184477806091309 -54.72041320800781 1.7000000476837158
endloop
endfacet
facet normal 0.19507933181498546 -0.9807874664261461 0
outer loop
vertex 4.840063095092773 -54.72041320800781 1.7000000476837158
vertex 4.840063095092773 -54.72041320800781 0
vertex 5.012270450592041 -54.686161041259766 1.7000000476837158
endloop
endfacet
facet normal 0.5555760294739188 -0.83146573920637 0
outer loop
vertex 4.694072246551514 -54.817962646484375 1.7000000476837158
vertex 4.694072246551514 -54.817962646484375 0
vertex 4.840063095092773 -54.72041320800781 1.7000000476837158
endloop
endfacet
facet normal 0 0 -1
outer loop
vertex 4.840063095092773 -55.55190658569336 1.7000000476837158
vertex 4.694072246551514 -55.4543571472168 1.7000000476837158
vertex 4.840063095092773 -54.72041320800781 1.7000000476837158
endloop
endfacet
facet normal -0.5555760294739188 0.83146573920637 0
outer loop
vertex 5.330468654632568 -56.72435760498047 0
vertex 5.184477806091309 -56.82190704345703 0
vertex 5.184477806091309 -56.82190704345703 1.7000000476837158
endloop
endfacet
facet normal -0.19507933181498546 0.9807874664261461 0
outer loop
vertex 5.184477806091309 -56.82190704345703 0
vertex 5.012270450592041 -56.85615921020508 0
vertex 5.012270450592041 -56.85615921020508 1.7000000476837158
endloop
endfacet
facet normal -0.8314665660174577 0.5555747920803612 0
outer loop
vertex 5.428016185760498 -56.578369140625 0
vertex 5.330468654632568 -56.72435760498047 0
vertex 5.330468654632568 -56.72435760498047 1.7000000476837158
endloop
endfacet
facet normal -0.9807861114401027 0.19508614406513386 0
outer loop
vertex 5.462270259857178 -56.406158447265625 0
vertex 5.428016185760498 -56.578369140625 0
vertex 5.428016185760498 -56.578369140625 1.7000000476837158
endloop
endfacet
facet normal -0.8314665660174577 -0.5555747920803612 0
outer loop
vertex 5.330468654632568 -56.08796310424805 0
vertex 5.428016185760498 -56.233951568603516 0
vertex 5.428016185760498 -56.233951568603516 1.7000000476837158
endloop
endfacet
facet normal 0.9807852845629332 -0.19509030110388895 0
outer loop
vertex 4.596524715423584 -56.233951568603516 0
vertex 4.596524715423584 -56.233951568603516 1.7000000476837158
vertex 4.562270641326904 -56.406158447265625 0
endloop
endfacet
facet normal 0 0 -1
outer loop
vertex 4.694072246551514 -56.72435760498047 1.7000000476837158
vertex 4.596524715423584 -56.578369140625 1.7000000476837158
vertex 4.694072246551514 -56.08796310424805 1.7000000476837158
endloop
endfacet
facet normal 0.9807861114401027 0.19508614406513386 0
outer loop
vertex 4.562270641326904 -56.406158447265625 0
vertex 4.562270641326904 -56.406158447265625 1.7000000476837158
vertex 4.596524715423584 -56.578369140625 0
endloop
endfacet
facet normal 0.8314665660174577 0.5555747920803612 0
outer loop
vertex 4.596524715423584 -56.578369140625 0
vertex 4.596524715423584 -56.578369140625 1.7000000476837158
vertex 4.694072246551514 -56.72435760498047 0
endloop
endfacet
facet normal -0.9807852845629332 -0.19509030110388895 0
outer loop
vertex 5.462270259857178 -56.406158447265625 0
vertex 5.462270259857178 -56.406158447265625 1.7000000476837158
vertex 5.428016185760498 -56.233951568603516 0
endloop
endfacet
facet normal 0.8314665660174577 -0.5555747920803612 0
outer loop
vertex 4.694072246551514 -56.08796310424805 0
vertex 4.694072246551514 -56.08796310424805 1.7000000476837158
vertex 4.596524715423584 -56.233951568603516 0
endloop
endfacet
facet normal 0.5555760294739188 -0.83146573920637 0
outer loop
vertex 4.840063095092773 -55.990413665771484 0
vertex 4.840063095092773 -55.990413665771484 1.7000000476837158
vertex 4.694072246551514 -56.08796310424805 0
endloop
endfacet
facet normal 0.19507933181498546 -0.9807874664261461 0
outer loop
vertex 5.012270450592041 -55.95616149902344 0
vertex 5.012270450592041 -55.95616149902344 1.7000000476837158
vertex 4.840063095092773 -55.990413665771484 0
endloop
endfacet
facet normal 0 0 -1
outer loop
vertex 4.596524715423584 -56.578369140625 1.7000000476837158
vertex 4.562270641326904 -56.406158447265625 1.7000000476837158
vertex 4.596524715423584 -56.233951568603516 1.7000000476837158
endloop
endfacet
facet normal 0 0 -1
outer loop
vertex 4.694072246551514 -56.08796310424805 1.7000000476837158
vertex 4.596524715423584 -56.578369140625 1.7000000476837158
vertex 4.596524715423584 -56.233951568603516 1.7000000476837158
endloop
endfacet
facet normal 0.19507933181498546 0.9807874664261461 0
outer loop
vertex 5.012270450592041 -56.85615921020508 0
vertex 4.840063095092773 -56.82190704345703 0
vertex 4.840063095092773 -56.82190704345703 1.7000000476837158
endloop
endfacet
facet normal 0.5555760294739188 0.83146573920637 0
outer loop
vertex 4.840063095092773 -56.82190704345703 0
vertex 4.694072246551514 -56.72435760498047 0
vertex 4.694072246551514 -56.72435760498047 1.7000000476837158
endloop
endfacet
facet normal -0.19507933181498546 -0.9807874664261461 0
outer loop
vertex 5.184477806091309 -55.990413665771484 0
vertex 5.184477806091309 -55.990413665771484 1.7000000476837158
vertex 5.012270450592041 -55.95616149902344 0
endloop
endfacet
facet normal -0.5555760294739188 -0.83146573920637 0
outer loop
vertex 5.330468654632568 -56.08796310424805 0
vertex 5.330468654632568 -56.08796310424805 1.7000000476837158
vertex 5.184477806091309 -55.990413665771484 0
endloop
endfacet
facet normal 0 0 -1
outer loop
vertex 4.840063095092773 -56.82190704345703 1.7000000476837158
vertex 4.694072246551514 -56.72435760498047 1.7000000476837158
vertex 4.840063095092773 -55.990413665771484 1.7000000476837158
endloop
endfacet
facet normal 0.19507933181498546 -0.9807874664261461 0
outer loop
vertex 4.840063095092773 -55.990413665771484 1.7000000476837158
vertex 4.840063095092773 -55.990413665771484 0
vertex 5.012270450592041 -55.95616149902344 1.7000000476837158
endloop
endfacet
facet normal 0.5555760294739188 -0.83146573920637 0
outer loop
vertex 4.694072246551514 -56.08796310424805 1.7000000476837158
vertex 4.694072246551514 -56.08796310424805 0
vertex 4.840063095092773 -55.990413665771484 1.7000000476837158
endloop
endfacet
facet normal -0.9807852845629332 -0.19509030110388895 0
outer loop
vertex 5.428016185760498 -56.233951568603516 1.7000000476837158
vertex 5.428016185760498 -56.233951568603516 0
vertex 5.462270259857178 -56.406158447265625 1.7000000476837158
endloop
endfacet
facet normal -0.9807861114401027 0.19508614406513386 0
outer loop
vertex 5.462270259857178 -56.406158447265625 1.7000000476837158
vertex 5.462270259857178 -56.406158447265625 0
vertex 5.428016185760498 -56.578369140625 1.7000000476837158
endloop
endfacet
facet normal -0.8314665660174577 0.5555747920803612 0
outer loop
vertex 5.428016185760498 -56.578369140625 1.7000000476837158
vertex 5.428016185760498 -56.578369140625 0
vertex 5.330468654632568 -56.72435760498047 1.7000000476837158
endloop
endfacet
facet normal -0.5555760294739188 0.83146573920637 0
outer loop
vertex 5.330468654632568 -56.72435760498047 1.7000000476837158
vertex 5.330468654632568 -56.72435760498047 0
vertex 5.184477806091309 -56.82190704345703 1.7000000476837158
endloop
endfacet
facet normal -0.19507933181498546 0.9807874664261461 0
outer loop
vertex 5.184477806091309 -56.82190704345703 1.7000000476837158
vertex 5.184477806091309 -56.82190704345703 0
vertex 5.012270450592041 -56.85615921020508 1.7000000476837158
endloop
endfacet
facet normal 0.8314665660174577 -0.5555747920803612 0
outer loop
vertex 4.596524715423584 -56.233951568603516 1.7000000476837158
vertex 4.596524715423584 -56.233951568603516 0
vertex 4.694072246551514 -56.08796310424805 1.7000000476837158
endloop
endfacet
facet normal 0 0 -1
outer loop
vertex 5.012270450592041 -56.85615921020508 1.7000000476837158
vertex 4.840063095092773 -56.82190704345703 1.7000000476837158
vertex 5.012270450592041 -55.95616149902344 1.7000000476837158
endloop
endfacet
facet normal 0 0 -1
outer loop
vertex 4.840063095092773 -55.990413665771484 1.7000000476837158
vertex 4.694072246551514 -56.72435760498047 1.7000000476837158
vertex 4.694072246551514 -56.08796310424805 1.7000000476837158
endloop
endfacet
facet normal 0 0 -1
outer loop
vertex 5.012270450592041 -55.95616149902344 1.7000000476837158
vertex 4.840063095092773 -56.82190704345703 1.7000000476837158
vertex 4.840063095092773 -55.990413665771484 1.7000000476837158
endloop
endfacet
facet normal 0 0 -1
outer loop
vertex 5.184477806091309 -56.82190704345703 1.7000000476837158
vertex 5.012270450592041 -56.85615921020508 1.7000000476837158
vertex 5.184477806091309 -55.990413665771484 1.7000000476837158
endloop
endfacet
facet normal 0 0 -1
outer loop
vertex 5.184477806091309 -55.990413665771484 1.7000000476837158
vertex 5.012270450592041 -56.85615921020508 1.7000000476837158
vertex 5.012270450592041 -55.95616149902344 1.7000000476837158
endloop
endfacet
facet normal 0 0 -1
outer loop
vertex 5.184477806091309 -55.990413665771484 1.7000000476837158
vertex 5.330468654632568 -56.08796310424805 1.7000000476837158
vertex 5.184477806091309 -56.82190704345703 1.7000000476837158
endloop
endfacet
facet normal 0.9807852845629332 -0.19509030110388895 0
outer loop
vertex 4.562270641326904 -56.406158447265625 1.7000000476837158
vertex 4.562270641326904 -56.406158447265625 0
vertex 4.596524715423584 -56.233951568603516 1.7000000476837158
endloop
endfacet
facet normal 0.9807861114401027 0.19508614406513386 0
outer loop
vertex 4.596524715423584 -56.578369140625 1.7000000476837158
vertex 4.596524715423584 -56.578369140625 0
vertex 4.562270641326904 -56.406158447265625 1.7000000476837158
endloop
endfacet
facet normal 0.8314665660174577 0.5555747920803612 0
outer loop
vertex 4.694072246551514 -56.72435760498047 1.7000000476837158
vertex 4.694072246551514 -56.72435760498047 0
vertex 4.596524715423584 -56.578369140625 1.7000000476837158
endloop
endfacet
facet normal 0.19507933181498546 0.9807874664261461 0
outer loop
vertex 5.012270450592041 -56.85615921020508 1.7000000476837158
vertex 5.012270450592041 -56.85615921020508 0
vertex 4.840063095092773 -56.82190704345703 1.7000000476837158
endloop
endfacet
facet normal 0.5555760294739188 0.83146573920637 0
outer loop
vertex 4.840063095092773 -56.82190704345703 1.7000000476837158
vertex 4.840063095092773 -56.82190704345703 0
vertex 4.694072246551514 -56.72435760498047 1.7000000476837158
endloop
endfacet
facet normal 0 0 -1
outer loop
vertex 5.330468654632568 -56.72435760498047 1.7000000476837158
vertex 5.184477806091309 -56.82190704345703 1.7000000476837158
vertex 5.330468654632568 -56.08796310424805 1.7000000476837158
endloop
endfacet
facet normal -0.19507933181498546 -0.9807874664261461 0
outer loop
vertex 5.012270450592041 -55.95616149902344 1.7000000476837158
vertex 5.012270450592041 -55.95616149902344 0
vertex 5.184477806091309 -55.990413665771484 1.7000000476837158
endloop
endfacet
facet normal -0.5555760294739188 -0.83146573920637 0
outer loop
vertex 5.184477806091309 -55.990413665771484 1.7000000476837158
vertex 5.184477806091309 -55.990413665771484 0
vertex 5.330468654632568 -56.08796310424805 1.7000000476837158
endloop
endfacet
facet normal -0.8314665660174577 -0.5555747920803612 0
outer loop
vertex 5.330468654632568 -56.08796310424805 1.7000000476837158
vertex 5.330468654632568 -56.08796310424805 0
vertex 5.428016185760498 -56.233951568603516 1.7000000476837158
endloop
endfacet
facet normal 0 0 -1
outer loop
vertex 5.428016185760498 -56.578369140625 1.7000000476837158
vertex 5.330468654632568 -56.72435760498047 1.7000000476837158
vertex 5.428016185760498 -56.233951568603516 1.7000000476837158
endloop
endfacet
facet normal 0 0 -1
outer loop
vertex 5.330468654632568 -56.08796310424805 1.7000000476837158
vertex 5.428016185760498 -56.233951568603516 1.7000000476837158
vertex 5.330468654632568 -56.72435760498047 1.7000000476837158
endloop
endfacet
facet normal 0 0 -1
outer loop
vertex 5.462270259857178 -56.406158447265625 1.7000000476837158
vertex 5.428016185760498 -56.578369140625 1.7000000476837158
vertex 5.428016185760498 -56.233951568603516 1.7000000476837158
endloop
endfacet
facet normal 0 0 1
outer loop
vertex -31.13743782043457 14.768839836120605 5
vertex -36.037437438964844 -13.581159591674805 5
vertex -31.13743782043457 0.6688402891159058 5
endloop
endfacet
facet normal 0 0 -1
outer loop
vertex 65.11909484863281 33.966636657714844 0
vertex 55.9443244934082 38.46335983276367 0
vertex 66.41909790039062 34.005184173583984 0
endloop
endfacet
facet normal 0 0 -1
outer loop
vertex -13.98743724822998 -47.066158294677734 0
vertex -14.159645080566406 -46.66190719604492 0
vertex -13.98743724822998 -46.69615936279297 0
endloop
endfacet
facet normal -0.9999999991648966 -0.00004086816555110299 0
outer loop
vertex -76.5748291015625 22.329011917114258 5
vertex -76.5748291015625 22.329011917114258 4.5
vertex -76.5747299194336 19.902132034301758 5
endloop
endfacet
facet normal 0 0 1
outer loop
vertex 65.21060943603516 62.91357421875 5
vertex 68.15528106689453 45.513362884521484 5
vertex 74.32450103759766 40.49309158325195 5
endloop
endfacet
facet normal 0 0 1
outer loop
vertex -76.5748291015625 22.329011917114258 5
vertex -76.5747299194336 19.902132034301758 5
vertex -75.27804565429688 19.90198516845703 5
endloop
endfacet
facet normal 0 0 1
outer loop
vertex -75.27777099609375 22.32886505126953 5
vertex -76.5748291015625 22.329011917114258 5
vertex -75.27804565429688 19.90198516845703 5
endloop
endfacet
facet normal 0 0 1
outer loop
vertex -75.27777099609375 22.32886505126953 5
vertex -75.27804565429688 19.90198516845703 5
vertex -69.13743591308594 24.418840408325195 5
endloop
endfacet
facet normal 0 0 1
outer loop
vertex -69.13743591308594 24.418840408325195 5
vertex -75.27804565429688 19.90198516845703 5
vertex -69.13743591308594 19.518840789794922 5
endloop
endfacet
facet normal 0 0 1
outer loop
vertex 66.12494659423828 63.8942756652832 5
vertex 65.61947631835938 64.51553344726562 5
vertex 66.32151794433594 63.55405807495117 5
endloop
endfacet
facet normal 0 0 1
outer loop
vertex 65.61947631835938 64.51553344726562 5
vertex 64.34356689453125 65.4784164428711 5
vertex 65.21060943603516 62.91357421875 5
endloop
endfacet
facet normal 0 0 1
outer loop
vertex 65.21060943603516 62.91357421875 5
vertex 66.32151794433594 63.55405807495117 5
vertex 65.61947631835938 64.51553344726562 5
endloop
endfacet
facet normal 0.8658637648742972 0.5002798623547702 0
outer loop
vertex 66.32151794433594 63.55405807495117 5
vertex 66.32151794433594 63.55405807495117 4.5
vertex 66.12494659423828 63.8942756652832 5
endloop
endfacet
facet normal 0 0 1
outer loop
vertex -75.27777099609375 22.32886505126953 5
vertex -69.13743591308594 24.418840408325195 5
vertex -69.13743591308594 38.51884078979492 5
endloop
endfacet
facet normal 0 0 1
outer loop
vertex 64.34356689453125 65.4784164428711 5
vertex 68.15528106689453 45.513362884521484 5
vertex 65.21060943603516 62.91357421875 5
endloop
endfacet
facet normal 0 0 1
outer loop
vertex -69.13743591308594 24.418840408325195 5
vertex -69.13743591308594 19.518840789794922 5
vertex -55.037437438964844 19.518840789794922 5
endloop
endfacet
facet normal 0 0 1
outer loop
vertex -55.037437438964844 19.518840789794922 5
vertex -55.037437438964844 24.418840408325195 5
vertex -69.13743591308594 24.418840408325195 5
endloop
endfacet
facet normal -0.9999999991648966 -0.00004086816555110299 0
outer loop
vertex -76.5748291015625 22.329011917114258 4.5
vertex -76.5747299194336 19.902132034301758 4.5
vertex -76.5747299194336 19.902132034301758 5
endloop
endfacet
facet normal 0 0 1
outer loop
vertex 64.34356689453125 65.4784164428711 5
vertex 62.856773376464844 65.98808288574219 5
vertex 68.15528106689453 45.513362884521484 5
endloop
endfacet
facet normal 0 0 1
outer loop
vertex 62.856773376464844 65.98808288574219 5
vertex 61.28520965576172 66.01007843017578 5
vertex 68.15528106689453 45.513362884521484 5
endloop
endfacet
facet normal 0 0 1
outer loop
vertex -55.037437438964844 0.5188402533531189 5
vertex -50.13743591308594 0.5188402533531189 5
vertex -50.13743591308594 5.418840408325195 5
endloop
endfacet
facet normal 0 0 1
outer loop
vertex -55.037437438964844 5.418840408325195 5
vertex -55.037437438964844 0.5188402533531189 5
vertex -50.13743591308594 19.518840789794922 5
endloop
endfacet
facet normal 0 0 1
outer loop
vertex -50.13743591308594 19.518840789794922 5
vertex -55.037437438964844 0.5188402533531189 5
vertex -50.13743591308594 5.418840408325195 5
endloop
endfacet
facet normal 0 0 1
outer loop
vertex 61.28520965576172 66.01007843017578 5
vertex 59.75259780883789 65.53221893310547 5
vertex 68.15528106689453 45.513362884521484 5
endloop
endfacet
facet normal 0 0 1
outer loop
vertex 61.105281829833984 57.72431945800781 5
vertex 68.15528106689453 45.513362884521484 5
vertex 59.75259780883789 65.53221893310547 5
endloop
endfacet
facet normal 0 0 1
outer loop
vertex -50.13743591308594 5.418840408325195 5
vertex -50.13743591308594 0.5188402533531189 5
vertex -36.037437438964844 0.5188402533531189 5
endloop
endfacet
facet normal 0 0 1
outer loop
vertex -36.037437438964844 5.418840408325195 5
vertex -50.13743591308594 5.418840408325195 5
vertex -36.037437438964844 0.5188402533531189 5
endloop
endfacet
facet normal 0 0 1
outer loop
vertex -55.037437438964844 5.418840408325195 5
vertex -69.13743591308594 5.418840408325195 5
vertex -55.037437438964844 0.5188402533531189 5
endloop
endfacet
facet normal 0 0 1
outer loop
vertex -69.13743591308594 5.418840408325195 5
vertex -69.13743591308594 0.5188402533531189 5
vertex -55.037437438964844 0.5188402533531189 5
endloop
endfacet
facet normal 0 0 1
outer loop
vertex -55.037437438964844 19.518840789794922 5
vertex -55.037437438964844 5.418840408325195 5
vertex -50.13743591308594 19.518840789794922 5
endloop
endfacet
facet normal 0 0 1
outer loop
vertex -55.037437438964844 24.418840408325195 5
vertex -55.037437438964844 19.518840789794922 5
vertex -50.13743591308594 24.418840408325195 5
endloop
endfacet
facet normal 0 0 1
outer loop
vertex -50.13743591308594 24.418840408325195 5
vertex -55.037437438964844 19.518840789794922 5
vertex -50.13743591308594 19.518840789794922 5
endloop
endfacet
facet normal 0 0 1
outer loop
vertex -50.13743591308594 24.418840408325195 5
vertex -50.13743591308594 38.51884078979492 5
vertex -55.037437438964844 24.418840408325195 5
endloop
endfacet
facet normal 0 0 1
outer loop
vertex -69.13743591308594 19.518840789794922 5
vertex -75.28018188476562 0.9019861817359924 5
vertex -69.13743591308594 5.418840408325195 5
endloop
endfacet
facet normal 0 0 1
outer loop
vertex -50.13743591308594 24.418840408325195 5
vertex -50.13743591308594 19.518840789794922 5
vertex -36.037437438964844 19.518840789794922 5
endloop
endfacet
facet normal 0 0 1
outer loop
vertex -50.13743591308594 24.418840408325195 5
vertex -36.037437438964844 19.518840789794922 5
vertex -36.037437438964844 24.418840408325195 5
endloop
endfacet
facet normal 0 0 1
outer loop
vertex -75.27804565429688 19.90198516845703 5
vertex -75.28018188476562 0.9019861817359924 5
vertex -69.13743591308594 19.518840789794922 5
endloop
endfacet
facet normal 0.0001089799470424679 0.9999999940616855 0
outer loop
vertex -76.57560729980469 40.82901382446289 4.5
vertex -77.27568054199219 40.8290901184082 0.20000000298023224
vertex -77.27568054199219 40.8290901184082 4.5
endloop
endfacet
facet normal -0.9999999993472016 -0.00003613304183654141 0
outer loop
vertex -76.57562255859375 41.25130844116211 4.5
vertex -76.57560729980469 40.82901382446289 0.20000000298023224
vertex -76.57560729980469 40.82901382446289 4.5
endloop
endfacet
facet normal -0.9755997541322354 0.21955664357318314 0
outer loop
vertex -76.57562255859375 41.25130844116211 0.20000000298023224
vertex -76.57562255859375 41.25130844116211 4.5
vertex -76.55813598632812 41.329010009765625 4.5
endloop
endfacet
facet normal 0 0 1
outer loop
vertex 75.82658386230469 47.10249328613281 5
vertex 74.70063781738281 46.45333480834961 5
vertex 75.96316528320312 46.8661003112793 5
endloop
endfacet
facet normal 0 0 1
outer loop
vertex 74.70063781738281 46.45333480834961 5
vertex 76.4410400390625 45.33343505859375 5
vertex 75.96316528320312 46.8661003112793 5
endloop
endfacet
facet normal -0.9755978438986331 0.21956513152208926 -1.6114660061474916e-7
outer loop
vertex -76.22310638427734 42.81765365600586 5
vertex -76.57562255859375 41.25130844116211 0.20000000298023224
vertex -76.55813598632812 41.329010009765625 4.5
endloop
endfacet
facet normal -0.8589352928902895 0.51208413627789 0
outer loop
vertex -75.41825103759766 44.16766357421875 5
vertex -76.22310638427734 42.81765365600586 0
vertex -76.22310638427734 42.81765365600586 5
endloop
endfacet
facet normal -0.6570837868433352 0.7538175489252174 0
outer loop
vertex -74.23345947265625 45.200416564941406 5
vertex -75.41825103759766 44.16766357421875 0
vertex -75.41825103759766 44.16766357421875 5
endloop
endfacet
facet normal -0.39006813813704055 0.9207859944690203 0
outer loop
vertex -72.7616195678711 45.82392501831055 5
vertex -74.23345947265625 45.200416564941406 0
vertex -74.23345947265625 45.200416564941406 5
endloop
endfacet
facet normal -0.15870976901646555 0.9873252803502706 0
outer loop
vertex -71.97090148925781 45.95103073120117 5
vertex -72.7616195678711 45.82392501831055 0
vertex -72.7616195678711 45.82392501831055 5
endloop
endfacet
facet normal 0 0 1
outer loop
vertex 74.70063781738281 46.45333480834961 5
vertex 76.4190444946289 43.76186752319336 5
vertex 76.4410400390625 45.33343505859375 5
endloop
endfacet
facet normal 0 0 1
outer loop
vertex -69.13743591308594 5.418840408325195 5
vertex -75.28045654296875 -1.5248931646347046 5
vertex -69.13743591308594 0.5188402533531189 5
endloop
endfacet
facet normal -0.000155879060815265 0.9999999878508592 0
outer loop
vertex -33.30488967895508 45.95705795288086 5
vertex -71.97090148925781 45.95103073120117 0
vertex -71.97090148925781 45.95103073120117 5
endloop
endfacet
facet normal 0 0 1
outer loop
vertex -75.28018188476562 0.9019861817359924 5
vertex -75.28045654296875 -1.5248931646347046 5
vertex -69.13743591308594 5.418840408325195 5
endloop
endfacet
facet normal 0 0 1
outer loop
vertex -75.28018188476562 0.9019861817359924 5
vertex -76.57392883300781 0.9021321535110474 5
vertex -75.28045654296875 -1.5248931646347046 5
endloop
endfacet
facet normal 0 0 1
outer loop
vertex -76.57392883300781 0.9021321535110474 5
vertex -76.5738296508789 -1.5247472524642944 5
vertex -75.28045654296875 -1.5248931646347046 5
endloop
endfacet
facet normal 0 0 1
outer loop
vertex 65.21060943603516 62.91357421875 5
vertex 74.94650268554688 40.999168395996094 5
vertex 75.90938568115234 42.27507781982422 5
endloop
endfacet
facet normal -0.9999999991648962 -0.00004086817358094569 0
outer loop
vertex -76.57392883300781 0.9021321535110474 5
vertex -76.57392883300781 0.9021321535110474 4.5
vertex -76.5738296508789 -1.5247472524642944 5
endloop
endfacet
facet normal 0.8658669562521079 0.5002743388089281 0
outer loop
vertex 75.96316528320312 46.8661003112793 5
vertex 75.82658386230469 47.10249328613281 4.5
vertex 75.82658386230469 47.10249328613281 5
endloop
endfacet
facet normal 0 0 1
outer loop
vertex 75.90938568115234 42.27507781982422 5
vertex 76.4190444946289 43.76186752319336 5
vertex 74.70063781738281 46.45333480834961 5
endloop
endfacet
facet normal 0 0 1
outer loop
vertex 74.94650268554688 40.999168395996094 5
vertex 65.21060943603516 62.91357421875 5
vertex 74.32450103759766 40.49309158325195 5
endloop
endfacet
facet normal 0 0 1
outer loop
vertex 68.15528106689453 45.513362884521484 5
vertex 55.9443244934082 38.46335983276367 5
vertex 74.32450103759766 40.49309158325195 5
endloop
endfacet
facet normal 0 0 1
outer loop
vertex -75.27562713623047 41.32886505126953 5
vertex -75.27777099609375 22.32886505126953 5
vertex -69.13743591308594 38.51884078979492 5
endloop
endfacet
facet normal -0.9999999984805185 -0.00005512679153696353 0
outer loop
vertex -76.57123565673828 -63.37850570678711 0
vertex -76.57122039794922 -63.65530014038086 0
vertex -76.57123565673828 -63.37850570678711 0.20000000298023224
endloop
endfacet
facet normal 0 0 1
outer loop
vertex 55.9443244934082 38.46335983276367 5
vertex 68.0978012084961 36.87295150756836 5
vertex 74.32450103759766 40.49309158325195 5
endloop
endfacet
facet normal 0 0 1
outer loop
vertex 68.04011535644531 36.83103942871094 5
vertex 68.0978012084961 36.87295150756836 5
vertex 55.9443244934082 38.46335983276367 5
endloop
endfacet
facet normal 0 0 1
outer loop
vertex 67.28327178955078 36.153499603271484 5
vertex 68.04011535644531 36.83103942871094 5
vertex 55.9443244934082 38.46335983276367 5
endloop
endfacet
facet normal -0.9755978554926795 0.219565080006099 0
outer loop
vertex -76.22310638427734 42.81765365600586 5
vertex -76.55813598632812 41.329010009765625 4.5
vertex -76.55813598632812 41.329010009765625 5
endloop
endfacet
facet normal 0 0 1
outer loop
vertex -76.22310638427734 42.81765365600586 5
vertex -76.55813598632812 41.329010009765625 5
vertex -75.27562713623047 41.32886505126953 5
endloop
endfacet
facet normal 0 0 1
outer loop
vertex -76.22310638427734 42.81765365600586 5
vertex -75.27562713623047 41.32886505126953 5
vertex -72.7616195678711 45.82392501831055 5
endloop
endfacet
facet normal 0 0 1
outer loop
vertex -75.41825103759766 44.16766357421875 5
vertex -76.22310638427734 42.81765365600586 5
vertex -72.7616195678711 45.82392501831055 5
endloop
endfacet
facet normal 0 0 1
outer loop
vertex -71.97090148925781 45.95103073120117 5
vertex -72.7616195678711 45.82392501831055 5
vertex -75.27562713623047 41.32886505126953 5
endloop
endfacet
facet normal 0 0 1
outer loop
vertex -74.23345947265625 45.200416564941406 5
vertex -75.41825103759766 44.16766357421875 5
vertex -72.7616195678711 45.82392501831055 5
endloop
endfacet
facet normal 0 0 1
outer loop
vertex 67.21446990966797 36.06939697265625 5
vertex 67.28327178955078 36.153499603271484 5
vertex 55.9443244934082 38.46335983276367 5
endloop
endfacet
facet normal 0 0 1
outer loop
vertex -75.27562713623047 41.32886505126953 5
vertex -69.13743591308594 38.51884078979492 5
vertex -55.037437438964844 38.51884078979492 5
endloop
endfacet
facet normal 0 0 1
outer loop
vertex -75.27562713623047 41.32886505126953 5
vertex -55.037437438964844 38.51884078979492 5
vertex -50.13743591308594 38.51884078979492 5
endloop
endfacet
facet normal 0 0 1
outer loop
vertex -33.30488967895508 45.95705795288086 5
vertex -71.97090148925781 45.95103073120117 5
vertex -75.27562713623047 41.32886505126953 5
endloop
endfacet
facet normal 0 0 1
outer loop
vertex 55.9443244934082 38.46335983276367 5
vertex 66.6907958984375 35.177242279052734 5
vertex 67.21446990966797 36.06939697265625 5
endloop
endfacet
facet normal 0 0 1
outer loop
vertex -55.037437438964844 38.51884078979492 5
vertex -55.037437438964844 24.418840408325195 5
vertex -50.13743591308594 38.51884078979492 5
endloop
endfacet
facet normal 0 0 1
outer loop
vertex -75.27562713623047 41.32886505126953 5
vertex -50.13743591308594 38.51884078979492 5
vertex -36.037437438964844 38.51884078979492 5
endloop
endfacet
facet normal 0 0 1
outer loop
vertex 66.65090942382812 35.07616424560547 5
vertex 66.6907958984375 35.177242279052734 5
vertex 55.9443244934082 38.46335983276367 5
endloop
endfacet
facet normal 0 0 1
outer loop
vertex -33.30488967895508 45.95705795288086 5
vertex -75.27562713623047 41.32886505126953 5
vertex -36.037437438964844 38.51884078979492 5
endloop
endfacet
facet normal 0 0 1
outer loop
vertex 66.41909790039062 34.005184173583984 5
vertex 65.11909484863281 33.966636657714844 5
vertex 66.41909790039062 33.96649932861328 5
endloop
endfacet
facet normal -0.9999999991648962 -0.00004086817358094569 0
outer loop
vertex -76.57392883300781 0.9021321535110474 4.5
vertex -76.5738296508789 -1.5247472524642944 4.5
vertex -76.5738296508789 -1.5247472524642944 5
endloop
endfacet
facet normal 0 0 1
outer loop
vertex 66.4276351928711 34.08208465576172 5
vertex 66.65090942382812 35.07616424560547 5
vertex 55.9443244934082 38.46335983276367 5
endloop
endfacet
facet normal 0 0 1
outer loop
vertex 66.41909790039062 34.005184173583984 5
vertex 66.4276351928711 34.08208465576172 5
vertex 55.9443244934082 38.46335983276367 5
endloop
endfacet
facet normal -0.9999999936296223 0.0001128732393402321 6.222208244688051e-7
outer loop
vertex -77.27568054199219 40.8290901184082 4.5
vertex -77.27763366699219 23.549091339111328 0.20000000298023224
vertex -77.27705383300781 28.662424087524414 4.5
endloop
endfacet
facet normal -0.9999999936736352 0.00011247906068988592 0.0000010909572496914824
outer loop
vertex -77.27763366699219 23.549091339111328 0.20000000298023224
vertex -77.2777099609375 22.829090118408203 4.5
vertex -77.27705383300781 28.662424087524414 4.5
endloop
endfacet
facet normal -0.00011126187176723559 -0.999999993810398 0
outer loop
vertex -77.2777099609375 22.829090118408203 4.5
vertex -76.5748519897461 22.829011917114258 0.20000000298023224
vertex -76.5748519897461 22.829011917114258 4.5
endloop
endfacet
facet normal -0.9999999989484251 -0.00004577636713936272 0.00000277014319187481
outer loop
vertex -76.5748519897461 22.829011917114258 4.5
vertex -76.57470703125 19.402132034301758 0.20000000298023224
vertex -76.5748291015625 22.329011917114258 4.5
endloop
endfacet
facet normal -0.9999999991647336 -0.000040868165551096326 -5.707211164616251e-7
outer loop
vertex -76.57470703125 19.402132034301758 0.20000000298023224
vertex -76.5747299194336 19.902132034301758 4.5
vertex -76.5748291015625 22.329011917114258 4.5
endloop
endfacet
facet normal -0.999999998952262 -0.00004577636713953836 0
outer loop
vertex -76.57470703125 19.402132034301758 0.20000000298023224
vertex -76.57470703125 19.402132034301758 4.5
vertex -76.5747299194336 19.902132034301758 4.5
endloop
endfacet
facet normal 0.00011388903879715554 0.9999999935146434 0
outer loop
vertex -76.57470703125 19.402132034301758 4.5
vertex -77.2780990600586 19.402212142944336 0.20000000298023224
vertex -77.2780990600586 19.402212142944336 4.5
endloop
endfacet
facet normal -0.9999999936291534 0.00011287323049270191 -0.0000011520589592494773
outer loop
vertex -77.2780990600586 19.402212142944336 4.5
vertex -77.28004455566406 2.1222119331359863 0.20000000298023224
vertex -77.27947235107422 7.2355451583862305 4.5
endloop
endfacet
facet normal -0.9999999936739956 0.00011247907218296831 -6.83346678266881e-7
outer loop
vertex -77.28004455566406 2.1222119331359863 0.20000000298023224
vertex -77.2801284790039 1.4022117853164673 4.5
vertex -77.27947235107422 7.2355451583862305 4.5
endloop
endfacet
facet normal -0.00011276469245504562 -0.999999993642062 0
outer loop
vertex -77.2801284790039 1.4022117853164673 4.5
vertex -76.5739517211914 1.4021321535110474 0.20000000298023224
vertex -76.5739517211914 1.4021321535110474 4.5
endloop
endfacet
facet normal -0.9999999989484253 -0.00004577636713936273 0.00000277013684656294
outer loop
vertex -76.5739517211914 1.4021321535110474 4.5
vertex -76.57380676269531 -2.024747133255005 0.20000000298023224
vertex -76.57392883300781 0.9021321535110474 4.5
endloop
endfacet
facet normal -0.9999999991647333 -0.000040868173580939026 -5.707213157510621e-7
outer loop
vertex -76.57380676269531 -2.024747133255005 0.20000000298023224
vertex -76.5738296508789 -1.5247472524642944 4.5
vertex -76.57392883300781 0.9021321535110474 4.5
endloop
endfacet
facet normal -0.9999999989522615 -0.00004577637805347735 0
outer loop
vertex -76.57380676269531 -2.024747133255005 0.20000000298023224
vertex -76.57380676269531 -2.024747133255005 4.5
vertex -76.5738296508789 -1.5247472524642944 4.5
endloop
endfacet
facet normal 0.00011267947677576684 0.9999999936516677 0
outer loop
vertex -76.57380676269531 -2.024747133255005 4.5
vertex -77.280517578125 -2.024667501449585 0.20000000298023224
vertex -77.280517578125 -2.024667501449585 4.5
endloop
endfacet
facet normal 0 0 1
outer loop
vertex 55.9443244934082 38.46335983276367 5
vertex 65.11909484863281 33.966636657714844 5
vertex 66.41909790039062 34.005184173583984 5
endloop
endfacet
facet normal 1 0 0
outer loop
vertex 66.41909790039062 33.96649932861328 5
vertex 66.41909790039062 33.96649932861328 4.5
vertex 66.41909790039062 34.005184173583984 5
endloop
endfacet
facet normal -0.004692179873977771 0.9999889916634234 0
outer loop
vertex -1.948900818824768 43.65703201293945 0
vertex -15.129769325256348 43.595184326171875 0
vertex -15.129769325256348 43.595184326171875 5
endloop
endfacet
facet normal -0.7014760264089833 0.7126930505999504 0
outer loop
vertex -15.129769325256348 43.595184326171875 0
vertex -16.710952758789062 42.03888702392578 0
vertex -15.129769325256348 43.595184326171875 5
endloop
endfacet
facet normal -0.6027381283057097 0.7979390632664438 0
outer loop
vertex -16.710952758789062 42.03888702392578 0
vertex -16.78396224975586 41.98373794555664 0
vertex -16.710952758789062 42.03888702392578 5
endloop
endfacet
facet normal -0.49376368916926955 0.8695961242197167 0
outer loop
vertex -16.78396224975586 41.98373794555664 0
vertex -17.676090240478516 41.47718048095703 0
vertex -16.78396224975586 41.98373794555664 5
endloop
endfacet
facet normal -0.3536555427360445 0.9353757304378139 0
outer loop
vertex -17.676090240478516 41.47718048095703 0
vertex -17.77773094177246 41.438751220703125 0
vertex -17.676090240478516 41.47718048095703 5
endloop
endfacet
facet normal -0.20510092714808142 0.9787408286584337 0
outer loop
vertex -17.77773094177246 41.438751220703125 0
vertex -18.772491455078125 41.23029327392578 0
vertex -17.77773094177246 41.438751220703125 5
endloop
endfacet
facet normal -0.10298721738050395 0.9946826795798852 0
outer loop
vertex -18.772491455078125 41.23029327392578 0
vertex -18.844520568847656 41.222835540771484 0
vertex -18.772491455078125 41.23029327392578 5
endloop
endfacet
facet normal 0 0 1
outer loop
vertex -36.037437438964844 5.418840408325195 5
vertex -36.037437438964844 0.5188402533531189 5
vertex -31.13743782043457 14.768839836120605 5
endloop
endfacet
facet normal 0.00015144262163083262 0.9999999885325662 0
outer loop
vertex -18.844520568847656 41.222835540771484 0
vertex -26.04859161376953 41.22392654418945 0
vertex -18.844520568847656 41.222835540771484 5
endloop
endfacet
facet normal 0 0 1
outer loop
vertex 59.75259780883789 65.53221893310547 5
vertex 42.671878814697266 55.66017532348633 5
vertex 61.105281829833984 57.72431945800781 5
endloop
endfacet
facet normal 0 0 1
outer loop
vertex 48.894325256347656 50.674320220947266 5
vertex 61.105281829833984 57.72431945800781 5
vertex 42.671878814697266 55.66017532348633 5
endloop
endfacet
facet normal 0.10644647162165548 0.9943184342449355 0
outer loop
vertex -26.04859161376953 41.22392654418945 0
vertex -26.122779846191406 41.231868743896484 0
vertex -26.04859161376953 41.22392654418945 5
endloop
endfacet
facet normal 0 0 1
outer loop
vertex -36.037437438964844 0.5188402533531189 5
vertex -36.037437438964844 -13.581159591674805 5
vertex -31.13743782043457 14.768839836120605 5
endloop
endfacet
facet normal 0 0 -1
outer loop
vertex -76.57122039794922 -63.65530014038086 0
vertex -76.57123565673828 -63.37850570678711 0
vertex -75.28743743896484 -63.3786506652832 0
endloop
endfacet
facet normal 0 0 1
outer loop
vertex 65.21060943603516 62.91357421875 5
vertex 75.90938568115234 42.27507781982422 5
vertex 74.70063781738281 46.45333480834961 5
endloop
endfacet
facet normal 0 0 1
outer loop
vertex -36.037437438964844 5.418840408325195 5
vertex -31.13743782043457 14.768839836120605 5
vertex -31.13743782043457 19.668840408325195 5
endloop
endfacet
facet normal 0.21151913720549584 0.9773738561041229 0
outer loop
vertex -26.122779846191406 41.231868743896484 0
vertex -27.117225646972656 41.44708251953125 0
vertex -26.122779846191406 41.231868743896484 5
endloop
endfacet
facet normal 0 0 1
outer loop
vertex -31.13743782043457 0.6688402891159058 5
vertex -17.037437438964844 -4.231159687042236 5
vertex -17.037437438964844 0.6688402891159058 5
endloop
endfacet
facet normal 0.8052863427233995 0.5928860819948228 0
outer loop
vertex -28.238813400268555 42.10871124267578 0
vertex -29.796405792236328 44.224308013916016 0
vertex -28.238813400268555 42.10871124267578 5
endloop
endfacet
facet normal 0.35979523301873284 0.9330312911671267 0
outer loop
vertex -27.117225646972656 41.44708251953125 0
vertex -27.218612670898438 41.48617935180664 0
vertex -27.117225646972656 41.44708251953125 5
endloop
endfacet
facet normal 0 0 1
outer loop
vertex -36.037437438964844 19.518840789794922 5
vertex -36.037437438964844 5.418840408325195 5
vertex -31.13743782043457 33.76884078979492 5
endloop
endfacet
facet normal 0 0 1
outer loop
vertex -31.13743782043457 33.76884078979492 5
vertex -36.037437438964844 5.418840408325195 5
vertex -31.13743782043457 19.668840408325195 5
endloop
endfacet
facet normal 0 0 1
outer loop
vertex -36.037437438964844 24.418840408325195 5
vertex -36.037437438964844 19.518840789794922 5
vertex -31.13743782043457 33.76884078979492 5
endloop
endfacet
facet normal 0.4994644128714642 0.8663344044160798 0
outer loop
vertex -27.218612670898438 41.48617935180664 0
vertex -28.130624771118164 42.01197814941406 0
vertex -27.218612670898438 41.48617935180664 5
endloop
endfacet
facet normal 0.6665374279659445 0.7454715669430614 0
outer loop
vertex -28.130624771118164 42.01197814941406 0
vertex -28.238813400268555 42.10871124267578 0
vertex -28.130624771118164 42.01197814941406 5
endloop
endfacet
facet normal 0 0 1
outer loop
vertex -31.13743782043457 19.668840408325195 5
vertex -31.13743782043457 14.768839836120605 5
vertex -17.037437438964844 14.768839836120605 5
endloop
endfacet
facet normal 0 0 1
outer loop
vertex -17.037437438964844 19.668840408325195 5
vertex -31.13743782043457 19.668840408325195 5
vertex -17.037437438964844 14.768839836120605 5
endloop
endfacet
facet normal 0.5120850436993839 0.8589347518987691 0
outer loop
vertex -30.365558624267578 44.785972595214844 0
vertex -31.73858070373535 45.604549407958984 0
vertex -30.365558624267578 44.785972595214844 5
endloop
endfacet
facet normal 0.2195649736709365 0.975597879424141 0
outer loop
vertex -31.73858070373535 45.604549407958984 0
vertex -33.30488967895508 45.95705795288086 0
vertex -31.73858070373535 45.604549407958984 5
endloop
endfacet
facet normal 0 0 1
outer loop
vertex -17.037437438964844 0.6688402891159058 5
vertex -17.037437438964844 -4.231159687042236 5
vertex -12.13743782043457 -1.7061597108840942 5
endloop
endfacet
facet normal 0 0 1
outer loop
vertex -12.13743782043457 -1.7061597108840942 5
vertex -12.13743782043457 12.393839836120605 5
vertex -17.037437438964844 0.6688402891159058 5
endloop
endfacet
facet normal 0 0 1
outer loop
vertex -17.037437438964844 14.768839836120605 5
vertex -17.037437438964844 0.6688402891159058 5
vertex -12.13743782043457 12.393839836120605 5
endloop
endfacet
facet normal 0.7024089335836905 0.7117736227353628 0
outer loop
vertex -29.796405792236328 44.224308013916016 0
vertex -30.365558624267578 44.785972595214844 0
vertex -29.796405792236328 44.224308013916016 5
endloop
endfacet
facet normal 0 0 -1
outer loop
vertex -14.97519588470459 42.89384078979492 0
vertex -1.948900818824768 43.65703201293945 0
vertex -2.7120931148529053 42.89384078979492 0
endloop
endfacet
facet normal 0 0 1
outer loop
vertex -17.037437438964844 19.668840408325195 5
vertex -17.037437438964844 14.768839836120605 5
vertex -12.13743782043457 12.393839836120605 5
endloop
endfacet
facet normal 0 0 1
outer loop
vertex -17.037437438964844 19.668840408325195 5
vertex -12.13743782043457 12.393839836120605 5
vertex -14.97519588470459 19.893840789794922 5
endloop
endfacet
facet normal 0 0 1
outer loop
vertex -14.97519588470459 19.893840789794922 5
vertex -14.97519588470459 42.89384078979492 5
vertex -17.037437438964844 19.668840408325195 5
endloop
endfacet
facet normal 0 0 1
outer loop
vertex -14.97519588470459 19.893840789794922 5
vertex -12.13743782043457 12.393839836120605 5
vertex 1.9625624418258667 12.393839836120605 5
endloop
endfacet
facet normal 0 0 1
outer loop
vertex -14.97519588470459 19.893840789794922 5
vertex 1.9625624418258667 12.393839836120605 5
vertex 1.3748037815093994 19.47044563293457 5
endloop
endfacet
facet normal 0 0 1
outer loop
vertex 0.7701348066329956 19.893840789794922 5
vertex -14.97519588470459 19.893840789794922 5
vertex 1.3748037815093994 19.47044563293457 5
endloop
endfacet
facet normal 0 0 -1
outer loop
vertex -15.129769325256348 43.595184326171875 0
vertex -1.948900818824768 43.65703201293945 0
vertex -14.97519588470459 42.89384078979492 0
endloop
endfacet
facet normal 0 0 -1
outer loop
vertex -14.97519588470459 42.89384078979492 0
vertex -16.710952758789062 42.03888702392578 0
vertex -15.129769325256348 43.595184326171875 0
endloop
endfacet
facet normal 0.8052863427233995 0.5928860819948228 0
outer loop
vertex -28.238813400268555 42.10871124267578 5
vertex -29.796405792236328 44.224308013916016 0
vertex -29.796405792236328 44.224308013916016 5
endloop
endfacet
facet normal 0.2195649736709365 0.975597879424141 0
outer loop
vertex -31.73858070373535 45.604549407958984 5
vertex -33.30488967895508 45.95705795288086 0
vertex -33.30488967895508 45.95705795288086 5
endloop
endfacet
facet normal 0.5120850436993839 0.8589347518987691 0
outer loop
vertex -30.365558624267578 44.785972595214844 5
vertex -31.73858070373535 45.604549407958984 0
vertex -31.73858070373535 45.604549407958984 5
endloop
endfacet
facet normal 0.7024089335836905 0.7117736227353628 0
outer loop
vertex -29.796405792236328 44.224308013916016 5
vertex -30.365558624267578 44.785972595214844 0
vertex -30.365558624267578 44.785972595214844 5
endloop
endfacet
facet normal 0 0 -1
outer loop
vertex -17.676090240478516 41.47718048095703 0
vertex -17.037437438964844 33.76884078979492 0
vertex -21.58743667602539 34.468841552734375 0
endloop
endfacet
facet normal 0 0 -1
outer loop
vertex -14.97519588470459 19.893840789794922 0
vertex -16.710952758789062 42.03888702392578 0
vertex -14.97519588470459 42.89384078979492 0
endloop
endfacet
facet normal 0.6665374279659445 0.7454715669430614 0
outer loop
vertex -28.130624771118164 42.01197814941406 5
vertex -28.238813400268555 42.10871124267578 0
vertex -28.238813400268555 42.10871124267578 5
endloop
endfacet
facet normal 0.4994644128714642 0.8663344044160798 0
outer loop
vertex -27.218612670898438 41.48617935180664 5
vertex -28.130624771118164 42.01197814941406 0
vertex -28.130624771118164 42.01197814941406 5
endloop
endfacet
facet normal 0.35979523301873284 0.9330312911671267 0
outer loop
vertex -27.117225646972656 41.44708251953125 5
vertex -27.218612670898438 41.48617935180664 0
vertex -27.218612670898438 41.48617935180664 5
endloop
endfacet
facet normal 0.10644647162165548 0.9943184342449355 0
outer loop
vertex -26.04859161376953 41.22392654418945 5
vertex -26.122779846191406 41.231868743896484 0
vertex -26.122779846191406 41.231868743896484 5
endloop
endfacet
facet normal 0.21151913720549584 0.9773738561041229 0
outer loop
vertex -26.122779846191406 41.231868743896484 5
vertex -27.117225646972656 41.44708251953125 0
vertex -27.117225646972656 41.44708251953125 5
endloop
endfacet
facet normal 0.00015144262163083262 0.9999999885325662 0
outer loop
vertex -18.844520568847656 41.222835540771484 5
vertex -26.04859161376953 41.22392654418945 0
vertex -26.04859161376953 41.22392654418945 5
endloop
endfacet
facet normal 0 0 -1
outer loop
vertex -16.78396224975586 41.98373794555664 0
vertex -16.710952758789062 42.03888702392578 0
vertex -14.97519588470459 19.893840789794922 0
endloop
endfacet
facet normal -0.10298721738050395 0.9946826795798852 0
outer loop
vertex -18.772491455078125 41.23029327392578 5
vertex -18.844520568847656 41.222835540771484 0
vertex -18.844520568847656 41.222835540771484 5
endloop
endfacet
facet normal -0.20510092714808142 0.9787408286584337 0
outer loop
vertex -17.77773094177246 41.438751220703125 5
vertex -18.772491455078125 41.23029327392578 0
vertex -18.772491455078125 41.23029327392578 5
endloop
endfacet
facet normal -0.3536555427360445 0.9353757304378139 0
outer loop
vertex -17.676090240478516 41.47718048095703 5
vertex -17.77773094177246 41.438751220703125 0
vertex -17.77773094177246 41.438751220703125 5
endloop
endfacet
facet normal -0.49376368916926955 0.8695961242197167 0
outer loop
vertex -16.78396224975586 41.98373794555664 5
vertex -17.676090240478516 41.47718048095703 0
vertex -17.676090240478516 41.47718048095703 5
endloop
endfacet
facet normal -0.6027381283057097 0.7979390632664438 0
outer loop
vertex -16.710952758789062 42.03888702392578 5
vertex -16.78396224975586 41.98373794555664 0
vertex -16.78396224975586 41.98373794555664 5
endloop
endfacet
facet normal -0.7014760264089833 0.7126930505999504 0
outer loop
vertex -15.129769325256348 43.595184326171875 5
vertex -16.710952758789062 42.03888702392578 0
vertex -16.710952758789062 42.03888702392578 5
endloop
endfacet
facet normal 0 0 -1
outer loop
vertex -76.3260269165039 -64.61711883544922 0
vertex -76.57122039794922 -63.65530014038086 0
vertex -75.28743743896484 -63.3786506652832 0
endloop
endfacet
facet normal -0.004692179873977771 0.9999889916634234 0
outer loop
vertex -15.129769325256348 43.595184326171875 5
vertex -1.948900818824768 43.65703201293945 5
vertex -1.948900818824768 43.65703201293945 0
endloop
endfacet
facet normal 0 0 1
outer loop
vertex 42.671878814697266 55.66017532348633 5
vertex 41.309879302978516 54.670310974121094 5
vertex 48.894325256347656 50.674320220947266 5
endloop
endfacet
facet normal 0 0 -1
outer loop
vertex -17.676090240478516 41.47718048095703 0
vertex -16.78396224975586 41.98373794555664 0
vertex -14.97519588470459 19.893840789794922 0
endloop
endfacet
facet normal 0 0 1
outer loop
vertex -36.037437438964844 38.51884078979492 5
vertex -36.037437438964844 24.418840408325195 5
vertex -31.13743782043457 33.76884078979492 5
endloop
endfacet
facet normal 0 0 1
outer loop
vertex -36.037437438964844 38.51884078979492 5
vertex -31.13743782043457 33.76884078979492 5
vertex -26.04859161376953 41.22392654418945 5
endloop
endfacet
facet normal 0 0 1
outer loop
vertex -33.30488967895508 45.95705795288086 5
vertex -36.037437438964844 38.51884078979492 5
vertex -31.73858070373535 45.604549407958984 5
endloop
endfacet
facet normal 0 0 1
outer loop
vertex -30.365558624267578 44.785972595214844 5
vertex -31.73858070373535 45.604549407958984 5
vertex -36.037437438964844 38.51884078979492 5
endloop
endfacet
facet normal 0 0 1
outer loop
vertex -30.365558624267578 44.785972595214844 5
vertex -36.037437438964844 38.51884078979492 5
vertex -29.796405792236328 44.224308013916016 5
endloop
endfacet
facet normal 0 0 1
outer loop
vertex -27.218612670898438 41.48617935180664 5
vertex -28.130624771118164 42.01197814941406 5
vertex -36.037437438964844 38.51884078979492 5
endloop
endfacet
facet normal 0 0 1
outer loop
vertex -28.130624771118164 42.01197814941406 5
vertex -28.238813400268555 42.10871124267578 5
vertex -36.037437438964844 38.51884078979492 5
endloop
endfacet
facet normal 0 0 1
outer loop
vertex -28.238813400268555 42.10871124267578 5
vertex -29.796405792236328 44.224308013916016 5
vertex -36.037437438964844 38.51884078979492 5
endloop
endfacet
facet normal 0 0 1
outer loop
vertex -27.117225646972656 41.44708251953125 5
vertex -27.218612670898438 41.48617935180664 5
vertex -36.037437438964844 38.51884078979492 5
endloop
endfacet
facet normal 0 0 1
outer loop
vertex -26.122779846191406 41.231868743896484 5
vertex -27.117225646972656 41.44708251953125 5
vertex -36.037437438964844 38.51884078979492 5
endloop
endfacet
facet normal 0 0 1
outer loop
vertex -26.04859161376953 41.22392654418945 5
vertex -26.122779846191406 41.231868743896484 5
vertex -36.037437438964844 38.51884078979492 5
endloop
endfacet
facet normal 0 0 -1
outer loop
vertex -17.676090240478516 41.47718048095703 0
vertex -26.58743667602539 34.468841552734375 0
vertex -17.77773094177246 41.438751220703125 0
endloop
endfacet
facet normal 0 0 1
outer loop
vertex -26.04859161376953 41.22392654418945 5
vertex -31.13743782043457 33.76884078979492 5
vertex -17.037437438964844 33.76884078979492 5
endloop
endfacet
facet normal 0 0 1
outer loop
vertex -18.844520568847656 41.222835540771484 5
vertex -26.04859161376953 41.22392654418945 5
vertex -17.037437438964844 33.76884078979492 5
endloop
endfacet
facet normal 0 0 1
outer loop
vertex -17.037437438964844 33.76884078979492 5
vertex -17.037437438964844 19.668840408325195 5
vertex -14.97519588470459 42.89384078979492 5
endloop
endfacet
facet normal 0 0 1
outer loop
vertex -18.772491455078125 41.23029327392578 5
vertex -18.844520568847656 41.222835540771484 5
vertex -17.037437438964844 33.76884078979492 5
endloop
endfacet
facet normal 0 0 1
outer loop
vertex -17.77773094177246 41.438751220703125 5
vertex -18.772491455078125 41.23029327392578 5
vertex -17.037437438964844 33.76884078979492 5
endloop
endfacet
facet normal 0 0 1
outer loop
vertex -17.676090240478516 41.47718048095703 5
vertex -17.77773094177246 41.438751220703125 5
vertex -17.037437438964844 33.76884078979492 5
endloop
endfacet
facet normal 0 0 1
outer loop
vertex -17.676090240478516 41.47718048095703 5
vertex -17.037437438964844 33.76884078979492 5
vertex -14.97519588470459 42.89384078979492 5
endloop
endfacet
facet normal 0 0 1
outer loop
vertex -16.78396224975586 41.98373794555664 5
vertex -17.676090240478516 41.47718048095703 5
vertex -14.97519588470459 42.89384078979492 5
endloop
endfacet
facet normal 0 0 1
outer loop
vertex -16.710952758789062 42.03888702392578 5
vertex -16.78396224975586 41.98373794555664 5
vertex -14.97519588470459 42.89384078979492 5
endloop
endfacet
facet normal 0 0 1
outer loop
vertex -15.129769325256348 43.595184326171875 5
vertex -16.710952758789062 42.03888702392578 5
vertex -14.97519588470459 42.89384078979492 5
endloop
endfacet
facet normal 0 0 1
outer loop
vertex -1.948900818824768 43.65703201293945 5
vertex -15.129769325256348 43.595184326171875 5
vertex -14.97519588470459 42.89384078979492 5
endloop
endfacet
facet normal 0 0 1
outer loop
vertex -14.97519588470459 42.89384078979492 5
vertex -2.7120931148529053 42.89384078979492 5
vertex -1.948900818824768 43.65703201293945 5
endloop
endfacet
facet normal 0 0 -1
outer loop
vertex 0.4875739514827728 -69.24551391601562 0
vertex -0.2600037157535553 -68.05045318603516 0
vertex 1.9625624418258667 -58.70616149902344 0
endloop
endfacet
facet normal 0 0 -1
outer loop
vertex 1.9625624418258667 -58.70616149902344 0
vertex -0.2600037157535553 -68.05045318603516 0
vertex -0.2984164357185364 -67.99988555908203 0
endloop
endfacet
facet normal 0 0 -1
outer loop
vertex -0.980964720249176 -67.2528305053711 0
vertex -1.0657609701156616 -67.18487548828125 0
vertex 1.9625624418258667 -58.70616149902344 0
endloop
endfacet
facet normal 0 0 -1
outer loop
vertex 1.9625624418258667 -58.70616149902344 0
vertex -1.0657609701156616 -67.18487548828125 0
vertex -1.9631825685501099 -66.67028045654297 0
endloop
endfacet
facet normal 0 0 -1
outer loop
vertex -0.2984164357185364 -67.99988555908203 0
vertex -0.980964720249176 -67.2528305053711 0
vertex 1.9625624418258667 -58.70616149902344 0
endloop
endfacet
facet normal 0 0 -1
outer loop
vertex 1.2479091882705688 -70.02064514160156 0
vertex 4.596524715423584 -56.578369140625 0
vertex 2.1574482917785645 -70.613037109375 0
endloop
endfacet
facet normal 0 0 -1
outer loop
vertex 2.1574482917785645 -70.613037109375 0
vertex 5.012270450592041 -56.85615921020508 0
vertex 3.1734814643859863 -70.99495697021484 0
endloop
endfacet
facet normal 0 0 -1
outer loop
vertex 0.4875739514827728 -69.24551391601562 0
vertex 4.694072246551514 -51.64435958862305 0
vertex 1.2479091882705688 -70.02064514160156 0
endloop
endfacet
facet normal 0 0 -1
outer loop
vertex 3.1734814643859863 -70.99495697021484 0
vertex 6.862562656402588 -56.33116149902344 0
vertex 4.274558067321777 -71.15216064453125 0
endloop
endfacet
facet normal 0 0 -1
outer loop
vertex 4.596524715423584 -56.578369140625 0
vertex 1.2479091882705688 -70.02064514160156 0
vertex 4.562270641326904 -56.406158447265625 0
endloop
endfacet
facet normal 0 0 -1
outer loop
vertex 4.562270641326904 -56.406158447265625 0
vertex 1.2479091882705688 -70.02064514160156 0
vertex 4.562270641326904 -55.13615798950195 0
endloop
endfacet
facet normal 0 0 -1
outer loop
vertex 2.1574482917785645 -70.613037109375 0
vertex 4.694072246551514 -56.72435760498047 0
vertex 4.840063095092773 -56.82190704345703 0
endloop
endfacet
facet normal 0 0 -1
outer loop
vertex 4.694072246551514 -56.72435760498047 0
vertex 2.1574482917785645 -70.613037109375 0
vertex 4.596524715423584 -56.578369140625 0
endloop
endfacet
facet normal 0 0 -1
outer loop
vertex 5.012270450592041 -56.85615921020508 0
vertex 2.1574482917785645 -70.613037109375 0
vertex 4.840063095092773 -56.82190704345703 0
endloop
endfacet
facet normal 0 0 -1
outer loop
vertex 0.4875739514827728 -69.24551391601562 0
vertex 1.9625624418258667 -58.70616149902344 0
vertex 4.596524715423584 -47.6883659362793 0
endloop
endfacet
facet normal 0 0 -1
outer loop
vertex 4.562270641326904 -55.13615798950195 0
vertex 1.2479091882705688 -70.02064514160156 0
vertex 4.562270641326904 -53.86616134643555 0
endloop
endfacet
facet normal 0 0 -1
outer loop
vertex 4.562270641326904 -53.86616134643555 0
vertex 1.2479091882705688 -70.02064514160156 0
vertex 4.562270641326904 -52.596160888671875 0
endloop
endfacet
facet normal 0 0 -1
outer loop
vertex 4.562270641326904 -52.596160888671875 0
vertex 1.2479091882705688 -70.02064514160156 0
vertex 4.694072246551514 -51.64435958862305 0
endloop
endfacet
facet normal 0 0 -1
outer loop
vertex 4.694072246551514 -51.64435958862305 0
vertex 0.4875739514827728 -69.24551391601562 0
vertex 4.596524715423584 -51.49836730957031 0
endloop
endfacet
facet normal 0 0 -1
outer loop
vertex 4.596524715423584 -51.49836730957031 0
vertex 0.4875739514827728 -69.24551391601562 0
vertex 4.562270641326904 -51.3261604309082 0
endloop
endfacet
facet normal 0 0 -1
outer loop
vertex 4.562270641326904 -51.3261604309082 0
vertex 0.4875739514827728 -69.24551391601562 0
vertex 4.596524715423584 -50.22836685180664 0
endloop
endfacet
facet normal 0 0 -1
outer loop
vertex 4.596524715423584 -50.22836685180664 0
vertex 0.4875739514827728 -69.24551391601562 0
vertex 4.562270641326904 -50.05615997314453 0
endloop
endfacet
facet normal 0 0 -1
outer loop
vertex 4.562270641326904 -50.05615997314453 0
vertex 0.4875739514827728 -69.24551391601562 0
vertex 4.596524715423584 -48.95836639404297 0
endloop
endfacet
facet normal 0 0 -1
outer loop
vertex 4.596524715423584 -48.95836639404297 0
vertex 0.4875739514827728 -69.24551391601562 0
vertex 4.562270641326904 -48.78615951538086 0
endloop
endfacet
facet normal 0 0 -1
outer loop
vertex 4.562270641326904 -48.78615951538086 0
vertex 0.4875739514827728 -69.24551391601562 0
vertex 4.596524715423584 -48.61395263671875 0
endloop
endfacet
facet normal 0 0 -1
outer loop
vertex 4.596524715423584 -48.61395263671875 0
vertex 0.4875739514827728 -69.24551391601562 0
vertex 4.694072246551514 -47.83435821533203 0
endloop
endfacet
facet normal 0 0 -1
outer loop
vertex 4.694072246551514 -47.83435821533203 0
vertex 0.4875739514827728 -69.24551391601562 0
vertex 4.596524715423584 -47.6883659362793 0
endloop
endfacet
facet normal 0 0 -1
outer loop
vertex 3.1734814643859863 -70.99495697021484 0
vertex 5.012270450592041 -56.85615921020508 0
vertex 5.184477806091309 -56.82190704345703 0
endloop
endfacet
facet normal 0 0 -1
outer loop
vertex 3.1734814643859863 -70.99495697021484 0
vertex 5.184477806091309 -56.82190704345703 0
vertex 5.330468654632568 -56.72435760498047 0
endloop
endfacet
facet normal 0 0 -1
outer loop
vertex 3.1734814643859863 -70.99495697021484 0
vertex 5.330468654632568 -56.72435760498047 0
vertex 5.428016185760498 -56.578369140625 0
endloop
endfacet
facet normal 0 0 -1
outer loop
vertex 3.1734814643859863 -70.99495697021484 0
vertex 5.428016185760498 -56.578369140625 0
vertex 5.462270259857178 -56.406158447265625 0
endloop
endfacet
facet normal 0 0 -1
outer loop
vertex 5.462270259857178 -56.406158447265625 0
vertex 6.862562656402588 -48.50291061401367 0
vertex 3.1734814643859863 -70.99495697021484 0
endloop
endfacet
facet normal 0 0 -1
outer loop
vertex 6.862562656402588 -56.33116149902344 0
vertex 3.1734814643859863 -70.99495697021484 0
vertex 6.862562656402588 -48.50291061401367 0
endloop
endfacet
facet normal 0 0 -1
outer loop
vertex 4.274558067321777 -71.15216064453125 0
vertex 6.862562656402588 -56.33116149902344 0
vertex 11.412562370300293 -57.031158447265625 0
endloop
endfacet
facet normal 0 0 -1
outer loop
vertex 4.562270641326904 -56.406158447265625 0
vertex 4.562270641326904 -55.13615798950195 0
vertex 4.596524715423584 -56.233951568603516 0
endloop
endfacet
facet normal 0 0 -1
outer loop
vertex 4.596524715423584 -55.30836868286133 0
vertex 4.694072246551514 -55.4543571472168 0
vertex 4.596524715423584 -56.233951568603516 0
endloop
endfacet
facet normal 0 0 -1
outer loop
vertex 4.596524715423584 -56.233951568603516 0
vertex 4.840063095092773 -55.55190658569336 0
vertex 4.694072246551514 -56.08796310424805 0
endloop
endfacet
facet normal 0 0 -1
outer loop
vertex 4.694072246551514 -56.08796310424805 0
vertex 4.840063095092773 -55.55190658569336 0
vertex 4.840063095092773 -55.990413665771484 0
endloop
endfacet
facet normal 0 0 -1
outer loop
vertex 4.840063095092773 -55.55190658569336 0
vertex 4.596524715423584 -56.233951568603516 0
vertex 4.694072246551514 -55.4543571472168 0
endloop
endfacet
facet normal 0 0 -1
outer loop
vertex 4.840063095092773 -55.990413665771484 0
vertex 4.840063095092773 -55.55190658569336 0
vertex 5.012270450592041 -55.95616149902344 0
endloop
endfacet
facet normal 0 0 -1
outer loop
vertex 5.012270450592041 -55.95616149902344 0
vertex 4.840063095092773 -55.55190658569336 0
vertex 5.012270450592041 -55.586158752441406 0
endloop
endfacet
facet normal 0 0 -1
outer loop
vertex 4.596524715423584 -55.30836868286133 0
vertex 4.596524715423584 -56.233951568603516 0
vertex 4.562270641326904 -55.13615798950195 0
endloop
endfacet
facet normal 0 0 -1
outer loop
vertex 5.012270450592041 -55.95616149902344 0
vertex 5.012270450592041 -55.586158752441406 0
vertex 5.184477806091309 -55.990413665771484 0
endloop
endfacet
facet normal 0 0 -1
outer loop
vertex 5.184477806091309 -55.990413665771484 0
vertex 5.012270450592041 -55.586158752441406 0
vertex 5.184477806091309 -55.55190658569336 0
endloop
endfacet
facet normal 0 0 -1
outer loop
vertex 5.184477806091309 -55.990413665771484 0
vertex 5.184477806091309 -55.55190658569336 0
vertex 5.330468654632568 -56.08796310424805 0
endloop
endfacet
facet normal 0 0 -1
outer loop
vertex 5.428016185760498 -56.233951568603516 0
vertex 5.330468654632568 -56.08796310424805 0
vertex 5.330468654632568 -55.4543571472168 0
endloop
endfacet
facet normal 0 0 -1
outer loop
vertex 5.428016185760498 -56.233951568603516 0
vertex 5.428016185760498 -55.30836868286133 0
vertex 5.462270259857178 -56.406158447265625 0
endloop
endfacet
facet normal 0 0 -1
outer loop
vertex 5.330468654632568 -55.4543571472168 0
vertex 5.330468654632568 -56.08796310424805 0
vertex 5.184477806091309 -55.55190658569336 0
endloop
endfacet
facet normal 0 0 -1
outer loop
vertex 5.428016185760498 -55.30836868286133 0
vertex 5.428016185760498 -56.233951568603516 0
vertex 5.330468654632568 -55.4543571472168 0
endloop
endfacet
facet normal 0 0 -1
outer loop
vertex 5.462270259857178 -56.406158447265625 0
vertex 5.428016185760498 -55.30836868286133 0
vertex 5.462270259857178 -55.13615798950195 0
endloop
endfacet
facet normal 0 0 -1
outer loop
vertex 4.596524715423584 -54.963951110839844 0
vertex 4.694072246551514 -54.184356689453125 0
vertex 4.694072246551514 -54.817962646484375 0
endloop
endfacet
facet normal 0 0 -1
outer loop
vertex 4.562270641326904 -55.13615798950195 0
vertex 4.562270641326904 -53.86616134643555 0
vertex 4.596524715423584 -54.963951110839844 0
endloop
endfacet
facet normal 0 0 -1
outer loop
vertex 4.694072246551514 -54.817962646484375 0
vertex 4.694072246551514 -54.184356689453125 0
vertex 4.840063095092773 -54.72041320800781 0
endloop
endfacet
facet normal 0 0 -1
outer loop
vertex 4.840063095092773 -54.72041320800781 0
vertex 5.012270450592041 -54.316158294677734 0
vertex 5.012270450592041 -54.686161041259766 0
endloop
endfacet
facet normal 0 0 -1
outer loop
vertex 4.694072246551514 -54.184356689453125 0
vertex 4.596524715423584 -54.963951110839844 0
vertex 4.596524715423584 -54.038368225097656 0
endloop
endfacet
facet normal 0 0 -1
outer loop
vertex 4.596524715423584 -54.038368225097656 0
vertex 4.596524715423584 -54.963951110839844 0
vertex 4.562270641326904 -53.86616134643555 0
endloop
endfacet
facet normal 0 0 -1
outer loop
vertex 4.840063095092773 -54.72041320800781 0
vertex 4.694072246551514 -54.184356689453125 0
vertex 4.840063095092773 -54.28190612792969 0
endloop
endfacet
facet normal 0 0 -1
outer loop
vertex 5.012270450592041 -54.316158294677734 0
vertex 4.840063095092773 -54.72041320800781 0
vertex 4.840063095092773 -54.28190612792969 0
endloop
endfacet
facet normal 0 0 -1
outer loop
vertex 5.012270450592041 -54.686161041259766 0
vertex 5.012270450592041 -54.316158294677734 0
vertex 5.184477806091309 -54.72041320800781 0
endloop
endfacet
facet normal 0 0 -1
outer loop
vertex 5.184477806091309 -54.72041320800781 0
vertex 5.184477806091309 -54.28190612792969 0
vertex 5.330468654632568 -54.817962646484375 0
endloop
endfacet
facet normal 0 0 -1
outer loop
vertex 5.428016185760498 -54.963951110839844 0
vertex 5.330468654632568 -54.817962646484375 0
vertex 5.330468654632568 -54.184356689453125 0
endloop
endfacet
facet normal 0 0 -1
outer loop
vertex 5.462270259857178 -55.13615798950195 0
vertex 5.428016185760498 -54.963951110839844 0
vertex 5.462270259857178 -53.86616134643555 0
endloop
endfacet
facet normal 0 0 -1
outer loop
vertex 5.184477806091309 -54.28190612792969 0
vertex 5.184477806091309 -54.72041320800781 0
vertex 5.012270450592041 -54.316158294677734 0
endloop
endfacet
facet normal 0 0 -1
outer loop
vertex 5.330468654632568 -54.184356689453125 0
vertex 5.330468654632568 -54.817962646484375 0
vertex 5.184477806091309 -54.28190612792969 0
endloop
endfacet
facet normal 0 0 -1
outer loop
vertex 5.428016185760498 -54.963951110839844 0
vertex 5.330468654632568 -54.184356689453125 0
vertex 5.428016185760498 -54.038368225097656 0
endloop
endfacet
facet normal 0 0 -1
outer loop
vertex 5.462270259857178 -53.86616134643555 0
vertex 5.428016185760498 -54.963951110839844 0
vertex 5.428016185760498 -54.038368225097656 0
endloop
endfacet
facet normal 0 0 -1
outer loop
vertex -18.772491455078125 41.23029327392578 0
vertex -17.77773094177246 41.438751220703125 0
vertex -26.58743667602539 34.468841552734375 0
endloop
endfacet
facet normal 0 0 -1
outer loop
vertex -18.844520568847656 41.222835540771484 0
vertex -18.772491455078125 41.23029327392578 0
vertex -26.58743667602539 34.468841552734375 0
endloop
endfacet
facet normal 0 0 -1
outer loop
vertex -26.58743667602539 34.468841552734375 0
vertex -17.676090240478516 41.47718048095703 0
vertex -21.58743667602539 34.468841552734375 0
endloop
endfacet
facet normal 0 0 -1
outer loop
vertex -26.04859161376953 41.22392654418945 0
vertex -18.844520568847656 41.222835540771484 0
vertex -26.58743667602539 34.468841552734375 0
endloop
endfacet
facet normal 0 0 -1
outer loop
vertex -21.58743667602539 33.76884078979492 0
vertex -21.58743667602539 34.468841552734375 0
vertex -17.037437438964844 33.76884078979492 0
endloop
endfacet
facet normal 0 0 -1
outer loop
vertex -26.58743667602539 34.468841552734375 0
vertex -31.13743782043457 33.76884078979492 0
vertex -26.04859161376953 41.22392654418945 0
endloop
endfacet
facet normal 0 0 -1
outer loop
vertex -31.13743782043457 33.76884078979492 0
vertex -26.58743667602539 34.468841552734375 0
vertex -26.58743667602539 33.76884078979492 0
endloop
endfacet
facet normal 0 0 -1
outer loop
vertex -26.04859161376953 41.22392654418945 0
vertex -36.037437438964844 38.51884078979492 0
vertex -26.122779846191406 41.231868743896484 0
endloop
endfacet
facet normal 0 0 -1
outer loop
vertex -27.117225646972656 41.44708251953125 0
vertex -26.122779846191406 41.231868743896484 0
vertex -36.037437438964844 38.51884078979492 0
endloop
endfacet
facet normal 0 0 -1
outer loop
vertex -27.218612670898438 41.48617935180664 0
vertex -27.117225646972656 41.44708251953125 0
vertex -36.037437438964844 38.51884078979492 0
endloop
endfacet
facet normal 0 0 -1
outer loop
vertex -28.238813400268555 42.10871124267578 0
vertex -36.037437438964844 38.51884078979492 0
vertex -29.796405792236328 44.224308013916016 0
endloop
endfacet
facet normal 0 0 -1
outer loop
vertex -28.130624771118164 42.01197814941406 0
vertex -36.037437438964844 38.51884078979492 0
vertex -28.238813400268555 42.10871124267578 0
endloop
endfacet
facet normal 0 0 -1
outer loop
vertex -28.130624771118164 42.01197814941406 0
vertex -27.218612670898438 41.48617935180664 0
vertex -36.037437438964844 38.51884078979492 0
endloop
endfacet
facet normal 0 0 -1
outer loop
vertex -36.037437438964844 38.51884078979492 0
vertex -30.365558624267578 44.785972595214844 0
vertex -29.796405792236328 44.224308013916016 0
endloop
endfacet
facet normal 0 0 -1
outer loop
vertex -30.365558624267578 44.785972595214844 0
vertex -40.58743667602539 38.51884078979492 0
vertex -31.73858070373535 45.604549407958984 0
endloop
endfacet
facet normal 0 0 -1
outer loop
vertex -33.30488967895508 45.95705795288086 0
vertex -31.73858070373535 45.604549407958984 0
vertex -40.58743667602539 38.51884078979492 0
endloop
endfacet
facet normal 0 0 -1
outer loop
vertex -36.037437438964844 38.51884078979492 0
vertex -40.58743667602539 38.51884078979492 0
vertex -30.365558624267578 44.785972595214844 0
endloop
endfacet
facet normal 0 0 -1
outer loop
vertex -40.58743667602539 38.51884078979492 0
vertex -40.58743667602539 39.218841552734375 0
vertex -33.30488967895508 45.95705795288086 0
endloop
endfacet
facet normal 0 0 -1
outer loop
vertex -31.13743782043457 33.76884078979492 0
vertex -36.037437438964844 38.51884078979492 0
vertex -26.04859161376953 41.22392654418945 0
endloop
endfacet
facet normal 0 0 1
outer loop
vertex 41.309879302978516 54.670310974121094 5
vertex 41.23576736450195 54.62910079956055 5
vertex 48.894325256347656 50.674320220947266 5
endloop
endfacet
facet normal 0 0 -1
outer loop
vertex 1.3748037815093994 19.47044563293457 0
vertex 3.8234915733337402 18.328603744506836 0
vertex -12.13743782043457 12.393839836120605 0
endloop
endfacet
facet normal 0 0 -1
outer loop
vertex 3.8234915733337402 18.328603744506836 0
vertex -2.587437629699707 12.393839836120605 0
vertex -2.587437629699707 13.093840599060059 0
endloop
endfacet
facet normal 0 0 -1
outer loop
vertex -2.587437629699707 13.093840599060059 0
vertex -7.587437629699707 13.093840599060059 0
vertex 3.8234915733337402 18.328603744506836 0
endloop
endfacet
facet normal 0 0 -1
outer loop
vertex 1.3748037815093994 19.47044563293457 0
vertex -12.13743782043457 12.393839836120605 0
vertex 0.7701348066329956 19.893840789794922 0
endloop
endfacet
facet normal 0 0 -1
outer loop
vertex -12.13743782043457 12.393839836120605 0
vertex 3.8234915733337402 18.328603744506836 0
vertex -7.587437629699707 13.093840599060059 0
endloop
endfacet
facet normal 0 0 -1
outer loop
vertex -12.13743782043457 12.393839836120605 0
vertex -14.97519588470459 19.893840789794922 0
vertex 0.7701348066329956 19.893840789794922 0
endloop
endfacet
facet normal 0 0 -1
outer loop
vertex -17.037437438964844 33.76884078979492 0
vertex -17.676090240478516 41.47718048095703 0
vertex -14.97519588470459 19.893840789794922 0
endloop
endfacet
facet normal 0 0 -1
outer loop
vertex -14.97519588470459 19.893840789794922 0
vertex -17.037437438964844 19.668840408325195 0
vertex -17.037437438964844 33.76884078979492 0
endloop
endfacet
facet normal 0 0 -1
outer loop
vertex -12.13743782043457 12.393839836120605 0
vertex -17.037437438964844 19.668840408325195 0
vertex -14.97519588470459 19.893840789794922 0
endloop
endfacet
facet normal 0 0 -1
outer loop
vertex -17.037437438964844 14.768839836120605 0
vertex -17.037437438964844 19.668840408325195 0
vertex -12.13743782043457 12.393839836120605 0
endloop
endfacet
facet normal 0 0 -1
outer loop
vertex -17.037437438964844 14.768839836120605 0
vertex -21.58743667602539 14.768839836120605 0
vertex -17.037437438964844 19.668840408325195 0
endloop
endfacet
facet normal 0 0 -1
outer loop
vertex -12.13743782043457 12.393839836120605 0
vertex -7.587437629699707 13.093840599060059 0
vertex -7.587437629699707 12.393839836120605 0
endloop
endfacet
facet normal 0 0 -1
outer loop
vertex 1.9625624418258667 -1.7061597108840942 0
vertex -2.587437629699707 -2.4061596393585205 0
vertex -2.587437629699707 -1.7061597108840942 0
endloop
endfacet
facet normal 0 0 -1
outer loop
vertex -7.587437629699707 -2.4061596393585205 0
vertex -12.13743782043457 -1.7061597108840942 0
vertex -7.587437629699707 -1.7061597108840942 0
endloop
endfacet
facet normal 0 0 -1
outer loop
vertex -12.13743782043457 12.393839836120605 0
vertex -17.037437438964844 0.6688402891159058 0
vertex -17.037437438964844 14.768839836120605 0
endloop
endfacet
facet normal 0 0 -1
outer loop
vertex -12.13743782043457 -1.7061597108840942 0
vertex -17.037437438964844 0.6688402891159058 0
vertex -12.13743782043457 12.393839836120605 0
endloop
endfacet
facet normal 0 0 -1
outer loop
vertex -12.13743782043457 -1.7061597108840942 0
vertex -17.037437438964844 -4.231159687042236 0
vertex -17.037437438964844 0.6688402891159058 0
endloop
endfacet
facet normal 0 0 -1
outer loop
vertex -17.037437438964844 -4.231159687042236 0
vertex -21.58743667602539 -0.031159736216068268 0
vertex -17.037437438964844 0.6688402891159058 0
endloop
endfacet
facet normal 0 0 -1
outer loop
vertex 4.274558067321777 -71.15216064453125 0
vertex 11.412562370300293 -57.031158447265625 0
vertex 16.41256332397461 -57.031158447265625 0
endloop
endfacet
facet normal 0 0 -1
outer loop
vertex 4.274558067321777 -71.15216064453125 0
vertex 16.41256332397461 -57.031158447265625 0
vertex 20.962562561035156 -56.33116149902344 0
endloop
endfacet
facet normal 0 0 -1
outer loop
vertex 11.412562370300293 -57.031158447265625 0
vertex 6.862562656402588 -56.33116149902344 0
vertex 11.412562370300293 -56.33116149902344 0
endloop
endfacet
facet normal 0 0 -1
outer loop
vertex 20.962562561035156 -56.33116149902344 0
vertex 16.41256332397461 -57.031158447265625 0
vertex 16.41256332397461 -56.33116149902344 0
endloop
endfacet
facet normal 0 0 -1
outer loop
vertex -17.037437438964844 19.668840408325195 0
vertex -21.58743667602539 18.968839645385742 0
vertex -21.58743667602539 19.668840408325195 0
endloop
endfacet
facet normal 0 0 -1
outer loop
vertex -17.037437438964844 19.668840408325195 0
vertex -21.58743667602539 15.468840599060059 0
vertex -21.58743667602539 18.968839645385742 0
endloop
endfacet
facet normal 0 0 -1
outer loop
vertex -21.58743667602539 14.768839836120605 0
vertex -21.58743667602539 15.468840599060059 0
vertex -17.037437438964844 19.668840408325195 0
endloop
endfacet
facet normal 0 0 -1
outer loop
vertex -26.58743667602539 15.468840599060059 0
vertex -21.58743667602539 18.968839645385742 0
vertex -21.58743667602539 15.468840599060059 0
endloop
endfacet
facet normal 0 0 -1
outer loop
vertex -26.58743667602539 18.968839645385742 0
vertex -31.13743782043457 19.668840408325195 0
vertex -26.58743667602539 19.668840408325195 0
endloop
endfacet
facet normal 0 0 -1
outer loop
vertex -26.58743667602539 18.968839645385742 0
vertex -21.58743667602539 18.968839645385742 0
vertex -26.58743667602539 15.468840599060059 0
endloop
endfacet
facet normal 0 0 -1
outer loop
vertex -26.58743667602539 15.468840599060059 0
vertex -31.13743782043457 19.668840408325195 0
vertex -26.58743667602539 18.968839645385742 0
endloop
endfacet
facet normal 0 0 -1
outer loop
vertex -31.13743782043457 14.768839836120605 0
vertex -26.58743667602539 15.468840599060059 0
vertex -26.58743667602539 14.768839836120605 0
endloop
endfacet
facet normal 0 0 -1
outer loop
vertex -31.13743782043457 19.668840408325195 0
vertex -36.037437438964844 38.51884078979492 0
vertex -31.13743782043457 33.76884078979492 0
endloop
endfacet
facet normal 0 0 -1
outer loop
vertex -31.13743782043457 19.668840408325195 0
vertex -36.037437438964844 24.418840408325195 0
vertex -36.037437438964844 38.51884078979492 0
endloop
endfacet
facet normal 0 0 -1
outer loop
vertex -31.13743782043457 19.668840408325195 0
vertex -26.58743667602539 15.468840599060059 0
vertex -31.13743782043457 14.768839836120605 0
endloop
endfacet
facet normal 0 0 -1
outer loop
vertex -31.13743782043457 14.768839836120605 0
vertex -36.037437438964844 19.518840789794922 0
vertex -31.13743782043457 19.668840408325195 0
endloop
endfacet
facet normal 0 0 -1
outer loop
vertex -31.13743782043457 19.668840408325195 0
vertex -40.58743667602539 19.518840789794922 0
vertex -36.037437438964844 24.418840408325195 0
endloop
endfacet
facet normal 0 0 -1
outer loop
vertex -36.037437438964844 19.518840789794922 0
vertex -40.58743667602539 19.518840789794922 0
vertex -31.13743782043457 19.668840408325195 0
endloop
endfacet
facet normal 0 0 -1
outer loop
vertex -21.58743667602539 -0.031159736216068268 0
vertex -21.58743667602539 0.6688402891159058 0
vertex -17.037437438964844 0.6688402891159058 0
endloop
endfacet
facet normal 0 0 -1
outer loop
vertex -21.58743667602539 -0.031159736216068268 0
vertex -21.58743667602539 -3.5311596393585205 0
vertex -26.58743667602539 -0.031159736216068268 0
endloop
endfacet
facet normal 0 0 -1
outer loop
vertex -21.58743667602539 -3.5311596393585205 0
vertex -26.58743667602539 -3.5311596393585205 0
vertex -26.58743667602539 -0.031159736216068268 0
endloop
endfacet
facet normal 0 0 -1
outer loop
vertex -26.58743667602539 -0.031159736216068268 0
vertex -31.13743782043457 -4.231159687042236 0
vertex -26.58743667602539 0.6688402891159058 0
endloop
endfacet
facet normal 0 0 -1
outer loop
vertex -36.037437438964844 19.518840789794922 0
vertex -31.13743782043457 14.768839836120605 0
vertex -31.13743782043457 0.6688402891159058 0
endloop
endfacet
facet normal 0 0 -1
outer loop
vertex -31.13743782043457 0.6688402891159058 0
vertex -36.037437438964844 5.418840408325195 0
vertex -36.037437438964844 19.518840789794922 0
endloop
endfacet
facet normal 0 0 -1
outer loop
vertex -26.58743667602539 0.6688402891159058 0
vertex -36.037437438964844 0.5188402533531189 0
vertex -31.13743782043457 0.6688402891159058 0
endloop
endfacet
facet normal 0 0 -1
outer loop
vertex -31.13743782043457 -4.231159687042236 0
vertex -36.037437438964844 0.5188402533531189 0
vertex -26.58743667602539 0.6688402891159058 0
endloop
endfacet
facet normal 0 0 -1
outer loop
vertex -31.13743782043457 0.6688402891159058 0
vertex -40.58743667602539 0.5188402533531189 0
vertex -36.037437438964844 5.418840408325195 0
endloop
endfacet
facet normal 0 0 -1
outer loop
vertex -36.037437438964844 0.5188402533531189 0
vertex -40.58743667602539 0.5188402533531189 0
vertex -31.13743782043457 0.6688402891159058 0
endloop
endfacet
facet normal -0.000155879060815265 0.9999999878508592 0
outer loop
vertex -33.30488967895508 45.95705795288086 0
vertex -71.97090148925781 45.95103073120117 0
vertex -33.30488967895508 45.95705795288086 5
endloop
endfacet
facet normal -0.15870976901646555 0.9873252803502706 0
outer loop
vertex -71.97090148925781 45.95103073120117 0
vertex -72.7616195678711 45.82392501831055 0
vertex -71.97090148925781 45.95103073120117 5
endloop
endfacet
facet normal -0.39006813813704055 0.9207859944690203 0
outer loop
vertex -72.7616195678711 45.82392501831055 0
vertex -74.23345947265625 45.200416564941406 0
vertex -72.7616195678711 45.82392501831055 5
endloop
endfacet
facet normal -0.6570837868433352 0.7538175489252174 0
outer loop
vertex -74.23345947265625 45.200416564941406 0
vertex -75.41825103759766 44.16766357421875 0
vertex -74.23345947265625 45.200416564941406 5
endloop
endfacet
facet normal -0.9755997541285494 0.21955664357235358 0.0000027489464000314552
outer loop
vertex -76.55813598632812 41.329010009765625 0.20000000298023224
vertex -76.57562255859375 41.25130844116211 0.20000000298023224
vertex -76.22310638427734 42.81765365600586 5
endloop
endfacet
facet normal -0.9755978554926796 0.21956508000609903 0
outer loop
vertex -76.22310638427734 42.81765365600586 0
vertex -76.55813598632812 41.329010009765625 0.20000000298023224
vertex -76.22310638427734 42.81765365600586 5
endloop
endfacet
facet normal -0.8589352928902895 0.51208413627789 0
outer loop
vertex -75.41825103759766 44.16766357421875 0
vertex -76.22310638427734 42.81765365600586 0
vertex -75.41825103759766 44.16766357421875 5
endloop
endfacet
facet normal -0.9999999993472016 -0.00003613304183654141 0
outer loop
vertex -76.57562255859375 41.25130844116211 0.20000000298023224
vertex -76.57560729980469 40.82901382446289 0.20000000298023224
vertex -76.57562255859375 41.25130844116211 4.5
endloop
endfacet
facet normal 0.0001089799470424679 0.9999999940616855 0
outer loop
vertex -76.57560729980469 40.82901382446289 0.20000000298023224
vertex -77.27568054199219 40.8290901184082 0.20000000298023224
vertex -76.57560729980469 40.82901382446289 4.5
endloop
endfacet
facet normal -0.9999999936123272 0.00011302807439223379 0
outer loop
vertex -77.27568054199219 40.8290901184082 0.20000000298023224
vertex -77.27763366699219 23.549091339111328 0.20000000298023224
vertex -77.27568054199219 40.8290901184082 4.5
endloop
endfacet
facet normal 0 0 -1
outer loop
vertex -45.58743667602539 39.218841552734375 0
vertex -33.30488967895508 45.95705795288086 0
vertex -40.58743667602539 39.218841552734375 0
endloop
endfacet
facet normal 0 0 -1
outer loop
vertex -45.58743667602539 39.218841552734375 0
vertex -50.13743591308594 38.51884078979492 0
vertex -33.30488967895508 45.95705795288086 0
endloop
endfacet
facet normal 0 0 -1
outer loop
vertex -50.13743591308594 38.51884078979492 0
vertex -55.037437438964844 38.51884078979492 0
vertex -33.30488967895508 45.95705795288086 0
endloop
endfacet
facet normal 0 0 -1
outer loop
vertex -50.13743591308594 38.51884078979492 0
vertex -45.58743667602539 39.218841552734375 0
vertex -45.58743667602539 38.51884078979492 0
endloop
endfacet
facet normal 0 0 -1
outer loop
vertex -55.037437438964844 38.51884078979492 0
vertex -59.58743667602539 39.218841552734375 0
vertex -33.30488967895508 45.95705795288086 0
endloop
endfacet
facet normal 0 0 -1
outer loop
vertex -59.58743667602539 39.218841552734375 0
vertex -75.27562713623047 41.32886505126953 0
vertex -33.30488967895508 45.95705795288086 0
endloop
endfacet
facet normal 0 0 -1
outer loop
vertex -50.13743591308594 38.51884078979492 0
vertex -50.13743591308594 24.418840408325195 0
vertex -55.037437438964844 38.51884078979492 0
endloop
endfacet
facet normal 0 0 -1
outer loop
vertex -59.58743667602539 38.51884078979492 0
vertex -59.58743667602539 39.218841552734375 0
vertex -55.037437438964844 38.51884078979492 0
endloop
endfacet
facet normal 0 0 -1
outer loop
vertex -33.30488967895508 45.95705795288086 0
vertex -76.55813598632812 41.329010009765625 0
vertex -71.97090148925781 45.95103073120117 0
endloop
endfacet
facet normal 0 0 -1
outer loop
vertex 4.596524715423584 -47.6883659362793 0
vertex 1.9625624418258667 -58.70616149902344 0
vertex 1.9625624418258667 -44.60615921020508 0
endloop
endfacet
facet normal 0 0 -1
outer loop
vertex 4.596524715423584 -47.6883659362793 0
vertex 1.9625624418258667 -44.60615921020508 0
vertex 4.562270641326904 -47.51615905761719 0
endloop
endfacet
facet normal 0 0 -1
outer loop
vertex 4.562270641326904 -47.51615905761719 0
vertex 1.9625624418258667 -44.60615921020508 0
vertex 4.596524715423584 -47.34395217895508 0
endloop
endfacet
facet normal 0 0 -1
outer loop
vertex 4.596524715423584 -47.34395217895508 0
vertex 1.9625624418258667 -44.60615921020508 0
vertex 4.596524715423584 -46.418365478515625 0
endloop
endfacet
facet normal 0 0 -1
outer loop
vertex 4.596524715423584 -46.418365478515625 0
vertex 1.9625624418258667 -44.60615921020508 0
vertex 4.562270641326904 -46.246158599853516 0
endloop
endfacet
facet normal 0 0 -1
outer loop
vertex 4.562270641326904 -46.246158599853516 0
vertex 1.9625624418258667 -44.60615921020508 0
vertex 4.596524715423584 -46.073951721191406 0
endloop
endfacet
facet normal 0 0 -1
outer loop
vertex 4.562270641326904 -53.86616134643555 0
vertex 4.562270641326904 -52.596160888671875 0
vertex 4.596524715423584 -53.69395065307617 0
endloop
endfacet
facet normal 0 0 -1
outer loop
vertex 4.596524715423584 -53.69395065307617 0
vertex 4.596524715423584 -52.768367767333984 0
vertex 4.694072246551514 -53.5479621887207 0
endloop
endfacet
facet normal 0 0 -1
outer loop
vertex 4.596524715423584 -52.768367767333984 0
vertex 4.694072246551514 -52.91435623168945 0
vertex 4.694072246551514 -53.5479621887207 0
endloop
endfacet
facet normal 0 0 -1
outer loop
vertex 4.596524715423584 -52.768367767333984 0
vertex 4.596524715423584 -53.69395065307617 0
vertex 4.562270641326904 -52.596160888671875 0
endloop
endfacet
facet normal 0 0 -1
outer loop
vertex 4.694072246551514 -53.5479621887207 0
vertex 4.694072246551514 -52.91435623168945 0
vertex 4.840063095092773 -53.45041275024414 0
endloop
endfacet
facet normal 0 0 -1
outer loop
vertex 4.840063095092773 -53.011905670166016 0
vertex 5.012270450592041 -53.416160583496094 0
vertex 4.840063095092773 -53.45041275024414 0
endloop
endfacet
facet normal 0 0 -1
outer loop
vertex 4.840063095092773 -53.011905670166016 0
vertex 4.840063095092773 -53.45041275024414 0
vertex 4.694072246551514 -52.91435623168945 0
endloop
endfacet
facet normal 0 0 -1
outer loop
vertex 5.012270450592041 -53.416160583496094 0
vertex 4.840063095092773 -53.011905670166016 0
vertex 5.012270450592041 -53.04615783691406 0
endloop
endfacet
facet normal 0 0 -1
outer loop
vertex 5.012270450592041 -53.416160583496094 0
vertex 5.330468654632568 -52.91435623168945 0
vertex 5.184477806091309 -53.45041275024414 0
endloop
endfacet
facet normal 0 0 -1
outer loop
vertex 5.012270450592041 -53.04615783691406 0
vertex 5.184477806091309 -53.011905670166016 0
vertex 5.012270450592041 -53.416160583496094 0
endloop
endfacet
facet normal 0 0 -1
outer loop
vertex 5.330468654632568 -52.91435623168945 0
vertex 5.012270450592041 -53.416160583496094 0
vertex 5.184477806091309 -53.011905670166016 0
endloop
endfacet
facet normal 0 0 -1
outer loop
vertex 5.428016185760498 -53.69395065307617 0
vertex 5.330468654632568 -53.5479621887207 0
vertex 5.330468654632568 -52.91435623168945 0
endloop
endfacet
facet normal 0 0 -1
outer loop
vertex 5.330468654632568 -52.91435623168945 0
vertex 5.330468654632568 -53.5479621887207 0
vertex 5.184477806091309 -53.45041275024414 0
endloop
endfacet
facet normal 0 0 -1
outer loop
vertex 5.462270259857178 -53.86616134643555 0
vertex 5.428016185760498 -53.69395065307617 0
vertex 5.428016185760498 -52.768367767333984 0
endloop
endfacet
facet normal 0 0 -1
outer loop
vertex 5.428016185760498 -52.768367767333984 0
vertex 5.428016185760498 -53.69395065307617 0
vertex 5.330468654632568 -52.91435623168945 0
endloop
endfacet
facet normal 0 0 -1
outer loop
vertex 5.462270259857178 -53.86616134643555 0
vertex 5.428016185760498 -52.768367767333984 0
vertex 5.462270259857178 -52.596160888671875 0
endloop
endfacet
facet normal 0 0 -1
outer loop
vertex 4.562270641326904 -52.596160888671875 0
vertex 4.694072246551514 -51.64435958862305 0
vertex 4.596524715423584 -52.423954010009766 0
endloop
endfacet
facet normal 0 0 -1
outer loop
vertex 4.596524715423584 -52.423954010009766 0
vertex 4.694072246551514 -51.64435958862305 0
vertex 4.694072246551514 -52.27796173095703 0
endloop
endfacet
facet normal 0 0 -1
outer loop
vertex 4.694072246551514 -52.27796173095703 0
vertex 4.694072246551514 -51.64435958862305 0
vertex 4.840063095092773 -52.18041229248047 0
endloop
endfacet
facet normal 0 0 -1
outer loop
vertex 4.840063095092773 -52.18041229248047 0
vertex 4.840063095092773 -51.741905212402344 0
vertex 5.012270450592041 -52.14616012573242 0
endloop
endfacet
facet normal 0 0 -1
outer loop
vertex 4.840063095092773 -51.741905212402344 0
vertex 5.012270450592041 -51.776161193847656 0
vertex 5.012270450592041 -52.14616012573242 0
endloop
endfacet
facet normal 0 0 -1
outer loop
vertex 5.012270450592041 -52.14616012573242 0
vertex 5.012270450592041 -51.776161193847656 0
vertex 5.184477806091309 -52.18041229248047 0
endloop
endfacet
facet normal 0 0 -1
outer loop
vertex 5.012270450592041 -51.776161193847656 0
vertex 5.184477806091309 -51.741905212402344 0
vertex 5.184477806091309 -52.18041229248047 0
endloop
endfacet
facet normal 0 0 -1
outer loop
vertex 5.184477806091309 -52.18041229248047 0
vertex 5.184477806091309 -51.741905212402344 0
vertex 5.330468654632568 -52.27796173095703 0
endloop
endfacet
facet normal 0 0 -1
outer loop
vertex 5.184477806091309 -51.741905212402344 0
vertex 5.330468654632568 -51.64435958862305 0
vertex 5.330468654632568 -52.27796173095703 0
endloop
endfacet
facet normal 0 0 -1
outer loop
vertex 6.862562656402588 -48.50291061401367 0
vertex 5.462270259857178 -56.406158447265625 0
vertex 5.462270259857178 -55.13615798950195 0
endloop
endfacet
facet normal 0 0 -1
outer loop
vertex 6.862562656402588 -48.50291061401367 0
vertex 5.462270259857178 -55.13615798950195 0
vertex 5.462270259857178 -53.86616134643555 0
endloop
endfacet
facet normal 0 0 -1
outer loop
vertex 4.840063095092773 -51.741905212402344 0
vertex 4.840063095092773 -52.18041229248047 0
vertex 4.694072246551514 -51.64435958862305 0
endloop
endfacet
facet normal 0 0 -1
outer loop
vertex 4.562270641326904 -51.3261604309082 0
vertex 4.596524715423584 -50.22836685180664 0
vertex 4.596524715423584 -51.153953552246094 0
endloop
endfacet
facet normal 0 0 -1
outer loop
vertex 4.596524715423584 -51.153953552246094 0
vertex 4.596524715423584 -50.22836685180664 0
vertex 4.694072246551514 -51.00796127319336 0
endloop
endfacet
facet normal 0 0 -1
outer loop
vertex 4.694072246551514 -51.00796127319336 0
vertex 4.840063095092773 -50.47190475463867 0
vertex 4.840063095092773 -50.91041564941406 0
endloop
endfacet
facet normal 0 0 -1
outer loop
vertex 5.330468654632568 -51.64435958862305 0
vertex 5.428016185760498 -51.49836730957031 0
vertex 5.330468654632568 -52.27796173095703 0
endloop
endfacet
facet normal 0 0 -1
outer loop
vertex 5.184477806091309 -50.91041564941406 0
vertex 5.184477806091309 -50.47190475463867 0
vertex 5.330468654632568 -51.00796127319336 0
endloop
endfacet
facet normal 0 0 -1
outer loop
vertex 5.428016185760498 -51.153953552246094 0
vertex 5.330468654632568 -51.00796127319336 0
vertex 5.330468654632568 -50.374359130859375 0
endloop
endfacet
facet normal 0 0 -1
outer loop
vertex 5.428016185760498 -51.153953552246094 0
vertex 5.428016185760498 -50.22836685180664 0
vertex 5.462270259857178 -51.3261604309082 0
endloop
endfacet
facet normal 0 0 -1
outer loop
vertex 4.694072246551514 -51.00796127319336 0
vertex 4.596524715423584 -50.22836685180664 0
vertex 4.694072246551514 -50.374359130859375 0
endloop
endfacet
facet normal 0 0 -1
outer loop
vertex 4.840063095092773 -50.47190475463867 0
vertex 4.694072246551514 -51.00796127319336 0
vertex 4.694072246551514 -50.374359130859375 0
endloop
endfacet
facet normal 0 0 -1
outer loop
vertex 4.840063095092773 -50.91041564941406 0
vertex 4.840063095092773 -50.47190475463867 0
vertex 5.012270450592041 -50.87615966796875 0
endloop
endfacet
facet normal 0 0 -1
outer loop
vertex 5.012270450592041 -50.87615966796875 0
vertex 4.840063095092773 -50.47190475463867 0
vertex 5.012270450592041 -50.506160736083984 0
endloop
endfacet
facet normal 0 0 -1
outer loop
vertex 5.012270450592041 -50.87615966796875 0
vertex 5.012270450592041 -50.506160736083984 0
vertex 5.184477806091309 -50.91041564941406 0
endloop
endfacet
facet normal 0 0 -1
outer loop
vertex 5.184477806091309 -50.47190475463867 0
vertex 5.184477806091309 -50.91041564941406 0
vertex 5.012270450592041 -50.506160736083984 0
endloop
endfacet
facet normal 0 0 -1
outer loop
vertex 5.330468654632568 -50.374359130859375 0
vertex 5.330468654632568 -51.00796127319336 0
vertex 5.184477806091309 -50.47190475463867 0
endloop
endfacet
facet normal 0 0 -1
outer loop
vertex 5.428016185760498 -50.22836685180664 0
vertex 5.428016185760498 -51.153953552246094 0
vertex 5.330468654632568 -50.374359130859375 0
endloop
endfacet
facet normal 0 0 -1
outer loop
vertex 5.462270259857178 -51.3261604309082 0
vertex 5.428016185760498 -50.22836685180664 0
vertex 5.462270259857178 -50.05615997314453 0
endloop
endfacet
facet normal 0 0 -1
outer loop
vertex 6.862562656402588 -48.50291061401367 0
vertex 5.462270259857178 -53.86616134643555 0
vertex 5.462270259857178 -52.596160888671875 0
endloop
endfacet
facet normal 0 0 -1
outer loop
vertex 5.428016185760498 -52.423954010009766 0
vertex 5.330468654632568 -52.27796173095703 0
vertex 6.862562656402588 -48.50291061401367 0
endloop
endfacet
facet normal 0 0 -1
outer loop
vertex 6.862562656402588 -48.50291061401367 0
vertex 5.462270259857178 -52.596160888671875 0
vertex 5.428016185760498 -52.423954010009766 0
endloop
endfacet
facet normal 0 0 -1
outer loop
vertex 5.428016185760498 -51.49836730957031 0
vertex 6.862562656402588 -48.50291061401367 0
vertex 5.330468654632568 -52.27796173095703 0
endloop
endfacet
facet normal 0 0 -1
outer loop
vertex 6.862562656402588 -48.50291061401367 0
vertex 5.428016185760498 -51.49836730957031 0
vertex 5.462270259857178 -51.3261604309082 0
endloop
endfacet
facet normal 0 0 -1
outer loop
vertex 6.862562656402588 -48.50291061401367 0
vertex 5.462270259857178 -51.3261604309082 0
vertex 5.462270259857178 -50.05615997314453 0
endloop
endfacet
facet normal 0 0 -1
outer loop
vertex 4.562270641326904 -50.05615997314453 0
vertex 4.596524715423584 -48.95836639404297 0
vertex 4.596524715423584 -49.88395309448242 0
endloop
endfacet
facet normal 0 0 -1
outer loop
vertex 4.596524715423584 -49.88395309448242 0
vertex 4.596524715423584 -48.95836639404297 0
vertex 4.694072246551514 -49.73796081542969 0
endloop
endfacet
facet normal 0 0 -1
outer loop
vertex 4.596524715423584 -48.95836639404297 0
vertex 4.694072246551514 -49.1043586730957 0
vertex 4.694072246551514 -49.73796081542969 0
endloop
endfacet
facet normal 0 0 -1
outer loop
vertex 4.694072246551514 -49.73796081542969 0
vertex 4.694072246551514 -49.1043586730957 0
vertex 4.840063095092773 -49.64041519165039 0
endloop
endfacet
facet normal 0 0 -1
outer loop
vertex 4.840063095092773 -49.64041519165039 0
vertex 4.694072246551514 -49.1043586730957 0
vertex 4.840063095092773 -49.201904296875 0
endloop
endfacet
facet normal 0 0 -1
outer loop
vertex 4.840063095092773 -49.201904296875 0
vertex 5.012270450592041 -49.23616027832031 0
vertex 4.840063095092773 -49.64041519165039 0
endloop
endfacet
facet normal 0 0 -1
outer loop
vertex 4.840063095092773 -49.64041519165039 0
vertex 5.184477806091309 -49.201904296875 0
vertex 5.012270450592041 -49.60615921020508 0
endloop
endfacet
facet normal 0 0 -1
outer loop
vertex 5.012270450592041 -49.60615921020508 0
vertex 5.184477806091309 -49.201904296875 0
vertex 5.184477806091309 -49.64041519165039 0
endloop
endfacet
facet normal 0 0 -1
outer loop
vertex 5.330468654632568 -49.73796081542969 0
vertex 5.184477806091309 -49.64041519165039 0
vertex 5.184477806091309 -49.201904296875 0
endloop
endfacet
facet normal 0 0 -1
outer loop
vertex 5.184477806091309 -49.201904296875 0
vertex 4.840063095092773 -49.64041519165039 0
vertex 5.012270450592041 -49.23616027832031 0
endloop
endfacet
facet normal 0 0 -1
outer loop
vertex 5.428016185760498 -49.88395309448242 0
vertex 5.330468654632568 -49.73796081542969 0
vertex 5.330468654632568 -49.1043586730957 0
endloop
endfacet
facet normal 0 0 -1
outer loop
vertex 5.462270259857178 -50.05615997314453 0
vertex 5.428016185760498 -49.88395309448242 0
vertex 5.428016185760498 -48.95836639404297 0
endloop
endfacet
facet normal 0 0 -1
outer loop
vertex 5.330468654632568 -49.1043586730957 0
vertex 5.330468654632568 -49.73796081542969 0
vertex 5.184477806091309 -49.201904296875 0
endloop
endfacet
facet normal 0 0 -1
outer loop
vertex 5.428016185760498 -48.95836639404297 0
vertex 5.428016185760498 -49.88395309448242 0
vertex 5.330468654632568 -49.1043586730957 0
endloop
endfacet
facet normal 0 0 -1
outer loop
vertex 5.462270259857178 -50.05615997314453 0
vertex 5.428016185760498 -48.95836639404297 0
vertex 5.462270259857178 -48.78615951538086 0
endloop
endfacet
facet normal 0 0 -1
outer loop
vertex 4.596524715423584 -48.61395263671875 0
vertex 4.694072246551514 -47.83435821533203 0
vertex 4.694072246551514 -48.467960357666016 0
endloop
endfacet
facet normal 0 0 -1
outer loop
vertex 4.694072246551514 -48.467960357666016 0
vertex 4.694072246551514 -47.83435821533203 0
vertex 4.840063095092773 -48.37041473388672 0
endloop
endfacet
facet normal 0 0 -1
outer loop
vertex 4.840063095092773 -47.93190383911133 0
vertex 5.012270450592041 -48.336158752441406 0
vertex 4.840063095092773 -48.37041473388672 0
endloop
endfacet
facet normal 0 0 -1
outer loop
vertex 4.840063095092773 -47.93190383911133 0
vertex 4.840063095092773 -48.37041473388672 0
vertex 4.694072246551514 -47.83435821533203 0
endloop
endfacet
facet normal 0 0 -1
outer loop
vertex 5.012270450592041 -48.336158752441406 0
vertex 4.840063095092773 -47.93190383911133 0
vertex 5.012270450592041 -47.96615982055664 0
endloop
endfacet
facet normal 0 0 -1
outer loop
vertex 5.012270450592041 -48.336158752441406 0
vertex 5.012270450592041 -47.96615982055664 0
vertex 5.184477806091309 -48.37041473388672 0
endloop
endfacet
facet normal 0 0 -1
outer loop
vertex 5.428016185760498 -48.61395263671875 0
vertex 5.330468654632568 -48.467960357666016 0
vertex 5.330468654632568 -47.83435821533203 0
endloop
endfacet
facet normal 0 0 -1
outer loop
vertex 5.330468654632568 -47.83435821533203 0
vertex 5.330468654632568 -48.467960357666016 0
vertex 5.184477806091309 -48.37041473388672 0
endloop
endfacet
facet normal 0 0 -1
outer loop
vertex 5.462270259857178 -48.78615951538086 0
vertex 5.428016185760498 -48.61395263671875 0
vertex 5.428016185760498 -47.6883659362793 0
endloop
endfacet
facet normal 0 0 -1
outer loop
vertex 5.012270450592041 -47.96615982055664 0
vertex 5.184477806091309 -47.93190383911133 0
vertex 5.184477806091309 -48.37041473388672 0
endloop
endfacet
facet normal 0 0 -1
outer loop
vertex 5.330468654632568 -47.83435821533203 0
vertex 5.184477806091309 -48.37041473388672 0
vertex 5.184477806091309 -47.93190383911133 0
endloop
endfacet
facet normal 0 0 -1
outer loop
vertex 5.428016185760498 -47.6883659362793 0
vertex 5.428016185760498 -48.61395263671875 0
vertex 5.330468654632568 -47.83435821533203 0
endloop
endfacet
facet normal 0 0 -1
outer loop
vertex 5.462270259857178 -48.78615951538086 0
vertex 5.428016185760498 -47.6883659362793 0
vertex 5.462270259857178 -47.51615905761719 0
endloop
endfacet
facet normal 0 0 -1
outer loop
vertex 6.862562656402588 -48.50291061401367 0
vertex 5.462270259857178 -50.05615997314453 0
vertex 5.462270259857178 -48.78615951538086 0
endloop
endfacet
facet normal 0 0 -1
outer loop
vertex 6.862562656402588 -48.50291061401367 0
vertex 5.462270259857178 -48.78615951538086 0
vertex 5.462270259857178 -47.51615905761719 0
endloop
endfacet
facet normal 0 0 -1
outer loop
vertex 5.428016185760498 -47.34395217895508 0
vertex 5.330468654632568 -47.197959899902344 0
vertex 6.862562656402588 -48.50291061401367 0
endloop
endfacet
facet normal 0 0 -1
outer loop
vertex 6.862562656402588 -48.50291061401367 0
vertex 5.462270259857178 -47.51615905761719 0
vertex 5.428016185760498 -47.34395217895508 0
endloop
endfacet
facet normal 0 0 -1
outer loop
vertex 4.596524715423584 -47.34395217895508 0
vertex 4.840063095092773 -46.66190719604492 0
vertex 4.694072246551514 -47.197959899902344 0
endloop
endfacet
facet normal 0 0 -1
outer loop
vertex 4.596524715423584 -47.34395217895508 0
vertex 4.596524715423584 -46.418365478515625 0
vertex 4.694072246551514 -46.56435775756836 0
endloop
endfacet
facet normal 0 0 -1
outer loop
vertex 4.694072246551514 -47.197959899902344 0
vertex 4.840063095092773 -46.66190719604492 0
vertex 4.840063095092773 -47.10041427612305 0
endloop
endfacet
facet normal 0 0 -1
outer loop
vertex 4.840063095092773 -46.66190719604492 0
vertex 4.596524715423584 -47.34395217895508 0
vertex 4.694072246551514 -46.56435775756836 0
endloop
endfacet
facet normal 0 0 -1
outer loop
vertex 4.840063095092773 -47.10041427612305 0
vertex 4.840063095092773 -46.66190719604492 0
vertex 5.012270450592041 -47.066158294677734 0
endloop
endfacet
facet normal 0 0 -1
outer loop
vertex 5.012270450592041 -47.066158294677734 0
vertex 4.840063095092773 -46.66190719604492 0
vertex 5.012270450592041 -46.69615936279297 0
endloop
endfacet
facet normal 0 0 -1
outer loop
vertex 5.012270450592041 -47.066158294677734 0
vertex 5.012270450592041 -46.69615936279297 0
vertex 5.184477806091309 -47.10041427612305 0
endloop
endfacet
facet normal 0 0 -1
outer loop
vertex 5.184477806091309 -47.10041427612305 0
vertex 5.012270450592041 -46.69615936279297 0
vertex 5.184477806091309 -46.66190719604492 0
endloop
endfacet
facet normal 0 0 -1
outer loop
vertex 5.184477806091309 -47.10041427612305 0
vertex 5.184477806091309 -46.66190719604492 0
vertex 5.330468654632568 -47.197959899902344 0
endloop
endfacet
facet normal 0 0 -1
outer loop
vertex 5.330468654632568 -47.197959899902344 0
vertex 5.184477806091309 -46.66190719604492 0
vertex 5.330468654632568 -46.56435775756836 0
endloop
endfacet
facet normal 0 0 -1
outer loop
vertex 5.330468654632568 -47.197959899902344 0
vertex 5.330468654632568 -46.56435775756836 0
vertex 5.428016185760498 -46.418365478515625 0
endloop
endfacet
facet normal 0 0 -1
outer loop
vertex 5.330468654632568 -47.197959899902344 0
vertex 5.428016185760498 -46.418365478515625 0
vertex 5.462270259857178 -46.246158599853516 0
endloop
endfacet
facet normal 0 0 -1
outer loop
vertex 6.862562656402588 -48.50291061401367 0
vertex 5.330468654632568 -47.197959899902344 0
vertex 6.862562656402588 -42.23115921020508 0
endloop
endfacet
facet normal 0 0 -1
outer loop
vertex -75.27562713623047 41.32886505126953 0
vertex -76.55813598632812 41.329010009765625 0
vertex -33.30488967895508 45.95705795288086 0
endloop
endfacet
facet normal 0 0 -1
outer loop
vertex -69.13743591308594 38.51884078979492 0
vertex -64.58744049072266 39.218841552734375 0
vertex -64.58744049072266 38.51884078979492 0
endloop
endfacet
facet normal 0 0 -1
outer loop
vertex -64.58744049072266 39.218841552734375 0
vertex -75.27562713623047 41.32886505126953 0
vertex -59.58743667602539 39.218841552734375 0
endloop
endfacet
facet normal 0 0 -1
outer loop
vertex -72.7616195678711 45.82392501831055 0
vertex -75.41825103759766 44.16766357421875 0
vertex -74.23345947265625 45.200416564941406 0
endloop
endfacet
facet normal 0 0 1
outer loop
vertex 41.23576736450195 54.62910079956055 5
vertex 44.16099166870117 47.771461486816406 5
vertex 48.894325256347656 50.674320220947266 5
endloop
endfacet
facet normal 0 0 1
outer loop
vertex 48.894325256347656 50.674320220947266 5
vertex 49.44294357299805 34.69816970825195 5
vertex 55.9443244934082 38.46335983276367 5
endloop
endfacet
facet normal 0 0 -1
outer loop
vertex -76.55813598632812 41.329010009765625 0
vertex -72.7616195678711 45.82392501831055 0
vertex -71.97090148925781 45.95103073120117 0
endloop
endfacet
facet normal 0 0 -1
outer loop
vertex -72.7616195678711 45.82392501831055 0
vertex -76.22310638427734 42.81765365600586 0
vertex -75.41825103759766 44.16766357421875 0
endloop
endfacet
facet normal 0 0 -1
outer loop
vertex -76.55813598632812 41.329010009765625 0
vertex -76.22310638427734 42.81765365600586 0
vertex -72.7616195678711 45.82392501831055 0
endloop
endfacet
facet normal 0 0 1
outer loop
vertex 49.44294357299805 34.69816970825195 5
vertex 65.11909484863281 33.966636657714844 5
vertex 55.9443244934082 38.46335983276367 5
endloop
endfacet
facet normal 0 0 1
outer loop
vertex 44.16099166870117 47.771461486816406 5
vertex 49.44294357299805 34.69816970825195 5
vertex 48.894325256347656 50.674320220947266 5
endloop
endfacet
facet normal -0.9755978554926795 0.219565080006099 0
outer loop
vertex -76.55813598632812 41.329010009765625 0
vertex -76.55813598632812 41.329010009765625 0.20000000298023224
vertex -76.22310638427734 42.81765365600586 0
endloop
endfacet
facet normal 0 0 -1
outer loop
vertex -75.27562713623047 41.32886505126953 0
vertex -64.58744049072266 39.218841552734375 0
vertex -69.13743591308594 38.51884078979492 0
endloop
endfacet
facet normal 0 0 -1
outer loop
vertex -69.13743591308594 38.51884078979492 0
vertex -69.13743591308594 24.418840408325195 0
vertex -75.27562713623047 41.32886505126953 0
endloop
endfacet
facet normal 0.7756870969116939 0.6311176813279027 0
outer loop
vertex 66.12494659423828 63.8942756652832 5
vertex 65.61947631835938 64.51553344726562 0
vertex 65.61947631835938 64.51553344726562 5
endloop
endfacet
facet normal 0.6023799966839816 0.798209458472528 0
outer loop
vertex 65.61947631835938 64.51553344726562 5
vertex 64.34356689453125 65.4784164428711 0
vertex 64.34356689453125 65.4784164428711 5
endloop
endfacet
facet normal 0.3242723251280489 0.9459637726446235 0
outer loop
vertex 64.34356689453125 65.4784164428711 5
vertex 62.856773376464844 65.98808288574219 0
vertex 62.856773376464844 65.98808288574219 5
endloop
endfacet
facet normal -0.999999998952262 -0.00004577636713953836 0
outer loop
vertex -76.5748519897461 22.829011917114258 0.20000000298023224
vertex -76.5748291015625 22.329011917114258 0.20000000298023224
vertex -76.5748519897461 22.829011917114258 4.5
endloop
endfacet
facet normal -0.9999999943858543 0.00010596363268616266 0
outer loop
vertex -77.27763366699219 23.549091339111328 0.20000000298023224
vertex -77.2777099609375 22.829090118408203 0.20000000298023224
vertex -77.2777099609375 22.829090118408203 4.5
endloop
endfacet
facet normal -0.00011126187176723559 -0.999999993810398 0
outer loop
vertex -76.5748519897461 22.829011917114258 0.20000000298023224
vertex -77.2777099609375 22.829090118408203 4.5
vertex -77.2777099609375 22.829090118408203 0.20000000298023224
endloop
endfacet
facet normal -0.9999999991647336 -0.000040868165551096326 -5.707211164616251e-7
outer loop
vertex -76.5748291015625 22.329011917114258 0.20000000298023224
vertex -76.5747299194336 19.902132034301758 0.20000000298023224
vertex -76.5748519897461 22.829011917114258 4.5
endloop
endfacet
facet normal -0.9999999989484251 -0.00004577636713936272 0.00000277014319187481
outer loop
vertex -76.5747299194336 19.902132034301758 0.20000000298023224
vertex -76.57470703125 19.402132034301758 0.20000000298023224
vertex -76.5748519897461 22.829011917114258 4.5
endloop
endfacet
facet normal 0.00011388903879715554 0.9999999935146434 0
outer loop
vertex -76.57470703125 19.402132034301758 0.20000000298023224
vertex -77.2780990600586 19.402212142944336 0.20000000298023224
vertex -76.57470703125 19.402132034301758 4.5
endloop
endfacet
facet normal -0.9999999936621344 0.00011258654916185547 0
outer loop
vertex -77.2780990600586 19.402212142944336 0.20000000298023224
vertex -77.28004455566406 2.1222119331359863 0.20000000298023224
vertex -77.2780990600586 19.402212142944336 4.5
endloop
endfacet
facet normal -0.999999998952262 -0.00004577636713953836 0
outer loop
vertex -76.5739517211914 1.4021321535110474 0.20000000298023224
vertex -76.57392883300781 0.9021321535110474 0.20000000298023224
vertex -76.5739517211914 1.4021321535110474 4.5
endloop
endfacet
facet normal -0.9999999932068635 0.00011656016950524875 0
outer loop
vertex -77.28004455566406 2.1222119331359863 0.20000000298023224
vertex -77.2801284790039 1.4022117853164673 0.20000000298023224
vertex -77.2801284790039 1.4022117853164673 4.5
endloop
endfacet
facet normal -0.00011276469245504562 -0.999999993642062 0
outer loop
vertex -76.5739517211914 1.4021321535110474 0.20000000298023224
vertex -77.2801284790039 1.4022117853164673 4.5
vertex -77.2801284790039 1.4022117853164673 0.20000000298023224
endloop
endfacet
facet normal -0.9999999991647333 -0.000040868173580939026 -5.707201827589828e-7
outer loop
vertex -76.57392883300781 0.9021321535110474 0.20000000298023224
vertex -76.5738296508789 -1.5247472524642944 0.20000000298023224
vertex -76.5739517211914 1.4021321535110474 4.5
endloop
endfacet
facet normal -0.9999999989484248 -0.00004577637805330172 0.0000027701455444121395
outer loop
vertex -76.5738296508789 -1.5247472524642944 0.20000000298023224
vertex -76.57380676269531 -2.024747133255005 0.20000000298023224
vertex -76.5739517211914 1.4021321535110474 4.5
endloop
endfacet
facet normal 0.00011267947677576684 0.9999999936516677 0
outer loop
vertex -76.57380676269531 -2.024747133255005 0.20000000298023224
vertex -77.280517578125 -2.024667501449585 0.20000000298023224
vertex -76.57380676269531 -2.024747133255005 4.5
endloop
endfacet
facet normal 0 0 -1
outer loop
vertex -36.037437438964844 24.418840408325195 0
vertex -40.58743667602539 23.718839645385742 0
vertex -40.58743667602539 24.418840408325195 0
endloop
endfacet
facet normal 0 0 -1
outer loop
vertex -36.037437438964844 24.418840408325195 0
vertex -40.58743667602539 20.218839645385742 0
vertex -40.58743667602539 23.718839645385742 0
endloop
endfacet
facet normal 0 0 -1
outer loop
vertex -40.58743667602539 19.518840789794922 0
vertex -40.58743667602539 20.218839645385742 0
vertex -36.037437438964844 24.418840408325195 0
endloop
endfacet
facet normal 0 0 -1
outer loop
vertex -45.58743667602539 23.718839645385742 0
vertex -40.58743667602539 23.718839645385742 0
vertex -40.58743667602539 20.218839645385742 0
endloop
endfacet
facet normal 0 0 -1
outer loop
vertex -45.58743667602539 20.218839645385742 0
vertex -45.58743667602539 23.718839645385742 0
vertex -40.58743667602539 20.218839645385742 0
endloop
endfacet
facet normal 0 0 -1
outer loop
vertex -45.58743667602539 23.718839645385742 0
vertex -50.13743591308594 19.518840789794922 0
vertex -45.58743667602539 24.418840408325195 0
endloop
endfacet
facet normal 0 0 -1
outer loop
vertex -45.58743667602539 20.218839645385742 0
vertex -50.13743591308594 19.518840789794922 0
vertex -45.58743667602539 23.718839645385742 0
endloop
endfacet
facet normal 0 0 -1
outer loop
vertex -50.13743591308594 19.518840789794922 0
vertex -45.58743667602539 20.218839645385742 0
vertex -45.58743667602539 19.518840789794922 0
endloop
endfacet
facet normal 0 0 -1
outer loop
vertex -50.13743591308594 24.418840408325195 0
vertex -55.037437438964844 24.418840408325195 0
vertex -55.037437438964844 38.51884078979492 0
endloop
endfacet
facet normal 0 0 -1
outer loop
vertex -55.037437438964844 24.418840408325195 0
vertex -59.58743667602539 23.718839645385742 0
vertex -59.58743667602539 24.418840408325195 0
endloop
endfacet
facet normal 0 0 -1
outer loop
vertex -50.13743591308594 19.518840789794922 0
vertex -55.037437438964844 19.518840789794922 0
vertex -45.58743667602539 24.418840408325195 0
endloop
endfacet
facet normal 0 0 -1
outer loop
vertex -45.58743667602539 24.418840408325195 0
vertex -59.58743667602539 19.518840789794922 0
vertex -50.13743591308594 24.418840408325195 0
endloop
endfacet
facet normal 0 0 -1
outer loop
vertex -50.13743591308594 5.418840408325195 0
vertex -55.037437438964844 19.518840789794922 0
vertex -50.13743591308594 19.518840789794922 0
endloop
endfacet
facet normal 0 0 -1
outer loop
vertex -59.58743667602539 19.518840789794922 0
vertex -45.58743667602539 24.418840408325195 0
vertex -55.037437438964844 19.518840789794922 0
endloop
endfacet
facet normal 0 0 -1
outer loop
vertex -55.037437438964844 24.418840408325195 0
vertex -50.13743591308594 24.418840408325195 0
vertex -59.58743667602539 19.518840789794922 0
endloop
endfacet
facet normal 0 0 -1
outer loop
vertex -55.037437438964844 24.418840408325195 0
vertex -59.58743667602539 20.218839645385742 0
vertex -59.58743667602539 23.718839645385742 0
endloop
endfacet
facet normal 0 0 -1
outer loop
vertex -59.58743667602539 19.518840789794922 0
vertex -59.58743667602539 20.218839645385742 0
vertex -55.037437438964844 24.418840408325195 0
endloop
endfacet
facet normal 0 0 -1
outer loop
vertex -36.037437438964844 5.418840408325195 0
vertex -40.58743667602539 4.7188401222229 0
vertex -40.58743667602539 5.418840408325195 0
endloop
endfacet
facet normal 0 0 -1
outer loop
vertex -36.037437438964844 5.418840408325195 0
vertex -40.58743667602539 1.21884024143219 0
vertex -40.58743667602539 4.7188401222229 0
endloop
endfacet
facet normal 0 0 -1
outer loop
vertex -40.58743667602539 1.21884024143219 0
vertex -36.037437438964844 5.418840408325195 0
vertex -40.58743667602539 0.5188402533531189 0
endloop
endfacet
facet normal 0 0 -1
outer loop
vertex -45.58743667602539 1.21884024143219 0
vertex -40.58743667602539 4.7188401222229 0
vertex -40.58743667602539 1.21884024143219 0
endloop
endfacet
facet normal 0 0 -1
outer loop
vertex -40.58743667602539 4.7188401222229 0
vertex -50.13743591308594 0.5188402533531189 0
vertex -45.58743667602539 4.7188401222229 0
endloop
endfacet
facet normal 0 0 -1
outer loop
vertex -45.58743667602539 1.21884024143219 0
vertex -50.13743591308594 0.5188402533531189 0
vertex -40.58743667602539 4.7188401222229 0
endloop
endfacet
facet normal 0 0 -1
outer loop
vertex -45.58743667602539 4.7188401222229 0
vertex -50.13743591308594 5.418840408325195 0
vertex -45.58743667602539 5.418840408325195 0
endloop
endfacet
facet normal 0 0 -1
outer loop
vertex -50.13743591308594 0.5188402533531189 0
vertex -45.58743667602539 1.21884024143219 0
vertex -45.58743667602539 0.5188402533531189 0
endloop
endfacet
facet normal 0 0 -1
outer loop
vertex -50.13743591308594 5.418840408325195 0
vertex -55.037437438964844 5.418840408325195 0
vertex -55.037437438964844 19.518840789794922 0
endloop
endfacet
facet normal 0 0 -1
outer loop
vertex -50.13743591308594 5.418840408325195 0
vertex -45.58743667602539 4.7188401222229 0
vertex -50.13743591308594 0.5188402533531189 0
endloop
endfacet
facet normal 0 0 -1
outer loop
vertex -50.13743591308594 0.5188402533531189 0
vertex -55.037437438964844 0.5188402533531189 0
vertex -50.13743591308594 5.418840408325195 0
endloop
endfacet
facet normal 0 0 -1
outer loop
vertex -50.13743591308594 5.418840408325195 0
vertex -59.58743667602539 0.5188402533531189 0
vertex -55.037437438964844 5.418840408325195 0
endloop
endfacet
facet normal 0 0 -1
outer loop
vertex -59.58743667602539 0.5188402533531189 0
vertex -50.13743591308594 5.418840408325195 0
vertex -55.037437438964844 0.5188402533531189 0
endloop
endfacet
facet normal 0 0 -1
outer loop
vertex -55.037437438964844 5.418840408325195 0
vertex -59.58743667602539 4.7188401222229 0
vertex -59.58743667602539 5.418840408325195 0
endloop
endfacet
facet normal 0 0 -1
outer loop
vertex -55.037437438964844 5.418840408325195 0
vertex -59.58743667602539 1.21884024143219 0
vertex -59.58743667602539 4.7188401222229 0
endloop
endfacet
facet normal 0 0 -1
outer loop
vertex -59.58743667602539 0.5188402533531189 0
vertex -59.58743667602539 1.21884024143219 0
vertex -55.037437438964844 5.418840408325195 0
endloop
endfacet
facet normal 0 0 -1
outer loop
vertex -64.58744049072266 23.718839645385742 0
vertex -59.58743667602539 23.718839645385742 0
vertex -59.58743667602539 20.218839645385742 0
endloop
endfacet
facet normal 0 0 -1
outer loop
vertex -64.58744049072266 20.218839645385742 0
vertex -64.58744049072266 23.718839645385742 0
vertex -59.58743667602539 20.218839645385742 0
endloop
endfacet
facet normal 0 0 -1
outer loop
vertex -64.58744049072266 23.718839645385742 0
vertex -69.13743591308594 19.518840789794922 0
vertex -64.58744049072266 24.418840408325195 0
endloop
endfacet
facet normal 0 0 -1
outer loop
vertex -64.58744049072266 20.218839645385742 0
vertex -69.13743591308594 19.518840789794922 0
vertex -64.58744049072266 23.718839645385742 0
endloop
endfacet
facet normal 0 0 -1
outer loop
vertex -69.13743591308594 19.518840789794922 0
vertex -64.58744049072266 20.218839645385742 0
vertex -64.58744049072266 19.518840789794922 0
endloop
endfacet
facet normal 0.8658637648742972 0.5002798623547702 0
outer loop
vertex 66.32151794433594 63.55405807495117 4.5
vertex 66.12494659423828 63.8942756652832 0
vertex 66.12494659423828 63.8942756652832 5
endloop
endfacet
facet normal 0 0 -1
outer loop
vertex -69.13743591308594 24.418840408325195 0
vertex -75.27777099609375 22.32886505126953 0
vertex -75.27562713623047 41.32886505126953 0
endloop
endfacet
facet normal 0.01399459031826735 0.9999020709258601 0
outer loop
vertex 62.856773376464844 65.98808288574219 5
vertex 61.28520965576172 66.01007843017578 0
vertex 61.28520965576172 66.01007843017578 5
endloop
endfacet
facet normal 0 0 -1
outer loop
vertex -69.13743591308594 19.518840789794922 0
vertex -75.27804565429688 19.90198516845703 0
vertex -64.58744049072266 24.418840408325195 0
endloop
endfacet
facet normal 0 0 -1
outer loop
vertex -64.58744049072266 24.418840408325195 0
vertex -76.5747299194336 19.902132034301758 0
vertex -69.13743591308594 24.418840408325195 0
endloop
endfacet
facet normal 0 0 -1
outer loop
vertex -75.27804565429688 19.90198516845703 0
vertex -76.5747299194336 19.902132034301758 0
vertex -64.58744049072266 24.418840408325195 0
endloop
endfacet
facet normal 0 0 -1
outer loop
vertex -69.13743591308594 5.418840408325195 0
vertex -75.27804565429688 19.90198516845703 0
vertex -69.13743591308594 19.518840789794922 0
endloop
endfacet
facet normal -0.2976610784976661 0.9546716096897436 0
outer loop
vertex 61.28520965576172 66.01007843017578 5
vertex 59.75259780883789 65.53221893310547 0
vertex 59.75259780883789 65.53221893310547 5
endloop
endfacet
facet normal 0.8663282362677988 0.49947511153635016 9.357169895945579e-7
outer loop
vertex 70.10660552978516 58.425777435302734 4.5
vertex 67.55262756347656 62.8556022644043 0.20000000298023224
vertex 67.19300079345703 63.4793586730957 4.5
endloop
endfacet
facet normal 0.866328098678179 0.49947535018162376 0.0000012632885283847939
outer loop
vertex 76.18355560302734 47.88545227050781 4.5
vertex 67.55262756347656 62.8556022644043 0.20000000298023224
vertex 70.10660552978516 58.425777435302734 4.5
endloop
endfacet
facet normal -0.4994768652354246 0.86632722518376 0
outer loop
vertex 67.19300079345703 63.4793586730957 4.5
vertex 66.57164764404297 63.12112045288086 0.20000000298023224
vertex 66.57164764404297 63.12112045288086 4.5
endloop
endfacet
facet normal 0 0 -1
outer loop
vertex -76.5747299194336 19.902132034301758 0
vertex -75.27777099609375 22.32886505126953 0
vertex -69.13743591308594 24.418840408325195 0
endloop
endfacet
facet normal 0.865875501685849 0.5002595482108089 -0.0000020485222223918886
outer loop
vertex 66.57164764404297 63.12112045288086 4.5
vertex 66.12494659423828 63.8942756652832 0
vertex 66.32151794433594 63.55405807495117 4.5
endloop
endfacet
facet normal 0.9546718562236728 0.2976602878021299 0
outer loop
vertex 76.4410400390625 45.33343505859375 5
vertex 75.96316528320312 46.8661003112793 0
vertex 75.96316528320312 46.8661003112793 5
endloop
endfacet
facet normal -0.9999999991648966 -0.00004086816555110299 0
outer loop
vertex -76.5748291015625 22.329011917114258 0
vertex -76.5747299194336 19.902132034301758 0
vertex -76.5748291015625 22.329011917114258 0.20000000298023224
endloop
endfacet
facet normal 0 0 -1
outer loop
vertex -76.5747299194336 19.902132034301758 0
vertex -76.5748291015625 22.329011917114258 0
vertex -75.27777099609375 22.32886505126953 0
endloop
endfacet
facet normal -0.9999999991648966 -0.00004086816555110299 0
outer loop
vertex -76.5747299194336 19.902132034301758 0
vertex -76.5747299194336 19.902132034301758 0.20000000298023224
vertex -76.5748291015625 22.329011917114258 0.20000000298023224
endloop
endfacet
facet normal 0.9999020714012001 -0.013994556355571596 0
outer loop
vertex 76.4190444946289 43.76186752319336 5
vertex 76.4410400390625 45.33343505859375 0
vertex 76.4410400390625 45.33343505859375 5
endloop
endfacet
facet normal 0.8658646440202106 0.5002783407558088 0.000002523680092579927
outer loop
vertex 75.96316528320312 46.8661003112793 5
vertex 75.57645416259766 47.535430908203125 0.20000000298023224
vertex 75.82658386230469 47.10249328613281 4.5
endloop
endfacet
facet normal 0 0 -1
outer loop
vertex -59.58743667602539 1.21884024143219 0
vertex -64.58744049072266 4.7188401222229 0
vertex -59.58743667602539 4.7188401222229 0
endloop
endfacet
facet normal 0 0 -1
outer loop
vertex -64.58744049072266 1.21884024143219 0
vertex -64.58744049072266 4.7188401222229 0
vertex -59.58743667602539 1.21884024143219 0
endloop
endfacet
facet normal 0 0 -1
outer loop
vertex -64.58744049072266 4.7188401222229 0
vertex -69.13743591308594 0.5188402533531189 0
vertex -64.58744049072266 5.418840408325195 0
endloop
endfacet
facet normal 0 0 -1
outer loop
vertex -64.58744049072266 1.21884024143219 0
vertex -69.13743591308594 0.5188402533531189 0
vertex -64.58744049072266 4.7188401222229 0
endloop
endfacet
facet normal 0 0 -1
outer loop
vertex -69.13743591308594 0.5188402533531189 0
vertex -64.58744049072266 1.21884024143219 0
vertex -64.58744049072266 0.5188402533531189 0
endloop
endfacet
facet normal 0.9459650064414041 -0.3242687258869011 0
outer loop
vertex 75.90938568115234 42.27507781982422 5
vertex 76.4190444946289 43.76186752319336 0
vertex 76.4190444946289 43.76186752319336 5
endloop
endfacet
facet normal 0.798209458472528 -0.6023799966839816 0
outer loop
vertex 74.94650268554688 40.999168395996094 5
vertex 75.90938568115234 42.27507781982422 0
vertex 75.90938568115234 42.27507781982422 5
endloop
endfacet
facet normal 0.6311186640100571 -0.7756862973768202 0
outer loop
vertex 74.32450103759766 40.49309158325195 5
vertex 74.94650268554688 40.999168395996094 0
vertex 74.94650268554688 40.999168395996094 5
endloop
endfacet
facet normal 0.5026169041031538 -0.8645092525298739 0
outer loop
vertex 68.0978012084961 36.87295150756836 5
vertex 74.32450103759766 40.49309158325195 0
vertex 74.32450103759766 40.49309158325195 5
endloop
endfacet
facet normal 0 0 -1
outer loop
vertex -69.13743591308594 5.418840408325195 0
vertex -75.28018188476562 0.9019861817359924 0
vertex -75.27804565429688 19.90198516845703 0
endloop
endfacet
facet normal 0.5877930919433957 -0.809011298477112 0
outer loop
vertex 68.04011535644531 36.83103942871094 5
vertex 68.0978012084961 36.87295150756836 0
vertex 68.0978012084961 36.87295150756836 5
endloop
endfacet
facet normal 0 0 -1
outer loop
vertex -64.58744049072266 5.418840408325195 0
vertex -75.28018188476562 0.9019861817359924 0
vertex -69.13743591308594 5.418840408325195 0
endloop
endfacet
facet normal 0 0 -1
outer loop
vertex -69.13743591308594 0.5188402533531189 0
vertex -76.5738296508789 -1.5247472524642944 0
vertex -64.58744049072266 5.418840408325195 0
endloop
endfacet
facet normal 0 0 -1
outer loop
vertex -76.5738296508789 -1.5247472524642944 0
vertex -75.28018188476562 0.9019861817359924 0
vertex -64.58744049072266 5.418840408325195 0
endloop
endfacet
facet normal 0.6669938503810291 -0.7450632211791757 0
outer loop
vertex 67.28327178955078 36.153499603271484 5
vertex 68.04011535644531 36.83103942871094 0
vertex 68.04011535644531 36.83103942871094 5
endloop
endfacet
facet normal 0.7739995299147948 -0.6331861714311806 0
outer loop
vertex 67.21446990966797 36.06939697265625 5
vertex 67.28327178955078 36.153499603271484 0
vertex 67.28327178955078 36.153499603271484 5
endloop
endfacet
facet normal 0.8624081896636795 -0.5062135067350682 0
outer loop
vertex 66.6907958984375 35.177242279052734 5
vertex 67.21446990966797 36.06939697265625 0
vertex 67.21446990966797 36.06939697265625 5
endloop
endfacet
facet normal 0 0 -1
outer loop
vertex -76.08795928955078 -65.0525894165039 0
vertex -64.58744049072266 -51.58116149902344 0
vertex -75.32188415527344 -65.84645080566406 0
endloop
endfacet
facet normal 0 0 -1
outer loop
vertex -69.13743591308594 0.5188402533531189 0
vertex -75.28045654296875 -1.5248931646347046 0
vertex -76.5738296508789 -1.5247472524642944 0
endloop
endfacet
facet normal 0 0 -1
outer loop
vertex 1.9625624418258667 -44.60615921020508 0
vertex -2.587437629699707 -44.60615921020508 0
vertex 1.9625624418258667 -39.70616149902344 0
endloop
endfacet
facet normal 0 0 -1
outer loop
vertex 5.462270259857178 -46.246158599853516 0
vertex 6.862562656402588 -42.23115921020508 0
vertex 5.330468654632568 -47.197959899902344 0
endloop
endfacet
facet normal 0 0 -1
outer loop
vertex 4.694072246551514 -45.92796325683594 0
vertex 4.596524715423584 -46.073951721191406 0
vertex 6.862562656402588 -37.33116149902344 0
endloop
endfacet
facet normal 0 0 -1
outer loop
vertex 4.840063095092773 -45.830413818359375 0
vertex 4.694072246551514 -45.92796325683594 0
vertex 6.862562656402588 -37.33116149902344 0
endloop
endfacet
facet normal 0 0 -1
outer loop
vertex 5.012270450592041 -45.79615783691406 0
vertex 4.840063095092773 -45.830413818359375 0
vertex 6.862562656402588 -37.33116149902344 0
endloop
endfacet
facet normal 0 0 -1
outer loop
vertex 5.330468654632568 -45.92796325683594 0
vertex 5.184477806091309 -45.830413818359375 0
vertex 6.862562656402588 -37.33116149902344 0
endloop
endfacet
facet normal 0 0 -1
outer loop
vertex 5.428016185760498 -46.073951721191406 0
vertex 5.330468654632568 -45.92796325683594 0
vertex 6.862562656402588 -37.33116149902344 0
endloop
endfacet
facet normal 0 0 -1
outer loop
vertex 5.184477806091309 -45.830413818359375 0
vertex 5.012270450592041 -45.79615783691406 0
vertex 6.862562656402588 -37.33116149902344 0
endloop
endfacet
facet normal 0 0 -1
outer loop
vertex 6.862562656402588 -37.33116149902344 0
vertex 5.462270259857178 -46.246158599853516 0
vertex 5.428016185760498 -46.073951721191406 0
endloop
endfacet
facet normal 0 0 -1
outer loop
vertex 6.862562656402588 -42.23115921020508 0
vertex 5.462270259857178 -46.246158599853516 0
vertex 6.862562656402588 -37.33116149902344 0
endloop
endfacet
facet normal 0 0 -1
outer loop
vertex 1.9625624418258667 -44.60615921020508 0
vertex 6.862562656402588 -23.231159210205078 0
vertex 4.596524715423584 -46.073951721191406 0
endloop
endfacet
facet normal 0 0 -1
outer loop
vertex 6.862562656402588 -37.33116149902344 0
vertex 11.412562370300293 -37.33116149902344 0
vertex 6.862562656402588 -42.23115921020508 0
endloop
endfacet
facet normal 0 0 -1
outer loop
vertex 6.862562656402588 -42.23115921020508 0
vertex 11.412562370300293 -41.531158447265625 0
vertex 11.412562370300293 -42.23115921020508 0
endloop
endfacet
facet normal 0 0 -1
outer loop
vertex 11.412562370300293 -41.531158447265625 0
vertex 6.862562656402588 -42.23115921020508 0
vertex 11.412562370300293 -38.031158447265625 0
endloop
endfacet
facet normal 0 0 -1
outer loop
vertex 11.412562370300293 -38.031158447265625 0
vertex 6.862562656402588 -42.23115921020508 0
vertex 11.412562370300293 -37.33116149902344 0
endloop
endfacet
facet normal 0 0 -1
outer loop
vertex 11.412562370300293 -41.531158447265625 0
vertex 11.412562370300293 -38.031158447265625 0
vertex 16.41256332397461 -41.531158447265625 0
endloop
endfacet
facet normal 0 0 -1
outer loop
vertex 16.41256332397461 -42.23115921020508 0
vertex 16.41256332397461 -41.531158447265625 0
vertex 20.962562561035156 -42.23115921020508 0
endloop
endfacet
facet normal 0 0 -1
outer loop
vertex 16.41256332397461 -41.531158447265625 0
vertex 11.412562370300293 -38.031158447265625 0
vertex 16.41256332397461 -38.031158447265625 0
endloop
endfacet
facet normal 0 0 -1
outer loop
vertex 20.962562561035156 -42.23115921020508 0
vertex 16.41256332397461 -41.531158447265625 0
vertex 16.41256332397461 -38.031158447265625 0
endloop
endfacet
facet normal 0 0 -1
outer loop
vertex 16.41256332397461 -38.031158447265625 0
vertex 16.41256332397461 -37.33116149902344 0
vertex 20.962562561035156 -37.33116149902344 0
endloop
endfacet
facet normal 0 0 -1
outer loop
vertex -75.32188415527344 -65.84645080566406 0
vertex -64.58744049072266 -51.58116149902344 0
vertex -74.90025329589844 -66.09685516357422 0
endloop
endfacet
facet normal 0.930195285490545 -0.367065022647437 0
outer loop
vertex 66.65090942382812 35.07616424560547 5
vertex 66.6907958984375 35.177242279052734 0
vertex 66.6907958984375 35.177242279052734 5
endloop
endfacet
facet normal -0.9999999991648961 -0.00004086817358094569 0
outer loop
vertex -76.57392883300781 0.9021321535110474 0
vertex -76.5738296508789 -1.5247472524642944 0
vertex -76.57392883300781 0.9021321535110474 0.20000000298023224
endloop
endfacet
facet normal 0 0 -1
outer loop
vertex -76.5738296508789 -1.5247472524642944 0
vertex -76.57392883300781 0.9021321535110474 0
vertex -75.28018188476562 0.9019861817359924 0
endloop
endfacet
facet normal -0.9999999991648961 -0.00004086817358094569 0
outer loop
vertex -76.5738296508789 -1.5247472524642944 0
vertex -76.5738296508789 -1.5247472524642944 0.20000000298023224
vertex -76.57392883300781 0.9021321535110474 0.20000000298023224
endloop
endfacet
facet normal 0.9756924364610777 -0.21914440315154293 0
outer loop
vertex 66.4276351928711 34.08208465576172 5
vertex 66.65090942382812 35.07616424560547 0
vertex 66.65090942382812 35.07616424560547 5
endloop
endfacet
facet normal 0.993893951716265 -0.11033953390252499 0
outer loop
vertex 66.41909790039062 34.005184173583984 5
vertex 66.4276351928711 34.08208465576172 0
vertex 66.4276351928711 34.08208465576172 5
endloop
endfacet
facet normal 0 0 1
outer loop
vertex -12.13743782043457 -1.7061597108840942 5
vertex 1.9625624418258667 -6.606159687042236 5
vertex 1.9625624418258667 -1.7061597108840942 5
endloop
endfacet
facet normal 0 0 1
outer loop
vertex -17.037437438964844 -4.231159687042236 5
vertex 1.9625624418258667 -6.606159687042236 5
vertex -12.13743782043457 -1.7061597108840942 5
endloop
endfacet
facet normal 0 0 1
outer loop
vertex -12.13743782043457 -6.606159687042236 5
vertex 1.9625624418258667 -6.606159687042236 5
vertex -17.037437438964844 -4.231159687042236 5
endloop
endfacet
facet normal 0 0 1
outer loop
vertex -17.037437438964844 -4.231159687042236 5
vertex -17.037437438964844 -18.331159591674805 5
vertex -12.13743782043457 -6.606159687042236 5
endloop
endfacet
facet normal 0 0 1
outer loop
vertex -17.037437438964844 -18.331159591674805 5
vertex -12.13743782043457 -20.706159591674805 5
vertex -12.13743782043457 -6.606159687042236 5
endloop
endfacet
facet normal 0 0 1
outer loop
vertex 1.9625624418258667 -20.706159591674805 5
vertex -12.13743782043457 -20.706159591674805 5
vertex 1.9625624418258667 -25.606159210205078 5
endloop
endfacet
facet normal 0 0 1
outer loop
vertex -12.13743782043457 -20.706159591674805 5
vertex -17.037437438964844 -23.231159210205078 5
vertex 1.9625624418258667 -25.606159210205078 5
endloop
endfacet
facet normal 0 0 1
outer loop
vertex -12.13743782043457 -25.606159210205078 5
vertex 1.9625624418258667 -25.606159210205078 5
vertex -17.037437438964844 -23.231159210205078 5
endloop
endfacet
facet normal 0 0 1
outer loop
vertex -17.037437438964844 -18.331159591674805 5
vertex -17.037437438964844 -23.231159210205078 5
vertex -12.13743782043457 -20.706159591674805 5
endloop
endfacet
facet normal 0 0 1
outer loop
vertex -12.13743782043457 -25.606159210205078 5
vertex -17.037437438964844 -37.33116149902344 5
vertex -12.13743782043457 -39.70616149902344 5
endloop
endfacet
facet normal 0 0 1
outer loop
vertex -17.037437438964844 -23.231159210205078 5
vertex -17.037437438964844 -37.33116149902344 5
vertex -12.13743782043457 -25.606159210205078 5
endloop
endfacet
facet normal 0 0 1
outer loop
vertex -31.13743782043457 0.6688402891159058 5
vertex -31.13743782043457 -4.231159687042236 5
vertex -17.037437438964844 -4.231159687042236 5
endloop
endfacet
facet normal 0 0 1
outer loop
vertex -31.13743782043457 -4.231159687042236 5
vertex -31.13743782043457 0.6688402891159058 5
vertex -36.037437438964844 -13.581159591674805 5
endloop
endfacet
facet normal 0 0 1
outer loop
vertex -31.13743782043457 -18.331159591674805 5
vertex -31.13743782043457 -4.231159687042236 5
vertex -36.037437438964844 -13.581159591674805 5
endloop
endfacet
facet normal 0 0 1
outer loop
vertex -36.037437438964844 -13.581159591674805 5
vertex -36.037437438964844 -18.481159210205078 5
vertex -31.13743782043457 -18.331159591674805 5
endloop
endfacet
facet normal 0 0 1
outer loop
vertex -17.037437438964844 -18.331159591674805 5
vertex -31.13743782043457 -23.231159210205078 5
vertex -17.037437438964844 -23.231159210205078 5
endloop
endfacet
facet normal 0 0 1
outer loop
vertex -31.13743782043457 -18.331159591674805 5
vertex -31.13743782043457 -23.231159210205078 5
vertex -17.037437438964844 -18.331159591674805 5
endloop
endfacet
facet normal 0 0 1
outer loop
vertex -36.037437438964844 -18.481159210205078 5
vertex -31.13743782043457 -23.231159210205078 5
vertex -31.13743782043457 -18.331159591674805 5
endloop
endfacet
facet normal 0 0 1
outer loop
vertex -36.037437438964844 -18.481159210205078 5
vertex -36.037437438964844 -32.58116149902344 5
vertex -31.13743782043457 -23.231159210205078 5
endloop
endfacet
facet normal 0 0 1
outer loop
vertex -36.037437438964844 -32.58116149902344 5
vertex -31.13743782043457 -37.33116149902344 5
vertex -31.13743782043457 -23.231159210205078 5
endloop
endfacet
facet normal 0 0 1
outer loop
vertex 1.9625624418258667 -39.70616149902344 5
vertex -12.13743782043457 -39.70616149902344 5
vertex 1.9625624418258667 -44.60615921020508 5
endloop
endfacet
facet normal 0 0 1
outer loop
vertex -12.13743782043457 -39.70616149902344 5
vertex -17.037437438964844 -42.23115921020508 5
vertex 1.9625624418258667 -44.60615921020508 5
endloop
endfacet
facet normal 0 0 1
outer loop
vertex -12.13743782043457 -44.60615921020508 5
vertex 1.9625624418258667 -44.60615921020508 5
vertex -17.037437438964844 -42.23115921020508 5
endloop
endfacet
facet normal 0 0 1
outer loop
vertex -12.13743782043457 -44.60615921020508 5
vertex -17.037437438964844 -56.33116149902344 5
vertex -12.13743782043457 -58.70616149902344 5
endloop
endfacet
facet normal 0 0 1
outer loop
vertex -17.037437438964844 -42.23115921020508 5
vertex -17.037437438964844 -56.33116149902344 5
vertex -12.13743782043457 -44.60615921020508 5
endloop
endfacet
facet normal 0 0 1
outer loop
vertex 1.9625624418258667 -58.70616149902344 5
vertex -11.337437629699707 -61.906158447265625 5
vertex -3.1325089931488037 -66.41085052490234 5
endloop
endfacet
facet normal 0 0 1
outer loop
vertex -12.13743782043457 -58.70616149902344 5
vertex -11.848531723022461 -60.94997024536133 5
vertex 1.9625624418258667 -58.70616149902344 5
endloop
endfacet
facet normal 0 0 1
outer loop
vertex 1.9625624418258667 -58.70616149902344 5
vertex -11.674264907836914 -61.092987060546875 5
vertex -11.53124713897705 -61.26725387573242 5
endloop
endfacet
facet normal 0 0 1
outer loop
vertex -11.848531723022461 -60.94997024536133 5
vertex -11.674264907836914 -61.092987060546875 5
vertex 1.9625624418258667 -58.70616149902344 5
endloop
endfacet
facet normal 0 0 1
outer loop
vertex -11.53124713897705 -61.26725387573242 5
vertex -11.424976348876953 -61.46607208251953 5
vertex 1.9625624418258667 -58.70616149902344 5
endloop
endfacet
facet normal 0 0 1
outer loop
vertex -11.424976348876953 -61.46607208251953 5
vertex -11.35953426361084 -61.68180465698242 5
vertex 1.9625624418258667 -58.70616149902344 5
endloop
endfacet
facet normal 0 0 1
outer loop
vertex -11.35953426361084 -61.68180465698242 5
vertex -11.337437629699707 -61.906158447265625 5
vertex 1.9625624418258667 -58.70616149902344 5
endloop
endfacet
facet normal 0 0 1
outer loop
vertex 1.9625624418258667 -58.70616149902344 5
vertex -2.0646603107452393 -66.63142395019531 5
vertex -1.9631825685501099 -66.67028045654297 5
endloop
endfacet
facet normal 0 0 1
outer loop
vertex 1.9625624418258667 -58.70616149902344 5
vertex -3.059178590774536 -66.41861724853516 5
vertex -2.0646603107452393 -66.63142395019531 5
endloop
endfacet
facet normal 0 0 1
outer loop
vertex -3.1325089931488037 -66.41085052490234 5
vertex -3.059178590774536 -66.41861724853516 5
vertex 1.9625624418258667 -58.70616149902344 5
endloop
endfacet
facet normal 0 0 1
outer loop
vertex -11.337437629699707 -61.906158447265625 5
vertex -11.35953426361084 -62.13051223754883 5
vertex -3.1325089931488037 -66.41085052490234 5
endloop
endfacet
facet normal 0 0 1
outer loop
vertex -11.35953426361084 -62.13051223754883 5
vertex -11.424976348876953 -62.34624481201172 5
vertex -3.1325089931488037 -66.41085052490234 5
endloop
endfacet
facet normal 0 0 1
outer loop
vertex -11.424976348876953 -62.34624481201172 5
vertex -11.53124713897705 -62.545066833496094 5
vertex -3.1325089931488037 -66.41085052490234 5
endloop
endfacet
facet normal 0 0 1
outer loop
vertex -11.53124713897705 -62.545066833496094 5
vertex -11.674264907836914 -62.71933364868164 5
vertex -3.1325089931488037 -66.41085052490234 5
endloop
endfacet
facet normal 0 0 1
outer loop
vertex -11.674264907836914 -62.71933364868164 5
vertex -11.848531723022461 -62.86235046386719 5
vertex -3.1325089931488037 -66.41085052490234 5
endloop
endfacet
facet normal 0 0 1
outer loop
vertex -11.848531723022461 -62.86235046386719 5
vertex -12.047351837158203 -62.96862030029297 5
vertex -3.1325089931488037 -66.41085052490234 5
endloop
endfacet
facet normal 0 0 1
outer loop
vertex -12.047351837158203 -62.96862030029297 5
vertex -12.263083457946777 -63.034061431884766 5
vertex -3.1325089931488037 -66.41085052490234 5
endloop
endfacet
facet normal 0 0 1
outer loop
vertex -12.263083457946777 -63.034061431884766 5
vertex -12.48743724822998 -63.05615997314453 5
vertex -3.1325089931488037 -66.41085052490234 5
endloop
endfacet
facet normal 0 0 1
outer loop
vertex -12.48743724822998 -63.05615997314453 5
vertex -12.711791038513184 -63.034061431884766 5
vertex -3.1325089931488037 -66.41085052490234 5
endloop
endfacet
facet normal 0 0 1
outer loop
vertex -12.13743782043457 -58.70616149902344 5
vertex -12.047351837158203 -60.84369659423828 5
vertex -11.848531723022461 -60.94997024536133 5
endloop
endfacet
facet normal 0 0 1
outer loop
vertex -12.13743782043457 -58.70616149902344 5
vertex -12.263083457946777 -60.778255462646484 5
vertex -12.047351837158203 -60.84369659423828 5
endloop
endfacet
facet normal 0 0 1
outer loop
vertex -12.13743782043457 -58.70616149902344 5
vertex -12.48743724822998 -60.756160736083984 5
vertex -12.263083457946777 -60.778255462646484 5
endloop
endfacet
facet normal 0 0 1
outer loop
vertex -12.13743782043457 -58.70616149902344 5
vertex -12.711791038513184 -60.778255462646484 5
vertex -12.48743724822998 -60.756160736083984 5
endloop
endfacet
facet normal 0 0 1
outer loop
vertex -12.13743782043457 -58.70616149902344 5
vertex -12.927523612976074 -60.84369659423828 5
vertex -12.711791038513184 -60.778255462646484 5
endloop
endfacet
facet normal 0 0 1
outer loop
vertex -17.037437438964844 -56.33116149902344 5
vertex -12.927523612976074 -60.84369659423828 5
vertex -12.13743782043457 -58.70616149902344 5
endloop
endfacet
facet normal 0 0 1
outer loop
vertex -17.037437438964844 -56.33116149902344 5
vertex -13.126343727111816 -60.94997024536133 5
vertex -12.927523612976074 -60.84369659423828 5
endloop
endfacet
facet normal 0 0 1
outer loop
vertex -17.037437438964844 -56.33116149902344 5
vertex -13.300610542297363 -61.092987060546875 5
vertex -13.126343727111816 -60.94997024536133 5
endloop
endfacet
facet normal 0 0 1
outer loop
vertex -17.037437438964844 -56.33116149902344 5
vertex -13.44362735748291 -61.26725387573242 5
vertex -13.300610542297363 -61.092987060546875 5
endloop
endfacet
facet normal 0 0 1
outer loop
vertex -17.037437438964844 -56.33116149902344 5
vertex -13.549899101257324 -61.46607208251953 5
vertex -13.44362735748291 -61.26725387573242 5
endloop
endfacet
facet normal 0 0 1
outer loop
vertex -13.549899101257324 -61.46607208251953 5
vertex -31.13743782043457 -56.33116149902344 5
vertex -13.615340232849121 -61.68180465698242 5
endloop
endfacet
facet normal 0 0 1
outer loop
vertex -31.13743782043457 -56.33116149902344 5
vertex -13.63743782043457 -61.906158447265625 5
vertex -13.615340232849121 -61.68180465698242 5
endloop
endfacet
facet normal 0 0 1
outer loop
vertex -13.615340232849121 -62.13051223754883 5
vertex -13.63743782043457 -61.906158447265625 5
vertex -31.13743782043457 -56.33116149902344 5
endloop
endfacet
facet normal 0 0 1
outer loop
vertex -31.13743782043457 -56.33116149902344 5
vertex -13.549899101257324 -62.34624481201172 5
vertex -13.615340232849121 -62.13051223754883 5
endloop
endfacet
facet normal 0 0 1
outer loop
vertex -17.037437438964844 -37.33116149902344 5
vertex -36.037437438964844 -37.48115921020508 5
vertex -12.13743782043457 -39.70616149902344 5
endloop
endfacet
facet normal 0 0 1
outer loop
vertex -17.037437438964844 -42.23115921020508 5
vertex -12.13743782043457 -39.70616149902344 5
vertex -36.037437438964844 -37.48115921020508 5
endloop
endfacet
facet normal 0 0 1
outer loop
vertex -31.13743782043457 -37.33116149902344 5
vertex -36.037437438964844 -37.48115921020508 5
vertex -17.037437438964844 -37.33116149902344 5
endloop
endfacet
facet normal 0 0 1
outer loop
vertex -31.13743782043457 -42.23115921020508 5
vertex -17.037437438964844 -42.23115921020508 5
vertex -36.037437438964844 -37.48115921020508 5
endloop
endfacet
facet normal 0 0 1
outer loop
vertex -36.037437438964844 -37.48115921020508 5
vertex -36.037437438964844 -51.58116149902344 5
vertex -31.13743782043457 -42.23115921020508 5
endloop
endfacet
facet normal 0 0 1
outer loop
vertex -36.037437438964844 -51.58116149902344 5
vertex -31.13743782043457 -56.33116149902344 5
vertex -31.13743782043457 -42.23115921020508 5
endloop
endfacet
facet normal 0 0 1
outer loop
vertex -17.037437438964844 -56.33116149902344 5
vertex -31.13743782043457 -56.33116149902344 5
vertex -13.549899101257324 -61.46607208251953 5
endloop
endfacet
facet normal 0 0 1
outer loop
vertex -12.711791038513184 -63.034061431884766 5
vertex -73.83695983886719 -66.38955688476562 5
vertex -3.1325089931488037 -66.41085052490234 5
endloop
endfacet
facet normal 0 0 1
outer loop
vertex -12.927523612976074 -62.96862030029297 5
vertex -73.83695983886719 -66.38955688476562 5
vertex -12.711791038513184 -63.034061431884766 5
endloop
endfacet
facet normal 0 0 1
outer loop
vertex -12.927523612976074 -62.96862030029297 5
vertex -13.126343727111816 -62.86235046386719 5
vertex -73.83695983886719 -66.38955688476562 5
endloop
endfacet
facet normal 0 0 1
outer loop
vertex -13.300610542297363 -62.71933364868164 5
vertex -73.83695983886719 -66.38955688476562 5
vertex -13.126343727111816 -62.86235046386719 5
endloop
endfacet
facet normal 0 0 1
outer loop
vertex -13.44362735748291 -62.545066833496094 5
vertex -73.83695983886719 -66.38955688476562 5
vertex -13.300610542297363 -62.71933364868164 5
endloop
endfacet
facet normal 0 0 1
outer loop
vertex -13.549899101257324 -62.34624481201172 5
vertex -73.83695983886719 -66.38955688476562 5
vertex -13.44362735748291 -62.545066833496094 5
endloop
endfacet
facet normal -0.35758859987681485 -0.9338792176925982 0
outer loop
vertex -2.0646603107452393 -66.63142395019531 5
vertex -1.9631825685501099 -66.67028045654297 0
vertex -1.9631825685501099 -66.67028045654297 5
endloop
endfacet
facet normal -0.20924295662640593 -0.9778636843150685 0
outer loop
vertex -3.059178590774536 -66.41861724853516 5
vertex -2.0646603107452393 -66.63142395019531 0
vertex -2.0646603107452393 -66.63142395019531 5
endloop
endfacet
facet normal -0.10532499120314404 -0.9944378543820914 0
outer loop
vertex -3.1325089931488037 -66.41085052490234 5
vertex -3.059178590774536 -66.41861724853516 0
vertex -3.059178590774536 -66.41861724853516 5
endloop
endfacet
facet normal -0.6253570515677914 -0.7803387457088355 0
outer loop
vertex -1.0657609701156616 -67.18487548828125 5
vertex -0.980964720249176 -67.2528305053711 0
vertex -0.980964720249176 -67.2528305053711 5
endloop
endfacet
facet normal -0.7382617846406052 -0.6745142973571937 0
outer loop
vertex -0.980964720249176 -67.2528305053711 5
vertex -0.2984164357185364 -67.99988555908203 0
vertex -0.2984164357185364 -67.99988555908203 5
endloop
endfacet
facet normal -0.49743744953175195 -0.8674998465725199 0
outer loop
vertex -1.9631825685501099 -66.67028045654297 5
vertex -1.0657609701156616 -67.18487548828125 0
vertex -1.0657609701156616 -67.18487548828125 5
endloop
endfacet
facet normal 1 0 0
outer loop
vertex 66.41909790039062 33.96649932861328 4.5
vertex 66.41909790039062 34.005184173583984 0
vertex 66.41909790039062 34.005184173583984 5
endloop
endfacet
facet normal 0.49947675547554105 -0.8663272884652927 0
outer loop
vertex 75.57645416259766 47.535430908203125 4.5
vertex 76.18355560302734 47.88545227050781 0.20000000298023224
vertex 76.18355560302734 47.88545227050781 4.5
endloop
endfacet
facet normal 0.8658755016876659 0.5002595482118586 0
outer loop
vertex 75.57645416259766 47.535430908203125 0.20000000298023224
vertex 75.57645416259766 47.535430908203125 4.5
vertex 75.82658386230469 47.10249328613281 4.5
endloop
endfacet
facet normal 0 0 -1
outer loop
vertex -74.90025329589844 -66.09685516357422 0
vertex -64.58744049072266 -51.58116149902344 0
vertex -73.83695983886719 -66.38955688476562 0
endloop
endfacet
facet normal 0.00010354223377738721 0.9999999946395028 0
outer loop
vertex 67.1190414428711 33.466426849365234 4.5
vertex 66.4190444946289 33.46649932861328 0.20000000298023224
vertex 66.4190444946289 33.46649932861328 4.5
endloop
endfacet
facet normal 0.9999999942956493 -0.00010681152282820962 0
outer loop
vertex 66.41909790039062 33.96649932861328 0.20000000298023224
vertex 66.41909790039062 33.96649932861328 4.5
vertex 66.4190444946289 33.46649932861328 4.5
endloop
endfacet
facet normal 0 0 -1
outer loop
vertex -64.58744049072266 -51.58116149902344 0
vertex -76.08795928955078 -65.0525894165039 0
vertex -76.3260269165039 -64.61711883544922 0
endloop
endfacet
facet normal -0.5003985825534308 0.8657951597107235 0
outer loop
vertex 59.75259780883789 65.53221893310547 5
vertex 42.671878814697266 55.66017532348633 0
vertex 42.671878814697266 55.66017532348633 5
endloop
endfacet
facet normal 0 0 -1
outer loop
vertex -64.58744049072266 -51.58116149902344 0
vertex -76.3260269165039 -64.61711883544922 0
vertex -75.28743743896484 -63.3786506652832 0
endloop
endfacet
facet normal 0 0 -1
outer loop
vertex -64.58744049072266 -51.58116149902344 0
vertex -75.28743743896484 -63.3786506652832 0
vertex -69.13743591308594 -51.58116149902344 0
endloop
endfacet
facet normal -0.5879072217879954 0.8089283643002765 0
outer loop
vertex 42.671878814697266 55.66017532348633 5
vertex 41.309879302978516 54.670310974121094 0
vertex 41.309879302978516 54.670310974121094 5
endloop
endfacet
facet normal -0.48597519247900317 0.8739726038583795 0
outer loop
vertex 41.309879302978516 54.670310974121094 5
vertex 41.23576736450195 54.62910079956055 0
vertex 41.23576736450195 54.62910079956055 5
endloop
endfacet
facet normal 0 0 -1
outer loop
vertex -73.83695983886719 -66.38955688476562 0
vertex -64.58744049072266 -51.58116149902344 0
vertex -64.58744049072266 -52.281158447265625 0
endloop
endfacet
facet normal 0 0 -1
outer loop
vertex -64.58744049072266 -52.281158447265625 0
vertex -59.58743667602539 -52.281158447265625 0
vertex -73.83695983886719 -66.38955688476562 0
endloop
endfacet
facet normal 0 0 -1
outer loop
vertex -73.83695983886719 -66.38955688476562 0
vertex -59.58743667602539 -52.281158447265625 0
vertex -55.037437438964844 -51.58116149902344 0
endloop
endfacet
facet normal 0 0 -1
outer loop
vertex -73.83695983886719 -66.38955688476562 0
vertex -55.037437438964844 -51.58116149902344 0
vertex -50.13743591308594 -51.58116149902344 0
endloop
endfacet
facet normal 0 0 -1
outer loop
vertex -69.13743591308594 -51.58116149902344 0
vertex -75.28743743896484 -63.3786506652832 0
vertex -75.28529357910156 -44.3786506652832 0
endloop
endfacet
facet normal 0 0 1
outer loop
vertex 49.44294357299805 34.69816970825195 5
vertex 58.962562561035156 24.268840789794922 5
vertex 65.11909484863281 33.966636657714844 5
endloop
endfacet
facet normal 0 0 1
outer loop
vertex 65.11909484863281 33.966636657714844 5
vertex 58.962562561035156 10.168840408325195 5
vertex 65.11710357666016 14.96663761138916 5
endloop
endfacet
facet normal 0 0 1
outer loop
vertex 58.962562561035156 24.268840789794922 5
vertex 58.962562561035156 10.168840408325195 5
vertex 65.11909484863281 33.966636657714844 5
endloop
endfacet
facet normal 0 0 1
outer loop
vertex 65.11710357666016 14.96663761138916 5
vertex 66.41696166992188 13.638921737670898 5
vertex 66.41709899902344 14.966501235961914 5
endloop
endfacet
facet normal 0 0 1
outer loop
vertex 65.11710357666016 14.96663761138916 5
vertex 65.11695861816406 13.639058113098145 5
vertex 66.41696166992188 13.638921737670898 5
endloop
endfacet
facet normal 0 0 1
outer loop
vertex 65.11695861816406 13.639058113098145 5
vertex 65.11710357666016 14.96663761138916 5
vertex 58.962562561035156 10.168840408325195 5
endloop
endfacet
facet normal 0.99999999464975 -0.00010344322204774767 0
outer loop
vertex 66.41709899902344 14.966501235961914 4.5
vertex 66.41709899902344 14.966501235961914 5
vertex 66.41696166992188 13.638921737670898 5
endloop
endfacet
facet normal 0 0 1
outer loop
vertex 58.962562561035156 10.168840408325195 5
vertex 58.962562561035156 5.268840312957764 5
vertex 65.11695861816406 13.639058113098145 5
endloop
endfacet
facet normal 0.99999999464975 -0.00010344322204774767 0
outer loop
vertex 66.41696166992188 13.638921737670898 5
vertex 66.41696166992188 13.638921737670898 4.5
vertex 66.41709899902344 14.966501235961914 4.5
endloop
endfacet
facet normal 0 0 1
outer loop
vertex 65.11695861816406 13.639058113098145 5
vertex 58.962562561035156 -8.831159591674805 5
vertex 65.1149673461914 -5.3609418869018555 5
endloop
endfacet
facet normal 0 0 1
outer loop
vertex 58.962562561035156 5.268840312957764 5
vertex 58.962562561035156 -8.831159591674805 5
vertex 65.11695861816406 13.639058113098145 5
endloop
endfacet
facet normal 0 0 1
outer loop
vertex 36.369651794433594 29.416217803955078 5
vertex 58.962562561035156 24.268840789794922 5
vertex 49.44294357299805 34.69816970825195 5
endloop
endfacet
facet normal 0 0 1
outer loop
vertex 44.86256408691406 24.268840789794922 5
vertex 58.962562561035156 24.268840789794922 5
vertex 36.369651794433594 29.416217803955078 5
endloop
endfacet
facet normal 0 0 1
outer loop
vertex 44.86256408691406 10.168840408325195 5
vertex 44.86256408691406 24.268840789794922 5
vertex 36.369651794433594 29.416217803955078 5
endloop
endfacet
facet normal 0 0 1
outer loop
vertex 44.86256408691406 10.168840408325195 5
vertex 22.975645065307617 45.39384078979492 5
vertex 47.669010162353516 5.268840312957764 5
endloop
endfacet
facet normal 0 0 -1
outer loop
vertex 4.274558067321777 -71.15216064453125 0
vertex 20.962562561035156 -56.33116149902344 0
vertex 61.52496337890625 -71.15328979492188 0
endloop
endfacet
facet normal 0 0 -1
outer loop
vertex 25.86256217956543 -53.95616149902344 0
vertex 30.41256332397461 -53.95616149902344 0
vertex 30.41256332397461 -54.656158447265625 0
endloop
endfacet
facet normal 0 0 -1
outer loop
vertex 61.52496337890625 -71.15328979492188 0
vertex 20.962562561035156 -56.33116149902344 0
vertex 25.86256217956543 -53.95616149902344 0
endloop
endfacet
facet normal 0 0 -1
outer loop
vertex 35.41256332397461 -54.656158447265625 0
vertex 35.41256332397461 -53.95616149902344 0
vertex 39.962562561035156 -53.95616149902344 0
endloop
endfacet
facet normal -0.00030116405567619047 -0.9999999546501048 0
outer loop
vertex -73.83695983886719 -66.38955688476562 5
vertex -3.1325089931488037 -66.41085052490234 0
vertex -3.1325089931488037 -66.41085052490234 5
endloop
endfacet
facet normal 0 0 1
outer loop
vertex -36.037437438964844 -13.581159591674805 5
vertex -50.13743591308594 -13.581159591674805 5
vertex -36.037437438964844 -18.481159210205078 5
endloop
endfacet
facet normal 0 0 1
outer loop
vertex -50.13743591308594 -13.581159591674805 5
vertex -50.13743591308594 -18.481159210205078 5
vertex -36.037437438964844 -18.481159210205078 5
endloop
endfacet
facet normal 0 0 -1
outer loop
vertex 25.86256217956543 -53.95616149902344 0
vertex 20.962562561035156 -56.33116149902344 0
vertex 20.962562561035156 -42.23115921020508 0
endloop
endfacet
facet normal 0 0 -1
outer loop
vertex 20.962562561035156 -42.23115921020508 0
vertex 16.41256332397461 -38.031158447265625 0
vertex 20.962562561035156 -37.33116149902344 0
endloop
endfacet
facet normal 0 0 -1
outer loop
vertex 20.962562561035156 -42.23115921020508 0
vertex 20.962562561035156 -37.33116149902344 0
vertex 25.86256217956543 -39.85615921020508 0
endloop
endfacet
facet normal 0 0 -1
outer loop
vertex 25.86256217956543 -53.95616149902344 0
vertex 20.962562561035156 -42.23115921020508 0
vertex 25.86256217956543 -39.85615921020508 0
endloop
endfacet
facet normal 0 0 -1
outer loop
vertex 25.86256217956543 -39.85615921020508 0
vertex 20.962562561035156 -37.33116149902344 0
vertex 25.86256217956543 -34.95616149902344 0
endloop
endfacet
facet normal 0 0 -1
outer loop
vertex 25.86256217956543 -39.85615921020508 0
vertex 25.86256217956543 -34.95616149902344 0
vertex 30.41256332397461 -39.156158447265625 0
endloop
endfacet
facet normal 0 0 -1
outer loop
vertex 25.86256217956543 -39.85615921020508 0
vertex 30.41256332397461 -39.156158447265625 0
vertex 30.41256332397461 -39.85615921020508 0
endloop
endfacet
facet normal 0 0 -1
outer loop
vertex 30.41256332397461 -39.156158447265625 0
vertex 30.41256332397461 -35.656158447265625 0
vertex 35.41256332397461 -39.156158447265625 0
endloop
endfacet
facet normal 0 0 -1
outer loop
vertex 35.41256332397461 -39.85615921020508 0
vertex 35.41256332397461 -39.156158447265625 0
vertex 39.962562561035156 -39.85615921020508 0
endloop
endfacet
facet normal 0 0 -1
outer loop
vertex 39.962562561035156 -39.85615921020508 0
vertex 35.41256332397461 -39.156158447265625 0
vertex 35.41256332397461 -35.656158447265625 0
endloop
endfacet
facet normal 0 0 1
outer loop
vertex -50.13743591308594 0.5188402533531189 5
vertex -55.037437438964844 -13.581159591674805 5
vertex -50.13743591308594 -13.581159591674805 5
endloop
endfacet
facet normal 0 0 1
outer loop
vertex -55.037437438964844 0.5188402533531189 5
vertex -55.037437438964844 -13.581159591674805 5
vertex -50.13743591308594 0.5188402533531189 5
endloop
endfacet
facet normal 0 0 1
outer loop
vertex -55.037437438964844 -13.581159591674805 5
vertex -55.037437438964844 -18.481159210205078 5
vertex -50.13743591308594 -13.581159591674805 5
endloop
endfacet
facet normal 0 0 1
outer loop
vertex -36.037437438964844 -32.58116149902344 5
vertex -50.13743591308594 -32.58116149902344 5
vertex -31.13743782043457 -37.33116149902344 5
endloop
endfacet
facet normal 0 0 1
outer loop
vertex -36.037437438964844 -37.48115921020508 5
vertex -31.13743782043457 -37.33116149902344 5
vertex -50.13743591308594 -32.58116149902344 5
endloop
endfacet
facet normal 0 0 1
outer loop
vertex -50.13743591308594 -32.58116149902344 5
vertex -50.13743591308594 -37.48115921020508 5
vertex -36.037437438964844 -37.48115921020508 5
endloop
endfacet
facet normal 0 0 1
outer loop
vertex -50.13743591308594 -13.581159591674805 5
vertex -55.037437438964844 -32.58116149902344 5
vertex -50.13743591308594 -18.481159210205078 5
endloop
endfacet
facet normal -0.7138874264819229 -0.7002604817573365 0
outer loop
vertex 0.4875739514827728 -69.24551391601562 0
vertex 1.2479091882705688 -70.02064514160156 0
vertex 0.4875739514827728 -69.24551391601562 5
endloop
endfacet
facet normal -0.545759827000684 -0.8379416514484664 0
outer loop
vertex 1.2479091882705688 -70.02064514160156 0
vertex 2.1574482917785645 -70.613037109375 0
vertex 1.2479091882705688 -70.02064514160156 5
endloop
endfacet
facet normal -0.7963038556684091 -0.6048968254567265 0
outer loop
vertex -0.2984164357185364 -67.99988555908203 5
vertex -0.2984164357185364 -67.99988555908203 0
vertex -0.2600037157535553 -68.05045318603516 0
endloop
endfacet
facet normal -0.8477863028739234 -0.5303379909636533 0
outer loop
vertex -0.2600037157535553 -68.05045318603516 0
vertex 0.4875739514827728 -69.24551391601562 0
vertex -0.2600037157535553 -68.05045318603516 5
endloop
endfacet
facet normal -0.3518562581644595 -0.9360540441611827 0
outer loop
vertex 2.1574482917785645 -70.613037109375 0
vertex 3.1734814643859863 -70.99495697021484 0
vertex 2.1574482917785645 -70.613037109375 5
endloop
endfacet
facet normal -0.14133942793002932 -0.9899611942457198 0
outer loop
vertex 3.1734814643859863 -70.99495697021484 0
vertex 4.274558067321777 -71.15216064453125 0
vertex 3.1734814643859863 -70.99495697021484 5
endloop
endfacet
facet normal 0 0 1
outer loop
vertex -55.037437438964844 -18.481159210205078 5
vertex -55.037437438964844 -32.58116149902344 5
vertex -50.13743591308594 -13.581159591674805 5
endloop
endfacet
facet normal 0 0 1
outer loop
vertex -50.13743591308594 -18.481159210205078 5
vertex -55.037437438964844 -51.58116149902344 5
vertex -50.13743591308594 -32.58116149902344 5
endloop
endfacet
facet normal 0 0 1
outer loop
vertex -55.037437438964844 -32.58116149902344 5
vertex -55.037437438964844 -37.48115921020508 5
vertex -50.13743591308594 -18.481159210205078 5
endloop
endfacet
facet normal 0 0 1
outer loop
vertex -55.037437438964844 -37.48115921020508 5
vertex -55.037437438964844 -51.58116149902344 5
vertex -50.13743591308594 -18.481159210205078 5
endloop
endfacet
facet normal 0 0 1
outer loop
vertex -55.037437438964844 -13.581159591674805 5
vertex -69.13743591308594 -13.581159591674805 5
vertex -55.037437438964844 -18.481159210205078 5
endloop
endfacet
facet normal 0 0 1
outer loop
vertex -69.13743591308594 -13.581159591674805 5
vertex -69.13743591308594 -18.481159210205078 5
vertex -55.037437438964844 -18.481159210205078 5
endloop
endfacet
facet normal 0 0 1
outer loop
vertex -75.28045654296875 -1.5248931646347046 5
vertex -75.28260040283203 -20.524892807006836 5
vertex -69.13743591308594 0.5188402533531189 5
endloop
endfacet
facet normal -0.9999999991648966 -0.00004086816555110299 0
outer loop
vertex -76.57202911376953 -44.37850570678711 0
vertex -76.57202911376953 -44.37850570678711 0.20000000298023224
vertex -76.57212829589844 -41.95162582397461 0
endloop
endfacet
facet normal 0 0 1
outer loop
vertex 58.962562561035156 10.168840408325195 5
vertex 44.86256408691406 10.168840408325195 5
vertex 58.962562561035156 5.268840312957764 5
endloop
endfacet
facet normal 0 0 1
outer loop
vertex 47.669010162353516 5.268840312957764 5
vertex 58.962562561035156 5.268840312957764 5
vertex 44.86256408691406 10.168840408325195 5
endloop
endfacet
facet normal 0 0 1
outer loop
vertex -75.28260040283203 -20.524892807006836 5
vertex -69.13743591308594 -13.581159591674805 5
vertex -69.13743591308594 0.5188402533531189 5
endloop
endfacet
facet normal 0 0 1
outer loop
vertex -69.13743591308594 -13.581159591674805 5
vertex -75.28287506103516 -22.951772689819336 5
vertex -69.13743591308594 -18.481159210205078 5
endloop
endfacet
facet normal 0 0 1
outer loop
vertex -75.28260040283203 -20.524892807006836 5
vertex -75.28287506103516 -22.951772689819336 5
vertex -69.13743591308594 -13.581159591674805 5
endloop
endfacet
facet normal 0 0 -1
outer loop
vertex -76.57202911376953 -44.37850570678711 0
vertex -76.57212829589844 -41.95162582397461 0
vertex -75.28501892089844 -41.9517707824707 0
endloop
endfacet
facet normal 0 0 1
outer loop
vertex 39.962562561035156 17.143840789794922 5
vertex 44.86256408691406 5.268840312957764 5
vertex 47.669010162353516 5.268840312957764 5
endloop
endfacet
facet normal 0 0 1
outer loop
vertex 39.962562561035156 17.143840789794922 5
vertex 39.962562561035156 3.043840169906616 5
vertex 44.86256408691406 5.268840312957764 5
endloop
endfacet
facet normal 0 0 1
outer loop
vertex 39.962562561035156 3.043840169906616 5
vertex 44.86256408691406 -8.831159591674805 5
vertex 44.86256408691406 5.268840312957764 5
endloop
endfacet
facet normal 0 0 1
outer loop
vertex -55.037437438964844 -32.58116149902344 5
vertex -69.13743591308594 -32.58116149902344 5
vertex -55.037437438964844 -37.48115921020508 5
endloop
endfacet
facet normal 0 0 1
outer loop
vertex -69.13743591308594 -32.58116149902344 5
vertex -69.13743591308594 -37.48115921020508 5
vertex -55.037437438964844 -37.48115921020508 5
endloop
endfacet
facet normal 0 0 1
outer loop
vertex -75.28260040283203 -20.524892807006836 5
vertex -76.57302856445312 -20.524747848510742 5
vertex -75.28287506103516 -22.951772689819336 5
endloop
endfacet
facet normal 0 0 1
outer loop
vertex -76.57302856445312 -20.524747848510742 5
vertex -76.57292938232422 -22.951627731323242 5
vertex -75.28287506103516 -22.951772689819336 5
endloop
endfacet
facet normal -0.9999999991648966 -0.00004086816555110299 0
outer loop
vertex -76.57212829589844 -41.95162582397461 0.20000000298023224
vertex -76.57212829589844 -41.95162582397461 0
vertex -76.57202911376953 -44.37850570678711 0.20000000298023224
endloop
endfacet
facet normal -0.9999999991648966 -0.00004086816555110299 0
outer loop
vertex -76.57302856445312 -20.524747848510742 5
vertex -76.57292938232422 -22.951627731323242 4.5
vertex -76.57292938232422 -22.951627731323242 5
endloop
endfacet
facet normal 0.9999999945260769 -0.0001046317186637302 -2.2301854264785236e-7
outer loop
vertex 67.1184310913086 27.633094787597656 4.5
vertex 67.11896514892578 32.74642562866211 0.20000000298023224
vertex 67.1190414428711 33.466426849365234 4.5
endloop
endfacet
facet normal 0 0 1
outer loop
vertex -75.28287506103516 -22.951772689819336 5
vertex -75.28501892089844 -41.9517707824707 5
vertex -69.13743591308594 -18.481159210205078 5
endloop
endfacet
facet normal 0.999999994516673 -0.00010472127505006007 -3.2951422580469275e-7
outer loop
vertex 67.11715698242188 15.46642780303955 4.5
vertex 67.11896514892578 32.74642562866211 0.20000000298023224
vertex 67.1184310913086 27.633094787597656 4.5
endloop
endfacet
facet normal -0.9999999991648966 -0.00004086816555110299 0
outer loop
vertex -76.57302856445312 -20.524747848510742 4.5
vertex -76.57292938232422 -22.951627731323242 4.5
vertex -76.57302856445312 -20.524747848510742 5
endloop
endfacet
facet normal -0.000104903488213095 -0.9999999944976291 0
outer loop
vertex 66.41715240478516 15.466501235961914 4.5
vertex 67.11715698242188 15.46642780303955 0.20000000298023224
vertex 67.11715698242188 15.46642780303955 4.5
endloop
endfacet
facet normal 0 0 -1
outer loop
vertex -75.28529357910156 -44.3786506652832 0
vertex -76.57202911376953 -44.37850570678711 0
vertex -69.13743591308594 -37.48115921020508 0
endloop
endfacet
facet normal 0.9999999942956493 -0.00010681152282820962 0
outer loop
vertex 66.41709899902344 14.966501235961914 4.5
vertex 66.41715240478516 15.466501235961914 0.20000000298023224
vertex 66.41715240478516 15.466501235961914 4.5
endloop
endfacet
facet normal 0.9999999946496732 -0.00010344322204773972 3.916628861183969e-7
outer loop
vertex 66.41696166992188 13.638921737670898 4.5
vertex 66.41715240478516 15.466501235961914 0.20000000298023224
vertex 66.41709899902344 14.966501235961914 4.5
endloop
endfacet
facet normal 0.9999999943884017 -0.00010593958915281341 -4.049396612363621e-9
outer loop
vertex 67.11629486083984 7.305514812469482 4.5
vertex 67.11683654785156 12.418848037719727 0.20000000298023224
vertex 67.11691284179688 13.138848304748535 4.5
endloop
endfacet
facet normal 0 0 1
outer loop
vertex -75.28501892089844 -41.9517707824707 5
vertex -69.13743591308594 -32.58116149902344 5
vertex -69.13743591308594 -18.481159210205078 5
endloop
endfacet
facet normal 0.9999999945156832 -0.00010472127915420266 0.0000014447006191586403
outer loop
vertex 67.11502075195312 -4.861151695251465 4.5
vertex 67.11683654785156 12.418848037719727 0.20000000298023224
vertex 67.11629486083984 7.305514812469482 4.5
endloop
endfacet
facet normal 0.9999999942951086 -0.00010681152282815186 -0.0000010399272353358236
outer loop
vertex 66.41690826416016 13.138921737670898 4.5
vertex 66.41715240478516 15.466501235961914 0.20000000298023224
vertex 66.41696166992188 13.638921737670898 4.5
endloop
endfacet
facet normal 0.000104903488213095 0.9999999944976291 0
outer loop
vertex 67.11691284179688 13.138848304748535 4.5
vertex 66.41690826416016 13.138921737670898 0.20000000298023224
vertex 66.41690826416016 13.138921737670898 4.5
endloop
endfacet
facet normal -0.9999999936291526 0.00011287323712830962 -0.000001152054333184414
outer loop
vertex -77.280517578125 -2.024667501449585 4.5
vertex -77.28246307373047 -19.30466651916504 0.20000000298023224
vertex -77.28189086914062 -14.191333770751953 4.5
endloop
endfacet
facet normal -0.9999999936739971 0.00011247906068992661 -6.833205382788643e-7
outer loop
vertex -77.28246307373047 -19.30466651916504 0.20000000298023224
vertex -77.28254699707031 -20.024667739868164 4.5
vertex -77.28189086914062 -14.191333770751953 4.5
endloop
endfacet
facet normal -0.00011290929547900778 -0.9999999936257455 0
outer loop
vertex -77.28254699707031 -20.024667739868164 4.5
vertex -76.57305145263672 -20.024747848510742 0.20000000298023224
vertex -76.57305145263672 -20.024747848510742 4.5
endloop
endfacet
facet normal -0.9999999989484251 -0.00004577636713936272 0.00000277014319187481
outer loop
vertex -76.57305145263672 -20.024747848510742 4.5
vertex -76.57290649414062 -23.451627731323242 0.20000000298023224
vertex -76.57302856445312 -20.524747848510742 4.5
endloop
endfacet
facet normal -0.9999999991647336 -0.000040868165551096326 -5.707211164616251e-7
outer loop
vertex -76.57290649414062 -23.451627731323242 0.20000000298023224
vertex -76.57292938232422 -22.951627731323242 4.5
vertex -76.57302856445312 -20.524747848510742 4.5
endloop
endfacet
facet normal -0.999999998952262 -0.00004577636713953836 0
outer loop
vertex -76.57290649414062 -23.451627731323242 0.20000000298023224
vertex -76.57290649414062 -23.451627731323242 4.5
vertex -76.57292938232422 -22.951627731323242 4.5
endloop
endfacet
facet normal 0.00011282436934584402 0.9999999936353309 0
outer loop
vertex -76.57290649414062 -23.451627731323242 4.5
vertex -77.2829360961914 -23.451547622680664 0.20000000298023224
vertex -77.2829360961914 -23.451547622680664 4.5
endloop
endfacet
facet normal -0.9999999936291522 0.00011287323934017903 -0.0000011521070305433325
outer loop
vertex -77.2829360961914 -23.451547622680664 4.5
vertex -77.28488159179688 -40.73154830932617 0.20000000298023224
vertex -77.28430938720703 -35.61821365356445 4.5
endloop
endfacet
facet normal 0 0 1
outer loop
vertex -36.037437438964844 -51.58116149902344 5
vertex -50.13743591308594 -51.58116149902344 5
vertex -31.13743782043457 -56.33116149902344 5
endloop
endfacet
facet normal 0 0 1
outer loop
vertex -50.13743591308594 -37.48115921020508 5
vertex -50.13743591308594 -32.58116149902344 5
vertex -55.037437438964844 -51.58116149902344 5
endloop
endfacet
facet normal 0 0 1
outer loop
vertex -50.13743591308594 -51.58116149902344 5
vertex -50.13743591308594 -37.48115921020508 5
vertex -55.037437438964844 -51.58116149902344 5
endloop
endfacet
facet normal 0 0 1
outer loop
vertex -31.13743782043457 -56.33116149902344 5
vertex -73.83695983886719 -66.38955688476562 5
vertex -13.549899101257324 -62.34624481201172 5
endloop
endfacet
facet normal 0 0 1
outer loop
vertex -50.13743591308594 -51.58116149902344 5
vertex -73.83695983886719 -66.38955688476562 5
vertex -31.13743782043457 -56.33116149902344 5
endloop
endfacet
facet normal 0 0 1
outer loop
vertex -69.13743591308594 -32.58116149902344 5
vertex -75.28529357910156 -44.3786506652832 5
vertex -69.13743591308594 -37.48115921020508 5
endloop
endfacet
facet normal 0 0 1
outer loop
vertex -75.28529357910156 -44.3786506652832 5
vertex -69.13743591308594 -51.58116149902344 5
vertex -69.13743591308594 -37.48115921020508 5
endloop
endfacet
facet normal 0 0 1
outer loop
vertex -75.28501892089844 -41.9517707824707 5
vertex -75.28529357910156 -44.3786506652832 5
vertex -69.13743591308594 -32.58116149902344 5
endloop
endfacet
facet normal 0 0 1
outer loop
vertex -75.28501892089844 -41.9517707824707 5
vertex -76.57212829589844 -41.95162582397461 5
vertex -75.28529357910156 -44.3786506652832 5
endloop
endfacet
facet normal 0 0 1
outer loop
vertex -76.57212829589844 -41.95162582397461 5
vertex -76.57202911376953 -44.37850570678711 5
vertex -75.28529357910156 -44.3786506652832 5
endloop
endfacet
facet normal 0 0 -1
outer loop
vertex -75.28529357910156 -44.3786506652832 0
vertex -69.13743591308594 -37.48115921020508 0
vertex -69.13743591308594 -51.58116149902344 0
endloop
endfacet
facet normal -0.9999999991648966 -0.00004086816555110299 0
outer loop
vertex -76.57212829589844 -41.95162582397461 5
vertex -76.57202911376953 -44.37850570678711 4.5
vertex -76.57202911376953 -44.37850570678711 5
endloop
endfacet
facet normal 0 0 -1
outer loop
vertex -76.57202911376953 -44.37850570678711 0
vertex -75.28501892089844 -41.9517707824707 0
vertex -64.58744049072266 -32.58116149902344 0
endloop
endfacet
facet normal 0 0 -1
outer loop
vertex -69.13743591308594 -37.48115921020508 0
vertex -76.57202911376953 -44.37850570678711 0
vertex -64.58744049072266 -32.58116149902344 0
endloop
endfacet
facet normal 0 0 -1
outer loop
vertex -69.13743591308594 -37.48115921020508 0
vertex -64.58744049072266 -36.781158447265625 0
vertex -64.58744049072266 -37.48115921020508 0
endloop
endfacet
facet normal 0 0 -1
outer loop
vertex -73.83695983886719 -66.38955688476562 0
vertex -50.13743591308594 -51.58116149902344 0
vertex -45.58743667602539 -52.281158447265625 0
endloop
endfacet
facet normal -0.9999999991648966 -0.00004086816555110299 0
outer loop
vertex -76.57212829589844 -41.95162582397461 4.5
vertex -76.57202911376953 -44.37850570678711 4.5
vertex -76.57212829589844 -41.95162582397461 5
endloop
endfacet
facet normal 0 0 -1
outer loop
vertex -73.83695983886719 -66.38955688476562 0
vertex -45.58743667602539 -52.281158447265625 0
vertex -40.58743667602539 -52.281158447265625 0
endloop
endfacet
facet normal 0 0 -1
outer loop
vertex -73.83695983886719 -66.38955688476562 0
vertex -40.58743667602539 -52.281158447265625 0
vertex -31.13743782043457 -56.33116149902344 0
endloop
endfacet
facet normal 0 0 -1
outer loop
vertex -73.83695983886719 -66.38955688476562 0
vertex -31.13743782043457 -56.33116149902344 0
vertex -26.58743667602539 -57.031158447265625 0
endloop
endfacet
facet normal 0 0 1
outer loop
vertex -75.28529357910156 -44.3786506652832 5
vertex -75.28743743896484 -63.3786506652832 5
vertex -69.13743591308594 -51.58116149902344 5
endloop
endfacet
facet normal 0 0 -1
outer loop
vertex -55.037437438964844 -51.58116149902344 0
vertex -59.58743667602539 -52.281158447265625 0
vertex -59.58743667602539 -51.58116149902344 0
endloop
endfacet
facet normal 0 0 -1
outer loop
vertex -50.13743591308594 -51.58116149902344 0
vertex -55.037437438964844 -51.58116149902344 0
vertex -55.037437438964844 -37.48115921020508 0
endloop
endfacet
facet normal 0 0 -1
outer loop
vertex -55.037437438964844 -37.48115921020508 0
vertex -50.13743591308594 -37.48115921020508 0
vertex -50.13743591308594 -51.58116149902344 0
endloop
endfacet
facet normal 0 0 1
outer loop
vertex -55.037437438964844 -51.58116149902344 5
vertex -73.83695983886719 -66.38955688476562 5
vertex -50.13743591308594 -51.58116149902344 5
endloop
endfacet
facet normal 0 0 1
outer loop
vertex -69.13743591308594 -51.58116149902344 5
vertex -73.83695983886719 -66.38955688476562 5
vertex -55.037437438964844 -51.58116149902344 5
endloop
endfacet
facet normal 0 0 1
outer loop
vertex -75.28743743896484 -63.3786506652832 5
vertex -76.08795928955078 -65.0525894165039 5
vertex -69.13743591308594 -51.58116149902344 5
endloop
endfacet
facet normal 0 0 1
outer loop
vertex -69.13743591308594 -51.58116149902344 5
vertex -74.90025329589844 -66.09685516357422 5
vertex -73.83695983886719 -66.38955688476562 5
endloop
endfacet
facet normal 0 0 1
outer loop
vertex -76.08795928955078 -65.0525894165039 5
vertex -75.32188415527344 -65.84645080566406 5
vertex -69.13743591308594 -51.58116149902344 5
endloop
endfacet
facet normal 0 0 1
outer loop
vertex -75.32188415527344 -65.84645080566406 5
vertex -74.90025329589844 -66.09685516357422 5
vertex -69.13743591308594 -51.58116149902344 5
endloop
endfacet
facet normal 0 0 -1
outer loop
vertex -45.58743667602539 -52.281158447265625 0
vertex -50.13743591308594 -51.58116149902344 0
vertex -45.58743667602539 -51.58116149902344 0
endloop
endfacet
facet normal 0 0 -1
outer loop
vertex -40.58743667602539 -52.281158447265625 0
vertex -40.58743667602539 -51.58116149902344 0
vertex -36.037437438964844 -51.58116149902344 0
endloop
endfacet
facet normal 0 0 -1
outer loop
vertex -50.13743591308594 -37.48115921020508 0
vertex -45.58743667602539 -36.781158447265625 0
vertex -45.58743667602539 -37.48115921020508 0
endloop
endfacet
facet normal 0 0 1
outer loop
vertex 41.23576736450195 54.62910079956055 5
vertex 25.51799201965332 48.23279571533203 5
vertex 44.16099166870117 47.771461486816406 5
endloop
endfacet
facet normal 0 0 1
outer loop
vertex -75.28743743896484 -63.3786506652832 5
vertex -76.57123565673828 -63.37850570678711 5
vertex -76.3260269165039 -64.61711883544922 5
endloop
endfacet
facet normal 0 0 1
outer loop
vertex -76.3260269165039 -64.61711883544922 5
vertex -76.08795928955078 -65.0525894165039 5
vertex -75.28743743896484 -63.3786506652832 5
endloop
endfacet
facet normal 0 0 1
outer loop
vertex -76.57122039794922 -63.65530014038086 5
vertex -76.3260269165039 -64.61711883544922 5
vertex -76.57123565673828 -63.37850570678711 5
endloop
endfacet
facet normal 0 0 1
outer loop
vertex 31.087697982788086 42.48950958251953 5
vertex 44.16099166870117 47.771461486816406 5
vertex 25.51799201965332 48.23279571533203 5
endloop
endfacet
facet normal -0.9999999984805183 -0.000055126791536963524 0
outer loop
vertex -76.57123565673828 -63.37850570678711 5
vertex -76.57123565673828 -63.37850570678711 4.5
vertex -76.57122039794922 -63.65530014038086 5
endloop
endfacet
facet normal 0 0 1
outer loop
vertex 22.975645065307617 45.39384078979492 5
vertex 36.369651794433594 29.416217803955078 5
vertex 31.087697982788086 42.48950958251953 5
endloop
endfacet
facet normal 0 0 1
outer loop
vertex 39.962562561035156 17.143840789794922 5
vertex 22.975645065307617 45.39384078979492 5
vertex 22.916383743286133 45.327571868896484 5
endloop
endfacet
facet normal -0.9999999936739928 0.00011247909746766831 -6.83414164717597e-7
outer loop
vertex -77.28496551513672 -41.45154571533203 4.5
vertex -77.28430938720703 -35.61821365356445 4.5
vertex -77.28488159179688 -40.73154830932617 0.20000000298023224
endloop
endfacet
facet normal -0.00011238360198749987 -0.9999999936849631 0
outer loop
vertex -77.28496551513672 -41.45154571533203 4.5
vertex -76.57215118408203 -41.45162582397461 0.20000000298023224
vertex -76.57215118408203 -41.45162582397461 4.5
endloop
endfacet
facet normal -0.9999999989484251 -0.00004577636713936272 0.00000277014319187481
outer loop
vertex -76.57215118408203 -41.45162582397461 4.5
vertex -76.57200622558594 -44.87850570678711 0.20000000298023224
vertex -76.57212829589844 -41.95162582397461 4.5
endloop
endfacet
facet normal -0.9999999991647336 -0.000040868165551096326 -5.707211164616251e-7
outer loop
vertex -76.57200622558594 -44.87850570678711 0.20000000298023224
vertex -76.57202911376953 -44.37850570678711 4.5
vertex -76.57212829589844 -41.95162582397461 4.5
endloop
endfacet
facet normal -0.999999998952262 -0.00004577636713953836 0
outer loop
vertex -76.57200622558594 -44.87850570678711 0.20000000298023224
vertex -76.57200622558594 -44.87850570678711 4.5
vertex -76.57202911376953 -44.37850570678711 4.5
endloop
endfacet
facet normal 0.00011230066560915028 0.9999999936942803 0
outer loop
vertex -76.57200622558594 -44.87850570678711 4.5
vertex -77.28534698486328 -44.87842559814453 0.20000000298023224
vertex -77.28534698486328 -44.87842559814453 4.5
endloop
endfacet
facet normal -0.26540601772066064 -0.9641367360274478 0
outer loop
vertex -74.90025329589844 -66.09685516357422 5
vertex -73.83695983886719 -66.38955688476562 0
vertex -73.83695983886719 -66.38955688476562 5
endloop
endfacet
facet normal -0.969008745265984 -0.24702641882609075 0
outer loop
vertex -76.57122039794922 -63.65530014038086 5
vertex -76.3260269165039 -64.61711883544922 0
vertex -76.3260269165039 -64.61711883544922 5
endloop
endfacet
facet normal -0.7195879215620653 -0.6944013415467938 0
outer loop
vertex -76.08795928955078 -65.0525894165039 5
vertex -75.32188415527344 -65.84645080566406 0
vertex -75.32188415527344 -65.84645080566406 5
endloop
endfacet
facet normal -0.5106307740109955 -0.8598001003913245 0
outer loop
vertex -75.32188415527344 -65.84645080566406 5
vertex -74.90025329589844 -66.09685516357422 0
vertex -74.90025329589844 -66.09685516357422 5
endloop
endfacet
facet normal -0.8774392833927616 -0.4796877150388544 0
outer loop
vertex -76.3260269165039 -64.61711883544922 5
vertex -76.08795928955078 -65.0525894165039 0
vertex -76.08795928955078 -65.0525894165039 5
endloop
endfacet
facet normal -0.9999999984805183 -0.000055126791536963524 0
outer loop
vertex -76.57123565673828 -63.37850570678711 4.5
vertex -76.57122039794922 -63.65530014038086 0
vertex -76.57122039794922 -63.65530014038086 5
endloop
endfacet
facet normal -0.9999999936296243 0.0001128732216452792 6.222919334847236e-7
outer loop
vertex -77.28534698486328 -44.87842559814453 4.5
vertex -77.28730010986328 -62.158424377441406 0.20000000298023224
vertex -77.2867202758789 -57.04509353637695 4.5
endloop
endfacet
facet normal -0.9999999935261522 0.00011378699393302818 -4.64317388350578e-7
outer loop
vertex -77.28738403320312 -62.87842559814453 4.5
vertex -77.2867202758789 -57.04509353637695 4.5
vertex -77.28730010986328 -62.158424377441406 0.20000000298023224
endloop
endfacet
facet normal -0.00011186278095461855 -0.9999999937433591 0
outer loop
vertex -77.28738403320312 -62.87842559814453 4.5
vertex -76.57125091552734 -62.87850570678711 0.20000000298023224
vertex -76.57125091552734 -62.87850570678711 4.5
endloop
endfacet
facet normal -0.9999999995331932 -0.000030517578110754187 -0.0000015137096239017478
outer loop
vertex -76.57125091552734 -62.87850570678711 4.5
vertex -76.57122039794922 -63.65530014038086 0
vertex -76.57123565673828 -63.37850570678711 4.5
endloop
endfacet
facet normal 0 0 -1
outer loop
vertex 1.9625624418258667 -1.7061597108840942 0
vertex -2.587437629699707 -5.9061598777771 0
vertex -2.587437629699707 -2.4061596393585205 0
endloop
endfacet
facet normal 0 0 -1
outer loop
vertex -2.587437629699707 -6.606159687042236 0
vertex -2.587437629699707 -5.9061598777771 0
vertex 1.9625624418258667 -1.7061597108840942 0
endloop
endfacet
facet normal 0 0 -1
outer loop
vertex -7.587437629699707 -2.4061596393585205 0
vertex -2.587437629699707 -2.4061596393585205 0
vertex -2.587437629699707 -5.9061598777771 0
endloop
endfacet
facet normal 0 0 -1
outer loop
vertex -7.587437629699707 -5.9061598777771 0
vertex -7.587437629699707 -2.4061596393585205 0
vertex -2.587437629699707 -5.9061598777771 0
endloop
endfacet
facet normal 0 0 -1
outer loop
vertex -12.13743782043457 -1.7061597108840942 0
vertex -7.587437629699707 -2.4061596393585205 0
vertex -7.587437629699707 -5.9061598777771 0
endloop
endfacet
facet normal 0 0 -1
outer loop
vertex -12.13743782043457 -6.606159687042236 0
vertex -7.587437629699707 -5.9061598777771 0
vertex -7.587437629699707 -6.606159687042236 0
endloop
endfacet
facet normal 0 0 -1
outer loop
vertex -12.13743782043457 -6.606159687042236 0
vertex -12.13743782043457 -1.7061597108840942 0
vertex -7.587437629699707 -5.9061598777771 0
endloop
endfacet
facet normal 0 0 -1
outer loop
vertex -12.13743782043457 -6.606159687042236 0
vertex -17.037437438964844 -4.231159687042236 0
vertex -12.13743782043457 -1.7061597108840942 0
endloop
endfacet
facet normal 0 0 -1
outer loop
vertex -12.13743782043457 -6.606159687042236 0
vertex -17.037437438964844 -18.331159591674805 0
vertex -17.037437438964844 -4.231159687042236 0
endloop
endfacet
facet normal 0 0 -1
outer loop
vertex -17.037437438964844 -18.331159591674805 0
vertex -12.13743782043457 -6.606159687042236 0
vertex -12.13743782043457 -20.706159591674805 0
endloop
endfacet
facet normal 0 0 -1
outer loop
vertex 1.9625624418258667 -20.706159591674805 0
vertex -2.587437629699707 -21.406160354614258 0
vertex -2.587437629699707 -20.706159591674805 0
endloop
endfacet
facet normal 0 0 -1
outer loop
vertex 1.9625624418258667 -20.706159591674805 0
vertex -2.587437629699707 -24.906160354614258 0
vertex -2.587437629699707 -21.406160354614258 0
endloop
endfacet
facet normal 0 0 -1
outer loop
vertex -2.587437629699707 -25.606159210205078 0
vertex -2.587437629699707 -24.906160354614258 0
vertex 1.9625624418258667 -20.706159591674805 0
endloop
endfacet
facet normal 0 0 -1
outer loop
vertex -2.587437629699707 -24.906160354614258 0
vertex -7.587437629699707 -21.406160354614258 0
vertex -2.587437629699707 -21.406160354614258 0
endloop
endfacet
facet normal 0 0 -1
outer loop
vertex -7.587437629699707 -21.406160354614258 0
vertex -2.587437629699707 -24.906160354614258 0
vertex -7.587437629699707 -24.906160354614258 0
endloop
endfacet
facet normal 0 0 -1
outer loop
vertex -7.587437629699707 -21.406160354614258 0
vertex -12.13743782043457 -20.706159591674805 0
vertex -7.587437629699707 -20.706159591674805 0
endloop
endfacet
facet normal 0 0 -1
outer loop
vertex -7.587437629699707 -24.906160354614258 0
vertex -12.13743782043457 -20.706159591674805 0
vertex -7.587437629699707 -21.406160354614258 0
endloop
endfacet
facet normal 0 0 -1
outer loop
vertex -12.13743782043457 -25.606159210205078 0
vertex -7.587437629699707 -24.906160354614258 0
vertex -7.587437629699707 -25.606159210205078 0
endloop
endfacet
facet normal 0 0 -1
outer loop
vertex -12.13743782043457 -20.706159591674805 0
vertex -7.587437629699707 -24.906160354614258 0
vertex -12.13743782043457 -25.606159210205078 0
endloop
endfacet
facet normal 0 0 -1
outer loop
vertex -12.13743782043457 -25.606159210205078 0
vertex -17.037437438964844 -18.331159591674805 0
vertex -12.13743782043457 -20.706159591674805 0
endloop
endfacet
facet normal 0 0 -1
outer loop
vertex -12.13743782043457 -25.606159210205078 0
vertex -17.037437438964844 -23.231159210205078 0
vertex -17.037437438964844 -18.331159591674805 0
endloop
endfacet
facet normal 0 0 -1
outer loop
vertex -17.037437438964844 -23.231159210205078 0
vertex -21.58743667602539 -19.031160354614258 0
vertex -17.037437438964844 -18.331159591674805 0
endloop
endfacet
facet normal 0 0 -1
outer loop
vertex -12.13743782043457 -39.70616149902344 0
vertex -17.037437438964844 -37.33116149902344 0
vertex -12.13743782043457 -25.606159210205078 0
endloop
endfacet
facet normal 0 0 -1
outer loop
vertex -17.037437438964844 -37.33116149902344 0
vertex -17.037437438964844 -23.231159210205078 0
vertex -12.13743782043457 -25.606159210205078 0
endloop
endfacet
facet normal 0 0 -1
outer loop
vertex -17.037437438964844 -4.231159687042236 0
vertex -21.58743667602539 -3.5311596393585205 0
vertex -21.58743667602539 -0.031159736216068268 0
endloop
endfacet
facet normal 0 0 -1
outer loop
vertex -21.58743667602539 -4.231159687042236 0
vertex -21.58743667602539 -3.5311596393585205 0
vertex -17.037437438964844 -4.231159687042236 0
endloop
endfacet
facet normal 0 0 -1
outer loop
vertex -26.58743667602539 -3.5311596393585205 0
vertex -31.13743782043457 -4.231159687042236 0
vertex -26.58743667602539 -0.031159736216068268 0
endloop
endfacet
facet normal 0 0 -1
outer loop
vertex -31.13743782043457 -4.231159687042236 0
vertex -26.58743667602539 -3.5311596393585205 0
vertex -26.58743667602539 -4.231159687042236 0
endloop
endfacet
facet normal 0 0 -1
outer loop
vertex -21.58743667602539 -19.031160354614258 0
vertex -21.58743667602539 -18.331159591674805 0
vertex -17.037437438964844 -18.331159591674805 0
endloop
endfacet
facet normal 0 0 -1
outer loop
vertex -26.58743667602539 -19.031160354614258 0
vertex -31.13743782043457 -18.331159591674805 0
vertex -26.58743667602539 -18.331159591674805 0
endloop
endfacet
facet normal 0 0 -1
outer loop
vertex -31.13743782043457 -4.231159687042236 0
vertex -36.037437438964844 -13.581159591674805 0
vertex -36.037437438964844 0.5188402533531189 0
endloop
endfacet
facet normal 0 0 -1
outer loop
vertex -31.13743782043457 -18.331159591674805 0
vertex -36.037437438964844 -13.581159591674805 0
vertex -31.13743782043457 -4.231159687042236 0
endloop
endfacet
facet normal 0 0 -1
outer loop
vertex -31.13743782043457 -18.331159591674805 0
vertex -36.037437438964844 -18.481159210205078 0
vertex -36.037437438964844 -13.581159591674805 0
endloop
endfacet
facet normal 0 0 -1
outer loop
vertex -36.037437438964844 -18.481159210205078 0
vertex -40.58743667602539 -17.781160354614258 0
vertex -36.037437438964844 -13.581159591674805 0
endloop
endfacet
facet normal 0 0 -1
outer loop
vertex -17.037437438964844 -23.231159210205078 0
vertex -21.58743667602539 -22.531160354614258 0
vertex -21.58743667602539 -19.031160354614258 0
endloop
endfacet
facet normal 0 0 -1
outer loop
vertex -21.58743667602539 -23.231159210205078 0
vertex -21.58743667602539 -22.531160354614258 0
vertex -17.037437438964844 -23.231159210205078 0
endloop
endfacet
facet normal 0 0 -1
outer loop
vertex -21.58743667602539 -22.531160354614258 0
vertex -26.58743667602539 -19.031160354614258 0
vertex -21.58743667602539 -19.031160354614258 0
endloop
endfacet
facet normal -0.000019723011291535802 -0.9999999998055014 0
outer loop
vertex 4.274558067321777 -71.15216064453125 0
vertex 61.52496337890625 -71.15328979492188 0
vertex 4.274558067321777 -71.15216064453125 5
endloop
endfacet
facet normal 0 0 -1
outer loop
vertex -26.58743667602539 -22.531160354614258 0
vertex -26.58743667602539 -19.031160354614258 0
vertex -21.58743667602539 -22.531160354614258 0
endloop
endfacet
facet normal 0 0 -1
outer loop
vertex -26.58743667602539 -22.531160354614258 0
vertex -31.13743782043457 -18.331159591674805 0
vertex -26.58743667602539 -19.031160354614258 0
endloop
endfacet
facet normal 0 0 -1
outer loop
vertex -31.13743782043457 -23.231159210205078 0
vertex -26.58743667602539 -22.531160354614258 0
vertex -26.58743667602539 -23.231159210205078 0
endloop
endfacet
facet normal 0 0 -1
outer loop
vertex -31.13743782043457 -23.231159210205078 0
vertex -31.13743782043457 -18.331159591674805 0
vertex -26.58743667602539 -22.531160354614258 0
endloop
endfacet
facet normal 0 0 -1
outer loop
vertex -31.13743782043457 -23.231159210205078 0
vertex -36.037437438964844 -18.481159210205078 0
vertex -31.13743782043457 -18.331159591674805 0
endloop
endfacet
facet normal 0 0 -1
outer loop
vertex -31.13743782043457 -23.231159210205078 0
vertex -36.037437438964844 -32.58116149902344 0
vertex -36.037437438964844 -18.481159210205078 0
endloop
endfacet
facet normal 0 0 -1
outer loop
vertex -36.037437438964844 -32.58116149902344 0
vertex -31.13743782043457 -23.231159210205078 0
vertex -31.13743782043457 -37.33116149902344 0
endloop
endfacet
facet normal 0 0 -1
outer loop
vertex -31.13743782043457 -37.33116149902344 0
vertex -36.037437438964844 -37.48115921020508 0
vertex -36.037437438964844 -32.58116149902344 0
endloop
endfacet
facet normal 0 0 -1
outer loop
vertex 1.9625624418258667 -44.60615921020508 0
vertex 1.9625624418258667 -39.70616149902344 0
vertex 6.862562656402588 -18.331159591674805 0
endloop
endfacet
facet normal 0 0 -1
outer loop
vertex 6.862562656402588 -37.33116149902344 0
vertex 4.596524715423584 -46.073951721191406 0
vertex 6.862562656402588 -23.231159210205078 0
endloop
endfacet
facet normal 0 0 -1
outer loop
vertex 6.862562656402588 -23.231159210205078 0
vertex 1.9625624418258667 -44.60615921020508 0
vertex 6.862562656402588 -18.331159591674805 0
endloop
endfacet
facet normal 0 0 -1
outer loop
vertex 6.862562656402588 -18.331159591674805 0
vertex 1.9625624418258667 -39.70616149902344 0
vertex 1.9625624418258667 -25.606159210205078 0
endloop
endfacet
facet normal 0 0 -1
outer loop
vertex 1.9625624418258667 -25.606159210205078 0
vertex -2.587437629699707 -25.606159210205078 0
vertex 1.9625624418258667 -20.706159591674805 0
endloop
endfacet
facet normal 0 0 -1
outer loop
vertex 68.04011535644531 36.83103942871094 0
vertex 64.56486511230469 42.632144927978516 0
vertex 68.0978012084961 36.87295150756836 0
endloop
endfacet
facet normal 0 0 -1
outer loop
vertex 6.862562656402588 -23.231159210205078 0
vertex 11.412562370300293 -22.531160354614258 0
vertex 11.412562370300293 -23.231159210205078 0
endloop
endfacet
facet normal 0 0 -1
outer loop
vertex 6.862562656402588 -23.231159210205078 0
vertex 11.412562370300293 -18.331159591674805 0
vertex 11.412562370300293 -19.031160354614258 0
endloop
endfacet
facet normal 0 0 -1
outer loop
vertex 11.412562370300293 -22.531160354614258 0
vertex 6.862562656402588 -23.231159210205078 0
vertex 16.41256332397461 -19.031160354614258 0
endloop
endfacet
facet normal 0 0 -1
outer loop
vertex 16.41256332397461 -19.031160354614258 0
vertex 6.862562656402588 -23.231159210205078 0
vertex 11.412562370300293 -19.031160354614258 0
endloop
endfacet
facet normal 0 0 -1
outer loop
vertex 11.412562370300293 -22.531160354614258 0
vertex 16.41256332397461 -19.031160354614258 0
vertex 16.41256332397461 -22.531160354614258 0
endloop
endfacet
facet normal 0 0 -1
outer loop
vertex 16.41256332397461 -23.231159210205078 0
vertex 16.41256332397461 -22.531160354614258 0
vertex 20.962562561035156 -23.231159210205078 0
endloop
endfacet
facet normal 0 0 -1
outer loop
vertex 20.962562561035156 -23.231159210205078 0
vertex 16.41256332397461 -22.531160354614258 0
vertex 16.41256332397461 -19.031160354614258 0
endloop
endfacet
facet normal 0 0 -1
outer loop
vertex -36.037437438964844 -37.48115921020508 0
vertex -40.58743667602539 -33.281158447265625 0
vertex -36.037437438964844 -32.58116149902344 0
endloop
endfacet
facet normal -0.49743744953175195 -0.8674998465725199 0
outer loop
vertex -1.0657609701156616 -67.18487548828125 0
vertex -1.9631825685501099 -66.67028045654297 5
vertex -1.9631825685501099 -66.67028045654297 0
endloop
endfacet
facet normal -0.35758859987681485 -0.9338792176925982 0
outer loop
vertex -2.0646603107452393 -66.63142395019531 0
vertex -1.9631825685501099 -66.67028045654297 0
vertex -2.0646603107452393 -66.63142395019531 5
endloop
endfacet
facet normal -0.20924295662640593 -0.9778636843150685 0
outer loop
vertex -3.059178590774536 -66.41861724853516 0
vertex -2.0646603107452393 -66.63142395019531 0
vertex -3.059178590774536 -66.41861724853516 5
endloop
endfacet
facet normal -0.10532499120314404 -0.9944378543820914 0
outer loop
vertex -3.1325089931488037 -66.41085052490234 0
vertex -3.059178590774536 -66.41861724853516 0
vertex -3.1325089931488037 -66.41085052490234 5
endloop
endfacet
facet normal 0 0 -1
outer loop
vertex 6.862562656402588 -18.331159591674805 0
vertex 1.9625624418258667 -25.606159210205078 0
vertex 6.862562656402588 -4.231159687042236 0
endloop
endfacet
facet normal 0 0 -1
outer loop
vertex 6.433257102966309 17.62932014465332 0
vertex 1.9625624418258667 -25.606159210205078 0
vertex 1.9625624418258667 -20.706159591674805 0
endloop
endfacet
facet normal 0 0 -1
outer loop
vertex 1.9625624418258667 -6.606159687042236 0
vertex -2.587437629699707 -6.606159687042236 0
vertex 1.9625624418258667 -1.7061597108840942 0
endloop
endfacet
facet normal 0 0 -1
outer loop
vertex 6.433257102966309 17.62932014465332 0
vertex 1.9625624418258667 -20.706159591674805 0
vertex 1.9625624418258667 -6.606159687042236 0
endloop
endfacet
facet normal 0 0 -1
outer loop
vertex 6.862562656402588 -4.231159687042236 0
vertex 1.9625624418258667 -25.606159210205078 0
vertex 6.862562656402588 0.6688402891159058 0
endloop
endfacet
facet normal 0 0 -1
outer loop
vertex 6.862562656402588 0.6688402891159058 0
vertex 1.9625624418258667 -25.606159210205078 0
vertex 6.862562656402588 14.768839836120605 0
endloop
endfacet
facet normal 0 0 -1
outer loop
vertex 16.41256332397461 -19.031160354614258 0
vertex 16.41256332397461 -18.331159591674805 0
vertex 20.962562561035156 -18.331159591674805 0
endloop
endfacet
facet normal 0 0 -1
outer loop
vertex 6.862562656402588 -4.231159687042236 0
vertex 11.412562370300293 -3.5311596393585205 0
vertex 11.412562370300293 -4.231159687042236 0
endloop
endfacet
facet normal 0 0 -1
outer loop
vertex 11.412562370300293 -3.5311596393585205 0
vertex 6.862562656402588 -4.231159687042236 0
vertex 16.41256332397461 -0.031159736216068268 0
endloop
endfacet
facet normal 0 0 -1
outer loop
vertex 16.41256332397461 -4.231159687042236 0
vertex 16.41256332397461 -3.5311596393585205 0
vertex 20.962562561035156 -4.231159687042236 0
endloop
endfacet
facet normal 0 0 -1
outer loop
vertex 20.962562561035156 -4.231159687042236 0
vertex 16.41256332397461 -3.5311596393585205 0
vertex 16.41256332397461 -0.031159736216068268 0
endloop
endfacet
facet normal -0.7382617846406052 -0.6745142973571937 0
outer loop
vertex -0.980964720249176 -67.2528305053711 0
vertex -0.2984164357185364 -67.99988555908203 0
vertex -0.980964720249176 -67.2528305053711 5
endloop
endfacet
facet normal -0.6253570515677914 -0.7803387457088355 0
outer loop
vertex -1.0657609701156616 -67.18487548828125 0
vertex -0.980964720249176 -67.2528305053711 0
vertex -1.0657609701156616 -67.18487548828125 5
endloop
endfacet
facet normal 0 0 1
outer loop
vertex 39.962562561035156 17.143840789794922 5
vertex 22.916383743286133 45.327571868896484 5
vertex 23.690038681030273 38.195152282714844 5
endloop
endfacet
facet normal 0 0 1
outer loop
vertex 25.51799201965332 48.23279571533203 5
vertex 24.260160446166992 47.26027297973633 5
vertex 31.087697982788086 42.48950958251953 5
endloop
endfacet
facet normal 0 0 1
outer loop
vertex 24.260160446166992 47.26027297973633 5
vertex 22.975645065307617 45.39384078979492 5
vertex 31.087697982788086 42.48950958251953 5
endloop
endfacet
facet normal 0 0 1
outer loop
vertex 22.54819679260254 40.64384078979492 5
vertex 22.916383743286133 45.327571868896484 5
vertex 22.14227294921875 44.65631866455078 5
endloop
endfacet
facet normal 0 0 1
outer loop
vertex 22.050172805786133 44.59864807128906 5
vertex 22.54819679260254 40.64384078979492 5
vertex 22.14227294921875 44.65631866455078 5
endloop
endfacet
facet normal 0 0 1
outer loop
vertex 21.09916877746582 44.19150924682617 5
vertex 22.54819679260254 40.64384078979492 5
vertex 22.050172805786133 44.59864807128906 5
endloop
endfacet
facet normal 0 0 1
outer loop
vertex 20.993871688842773 44.164669036865234 5
vertex 22.54819679260254 40.64384078979492 5
vertex 21.09916877746582 44.19150924682617 5
endloop
endfacet
facet normal 0 0 1
outer loop
vertex 20.998493194580078 42.85704803466797 5
vertex 22.54819679260254 40.64384078979492 5
vertex 20.993871688842773 44.164669036865234 5
endloop
endfacet
facet normal 0 0 -1
outer loop
vertex 25.86256217956543 -34.95616149902344 0
vertex 20.962562561035156 -37.33116149902344 0
vertex 20.962562561035156 -23.231159210205078 0
endloop
endfacet
facet normal 0 0 -1
outer loop
vertex 20.962562561035156 -23.231159210205078 0
vertex 16.41256332397461 -19.031160354614258 0
vertex 20.962562561035156 -18.331159591674805 0
endloop
endfacet
facet normal 0 0 -1
outer loop
vertex 20.962562561035156 -23.231159210205078 0
vertex 20.962562561035156 -18.331159591674805 0
vertex 25.86256217956543 -20.856159210205078 0
endloop
endfacet
facet normal 0 0 -1
outer loop
vertex 25.86256217956543 -34.95616149902344 0
vertex 20.962562561035156 -23.231159210205078 0
vertex 25.86256217956543 -20.856159210205078 0
endloop
endfacet
facet normal 0 0 -1
outer loop
vertex 30.41256332397461 -35.656158447265625 0
vertex 30.41256332397461 -39.156158447265625 0
vertex 25.86256217956543 -34.95616149902344 0
endloop
endfacet
facet normal 0 0 -1
outer loop
vertex 30.41256332397461 -35.656158447265625 0
vertex 25.86256217956543 -34.95616149902344 0
vertex 30.41256332397461 -34.95616149902344 0
endloop
endfacet
facet normal 0 0 -1
outer loop
vertex 35.41256332397461 -35.656158447265625 0
vertex 35.41256332397461 -39.156158447265625 0
vertex 30.41256332397461 -35.656158447265625 0
endloop
endfacet
facet normal 0 0 -1
outer loop
vertex 35.41256332397461 -35.656158447265625 0
vertex 35.41256332397461 -34.95616149902344 0
vertex 39.962562561035156 -34.95616149902344 0
endloop
endfacet
facet normal 0 0 -1
outer loop
vertex 25.86256217956543 -20.856159210205078 0
vertex 30.41256332397461 -20.156160354614258 0
vertex 30.41256332397461 -20.856159210205078 0
endloop
endfacet
facet normal 0 0 -1
outer loop
vertex 35.41256332397461 -20.856159210205078 0
vertex 35.41256332397461 -20.156160354614258 0
vertex 39.962562561035156 -20.856159210205078 0
endloop
endfacet
facet normal 0 0 1
outer loop
vertex 22.54819679260254 40.64384078979492 5
vertex 23.690038681030273 38.195152282714844 5
vertex 22.916383743286133 45.327571868896484 5
endloop
endfacet
facet normal 0 0 1
outer loop
vertex 20.993871688842773 44.164669036865234 5
vertex 19.96401023864746 44.06689453125 5
vertex 20.998493194580078 42.85704803466797 5
endloop
endfacet
facet normal 0 0 1
outer loop
vertex 19.85554313659668 44.07343673706055 5
vertex 20.998493194580078 42.85704803466797 5
vertex 19.96401023864746 44.06689453125 5
endloop
endfacet
facet normal 0 0 1
outer loop
vertex 19.85554313659668 44.07343673706055 5
vertex 19.761560440063477 44.09397888183594 5
vertex 20.998493194580078 42.85704803466797 5
endloop
endfacet
facet normal 0 0 -1
outer loop
vertex -40.58743667602539 -37.48115921020508 0
vertex -40.58743667602539 -36.781158447265625 0
vertex -36.037437438964844 -37.48115921020508 0
endloop
endfacet
facet normal -0.37693129574649625 0.9262412203561593 0
outer loop
vertex 41.23576736450195 54.62910079956055 5
vertex 25.51799201965332 48.23279571533203 0
vertex 25.51799201965332 48.23279571533203 5
endloop
endfacet
facet normal -0.8774392833927616 -0.4796877150388544 0
outer loop
vertex -76.3260269165039 -64.61711883544922 0
vertex -76.08795928955078 -65.0525894165039 0
vertex -76.3260269165039 -64.61711883544922 5
endloop
endfacet
facet normal -0.5106307740109955 -0.8598001003913245 0
outer loop
vertex -75.32188415527344 -65.84645080566406 0
vertex -74.90025329589844 -66.09685516357422 0
vertex -75.32188415527344 -65.84645080566406 5
endloop
endfacet
facet normal -0.6116687860470436 0.7911139590322851 0
outer loop
vertex 25.51799201965332 48.23279571533203 5
vertex 24.260160446166992 47.26027297973633 0
vertex 24.260160446166992 47.26027297973633 5
endloop
endfacet
facet normal -0.8237650556138477 0.5669313301886871 0
outer loop
vertex 24.260160446166992 47.26027297973633 5
vertex 22.975645065307617 45.39384078979492 0
vertex 22.975645065307617 45.39384078979492 5
endloop
endfacet
facet normal 0 0 -1
outer loop
vertex 20.962562561035156 -18.331159591674805 0
vertex 20.962562561035156 -4.231159687042236 0
vertex 25.86256217956543 -15.956159591674805 0
endloop
endfacet
facet normal 0 0 -1
outer loop
vertex 25.86256217956543 -20.856159210205078 0
vertex 20.962562561035156 -18.331159591674805 0
vertex 25.86256217956543 -15.956159591674805 0
endloop
endfacet
facet normal 0 0 -1
outer loop
vertex 30.41256332397461 -20.156160354614258 0
vertex 25.86256217956543 -20.856159210205078 0
vertex 25.86256217956543 -15.956159591674805 0
endloop
endfacet
facet normal 0 0 -1
outer loop
vertex 20.962562561035156 -4.231159687042236 0
vertex 25.86256217956543 -1.8561596870422363 0
vertex 25.86256217956543 -15.956159591674805 0
endloop
endfacet
facet normal 0 0 -1
outer loop
vertex 30.41256332397461 -20.156160354614258 0
vertex 25.86256217956543 -15.956159591674805 0
vertex 30.41256332397461 -16.656160354614258 0
endloop
endfacet
facet normal 0 0 -1
outer loop
vertex 30.41256332397461 -16.656160354614258 0
vertex 25.86256217956543 -15.956159591674805 0
vertex 30.41256332397461 -15.956159591674805 0
endloop
endfacet
facet normal 0 0 -1
outer loop
vertex 35.41256332397461 -20.156160354614258 0
vertex 30.41256332397461 -20.156160354614258 0
vertex 30.41256332397461 -16.656160354614258 0
endloop
endfacet
facet normal 0 0 -1
outer loop
vertex 35.41256332397461 -20.156160354614258 0
vertex 30.41256332397461 -16.656160354614258 0
vertex 35.41256332397461 -16.656160354614258 0
endloop
endfacet
facet normal 0 0 -1
outer loop
vertex 39.962562561035156 -20.856159210205078 0
vertex 35.41256332397461 -20.156160354614258 0
vertex 35.41256332397461 -16.656160354614258 0
endloop
endfacet
facet normal 0 0 -1
outer loop
vertex 35.41256332397461 -16.656160354614258 0
vertex 35.41256332397461 -15.956159591674805 0
vertex 39.962562561035156 -15.956159591674805 0
endloop
endfacet
facet normal -0.7454197233625515 0.6665954065414021 0
outer loop
vertex 22.975645065307617 45.39384078979492 5
vertex 22.916383743286133 45.327571868896484 0
vertex 22.916383743286133 45.327571868896484 5
endloop
endfacet
facet normal -0.6551295911409527 0.755516524512527 0
outer loop
vertex 22.916383743286133 45.327571868896484 5
vertex 22.14227294921875 44.65631866455078 0
vertex 22.14227294921875 44.65631866455078 5
endloop
endfacet
facet normal -0.5307134684997151 0.8475513048500379 0
outer loop
vertex 22.14227294921875 44.65631866455078 5
vertex 22.050172805786133 44.59864807128906 0
vertex 22.050172805786133 44.59864807128906 5
endloop
endfacet
facet normal -0.39356456864954026 0.9192969761201771 0
outer loop
vertex 22.050172805786133 44.59864807128906 5
vertex 21.09916877746582 44.19150924682617 0
vertex 21.09916877746582 44.19150924682617 5
endloop
endfacet
facet normal -0.24700176604679333 0.9690150295892036 0
outer loop
vertex 21.09916877746582 44.19150924682617 5
vertex 20.993871688842773 44.164669036865234 0
vertex 20.993871688842773 44.164669036865234 5
endloop
endfacet
facet normal -0.0945144774283602 0.9955234871947743 0
outer loop
vertex 20.993871688842773 44.164669036865234 5
vertex 19.96401023864746 44.06689453125 0
vertex 19.96401023864746 44.06689453125 5
endloop
endfacet
facet normal 0.060205703562850044 0.9981859913154975 0
outer loop
vertex 19.96401023864746 44.06689453125 5
vertex 19.85554313659668 44.07343673706055 0
vertex 19.85554313659668 44.07343673706055 5
endloop
endfacet
facet normal 0.21353249791746276 0.9769359612242395 0
outer loop
vertex 19.761560440063477 44.09397888183594 5
vertex 19.85554313659668 44.07343673706055 5
vertex 19.85554313659668 44.07343673706055 0
endloop
endfacet
facet normal -0.7195879215620653 -0.6944013415467938 0
outer loop
vertex -76.08795928955078 -65.0525894165039 0
vertex -75.32188415527344 -65.84645080566406 0
vertex -76.08795928955078 -65.0525894165039 5
endloop
endfacet
facet normal 0 0 1
outer loop
vertex 22.975645065307617 45.39384078979492 5
vertex 44.86256408691406 10.168840408325195 5
vertex 36.369651794433594 29.416217803955078 5
endloop
endfacet
facet normal 0 0 1
outer loop
vertex 39.962562561035156 17.143840789794922 5
vertex 23.690038681030273 38.195152282714844 5
vertex 24.389324188232422 35.58538818359375 5
endloop
endfacet
facet normal 0 0 1
outer loop
vertex 39.962562561035156 17.143840789794922 5
vertex 24.389324188232422 35.58538818359375 5
vertex 24.62480354309082 32.89384078979492 5
endloop
endfacet
facet normal 0 0 1
outer loop
vertex 24.62480354309082 32.89384078979492 5
vertex 24.389324188232422 30.202293395996094 5
vertex 39.962562561035156 17.143840789794922 5
endloop
endfacet
facet normal 0 0 1
outer loop
vertex 22.975645065307617 45.39384078979492 5
vertex 39.962562561035156 17.143840789794922 5
vertex 47.669010162353516 5.268840312957764 5
endloop
endfacet
facet normal 0 0 -1
outer loop
vertex 1.9625624418258667 -39.70616149902344 0
vertex -2.587437629699707 -40.406158447265625 0
vertex -2.587437629699707 -39.70616149902344 0
endloop
endfacet
facet normal 0 0 -1
outer loop
vertex 1.9625624418258667 -39.70616149902344 0
vertex -2.587437629699707 -43.906158447265625 0
vertex -2.587437629699707 -40.406158447265625 0
endloop
endfacet
facet normal 0 0 -1
outer loop
vertex -2.587437629699707 -44.60615921020508 0
vertex -2.587437629699707 -43.906158447265625 0
vertex 1.9625624418258667 -39.70616149902344 0
endloop
endfacet
facet normal 0 0 -1
outer loop
vertex -7.587437629699707 -43.906158447265625 0
vertex -2.587437629699707 -40.406158447265625 0
vertex -2.587437629699707 -43.906158447265625 0
endloop
endfacet
facet normal 0 0 -1
outer loop
vertex -7.587437629699707 -40.406158447265625 0
vertex -12.13743782043457 -39.70616149902344 0
vertex -7.587437629699707 -39.70616149902344 0
endloop
endfacet
facet normal 0 0 -1
outer loop
vertex -7.587437629699707 -40.406158447265625 0
vertex -2.587437629699707 -40.406158447265625 0
vertex -7.587437629699707 -43.906158447265625 0
endloop
endfacet
facet normal 0 0 -1
outer loop
vertex -7.587437629699707 -43.906158447265625 0
vertex -12.13743782043457 -39.70616149902344 0
vertex -7.587437629699707 -40.406158447265625 0
endloop
endfacet
facet normal 0 0 -1
outer loop
vertex -12.13743782043457 -44.60615921020508 0
vertex -7.587437629699707 -43.906158447265625 0
vertex -7.587437629699707 -44.60615921020508 0
endloop
endfacet
facet normal 0 0 -1
outer loop
vertex -12.13743782043457 -39.70616149902344 0
vertex -7.587437629699707 -43.906158447265625 0
vertex -12.13743782043457 -44.60615921020508 0
endloop
endfacet
facet normal 0 0 -1
outer loop
vertex -12.13743782043457 -44.60615921020508 0
vertex -17.037437438964844 -42.23115921020508 0
vertex -12.13743782043457 -39.70616149902344 0
endloop
endfacet
facet normal 0 0 -1
outer loop
vertex -12.13743782043457 -44.60615921020508 0
vertex -13.815230369567871 -45.830413818359375 0
vertex -13.98743724822998 -45.79615783691406 0
endloop
endfacet
facet normal 0 0 -1
outer loop
vertex -13.98743724822998 -45.79615783691406 0
vertex -17.037437438964844 -42.23115921020508 0
vertex -12.13743782043457 -44.60615921020508 0
endloop
endfacet
facet normal 0 0 -1
outer loop
vertex -17.037437438964844 -42.23115921020508 0
vertex -17.037437438964844 -37.33116149902344 0
vertex -12.13743782043457 -39.70616149902344 0
endloop
endfacet
facet normal 0 0 -1
outer loop
vertex -17.037437438964844 -42.23115921020508 0
vertex -21.58743667602539 -38.031158447265625 0
vertex -17.037437438964844 -37.33116149902344 0
endloop
endfacet
facet normal 0 0 -1
outer loop
vertex -13.98743724822998 -45.79615783691406 0
vertex -14.159645080566406 -45.830413818359375 0
vertex -17.037437438964844 -42.23115921020508 0
endloop
endfacet
facet normal 0 0 -1
outer loop
vertex -14.159645080566406 -45.830413818359375 0
vertex -14.305635452270508 -45.92796325683594 0
vertex -17.037437438964844 -42.23115921020508 0
endloop
endfacet
facet normal 0 0 -1
outer loop
vertex -14.305635452270508 -45.92796325683594 0
vertex -14.403182983398438 -46.073951721191406 0
vertex -17.037437438964844 -42.23115921020508 0
endloop
endfacet
facet normal 0 0 -1
outer loop
vertex 25.86256217956543 -53.95616149902344 0
vertex 30.41256332397461 -54.656158447265625 0
vertex 61.52496337890625 -71.15328979492188 0
endloop
endfacet
facet normal 0 0 -1
outer loop
vertex 61.52496337890625 -71.15328979492188 0
vertex 30.41256332397461 -54.656158447265625 0
vertex 35.41256332397461 -54.656158447265625 0
endloop
endfacet
facet normal 0 0 -1
outer loop
vertex 61.52496337890625 -71.15328979492188 0
vertex 35.41256332397461 -54.656158447265625 0
vertex 39.962562561035156 -53.95616149902344 0
endloop
endfacet
facet normal 0 0 -1
outer loop
vertex 61.52496337890625 -71.15328979492188 0
vertex 39.962562561035156 -53.95616149902344 0
vertex 49.41256332397461 -47.531158447265625 0
endloop
endfacet
facet normal 0 0 -1
outer loop
vertex 61.52496337890625 -71.15328979492188 0
vertex 49.41256332397461 -47.531158447265625 0
vertex 54.41256332397461 -47.531158447265625 0
endloop
endfacet
facet normal 0 0 -1
outer loop
vertex 54.41256332397461 -47.531158447265625 0
vertex 54.41256332397461 -46.83116149902344 0
vertex 62.55576705932617 -71.01878356933594 0
endloop
endfacet
facet normal 0 0 -1
outer loop
vertex 39.962562561035156 -53.95616149902344 0
vertex 39.962562561035156 -39.85615921020508 0
vertex 44.86256408691406 -46.83116149902344 0
endloop
endfacet
facet normal 0 0 -1
outer loop
vertex 49.41256332397461 -47.531158447265625 0
vertex 39.962562561035156 -53.95616149902344 0
vertex 44.86256408691406 -46.83116149902344 0
endloop
endfacet
facet normal 0 0 -1
outer loop
vertex 39.962562561035156 -39.85615921020508 0
vertex 44.86256408691406 -32.73115921020508 0
vertex 44.86256408691406 -46.83116149902344 0
endloop
endfacet
facet normal 0 0 -1
outer loop
vertex 49.41256332397461 -47.531158447265625 0
vertex 44.86256408691406 -46.83116149902344 0
vertex 49.41256332397461 -46.83116149902344 0
endloop
endfacet
facet normal 0 0 -1
outer loop
vertex -14.403182983398438 -46.073951721191406 0
vertex -14.437438011169434 -46.246158599853516 0
vertex -17.037437438964844 -42.23115921020508 0
endloop
endfacet
facet normal 0 0 -1
outer loop
vertex -14.437438011169434 -46.246158599853516 0
vertex -14.437438011169434 -47.51615905761719 0
vertex -17.037437438964844 -42.23115921020508 0
endloop
endfacet
facet normal 0 0 -1
outer loop
vertex -12.13743782043457 -44.60615921020508 0
vertex -13.571691513061523 -46.073951721191406 0
vertex -13.669239044189453 -45.92796325683594 0
endloop
endfacet
facet normal 0 0 -1
outer loop
vertex -12.13743782043457 -44.60615921020508 0
vertex -13.537437438964844 -46.246158599853516 0
vertex -13.571691513061523 -46.073951721191406 0
endloop
endfacet
facet normal 0 0 -1
outer loop
vertex -13.815230369567871 -45.830413818359375 0
vertex -12.13743782043457 -44.60615921020508 0
vertex -13.669239044189453 -45.92796325683594 0
endloop
endfacet
facet normal 0 0 -1
outer loop
vertex 61.52496337890625 -71.15328979492188 0
vertex 54.41256332397461 -47.531158447265625 0
vertex 62.55576705932617 -71.01878356933594 0
endloop
endfacet
facet normal 0 0 -1
outer loop
vertex 62.55576705932617 -71.01878356933594 0
vertex 58.962562561035156 -46.83116149902344 0
vertex 63.58137893676758 -70.6556625366211 0
endloop
endfacet
facet normal 0 0 -1
outer loop
vertex 65.27704620361328 -69.32081604003906 0
vertex 65.10856628417969 -66.34368133544922 0
vertex 65.86943817138672 -68.41127014160156 0
endloop
endfacet
facet normal 0 0 -1
outer loop
vertex 65.10856628417969 -66.34368133544922 0
vertex 66.40147399902344 -66.34381866455078 0
vertex 65.86943817138672 -68.41127014160156 0
endloop
endfacet
facet normal 0 0 -1
outer loop
vertex 65.86943817138672 -68.41127014160156 0
vertex 66.40147399902344 -66.34381866455078 0
vertex 66.25135803222656 -67.3952407836914 0
endloop
endfacet
facet normal 0 0 1
outer loop
vertex 24.389324188232422 30.202293395996094 5
vertex 25.86256217956543 17.143840789794922 5
vertex 39.962562561035156 17.143840789794922 5
endloop
endfacet
facet normal 0.9899609838581382 -0.14134090150634726 0
outer loop
vertex 66.25135803222656 -67.3952407836914 0
vertex 66.40147399902344 -66.34381866455078 0
vertex 66.40147399902344 -66.34381866455078 0.20000000298023224
endloop
endfacet
facet normal -0.9999999983486545 -0.000057384070125785825 0.0000031240107057908656
outer loop
vertex -76.57123565673828 -63.37850570678711 0.20000000298023224
vertex -76.57122039794922 -63.65530014038086 0
vertex -76.57125091552734 -62.87850570678711 4.5
endloop
endfacet
facet normal 0 0 1
outer loop
vertex 23.690038681030273 27.592527389526367 5
vertex 25.86256217956543 17.143840789794922 5
vertex 24.389324188232422 30.202293395996094 5
endloop
endfacet
facet normal 0 0 1
outer loop
vertex 22.54819679260254 25.143840789794922 5
vertex 25.86256217956543 17.143840789794922 5
vertex 23.690038681030273 27.592527389526367 5
endloop
endfacet
facet normal 0 0 -1
outer loop
vertex 62.55576705932617 -71.01878356933594 0
vertex 54.41256332397461 -46.83116149902344 0
vertex 58.962562561035156 -46.83116149902344 0
endloop
endfacet
facet normal 0 0 -1
outer loop
vertex 63.58137893676758 -70.6556625366211 0
vertex 58.962562561035156 -46.83116149902344 0
vertex 64.50216674804688 -70.0809097290039 0
endloop
endfacet
facet normal 0 0 -1
outer loop
vertex 64.50216674804688 -70.0809097290039 0
vertex 58.962562561035156 -46.83116149902344 0
vertex 65.27704620361328 -69.32081604003906 0
endloop
endfacet
facet normal 0 0 -1
outer loop
vertex 65.10856628417969 -66.34368133544922 0
vertex 65.27704620361328 -69.32081604003906 0
vertex 58.962562561035156 -46.83116149902344 0
endloop
endfacet
facet normal 0 0 1
outer loop
vertex 20.998493194580078 22.930631637573242 5
vertex 25.86256217956543 17.143840789794922 5
vertex 22.54819679260254 25.143840789794922 5
endloop
endfacet
facet normal 0 0 1
outer loop
vertex 19.088010787963867 21.020151138305664 5
vertex 20.962562561035156 14.768839836120605 5
vertex 20.998493194580078 22.930631637573242 5
endloop
endfacet
facet normal 0 0 1
outer loop
vertex 20.998493194580078 22.930631637573242 5
vertex 20.962562561035156 14.768839836120605 5
vertex 25.86256217956543 17.143840789794922 5
endloop
endfacet
facet normal 0 0 1
outer loop
vertex 16.87480354309082 19.47044563293457 5
vertex 20.962562561035156 14.768839836120605 5
vertex 19.088010787963867 21.020151138305664 5
endloop
endfacet
facet normal 0 0 -1
outer loop
vertex 65.10856628417969 -66.34368133544922 0
vertex 58.962562561035156 -46.83116149902344 0
vertex 58.962562561035156 -32.73115921020508 0
endloop
endfacet
facet normal -0.00011186278095461855 -0.9999999937433591 0
outer loop
vertex -76.57125091552734 -62.87850570678711 0.20000000298023224
vertex -77.28738403320312 -62.87842559814453 4.5
vertex -77.28738403320312 -62.87842559814453 0.20000000298023224
endloop
endfacet
facet normal 0 0 -1
outer loop
vertex 65.11055755615234 -47.34368133544922 0
vertex 65.10856628417969 -66.34368133544922 0
vertex 58.962562561035156 -32.73115921020508 0
endloop
endfacet
facet normal 0 0 -1
outer loop
vertex 65.1106948852539 -46.0161018371582 0
vertex 66.41069793701172 -46.0162353515625 0
vertex 65.11055755615234 -47.34368133544922 0
endloop
endfacet
facet normal 0 0 1
outer loop
vertex 39.962562561035156 3.043840169906616 5
vertex 25.86256217956543 3.043840169906616 5
vertex 39.962562561035156 -1.8561596870422363 5
endloop
endfacet
facet normal 0 0 -1
outer loop
vertex 65.11055755615234 -47.34368133544922 0
vertex 66.41069793701172 -46.0162353515625 0
vertex 66.41056060791016 -47.343814849853516 0
endloop
endfacet
facet normal 0 0 1
outer loop
vertex 25.86256217956543 3.043840169906616 5
vertex 25.86256217956543 -1.8561596870422363 5
vertex 39.962562561035156 -1.8561596870422363 5
endloop
endfacet
facet normal 0.99999999464975 -0.00010344322204774767 0
outer loop
vertex 66.41056060791016 -47.343814849853516 0.20000000298023224
vertex 66.41056060791016 -47.343814849853516 0
vertex 66.41069793701172 -46.0162353515625 0
endloop
endfacet
facet normal -0.9999999932068836 0.00011655999581735812 0
outer loop
vertex -77.28730010986328 -62.158424377441406 0.20000000298023224
vertex -77.28738403320312 -62.87842559814453 0.20000000298023224
vertex -77.28738403320312 -62.87842559814453 4.5
endloop
endfacet
facet normal -0.9999999995343386 -0.000030517578110789142 0
outer loop
vertex -76.57125091552734 -62.87850570678711 0.20000000298023224
vertex -76.57123565673828 -63.37850570678711 0.20000000298023224
vertex -76.57125091552734 -62.87850570678711 4.5
endloop
endfacet
facet normal 0.99999999464975 -0.00010344322204774767 0
outer loop
vertex 66.41056060791016 -47.343814849853516 0.20000000298023224
vertex 66.41069793701172 -46.0162353515625 0
vertex 66.41069793701172 -46.0162353515625 0.20000000298023224
endloop
endfacet
facet normal 0 0 1
outer loop
vertex 20.962562561035156 14.768839836120605 5
vertex 25.86256217956543 3.043840169906616 5
vertex 25.86256217956543 17.143840789794922 5
endloop
endfacet
facet normal 0 0 1
outer loop
vertex 20.962562561035156 14.768839836120605 5
vertex 20.962562561035156 0.6688402891159058 5
vertex 25.86256217956543 3.043840169906616 5
endloop
endfacet
facet normal 0 0 1
outer loop
vertex 25.86256217956543 -1.8561596870422363 5
vertex 25.86256217956543 3.043840169906616 5
vertex 20.962562561035156 0.6688402891159058 5
endloop
endfacet
facet normal 0 0 -1
outer loop
vertex 65.1106948852539 -46.0161018371582 0
vertex 65.11055755615234 -47.34368133544922 0
vertex 58.962562561035156 -32.73115921020508 0
endloop
endfacet
facet normal 0 0 1
outer loop
vertex 20.962562561035156 0.6688402891159058 5
vertex 20.962562561035156 -4.231159687042236 5
vertex 25.86256217956543 -1.8561596870422363 5
endloop
endfacet
facet normal -0.969008745265984 -0.24702641882609075 0
outer loop
vertex -76.57122039794922 -63.65530014038086 0
vertex -76.3260269165039 -64.61711883544922 0
vertex -76.57122039794922 -63.65530014038086 5
endloop
endfacet
facet normal -0.26540601772066064 -0.9641367360274478 0
outer loop
vertex -74.90025329589844 -66.09685516357422 0
vertex -73.83695983886719 -66.38955688476562 0
vertex -74.90025329589844 -66.09685516357422 5
endloop
endfacet
facet normal 0 0 1
outer loop
vertex 14.426115989685059 18.328603744506836 5
vertex 20.962562561035156 14.768839836120605 5
vertex 16.87480354309082 19.47044563293457 5
endloop
endfacet
facet normal 0 0 -1
outer loop
vertex -12.13743782043457 -44.60615921020508 0
vertex -13.571691513061523 -46.418365478515625 0
vertex -13.537437438964844 -46.246158599853516 0
endloop
endfacet
facet normal 0 0 -1
outer loop
vertex -12.13743782043457 -44.60615921020508 0
vertex -13.571691513061523 -47.34395217895508 0
vertex -13.571691513061523 -46.418365478515625 0
endloop
endfacet
facet normal 0 0 -1
outer loop
vertex -12.13743782043457 -44.60615921020508 0
vertex -13.537437438964844 -47.51615905761719 0
vertex -13.571691513061523 -47.34395217895508 0
endloop
endfacet
facet normal 0 0 -1
outer loop
vertex -12.13743782043457 -44.60615921020508 0
vertex -13.571691513061523 -47.6883659362793 0
vertex -13.537437438964844 -47.51615905761719 0
endloop
endfacet
facet normal 0 0 -1
outer loop
vertex -12.13743782043457 -44.60615921020508 0
vertex -13.571691513061523 -48.61395263671875 0
vertex -13.571691513061523 -47.6883659362793 0
endloop
endfacet
facet normal 0.1293898556605358 -0.9915938005313193 0
outer loop
vertex 61.52496337890625 -71.15328979492188 0
vertex 62.55576705932617 -71.01878356933594 0
vertex 61.52496337890625 -71.15328979492188 5
endloop
endfacet
facet normal 0.33375199132441946 -0.9426609190408737 0
outer loop
vertex 62.55576705932617 -71.01878356933594 0
vertex 63.58137893676758 -70.6556625366211 0
vertex 62.55576705932617 -71.01878356933594 5
endloop
endfacet
facet normal 0.5295088877193354 -0.8483043898426039 0
outer loop
vertex 63.58137893676758 -70.6556625366211 0
vertex 64.50216674804688 -70.0809097290039 0
vertex 63.58137893676758 -70.6556625366211 5
endloop
endfacet
facet normal 0.70026302481933 -0.7138849319539408 0
outer loop
vertex 64.50216674804688 -70.0809097290039 0
vertex 65.27704620361328 -69.32081604003906 0
vertex 64.50216674804688 -70.0809097290039 5
endloop
endfacet
facet normal 0.8379435160115017 -0.5457569642013578 0
outer loop
vertex 65.27704620361328 -69.32081604003906 0
vertex 65.86943817138672 -68.41127014160156 0
vertex 65.27704620361328 -69.32081604003906 5
endloop
endfacet
facet normal 0.9360536090644548 -0.3518574156635169 0
outer loop
vertex 65.86943817138672 -68.41127014160156 0
vertex 66.25135803222656 -67.3952407836914 0
vertex 65.86943817138672 -68.41127014160156 5
endloop
endfacet
facet normal 0.9899609838581382 -0.14134090150634726 0
outer loop
vertex 66.40147399902344 -66.34381866455078 0.20000000298023224
vertex 66.25135803222656 -67.3952407836914 5
vertex 66.25135803222656 -67.3952407836914 0
endloop
endfacet
facet normal 0.9999999948332765 -0.00010165356412645125 0
outer loop
vertex 66.40861511230469 -65.84381866455078 0.20000000298023224
vertex 66.4085693359375 -66.29413604736328 4.5
vertex 66.4085693359375 -66.29413604736328 0.20000000298023224
endloop
endfacet
facet normal -0.00009809264257983924 -0.9999999951889168 0
outer loop
vertex 67.10861206054688 -65.84388732910156 0.20000000298023224
vertex 66.40861511230469 -65.84381866455078 4.5
vertex 66.40861511230469 -65.84381866455078 0.20000000298023224
endloop
endfacet
facet normal 0.9899555735187442 -0.14137879044416954 -0.000008468634510661966
outer loop
vertex 66.25135803222656 -67.3952407836914 5
vertex 66.40147399902344 -66.34381866455078 0.20000000298023224
vertex 66.4085693359375 -66.29413604736328 0.20000000298023224
endloop
endfacet
facet normal 0.9999999944790139 -0.00010508078800260199 0
outer loop
vertex 67.10861206054688 -65.84388732910156 0.20000000298023224
vertex 67.11042785644531 -48.56388854980469 0.20000000298023224
vertex 67.10861206054688 -65.84388732910156 4.5
endloop
endfacet
facet normal 0.9999999942956493 -0.00010681152282820962 0
outer loop
vertex 66.41050720214844 -47.843814849853516 0.20000000298023224
vertex 66.41056060791016 -47.343814849853516 0.20000000298023224
vertex 66.41050720214844 -47.843814849853516 4.5
endloop
endfacet
facet normal 0.9999999946496732 -0.00010344322204773972 3.916628861183969e-7
outer loop
vertex 66.41050720214844 -47.843814849853516 4.5
vertex 66.41056060791016 -47.343814849853516 0.20000000298023224
vertex 66.41069793701172 -46.0162353515625 0.20000000298023224
endloop
endfacet
facet normal 0.9999999942951086 -0.00010681152282815186 -0.0000010399272353358236
outer loop
vertex 66.41050720214844 -47.843814849853516 4.5
vertex 66.41069793701172 -46.0162353515625 0.20000000298023224
vertex 66.41075134277344 -45.5162353515625 0.20000000298023224
endloop
endfacet
facet normal -0.00010899182496571019 -0.999999994060391 0
outer loop
vertex 67.11074829101562 -45.51631164550781 0.20000000298023224
vertex 66.41075134277344 -45.5162353515625 4.5
vertex 66.41075134277344 -45.5162353515625 0.20000000298023224
endloop
endfacet
facet normal 0 0 -1
outer loop
vertex -13.571691513061523 -47.34395217895508 0
vertex -13.669239044189453 -46.56435775756836 0
vertex -13.571691513061523 -46.418365478515625 0
endloop
endfacet
facet normal 0.9999999943857948 -0.00010596419410370661 0
outer loop
vertex 67.11042785644531 -48.56388854980469 0.20000000298023224
vertex 67.11050415039062 -47.84389114379883 0.20000000298023224
vertex 67.11050415039062 -47.84389114379883 4.5
endloop
endfacet
facet normal 0.00010899182496571019 0.999999994060391 0
outer loop
vertex 67.11050415039062 -47.84389114379883 0.20000000298023224
vertex 66.41050720214844 -47.843814849853516 0.20000000298023224
vertex 67.11050415039062 -47.84389114379883 4.5
endloop
endfacet
facet normal 0.9999999944790151 -0.00010508077640389323 0
outer loop
vertex 67.11074829101562 -45.51631164550781 0.20000000298023224
vertex 67.11256408691406 -28.236310958862305 0.20000000298023224
vertex 67.11074829101562 -45.51631164550781 4.5
endloop
endfacet
facet normal 0 0 -1
outer loop
vertex 39.962562561035156 -39.85615921020508 0
vertex 35.41256332397461 -35.656158447265625 0
vertex 39.962562561035156 -34.95616149902344 0
endloop
endfacet
facet normal 0 0 -1
outer loop
vertex 44.86256408691406 -32.73115921020508 0
vertex 39.962562561035156 -39.85615921020508 0
vertex 39.962562561035156 -34.95616149902344 0
endloop
endfacet
facet normal 0 0 -1
outer loop
vertex 44.86256408691406 -32.73115921020508 0
vertex 39.962562561035156 -34.95616149902344 0
vertex 44.86256408691406 -27.831159591674805 0
endloop
endfacet
facet normal 0 0 -1
outer loop
vertex 44.86256408691406 -27.831159591674805 0
vertex 49.41256332397461 -27.831159591674805 0
vertex 44.86256408691406 -32.73115921020508 0
endloop
endfacet
facet normal 0 0 -1
outer loop
vertex 44.86256408691406 -27.831159591674805 0
vertex 39.962562561035156 -34.95616149902344 0
vertex 39.962562561035156 -20.856159210205078 0
endloop
endfacet
facet normal 0 0 -1
outer loop
vertex 44.86256408691406 -27.831159591674805 0
vertex 39.962562561035156 -20.856159210205078 0
vertex 39.962562561035156 -15.956159591674805 0
endloop
endfacet
facet normal 0 0 -1
outer loop
vertex 44.86256408691406 -32.73115921020508 0
vertex 49.41256332397461 -32.031158447265625 0
vertex 49.41256332397461 -32.73115921020508 0
endloop
endfacet
facet normal 0 0 -1
outer loop
vertex 49.41256332397461 -32.031158447265625 0
vertex 44.86256408691406 -32.73115921020508 0
vertex 49.41256332397461 -28.531160354614258 0
endloop
endfacet
facet normal 0 0 -1
outer loop
vertex 49.41256332397461 -28.531160354614258 0
vertex 44.86256408691406 -32.73115921020508 0
vertex 49.41256332397461 -27.831159591674805 0
endloop
endfacet
facet normal 0 0 -1
outer loop
vertex 49.41256332397461 -28.531160354614258 0
vertex 54.41256332397461 -28.531160354614258 0
vertex 49.41256332397461 -32.031158447265625 0
endloop
endfacet
facet normal 0 0 -1
outer loop
vertex 49.41256332397461 -32.031158447265625 0
vertex 54.41256332397461 -28.531160354614258 0
vertex 54.41256332397461 -32.031158447265625 0
endloop
endfacet
facet normal 0 0 -1
outer loop
vertex 54.41256332397461 -32.73115921020508 0
vertex 54.41256332397461 -32.031158447265625 0
vertex 58.962562561035156 -32.73115921020508 0
endloop
endfacet
facet normal 0 0 -1
outer loop
vertex 58.962562561035156 -32.73115921020508 0
vertex 54.41256332397461 -32.031158447265625 0
vertex 54.41256332397461 -28.531160354614258 0
endloop
endfacet
facet normal 0 0 -1
outer loop
vertex 54.41256332397461 -28.531160354614258 0
vertex 54.41256332397461 -27.831159591674805 0
vertex 58.962562561035156 -27.831159591674805 0
endloop
endfacet
facet normal 0 0 -1
outer loop
vertex -12.13743782043457 -44.60615921020508 0
vertex -13.537437438964844 -48.78615951538086 0
vertex -13.571691513061523 -48.61395263671875 0
endloop
endfacet
facet normal 0 0 -1
outer loop
vertex -13.669239044189453 -46.56435775756836 0
vertex -13.669239044189453 -47.197959899902344 0
vertex -13.815230369567871 -46.66190719604492 0
endloop
endfacet
facet normal 0 0 -1
outer loop
vertex -13.669239044189453 -47.197959899902344 0
vertex -13.669239044189453 -46.56435775756836 0
vertex -13.571691513061523 -47.34395217895508 0
endloop
endfacet
facet normal 0 0 -1
outer loop
vertex -13.815230369567871 -47.10041427612305 0
vertex -13.815230369567871 -46.66190719604492 0
vertex -13.669239044189453 -47.197959899902344 0
endloop
endfacet
facet normal 0 0 -1
outer loop
vertex -13.815230369567871 -47.10041427612305 0
vertex -13.98743724822998 -46.69615936279297 0
vertex -13.815230369567871 -46.66190719604492 0
endloop
endfacet
facet normal 0 0 -1
outer loop
vertex -13.98743724822998 -47.066158294677734 0
vertex -13.98743724822998 -46.69615936279297 0
vertex -13.815230369567871 -47.10041427612305 0
endloop
endfacet
facet normal 0 0 -1
outer loop
vertex -14.159645080566406 -47.10041427612305 0
vertex -14.159645080566406 -46.66190719604492 0
vertex -13.98743724822998 -47.066158294677734 0
endloop
endfacet
facet normal 0 0 -1
outer loop
vertex -14.159645080566406 -47.10041427612305 0
vertex -14.305635452270508 -46.56435775756836 0
vertex -14.159645080566406 -46.66190719604492 0
endloop
endfacet
facet normal 0 0 1
outer loop
vertex 11.816350936889648 17.62932014465332 5
vertex 20.962562561035156 14.768839836120605 5
vertex 14.426115989685059 18.328603744506836 5
endloop
endfacet
facet normal 0 0 -1
outer loop
vertex -14.305635452270508 -46.56435775756836 0
vertex -14.305635452270508 -47.197959899902344 0
vertex -14.403182983398438 -46.418365478515625 0
endloop
endfacet
facet normal 0 0 -1
outer loop
vertex 39.962562561035156 -20.856159210205078 0
vertex 35.41256332397461 -16.656160354614258 0
vertex 39.962562561035156 -15.956159591674805 0
endloop
endfacet
facet normal 0 0 -1
outer loop
vertex 39.962562561035156 -15.956159591674805 0
vertex 39.962562561035156 -1.8561596870422363 0
vertex 44.86256408691406 -27.831159591674805 0
endloop
endfacet
facet normal 0 0 -1
outer loop
vertex 44.86256408691406 -27.831159591674805 0
vertex 39.962562561035156 -1.8561596870422363 0
vertex 44.86256408691406 -13.731160163879395 0
endloop
endfacet
facet normal 0 0 -1
outer loop
vertex 39.962562561035156 -1.8561596870422363 0
vertex 39.962562561035156 3.043840169906616 0
vertex 44.86256408691406 -13.731160163879395 0
endloop
endfacet
facet normal 0 0 -1
outer loop
vertex 44.86256408691406 -8.831159591674805 0
vertex 49.41256332397461 -8.831159591674805 0
vertex 44.86256408691406 -13.731160163879395 0
endloop
endfacet
facet normal 0 0 -1
outer loop
vertex 44.86256408691406 -8.831159591674805 0
vertex 44.86256408691406 -13.731160163879395 0
vertex 39.962562561035156 3.043840169906616 0
endloop
endfacet
facet normal 0 0 -1
outer loop
vertex 44.86256408691406 -13.731160163879395 0
vertex 49.41256332397461 -13.031159400939941 0
vertex 49.41256332397461 -13.731160163879395 0
endloop
endfacet
facet normal 0 0 -1
outer loop
vertex 49.41256332397461 -13.031159400939941 0
vertex 44.86256408691406 -13.731160163879395 0
vertex 49.41256332397461 -9.531159400939941 0
endloop
endfacet
facet normal 0 0 -1
outer loop
vertex 49.41256332397461 -13.031159400939941 0
vertex 54.41256332397461 -9.531159400939941 0
vertex 54.41256332397461 -13.031159400939941 0
endloop
endfacet
facet normal 0 0 -1
outer loop
vertex 54.41256332397461 -13.731160163879395 0
vertex 54.41256332397461 -13.031159400939941 0
vertex 58.962562561035156 -8.831159591674805 0
endloop
endfacet
facet normal 0 0 -1
outer loop
vertex 49.41256332397461 -9.531159400939941 0
vertex 44.86256408691406 -13.731160163879395 0
vertex 49.41256332397461 -8.831159591674805 0
endloop
endfacet
facet normal 0 0 -1
outer loop
vertex 54.41256332397461 -9.531159400939941 0
vertex 49.41256332397461 -13.031159400939941 0
vertex 49.41256332397461 -9.531159400939941 0
endloop
endfacet
facet normal 0 0 -1
outer loop
vertex 58.962562561035156 -8.831159591674805 0
vertex 54.41256332397461 -13.031159400939941 0
vertex 54.41256332397461 -9.531159400939941 0
endloop
endfacet
facet normal 0 0 -1
outer loop
vertex 58.962562561035156 -8.831159591674805 0
vertex 54.41256332397461 -9.531159400939941 0
vertex 54.41256332397461 -8.831159591674805 0
endloop
endfacet
facet normal 0 0 -1
outer loop
vertex -14.403182983398438 -46.418365478515625 0
vertex -14.437438011169434 -47.51615905761719 0
vertex -14.437438011169434 -46.246158599853516 0
endloop
endfacet
facet normal 0 0 -1
outer loop
vertex -14.305635452270508 -47.197959899902344 0
vertex -14.305635452270508 -46.56435775756836 0
vertex -14.159645080566406 -47.10041427612305 0
endloop
endfacet
facet normal 0 0 -1
outer loop
vertex -14.403182983398438 -47.34395217895508 0
vertex -14.403182983398438 -46.418365478515625 0
vertex -14.305635452270508 -47.197959899902344 0
endloop
endfacet
facet normal 0 0 -1
outer loop
vertex -14.437438011169434 -47.51615905761719 0
vertex -14.403182983398438 -46.418365478515625 0
vertex -14.403182983398438 -47.34395217895508 0
endloop
endfacet
facet normal 0 0 -1
outer loop
vertex -13.571691513061523 -48.61395263671875 0
vertex -13.669239044189453 -47.83435821533203 0
vertex -13.571691513061523 -47.6883659362793 0
endloop
endfacet
facet normal 0 0 -1
outer loop
vertex -13.571691513061523 -48.95836639404297 0
vertex -13.571691513061523 -49.88395309448242 0
vertex -13.669239044189453 -49.1043586730957 0
endloop
endfacet
facet normal 0 0 -1
outer loop
vertex -13.571691513061523 -48.95836639404297 0
vertex -13.537437438964844 -50.05615997314453 0
vertex -13.571691513061523 -49.88395309448242 0
endloop
endfacet
facet normal 0 0 -1
outer loop
vertex -13.669239044189453 -47.83435821533203 0
vertex -13.669239044189453 -48.467960357666016 0
vertex -13.815230369567871 -47.93190383911133 0
endloop
endfacet
facet normal 0 0 -1
outer loop
vertex -13.815230369567871 -47.93190383911133 0
vertex -13.815230369567871 -48.37041473388672 0
vertex -13.98743724822998 -47.96615982055664 0
endloop
endfacet
facet normal 0 0 -1
outer loop
vertex -13.98743724822998 -47.96615982055664 0
vertex -13.98743724822998 -48.336158752441406 0
vertex -14.159645080566406 -47.93190383911133 0
endloop
endfacet
facet normal 0 0 -1
outer loop
vertex 58.962562561035156 -32.73115921020508 0
vertex 58.962562561035156 -27.831159591674805 0
vertex 65.1106948852539 -46.0161018371582 0
endloop
endfacet
facet normal 0 0 -1
outer loop
vertex 58.962562561035156 -32.73115921020508 0
vertex 54.41256332397461 -28.531160354614258 0
vertex 58.962562561035156 -27.831159591674805 0
endloop
endfacet
facet normal 0 0 -1
outer loop
vertex 65.1106948852539 -46.0161018371582 0
vertex 58.962562561035156 -27.831159591674805 0
vertex 65.1126937866211 -27.01609992980957 0
endloop
endfacet
facet normal 0 0 1
outer loop
vertex 11.816350936889648 17.62932014465332 5
vertex 6.862562656402588 14.768839836120605 5
vertex 20.962562561035156 14.768839836120605 5
endloop
endfacet
facet normal 0 0 1
outer loop
vertex 11.816350936889648 17.62932014465332 5
vertex 9.12480354309082 17.393840789794922 5
vertex 6.862562656402588 14.768839836120605 5
endloop
endfacet
facet normal 0 0 -1
outer loop
vertex 58.962562561035156 -27.831159591674805 0
vertex 58.962562561035156 -13.731160163879395 0
vertex 65.11283111572266 -25.688520431518555 0
endloop
endfacet
facet normal 0 0 -1
outer loop
vertex 65.1126937866211 -27.01609992980957 0
vertex 58.962562561035156 -27.831159591674805 0
vertex 65.11283111572266 -25.688520431518555 0
endloop
endfacet
facet normal 0 0 -1
outer loop
vertex 65.1126937866211 -27.01609992980957 0
vertex 66.41283416748047 -25.688657760620117 0
vertex 66.41268920898438 -27.016237258911133 0
endloop
endfacet
facet normal -0.9999999936123272 0.00011302807439223379 0
outer loop
vertex -77.28534698486328 -44.87842559814453 0.20000000298023224
vertex -77.28730010986328 -62.158424377441406 0.20000000298023224
vertex -77.28534698486328 -44.87842559814453 4.5
endloop
endfacet
facet normal 0.9999999940387645 -0.00010919006765035343 0
outer loop
vertex 66.41268920898438 -27.016237258911133 0.20000000298023224
vertex 66.41268920898438 -27.016237258911133 0
vertex 66.41283416748047 -25.688657760620117 0
endloop
endfacet
facet normal 0 0 1
outer loop
vertex 6.433257102966309 17.62932014465332 5
vertex 6.862562656402588 14.768839836120605 5
vertex 9.12480354309082 17.393840789794922 5
endloop
endfacet
facet normal 0 0 -1
outer loop
vertex 66.41283416748047 -25.688657760620117 0
vertex 65.1126937866211 -27.01609992980957 0
vertex 65.11283111572266 -25.688520431518555 0
endloop
endfacet
facet normal 0 0 1
outer loop
vertex 3.8234915733337402 18.328603744506836 5
vertex 6.862562656402588 14.768839836120605 5
vertex 6.433257102966309 17.62932014465332 5
endloop
endfacet
facet normal 0 0 1
outer loop
vertex 1.9625624418258667 12.393839836120605 5
vertex 3.8234915733337402 18.328603744506836 5
vertex 1.3748037815093994 19.47044563293457 5
endloop
endfacet
facet normal 0.9999999940387645 -0.00010919006765035343 0
outer loop
vertex 66.41268920898438 -27.016237258911133 0.20000000298023224
vertex 66.41283416748047 -25.688657760620117 0
vertex 66.41283416748047 -25.688657760620117 0.20000000298023224
endloop
endfacet
facet normal 0.00011230066560915028 0.9999999936942803 0
outer loop
vertex -76.57200622558594 -44.87850570678711 0.20000000298023224
vertex -77.28534698486328 -44.87842559814453 0.20000000298023224
vertex -76.57200622558594 -44.87850570678711 4.5
endloop
endfacet
facet normal 0 0 1
outer loop
vertex 6.862562656402588 0.6688402891159058 5
vertex 20.962562561035156 -4.231159687042236 5
vertex 20.962562561035156 0.6688402891159058 5
endloop
endfacet
facet normal -0.9999999989484251 -0.00004577636713936272 0.00000277014319187481
outer loop
vertex -76.57202911376953 -44.37850570678711 0.20000000298023224
vertex -76.57200622558594 -44.87850570678711 0.20000000298023224
vertex -76.57215118408203 -41.45162582397461 4.5
endloop
endfacet
facet normal 0 0 1
outer loop
vertex 1.9625624418258667 -1.7061597108840942 5
vertex 3.8234915733337402 18.328603744506836 5
vertex 1.9625624418258667 12.393839836120605 5
endloop
endfacet
facet normal 0 0 -1
outer loop
vertex 65.11283111572266 -25.688520431518555 0
vertex 58.962562561035156 -13.731160163879395 0
vertex 58.962562561035156 -8.831159591674805 0
endloop
endfacet
facet normal 0 0 -1
outer loop
vertex 58.962562561035156 -13.731160163879395 0
vertex 54.41256332397461 -13.731160163879395 0
vertex 58.962562561035156 -8.831159591674805 0
endloop
endfacet
facet normal 0 0 1
outer loop
vertex 1.9625624418258667 -6.606159687042236 5
vertex 3.8234915733337402 18.328603744506836 5
vertex 1.9625624418258667 -1.7061597108840942 5
endloop
endfacet
facet normal 0 0 1
outer loop
vertex 3.8234915733337402 18.328603744506836 5
vertex 1.9625624418258667 -39.70616149902344 5
vertex 6.862562656402588 14.768839836120605 5
endloop
endfacet
facet normal 0 0 -1
outer loop
vertex 65.11283111572266 -25.688520431518555 0
vertex 58.962562561035156 -8.831159591674805 0
vertex 65.11483001708984 -6.688521385192871 0
endloop
endfacet
facet normal -0.9999999991647336 -0.000040868165551096326 -5.707211164616251e-7
outer loop
vertex -76.57212829589844 -41.95162582397461 0.20000000298023224
vertex -76.57202911376953 -44.37850570678711 0.20000000298023224
vertex -76.57215118408203 -41.45162582397461 4.5
endloop
endfacet
facet normal -0.00011238360198749987 -0.9999999936849631 0
outer loop
vertex -76.57215118408203 -41.45162582397461 0.20000000298023224
vertex -77.28496551513672 -41.45154571533203 4.5
vertex -77.28496551513672 -41.45154571533203 0.20000000298023224
endloop
endfacet
facet normal 0 0 -1
outer loop
vertex 58.962562561035156 -8.831159591674805 0
vertex 58.962562561035156 5.268840312957764 0
vertex 65.1149673461914 -5.3609418869018555 0
endloop
endfacet
facet normal 0 0 -1
outer loop
vertex 65.11483001708984 -6.688521385192871 0
vertex 58.962562561035156 -8.831159591674805 0
vertex 65.1149673461914 -5.3609418869018555 0
endloop
endfacet
facet normal -0.9999999932068117 0.00011656061337665426 0
outer loop
vertex -77.28488159179688 -40.73154830932617 0.20000000298023224
vertex -77.28496551513672 -41.45154571533203 0.20000000298023224
vertex -77.28496551513672 -41.45154571533203 4.5
endloop
endfacet
facet normal 0 0 -1
outer loop
vertex 65.1149673461914 -5.3609418869018555 0
vertex 66.41497039794922 -5.361078262329102 0
vertex 65.11483001708984 -6.688521385192871 0
endloop
endfacet
facet normal -0.999999998952262 -0.00004577636713953836 0
outer loop
vertex -76.57215118408203 -41.45162582397461 0.20000000298023224
vertex -76.57212829589844 -41.95162582397461 0.20000000298023224
vertex -76.57215118408203 -41.45162582397461 4.5
endloop
endfacet
facet normal 0 0 -1
outer loop
vertex 65.11483001708984 -6.688521385192871 0
vertex 66.41497039794922 -5.361078262329102 0
vertex 66.41482543945312 -6.688657760620117 0
endloop
endfacet
facet normal -0.00030116405567619047 -0.9999999546501048 0
outer loop
vertex -73.83695983886719 -66.38955688476562 0
vertex -3.1325089931488037 -66.41085052490234 0
vertex -73.83695983886719 -66.38955688476562 5
endloop
endfacet
facet normal 0.9999999940387645 -0.00010919006765035343 0
outer loop
vertex 66.41482543945312 -6.688657760620117 0
vertex 66.41497039794922 -5.361078262329102 0
vertex 66.41497039794922 -5.361078262329102 0.20000000298023224
endloop
endfacet
facet normal 0 0 -1
outer loop
vertex -75.28501892089844 -41.9517707824707 0
vertex -75.28287506103516 -22.951772689819336 0
vertex -69.13743591308594 -32.58116149902344 0
endloop
endfacet
facet normal 0.9999999940387645 -0.00010919006765035343 0
outer loop
vertex 66.41482543945312 -6.688657760620117 0.20000000298023224
vertex 66.41482543945312 -6.688657760620117 0
vertex 66.41497039794922 -5.361078262329102 0.20000000298023224
endloop
endfacet
facet normal 0 0 -1
outer loop
vertex -64.58744049072266 -32.58116149902344 0
vertex -75.28501892089844 -41.9517707824707 0
vertex -69.13743591308594 -32.58116149902344 0
endloop
endfacet
facet normal -0.9999999991648966 -0.00004086816555110299 0
outer loop
vertex -76.57292938232422 -22.951627731323242 0
vertex -76.57292938232422 -22.951627731323242 0.20000000298023224
vertex -76.57302856445312 -20.524747848510742 0
endloop
endfacet
facet normal 0 0 -1
outer loop
vertex -76.57292938232422 -22.951627731323242 0
vertex -76.57302856445312 -20.524747848510742 0
vertex -75.28260040283203 -20.524892807006836 0
endloop
endfacet
facet normal -0.9999999991648966 -0.00004086816555110299 0
outer loop
vertex -76.57302856445312 -20.524747848510742 0.20000000298023224
vertex -76.57302856445312 -20.524747848510742 0
vertex -76.57292938232422 -22.951627731323242 0.20000000298023224
endloop
endfacet
facet normal 0 0 -1
outer loop
vertex -75.28287506103516 -22.951772689819336 0
vertex -76.57292938232422 -22.951627731323242 0
vertex -69.13743591308594 -18.481159210205078 0
endloop
endfacet
facet normal 0 0 -1
outer loop
vertex -14.159645080566406 -48.37041473388672 0
vertex -14.305635452270508 -47.83435821533203 0
vertex -14.159645080566406 -47.93190383911133 0
endloop
endfacet
facet normal 0 0 -1
outer loop
vertex -13.669239044189453 -48.467960357666016 0
vertex -13.669239044189453 -47.83435821533203 0
vertex -13.571691513061523 -48.61395263671875 0
endloop
endfacet
facet normal 0 0 -1
outer loop
vertex -13.669239044189453 -48.467960357666016 0
vertex -13.815230369567871 -48.37041473388672 0
vertex -13.815230369567871 -47.93190383911133 0
endloop
endfacet
facet normal 0 0 -1
outer loop
vertex -13.98743724822998 -48.336158752441406 0
vertex -13.98743724822998 -47.96615982055664 0
vertex -13.815230369567871 -48.37041473388672 0
endloop
endfacet
facet normal 0 0 -1
outer loop
vertex -14.159645080566406 -48.37041473388672 0
vertex -14.159645080566406 -47.93190383911133 0
vertex -13.98743724822998 -48.336158752441406 0
endloop
endfacet
facet normal 0 0 -1
outer loop
vertex -14.305635452270508 -47.83435821533203 0
vertex -14.305635452270508 -48.467960357666016 0
vertex -14.403182983398438 -47.6883659362793 0
endloop
endfacet
facet normal 0 0 -1
outer loop
vertex -14.403182983398438 -47.6883659362793 0
vertex -14.403182983398438 -48.61395263671875 0
vertex -14.437438011169434 -47.51615905761719 0
endloop
endfacet
facet normal 0 0 -1
outer loop
vertex -14.305635452270508 -48.467960357666016 0
vertex -14.305635452270508 -47.83435821533203 0
vertex -14.159645080566406 -48.37041473388672 0
endloop
endfacet
facet normal 0 0 -1
outer loop
vertex -14.403182983398438 -48.61395263671875 0
vertex -14.403182983398438 -47.6883659362793 0
vertex -14.305635452270508 -48.467960357666016 0
endloop
endfacet
facet normal 0 0 -1
outer loop
vertex -14.437438011169434 -48.78615951538086 0
vertex -14.437438011169434 -47.51615905761719 0
vertex -14.403182983398438 -48.61395263671875 0
endloop
endfacet
facet normal 0 0 -1
outer loop
vertex -13.669239044189453 -49.1043586730957 0
vertex -13.669239044189453 -49.73796081542969 0
vertex -13.815230369567871 -49.201904296875 0
endloop
endfacet
facet normal 0 0 -1
outer loop
vertex -13.815230369567871 -49.64041519165039 0
vertex -13.98743724822998 -49.23616027832031 0
vertex -13.815230369567871 -49.201904296875 0
endloop
endfacet
facet normal 0 0 -1
outer loop
vertex -13.669239044189453 -49.73796081542969 0
vertex -13.669239044189453 -49.1043586730957 0
vertex -13.571691513061523 -49.88395309448242 0
endloop
endfacet
facet normal 0 0 -1
outer loop
vertex -13.669239044189453 -49.73796081542969 0
vertex -13.815230369567871 -49.64041519165039 0
vertex -13.815230369567871 -49.201904296875 0
endloop
endfacet
facet normal 0 0 -1
outer loop
vertex -13.98743724822998 -49.60615921020508 0
vertex -13.98743724822998 -49.23616027832031 0
vertex -13.815230369567871 -49.64041519165039 0
endloop
endfacet
facet normal 0 0 -1
outer loop
vertex -14.159645080566406 -49.64041519165039 0
vertex -14.305635452270508 -49.1043586730957 0
vertex -14.159645080566406 -49.201904296875 0
endloop
endfacet
facet normal 0.9999999958090483 -0.00009155273399130692 0
outer loop
vertex 66.41264343261719 -27.516237258911133 0.20000000298023224
vertex 66.41268920898438 -27.016237258911133 0.20000000298023224
vertex 66.41264343261719 -27.516237258911133 4.5
endloop
endfacet
facet normal 0.9999999940366615 -0.0001091900676501238 -0.000002050852771314859
outer loop
vertex 66.41264343261719 -27.516237258911133 4.5
vertex 66.41268920898438 -27.016237258911133 0.20000000298023224
vertex 66.41283416748047 -25.688657760620117 0.20000000298023224
endloop
endfacet
facet normal 0.9999999942951086 -0.00010681152282815186 -0.0000010399272353358236
outer loop
vertex 66.41264343261719 -27.516237258911133 4.5
vertex 66.41283416748047 -25.688657760620117 0.20000000298023224
vertex 66.41288757324219 -25.188657760620117 0.20000000298023224
endloop
endfacet
facet normal -0.00010354223377738721 -0.9999999946395028 0
outer loop
vertex 67.11288452148438 -25.188730239868164 0.20000000298023224
vertex 66.41288757324219 -25.188657760620117 4.5
vertex 66.41288757324219 -25.188657760620117 0.20000000298023224
endloop
endfacet
facet normal 0.9999999943858543 -0.00010596363268616266 0
outer loop
vertex 67.11256408691406 -28.236310958862305 0.20000000298023224
vertex 67.11264038085938 -27.51630973815918 0.20000000298023224
vertex 67.11264038085938 -27.51630973815918 4.5
endloop
endfacet
facet normal 0.00010354223377738721 0.9999999946395028 0
outer loop
vertex 67.11264038085938 -27.51630973815918 0.20000000298023224
vertex 66.41264343261719 -27.516237258911133 0.20000000298023224
vertex 67.11264038085938 -27.51630973815918 4.5
endloop
endfacet
facet normal 0 0 -1
outer loop
vertex -13.98743724822998 -49.23616027832031 0
vertex -14.159645080566406 -49.64041519165039 0
vertex -14.159645080566406 -49.201904296875 0
endloop
endfacet
facet normal 0.9999999942956493 -0.00010681152282820962 0
outer loop
vertex 66.4147720336914 -7.188657760620117 0.20000000298023224
vertex 66.41482543945312 -6.688657760620117 0.20000000298023224
vertex 66.4147720336914 -7.188657760620117 4.5
endloop
endfacet
facet normal 0.9999999940387263 -0.00010919006765034926 -2.765749827012213e-7
outer loop
vertex 66.4147720336914 -7.188657760620117 4.5
vertex 66.41482543945312 -6.688657760620117 0.20000000298023224
vertex 66.41497039794922 -5.361078262329102 0.20000000298023224
endloop
endfacet
facet normal 0.9999999957829869 -0.00009155273398892092 0.0000072196179876438505
outer loop
vertex 66.4147720336914 -7.188657760620117 4.5
vertex 66.41497039794922 -5.361078262329102 0.20000000298023224
vertex 66.4150161743164 -4.861078262329102 0.20000000298023224
endloop
endfacet
facet normal -0.000104903488213095 -0.9999999944976291 0
outer loop
vertex 67.11502075195312 -4.861151695251465 0.20000000298023224
vertex 66.4150161743164 -4.861078262329102 4.5
vertex 66.4150161743164 -4.861078262329102 0.20000000298023224
endloop
endfacet
facet normal 0.9999999944790142 -0.00010508078510292456 0
outer loop
vertex 67.11288452148438 -25.188730239868164 0.20000000298023224
vertex 67.11470031738281 -7.908730983734131 0.20000000298023224
vertex 67.11288452148438 -25.188730239868164 4.5
endloop
endfacet
facet normal 0.9999999943858319 -0.00010596384321704449 0
outer loop
vertex 67.11477661132812 -7.1887311935424805 0.20000000298023224
vertex 67.11477661132812 -7.1887311935424805 4.5
vertex 67.11470031738281 -7.908730983734131 0.20000000298023224
endloop
endfacet
facet normal 0.000104903488213095 0.9999999944976291 0
outer loop
vertex 67.11477661132812 -7.1887311935424805 0.20000000298023224
vertex 66.4147720336914 -7.188657760620117 0.20000000298023224
vertex 67.11477661132812 -7.1887311935424805 4.5
endloop
endfacet
facet normal 0 0 -1
outer loop
vertex -14.159645080566406 -49.64041519165039 0
vertex -13.98743724822998 -49.23616027832031 0
vertex -13.98743724822998 -49.60615921020508 0
endloop
endfacet
facet normal 0 0 -1
outer loop
vertex -14.305635452270508 -49.1043586730957 0
vertex -14.305635452270508 -49.73796081542969 0
vertex -14.403182983398438 -48.95836639404297 0
endloop
endfacet
facet normal -0.545759827000684 -0.8379416514484664 0
outer loop
vertex 1.2479091882705688 -70.02064514160156 5
vertex 2.1574482917785645 -70.613037109375 0
vertex 2.1574482917785645 -70.613037109375 5
endloop
endfacet
facet normal -0.7138874264819229 -0.7002604817573365 0
outer loop
vertex 0.4875739514827728 -69.24551391601562 5
vertex 1.2479091882705688 -70.02064514160156 0
vertex 1.2479091882705688 -70.02064514160156 5
endloop
endfacet
facet normal -0.7963038556684091 -0.6048968254567265 0
outer loop
vertex -0.2984164357185364 -67.99988555908203 5
vertex -0.2600037157535553 -68.05045318603516 0
vertex -0.2600037157535553 -68.05045318603516 5
endloop
endfacet
facet normal -0.8477863028739234 -0.5303379909636533 0
outer loop
vertex -0.2600037157535553 -68.05045318603516 5
vertex 0.4875739514827728 -69.24551391601562 0
vertex 0.4875739514827728 -69.24551391601562 5
endloop
endfacet
facet normal -0.3518562581644595 -0.9360540441611827 0
outer loop
vertex 2.1574482917785645 -70.613037109375 5
vertex 3.1734814643859863 -70.99495697021484 0
vertex 3.1734814643859863 -70.99495697021484 5
endloop
endfacet
facet normal -0.14133942793002932 -0.9899611942457198 0
outer loop
vertex 3.1734814643859863 -70.99495697021484 5
vertex 4.274558067321777 -71.15216064453125 0
vertex 4.274558067321777 -71.15216064453125 5
endloop
endfacet
facet normal 0 0 -1
outer loop
vertex -14.403182983398438 -48.95836639404297 0
vertex -14.403182983398438 -49.88395309448242 0
vertex -14.437438011169434 -48.78615951538086 0
endloop
endfacet
facet normal 0 0 -1
outer loop
vertex -14.305635452270508 -49.73796081542969 0
vertex -14.305635452270508 -49.1043586730957 0
vertex -14.159645080566406 -49.64041519165039 0
endloop
endfacet
facet normal 0 0 -1
outer loop
vertex -14.403182983398438 -49.88395309448242 0
vertex -14.403182983398438 -48.95836639404297 0
vertex -14.305635452270508 -49.73796081542969 0
endloop
endfacet
facet normal 0 0 -1
outer loop
vertex -14.437438011169434 -50.05615997314453 0
vertex -14.437438011169434 -48.78615951538086 0
vertex -14.403182983398438 -49.88395309448242 0
endloop
endfacet
facet normal 0 0 -1
outer loop
vertex -13.537437438964844 -48.78615951538086 0
vertex -12.13743782043457 -44.60615921020508 0
vertex -12.13743782043457 -58.70616149902344 0
endloop
endfacet
facet normal 0 0 -1
outer loop
vertex -13.537437438964844 -50.05615997314453 0
vertex -13.537437438964844 -51.3261604309082 0
vertex -13.571691513061523 -50.22836685180664 0
endloop
endfacet
facet normal 0 0 -1
outer loop
vertex -13.571691513061523 -51.153953552246094 0
vertex -13.669239044189453 -50.374359130859375 0
vertex -13.571691513061523 -50.22836685180664 0
endloop
endfacet
facet normal 0 0 -1
outer loop
vertex -13.537437438964844 -51.3261604309082 0
vertex -13.571691513061523 -51.153953552246094 0
vertex -13.571691513061523 -50.22836685180664 0
endloop
endfacet
facet normal 0 0 -1
outer loop
vertex -13.537437438964844 -51.3261604309082 0
vertex -13.537437438964844 -52.596160888671875 0
vertex -13.571691513061523 -51.49836730957031 0
endloop
endfacet
facet normal 0 0 -1
outer loop
vertex -13.571691513061523 -51.49836730957031 0
vertex -13.571691513061523 -52.423954010009766 0
vertex -13.669239044189453 -51.64435958862305 0
endloop
endfacet
facet normal 0 0 -1
outer loop
vertex -13.669239044189453 -50.374359130859375 0
vertex -13.669239044189453 -51.00796127319336 0
vertex -13.815230369567871 -50.47190475463867 0
endloop
endfacet
facet normal 0 0 -1
outer loop
vertex -13.815230369567871 -50.47190475463867 0
vertex -13.815230369567871 -50.91041564941406 0
vertex -13.98743724822998 -50.506160736083984 0
endloop
endfacet
facet normal 0 0 -1
outer loop
vertex -13.98743724822998 -50.87615966796875 0
vertex -13.98743724822998 -50.506160736083984 0
vertex -13.815230369567871 -50.91041564941406 0
endloop
endfacet
facet normal 0 0 -1
outer loop
vertex -13.98743724822998 -50.87615966796875 0
vertex -14.159645080566406 -50.47190475463867 0
vertex -13.98743724822998 -50.506160736083984 0
endloop
endfacet
facet normal 0 0 -1
outer loop
vertex -14.159645080566406 -50.47190475463867 0
vertex -14.159645080566406 -50.91041564941406 0
vertex -14.305635452270508 -50.374359130859375 0
endloop
endfacet
facet normal 0 0 -1
outer loop
vertex -14.159645080566406 -50.91041564941406 0
vertex -14.159645080566406 -50.47190475463867 0
vertex -13.98743724822998 -50.87615966796875 0
endloop
endfacet
facet normal 0 0 -1
outer loop
vertex -14.305635452270508 -50.374359130859375 0
vertex -14.305635452270508 -51.00796127319336 0
vertex -14.403182983398438 -50.22836685180664 0
endloop
endfacet
facet normal 0 0 -1
outer loop
vertex -14.305635452270508 -51.00796127319336 0
vertex -14.305635452270508 -50.374359130859375 0
vertex -14.159645080566406 -50.91041564941406 0
endloop
endfacet
facet normal 0 0 -1
outer loop
vertex -14.403182983398438 -50.22836685180664 0
vertex -14.437438011169434 -51.3261604309082 0
vertex -14.437438011169434 -50.05615997314453 0
endloop
endfacet
facet normal 0 0 -1
outer loop
vertex -13.669239044189453 -51.00796127319336 0
vertex -13.669239044189453 -50.374359130859375 0
vertex -13.571691513061523 -51.153953552246094 0
endloop
endfacet
facet normal 0 0 -1
outer loop
vertex -13.815230369567871 -50.91041564941406 0
vertex -13.815230369567871 -50.47190475463867 0
vertex -13.669239044189453 -51.00796127319336 0
endloop
endfacet
facet normal 0 0 -1
outer loop
vertex -14.159645080566406 -51.741905212402344 0
vertex -14.159645080566406 -52.18041229248047 0
vertex -14.305635452270508 -51.64435958862305 0
endloop
endfacet
facet normal 0 0 -1
outer loop
vertex -14.403182983398438 -51.153953552246094 0
vertex -14.403182983398438 -50.22836685180664 0
vertex -14.305635452270508 -51.00796127319336 0
endloop
endfacet
facet normal 0 0 -1
outer loop
vertex -14.437438011169434 -51.3261604309082 0
vertex -14.403182983398438 -50.22836685180664 0
vertex -14.403182983398438 -51.153953552246094 0
endloop
endfacet
facet normal 0 0 1
outer loop
vertex -0.2600037157535553 -68.05045318603516 5
vertex 0.4875739514827728 -69.24551391601562 5
vertex 1.9625624418258667 -58.70616149902344 5
endloop
endfacet
facet normal 0 0 1
outer loop
vertex -0.2984164357185364 -67.99988555908203 5
vertex -0.2600037157535553 -68.05045318603516 5
vertex 1.9625624418258667 -58.70616149902344 5
endloop
endfacet
facet normal 0 0 1
outer loop
vertex -1.0657609701156616 -67.18487548828125 5
vertex -0.980964720249176 -67.2528305053711 5
vertex 1.9625624418258667 -58.70616149902344 5
endloop
endfacet
facet normal 0 0 1
outer loop
vertex -1.9631825685501099 -66.67028045654297 5
vertex -1.0657609701156616 -67.18487548828125 5
vertex 1.9625624418258667 -58.70616149902344 5
endloop
endfacet
facet normal 0 0 1
outer loop
vertex 1.9625624418258667 -58.70616149902344 5
vertex -0.980964720249176 -67.2528305053711 5
vertex -0.2984164357185364 -67.99988555908203 5
endloop
endfacet
facet normal 0 0 1
outer loop
vertex 1.2479091882705688 -70.02064514160156 5
vertex 2.1574482917785645 -70.613037109375 5
vertex 6.862562656402588 -42.23115921020508 5
endloop
endfacet
facet normal 0 0 1
outer loop
vertex 6.862562656402588 -42.23115921020508 5
vertex 2.1574482917785645 -70.613037109375 5
vertex 3.1734814643859863 -70.99495697021484 5
endloop
endfacet
facet normal 0 0 1
outer loop
vertex 0.4875739514827728 -69.24551391601562 5
vertex 1.2479091882705688 -70.02064514160156 5
vertex 6.862562656402588 -37.33116149902344 5
endloop
endfacet
facet normal 0 0 1
outer loop
vertex 1.9625624418258667 -58.70616149902344 5
vertex 0.4875739514827728 -69.24551391601562 5
vertex 6.862562656402588 -37.33116149902344 5
endloop
endfacet
facet normal 0 0 1
outer loop
vertex 6.862562656402588 -42.23115921020508 5
vertex 3.1734814643859863 -70.99495697021484 5
vertex 4.274558067321777 -71.15216064453125 5
endloop
endfacet
facet normal 0 0 1
outer loop
vertex 6.862562656402588 -42.23115921020508 5
vertex 4.274558067321777 -71.15216064453125 5
vertex 6.862562656402588 -56.33116149902344 5
endloop
endfacet
facet normal 0 0 -1
outer loop
vertex -14.305635452270508 -51.64435958862305 0
vertex -14.305635452270508 -52.27796173095703 0
vertex -14.403182983398438 -51.49836730957031 0
endloop
endfacet
facet normal 0 0 1
outer loop
vertex 6.862562656402588 -56.33116149902344 5
vertex 4.274558067321777 -71.15216064453125 5
vertex 20.962562561035156 -56.33116149902344 5
endloop
endfacet
facet normal 0 0 1
outer loop
vertex 20.962562561035156 -56.33116149902344 5
vertex 4.274558067321777 -71.15216064453125 5
vertex 25.86256217956543 -53.95616149902344 5
endloop
endfacet
facet normal 0 0 -1
outer loop
vertex -14.403182983398438 -51.49836730957031 0
vertex -14.403182983398438 -52.423954010009766 0
vertex -14.437438011169434 -51.3261604309082 0
endloop
endfacet
facet normal 0 0 -1
outer loop
vertex -13.571691513061523 -48.95836639404297 0
vertex -13.537437438964844 -48.78615951538086 0
vertex -12.13743782043457 -58.70616149902344 0
endloop
endfacet
facet normal 0 0 1
outer loop
vertex 6.862562656402588 -37.33116149902344 5
vertex 1.2479091882705688 -70.02064514160156 5
vertex 6.862562656402588 -42.23115921020508 5
endloop
endfacet
facet normal 0 0 1
outer loop
vertex 1.9625624418258667 -58.70616149902344 5
vertex 6.862562656402588 -37.33116149902344 5
vertex 6.862562656402588 -23.231159210205078 5
endloop
endfacet
facet normal 0 0 -1
outer loop
vertex -13.537437438964844 -52.596160888671875 0
vertex -13.571691513061523 -52.423954010009766 0
vertex -13.571691513061523 -51.49836730957031 0
endloop
endfacet
facet normal 0 0 -1
outer loop
vertex -13.537437438964844 -50.05615997314453 0
vertex -13.571691513061523 -48.95836639404297 0
vertex -12.13743782043457 -58.70616149902344 0
endloop
endfacet
facet normal 0 0 1
outer loop
vertex 6.862562656402588 -37.33116149902344 5
vertex 6.862562656402588 -42.23115921020508 5
vertex 20.962562561035156 -42.23115921020508 5
endloop
endfacet
facet normal 0 0 1
outer loop
vertex 20.962562561035156 -37.33116149902344 5
vertex 6.862562656402588 -37.33116149902344 5
vertex 20.962562561035156 -42.23115921020508 5
endloop
endfacet
facet normal 0 0 1
outer loop
vertex 25.86256217956543 -53.95616149902344 5
vertex 4.274558067321777 -71.15216064453125 5
vertex 61.52496337890625 -71.15328979492188 5
endloop
endfacet
facet normal 0 0 -1
outer loop
vertex -13.537437438964844 -51.3261604309082 0
vertex -13.537437438964844 -50.05615997314453 0
vertex -12.13743782043457 -58.70616149902344 0
endloop
endfacet
facet normal 0 0 -1
outer loop
vertex -13.571691513061523 -53.69395065307617 0
vertex -13.669239044189453 -52.91435623168945 0
vertex -13.537437438964844 -53.86616134643555 0
endloop
endfacet
facet normal 0 0 1
outer loop
vertex 20.962562561035156 -42.23115921020508 5
vertex 20.962562561035156 -56.33116149902344 5
vertex 25.86256217956543 -53.95616149902344 5
endloop
endfacet
facet normal 0 0 1
outer loop
vertex 20.962562561035156 -37.33116149902344 5
vertex 20.962562561035156 -42.23115921020508 5
vertex 25.86256217956543 -39.85615921020508 5
endloop
endfacet
facet normal 0 0 1
outer loop
vertex 20.962562561035156 -42.23115921020508 5
vertex 25.86256217956543 -53.95616149902344 5
vertex 25.86256217956543 -39.85615921020508 5
endloop
endfacet
facet normal 0 0 1
outer loop
vertex 25.86256217956543 -39.85615921020508 5
vertex 25.86256217956543 -34.95616149902344 5
vertex 20.962562561035156 -37.33116149902344 5
endloop
endfacet
facet normal 0 0 -1
outer loop
vertex -13.669239044189453 -51.64435958862305 0
vertex -13.669239044189453 -52.27796173095703 0
vertex -13.815230369567871 -51.741905212402344 0
endloop
endfacet
facet normal 0 0 -1
outer loop
vertex -13.669239044189453 -52.27796173095703 0
vertex -13.669239044189453 -51.64435958862305 0
vertex -13.571691513061523 -52.423954010009766 0
endloop
endfacet
facet normal 0 0 1
outer loop
vertex 25.86256217956543 -39.85615921020508 5
vertex 39.962562561035156 -39.85615921020508 5
vertex 39.962562561035156 -34.95616149902344 5
endloop
endfacet
facet normal 0 0 -1
outer loop
vertex -13.815230369567871 -52.18041229248047 0
vertex -13.815230369567871 -51.741905212402344 0
vertex -13.669239044189453 -52.27796173095703 0
endloop
endfacet
facet normal 0 0 -1
outer loop
vertex -13.815230369567871 -52.18041229248047 0
vertex -13.98743724822998 -51.776161193847656 0
vertex -13.815230369567871 -51.741905212402344 0
endloop
endfacet
facet normal 0 0 -1
outer loop
vertex -13.98743724822998 -52.14616012573242 0
vertex -13.98743724822998 -51.776161193847656 0
vertex -13.815230369567871 -52.18041229248047 0
endloop
endfacet
facet normal 0 0 -1
outer loop
vertex -13.98743724822998 -52.14616012573242 0
vertex -14.159645080566406 -51.741905212402344 0
vertex -13.98743724822998 -51.776161193847656 0
endloop
endfacet
facet normal 0 0 -1
outer loop
vertex -14.159645080566406 -52.18041229248047 0
vertex -14.159645080566406 -51.741905212402344 0
vertex -13.98743724822998 -52.14616012573242 0
endloop
endfacet
facet normal 0 0 -1
outer loop
vertex -14.305635452270508 -52.27796173095703 0
vertex -14.305635452270508 -51.64435958862305 0
vertex -14.159645080566406 -52.18041229248047 0
endloop
endfacet
facet normal 0 0 -1
outer loop
vertex -14.403182983398438 -52.423954010009766 0
vertex -14.403182983398438 -51.49836730957031 0
vertex -14.305635452270508 -52.27796173095703 0
endloop
endfacet
facet normal 0 0 -1
outer loop
vertex -14.437438011169434 -52.596160888671875 0
vertex -14.437438011169434 -51.3261604309082 0
vertex -14.403182983398438 -52.423954010009766 0
endloop
endfacet
facet normal 0 0 -1
outer loop
vertex -13.669239044189453 -52.91435623168945 0
vertex -13.669239044189453 -53.5479621887207 0
vertex -13.815230369567871 -53.011905670166016 0
endloop
endfacet
facet normal 0 0 -1
outer loop
vertex -13.669239044189453 -53.5479621887207 0
vertex -13.815230369567871 -53.45041275024414 0
vertex -13.815230369567871 -53.011905670166016 0
endloop
endfacet
facet normal 0 0 -1
outer loop
vertex -13.669239044189453 -52.91435623168945 0
vertex -13.571691513061523 -53.69395065307617 0
vertex -13.669239044189453 -53.5479621887207 0
endloop
endfacet
facet normal 0 0 -1
outer loop
vertex -13.98743724822998 -53.416160583496094 0
vertex -13.815230369567871 -53.011905670166016 0
vertex -13.815230369567871 -53.45041275024414 0
endloop
endfacet
facet normal 0 0 -1
outer loop
vertex -14.305635452270508 -53.5479621887207 0
vertex -13.98743724822998 -53.04615783691406 0
vertex -13.815230369567871 -53.011905670166016 0
endloop
endfacet
facet normal 0 0 -1
outer loop
vertex -14.159645080566406 -53.45041275024414 0
vertex -13.815230369567871 -53.011905670166016 0
vertex -13.98743724822998 -53.416160583496094 0
endloop
endfacet
facet normal 0 0 -1
outer loop
vertex -14.305635452270508 -53.5479621887207 0
vertex -13.815230369567871 -53.011905670166016 0
vertex -14.159645080566406 -53.45041275024414 0
endloop
endfacet
facet normal 0 0 -1
outer loop
vertex -14.437438011169434 -48.78615951538086 0
vertex -17.037437438964844 -42.23115921020508 0
vertex -14.437438011169434 -47.51615905761719 0
endloop
endfacet
facet normal 0 0 -1
outer loop
vertex -14.437438011169434 -48.78615951538086 0
vertex -17.037437438964844 -56.33116149902344 0
vertex -17.037437438964844 -42.23115921020508 0
endloop
endfacet
facet normal 0 0 -1
outer loop
vertex -14.437438011169434 -50.05615997314453 0
vertex -17.037437438964844 -56.33116149902344 0
vertex -14.437438011169434 -48.78615951538086 0
endloop
endfacet
facet normal 0 0 -1
outer loop
vertex -14.437438011169434 -51.3261604309082 0
vertex -17.037437438964844 -56.33116149902344 0
vertex -14.437438011169434 -50.05615997314453 0
endloop
endfacet
facet normal 0 0 -1
outer loop
vertex -14.437438011169434 -52.596160888671875 0
vertex -17.037437438964844 -56.33116149902344 0
vertex -14.437438011169434 -51.3261604309082 0
endloop
endfacet
facet normal 0 0 -1
outer loop
vertex -14.305635452270508 -52.91435623168945 0
vertex -17.037437438964844 -56.33116149902344 0
vertex -14.403182983398438 -52.768367767333984 0
endloop
endfacet
facet normal 0 0 -1
outer loop
vertex -17.037437438964844 -56.33116149902344 0
vertex -14.437438011169434 -52.596160888671875 0
vertex -14.403182983398438 -52.768367767333984 0
endloop
endfacet
facet normal 0 0 -1
outer loop
vertex 1.9625624418258667 -58.70616149902344 0
vertex -2.587437629699707 -59.406158447265625 0
vertex -2.587437629699707 -58.70616149902344 0
endloop
endfacet
facet normal 0 0 -1
outer loop
vertex 1.9625624418258667 -58.70616149902344 0
vertex -2.0646603107452393 -66.63142395019531 0
vertex -2.587437629699707 -59.406158447265625 0
endloop
endfacet
facet normal 0 0 -1
outer loop
vertex -2.587437629699707 -59.406158447265625 0
vertex -3.1325089931488037 -66.41085052490234 0
vertex -7.587437629699707 -59.406158447265625 0
endloop
endfacet
facet normal 0 0 -1
outer loop
vertex -3.1325089931488037 -66.41085052490234 0
vertex -12.13743782043457 -58.70616149902344 0
vertex -7.587437629699707 -59.406158447265625 0
endloop
endfacet
facet normal 0 0 -1
outer loop
vertex -12.13743782043457 -58.70616149902344 0
vertex -7.587437629699707 -58.70616149902344 0
vertex -7.587437629699707 -59.406158447265625 0
endloop
endfacet
facet normal 0 0 -1
outer loop
vertex -3.1325089931488037 -66.41085052490234 0
vertex -11.848531723022461 -60.94997024536133 0
vertex -12.13743782043457 -58.70616149902344 0
endloop
endfacet
facet normal 0 0 -1
outer loop
vertex -2.0646603107452393 -66.63142395019531 0
vertex 1.9625624418258667 -58.70616149902344 0
vertex -1.9631825685501099 -66.67028045654297 0
endloop
endfacet
facet normal 0 0 -1
outer loop
vertex -3.059178590774536 -66.41861724853516 0
vertex -2.587437629699707 -59.406158447265625 0
vertex -2.0646603107452393 -66.63142395019531 0
endloop
endfacet
facet normal 0 0 -1
outer loop
vertex -3.1325089931488037 -66.41085052490234 0
vertex -2.587437629699707 -59.406158447265625 0
vertex -3.059178590774536 -66.41861724853516 0
endloop
endfacet
facet normal 0 0 -1
outer loop
vertex -3.1325089931488037 -66.41085052490234 0
vertex -11.53124713897705 -61.26725387573242 0
vertex -11.674264907836914 -61.092987060546875 0
endloop
endfacet
facet normal 0 0 -1
outer loop
vertex -3.1325089931488037 -66.41085052490234 0
vertex -11.424976348876953 -61.46607208251953 0
vertex -11.53124713897705 -61.26725387573242 0
endloop
endfacet
facet normal 0 0 1
outer loop
vertex 1.9625624418258667 -44.60615921020508 5
vertex 1.9625624418258667 -58.70616149902344 5
vertex 6.862562656402588 -4.231159687042236 5
endloop
endfacet
facet normal 0 0 1
outer loop
vertex 1.9625624418258667 -39.70616149902344 5
vertex 1.9625624418258667 -44.60615921020508 5
vertex 6.862562656402588 -4.231159687042236 5
endloop
endfacet
facet normal 0 0 1
outer loop
vertex 6.862562656402588 -23.231159210205078 5
vertex 6.862562656402588 -18.331159591674805 5
vertex 1.9625624418258667 -58.70616149902344 5
endloop
endfacet
facet normal 0 0 1
outer loop
vertex 6.862562656402588 -4.231159687042236 5
vertex 1.9625624418258667 -58.70616149902344 5
vertex 6.862562656402588 -18.331159591674805 5
endloop
endfacet
facet normal 0 0 -1
outer loop
vertex -3.1325089931488037 -66.41085052490234 0
vertex -11.35953426361084 -61.68180465698242 0
vertex -11.424976348876953 -61.46607208251953 0
endloop
endfacet
facet normal 0 0 1
outer loop
vertex 6.862562656402588 -18.331159591674805 5
vertex 6.862562656402588 -23.231159210205078 5
vertex 20.962562561035156 -23.231159210205078 5
endloop
endfacet
facet normal 0 0 1
outer loop
vertex 6.862562656402588 -18.331159591674805 5
vertex 20.962562561035156 -23.231159210205078 5
vertex 20.962562561035156 -18.331159591674805 5
endloop
endfacet
facet normal 0 0 -1
outer loop
vertex -3.1325089931488037 -66.41085052490234 0
vertex -11.337437629699707 -61.906158447265625 0
vertex -11.35953426361084 -61.68180465698242 0
endloop
endfacet
facet normal 0 0 -1
outer loop
vertex -3.1325089931488037 -66.41085052490234 0
vertex -11.35953426361084 -62.13051223754883 0
vertex -11.337437629699707 -61.906158447265625 0
endloop
endfacet
facet normal 0 0 1
outer loop
vertex 1.9625624418258667 -39.70616149902344 5
vertex 3.8234915733337402 18.328603744506836 5
vertex 1.9625624418258667 -25.606159210205078 5
endloop
endfacet
facet normal 0 0 1
outer loop
vertex 6.862562656402588 -4.231159687042236 5
vertex 6.862562656402588 0.6688402891159058 5
vertex 1.9625624418258667 -39.70616149902344 5
endloop
endfacet
facet normal 0 0 1
outer loop
vertex 1.9625624418258667 -25.606159210205078 5
vertex 3.8234915733337402 18.328603744506836 5
vertex 1.9625624418258667 -20.706159591674805 5
endloop
endfacet
facet normal 0 0 1
outer loop
vertex 1.9625624418258667 -20.706159591674805 5
vertex 3.8234915733337402 18.328603744506836 5
vertex 1.9625624418258667 -6.606159687042236 5
endloop
endfacet
facet normal 0 0 1
outer loop
vertex 6.862562656402588 0.6688402891159058 5
vertex 6.862562656402588 14.768839836120605 5
vertex 1.9625624418258667 -39.70616149902344 5
endloop
endfacet
facet normal 0 0 -1
outer loop
vertex -3.1325089931488037 -66.41085052490234 0
vertex -11.424976348876953 -62.34624481201172 0
vertex -11.35953426361084 -62.13051223754883 0
endloop
endfacet
facet normal 0 0 -1
outer loop
vertex -3.1325089931488037 -66.41085052490234 0
vertex -11.53124713897705 -62.545066833496094 0
vertex -11.424976348876953 -62.34624481201172 0
endloop
endfacet
facet normal 0 0 1
outer loop
vertex 6.862562656402588 0.6688402891159058 5
vertex 6.862562656402588 -4.231159687042236 5
vertex 20.962562561035156 -4.231159687042236 5
endloop
endfacet
facet normal 0 0 -1
outer loop
vertex -3.1325089931488037 -66.41085052490234 0
vertex -11.674264907836914 -62.71933364868164 0
vertex -11.53124713897705 -62.545066833496094 0
endloop
endfacet
facet normal 0 0 -1
outer loop
vertex -11.848531723022461 -60.94997024536133 0
vertex -3.1325089931488037 -66.41085052490234 0
vertex -11.674264907836914 -61.092987060546875 0
endloop
endfacet
facet normal 0 0 1
outer loop
vertex 20.962562561035156 -23.231159210205078 5
vertex 20.962562561035156 -37.33116149902344 5
vertex 25.86256217956543 -34.95616149902344 5
endloop
endfacet
facet normal 0 0 1
outer loop
vertex 20.962562561035156 -18.331159591674805 5
vertex 20.962562561035156 -23.231159210205078 5
vertex 25.86256217956543 -20.856159210205078 5
endloop
endfacet
facet normal 0 0 1
outer loop
vertex 20.962562561035156 -23.231159210205078 5
vertex 25.86256217956543 -34.95616149902344 5
vertex 25.86256217956543 -20.856159210205078 5
endloop
endfacet
facet normal 0 0 -1
outer loop
vertex -3.1325089931488037 -66.41085052490234 0
vertex -11.848531723022461 -62.86235046386719 0
vertex -11.674264907836914 -62.71933364868164 0
endloop
endfacet
facet normal 0 0 1
outer loop
vertex 25.86256217956543 -34.95616149902344 5
vertex 25.86256217956543 -39.85615921020508 5
vertex 39.962562561035156 -34.95616149902344 5
endloop
endfacet
facet normal 0 0 -1
outer loop
vertex -3.1325089931488037 -66.41085052490234 0
vertex -12.047351837158203 -62.96862030029297 0
vertex -11.848531723022461 -62.86235046386719 0
endloop
endfacet
facet normal 0 0 -1
outer loop
vertex -3.1325089931488037 -66.41085052490234 0
vertex -12.263083457946777 -63.034061431884766 0
vertex -12.047351837158203 -62.96862030029297 0
endloop
endfacet
facet normal 0 0 1
outer loop
vertex 20.962562561035156 -4.231159687042236 5
vertex 20.962562561035156 -18.331159591674805 5
vertex 25.86256217956543 -15.956159591674805 5
endloop
endfacet
facet normal 0 0 1
outer loop
vertex 20.962562561035156 -18.331159591674805 5
vertex 25.86256217956543 -20.856159210205078 5
vertex 25.86256217956543 -15.956159591674805 5
endloop
endfacet
facet normal 0 0 1
outer loop
vertex 20.962562561035156 -4.231159687042236 5
vertex 25.86256217956543 -15.956159591674805 5
vertex 25.86256217956543 -1.8561596870422363 5
endloop
endfacet
facet normal 0 0 -1
outer loop
vertex -3.1325089931488037 -66.41085052490234 0
vertex -12.48743724822998 -63.05615997314453 0
vertex -12.263083457946777 -63.034061431884766 0
endloop
endfacet
facet normal 0 0 1
outer loop
vertex 25.86256217956543 -15.956159591674805 5
vertex 25.86256217956543 -20.856159210205078 5
vertex 39.962562561035156 -15.956159591674805 5
endloop
endfacet
facet normal 0 0 1
outer loop
vertex 39.962562561035156 -15.956159591674805 5
vertex 25.86256217956543 -20.856159210205078 5
vertex 39.962562561035156 -20.856159210205078 5
endloop
endfacet
facet normal -0.000019723011291535802 -0.9999999998055014 0
outer loop
vertex 4.274558067321777 -71.15216064453125 5
vertex 61.52496337890625 -71.15328979492188 0
vertex 61.52496337890625 -71.15328979492188 5
endloop
endfacet
facet normal 0 0 -1
outer loop
vertex -3.1325089931488037 -66.41085052490234 0
vertex -12.711791038513184 -63.034061431884766 0
vertex -12.48743724822998 -63.05615997314453 0
endloop
endfacet
facet normal 0 0 -1
outer loop
vertex -13.537437438964844 -52.596160888671875 0
vertex -13.537437438964844 -51.3261604309082 0
vertex -12.13743782043457 -58.70616149902344 0
endloop
endfacet
facet normal 0 0 -1
outer loop
vertex -13.537437438964844 -53.86616134643555 0
vertex -13.571691513061523 -54.963951110839844 0
vertex -13.571691513061523 -54.038368225097656 0
endloop
endfacet
facet normal 0 0 -1
outer loop
vertex -13.571691513061523 -54.963951110839844 0
vertex -13.669239044189453 -54.184356689453125 0
vertex -13.571691513061523 -54.038368225097656 0
endloop
endfacet
facet normal 0 0 -1
outer loop
vertex -13.571691513061523 -52.768367767333984 0
vertex -12.13743782043457 -58.70616149902344 0
vertex -13.669239044189453 -52.91435623168945 0
endloop
endfacet
facet normal 0 0 -1
outer loop
vertex -13.571691513061523 -52.768367767333984 0
vertex -13.537437438964844 -52.596160888671875 0
vertex -12.13743782043457 -58.70616149902344 0
endloop
endfacet
facet normal 0 0 -1
outer loop
vertex -13.537437438964844 -53.86616134643555 0
vertex -13.537437438964844 -55.13615798950195 0
vertex -13.571691513061523 -54.963951110839844 0
endloop
endfacet
facet normal 0.9899555735542429 -0.14137879044923923 0
outer loop
vertex 66.4085693359375 -66.29413604736328 0.20000000298023224
vertex 66.4085693359375 -66.29413604736328 4.5
vertex 66.40147399902344 -66.34381866455078 4.5
endloop
endfacet
facet normal 0.9999999948332765 -0.00010165356412645125 0
outer loop
vertex 66.4085693359375 -66.29413604736328 4.5
vertex 66.40861511230469 -65.84381866455078 0.20000000298023224
vertex 66.40861511230469 -65.84381866455078 4.5
endloop
endfacet
facet normal -0.00009809264257983924 -0.9999999951889168 0
outer loop
vertex 66.40861511230469 -65.84381866455078 4.5
vertex 67.10861206054688 -65.84388732910156 0.20000000298023224
vertex 67.10861206054688 -65.84388732910156 4.5
endloop
endfacet
facet normal 0.999999994450282 -0.00010534837331929987 -0.0000010753195351797926
outer loop
vertex 67.10861206054688 -65.84388732910156 4.5
vertex 67.11042785644531 -48.56388854980469 0.20000000298023224
vertex 67.10989379882812 -53.677223205566406 4.5
endloop
endfacet
facet normal 0.1293898556605358 -0.9915938005313193 0
outer loop
vertex 61.52496337890625 -71.15328979492188 5
vertex 62.55576705932617 -71.01878356933594 0
vertex 62.55576705932617 -71.01878356933594 5
endloop
endfacet
facet normal 0.33375199132441946 -0.9426609190408737 0
outer loop
vertex 62.55576705932617 -71.01878356933594 5
vertex 63.58137893676758 -70.6556625366211 0
vertex 63.58137893676758 -70.6556625366211 5
endloop
endfacet
facet normal 0.5295088877193354 -0.8483043898426039 0
outer loop
vertex 63.58137893676758 -70.6556625366211 5
vertex 64.50216674804688 -70.0809097290039 0
vertex 64.50216674804688 -70.0809097290039 5
endloop
endfacet
facet normal 0.70026302481933 -0.7138849319539408 0
outer loop
vertex 64.50216674804688 -70.0809097290039 5
vertex 65.27704620361328 -69.32081604003906 0
vertex 65.27704620361328 -69.32081604003906 5
endloop
endfacet
facet normal 0.8379435160115017 -0.5457569642013578 0
outer loop
vertex 65.27704620361328 -69.32081604003906 5
vertex 65.86943817138672 -68.41127014160156 0
vertex 65.86943817138672 -68.41127014160156 5
endloop
endfacet
facet normal 0.9360536090644548 -0.3518574156635169 0
outer loop
vertex 65.86943817138672 -68.41127014160156 5
vertex 66.25135803222656 -67.3952407836914 0
vertex 66.25135803222656 -67.3952407836914 5
endloop
endfacet
facet normal 0.9899610137453766 -0.14134069217328912 4.4916791856812925e-7
outer loop
vertex 66.25135803222656 -67.3952407836914 5
vertex 66.4085693359375 -66.29413604736328 0.20000000298023224
vertex 66.40147399902344 -66.34381866455078 4.5
endloop
endfacet
facet normal 0 0 -1
outer loop
vertex -12.13743782043457 -58.70616149902344 0
vertex -13.537437438964844 -53.86616134643555 0
vertex -13.669239044189453 -52.91435623168945 0
endloop
endfacet
facet normal 0.00010899182496571019 0.999999994060391 0
outer loop
vertex 67.11050415039062 -47.84389114379883 4.5
vertex 66.41050720214844 -47.843814849853516 0.20000000298023224
vertex 66.41050720214844 -47.843814849853516 4.5
endloop
endfacet
facet normal 0.9999999942951086 -0.00010681152282815186 -0.0000010399272353358236
outer loop
vertex 66.41050720214844 -47.843814849853516 4.5
vertex 66.41075134277344 -45.5162353515625 0.20000000298023224
vertex 66.41056060791016 -47.343814849853516 4.5
endloop
endfacet
facet normal 0.9999999946496732 -0.00010344322204773972 3.916628861183969e-7
outer loop
vertex 66.41056060791016 -47.343814849853516 4.5
vertex 66.41075134277344 -45.5162353515625 0.20000000298023224
vertex 66.41069793701172 -46.0162353515625 4.5
endloop
endfacet
facet normal 0.9999999942956493 -0.00010681152282820962 0
outer loop
vertex 66.41069793701172 -46.0162353515625 4.5
vertex 66.41075134277344 -45.5162353515625 0.20000000298023224
vertex 66.41075134277344 -45.5162353515625 4.5
endloop
endfacet
facet normal 0.9999999945260769 -0.0001046317186637302 -2.2311136551561068e-7
outer loop
vertex 67.10989379882812 -53.677223205566406 4.5
vertex 67.11042785644531 -48.56388854980469 0.20000000298023224
vertex 67.11050415039062 -47.84389114379883 4.5
endloop
endfacet
facet normal -0.00010899182496571019 -0.999999994060391 0
outer loop
vertex 66.41075134277344 -45.5162353515625 4.5
vertex 67.11074829101562 -45.51631164550781 0.20000000298023224
vertex 67.11074829101562 -45.51631164550781 4.5
endloop
endfacet
facet normal 0 0 -1
outer loop
vertex -12.13743782043457 -58.70616149902344 0
vertex -13.537437438964844 -55.13615798950195 0
vertex -13.537437438964844 -53.86616134643555 0
endloop
endfacet
facet normal 0 0 1
outer loop
vertex 39.962562561035156 -53.95616149902344 5
vertex 25.86256217956543 -53.95616149902344 5
vertex 61.52496337890625 -71.15328979492188 5
endloop
endfacet
facet normal 0 0 1
outer loop
vertex 61.52496337890625 -71.15328979492188 5
vertex 62.55576705932617 -71.01878356933594 5
vertex 44.86256408691406 -46.83116149902344 5
endloop
endfacet
facet normal 0 0 1
outer loop
vertex 62.55576705932617 -71.01878356933594 5
vertex 63.58137893676758 -70.6556625366211 5
vertex 44.86256408691406 -46.83116149902344 5
endloop
endfacet
facet normal 0 0 1
outer loop
vertex 61.52496337890625 -71.15328979492188 5
vertex 44.86256408691406 -46.83116149902344 5
vertex 39.962562561035156 -53.95616149902344 5
endloop
endfacet
facet normal 0 0 -1
outer loop
vertex -13.571691513061523 -55.30836868286133 0
vertex -13.571691513061523 -56.233951568603516 0
vertex -13.669239044189453 -55.4543571472168 0
endloop
endfacet
facet normal 0 0 1
outer loop
vertex 39.962562561035156 -39.85615921020508 5
vertex 39.962562561035156 -53.95616149902344 5
vertex 44.86256408691406 -46.83116149902344 5
endloop
endfacet
facet normal 0 0 1
outer loop
vertex 39.962562561035156 -39.85615921020508 5
vertex 44.86256408691406 -46.83116149902344 5
vertex 44.86256408691406 -32.73115921020508 5
endloop
endfacet
facet normal 0 0 -1
outer loop
vertex -13.669239044189453 -54.184356689453125 0
vertex -13.669239044189453 -54.817962646484375 0
vertex -13.815230369567871 -54.28190612792969 0
endloop
endfacet
facet normal 0 0 1
outer loop
vertex 58.962562561035156 -46.83116149902344 5
vertex 44.86256408691406 -46.83116149902344 5
vertex 65.10856628417969 -66.34368133544922 5
endloop
endfacet
facet normal 0 0 -1
outer loop
vertex 64.2148666381836 43.23836135864258 0
vertex 68.15528106689453 45.513362884521484 0
vertex 64.56486511230469 42.632144927978516 0
endloop
endfacet
facet normal 0 0 -1
outer loop
vertex 67.28327178955078 36.153499603271484 0
vertex 64.56486511230469 42.632144927978516 0
vertex 68.04011535644531 36.83103942871094 0
endloop
endfacet
facet normal 0 0 -1
outer loop
vertex 67.21446990966797 36.06939697265625 0
vertex 64.56486511230469 42.632144927978516 0
vertex 67.28327178955078 36.153499603271484 0
endloop
endfacet
facet normal 0 0 1
outer loop
vertex 65.86943817138672 -68.41127014160156 5
vertex 66.25135803222656 -67.3952407836914 5
vertex 65.10856628417969 -66.34368133544922 5
endloop
endfacet
facet normal 0 0 -1
outer loop
vertex 66.6907958984375 35.177242279052734 0
vertex 64.56486511230469 42.632144927978516 0
vertex 67.21446990966797 36.06939697265625 0
endloop
endfacet
facet normal 0.9899609838581381 -0.14134090150634723 0
outer loop
vertex 66.25135803222656 -67.3952407836914 5
vertex 66.40147399902344 -66.34381866455078 4.5
vertex 66.40147399902344 -66.34381866455078 5
endloop
endfacet
facet normal 0 0 1
outer loop
vertex 65.10856628417969 -66.34368133544922 5
vertex 66.25135803222656 -67.3952407836914 5
vertex 66.40147399902344 -66.34381866455078 5
endloop
endfacet
facet normal 0 0 -1
outer loop
vertex 66.65090942382812 35.07616424560547 0
vertex 64.56486511230469 42.632144927978516 0
vertex 66.6907958984375 35.177242279052734 0
endloop
endfacet
facet normal 0 0 -1
outer loop
vertex 66.65090942382812 35.07616424560547 0
vertex 60.2347412109375 40.132144927978516 0
vertex 64.56486511230469 42.632144927978516 0
endloop
endfacet
facet normal 0 0 1
outer loop
vertex 44.86256408691406 -46.83116149902344 5
vertex 63.58137893676758 -70.6556625366211 5
vertex 64.50216674804688 -70.0809097290039 5
endloop
endfacet
facet normal 0 0 1
outer loop
vertex 64.50216674804688 -70.0809097290039 5
vertex 65.27704620361328 -69.32081604003906 5
vertex 44.86256408691406 -46.83116149902344 5
endloop
endfacet
facet normal 0 0 1
outer loop
vertex 44.86256408691406 -46.83116149902344 5
vertex 65.27704620361328 -69.32081604003906 5
vertex 65.86943817138672 -68.41127014160156 5
endloop
endfacet
facet normal 0 0 1
outer loop
vertex 65.10856628417969 -66.34368133544922 5
vertex 44.86256408691406 -46.83116149902344 5
vertex 65.86943817138672 -68.41127014160156 5
endloop
endfacet
facet normal 0 0 -1
outer loop
vertex 68.0978012084961 36.87295150756836 0
vertex 64.56486511230469 42.632144927978516 0
vertex 68.15528106689453 45.513362884521484 0
endloop
endfacet
facet normal 0 0 -1
outer loop
vertex 68.0978012084961 36.87295150756836 0
vertex 68.15528106689453 45.513362884521484 0
vertex 74.32450103759766 40.49309158325195 0
endloop
endfacet
facet normal 0 0 -1
outer loop
vertex 74.32450103759766 40.49309158325195 0
vertex 68.15528106689453 45.513362884521484 0
vertex 74.70063781738281 46.45333480834961 0
endloop
endfacet
facet normal 1 0 0
outer loop
vertex 66.41909790039062 33.96649932861328 0.20000000298023224
vertex 66.41909790039062 33.96649932861328 0
vertex 66.41909790039062 34.005184173583984 0
endloop
endfacet
facet normal 0 0 -1
outer loop
vertex 74.32450103759766 40.49309158325195 0
vertex 74.70063781738281 46.45333480834961 0
vertex 74.94650268554688 40.999168395996094 0
endloop
endfacet
facet normal 0 0 -1
outer loop
vertex -69.13743591308594 -32.58116149902344 0
vertex -75.28287506103516 -22.951772689819336 0
vertex -69.13743591308594 -18.481159210205078 0
endloop
endfacet
facet normal -0.4994768652354246 0.86632722518376 0
outer loop
vertex 67.19300079345703 63.4793586730957 0.20000000298023224
vertex 66.57164764404297 63.12112045288086 0.20000000298023224
vertex 67.19300079345703 63.4793586730957 4.5
endloop
endfacet
facet normal 0 0 -1
outer loop
vertex 65.11909484863281 33.966636657714844 0
vertex 66.41909790039062 34.005184173583984 0
vertex 66.41909790039062 33.96649932861328 0
endloop
endfacet
facet normal 0.99999999464975 -0.00010344322204774767 0
outer loop
vertex 66.41056060791016 -47.343814849853516 5
vertex 66.41056060791016 -47.343814849853516 4.5
vertex 66.41069793701172 -46.0162353515625 4.5
endloop
endfacet
facet normal 0 0 1
outer loop
vertex 58.962562561035156 -46.83116149902344 5
vertex 65.10856628417969 -66.34368133544922 5
vertex 65.11055755615234 -47.34368133544922 5
endloop
endfacet
facet normal 0 0 -1
outer loop
vertex 66.4276351928711 34.08208465576172 0
vertex 55.9443244934082 38.46335983276367 0
vertex 66.65090942382812 35.07616424560547 0
endloop
endfacet
facet normal 0.8663254450423372 0.4994799528231301 0
outer loop
vertex 67.55262756347656 62.8556022644043 0.20000000298023224
vertex 67.19300079345703 63.4793586730957 0.20000000298023224
vertex 67.19300079345703 63.4793586730957 4.5
endloop
endfacet
facet normal 0.99999999464975 -0.00010344322204774767 0
outer loop
vertex 66.41056060791016 -47.343814849853516 5
vertex 66.41069793701172 -46.0162353515625 4.5
vertex 66.41069793701172 -46.0162353515625 5
endloop
endfacet
facet normal 0 0 1
outer loop
vertex 58.962562561035156 -46.83116149902344 5
vertex 65.11055755615234 -47.34368133544922 5
vertex 65.1106948852539 -46.0161018371582 5
endloop
endfacet
facet normal 0 0 1
outer loop
vertex 65.1106948852539 -46.0161018371582 5
vertex 65.11055755615234 -47.34368133544922 5
vertex 66.41056060791016 -47.343814849853516 5
endloop
endfacet
facet normal 0 0 1
outer loop
vertex 66.41069793701172 -46.0162353515625 5
vertex 65.1106948852539 -46.0161018371582 5
vertex 66.41056060791016 -47.343814849853516 5
endloop
endfacet
facet normal 0.8663282556939184 0.4994750778430619 0
outer loop
vertex 76.18355560302734 47.88545227050781 0.20000000298023224
vertex 67.55262756347656 62.8556022644043 0.20000000298023224
vertex 76.18355560302734 47.88545227050781 4.5
endloop
endfacet
facet normal 0.7756870969116939 0.6311176813279027 0
outer loop
vertex 66.12494659423828 63.8942756652832 0
vertex 65.61947631835938 64.51553344726562 0
vertex 66.12494659423828 63.8942756652832 5
endloop
endfacet
facet normal 0 0 1
outer loop
vertex 58.962562561035156 -46.83116149902344 5
vertex 65.1106948852539 -46.0161018371582 5
vertex 65.1126937866211 -27.01609992980957 5
endloop
endfacet
facet normal 0 0 -1
outer loop
vertex 66.41909790039062 34.005184173583984 0
vertex 55.9443244934082 38.46335983276367 0
vertex 66.4276351928711 34.08208465576172 0
endloop
endfacet
facet normal 0.6023799966839816 0.798209458472528 0
outer loop
vertex 65.61947631835938 64.51553344726562 0
vertex 64.34356689453125 65.4784164428711 0
vertex 65.61947631835938 64.51553344726562 5
endloop
endfacet
facet normal 0 0 -1
outer loop
vertex -13.815230369567871 -54.28190612792969 0
vertex -13.815230369567871 -54.72041320800781 0
vertex -13.98743724822998 -54.316158294677734 0
endloop
endfacet
facet normal 0 0 -1
outer loop
vertex -13.669239044189453 -54.817962646484375 0
vertex -13.669239044189453 -54.184356689453125 0
vertex -13.571691513061523 -54.963951110839844 0
endloop
endfacet
facet normal 0 0 -1
outer loop
vertex -13.669239044189453 -54.817962646484375 0
vertex -13.815230369567871 -54.72041320800781 0
vertex -13.815230369567871 -54.28190612792969 0
endloop
endfacet
facet normal 0 0 -1
outer loop
vertex -13.98743724822998 -54.686161041259766 0
vertex -13.98743724822998 -54.316158294677734 0
vertex -13.815230369567871 -54.72041320800781 0
endloop
endfacet
facet normal 0 0 -1
outer loop
vertex -14.159645080566406 -54.72041320800781 0
vertex -13.98743724822998 -54.316158294677734 0
vertex -13.98743724822998 -54.686161041259766 0
endloop
endfacet
facet normal 0 0 -1
outer loop
vertex -14.305635452270508 -54.817962646484375 0
vertex -13.98743724822998 -54.316158294677734 0
vertex -14.159645080566406 -54.72041320800781 0
endloop
endfacet
facet normal 0 0 -1
outer loop
vertex -13.669239044189453 -55.4543571472168 0
vertex -13.669239044189453 -56.08796310424805 0
vertex -13.815230369567871 -55.55190658569336 0
endloop
endfacet
facet normal 0 0 -1
outer loop
vertex -13.815230369567871 -55.990413665771484 0
vertex -13.815230369567871 -55.55190658569336 0
vertex -13.669239044189453 -56.08796310424805 0
endloop
endfacet
facet normal 0 0 -1
outer loop
vertex -13.815230369567871 -55.990413665771484 0
vertex -13.98743724822998 -55.586158752441406 0
vertex -13.815230369567871 -55.55190658569336 0
endloop
endfacet
facet normal 0 0 -1
outer loop
vertex -13.98743724822998 -55.95616149902344 0
vertex -13.98743724822998 -55.586158752441406 0
vertex -13.815230369567871 -55.990413665771484 0
endloop
endfacet
facet normal 0 0 -1
outer loop
vertex -13.571691513061523 -56.233951568603516 0
vertex -13.669239044189453 -56.08796310424805 0
vertex -13.669239044189453 -55.4543571472168 0
endloop
endfacet
facet normal 0 0 -1
outer loop
vertex -13.98743724822998 -55.95616149902344 0
vertex -14.159645080566406 -55.55190658569336 0
vertex -13.98743724822998 -55.586158752441406 0
endloop
endfacet
facet normal 0 0 -1
outer loop
vertex -14.159645080566406 -55.990413665771484 0
vertex -14.159645080566406 -55.55190658569336 0
vertex -13.98743724822998 -55.95616149902344 0
endloop
endfacet
facet normal 0 0 -1
outer loop
vertex -14.305635452270508 -56.08796310424805 0
vertex -14.159645080566406 -55.55190658569336 0
vertex -14.159645080566406 -55.990413665771484 0
endloop
endfacet
facet normal 0 0 -1
outer loop
vertex -14.305635452270508 -56.08796310424805 0
vertex -14.305635452270508 -55.4543571472168 0
vertex -14.159645080566406 -55.55190658569336 0
endloop
endfacet
facet normal 0 0 -1
outer loop
vertex -12.13743782043457 -58.70616149902344 0
vertex -13.571691513061523 -55.30836868286133 0
vertex -13.537437438964844 -55.13615798950195 0
endloop
endfacet
facet normal 0 0 -1
outer loop
vertex -12.13743782043457 -58.70616149902344 0
vertex -13.571691513061523 -56.233951568603516 0
vertex -13.571691513061523 -55.30836868286133 0
endloop
endfacet
facet normal 0 0 -1
outer loop
vertex -12.13743782043457 -58.70616149902344 0
vertex -13.537437438964844 -56.406158447265625 0
vertex -13.571691513061523 -56.233951568603516 0
endloop
endfacet
facet normal 0 0 -1
outer loop
vertex -12.13743782043457 -58.70616149902344 0
vertex -13.571691513061523 -56.578369140625 0
vertex -13.537437438964844 -56.406158447265625 0
endloop
endfacet
facet normal 0 0 -1
outer loop
vertex -12.13743782043457 -58.70616149902344 0
vertex -13.669239044189453 -56.72435760498047 0
vertex -13.571691513061523 -56.578369140625 0
endloop
endfacet
facet normal 0.00010354223377738721 0.9999999946395028 0
outer loop
vertex 67.11264038085938 -27.51630973815918 4.5
vertex 66.41264343261719 -27.516237258911133 0.20000000298023224
vertex 66.41264343261719 -27.516237258911133 4.5
endloop
endfacet
facet normal 0.9999999957829869 -0.00009155273398892092 0.0000072196179876438505
outer loop
vertex 66.41264343261719 -27.516237258911133 4.5
vertex 66.41288757324219 -25.188657760620117 0.20000000298023224
vertex 66.41268920898438 -27.016237258911133 4.5
endloop
endfacet
facet normal 0.9999999940387263 -0.00010919006765034926 -2.765749827012213e-7
outer loop
vertex 66.41268920898438 -27.016237258911133 4.5
vertex 66.41288757324219 -25.188657760620117 0.20000000298023224
vertex 66.41283416748047 -25.688657760620117 4.5
endloop
endfacet
facet normal 0.9999999942956493 -0.00010681152282820962 0
outer loop
vertex 66.41283416748047 -25.688657760620117 4.5
vertex 66.41288757324219 -25.188657760620117 0.20000000298023224
vertex 66.41288757324219 -25.188657760620117 4.5
endloop
endfacet
facet normal 0.9999999944502854 -0.00010534834028871587 -0.0000010752335276345052
outer loop
vertex 67.11074829101562 -45.51631164550781 4.5
vertex 67.11256408691406 -28.236310958862305 0.20000000298023224
vertex 67.11203002929688 -33.34964370727539 4.5
endloop
endfacet
facet normal 0.9999999945260803 -0.00010463168445187735 -2.2302427115392264e-7
outer loop
vertex 67.11203002929688 -33.34964370727539 4.5
vertex 67.11256408691406 -28.236310958862305 0.20000000298023224
vertex 67.11264038085938 -27.51630973815918 4.5
endloop
endfacet
facet normal -0.00010354223377738721 -0.9999999946395028 0
outer loop
vertex 66.41288757324219 -25.188657760620117 4.5
vertex 67.11288452148438 -25.188730239868164 0.20000000298023224
vertex 67.11288452148438 -25.188730239868164 4.5
endloop
endfacet
facet normal 0 0 -1
outer loop
vertex -12.13743782043457 -58.70616149902344 0
vertex -13.815230369567871 -56.82190704345703 0
vertex -13.669239044189453 -56.72435760498047 0
endloop
endfacet
facet normal 0 0 -1
outer loop
vertex -12.13743782043457 -58.70616149902344 0
vertex -13.98743724822998 -56.85615921020508 0
vertex -13.815230369567871 -56.82190704345703 0
endloop
endfacet
facet normal 0 0 -1
outer loop
vertex -12.13743782043457 -58.70616149902344 0
vertex -14.159645080566406 -56.82190704345703 0
vertex -13.98743724822998 -56.85615921020508 0
endloop
endfacet
facet normal 0.000104903488213095 0.9999999944976291 0
outer loop
vertex 67.11477661132812 -7.1887311935424805 4.5
vertex 66.4147720336914 -7.188657760620117 0.20000000298023224
vertex 66.4147720336914 -7.188657760620117 4.5
endloop
endfacet
facet normal 0.9999999942951086 -0.00010681152282815186 -0.0000010399272353358236
outer loop
vertex 66.4147720336914 -7.188657760620117 4.5
vertex 66.4150161743164 -4.861078262329102 0.20000000298023224
vertex 66.41482543945312 -6.688657760620117 4.5
endloop
endfacet
facet normal 0.9999999940366615 -0.0001091900676501238 -0.000002050852771314859
outer loop
vertex 66.41482543945312 -6.688657760620117 4.5
vertex 66.4150161743164 -4.861078262329102 0.20000000298023224
vertex 66.41497039794922 -5.361078262329102 4.5
endloop
endfacet
facet normal 0.9999999958090483 -0.00009155273399130692 0
outer loop
vertex 66.41497039794922 -5.361078262329102 4.5
vertex 66.4150161743164 -4.861078262329102 0.20000000298023224
vertex 66.4150161743164 -4.861078262329102 4.5
endloop
endfacet
facet normal 0.9999999944502838 -0.0001053483568040053 -0.0000010752648490722413
outer loop
vertex 67.11288452148438 -25.188730239868164 4.5
vertex 67.11470031738281 -7.908730983734131 0.20000000298023224
vertex 67.11416625976562 -13.022064208984375 4.5
endloop
endfacet
facet normal 0.9999999945260787 -0.00010463170155780097 -2.2305621547107438e-7
outer loop
vertex 67.11416625976562 -13.022064208984375 4.5
vertex 67.11470031738281 -7.908730983734131 0.20000000298023224
vertex 67.11477661132812 -7.1887311935424805 4.5
endloop
endfacet
facet normal -0.000104903488213095 -0.9999999944976291 0
outer loop
vertex 66.4150161743164 -4.861078262329102 4.5
vertex 67.11502075195312 -4.861151695251465 0.20000000298023224
vertex 67.11502075195312 -4.861151695251465 4.5
endloop
endfacet
facet normal 0 0 -1
outer loop
vertex -12.047351837158203 -60.84369659423828 0
vertex -12.13743782043457 -58.70616149902344 0
vertex -11.848531723022461 -60.94997024536133 0
endloop
endfacet
facet normal 0 0 -1
outer loop
vertex -12.263083457946777 -60.778255462646484 0
vertex -12.13743782043457 -58.70616149902344 0
vertex -12.047351837158203 -60.84369659423828 0
endloop
endfacet
facet normal 0 0 -1
outer loop
vertex -12.48743724822998 -60.756160736083984 0
vertex -12.13743782043457 -58.70616149902344 0
vertex -12.263083457946777 -60.778255462646484 0
endloop
endfacet
facet normal 0 0 1
outer loop
vertex 39.962562561035156 -34.95616149902344 5
vertex 39.962562561035156 -39.85615921020508 5
vertex 44.86256408691406 -32.73115921020508 5
endloop
endfacet
facet normal 0 0 1
outer loop
vertex 44.86256408691406 -32.73115921020508 5
vertex 44.86256408691406 -27.831159591674805 5
vertex 39.962562561035156 -34.95616149902344 5
endloop
endfacet
facet normal 0 0 1
outer loop
vertex 39.962562561035156 -20.856159210205078 5
vertex 39.962562561035156 -34.95616149902344 5
vertex 44.86256408691406 -27.831159591674805 5
endloop
endfacet
facet normal 0 0 1
outer loop
vertex 44.86256408691406 -27.831159591674805 5
vertex 44.86256408691406 -13.731160163879395 5
vertex 39.962562561035156 -20.856159210205078 5
endloop
endfacet
facet normal 0 0 -1
outer loop
vertex -12.711791038513184 -60.778255462646484 0
vertex -12.13743782043457 -58.70616149902344 0
vertex -12.48743724822998 -60.756160736083984 0
endloop
endfacet
facet normal 0 0 1
outer loop
vertex 44.86256408691406 -27.831159591674805 5
vertex 44.86256408691406 -32.73115921020508 5
vertex 58.962562561035156 -32.73115921020508 5
endloop
endfacet
facet normal 0 0 1
outer loop
vertex 44.86256408691406 -27.831159591674805 5
vertex 58.962562561035156 -32.73115921020508 5
vertex 58.962562561035156 -27.831159591674805 5
endloop
endfacet
facet normal 0 0 -1
outer loop
vertex -12.927523612976074 -60.84369659423828 0
vertex -12.13743782043457 -58.70616149902344 0
vertex -12.711791038513184 -60.778255462646484 0
endloop
endfacet
facet normal 0 0 -1
outer loop
vertex -17.037437438964844 -56.33116149902344 0
vertex -14.159645080566406 -53.011905670166016 0
vertex -13.98743724822998 -53.04615783691406 0
endloop
endfacet
facet normal 0 0 -1
outer loop
vertex -14.305635452270508 -53.5479621887207 0
vertex -17.037437438964844 -56.33116149902344 0
vertex -13.98743724822998 -53.04615783691406 0
endloop
endfacet
facet normal 0 0 1
outer loop
vertex 39.962562561035156 -15.956159591674805 5
vertex 39.962562561035156 -20.856159210205078 5
vertex 44.86256408691406 -13.731160163879395 5
endloop
endfacet
facet normal 0 0 1
outer loop
vertex 39.962562561035156 -1.8561596870422363 5
vertex 39.962562561035156 -15.956159591674805 5
vertex 44.86256408691406 -13.731160163879395 5
endloop
endfacet
facet normal 0 0 1
outer loop
vertex 39.962562561035156 -1.8561596870422363 5
vertex 44.86256408691406 -13.731160163879395 5
vertex 39.962562561035156 3.043840169906616 5
endloop
endfacet
facet normal 0 0 1
outer loop
vertex 39.962562561035156 3.043840169906616 5
vertex 44.86256408691406 -13.731160163879395 5
vertex 44.86256408691406 -8.831159591674805 5
endloop
endfacet
facet normal 0 0 -1
outer loop
vertex -17.037437438964844 -56.33116149902344 0
vertex -14.305635452270508 -52.91435623168945 0
vertex -14.159645080566406 -53.011905670166016 0
endloop
endfacet
facet normal 0 0 1
outer loop
vertex 44.86256408691406 -8.831159591674805 5
vertex 44.86256408691406 -13.731160163879395 5
vertex 58.962562561035156 -13.731160163879395 5
endloop
endfacet
facet normal 0 0 -1
outer loop
vertex -14.403182983398438 -53.69395065307617 0
vertex -17.037437438964844 -56.33116149902344 0
vertex -14.305635452270508 -53.5479621887207 0
endloop
endfacet
facet normal 0 0 1
outer loop
vertex 58.962562561035156 -8.831159591674805 5
vertex 44.86256408691406 -8.831159591674805 5
vertex 58.962562561035156 -13.731160163879395 5
endloop
endfacet
facet normal 0.8658755016876659 0.5002595482118586 0
outer loop
vertex 66.57164764404297 63.12112045288086 0.20000000298023224
vertex 66.32151794433594 63.55405807495117 0.20000000298023224
vertex 66.57164764404297 63.12112045288086 4.5
endloop
endfacet
facet normal 0.8658630264899309 0.5002811403094157 0.0000028996392660004164
outer loop
vertex 66.32151794433594 63.55405807495117 0.20000000298023224
vertex 66.12494659423828 63.8942756652832 0
vertex 66.57164764404297 63.12112045288086 4.5
endloop
endfacet
facet normal 0.3242723251280489 0.9459637726446235 0
outer loop
vertex 64.34356689453125 65.4784164428711 0
vertex 62.856773376464844 65.98808288574219 0
vertex 64.34356689453125 65.4784164428711 5
endloop
endfacet
facet normal 0 0 1
outer loop
vertex 58.962562561035156 -32.73115921020508 5
vertex 58.962562561035156 -46.83116149902344 5
vertex 65.1126937866211 -27.01609992980957 5
endloop
endfacet
facet normal 0 0 1
outer loop
vertex 58.962562561035156 -27.831159591674805 5
vertex 58.962562561035156 -32.73115921020508 5
vertex 65.1126937866211 -27.01609992980957 5
endloop
endfacet
facet normal 0.01399459031826735 0.9999020709258601 0
outer loop
vertex 62.856773376464844 65.98808288574219 0
vertex 61.28520965576172 66.01007843017578 0
vertex 62.856773376464844 65.98808288574219 5
endloop
endfacet
facet normal -0.2976610784976661 0.9546716096897436 0
outer loop
vertex 61.28520965576172 66.01007843017578 0
vertex 59.75259780883789 65.53221893310547 0
vertex 61.28520965576172 66.01007843017578 5
endloop
endfacet
facet normal 0 0 -1
outer loop
vertex -64.58744049072266 -36.781158447265625 0
vertex -69.13743591308594 -37.48115921020508 0
vertex -64.58744049072266 -33.281158447265625 0
endloop
endfacet
facet normal 0.9999999940387645 -0.00010919006765035343 0
outer loop
vertex 66.41268920898438 -27.016237258911133 5
vertex 66.41268920898438 -27.016237258911133 4.5
vertex 66.41283416748047 -25.688657760620117 4.5
endloop
endfacet
facet normal 0 0 -1
outer loop
vertex -64.58744049072266 -33.281158447265625 0
vertex -69.13743591308594 -37.48115921020508 0
vertex -64.58744049072266 -32.58116149902344 0
endloop
endfacet
facet normal 0 0 -1
outer loop
vertex -64.58744049072266 -36.781158447265625 0
vertex -64.58744049072266 -33.281158447265625 0
vertex -59.58743667602539 -36.781158447265625 0
endloop
endfacet
facet normal 0 0 -1
outer loop
vertex -59.58743667602539 -36.781158447265625 0
vertex -64.58744049072266 -33.281158447265625 0
vertex -59.58743667602539 -33.281158447265625 0
endloop
endfacet
facet normal 0.8658755016872571 0.5002595482116224 -9.71571036405955e-7
outer loop
vertex 75.96316528320312 46.8661003112793 5
vertex 75.82658386230469 47.10249328613281 0.20000000298023224
vertex 75.57645416259766 47.535430908203125 0.20000000298023224
endloop
endfacet
facet normal 0.9999999940387645 -0.00010919006765035343 0
outer loop
vertex 66.41268920898438 -27.016237258911133 5
vertex 66.41283416748047 -25.688657760620117 4.5
vertex 66.41283416748047 -25.688657760620117 5
endloop
endfacet
facet normal 0 0 1
outer loop
vertex 58.962562561035156 -27.831159591674805 5
vertex 65.1126937866211 -27.01609992980957 5
vertex 65.11283111572266 -25.688520431518555 5
endloop
endfacet
facet normal 0 0 1
outer loop
vertex 65.11283111572266 -25.688520431518555 5
vertex 65.1126937866211 -27.01609992980957 5
vertex 66.41268920898438 -27.016237258911133 5
endloop
endfacet
facet normal 0 0 1
outer loop
vertex 66.41283416748047 -25.688657760620117 5
vertex 65.11283111572266 -25.688520431518555 5
vertex 66.41268920898438 -27.016237258911133 5
endloop
endfacet
facet normal 0 0 1
outer loop
vertex 65.11283111572266 -25.688520431518555 5
vertex 65.11483001708984 -6.688521385192871 5
vertex 58.962562561035156 -27.831159591674805 5
endloop
endfacet
facet normal 0.865866956252108 0.5002743388089282 0
outer loop
vertex 75.96316528320312 46.8661003112793 0
vertex 75.82658386230469 47.10249328613281 0.20000000298023224
vertex 75.96316528320312 46.8661003112793 5
endloop
endfacet
facet normal 0.49947675547554105 -0.8663272884652927 0
outer loop
vertex 76.18355560302734 47.88545227050781 0.20000000298023224
vertex 75.57645416259766 47.535430908203125 4.5
vertex 75.57645416259766 47.535430908203125 0.20000000298023224
endloop
endfacet
facet normal 0.9546718562236728 0.2976602878021299 0
outer loop
vertex 76.4410400390625 45.33343505859375 0
vertex 75.96316528320312 46.8661003112793 0
vertex 76.4410400390625 45.33343505859375 5
endloop
endfacet
facet normal 0.9999020714012001 -0.013994556355571596 0
outer loop
vertex 76.4190444946289 43.76186752319336 0
vertex 76.4410400390625 45.33343505859375 0
vertex 76.4190444946289 43.76186752319336 5
endloop
endfacet
facet normal 0 0 1
outer loop
vertex 58.962562561035156 -13.731160163879395 5
vertex 58.962562561035156 -27.831159591674805 5
vertex 65.11483001708984 -6.688521385192871 5
endloop
endfacet
facet normal 0.9459650064414041 -0.3242687258869011 0
outer loop
vertex 75.90938568115234 42.27507781982422 0
vertex 76.4190444946289 43.76186752319336 0
vertex 75.90938568115234 42.27507781982422 5
endloop
endfacet
facet normal 0.798209458472528 -0.6023799966839816 0
outer loop
vertex 74.94650268554688 40.999168395996094 0
vertex 75.90938568115234 42.27507781982422 0
vertex 74.94650268554688 40.999168395996094 5
endloop
endfacet
facet normal 0.6311186640100571 -0.7756862973768202 0
outer loop
vertex 74.32450103759766 40.49309158325195 0
vertex 74.94650268554688 40.999168395996094 0
vertex 74.32450103759766 40.49309158325195 5
endloop
endfacet
facet normal 0.5026169041031538 -0.8645092525298739 0
outer loop
vertex 68.0978012084961 36.87295150756836 0
vertex 74.32450103759766 40.49309158325195 0
vertex 68.0978012084961 36.87295150756836 5
endloop
endfacet
facet normal 0.5877930919433957 -0.809011298477112 0
outer loop
vertex 68.04011535644531 36.83103942871094 0
vertex 68.0978012084961 36.87295150756836 0
vertex 68.04011535644531 36.83103942871094 5
endloop
endfacet
facet normal 0.6669938503810291 -0.7450632211791757 0
outer loop
vertex 67.28327178955078 36.153499603271484 0
vertex 68.04011535644531 36.83103942871094 0
vertex 67.28327178955078 36.153499603271484 5
endloop
endfacet
facet normal 0.9999999940387645 -0.00010919006765035343 0
outer loop
vertex 66.41482543945312 -6.688657760620117 5
vertex 66.41482543945312 -6.688657760620117 4.5
vertex 66.41497039794922 -5.361078262329102 4.5
endloop
endfacet
facet normal 0 0 1
outer loop
vertex 58.962562561035156 -8.831159591674805 5
vertex 58.962562561035156 -13.731160163879395 5
vertex 65.11483001708984 -6.688521385192871 5
endloop
endfacet
facet normal 0 0 1
outer loop
vertex 65.11483001708984 -6.688521385192871 5
vertex 65.1149673461914 -5.3609418869018555 5
vertex 58.962562561035156 -8.831159591674805 5
endloop
endfacet
facet normal 0.7739995299147948 -0.6331861714311806 0
outer loop
vertex 67.21446990966797 36.06939697265625 0
vertex 67.28327178955078 36.153499603271484 0
vertex 67.21446990966797 36.06939697265625 5
endloop
endfacet
facet normal 0.9999999940387645 -0.00010919006765035343 0
outer loop
vertex 66.41482543945312 -6.688657760620117 5
vertex 66.41497039794922 -5.361078262329102 4.5
vertex 66.41497039794922 -5.361078262329102 5
endloop
endfacet
facet normal 0.8624081896636795 -0.5062135067350682 0
outer loop
vertex 66.6907958984375 35.177242279052734 0
vertex 67.21446990966797 36.06939697265625 0
vertex 66.6907958984375 35.177242279052734 5
endloop
endfacet
facet normal 0 0 1
outer loop
vertex 65.1149673461914 -5.3609418869018555 5
vertex 65.11483001708984 -6.688521385192871 5
vertex 66.41482543945312 -6.688657760620117 5
endloop
endfacet
facet normal 0 0 1
outer loop
vertex 66.41497039794922 -5.361078262329102 5
vertex 65.1149673461914 -5.3609418869018555 5
vertex 66.41482543945312 -6.688657760620117 5
endloop
endfacet
facet normal 0.00010354223377738721 0.9999999946395028 0
outer loop
vertex 67.1190414428711 33.466426849365234 0.20000000298023224
vertex 66.4190444946289 33.46649932861328 0.20000000298023224
vertex 67.1190414428711 33.466426849365234 4.5
endloop
endfacet
facet normal 0 0 -1
outer loop
vertex 6.433257102966309 17.62932014465332 0
vertex 1.9625624418258667 -6.606159687042236 0
vertex 1.9625624418258667 -1.7061597108840942 0
endloop
endfacet
facet normal 0 0 -1
outer loop
vertex 6.862562656402588 0.6688402891159058 0
vertex 11.412562370300293 0.6688402891159058 0
vertex 6.862562656402588 -4.231159687042236 0
endloop
endfacet
facet normal 0 0 -1
outer loop
vertex 1.9625624418258667 -25.606159210205078 0
vertex 6.433257102966309 17.62932014465332 0
vertex 6.862562656402588 14.768839836120605 0
endloop
endfacet
facet normal 0 0 -1
outer loop
vertex 6.433257102966309 17.62932014465332 0
vertex 1.9625624418258667 -1.7061597108840942 0
vertex 1.9625624418258667 12.393839836120605 0
endloop
endfacet
facet normal 0 0 -1
outer loop
vertex -2.587437629699707 12.393839836120605 0
vertex 3.8234915733337402 18.328603744506836 0
vertex 1.9625624418258667 12.393839836120605 0
endloop
endfacet
facet normal 0 0 -1
outer loop
vertex 6.862562656402588 -4.231159687042236 0
vertex 11.412562370300293 0.6688402891159058 0
vertex 11.412562370300293 -0.031159736216068268 0
endloop
endfacet
facet normal 0 0 -1
outer loop
vertex 16.41256332397461 -0.031159736216068268 0
vertex 6.862562656402588 -4.231159687042236 0
vertex 11.412562370300293 -0.031159736216068268 0
endloop
endfacet
facet normal 0 0 -1
outer loop
vertex 16.41256332397461 -0.031159736216068268 0
vertex 16.41256332397461 -3.5311596393585205 0
vertex 11.412562370300293 -3.5311596393585205 0
endloop
endfacet
facet normal 0 0 -1
outer loop
vertex 16.41256332397461 -0.031159736216068268 0
vertex 16.41256332397461 0.6688402891159058 0
vertex 20.962562561035156 0.6688402891159058 0
endloop
endfacet
facet normal 0 0 -1
outer loop
vertex -13.98743724822998 -54.316158294677734 0
vertex -17.037437438964844 -56.33116149902344 0
vertex -14.159645080566406 -54.28190612792969 0
endloop
endfacet
facet normal 0 0 -1
outer loop
vertex -14.437438011169434 -53.86616134643555 0
vertex -17.037437438964844 -56.33116149902344 0
vertex -14.403182983398438 -53.69395065307617 0
endloop
endfacet
facet normal 0 0 -1
outer loop
vertex -14.403182983398438 -54.038368225097656 0
vertex -17.037437438964844 -56.33116149902344 0
vertex -14.437438011169434 -53.86616134643555 0
endloop
endfacet
facet normal 0 0 -1
outer loop
vertex -17.037437438964844 -56.33116149902344 0
vertex -14.305635452270508 -54.184356689453125 0
vertex -14.159645080566406 -54.28190612792969 0
endloop
endfacet
facet normal 0 0 -1
outer loop
vertex -17.037437438964844 -56.33116149902344 0
vertex -14.403182983398438 -54.038368225097656 0
vertex -14.305635452270508 -54.184356689453125 0
endloop
endfacet
facet normal 0 0 -1
outer loop
vertex 3.8234915733337402 18.328603744506836 0
vertex 6.433257102966309 17.62932014465332 0
vertex 1.9625624418258667 12.393839836120605 0
endloop
endfacet
facet normal 0 0 -1
outer loop
vertex 9.12480354309082 17.393840789794922 0
vertex 6.862562656402588 14.768839836120605 0
vertex 6.433257102966309 17.62932014465332 0
endloop
endfacet
facet normal 0 0 -1
outer loop
vertex 9.12480354309082 17.393840789794922 0
vertex 11.412562370300293 15.468840599060059 0
vertex 6.862562656402588 14.768839836120605 0
endloop
endfacet
facet normal 0 0 -1
outer loop
vertex 6.862562656402588 14.768839836120605 0
vertex 11.412562370300293 15.468840599060059 0
vertex 11.412562370300293 14.768839836120605 0
endloop
endfacet
facet normal 0 0 -1
outer loop
vertex 11.412562370300293 15.468840599060059 0
vertex 9.12480354309082 17.393840789794922 0
vertex 11.816350936889648 17.62932014465332 0
endloop
endfacet
facet normal 0 0 -1
outer loop
vertex 11.816350936889648 17.62932014465332 0
vertex 14.426115989685059 18.328603744506836 0
vertex 11.412562370300293 15.468840599060059 0
endloop
endfacet
facet normal 0 0 -1
outer loop
vertex 16.41256332397461 15.468840599060059 0
vertex 11.412562370300293 15.468840599060059 0
vertex 14.426115989685059 18.328603744506836 0
endloop
endfacet
facet normal 0 0 -1
outer loop
vertex 16.41256332397461 15.468840599060059 0
vertex 14.426115989685059 18.328603744506836 0
vertex 16.87480354309082 19.47044563293457 0
endloop
endfacet
facet normal 0 0 -1
outer loop
vertex 19.088010787963867 21.020151138305664 0
vertex 16.41256332397461 14.768839836120605 0
vertex 16.41256332397461 15.468840599060059 0
endloop
endfacet
facet normal 0 0 -1
outer loop
vertex 16.87480354309082 19.47044563293457 0
vertex 19.088010787963867 21.020151138305664 0
vertex 16.41256332397461 15.468840599060059 0
endloop
endfacet
facet normal 0 0 -1
outer loop
vertex -14.305635452270508 -54.817962646484375 0
vertex -17.037437438964844 -56.33116149902344 0
vertex -13.98743724822998 -54.316158294677734 0
endloop
endfacet
facet normal 0 0 -1
outer loop
vertex -14.403182983398438 -54.963951110839844 0
vertex -17.037437438964844 -56.33116149902344 0
vertex -14.305635452270508 -54.817962646484375 0
endloop
endfacet
facet normal 0 0 -1
outer loop
vertex -14.437438011169434 -55.13615798950195 0
vertex -17.037437438964844 -56.33116149902344 0
vertex -14.403182983398438 -54.963951110839844 0
endloop
endfacet
facet normal 0 0 -1
outer loop
vertex -14.403182983398438 -55.30836868286133 0
vertex -17.037437438964844 -56.33116149902344 0
vertex -14.437438011169434 -55.13615798950195 0
endloop
endfacet
facet normal 0 0 -1
outer loop
vertex -14.305635452270508 -55.4543571472168 0
vertex -17.037437438964844 -56.33116149902344 0
vertex -14.403182983398438 -55.30836868286133 0
endloop
endfacet
facet normal 0 0 -1
outer loop
vertex 20.962562561035156 -4.231159687042236 0
vertex 16.41256332397461 -0.031159736216068268 0
vertex 20.962562561035156 0.6688402891159058 0
endloop
endfacet
facet normal 0 0 -1
outer loop
vertex 25.86256217956543 -1.8561596870422363 0
vertex 20.962562561035156 -4.231159687042236 0
vertex 20.962562561035156 0.6688402891159058 0
endloop
endfacet
facet normal 0 0 -1
outer loop
vertex 25.86256217956543 -1.8561596870422363 0
vertex 20.962562561035156 0.6688402891159058 0
vertex 25.86256217956543 3.043840169906616 0
endloop
endfacet
facet normal 0 0 -1
outer loop
vertex 25.86256217956543 3.043840169906616 0
vertex 30.41256332397461 -1.15615975856781 0
vertex 25.86256217956543 -1.8561596870422363 0
endloop
endfacet
facet normal 0 0 -1
outer loop
vertex 25.86256217956543 3.043840169906616 0
vertex 20.962562561035156 0.6688402891159058 0
vertex 20.962562561035156 14.768839836120605 0
endloop
endfacet
facet normal 0 0 -1
outer loop
vertex 20.962562561035156 14.768839836120605 0
vertex 25.86256217956543 17.143840789794922 0
vertex 25.86256217956543 3.043840169906616 0
endloop
endfacet
facet normal 0 0 -1
outer loop
vertex 25.86256217956543 -1.8561596870422363 0
vertex 30.41256332397461 -1.15615975856781 0
vertex 30.41256332397461 -1.8561596870422363 0
endloop
endfacet
facet normal 0 0 -1
outer loop
vertex 30.41256332397461 -1.15615975856781 0
vertex 25.86256217956543 3.043840169906616 0
vertex 30.41256332397461 2.3438403606414795 0
endloop
endfacet
facet normal 0 0 -1
outer loop
vertex 30.41256332397461 2.3438403606414795 0
vertex 35.41256332397461 -1.15615975856781 0
vertex 30.41256332397461 -1.15615975856781 0
endloop
endfacet
facet normal 0 0 -1
outer loop
vertex 30.41256332397461 2.3438403606414795 0
vertex 25.86256217956543 3.043840169906616 0
vertex 30.41256332397461 3.043840169906616 0
endloop
endfacet
facet normal 0 0 -1
outer loop
vertex 35.41256332397461 -1.15615975856781 0
vertex 30.41256332397461 2.3438403606414795 0
vertex 35.41256332397461 2.3438403606414795 0
endloop
endfacet
facet normal 0 0 -1
outer loop
vertex 35.41256332397461 -1.8561596870422363 0
vertex 35.41256332397461 -1.15615975856781 0
vertex 39.962562561035156 3.043840169906616 0
endloop
endfacet
facet normal 0 0 -1
outer loop
vertex 39.962562561035156 3.043840169906616 0
vertex 35.41256332397461 -1.15615975856781 0
vertex 35.41256332397461 2.3438403606414795 0
endloop
endfacet
facet normal 0 0 -1
outer loop
vertex 39.962562561035156 3.043840169906616 0
vertex 35.41256332397461 2.3438403606414795 0
vertex 35.41256332397461 3.043840169906616 0
endloop
endfacet
facet normal 0 0 -1
outer loop
vertex -14.305635452270508 -56.08796310424805 0
vertex -17.037437438964844 -56.33116149902344 0
vertex -14.305635452270508 -55.4543571472168 0
endloop
endfacet
facet normal 0 0 -1
outer loop
vertex -14.403182983398438 -56.233951568603516 0
vertex -17.037437438964844 -56.33116149902344 0
vertex -14.305635452270508 -56.08796310424805 0
endloop
endfacet
facet normal 0 0 -1
outer loop
vertex -14.437438011169434 -56.406158447265625 0
vertex -17.037437438964844 -56.33116149902344 0
vertex -14.403182983398438 -56.233951568603516 0
endloop
endfacet
facet normal 0 0 -1
outer loop
vertex -12.13743782043457 -58.70616149902344 0
vertex -21.58743667602539 -57.031158447265625 0
vertex -14.159645080566406 -56.82190704345703 0
endloop
endfacet
facet normal 0 0 -1
outer loop
vertex -14.403182983398438 -56.578369140625 0
vertex -21.58743667602539 -57.031158447265625 0
vertex -14.437438011169434 -56.406158447265625 0
endloop
endfacet
facet normal 0 0 -1
outer loop
vertex -14.305635452270508 -56.72435760498047 0
vertex -21.58743667602539 -57.031158447265625 0
vertex -14.403182983398438 -56.578369140625 0
endloop
endfacet
facet normal 0 0 -1
outer loop
vertex -21.58743667602539 -57.031158447265625 0
vertex -14.305635452270508 -56.72435760498047 0
vertex -14.159645080566406 -56.82190704345703 0
endloop
endfacet
facet normal 0 0 -1
outer loop
vertex -14.437438011169434 -56.406158447265625 0
vertex -21.58743667602539 -56.33116149902344 0
vertex -17.037437438964844 -56.33116149902344 0
endloop
endfacet
facet normal 0 0 -1
outer loop
vertex -21.58743667602539 -57.031158447265625 0
vertex -21.58743667602539 -56.33116149902344 0
vertex -14.437438011169434 -56.406158447265625 0
endloop
endfacet
facet normal 0 0 -1
outer loop
vertex -21.58743667602539 -38.031158447265625 0
vertex -21.58743667602539 -37.33116149902344 0
vertex -17.037437438964844 -37.33116149902344 0
endloop
endfacet
facet normal 0 0 -1
outer loop
vertex 20.962562561035156 14.768839836120605 0
vertex 16.41256332397461 14.768839836120605 0
vertex 19.088010787963867 21.020151138305664 0
endloop
endfacet
facet normal 0 0 -1
outer loop
vertex 20.962562561035156 14.768839836120605 0
vertex 19.088010787963867 21.020151138305664 0
vertex 20.998493194580078 22.930631637573242 0
endloop
endfacet
facet normal 0 0 -1
outer loop
vertex 20.998493194580078 22.930631637573242 0
vertex 22.54819679260254 25.143840789794922 0
vertex 20.962562561035156 14.768839836120605 0
endloop
endfacet
facet normal 0 0 -1
outer loop
vertex 25.86256217956543 17.143840789794922 0
vertex 20.962562561035156 14.768839836120605 0
vertex 22.54819679260254 25.143840789794922 0
endloop
endfacet
facet normal 0 0 -1
outer loop
vertex 30.41256332397461 17.843839645385742 0
vertex 25.86256217956543 17.143840789794922 0
vertex 24.62480354309082 32.89384078979492 0
endloop
endfacet
facet normal 0 0 -1
outer loop
vertex 25.86256217956543 17.143840789794922 0
vertex 22.54819679260254 25.143840789794922 0
vertex 23.690038681030273 27.592527389526367 0
endloop
endfacet
facet normal 0 0 -1
outer loop
vertex 24.389324188232422 30.202293395996094 0
vertex 25.86256217956543 17.143840789794922 0
vertex 23.690038681030273 27.592527389526367 0
endloop
endfacet
facet normal 0 0 -1
outer loop
vertex 24.389324188232422 30.202293395996094 0
vertex 24.62480354309082 32.89384078979492 0
vertex 25.86256217956543 17.143840789794922 0
endloop
endfacet
facet normal 0 0 -1
outer loop
vertex 24.389324188232422 35.58538818359375 0
vertex 30.41256332397461 17.843839645385742 0
vertex 24.62480354309082 32.89384078979492 0
endloop
endfacet
facet normal 0 0 -1
outer loop
vertex 24.389324188232422 35.58538818359375 0
vertex 23.690038681030273 38.195152282714844 0
vertex 30.41256332397461 17.843839645385742 0
endloop
endfacet
facet normal 0 0 -1
outer loop
vertex 25.86256217956543 17.143840789794922 0
vertex 30.41256332397461 17.843839645385742 0
vertex 30.41256332397461 17.143840789794922 0
endloop
endfacet
facet normal 0 0 -1
outer loop
vertex 35.41256332397461 17.143840789794922 0
vertex 35.41256332397461 17.843839645385742 0
vertex 39.962562561035156 17.143840789794922 0
endloop
endfacet
facet normal 0 0 -1
outer loop
vertex 22.975645065307617 45.39384078979492 0
vertex 47.669010162353516 5.268840312957764 0
vertex 39.962562561035156 17.143840789794922 0
endloop
endfacet
facet normal 0 0 -1
outer loop
vertex 30.41256332397461 17.843839645385742 0
vertex 22.975645065307617 45.39384078979492 0
vertex 35.41256332397461 17.843839645385742 0
endloop
endfacet
facet normal 0 0 -1
outer loop
vertex 39.962562561035156 17.143840789794922 0
vertex 35.41256332397461 17.843839645385742 0
vertex 22.975645065307617 45.39384078979492 0
endloop
endfacet
facet normal 0 0 -1
outer loop
vertex 36.369651794433594 29.416217803955078 0
vertex 44.86256408691406 10.168840408325195 0
vertex 22.975645065307617 45.39384078979492 0
endloop
endfacet
facet normal 0 0 -1
outer loop
vertex -17.037437438964844 -42.23115921020508 0
vertex -21.58743667602539 -41.531158447265625 0
vertex -21.58743667602539 -38.031158447265625 0
endloop
endfacet
facet normal 0 0 -1
outer loop
vertex -21.58743667602539 -41.531158447265625 0
vertex -26.58743667602539 -38.031158447265625 0
vertex -21.58743667602539 -38.031158447265625 0
endloop
endfacet
facet normal 0 0 -1
outer loop
vertex -21.58743667602539 -42.23115921020508 0
vertex -21.58743667602539 -41.531158447265625 0
vertex -17.037437438964844 -42.23115921020508 0
endloop
endfacet
facet normal 0 0 -1
outer loop
vertex -26.58743667602539 -41.531158447265625 0
vertex -26.58743667602539 -38.031158447265625 0
vertex -21.58743667602539 -41.531158447265625 0
endloop
endfacet
facet normal 0 0 -1
outer loop
vertex -26.58743667602539 -38.031158447265625 0
vertex -31.13743782043457 -37.33116149902344 0
vertex -26.58743667602539 -37.33116149902344 0
endloop
endfacet
facet normal 0 0 -1
outer loop
vertex -26.58743667602539 -41.531158447265625 0
vertex -31.13743782043457 -37.33116149902344 0
vertex -26.58743667602539 -38.031158447265625 0
endloop
endfacet
facet normal 0 0 -1
outer loop
vertex -31.13743782043457 -42.23115921020508 0
vertex -26.58743667602539 -41.531158447265625 0
vertex -26.58743667602539 -42.23115921020508 0
endloop
endfacet
facet normal 0 0 -1
outer loop
vertex -31.13743782043457 -42.23115921020508 0
vertex -31.13743782043457 -37.33116149902344 0
vertex -26.58743667602539 -41.531158447265625 0
endloop
endfacet
facet normal 0 0 -1
outer loop
vertex -31.13743782043457 -42.23115921020508 0
vertex -36.037437438964844 -37.48115921020508 0
vertex -31.13743782043457 -37.33116149902344 0
endloop
endfacet
facet normal 0 0 -1
outer loop
vertex -31.13743782043457 -42.23115921020508 0
vertex -36.037437438964844 -51.58116149902344 0
vertex -36.037437438964844 -37.48115921020508 0
endloop
endfacet
facet normal 0.9999999943858543 -0.00010596363268616266 0
outer loop
vertex 67.1190414428711 33.466426849365234 0.20000000298023224
vertex 67.1190414428711 33.466426849365234 4.5
vertex 67.11896514892578 32.74642562866211 0.20000000298023224
endloop
endfacet
facet normal 0.930195285490545 -0.367065022647437 0
outer loop
vertex 66.65090942382812 35.07616424560547 0
vertex 66.6907958984375 35.177242279052734 0
vertex 66.65090942382812 35.07616424560547 5
endloop
endfacet
facet normal 0.9756924364610777 -0.21914440315154293 0
outer loop
vertex 66.4276351928711 34.08208465576172 0
vertex 66.65090942382812 35.07616424560547 0
vertex 66.4276351928711 34.08208465576172 5
endloop
endfacet
facet normal 0.993893951716265 -0.11033953390252499 0
outer loop
vertex 66.41909790039062 34.005184173583984 0
vertex 66.4276351928711 34.08208465576172 0
vertex 66.41909790039062 34.005184173583984 5
endloop
endfacet
facet normal 1 0 0
outer loop
vertex 66.41909790039062 33.96649932861328 0.20000000298023224
vertex 66.41909790039062 34.005184173583984 0
vertex 66.41909790039062 33.96649932861328 4.5
endloop
endfacet
facet normal 0.9999999942956493 -0.00010681152282820962 0
outer loop
vertex 66.4190444946289 33.46649932861328 0.20000000298023224
vertex 66.41909790039062 33.96649932861328 0.20000000298023224
vertex 66.4190444946289 33.46649932861328 4.5
endloop
endfacet
facet normal 0 0 -1
outer loop
vertex -75.28260040283203 -20.524892807006836 0
vertex -75.28045654296875 -1.5248931646347046 0
vertex -69.13743591308594 -13.581159591674805 0
endloop
endfacet
facet normal -0.5003985825534308 0.8657951597107235 0
outer loop
vertex 59.75259780883789 65.53221893310547 0
vertex 42.671878814697266 55.66017532348633 0
vertex 59.75259780883789 65.53221893310547 5
endloop
endfacet
facet normal 0 0 -1
outer loop
vertex -36.037437438964844 -51.58116149902344 0
vertex -31.13743782043457 -42.23115921020508 0
vertex -31.13743782043457 -56.33116149902344 0
endloop
endfacet
facet normal 0 0 -1
outer loop
vertex -31.13743782043457 -56.33116149902344 0
vertex -40.58743667602539 -52.281158447265625 0
vertex -36.037437438964844 -51.58116149902344 0
endloop
endfacet
facet normal 0 0 -1
outer loop
vertex -12.13743782043457 -58.70616149902344 0
vertex -26.58743667602539 -57.031158447265625 0
vertex -21.58743667602539 -57.031158447265625 0
endloop
endfacet
facet normal 0 0 -1
outer loop
vertex -26.58743667602539 -57.031158447265625 0
vertex -31.13743782043457 -56.33116149902344 0
vertex -26.58743667602539 -56.33116149902344 0
endloop
endfacet
facet normal 0 0 -1
outer loop
vertex -12.927523612976074 -60.84369659423828 0
vertex -73.83695983886719 -66.38955688476562 0
vertex -12.13743782043457 -58.70616149902344 0
endloop
endfacet
facet normal 0 0 -1
outer loop
vertex -73.83695983886719 -66.38955688476562 0
vertex -26.58743667602539 -57.031158447265625 0
vertex -12.13743782043457 -58.70616149902344 0
endloop
endfacet
facet normal 0 0 -1
outer loop
vertex -3.1325089931488037 -66.41085052490234 0
vertex -73.83695983886719 -66.38955688476562 0
vertex -12.711791038513184 -63.034061431884766 0
endloop
endfacet
facet normal 0 0 -1
outer loop
vertex -13.126343727111816 -60.94997024536133 0
vertex -73.83695983886719 -66.38955688476562 0
vertex -12.927523612976074 -60.84369659423828 0
endloop
endfacet
facet normal 0 0 -1
outer loop
vertex -13.300610542297363 -61.092987060546875 0
vertex -73.83695983886719 -66.38955688476562 0
vertex -13.126343727111816 -60.94997024536133 0
endloop
endfacet
facet normal 0 0 -1
outer loop
vertex -13.44362735748291 -61.26725387573242 0
vertex -73.83695983886719 -66.38955688476562 0
vertex -13.300610542297363 -61.092987060546875 0
endloop
endfacet
facet normal 0 0 -1
outer loop
vertex -13.549899101257324 -61.46607208251953 0
vertex -73.83695983886719 -66.38955688476562 0
vertex -13.44362735748291 -61.26725387573242 0
endloop
endfacet
facet normal -0.5879072217879954 0.8089283643002765 0
outer loop
vertex 42.671878814697266 55.66017532348633 0
vertex 41.309879302978516 54.670310974121094 0
vertex 42.671878814697266 55.66017532348633 5
endloop
endfacet
facet normal -0.48597519247900317 0.8739726038583795 0
outer loop
vertex 41.309879302978516 54.670310974121094 0
vertex 41.23576736450195 54.62910079956055 0
vertex 41.309879302978516 54.670310974121094 5
endloop
endfacet
facet normal 0 0 -1
outer loop
vertex -76.57292938232422 -22.951627731323242 0
vertex -75.28260040283203 -20.524892807006836 0
vertex -64.58744049072266 -13.581159591674805 0
endloop
endfacet
facet normal 0 0 -1
outer loop
vertex -69.13743591308594 -18.481159210205078 0
vertex -76.57292938232422 -22.951627731323242 0
vertex -64.58744049072266 -13.581159591674805 0
endloop
endfacet
facet normal 0 0 -1
outer loop
vertex -64.58744049072266 -13.581159591674805 0
vertex -75.28260040283203 -20.524892807006836 0
vertex -69.13743591308594 -13.581159591674805 0
endloop
endfacet
facet normal 0 0 -1
outer loop
vertex -13.615340232849121 -61.68180465698242 0
vertex -73.83695983886719 -66.38955688476562 0
vertex -13.549899101257324 -61.46607208251953 0
endloop
endfacet
facet normal 0 0 -1
outer loop
vertex -13.63743782043457 -61.906158447265625 0
vertex -73.83695983886719 -66.38955688476562 0
vertex -13.615340232849121 -61.68180465698242 0
endloop
endfacet
facet normal 0 0 -1
outer loop
vertex -13.615340232849121 -62.13051223754883 0
vertex -73.83695983886719 -66.38955688476562 0
vertex -13.63743782043457 -61.906158447265625 0
endloop
endfacet
facet normal 0 0 -1
outer loop
vertex 23.690038681030273 38.195152282714844 0
vertex 22.916383743286133 45.327571868896484 0
vertex 30.41256332397461 17.843839645385742 0
endloop
endfacet
facet normal 0 0 -1
outer loop
vertex 22.975645065307617 45.39384078979492 0
vertex 30.41256332397461 17.843839645385742 0
vertex 22.916383743286133 45.327571868896484 0
endloop
endfacet
facet normal 0 0 -1
outer loop
vertex 20.998493194580078 42.85704803466797 0
vertex 19.761560440063477 44.09397888183594 0
vertex 19.85554313659668 44.07343673706055 0
endloop
endfacet
facet normal 0 0 -1
outer loop
vertex 20.998493194580078 42.85704803466797 0
vertex 19.85554313659668 44.07343673706055 0
vertex 19.96401023864746 44.06689453125 0
endloop
endfacet
facet normal 0 0 -1
outer loop
vertex 20.993871688842773 44.164669036865234 0
vertex 20.998493194580078 42.85704803466797 0
vertex 19.96401023864746 44.06689453125 0
endloop
endfacet
facet normal 0 0 -1
outer loop
vertex 21.09916877746582 44.19150924682617 0
vertex 20.998493194580078 42.85704803466797 0
vertex 20.993871688842773 44.164669036865234 0
endloop
endfacet
facet normal 0 0 -1
outer loop
vertex 23.690038681030273 38.195152282714844 0
vertex 22.54819679260254 40.64384078979492 0
vertex 22.916383743286133 45.327571868896484 0
endloop
endfacet
facet normal 0 0 -1
outer loop
vertex 22.14227294921875 44.65631866455078 0
vertex 22.54819679260254 40.64384078979492 0
vertex 20.998493194580078 42.85704803466797 0
endloop
endfacet
facet normal 0 0 -1
outer loop
vertex 22.050172805786133 44.59864807128906 0
vertex 20.998493194580078 42.85704803466797 0
vertex 21.09916877746582 44.19150924682617 0
endloop
endfacet
facet normal 0 0 -1
outer loop
vertex 22.14227294921875 44.65631866455078 0
vertex 20.998493194580078 42.85704803466797 0
vertex 22.050172805786133 44.59864807128906 0
endloop
endfacet
facet normal 0 0 -1
outer loop
vertex 22.14227294921875 44.65631866455078 0
vertex 22.916383743286133 45.327571868896484 0
vertex 22.54819679260254 40.64384078979492 0
endloop
endfacet
facet normal 0 0 -1
outer loop
vertex 22.975645065307617 45.39384078979492 0
vertex 24.260160446166992 47.26027297973633 0
vertex 36.369651794433594 29.416217803955078 0
endloop
endfacet
facet normal 0 0 -1
outer loop
vertex 25.51799201965332 48.23279571533203 0
vertex 31.087697982788086 42.48950958251953 0
vertex 24.260160446166992 47.26027297973633 0
endloop
endfacet
facet normal 0 0 -1
outer loop
vertex 36.369651794433594 29.416217803955078 0
vertex 24.260160446166992 47.26027297973633 0
vertex 31.087697982788086 42.48950958251953 0
endloop
endfacet
facet normal 0 0 -1
outer loop
vertex 31.087697982788086 42.48950958251953 0
vertex 25.51799201965332 48.23279571533203 0
vertex 35.3063850402832 44.1939697265625 0
endloop
endfacet
facet normal 0 0 -1
outer loop
vertex 35.3063850402832 44.1939697265625 0
vertex 25.51799201965332 48.23279571533203 0
vertex 35.044158935546875 44.84299850463867 0
endloop
endfacet
facet normal 0 0 -1
outer loop
vertex -13.549899101257324 -62.34624481201172 0
vertex -73.83695983886719 -66.38955688476562 0
vertex -13.615340232849121 -62.13051223754883 0
endloop
endfacet
facet normal 0 0 -1
outer loop
vertex -73.83695983886719 -66.38955688476562 0
vertex -12.927523612976074 -62.96862030029297 0
vertex -12.711791038513184 -63.034061431884766 0
endloop
endfacet
facet normal 0 0 -1
outer loop
vertex 35.044158935546875 44.84299850463867 0
vertex 25.51799201965332 48.23279571533203 0
vertex 41.23576736450195 54.62910079956055 0
endloop
endfacet
facet normal 0 0 -1
outer loop
vertex 74.70063781738281 46.45333480834961 0
vertex 61.105281829833984 57.72431945800781 0
vertex 65.21060943603516 62.91357421875 0
endloop
endfacet
facet normal 0 0 -1
outer loop
vertex 74.70063781738281 46.45333480834961 0
vertex 68.15528106689453 45.513362884521484 0
vertex 61.105281829833984 57.72431945800781 0
endloop
endfacet
facet normal 0.8658637648742971 0.5002798623547702 0
outer loop
vertex 66.32151794433594 63.55405807495117 0.20000000298023224
vertex 66.32151794433594 63.55405807495117 0
vertex 66.12494659423828 63.8942756652832 0
endloop
endfacet
facet normal 0.21353249791746276 0.9769359612242395 0
outer loop
vertex 19.85554313659668 44.07343673706055 0
vertex 19.761560440063477 44.09397888183594 0
vertex 19.761560440063477 44.09397888183594 5
endloop
endfacet
facet normal 0.060205703562850044 0.9981859913154975 0
outer loop
vertex 19.96401023864746 44.06689453125 0
vertex 19.85554313659668 44.07343673706055 0
vertex 19.96401023864746 44.06689453125 5
endloop
endfacet
facet normal 0 0 -1
outer loop
vertex 66.12494659423828 63.8942756652832 0
vertex 65.21060943603516 62.91357421875 0
vertex 65.61947631835938 64.51553344726562 0
endloop
endfacet
facet normal -0.0945144774283602 0.9955234871947743 0
outer loop
vertex 20.993871688842773 44.164669036865234 0
vertex 19.96401023864746 44.06689453125 0
vertex 20.993871688842773 44.164669036865234 5
endloop
endfacet
facet normal -0.24700176604679333 0.9690150295892036 0
outer loop
vertex 21.09916877746582 44.19150924682617 0
vertex 20.993871688842773 44.164669036865234 0
vertex 21.09916877746582 44.19150924682617 5
endloop
endfacet
facet normal 0 0 -1
outer loop
vertex 65.21060943603516 62.91357421875 0
vertex 66.12494659423828 63.8942756652832 0
vertex 66.32151794433594 63.55405807495117 0
endloop
endfacet
facet normal -0.39356456864954026 0.9192969761201771 0
outer loop
vertex 22.050172805786133 44.59864807128906 0
vertex 21.09916877746582 44.19150924682617 0
vertex 22.050172805786133 44.59864807128906 5
endloop
endfacet
facet normal -0.5307134684997151 0.8475513048500379 0
outer loop
vertex 22.14227294921875 44.65631866455078 0
vertex 22.050172805786133 44.59864807128906 0
vertex 22.14227294921875 44.65631866455078 5
endloop
endfacet
facet normal -0.6551295911409527 0.755516524512527 0
outer loop
vertex 22.916383743286133 45.327571868896484 0
vertex 22.14227294921875 44.65631866455078 0
vertex 22.916383743286133 45.327571868896484 5
endloop
endfacet
facet normal -0.7454197233625515 0.6665954065414021 0
outer loop
vertex 22.975645065307617 45.39384078979492 0
vertex 22.916383743286133 45.327571868896484 0
vertex 22.975645065307617 45.39384078979492 5
endloop
endfacet
facet normal -0.8237650556138477 0.5669313301886871 0
outer loop
vertex 24.260160446166992 47.26027297973633 0
vertex 22.975645065307617 45.39384078979492 0
vertex 24.260160446166992 47.26027297973633 5
endloop
endfacet
facet normal -0.6116687860470436 0.7911139590322851 0
outer loop
vertex 25.51799201965332 48.23279571533203 0
vertex 24.260160446166992 47.26027297973633 0
vertex 25.51799201965332 48.23279571533203 5
endloop
endfacet
facet normal 0 0 -1
outer loop
vertex -73.83695983886719 -66.38955688476562 0
vertex -13.126343727111816 -62.86235046386719 0
vertex -12.927523612976074 -62.96862030029297 0
endloop
endfacet
facet normal 0 0 -1
outer loop
vertex -73.83695983886719 -66.38955688476562 0
vertex -13.300610542297363 -62.71933364868164 0
vertex -13.126343727111816 -62.86235046386719 0
endloop
endfacet
facet normal 0 0 -1
outer loop
vertex -73.83695983886719 -66.38955688476562 0
vertex -13.44362735748291 -62.545066833496094 0
vertex -13.300610542297363 -62.71933364868164 0
endloop
endfacet
facet normal -0.37693129574649625 0.9262412203561593 0
outer loop
vertex 41.23576736450195 54.62910079956055 0
vertex 25.51799201965332 48.23279571533203 0
vertex 41.23576736450195 54.62910079956055 5
endloop
endfacet
facet normal 0 0 -1
outer loop
vertex 39.962562561035156 3.043840169906616 0
vertex 39.962562561035156 -1.8561596870422363 0
vertex 35.41256332397461 -1.8561596870422363 0
endloop
endfacet
facet normal 0 0 -1
outer loop
vertex 39.962562561035156 3.043840169906616 0
vertex 39.962562561035156 17.143840789794922 0
vertex 44.86256408691406 -8.831159591674805 0
endloop
endfacet
facet normal 0 0 -1
outer loop
vertex 44.86256408691406 5.268840312957764 0
vertex 44.86256408691406 -8.831159591674805 0
vertex 39.962562561035156 17.143840789794922 0
endloop
endfacet
facet normal 0 0 -1
outer loop
vertex 39.962562561035156 17.143840789794922 0
vertex 47.669010162353516 5.268840312957764 0
vertex 44.86256408691406 5.268840312957764 0
endloop
endfacet
facet normal 0 0 -1
outer loop
vertex 44.86256408691406 10.168840408325195 0
vertex 49.41256332397461 5.9688401222229 0
vertex 47.669010162353516 5.268840312957764 0
endloop
endfacet
facet normal 0 0 -1
outer loop
vertex 47.669010162353516 5.268840312957764 0
vertex 49.41256332397461 5.9688401222229 0
vertex 49.41256332397461 5.268840312957764 0
endloop
endfacet
facet normal 0 0 -1
outer loop
vertex 54.41256332397461 5.268840312957764 0
vertex 54.41256332397461 5.9688401222229 0
vertex 58.962562561035156 5.268840312957764 0
endloop
endfacet
facet normal 0 0 -1
outer loop
vertex 49.41256332397461 5.9688401222229 0
vertex 44.86256408691406 10.168840408325195 0
vertex 49.41256332397461 9.468840599060059 0
endloop
endfacet
facet normal 0 0 -1
outer loop
vertex 49.41256332397461 9.468840599060059 0
vertex 44.86256408691406 10.168840408325195 0
vertex 49.41256332397461 10.168840408325195 0
endloop
endfacet
facet normal 0 0 -1
outer loop
vertex 49.41256332397461 9.468840599060059 0
vertex 54.41256332397461 9.468840599060059 0
vertex 49.41256332397461 5.9688401222229 0
endloop
endfacet
facet normal 0 0 -1
outer loop
vertex 49.41256332397461 5.9688401222229 0
vertex 54.41256332397461 9.468840599060059 0
vertex 54.41256332397461 5.9688401222229 0
endloop
endfacet
facet normal 0 0 -1
outer loop
vertex 58.962562561035156 5.268840312957764 0
vertex 54.41256332397461 5.9688401222229 0
vertex 54.41256332397461 9.468840599060059 0
endloop
endfacet
facet normal 0 0 -1
outer loop
vertex 54.41256332397461 9.468840599060059 0
vertex 54.41256332397461 10.168840408325195 0
vertex 58.962562561035156 10.168840408325195 0
endloop
endfacet
facet normal 0 0 -1
outer loop
vertex -13.549899101257324 -62.34624481201172 0
vertex -13.44362735748291 -62.545066833496094 0
vertex -73.83695983886719 -66.38955688476562 0
endloop
endfacet
facet normal -0.9999999936621334 0.00011258655692884799 0
outer loop
vertex -77.280517578125 -2.024667501449585 0.20000000298023224
vertex -77.28246307373047 -19.30466651916504 0.20000000298023224
vertex -77.280517578125 -2.024667501449585 4.5
endloop
endfacet
facet normal -0.999999998952262 -0.00004577636713953836 0
outer loop
vertex -76.57305145263672 -20.024747848510742 0.20000000298023224
vertex -76.57302856445312 -20.524747848510742 0.20000000298023224
vertex -76.57305145263672 -20.024747848510742 4.5
endloop
endfacet
facet normal -0.9999999932068836 0.00011655999581735812 0
outer loop
vertex -77.28246307373047 -19.30466651916504 0.20000000298023224
vertex -77.28254699707031 -20.024667739868164 0.20000000298023224
vertex -77.28254699707031 -20.024667739868164 4.5
endloop
endfacet
facet normal -0.00011290929547900778 -0.9999999936257455 0
outer loop
vertex -76.57305145263672 -20.024747848510742 0.20000000298023224
vertex -77.28254699707031 -20.024667739868164 4.5
vertex -77.28254699707031 -20.024667739868164 0.20000000298023224
endloop
endfacet
facet normal -0.9999999991647336 -0.000040868165551096326 -5.707211164616251e-7
outer loop
vertex -76.57302856445312 -20.524747848510742 0.20000000298023224
vertex -76.57292938232422 -22.951627731323242 0.20000000298023224
vertex -76.57305145263672 -20.024747848510742 4.5
endloop
endfacet
facet normal -0.9999999989484251 -0.00004577636713936272 0.00000277014319187481
outer loop
vertex -76.57292938232422 -22.951627731323242 0.20000000298023224
vertex -76.57290649414062 -23.451627731323242 0.20000000298023224
vertex -76.57305145263672 -20.024747848510742 4.5
endloop
endfacet
facet normal 0.00011282436934584402 0.9999999936353309 0
outer loop
vertex -76.57290649414062 -23.451627731323242 0.20000000298023224
vertex -77.2829360961914 -23.451547622680664 0.20000000298023224
vertex -76.57290649414062 -23.451627731323242 4.5
endloop
endfacet
facet normal -0.9999999936621349 0.00011258654605505875 0
outer loop
vertex -77.2829360961914 -23.451547622680664 0.20000000298023224
vertex -77.28488159179688 -40.73154830932617 0.20000000298023224
vertex -77.2829360961914 -23.451547622680664 4.5
endloop
endfacet
facet normal 0 0 -1
outer loop
vertex -36.037437438964844 -13.581159591674805 0
vertex -40.58743667602539 -14.281159400939941 0
vertex -40.58743667602539 -13.581159591674805 0
endloop
endfacet
facet normal 0 0 -1
outer loop
vertex -36.037437438964844 -13.581159591674805 0
vertex -45.58743667602539 -17.781160354614258 0
vertex -40.58743667602539 -14.281159400939941 0
endloop
endfacet
facet normal 0 0 -1
outer loop
vertex 47.669010162353516 5.268840312957764 0
vertex 22.975645065307617 45.39384078979492 0
vertex 44.86256408691406 10.168840408325195 0
endloop
endfacet
facet normal 0 0 -1
outer loop
vertex 44.86256408691406 10.168840408325195 0
vertex 36.369651794433594 29.416217803955078 0
vertex 44.86256408691406 24.268840789794922 0
endloop
endfacet
facet normal 0 0 -1
outer loop
vertex 36.369651794433594 29.416217803955078 0
vertex 40.58833694458008 31.120677947998047 0
vertex 40.850563049316406 30.471649169921875 0
endloop
endfacet
facet normal 0 0 -1
outer loop
vertex 44.86256408691406 24.268840789794922 0
vertex 36.369651794433594 29.416217803955078 0
vertex 40.850563049316406 30.471649169921875 0
endloop
endfacet
facet normal 0 0 -1
outer loop
vertex 44.86256408691406 24.268840789794922 0
vertex 45.486480712890625 32.34468078613281 0
vertex 49.41256332397461 24.968839645385742 0
endloop
endfacet
facet normal 0 0 -1
outer loop
vertex 44.86256408691406 24.268840789794922 0
vertex 40.850563049316406 30.471649169921875 0
vertex 45.486480712890625 32.34468078613281 0
endloop
endfacet
facet normal 0 0 -1
outer loop
vertex 44.86256408691406 24.268840789794922 0
vertex 49.41256332397461 24.968839645385742 0
vertex 49.41256332397461 24.268840789794922 0
endloop
endfacet
facet normal 0 0 -1
outer loop
vertex 49.41256332397461 24.968839645385742 0
vertex 45.486480712890625 32.34468078613281 0
vertex 54.41256332397461 24.968839645385742 0
endloop
endfacet
facet normal 0 0 -1
outer loop
vertex 58.962562561035156 24.268840789794922 0
vertex 45.486480712890625 32.34468078613281 0
vertex 49.44294357299805 34.69816970825195 0
endloop
endfacet
facet normal 0 0 -1
outer loop
vertex 45.486480712890625 32.34468078613281 0
vertex 58.962562561035156 24.268840789794922 0
vertex 54.41256332397461 24.968839645385742 0
endloop
endfacet
facet normal 0 0 -1
outer loop
vertex 54.41256332397461 24.268840789794922 0
vertex 54.41256332397461 24.968839645385742 0
vertex 58.962562561035156 24.268840789794922 0
endloop
endfacet
facet normal 0 0 -1
outer loop
vertex -45.58743667602539 -17.781160354614258 0
vertex -36.037437438964844 -13.581159591674805 0
vertex -40.58743667602539 -17.781160354614258 0
endloop
endfacet
facet normal 0 0 -1
outer loop
vertex -40.58743667602539 -18.481159210205078 0
vertex -40.58743667602539 -17.781160354614258 0
vertex -36.037437438964844 -18.481159210205078 0
endloop
endfacet
facet normal 0 0 -1
outer loop
vertex -45.58743667602539 -14.281159400939941 0
vertex -40.58743667602539 -14.281159400939941 0
vertex -45.58743667602539 -17.781160354614258 0
endloop
endfacet
facet normal 0 0 -1
outer loop
vertex -45.58743667602539 -14.281159400939941 0
vertex -50.13743591308594 -18.481159210205078 0
vertex -45.58743667602539 -13.581159591674805 0
endloop
endfacet
facet normal 0 0 -1
outer loop
vertex -45.58743667602539 -17.781160354614258 0
vertex -50.13743591308594 -18.481159210205078 0
vertex -45.58743667602539 -14.281159400939941 0
endloop
endfacet
facet normal 0 0 -1
outer loop
vertex -50.13743591308594 -18.481159210205078 0
vertex -45.58743667602539 -17.781160354614258 0
vertex -45.58743667602539 -18.481159210205078 0
endloop
endfacet
facet normal 0 0 -1
outer loop
vertex -50.13743591308594 -13.581159591674805 0
vertex -55.037437438964844 0.5188402533531189 0
vertex -50.13743591308594 0.5188402533531189 0
endloop
endfacet
facet normal 0 0 -1
outer loop
vertex -50.13743591308594 -13.581159591674805 0
vertex -55.037437438964844 -13.581159591674805 0
vertex -55.037437438964844 0.5188402533531189 0
endloop
endfacet
facet normal 0 0 -1
outer loop
vertex 65.1149673461914 -5.3609418869018555 0
vertex 58.962562561035156 5.268840312957764 0
vertex 58.962562561035156 10.168840408325195 0
endloop
endfacet
facet normal 0 0 -1
outer loop
vertex 65.61947631835938 64.51553344726562 0
vertex 61.105281829833984 57.72431945800781 0
vertex 64.34356689453125 65.4784164428711 0
endloop
endfacet
facet normal 0 0 -1
outer loop
vertex 62.856773376464844 65.98808288574219 0
vertex 64.34356689453125 65.4784164428711 0
vertex 61.105281829833984 57.72431945800781 0
endloop
endfacet
facet normal 0 0 -1
outer loop
vertex 58.962562561035156 5.268840312957764 0
vertex 54.41256332397461 9.468840599060059 0
vertex 58.962562561035156 10.168840408325195 0
endloop
endfacet
facet normal 0 0 -1
outer loop
vertex 65.1149673461914 -5.3609418869018555 0
vertex 58.962562561035156 10.168840408325195 0
vertex 65.11695861816406 13.639058113098145 0
endloop
endfacet
facet normal 0 0 -1
outer loop
vertex 61.105281829833984 57.72431945800781 0
vertex 65.61947631835938 64.51553344726562 0
vertex 65.21060943603516 62.91357421875 0
endloop
endfacet
facet normal 0 0 -1
outer loop
vertex 61.28520965576172 66.01007843017578 0
vertex 62.856773376464844 65.98808288574219 0
vertex 61.105281829833984 57.72431945800781 0
endloop
endfacet
facet normal 0 0 -1
outer loop
vertex 65.11710357666016 14.96663761138916 0
vertex 66.41709899902344 14.966501235961914 0
vertex 65.11695861816406 13.639058113098145 0
endloop
endfacet
facet normal 0 0 -1
outer loop
vertex 65.11695861816406 13.639058113098145 0
vertex 66.41709899902344 14.966501235961914 0
vertex 66.41696166992188 13.638921737670898 0
endloop
endfacet
facet normal 0 0 -1
outer loop
vertex 59.75259780883789 65.53221893310547 0
vertex 61.28520965576172 66.01007843017578 0
vertex 61.105281829833984 57.72431945800781 0
endloop
endfacet
facet normal 0.99999999464975 -0.00010344322204774767 0
outer loop
vertex 66.41696166992188 13.638921737670898 0
vertex 66.41709899902344 14.966501235961914 0
vertex 66.41709899902344 14.966501235961914 0.20000000298023224
endloop
endfacet
facet normal 0 0 -1
outer loop
vertex 61.105281829833984 57.72431945800781 0
vertex 56.81486892700195 56.055538177490234 0
vertex 59.75259780883789 65.53221893310547 0
endloop
endfacet
facet normal 0.99999999464975 -0.00010344322204774767 0
outer loop
vertex 66.41696166992188 13.638921737670898 0.20000000298023224
vertex 66.41696166992188 13.638921737670898 0
vertex 66.41709899902344 14.966501235961914 0.20000000298023224
endloop
endfacet
facet normal 0 0 -1
outer loop
vertex 57.16486740112305 55.449317932128906 0
vertex 56.81486892700195 56.055538177490234 0
vertex 61.105281829833984 57.72431945800781 0
endloop
endfacet
facet normal 0 0 -1
outer loop
vertex -69.13743591308594 -13.581159591674805 0
vertex -75.28045654296875 -1.5248931646347046 0
vertex -69.13743591308594 0.5188402533531189 0
endloop
endfacet
facet normal 0 0 -1
outer loop
vertex -69.13743591308594 -18.481159210205078 0
vertex -64.58744049072266 -17.781160354614258 0
vertex -64.58744049072266 -18.481159210205078 0
endloop
endfacet
facet normal 0 0 -1
outer loop
vertex -64.58744049072266 -17.781160354614258 0
vertex -69.13743591308594 -18.481159210205078 0
vertex -64.58744049072266 -14.281159400939941 0
endloop
endfacet
facet normal 0 0 -1
outer loop
vertex 65.11695861816406 13.639058113098145 0
vertex 58.962562561035156 10.168840408325195 0
vertex 58.962562561035156 24.268840789794922 0
endloop
endfacet
facet normal 0 0 -1
outer loop
vertex 65.11710357666016 14.96663761138916 0
vertex 65.11695861816406 13.639058113098145 0
vertex 58.962562561035156 24.268840789794922 0
endloop
endfacet
facet normal 0 0 -1
outer loop
vertex -64.58744049072266 -14.281159400939941 0
vertex -69.13743591308594 -18.481159210205078 0
vertex -64.58744049072266 -13.581159591674805 0
endloop
endfacet
facet normal 0 0 -1
outer loop
vertex -64.58744049072266 -14.281159400939941 0
vertex -59.58743667602539 -14.281159400939941 0
vertex -64.58744049072266 -17.781160354614258 0
endloop
endfacet
facet normal 0.8658669562521079 0.5002743388089281 0
outer loop
vertex 75.96316528320312 46.8661003112793 0
vertex 75.82658386230469 47.10249328613281 0
vertex 75.82658386230469 47.10249328613281 0.20000000298023224
endloop
endfacet
facet normal 0 0 -1
outer loop
vertex 76.4410400390625 45.33343505859375 0
vertex 75.82658386230469 47.10249328613281 0
vertex 75.96316528320312 46.8661003112793 0
endloop
endfacet
facet normal 0 0 -1
outer loop
vertex 75.82658386230469 47.10249328613281 0
vertex 76.4190444946289 43.76186752319336 0
vertex 74.70063781738281 46.45333480834961 0
endloop
endfacet
facet normal 0 0 -1
outer loop
vertex 58.962562561035156 24.268840789794922 0
vertex 49.44294357299805 34.69816970825195 0
vertex 65.11909484863281 33.966636657714844 0
endloop
endfacet
facet normal 0 0 -1
outer loop
vertex 58.962562561035156 24.268840789794922 0
vertex 65.11909484863281 33.966636657714844 0
vertex 65.11710357666016 14.96663761138916 0
endloop
endfacet
facet normal 0 0 -1
outer loop
vertex 76.4190444946289 43.76186752319336 0
vertex 75.82658386230469 47.10249328613281 0
vertex 76.4410400390625 45.33343505859375 0
endloop
endfacet
facet normal 0 0 -1
outer loop
vertex 75.90938568115234 42.27507781982422 0
vertex 74.70063781738281 46.45333480834961 0
vertex 76.4190444946289 43.76186752319336 0
endloop
endfacet
facet normal 0 0 -1
outer loop
vertex 74.94650268554688 40.999168395996094 0
vertex 74.70063781738281 46.45333480834961 0
vertex 75.90938568115234 42.27507781982422 0
endloop
endfacet
facet normal 0 0 -1
outer loop
vertex -45.58743667602539 -13.581159591674805 0
vertex -55.037437438964844 -18.481159210205078 0
vertex -50.13743591308594 -13.581159591674805 0
endloop
endfacet
facet normal 0 0 -1
outer loop
vertex -50.13743591308594 -18.481159210205078 0
vertex -55.037437438964844 -18.481159210205078 0
vertex -45.58743667602539 -13.581159591674805 0
endloop
endfacet
facet normal 0 0 -1
outer loop
vertex -55.037437438964844 -18.481159210205078 0
vertex -55.037437438964844 -13.581159591674805 0
vertex -50.13743591308594 -13.581159591674805 0
endloop
endfacet
facet normal 0 0 -1
outer loop
vertex -55.037437438964844 -13.581159591674805 0
vertex -59.58743667602539 -14.281159400939941 0
vertex -59.58743667602539 -13.581159591674805 0
endloop
endfacet
facet normal 0 0 -1
outer loop
vertex -59.58743667602539 -18.481159210205078 0
vertex -55.037437438964844 -13.581159591674805 0
vertex -55.037437438964844 -18.481159210205078 0
endloop
endfacet
facet normal 0 0 -1
outer loop
vertex -59.58743667602539 -17.781160354614258 0
vertex -55.037437438964844 -13.581159591674805 0
vertex -59.58743667602539 -18.481159210205078 0
endloop
endfacet
facet normal 0 0 -1
outer loop
vertex -40.58743667602539 -33.281158447265625 0
vertex -40.58743667602539 -32.58116149902344 0
vertex -36.037437438964844 -32.58116149902344 0
endloop
endfacet
facet normal 0 0 -1
outer loop
vertex -36.037437438964844 -37.48115921020508 0
vertex -40.58743667602539 -36.781158447265625 0
vertex -40.58743667602539 -33.281158447265625 0
endloop
endfacet
facet normal 0 0 -1
outer loop
vertex -40.58743667602539 -36.781158447265625 0
vertex -45.58743667602539 -33.281158447265625 0
vertex -40.58743667602539 -33.281158447265625 0
endloop
endfacet
facet normal 0 0 -1
outer loop
vertex -45.58743667602539 -36.781158447265625 0
vertex -45.58743667602539 -33.281158447265625 0
vertex -40.58743667602539 -36.781158447265625 0
endloop
endfacet
facet normal 0 0 -1
outer loop
vertex -45.58743667602539 -33.281158447265625 0
vertex -50.13743591308594 -32.58116149902344 0
vertex -45.58743667602539 -32.58116149902344 0
endloop
endfacet
facet normal 0 0 -1
outer loop
vertex -45.58743667602539 -36.781158447265625 0
vertex -50.13743591308594 -32.58116149902344 0
vertex -45.58743667602539 -33.281158447265625 0
endloop
endfacet
facet normal 0 0 -1
outer loop
vertex -50.13743591308594 -32.58116149902344 0
vertex -55.037437438964844 -18.481159210205078 0
vertex -50.13743591308594 -18.481159210205078 0
endloop
endfacet
facet normal 0.9999999942956493 -0.00010681152282820962 0
outer loop
vertex 66.41690826416016 13.138921737670898 0.20000000298023224
vertex 66.41696166992188 13.638921737670898 0.20000000298023224
vertex 66.41690826416016 13.138921737670898 4.5
endloop
endfacet
facet normal 0.9999999946496732 -0.00010344322204773972 3.916628861183969e-7
outer loop
vertex 66.41690826416016 13.138921737670898 4.5
vertex 66.41696166992188 13.638921737670898 0.20000000298023224
vertex 66.41709899902344 14.966501235961914 0.20000000298023224
endloop
endfacet
facet normal 0.9999999942951086 -0.00010681152282815186 -0.0000010399272353358236
outer loop
vertex 66.41690826416016 13.138921737670898 4.5
vertex 66.41709899902344 14.966501235961914 0.20000000298023224
vertex 66.41715240478516 15.466501235961914 0.20000000298023224
endloop
endfacet
facet normal 0.9999999944790146 -0.0001050807822032473 0
outer loop
vertex 67.11502075195312 -4.861151695251465 4.5
vertex 67.11502075195312 -4.861151695251465 0.20000000298023224
vertex 67.11683654785156 12.418848037719727 0.20000000298023224
endloop
endfacet
facet normal 0.9999999943858394 -0.00010596377303999092 0
outer loop
vertex 67.11691284179688 13.138848304748535 0.20000000298023224
vertex 67.11691284179688 13.138848304748535 4.5
vertex 67.11683654785156 12.418848037719727 0.20000000298023224
endloop
endfacet
facet normal 0.000104903488213095 0.9999999944976291 0
outer loop
vertex 67.11691284179688 13.138848304748535 0.20000000298023224
vertex 66.41690826416016 13.138921737670898 0.20000000298023224
vertex 67.11691284179688 13.138848304748535 4.5
endloop
endfacet
facet normal 0 0 -1
outer loop
vertex -50.13743591308594 -32.58116149902344 0
vertex -55.037437438964844 -32.58116149902344 0
vertex -55.037437438964844 -18.481159210205078 0
endloop
endfacet
facet normal -0.000104903488213095 -0.9999999944976291 0
outer loop
vertex 67.11715698242188 15.46642780303955 0.20000000298023224
vertex 66.41715240478516 15.466501235961914 4.5
vertex 66.41715240478516 15.466501235961914 0.20000000298023224
endloop
endfacet
facet normal 0.9999999945253107 -0.0001046392778664575 0
outer loop
vertex 67.11715698242188 15.46642780303955 0.20000000298023224
vertex 67.11896514892578 32.74642562866211 0.20000000298023224
vertex 67.11715698242188 15.46642780303955 4.5
endloop
endfacet
facet normal 0 0 -1
outer loop
vertex 49.44294357299805 34.69816970825195 0
vertex 45.486480712890625 32.34468078613281 0
vertex 45.22425842285156 32.993709564208984 0
endloop
endfacet
facet normal 0 0 -1
outer loop
vertex 35.044158935546875 44.84299850463867 0
vertex 41.23576736450195 54.62910079956055 0
vertex 39.68008041381836 46.71603012084961 0
endloop
endfacet
facet normal 0 0 -1
outer loop
vertex 39.68008041381836 46.71603012084961 0
vertex 44.16099166870117 47.771461486816406 0
vertex 39.94230270385742 46.06700134277344 0
endloop
endfacet
facet normal 0 0 -1
outer loop
vertex 44.16099166870117 47.771461486816406 0
vertex 41.23576736450195 54.62910079956055 0
vertex 55.9443244934082 38.46335983276367 0
endloop
endfacet
facet normal 0 0 -1
outer loop
vertex 65.11909484863281 33.966636657714844 0
vertex 49.44294357299805 34.69816970825195 0
vertex 55.9443244934082 38.46335983276367 0
endloop
endfacet
facet normal 0 0 -1
outer loop
vertex 55.9443244934082 38.46335983276367 0
vertex 49.44294357299805 34.69816970825195 0
vertex 44.16099166870117 47.771461486816406 0
endloop
endfacet
facet normal 0 0 -1
outer loop
vertex 55.9443244934082 38.46335983276367 0
vertex 42.671878814697266 55.66017532348633 0
vertex 48.894325256347656 50.674320220947266 0
endloop
endfacet
facet normal 0 0 -1
outer loop
vertex -45.58743667602539 -36.781158447265625 0
vertex -50.13743591308594 -37.48115921020508 0
vertex -50.13743591308594 -32.58116149902344 0
endloop
endfacet
facet normal 0 0 -1
outer loop
vertex -50.13743591308594 -37.48115921020508 0
vertex -55.037437438964844 -37.48115921020508 0
vertex -50.13743591308594 -32.58116149902344 0
endloop
endfacet
facet normal 0 0 -1
outer loop
vertex -50.13743591308594 -32.58116149902344 0
vertex -59.58743667602539 -37.48115921020508 0
vertex -55.037437438964844 -32.58116149902344 0
endloop
endfacet
facet normal 0 0 -1
outer loop
vertex -55.037437438964844 -37.48115921020508 0
vertex -59.58743667602539 -37.48115921020508 0
vertex -50.13743591308594 -32.58116149902344 0
endloop
endfacet
facet normal 0 0 -1
outer loop
vertex -55.037437438964844 -32.58116149902344 0
vertex -59.58743667602539 -33.281158447265625 0
vertex -59.58743667602539 -32.58116149902344 0
endloop
endfacet
facet normal 0 0 -1
outer loop
vertex 44.16099166870117 47.771461486816406 0
vertex 39.68008041381836 46.71603012084961 0
vertex 41.23576736450195 54.62910079956055 0
endloop
endfacet
facet normal 0 0 -1
outer loop
vertex 55.9443244934082 38.46335983276367 0
vertex 41.23576736450195 54.62910079956055 0
vertex 41.309879302978516 54.670310974121094 0
endloop
endfacet
facet normal 0 0 -1
outer loop
vertex 42.671878814697266 55.66017532348633 0
vertex 55.9443244934082 38.46335983276367 0
vertex 41.309879302978516 54.670310974121094 0
endloop
endfacet
facet normal 0 0 -1
outer loop
vertex 48.894325256347656 50.674320220947266 0
vertex 52.4847412109375 53.555538177490234 0
vertex 52.834739685058594 52.949317932128906 0
endloop
endfacet
facet normal 0 0 -1
outer loop
vertex 48.894325256347656 50.674320220947266 0
vertex 42.671878814697266 55.66017532348633 0
vertex 52.4847412109375 53.555538177490234 0
endloop
endfacet
facet normal 0 0 -1
outer loop
vertex 52.4847412109375 53.555538177490234 0
vertex 42.671878814697266 55.66017532348633 0
vertex 59.75259780883789 65.53221893310547 0
endloop
endfacet
facet normal 0 0 -1
outer loop
vertex 52.4847412109375 53.555538177490234 0
vertex 59.75259780883789 65.53221893310547 0
vertex 56.81486892700195 56.055538177490234 0
endloop
endfacet
facet normal 0 0 -1
outer loop
vertex -55.037437438964844 -32.58116149902344 0
vertex -59.58743667602539 -36.781158447265625 0
vertex -59.58743667602539 -33.281158447265625 0
endloop
endfacet
facet normal 0 0 -1
outer loop
vertex -59.58743667602539 -36.781158447265625 0
vertex -55.037437438964844 -32.58116149902344 0
vertex -59.58743667602539 -37.48115921020508 0
endloop
endfacet
facet normal 0 0 -1
outer loop
vertex -55.037437438964844 -13.581159591674805 0
vertex -64.58744049072266 -17.781160354614258 0
vertex -59.58743667602539 -14.281159400939941 0
endloop
endfacet
facet normal 0 0 -1
outer loop
vertex -64.58744049072266 -17.781160354614258 0
vertex -55.037437438964844 -13.581159591674805 0
vertex -59.58743667602539 -17.781160354614258 0
endloop
endfacet
facet normal 0 0 -1
outer loop
vertex 55.9443244934082 38.46335983276367 0
vertex 59.88473892211914 40.73836135864258 0
vertex 60.2347412109375 40.132144927978516 0
endloop
endfacet
facet normal 0 0 -1
outer loop
vertex 55.9443244934082 38.46335983276367 0
vertex 60.2347412109375 40.132144927978516 0
vertex 66.65090942382812 35.07616424560547 0
endloop
endfacet
facet normal 0 0 -1
outer loop
vertex 6.862562656402588 -18.331159591674805 0
vertex 11.412562370300293 -18.331159591674805 0
vertex 6.862562656402588 -23.231159210205078 0
endloop
endfacet
facet normal 0 0 1
outer loop
vertex 67.11050415039062 -47.84389114379883 4.5
vertex 66.41050720214844 -47.843814849853516 4.5
vertex 67.10989379882812 -53.677223205566406 4.5
endloop
endfacet
facet normal -0.00010270314628276557 -0.9999999947260318 0
outer loop
vertex 65.11055755615234 -47.34368133544922 5
vertex 65.11055755615234 -47.34368133544922 4.5
vertex 66.41056060791016 -47.343814849853516 5
endloop
endfacet
facet normal -0.00010270314628276557 -0.9999999947260318 0
outer loop
vertex 65.11055755615234 -47.34368133544922 4.5
vertex 66.41056060791016 -47.343814849853516 4.5
vertex 66.41056060791016 -47.343814849853516 5
endloop
endfacet
facet normal 0 0 1
outer loop
vertex 65.11055755615234 -47.34368133544922 4.5
vertex 66.41050720214844 -47.843814849853516 4.5
vertex 66.41056060791016 -47.343814849853516 4.5
endloop
endfacet
facet normal 0 0 1
outer loop
vertex 65.11055755615234 -47.34368133544922 4.5
vertex 67.10989379882812 -53.677223205566406 4.5
vertex 66.41050720214844 -47.843814849853516 4.5
endloop
endfacet
facet normal 0.9999999945080831 -0.00010480378745896577 0
outer loop
vertex 65.11055755615234 -47.34368133544922 5
vertex 65.10856628417969 -66.34368133544922 4.5
vertex 65.11055755615234 -47.34368133544922 4.5
endloop
endfacet
facet normal 0 0 1
outer loop
vertex 67.10989379882812 -53.677223205566406 4.5
vertex 66.40861511230469 -65.84381866455078 4.5
vertex 67.10861206054688 -65.84388732910156 4.5
endloop
endfacet
facet normal 0.9999999945080831 -0.00010480378745896577 0
outer loop
vertex 65.10856628417969 -66.34368133544922 5
vertex 65.10856628417969 -66.34368133544922 4.5
vertex 65.11055755615234 -47.34368133544922 5
endloop
endfacet
facet normal 0 0 1
outer loop
vertex 65.10856628417969 -66.34368133544922 4.5
vertex 67.10989379882812 -53.677223205566406 4.5
vertex 65.11055755615234 -47.34368133544922 4.5
endloop
endfacet
facet normal 0 0 1
outer loop
vertex 65.10856628417969 -66.34368133544922 4.5
vertex 66.40861511230469 -65.84381866455078 4.5
vertex 67.10989379882812 -53.677223205566406 4.5
endloop
endfacet
facet normal 0.00010621724908217122 0.999999994358948 0
outer loop
vertex 66.40147399902344 -66.34381866455078 4.5
vertex 65.10856628417969 -66.34368133544922 5
vertex 66.40147399902344 -66.34381866455078 5
endloop
endfacet
facet normal 0.00010621724908217122 0.999999994358948 0
outer loop
vertex 66.40147399902344 -66.34381866455078 4.5
vertex 65.10856628417969 -66.34368133544922 4.5
vertex 65.10856628417969 -66.34368133544922 5
endloop
endfacet
facet normal 0 0 1
outer loop
vertex 65.10856628417969 -66.34368133544922 4.5
vertex 66.4085693359375 -66.29413604736328 4.5
vertex 66.40861511230469 -65.84381866455078 4.5
endloop
endfacet
facet normal 0 0 1
outer loop
vertex 65.10856628417969 -66.34368133544922 4.5
vertex 66.40147399902344 -66.34381866455078 4.5
vertex 66.4085693359375 -66.29413604736328 4.5
endloop
endfacet
facet normal 0 0 1
outer loop
vertex 66.57164764404297 63.12112045288086 4.5
vertex 65.21060943603516 62.91357421875 4.5
vertex 70.10660552978516 58.425777435302734 4.5
endloop
endfacet
facet normal 0.49947382682994523 -0.8663289769549728 0
outer loop
vertex 65.21060943603516 62.91357421875 4.5
vertex 66.32151794433594 63.55405807495117 5
vertex 65.21060943603516 62.91357421875 5
endloop
endfacet
facet normal 0 0 1
outer loop
vertex 74.70063781738281 46.45333480834961 4.5
vertex 75.82658386230469 47.10249328613281 4.5
vertex 75.57645416259766 47.535430908203125 4.5
endloop
endfacet
facet normal -0.4994766398148513 0.8663273551488868 0
outer loop
vertex 75.82658386230469 47.10249328613281 4.5
vertex 74.70063781738281 46.45333480834961 4.5
vertex 74.70063781738281 46.45333480834961 5
endloop
endfacet
facet normal -0.4994766398148513 0.8663273551488868 0
outer loop
vertex 74.70063781738281 46.45333480834961 5
vertex 75.82658386230469 47.10249328613281 5
vertex 75.82658386230469 47.10249328613281 4.5
endloop
endfacet
facet normal 0.866328245881245 0.4994750948629222 0
outer loop
vertex 74.70063781738281 46.45333480834961 5
vertex 74.70063781738281 46.45333480834961 4.5
vertex 65.21060943603516 62.91357421875 5
endloop
endfacet
facet normal 0 0 1
outer loop
vertex 70.10660552978516 58.425777435302734 4.5
vertex 75.57645416259766 47.535430908203125 4.5
vertex 76.18355560302734 47.88545227050781 4.5
endloop
endfacet
facet normal 0 0 1
outer loop
vertex 70.10660552978516 58.425777435302734 4.5
vertex 74.70063781738281 46.45333480834961 4.5
vertex 75.57645416259766 47.535430908203125 4.5
endloop
endfacet
facet normal 0 0 1
outer loop
vertex 67.19300079345703 63.4793586730957 4.5
vertex 66.57164764404297 63.12112045288086 4.5
vertex 70.10660552978516 58.425777435302734 4.5
endloop
endfacet
facet normal 0.866328245881245 0.4994750948629222 0
outer loop
vertex 74.70063781738281 46.45333480834961 4.5
vertex 65.21060943603516 62.91357421875 4.5
vertex 65.21060943603516 62.91357421875 5
endloop
endfacet
facet normal 0 0 1
outer loop
vertex 74.70063781738281 46.45333480834961 4.5
vertex 70.10660552978516 58.425777435302734 4.5
vertex 65.21060943603516 62.91357421875 4.5
endloop
endfacet
facet normal 0 0 1
outer loop
vertex 66.57164764404297 63.12112045288086 4.5
vertex 66.32151794433594 63.55405807495117 4.5
vertex 65.21060943603516 62.91357421875 4.5
endloop
endfacet
facet normal 0.49947382682994523 -0.8663289769549728 0
outer loop
vertex 65.21060943603516 62.91357421875 4.5
vertex 66.32151794433594 63.55405807495117 4.5
vertex 66.32151794433594 63.55405807495117 5
endloop
endfacet
facet normal 0.00011322996492281324 0.9999999935894874 0
outer loop
vertex -75.27777099609375 22.32886505126953 4.5
vertex -76.5748291015625 22.329011917114258 4.5
vertex -76.5748291015625 22.329011917114258 5
endloop
endfacet
facet normal 0.00011322996492281324 0.9999999935894874 0
outer loop
vertex -75.27777099609375 22.32886505126953 4.5
vertex -76.5748291015625 22.329011917114258 5
vertex -75.27777099609375 22.32886505126953 5
endloop
endfacet
facet normal 0 0 1
outer loop
vertex -77.27705383300781 28.662424087524414 4.5
vertex -75.27777099609375 22.32886505126953 4.5
vertex -75.27562713623047 41.32886505126953 4.5
endloop
endfacet
facet normal -0.999999993634162 0.00011283472892809398 0
outer loop
vertex -75.27562713623047 41.32886505126953 4.5
vertex -75.27777099609375 22.32886505126953 4.5
vertex -75.27777099609375 22.32886505126953 5
endloop
endfacet
facet normal -0.0001130272864446726 -0.9999999936124162 0
outer loop
vertex -76.55813598632812 41.329010009765625 4.5
vertex -75.27562713623047 41.32886505126953 5
vertex -76.55813598632812 41.329010009765625 5
endloop
endfacet
facet normal -0.0001130272864446726 -0.9999999936124162 0
outer loop
vertex -76.55813598632812 41.329010009765625 4.5
vertex -75.27562713623047 41.32886505126953 4.5
vertex -75.27562713623047 41.32886505126953 5
endloop
endfacet
facet normal 0 0 1
outer loop
vertex -76.5748519897461 22.829011917114258 4.5
vertex -76.5748291015625 22.329011917114258 4.5
vertex -75.27777099609375 22.32886505126953 4.5
endloop
endfacet
facet normal 0 0 1
outer loop
vertex -76.55813598632812 41.329010009765625 4.5
vertex -76.57562255859375 41.25130844116211 4.5
vertex -75.27562713623047 41.32886505126953 4.5
endloop
endfacet
facet normal 0 0 1
outer loop
vertex -76.57562255859375 41.25130844116211 4.5
vertex -76.57560729980469 40.82901382446289 4.5
vertex -75.27562713623047 41.32886505126953 4.5
endloop
endfacet
facet normal 0 0 1
outer loop
vertex -77.27705383300781 28.662424087524414 4.5
vertex -76.5748519897461 22.829011917114258 4.5
vertex -75.27777099609375 22.32886505126953 4.5
endloop
endfacet
facet normal 0 0 1
outer loop
vertex -77.27705383300781 28.662424087524414 4.5
vertex -77.2777099609375 22.829090118408203 4.5
vertex -76.5748519897461 22.829011917114258 4.5
endloop
endfacet
facet normal -0.999999993634162 0.00011283472892809398 0
outer loop
vertex -75.27562713623047 41.32886505126953 4.5
vertex -75.27777099609375 22.32886505126953 5
vertex -75.27562713623047 41.32886505126953 5
endloop
endfacet
facet normal 0 0 1
outer loop
vertex -76.57560729980469 40.82901382446289 4.5
vertex -77.27705383300781 28.662424087524414 4.5
vertex -75.27562713623047 41.32886505126953 4.5
endloop
endfacet
facet normal 0 0 1
outer loop
vertex -77.27568054199219 40.8290901184082 4.5
vertex -77.27705383300781 28.662424087524414 4.5
vertex -76.57560729980469 40.82901382446289 4.5
endloop
endfacet
facet normal 0 0 1
outer loop
vertex -76.57125091552734 -62.87850570678711 4.5
vertex -76.57123565673828 -63.37850570678711 4.5
vertex -75.28743743896484 -63.3786506652832 4.5
endloop
endfacet
facet normal 0 0 1
outer loop
vertex -76.57202911376953 -44.37850570678711 4.5
vertex -76.57200622558594 -44.87850570678711 4.5
vertex -75.28529357910156 -44.3786506652832 4.5
endloop
endfacet
facet normal 0 0 1
outer loop
vertex -77.2867202758789 -57.04509353637695 4.5
vertex -77.28738403320312 -62.87842559814453 4.5
vertex -76.57125091552734 -62.87850570678711 4.5
endloop
endfacet
facet normal 0 0 1
outer loop
vertex -77.2867202758789 -57.04509353637695 4.5
vertex -75.28743743896484 -63.3786506652832 4.5
vertex -75.28529357910156 -44.3786506652832 4.5
endloop
endfacet
facet normal 0 0 1
outer loop
vertex -77.2867202758789 -57.04509353637695 4.5
vertex -76.57125091552734 -62.87850570678711 4.5
vertex -75.28743743896484 -63.3786506652832 4.5
endloop
endfacet
facet normal -0.999999993634162 0.00011283472892809398 0
outer loop
vertex -75.28529357910156 -44.3786506652832 4.5
vertex -75.28743743896484 -63.3786506652832 4.5
vertex -75.28743743896484 -63.3786506652832 5
endloop
endfacet
facet normal 0 0 1
outer loop
vertex -77.28534698486328 -44.87842559814453 4.5
vertex -77.2867202758789 -57.04509353637695 4.5
vertex -76.57200622558594 -44.87850570678711 4.5
endloop
endfacet
facet normal -0.00011265601304101221 -0.9999999936543114 0
outer loop
vertex -76.57202911376953 -44.37850570678711 4.5
vertex -75.28529357910156 -44.3786506652832 5
vertex -76.57202911376953 -44.37850570678711 5
endloop
endfacet
facet normal 0 0 1
outer loop
vertex -76.57200622558594 -44.87850570678711 4.5
vertex -77.2867202758789 -57.04509353637695 4.5
vertex -75.28529357910156 -44.3786506652832 4.5
endloop
endfacet
facet normal -0.00011265601304101221 -0.9999999936543114 0
outer loop
vertex -76.57202911376953 -44.37850570678711 4.5
vertex -75.28529357910156 -44.3786506652832 4.5
vertex -75.28529357910156 -44.3786506652832 5
endloop
endfacet
facet normal -0.999999993634162 0.00011283472892809398 0
outer loop
vertex -75.28529357910156 -44.3786506652832 4.5
vertex -75.28743743896484 -63.3786506652832 5
vertex -75.28529357910156 -44.3786506652832 5
endloop
endfacet
facet normal 0.0001129137688172554 0.9999999936252404 0
outer loop
vertex -75.28743743896484 -63.3786506652832 4.5
vertex -76.57123565673828 -63.37850570678711 4.5
vertex -76.57123565673828 -63.37850570678711 5
endloop
endfacet
facet normal 0.0001129137688172554 0.9999999936252404 0
outer loop
vertex -76.57123565673828 -63.37850570678711 5
vertex -75.28743743896484 -63.3786506652832 5
vertex -75.28743743896484 -63.3786506652832 4.5
endloop
endfacet
facet normal 0.9999999945080825 -0.00010480379271942285 0
outer loop
vertex 65.11710357666016 14.96663761138916 5
vertex 65.11710357666016 14.96663761138916 4.5
vertex 65.11909484863281 33.966636657714844 5
endloop
endfacet
facet normal 0 0 1
outer loop
vertex 65.11710357666016 14.96663761138916 4.5
vertex 66.41709899902344 14.966501235961914 4.5
vertex 66.41715240478516 15.466501235961914 4.5
endloop
endfacet
facet normal 0 0 1
outer loop
vertex 66.4190444946289 33.46649932861328 4.5
vertex 67.1184310913086 27.633094787597656 4.5
vertex 67.1190414428711 33.466426849365234 4.5
endloop
endfacet
facet normal 0 0 1
outer loop
vertex 67.1184310913086 27.633094787597656 4.5
vertex 66.41715240478516 15.466501235961914 4.5
vertex 67.11715698242188 15.46642780303955 4.5
endloop
endfacet
facet normal 0.9999999945080825 -0.00010480379271942285 0
outer loop
vertex 65.11909484863281 33.966636657714844 5
vertex 65.11710357666016 14.96663761138916 4.5
vertex 65.11909484863281 33.966636657714844 4.5
endloop
endfacet
facet normal 0 0 1
outer loop
vertex 65.11909484863281 33.966636657714844 4.5
vertex 66.4190444946289 33.46649932861328 4.5
vertex 66.41909790039062 33.96649932861328 4.5
endloop
endfacet
facet normal -0.00010563752185855385 -0.9999999944203569 0
outer loop
vertex 65.11909484863281 33.966636657714844 5
vertex 65.11909484863281 33.966636657714844 4.5
vertex 66.41909790039062 33.96649932861328 4.5
endloop
endfacet
facet normal -0.00010563752185855385 -0.9999999944203569 0
outer loop
vertex 65.11909484863281 33.966636657714844 5
vertex 66.41909790039062 33.96649932861328 4.5
vertex 66.41909790039062 33.96649932861328 5
endloop
endfacet
facet normal 0 0 1
outer loop
vertex 65.11909484863281 33.966636657714844 4.5
vertex 67.1184310913086 27.633094787597656 4.5
vertex 66.4190444946289 33.46649932861328 4.5
endloop
endfacet
facet normal 0 0 1
outer loop
vertex 65.11710357666016 14.96663761138916 4.5
vertex 67.1184310913086 27.633094787597656 4.5
vertex 65.11909484863281 33.966636657714844 4.5
endloop
endfacet
facet normal 0.0001049045436235241 0.9999999944975184 0
outer loop
vertex 66.41709899902344 14.966501235961914 4.5
vertex 65.11710357666016 14.96663761138916 4.5
vertex 65.11710357666016 14.96663761138916 5
endloop
endfacet
facet normal 0 0 1
outer loop
vertex 65.11710357666016 14.96663761138916 4.5
vertex 66.41715240478516 15.466501235961914 4.5
vertex 67.1184310913086 27.633094787597656 4.5
endloop
endfacet
facet normal 0.0001049045436235241 0.9999999944975184 0
outer loop
vertex 66.41709899902344 14.966501235961914 5
vertex 66.41709899902344 14.966501235961914 4.5
vertex 65.11710357666016 14.96663761138916 5
endloop
endfacet
facet normal 0 0 1
outer loop
vertex 65.1106948852539 -46.0161018371582 4.5
vertex 67.11203002929688 -33.34964370727539 4.5
vertex 65.1126937866211 -27.01609992980957 4.5
endloop
endfacet
facet normal 0 0 1
outer loop
vertex 67.11203002929688 -33.34964370727539 4.5
vertex 66.41075134277344 -45.5162353515625 4.5
vertex 67.11074829101562 -45.51631164550781 4.5
endloop
endfacet
facet normal 0.99999999446592 -0.00010520532397169416 0
outer loop
vertex 65.1106948852539 -46.0161018371582 5
vertex 65.1106948852539 -46.0161018371582 4.5
vertex 65.1126937866211 -27.01609992980957 5
endloop
endfacet
facet normal 0 0 1
outer loop
vertex 65.1106948852539 -46.0161018371582 4.5
vertex 66.41075134277344 -45.5162353515625 4.5
vertex 67.11203002929688 -33.34964370727539 4.5
endloop
endfacet
facet normal 0.00010270314628276557 0.9999999947260318 0
outer loop
vertex 65.1106948852539 -46.0161018371582 5
vertex 66.41069793701172 -46.0162353515625 5
vertex 66.41069793701172 -46.0162353515625 4.5
endloop
endfacet
facet normal 0.00010270314628276557 0.9999999947260318 0
outer loop
vertex 66.41069793701172 -46.0162353515625 4.5
vertex 65.1106948852539 -46.0161018371582 4.5
vertex 65.1106948852539 -46.0161018371582 5
endloop
endfacet
facet normal 0 0 1
outer loop
vertex 65.1106948852539 -46.0161018371582 4.5
vertex 66.41069793701172 -46.0162353515625 4.5
vertex 66.41075134277344 -45.5162353515625 4.5
endloop
endfacet
facet normal 0.99999999446592 -0.00010520532397169416 0
outer loop
vertex 65.1126937866211 -27.01609992980957 5
vertex 65.1106948852539 -46.0161018371582 4.5
vertex 65.1126937866211 -27.01609992980957 4.5
endloop
endfacet
facet normal 0 0 1
outer loop
vertex 65.1126937866211 -27.01609992980957 4.5
vertex 67.11203002929688 -33.34964370727539 4.5
vertex 66.41264343261719 -27.516237258911133 4.5
endloop
endfacet
facet normal 0 0 1
outer loop
vertex 66.41264343261719 -27.516237258911133 4.5
vertex 66.41268920898438 -27.016237258911133 4.5
vertex 65.1126937866211 -27.01609992980957 4.5
endloop
endfacet
facet normal -0.0001056381418225235 -0.9999999944202915 0
outer loop
vertex 65.1126937866211 -27.01609992980957 4.5
vertex 66.41268920898438 -27.016237258911133 4.5
vertex 66.41268920898438 -27.016237258911133 5
endloop
endfacet
facet normal -0.0001056381418225235 -0.9999999944202915 0
outer loop
vertex 65.1126937866211 -27.01609992980957 5
vertex 65.1126937866211 -27.01609992980957 4.5
vertex 66.41268920898438 -27.016237258911133 5
endloop
endfacet
facet normal 0 0 1
outer loop
vertex 67.11264038085938 -27.51630973815918 4.5
vertex 66.41264343261719 -27.516237258911133 4.5
vertex 67.11203002929688 -33.34964370727539 4.5
endloop
endfacet
facet normal 0 0 1
outer loop
vertex 65.11483001708984 -6.688521385192871 4.5
vertex 66.4147720336914 -7.188657760620117 4.5
vertex 66.41482543945312 -6.688657760620117 4.5
endloop
endfacet
facet normal 0 0 1
outer loop
vertex 65.11283111572266 -25.688520431518555 4.5
vertex 66.41283416748047 -25.688657760620117 4.5
vertex 66.41288757324219 -25.188657760620117 4.5
endloop
endfacet
facet normal 0.9999999944659183 -0.00010520533981352878 0
outer loop
vertex 65.11283111572266 -25.688520431518555 5
vertex 65.11283111572266 -25.688520431518555 4.5
vertex 65.11483001708984 -6.688521385192871 5
endloop
endfacet
facet normal 0.9999999944659183 -0.00010520533981352878 0
outer loop
vertex 65.11283111572266 -25.688520431518555 4.5
vertex 65.11483001708984 -6.688521385192871 4.5
vertex 65.11483001708984 -6.688521385192871 5
endloop
endfacet
facet normal 0 0 1
outer loop
vertex 65.11283111572266 -25.688520431518555 4.5
vertex 67.11416625976562 -13.022064208984375 4.5
vertex 65.11483001708984 -6.688521385192871 4.5
endloop
endfacet
facet normal 0 0 1
outer loop
vertex 67.11416625976562 -13.022064208984375 4.5
vertex 66.41288757324219 -25.188657760620117 4.5
vertex 67.11288452148438 -25.188730239868164 4.5
endloop
endfacet
facet normal 0 0 1
outer loop
vertex 67.11477661132812 -7.1887311935424805 4.5
vertex 66.4147720336914 -7.188657760620117 4.5
vertex 67.11416625976562 -13.022064208984375 4.5
endloop
endfacet
facet normal 0.00010563752185855385 0.9999999944203569 0
outer loop
vertex 66.41283416748047 -25.688657760620117 5
vertex 65.11283111572266 -25.688520431518555 4.5
vertex 65.11283111572266 -25.688520431518555 5
endloop
endfacet
facet normal -0.0001049045436235241 -0.9999999944975184 0
outer loop
vertex 65.11483001708984 -6.688521385192871 5
vertex 65.11483001708984 -6.688521385192871 4.5
vertex 66.41482543945312 -6.688657760620117 5
endloop
endfacet
facet normal 0 0 1
outer loop
vertex 65.11283111572266 -25.688520431518555 4.5
vertex 66.41288757324219 -25.188657760620117 4.5
vertex 67.11416625976562 -13.022064208984375 4.5
endloop
endfacet
facet normal 0.00010563752185855385 0.9999999944203569 0
outer loop
vertex 66.41283416748047 -25.688657760620117 4.5
vertex 65.11283111572266 -25.688520431518555 4.5
vertex 66.41283416748047 -25.688657760620117 5
endloop
endfacet
facet normal -0.0001049045436235241 -0.9999999944975184 0
outer loop
vertex 65.11483001708984 -6.688521385192871 4.5
vertex 66.41482543945312 -6.688657760620117 4.5
vertex 66.41482543945312 -6.688657760620117 5
endloop
endfacet
facet normal 0 0 1
outer loop
vertex 65.11483001708984 -6.688521385192871 4.5
vertex 67.11416625976562 -13.022064208984375 4.5
vertex 66.4147720336914 -7.188657760620117 4.5
endloop
endfacet
facet normal 0.00010490392796485965 0.999999994497583 0
outer loop
vertex 66.41497039794922 -5.361078262329102 4.5
vertex 65.1149673461914 -5.3609418869018555 4.5
vertex 65.1149673461914 -5.3609418869018555 5
endloop
endfacet
facet normal 0.00010490392796485965 0.999999994497583 0
outer loop
vertex 66.41497039794922 -5.361078262329102 5
vertex 66.41497039794922 -5.361078262329102 4.5
vertex 65.1149673461914 -5.3609418869018555 5
endloop
endfacet
facet normal 0 0 1
outer loop
vertex 65.1149673461914 -5.3609418869018555 4.5
vertex 66.4150161743164 -4.861078262329102 4.5
vertex 67.11629486083984 7.305514812469482 4.5
endloop
endfacet
facet normal 0 0 1
outer loop
vertex 65.1149673461914 -5.3609418869018555 4.5
vertex 67.11629486083984 7.305514812469482 4.5
vertex 65.11695861816406 13.639058113098145 4.5
endloop
endfacet
facet normal 0.9999999945080831 -0.00010480378745896577 0
outer loop
vertex 65.1149673461914 -5.3609418869018555 5
vertex 65.1149673461914 -5.3609418869018555 4.5
vertex 65.11695861816406 13.639058113098145 5
endloop
endfacet
facet normal 0.9999999945080831 -0.00010480378745896577 0
outer loop
vertex 65.11695861816406 13.639058113098145 5
vertex 65.1149673461914 -5.3609418869018555 4.5
vertex 65.11695861816406 13.639058113098145 4.5
endloop
endfacet
facet normal 0 0 1
outer loop
vertex 65.11695861816406 13.639058113098145 4.5
vertex 67.11629486083984 7.305514812469482 4.5
vertex 66.41690826416016 13.138921737670898 4.5
endloop
endfacet
facet normal 0 0 1
outer loop
vertex 66.41690826416016 13.138921737670898 4.5
vertex 66.41696166992188 13.638921737670898 4.5
vertex 65.11695861816406 13.639058113098145 4.5
endloop
endfacet
facet normal -0.00010490392796485965 -0.999999994497583 0
outer loop
vertex 65.11695861816406 13.639058113098145 4.5
vertex 66.41696166992188 13.638921737670898 4.5
vertex 66.41696166992188 13.638921737670898 5
endloop
endfacet
facet normal -0.00010490392796485965 -0.999999994497583 0
outer loop
vertex 65.11695861816406 13.639058113098145 5
vertex 65.11695861816406 13.639058113098145 4.5
vertex 66.41696166992188 13.638921737670898 5
endloop
endfacet
facet normal 0 0 1
outer loop
vertex 67.11629486083984 7.305514812469482 4.5
vertex 66.4150161743164 -4.861078262329102 4.5
vertex 67.11502075195312 -4.861151695251465 4.5
endloop
endfacet
facet normal 0 0 1
outer loop
vertex 67.11691284179688 13.138848304748535 4.5
vertex 66.41690826416016 13.138921737670898 4.5
vertex 67.11629486083984 7.305514812469482 4.5
endloop
endfacet
facet normal 0 0 1
outer loop
vertex 65.1149673461914 -5.3609418869018555 4.5
vertex 66.41497039794922 -5.361078262329102 4.5
vertex 66.4150161743164 -4.861078262329102 4.5
endloop
endfacet
facet normal -0.00011326260966778146 -0.9999999935857906 0
outer loop
vertex -76.5747299194336 19.902132034301758 5
vertex -76.5747299194336 19.902132034301758 4.5
vertex -75.27804565429688 19.90198516845703 5
endloop
endfacet
facet normal 0 0 1
outer loop
vertex -77.27947235107422 7.2355451583862305 4.5
vertex -76.5739517211914 1.4021321535110474 4.5
vertex -75.28018188476562 0.9019861817359924 4.5
endloop
endfacet
facet normal 0.00011282869059063684 0.9999999936348433 0
outer loop
vertex -75.28018188476562 0.9019861817359924 4.5
vertex -76.57392883300781 0.9021321535110474 4.5
vertex -76.57392883300781 0.9021321535110474 5
endloop
endfacet
facet normal 0 0 1
outer loop
vertex -76.5739517211914 1.4021321535110474 4.5
vertex -76.57392883300781 0.9021321535110474 4.5
vertex -75.28018188476562 0.9019861817359924 4.5
endloop
endfacet
facet normal 0.00011282869059063684 0.9999999936348433 0
outer loop
vertex -75.28018188476562 0.9019861817359924 4.5
vertex -76.57392883300781 0.9021321535110474 5
vertex -75.28018188476562 0.9019861817359924 5
endloop
endfacet
facet normal -0.00011326260966778146 -0.9999999935857906 0
outer loop
vertex -76.5747299194336 19.902132034301758 4.5
vertex -75.27804565429688 19.90198516845703 4.5
vertex -75.27804565429688 19.90198516845703 5
endloop
endfacet
facet normal 0 0 1
outer loop
vertex -76.5747299194336 19.902132034301758 4.5
vertex -76.57470703125 19.402132034301758 4.5
vertex -75.27804565429688 19.90198516845703 4.5
endloop
endfacet
facet normal 0 0 1
outer loop
vertex -76.57470703125 19.402132034301758 4.5
vertex -77.27947235107422 7.2355451583862305 4.5
vertex -75.27804565429688 19.90198516845703 4.5
endloop
endfacet
facet normal 0 0 1
outer loop
vertex -77.2780990600586 19.402212142944336 4.5
vertex -77.27947235107422 7.2355451583862305 4.5
vertex -76.57470703125 19.402132034301758 4.5
endloop
endfacet
facet normal -0.9999999936793891 0.000112433187851258 0
outer loop
vertex -75.27804565429688 19.90198516845703 4.5
vertex -75.28018188476562 0.9019861817359924 5
vertex -75.27804565429688 19.90198516845703 5
endloop
endfacet
facet normal 0 0 1
outer loop
vertex -77.27947235107422 7.2355451583862305 4.5
vertex -75.28018188476562 0.9019861817359924 4.5
vertex -75.27804565429688 19.90198516845703 4.5
endloop
endfacet
facet normal -0.9999999936793891 0.000112433187851258 0
outer loop
vertex -75.27804565429688 19.90198516845703 4.5
vertex -75.28018188476562 0.9019861817359924 4.5
vertex -75.28018188476562 0.9019861817359924 5
endloop
endfacet
facet normal 0 0 1
outer loop
vertex -77.27947235107422 7.2355451583862305 4.5
vertex -77.2801284790039 1.4022117853164673 4.5
vertex -76.5739517211914 1.4021321535110474 4.5
endloop
endfacet
facet normal 0 0 1
outer loop
vertex -77.280517578125 -2.024667501449585 4.5
vertex -77.28189086914062 -14.191333770751953 4.5
vertex -76.57380676269531 -2.024747133255005 4.5
endloop
endfacet
facet normal -0.9999999936341617 0.00011283473105192785 0
outer loop
vertex -75.28045654296875 -1.5248931646347046 4.5
vertex -75.28260040283203 -20.524892807006836 4.5
vertex -75.28260040283203 -20.524892807006836 5
endloop
endfacet
facet normal -0.00011281521827633357 -0.9999999936363633 0
outer loop
vertex -76.5738296508789 -1.5247472524642944 5
vertex -76.5738296508789 -1.5247472524642944 4.5
vertex -75.28045654296875 -1.5248931646347046 5
endloop
endfacet
facet normal 0.00011233364203478177 0.9999999936905765 0
outer loop
vertex -75.28260040283203 -20.524892807006836 4.5
vertex -76.57302856445312 -20.524747848510742 5
vertex -75.28260040283203 -20.524892807006836 5
endloop
endfacet
facet normal 0 0 1
outer loop
vertex -77.28189086914062 -14.191333770751953 4.5
vertex -75.28260040283203 -20.524892807006836 4.5
vertex -75.28045654296875 -1.5248931646347046 4.5
endloop
endfacet
facet normal 0 0 1
outer loop
vertex -77.28189086914062 -14.191333770751953 4.5
vertex -76.57305145263672 -20.024747848510742 4.5
vertex -75.28260040283203 -20.524892807006836 4.5
endloop
endfacet
facet normal 0 0 1
outer loop
vertex -77.28189086914062 -14.191333770751953 4.5
vertex -77.28254699707031 -20.024667739868164 4.5
vertex -76.57305145263672 -20.024747848510742 4.5
endloop
endfacet
facet normal -0.9999999936341617 0.00011283473105192785 0
outer loop
vertex -75.28045654296875 -1.5248931646347046 4.5
vertex -75.28260040283203 -20.524892807006836 5
vertex -75.28045654296875 -1.5248931646347046 5
endloop
endfacet
facet normal 0 0 1
outer loop
vertex -76.5738296508789 -1.5247472524642944 4.5
vertex -76.57380676269531 -2.024747133255005 4.5
vertex -75.28045654296875 -1.5248931646347046 4.5
endloop
endfacet
facet normal 0 0 1
outer loop
vertex -76.57380676269531 -2.024747133255005 4.5
vertex -77.28189086914062 -14.191333770751953 4.5
vertex -75.28045654296875 -1.5248931646347046 4.5
endloop
endfacet
facet normal -0.00011281521827633357 -0.9999999936363633 0
outer loop
vertex -76.5738296508789 -1.5247472524642944 4.5
vertex -75.28045654296875 -1.5248931646347046 4.5
vertex -75.28045654296875 -1.5248931646347046 5
endloop
endfacet
facet normal 0.00011233364203478177 0.9999999936905765 0
outer loop
vertex -75.28260040283203 -20.524892807006836 4.5
vertex -76.57302856445312 -20.524747848510742 4.5
vertex -76.57302856445312 -20.524747848510742 5
endloop
endfacet
facet normal 0 0 1
outer loop
vertex -76.57305145263672 -20.024747848510742 4.5
vertex -76.57302856445312 -20.524747848510742 4.5
vertex -75.28260040283203 -20.524892807006836 4.5
endloop
endfacet
facet normal 0 0 1
outer loop
vertex -77.2829360961914 -23.451547622680664 4.5
vertex -77.28430938720703 -35.61821365356445 4.5
vertex -76.57290649414062 -23.451627731323242 4.5
endloop
endfacet
facet normal -0.9999999936341607 0.00011283474025520895 0
outer loop
vertex -75.28287506103516 -22.951772689819336 4.5
vertex -75.28501892089844 -41.9517707824707 5
vertex -75.28287506103516 -22.951772689819336 5
endloop
endfacet
facet normal -0.9999999936341607 0.00011283474025520895 0
outer loop
vertex -75.28287506103516 -22.951772689819336 4.5
vertex -75.28501892089844 -41.9517707824707 4.5
vertex -75.28501892089844 -41.9517707824707 5
endloop
endfacet
facet normal 0 0 1
outer loop
vertex -77.28430938720703 -35.61821365356445 4.5
vertex -75.28501892089844 -41.9517707824707 4.5
vertex -75.28287506103516 -22.951772689819336 4.5
endloop
endfacet
facet normal 0.00011262329215372453 0.9999999936579971 0
outer loop
vertex -75.28501892089844 -41.9517707824707 4.5
vertex -76.57212829589844 -41.95162582397461 5
vertex -75.28501892089844 -41.9517707824707 5
endloop
endfacet
facet normal 0 0 1
outer loop
vertex -77.28430938720703 -35.61821365356445 4.5
vertex -76.57215118408203 -41.45162582397461 4.5
vertex -75.28501892089844 -41.9517707824707 4.5
endloop
endfacet
facet normal 0 0 1
outer loop
vertex -77.28430938720703 -35.61821365356445 4.5
vertex -77.28496551513672 -41.45154571533203 4.5
vertex -76.57215118408203 -41.45162582397461 4.5
endloop
endfacet
facet normal -0.00011236619480780333 -0.9999999936869192 0
outer loop
vertex -76.57292938232422 -22.951627731323242 4.5
vertex -75.28287506103516 -22.951772689819336 4.5
vertex -75.28287506103516 -22.951772689819336 5
endloop
endfacet
facet normal 0 0 1
outer loop
vertex -76.57292938232422 -22.951627731323242 4.5
vertex -76.57290649414062 -23.451627731323242 4.5
vertex -75.28287506103516 -22.951772689819336 4.5
endloop
endfacet
facet normal 0.00011262329215372453 0.9999999936579971 0
outer loop
vertex -75.28501892089844 -41.9517707824707 4.5
vertex -76.57212829589844 -41.95162582397461 4.5
vertex -76.57212829589844 -41.95162582397461 5
endloop
endfacet
facet normal 0 0 1
outer loop
vertex -76.57215118408203 -41.45162582397461 4.5
vertex -76.57212829589844 -41.95162582397461 4.5
vertex -75.28501892089844 -41.9517707824707 4.5
endloop
endfacet
facet normal -0.00011236619480780333 -0.9999999936869192 0
outer loop
vertex -76.57292938232422 -22.951627731323242 4.5
vertex -75.28287506103516 -22.951772689819336 5
vertex -76.57292938232422 -22.951627731323242 5
endloop
endfacet
facet normal 0 0 1
outer loop
vertex -76.57290649414062 -23.451627731323242 4.5
vertex -77.28430938720703 -35.61821365356445 4.5
vertex -75.28287506103516 -22.951772689819336 4.5
endloop
endfacet
facet normal 0.00010621724908217122 0.999999994358948 0
outer loop
vertex 66.40147399902344 -66.34381866455078 0
vertex 65.10856628417969 -66.34368133544922 0
vertex 65.10856628417969 -66.34368133544922 0.20000000298023224
endloop
endfacet
facet normal -0.00010270314628276557 -0.9999999947260318 0
outer loop
vertex 65.11055755615234 -47.34368133544922 0.20000000298023224
vertex 65.11055755615234 -47.34368133544922 0
vertex 66.41056060791016 -47.343814849853516 0.20000000298023224
endloop
endfacet
facet normal 0.00010621724908217122 0.999999994358948 0
outer loop
vertex 66.40147399902344 -66.34381866455078 0.20000000298023224
vertex 66.40147399902344 -66.34381866455078 0
vertex 65.10856628417969 -66.34368133544922 0.20000000298023224
endloop
endfacet
facet normal 0 0 -1
outer loop
vertex 66.40147399902344 -66.34381866455078 0.20000000298023224
vertex 65.10856628417969 -66.34368133544922 0.20000000298023224
vertex 66.4085693359375 -66.29413604736328 0.20000000298023224
endloop
endfacet
facet normal 0 0 -1
outer loop
vertex 66.4085693359375 -66.29413604736328 0.20000000298023224
vertex 65.10856628417969 -66.34368133544922 0.20000000298023224
vertex 66.40861511230469 -65.84381866455078 0.20000000298023224
endloop
endfacet
facet normal 0.999999994508083 -0.00010480378745896577 0
outer loop
vertex 65.10856628417969 -66.34368133544922 0.20000000298023224
vertex 65.10856628417969 -66.34368133544922 0
vertex 65.11055755615234 -47.34368133544922 0.20000000298023224
endloop
endfacet
facet normal 0 0 -1
outer loop
vertex 66.40861511230469 -65.84381866455078 0.20000000298023224
vertex 65.10856628417969 -66.34368133544922 0.20000000298023224
vertex 67.11042785644531 -48.56388854980469 0.20000000298023224
endloop
endfacet
facet normal 0 0 -1
outer loop
vertex 67.11042785644531 -48.56388854980469 0.20000000298023224
vertex 65.10856628417969 -66.34368133544922 0.20000000298023224
vertex 65.11055755615234 -47.34368133544922 0.20000000298023224
endloop
endfacet
facet normal 0 0 -1
outer loop
vertex 67.11042785644531 -48.56388854980469 0.20000000298023224
vertex 66.41050720214844 -47.843814849853516 0.20000000298023224
vertex 67.11050415039062 -47.84389114379883 0.20000000298023224
endloop
endfacet
facet normal 0 0 -1
outer loop
vertex 66.40861511230469 -65.84381866455078 0.20000000298023224
vertex 67.11042785644531 -48.56388854980469 0.20000000298023224
vertex 67.10861206054688 -65.84388732910156 0.20000000298023224
endloop
endfacet
facet normal 0.999999994508083 -0.00010480378745896577 0
outer loop
vertex 65.11055755615234 -47.34368133544922 0.20000000298023224
vertex 65.10856628417969 -66.34368133544922 0
vertex 65.11055755615234 -47.34368133544922 0
endloop
endfacet
facet normal -0.00010270314628276557 -0.9999999947260318 0
outer loop
vertex 65.11055755615234 -47.34368133544922 0
vertex 66.41056060791016 -47.343814849853516 0
vertex 66.41056060791016 -47.343814849853516 0.20000000298023224
endloop
endfacet
facet normal 0 0 -1
outer loop
vertex 65.11055755615234 -47.34368133544922 0.20000000298023224
vertex 66.41056060791016 -47.343814849853516 0.20000000298023224
vertex 66.41050720214844 -47.843814849853516 0.20000000298023224
endloop
endfacet
facet normal 0 0 -1
outer loop
vertex 67.11042785644531 -48.56388854980469 0.20000000298023224
vertex 65.11055755615234 -47.34368133544922 0.20000000298023224
vertex 66.41050720214844 -47.843814849853516 0.20000000298023224
endloop
endfacet
facet normal 0.4994738268299452 -0.8663289769549728 0
outer loop
vertex 65.21060943603516 62.91357421875 0
vertex 66.32151794433594 63.55405807495117 0
vertex 66.32151794433594 63.55405807495117 0.20000000298023224
endloop
endfacet
facet normal -0.4994766398148512 0.8663273551488866 0
outer loop
vertex 75.82658386230469 47.10249328613281 0.20000000298023224
vertex 75.82658386230469 47.10249328613281 0
vertex 74.70063781738281 46.45333480834961 0.20000000298023224
endloop
endfacet
facet normal 0 0 -1
outer loop
vertex 75.82658386230469 47.10249328613281 0.20000000298023224
vertex 74.70063781738281 46.45333480834961 0.20000000298023224
vertex 75.57645416259766 47.535430908203125 0.20000000298023224
endloop
endfacet
facet normal -0.4994766398148512 0.8663273551488866 0
outer loop
vertex 74.70063781738281 46.45333480834961 0
vertex 74.70063781738281 46.45333480834961 0.20000000298023224
vertex 75.82658386230469 47.10249328613281 0
endloop
endfacet
facet normal 0 0 -1
outer loop
vertex 67.55262756347656 62.8556022644043 0.20000000298023224
vertex 66.57164764404297 63.12112045288086 0.20000000298023224
vertex 67.19300079345703 63.4793586730957 0.20000000298023224
endloop
endfacet
facet normal 0 0 -1
outer loop
vertex 75.57645416259766 47.535430908203125 0.20000000298023224
vertex 67.55262756347656 62.8556022644043 0.20000000298023224
vertex 76.18355560302734 47.88545227050781 0.20000000298023224
endloop
endfacet
facet normal 0 0 -1
outer loop
vertex 75.57645416259766 47.535430908203125 0.20000000298023224
vertex 74.70063781738281 46.45333480834961 0.20000000298023224
vertex 67.55262756347656 62.8556022644043 0.20000000298023224
endloop
endfacet
facet normal 0 0 -1
outer loop
vertex 74.70063781738281 46.45333480834961 0.20000000298023224
vertex 65.21060943603516 62.91357421875 0.20000000298023224
vertex 67.55262756347656 62.8556022644043 0.20000000298023224
endloop
endfacet
facet normal 0.8663282458812449 0.4994750948629222 0
outer loop
vertex 65.21060943603516 62.91357421875 0.20000000298023224
vertex 74.70063781738281 46.45333480834961 0
vertex 65.21060943603516 62.91357421875 0
endloop
endfacet
facet normal 0.8663282458812449 0.4994750948629222 0
outer loop
vertex 74.70063781738281 46.45333480834961 0.20000000298023224
vertex 74.70063781738281 46.45333480834961 0
vertex 65.21060943603516 62.91357421875 0.20000000298023224
endloop
endfacet
facet normal 0 0 -1
outer loop
vertex 65.21060943603516 62.91357421875 0.20000000298023224
vertex 66.32151794433594 63.55405807495117 0.20000000298023224
vertex 66.57164764404297 63.12112045288086 0.20000000298023224
endloop
endfacet
facet normal 0.4994738268299452 -0.8663289769549728 0
outer loop
vertex 65.21060943603516 62.91357421875 0
vertex 66.32151794433594 63.55405807495117 0.20000000298023224
vertex 65.21060943603516 62.91357421875 0.20000000298023224
endloop
endfacet
facet normal 0 0 -1
outer loop
vertex 65.21060943603516 62.91357421875 0.20000000298023224
vertex 66.57164764404297 63.12112045288086 0.20000000298023224
vertex 67.55262756347656 62.8556022644043 0.20000000298023224
endloop
endfacet
facet normal -0.0001130272864446726 -0.9999999936124163 0
outer loop
vertex -76.55813598632812 41.329010009765625 0.20000000298023224
vertex -76.55813598632812 41.329010009765625 0
vertex -75.27562713623047 41.32886505126953 0.20000000298023224
endloop
endfacet
facet normal 0 0 -1
outer loop
vertex -75.27777099609375 22.32886505126953 0.20000000298023224
vertex -76.5748291015625 22.329011917114258 0.20000000298023224
vertex -76.5748519897461 22.829011917114258 0.20000000298023224
endloop
endfacet
facet normal -0.0001130272864446726 -0.9999999936124163 0
outer loop
vertex -76.55813598632812 41.329010009765625 0
vertex -75.27562713623047 41.32886505126953 0
vertex -75.27562713623047 41.32886505126953 0.20000000298023224
endloop
endfacet
facet normal 0 0 -1
outer loop
vertex -75.27562713623047 41.32886505126953 0.20000000298023224
vertex -77.27763366699219 23.549091339111328 0.20000000298023224
vertex -76.57560729980469 40.82901382446289 0.20000000298023224
endloop
endfacet
facet normal 0 0 -1
outer loop
vertex -75.27562713623047 41.32886505126953 0.20000000298023224
vertex -76.57562255859375 41.25130844116211 0.20000000298023224
vertex -76.55813598632812 41.329010009765625 0.20000000298023224
endloop
endfacet
facet normal 0 0 -1
outer loop
vertex -77.27763366699219 23.549091339111328 0.20000000298023224
vertex -77.27568054199219 40.8290901184082 0.20000000298023224
vertex -76.57560729980469 40.82901382446289 0.20000000298023224
endloop
endfacet
facet normal 0 0 -1
outer loop
vertex -75.27562713623047 41.32886505126953 0.20000000298023224
vertex -76.57560729980469 40.82901382446289 0.20000000298023224
vertex -76.57562255859375 41.25130844116211 0.20000000298023224
endloop
endfacet
facet normal -0.999999993634162 0.00011283472892809396 0
outer loop
vertex -75.27562713623047 41.32886505126953 0
vertex -75.27777099609375 22.32886505126953 0.20000000298023224
vertex -75.27562713623047 41.32886505126953 0.20000000298023224
endloop
endfacet
facet normal 0 0 -1
outer loop
vertex -77.27763366699219 23.549091339111328 0.20000000298023224
vertex -75.27562713623047 41.32886505126953 0.20000000298023224
vertex -75.27777099609375 22.32886505126953 0.20000000298023224
endloop
endfacet
facet normal -0.999999993634162 0.00011283472892809396 0
outer loop
vertex -75.27777099609375 22.32886505126953 0
vertex -75.27777099609375 22.32886505126953 0.20000000298023224
vertex -75.27562713623047 41.32886505126953 0
endloop
endfacet
facet normal 0.00011322996492281324 0.9999999935894874 0
outer loop
vertex -75.27777099609375 22.32886505126953 0
vertex -76.5748291015625 22.329011917114258 0
vertex -76.5748291015625 22.329011917114258 0.20000000298023224
endloop
endfacet
facet normal 0 0 -1
outer loop
vertex -75.27777099609375 22.32886505126953 0.20000000298023224
vertex -76.5748519897461 22.829011917114258 0.20000000298023224
vertex -77.27763366699219 23.549091339111328 0.20000000298023224
endloop
endfacet
facet normal 0.00011322996492281324 0.9999999935894874 0
outer loop
vertex -75.27777099609375 22.32886505126953 0
vertex -76.5748291015625 22.329011917114258 0.20000000298023224
vertex -75.27777099609375 22.32886505126953 0.20000000298023224
endloop
endfacet
facet normal 0 0 -1
outer loop
vertex -77.2777099609375 22.829090118408203 0.20000000298023224
vertex -77.27763366699219 23.549091339111328 0.20000000298023224
vertex -76.5748519897461 22.829011917114258 0.20000000298023224
endloop
endfacet
facet normal -0.00011265601304101223 -0.9999999936543114 0
outer loop
vertex -76.57202911376953 -44.37850570678711 0.20000000298023224
vertex -76.57202911376953 -44.37850570678711 0
vertex -75.28529357910156 -44.3786506652832 0.20000000298023224
endloop
endfacet
facet normal -0.999999993634162 0.00011283472892809396 0
outer loop
vertex -75.28743743896484 -63.3786506652832 0
vertex -75.28743743896484 -63.3786506652832 0.20000000298023224
vertex -75.28529357910156 -44.3786506652832 0.20000000298023224
endloop
endfacet
facet normal 0 0 -1
outer loop
vertex -75.28529357910156 -44.3786506652832 0.20000000298023224
vertex -75.28743743896484 -63.3786506652832 0.20000000298023224
vertex -77.28730010986328 -62.158424377441406 0.20000000298023224
endloop
endfacet
facet normal -0.999999993634162 0.00011283472892809396 0
outer loop
vertex -75.28743743896484 -63.3786506652832 0
vertex -75.28529357910156 -44.3786506652832 0.20000000298023224
vertex -75.28529357910156 -44.3786506652832 0
endloop
endfacet
facet normal 0 0 -1
outer loop
vertex -75.28529357910156 -44.3786506652832 0.20000000298023224
vertex -76.57200622558594 -44.87850570678711 0.20000000298023224
vertex -76.57202911376953 -44.37850570678711 0.20000000298023224
endloop
endfacet
facet normal 0 0 -1
outer loop
vertex -77.28730010986328 -62.158424377441406 0.20000000298023224
vertex -77.28534698486328 -44.87842559814453 0.20000000298023224
vertex -76.57200622558594 -44.87850570678711 0.20000000298023224
endloop
endfacet
facet normal 0.0001129137688172554 0.9999999936252404 0
outer loop
vertex -75.28743743896484 -63.3786506652832 0
vertex -76.57123565673828 -63.37850570678711 0.20000000298023224
vertex -75.28743743896484 -63.3786506652832 0.20000000298023224
endloop
endfacet
facet normal 0 0 -1
outer loop
vertex -75.28529357910156 -44.3786506652832 0.20000000298023224
vertex -77.28730010986328 -62.158424377441406 0.20000000298023224
vertex -76.57200622558594 -44.87850570678711 0.20000000298023224
endloop
endfacet
facet normal 0 0 -1
outer loop
vertex -75.28743743896484 -63.3786506652832 0.20000000298023224
vertex -76.57125091552734 -62.87850570678711 0.20000000298023224
vertex -77.28730010986328 -62.158424377441406 0.20000000298023224
endloop
endfacet
facet normal 0.0001129137688172554 0.9999999936252404 0
outer loop
vertex -75.28743743896484 -63.3786506652832 0
vertex -76.57123565673828 -63.37850570678711 0
vertex -76.57123565673828 -63.37850570678711 0.20000000298023224
endloop
endfacet
facet normal 0 0 -1
outer loop
vertex -75.28743743896484 -63.3786506652832 0.20000000298023224
vertex -76.57123565673828 -63.37850570678711 0.20000000298023224
vertex -76.57125091552734 -62.87850570678711 0.20000000298023224
endloop
endfacet
facet normal -0.00011265601304101223 -0.9999999936543114 0
outer loop
vertex -75.28529357910156 -44.3786506652832 0
vertex -75.28529357910156 -44.3786506652832 0.20000000298023224
vertex -76.57202911376953 -44.37850570678711 0
endloop
endfacet
facet normal 0 0 -1
outer loop
vertex -77.28738403320312 -62.87842559814453 0.20000000298023224
vertex -77.28730010986328 -62.158424377441406 0.20000000298023224
vertex -76.57125091552734 -62.87850570678711 0.20000000298023224
endloop
endfacet
facet normal 0 0 -1
outer loop
vertex 67.11896514892578 32.74642562866211 0.20000000298023224
vertex 66.4190444946289 33.46649932861328 0.20000000298023224
vertex 67.1190414428711 33.466426849365234 0.20000000298023224
endloop
endfacet
facet normal 0.0001049045436235241 0.9999999944975183 0
outer loop
vertex 66.41709899902344 14.966501235961914 0
vertex 65.11710357666016 14.96663761138916 0
vertex 65.11710357666016 14.96663761138916 0.20000000298023224
endloop
endfacet
facet normal -0.00010563752185855387 -0.999999994420357 0
outer loop
vertex 65.11909484863281 33.966636657714844 0.20000000298023224
vertex 65.11909484863281 33.966636657714844 0
vertex 66.41909790039062 33.96649932861328 0.20000000298023224
endloop
endfacet
facet normal -0.00010563752185855387 -0.999999994420357 0
outer loop
vertex 65.11909484863281 33.966636657714844 0
vertex 66.41909790039062 33.96649932861328 0
vertex 66.41909790039062 33.96649932861328 0.20000000298023224
endloop
endfacet
facet normal 0 0 -1
outer loop
vertex 66.41715240478516 15.466501235961914 0.20000000298023224
vertex 67.11896514892578 32.74642562866211 0.20000000298023224
vertex 67.11715698242188 15.46642780303955 0.20000000298023224
endloop
endfacet
facet normal 0.9999999945080825 -0.00010480379271942284 0
outer loop
vertex 65.11909484863281 33.966636657714844 0.20000000298023224
vertex 65.11710357666016 14.96663761138916 0
vertex 65.11909484863281 33.966636657714844 0
endloop
endfacet
facet normal 0 0 -1
outer loop
vertex 65.11909484863281 33.966636657714844 0.20000000298023224
vertex 66.41909790039062 33.96649932861328 0.20000000298023224
vertex 66.4190444946289 33.46649932861328 0.20000000298023224
endloop
endfacet
facet normal 0 0 -1
outer loop
vertex 67.11896514892578 32.74642562866211 0.20000000298023224
vertex 65.11710357666016 14.96663761138916 0.20000000298023224
vertex 65.11909484863281 33.966636657714844 0.20000000298023224
endloop
endfacet
facet normal 0 0 -1
outer loop
vertex 67.11896514892578 32.74642562866211 0.20000000298023224
vertex 65.11909484863281 33.966636657714844 0.20000000298023224
vertex 66.4190444946289 33.46649932861328 0.20000000298023224
endloop
endfacet
facet normal 0 0 -1
outer loop
vertex 66.41715240478516 15.466501235961914 0.20000000298023224
vertex 65.11710357666016 14.96663761138916 0.20000000298023224
vertex 67.11896514892578 32.74642562866211 0.20000000298023224
endloop
endfacet
facet normal 0.9999999945080825 -0.00010480379271942284 0
outer loop
vertex 65.11710357666016 14.96663761138916 0.20000000298023224
vertex 65.11710357666016 14.96663761138916 0
vertex 65.11909484863281 33.966636657714844 0.20000000298023224
endloop
endfacet
facet normal 0 0 -1
outer loop
vertex 66.41709899902344 14.966501235961914 0.20000000298023224
vertex 65.11710357666016 14.96663761138916 0.20000000298023224
vertex 66.41715240478516 15.466501235961914 0.20000000298023224
endloop
endfacet
facet normal 0.0001049045436235241 0.9999999944975183 0
outer loop
vertex 66.41709899902344 14.966501235961914 0.20000000298023224
vertex 66.41709899902344 14.966501235961914 0
vertex 65.11710357666016 14.96663761138916 0.20000000298023224
endloop
endfacet
facet normal -0.00010563814182252351 -0.9999999944202916 0
outer loop
vertex 65.1126937866211 -27.01609992980957 0.20000000298023224
vertex 65.1126937866211 -27.01609992980957 0
vertex 66.41268920898438 -27.016237258911133 0.20000000298023224
endloop
endfacet
facet normal 0.00010270314628276557 0.9999999947260318 0
outer loop
vertex 66.41069793701172 -46.0162353515625 0
vertex 65.1106948852539 -46.0161018371582 0.20000000298023224
vertex 66.41069793701172 -46.0162353515625 0.20000000298023224
endloop
endfacet
facet normal 0 0 -1
outer loop
vertex 66.41069793701172 -46.0162353515625 0.20000000298023224
vertex 65.1106948852539 -46.0161018371582 0.20000000298023224
vertex 66.41075134277344 -45.5162353515625 0.20000000298023224
endloop
endfacet
facet normal 0.9999999944659199 -0.00010520532397169415 0
outer loop
vertex 65.1106948852539 -46.0161018371582 0.20000000298023224
vertex 65.1106948852539 -46.0161018371582 0
vertex 65.1126937866211 -27.01609992980957 0.20000000298023224
endloop
endfacet
facet normal 0 0 -1
outer loop
vertex 66.41075134277344 -45.5162353515625 0.20000000298023224
vertex 65.1106948852539 -46.0161018371582 0.20000000298023224
vertex 67.11256408691406 -28.236310958862305 0.20000000298023224
endloop
endfacet
facet normal 0 0 -1
outer loop
vertex 66.41075134277344 -45.5162353515625 0.20000000298023224
vertex 67.11256408691406 -28.236310958862305 0.20000000298023224
vertex 67.11074829101562 -45.51631164550781 0.20000000298023224
endloop
endfacet
facet normal 0.9999999944659199 -0.00010520532397169415 0
outer loop
vertex 65.1126937866211 -27.01609992980957 0.20000000298023224
vertex 65.1106948852539 -46.0161018371582 0
vertex 65.1126937866211 -27.01609992980957 0
endloop
endfacet
facet normal 0.00010270314628276557 0.9999999947260318 0
outer loop
vertex 66.41069793701172 -46.0162353515625 0
vertex 65.1106948852539 -46.0161018371582 0
vertex 65.1106948852539 -46.0161018371582 0.20000000298023224
endloop
endfacet
facet normal 0 0 -1
outer loop
vertex 67.11256408691406 -28.236310958862305 0.20000000298023224
vertex 65.1106948852539 -46.0161018371582 0.20000000298023224
vertex 65.1126937866211 -27.01609992980957 0.20000000298023224
endloop
endfacet
facet normal 0 0 -1
outer loop
vertex 67.11256408691406 -28.236310958862305 0.20000000298023224
vertex 66.41264343261719 -27.516237258911133 0.20000000298023224
vertex 67.11264038085938 -27.51630973815918 0.20000000298023224
endloop
endfacet
facet normal -0.00010563814182252351 -0.9999999944202916 0
outer loop
vertex 65.1126937866211 -27.01609992980957 0
vertex 66.41268920898438 -27.016237258911133 0
vertex 66.41268920898438 -27.016237258911133 0.20000000298023224
endloop
endfacet
facet normal 0 0 -1
outer loop
vertex 66.41264343261719 -27.516237258911133 0.20000000298023224
vertex 65.1126937866211 -27.01609992980957 0.20000000298023224
vertex 66.41268920898438 -27.016237258911133 0.20000000298023224
endloop
endfacet
facet normal 0 0 -1
outer loop
vertex 67.11256408691406 -28.236310958862305 0.20000000298023224
vertex 65.1126937866211 -27.01609992980957 0.20000000298023224
vertex 66.41264343261719 -27.516237258911133 0.20000000298023224
endloop
endfacet
facet normal 0 0 -1
outer loop
vertex 66.41288757324219 -25.188657760620117 0.20000000298023224
vertex 65.11283111572266 -25.688520431518555 0.20000000298023224
vertex 67.11470031738281 -7.908730983734131 0.20000000298023224
endloop
endfacet
facet normal 0.00010563752185855387 0.999999994420357 0
outer loop
vertex 66.41283416748047 -25.688657760620117 0
vertex 65.11283111572266 -25.688520431518555 0
vertex 65.11283111572266 -25.688520431518555 0.20000000298023224
endloop
endfacet
facet normal 0.00010563752185855387 0.999999994420357 0
outer loop
vertex 66.41283416748047 -25.688657760620117 0
vertex 65.11283111572266 -25.688520431518555 0.20000000298023224
vertex 66.41283416748047 -25.688657760620117 0.20000000298023224
endloop
endfacet
facet normal 0 0 -1
outer loop
vertex 66.41283416748047 -25.688657760620117 0.20000000298023224
vertex 65.11283111572266 -25.688520431518555 0.20000000298023224
vertex 66.41288757324219 -25.188657760620117 0.20000000298023224
endloop
endfacet
facet normal 0.9999999944659183 -0.00010520533981352879 0
outer loop
vertex 65.11283111572266 -25.688520431518555 0.20000000298023224
vertex 65.11283111572266 -25.688520431518555 0
vertex 65.11483001708984 -6.688521385192871 0.20000000298023224
endloop
endfacet
facet normal 0.9999999944659183 -0.00010520533981352879 0
outer loop
vertex 65.11483001708984 -6.688521385192871 0.20000000298023224
vertex 65.11283111572266 -25.688520431518555 0
vertex 65.11483001708984 -6.688521385192871 0
endloop
endfacet
facet normal 0 0 -1
outer loop
vertex 67.11470031738281 -7.908730983734131 0.20000000298023224
vertex 65.11283111572266 -25.688520431518555 0.20000000298023224
vertex 65.11483001708984 -6.688521385192871 0.20000000298023224
endloop
endfacet
facet normal 0 0 -1
outer loop
vertex 67.11470031738281 -7.908730983734131 0.20000000298023224
vertex 65.11483001708984 -6.688521385192871 0.20000000298023224
vertex 66.4147720336914 -7.188657760620117 0.20000000298023224
endloop
endfacet
facet normal -0.0001049045436235241 -0.9999999944975183 0
outer loop
vertex 65.11483001708984 -6.688521385192871 0
vertex 66.41482543945312 -6.688657760620117 0
vertex 66.41482543945312 -6.688657760620117 0.20000000298023224
endloop
endfacet
facet normal -0.0001049045436235241 -0.9999999944975183 0
outer loop
vertex 65.11483001708984 -6.688521385192871 0.20000000298023224
vertex 65.11483001708984 -6.688521385192871 0
vertex 66.41482543945312 -6.688657760620117 0.20000000298023224
endloop
endfacet
facet normal 0 0 -1
outer loop
vertex 67.11470031738281 -7.908730983734131 0.20000000298023224
vertex 66.4147720336914 -7.188657760620117 0.20000000298023224
vertex 67.11477661132812 -7.1887311935424805 0.20000000298023224
endloop
endfacet
facet normal 0 0 -1
outer loop
vertex 65.11483001708984 -6.688521385192871 0.20000000298023224
vertex 66.41482543945312 -6.688657760620117 0.20000000298023224
vertex 66.4147720336914 -7.188657760620117 0.20000000298023224
endloop
endfacet
facet normal 0 0 -1
outer loop
vertex 66.41288757324219 -25.188657760620117 0.20000000298023224
vertex 67.11470031738281 -7.908730983734131 0.20000000298023224
vertex 67.11288452148438 -25.188730239868164 0.20000000298023224
endloop
endfacet
facet normal 0.00010490392796485964 0.9999999944975829 0
outer loop
vertex 66.41497039794922 -5.361078262329102 0.20000000298023224
vertex 66.41497039794922 -5.361078262329102 0
vertex 65.1149673461914 -5.3609418869018555 0.20000000298023224
endloop
endfacet
facet normal 0 0 -1
outer loop
vertex 66.41497039794922 -5.361078262329102 0.20000000298023224
vertex 65.1149673461914 -5.3609418869018555 0.20000000298023224
vertex 66.4150161743164 -4.861078262329102 0.20000000298023224
endloop
endfacet
facet normal 0 0 -1
outer loop
vertex 67.11683654785156 12.418848037719727 0.20000000298023224
vertex 66.41690826416016 13.138921737670898 0.20000000298023224
vertex 67.11691284179688 13.138848304748535 0.20000000298023224
endloop
endfacet
facet normal 0 0 -1
outer loop
vertex 67.11502075195312 -4.861151695251465 0.20000000298023224
vertex 66.4150161743164 -4.861078262329102 0.20000000298023224
vertex 67.11683654785156 12.418848037719727 0.20000000298023224
endloop
endfacet
facet normal 0 0 -1
outer loop
vertex 66.41690826416016 13.138921737670898 0.20000000298023224
vertex 65.11695861816406 13.639058113098145 0.20000000298023224
vertex 66.41696166992188 13.638921737670898 0.20000000298023224
endloop
endfacet
facet normal 0.00010490392796485964 0.9999999944975829 0
outer loop
vertex 66.41497039794922 -5.361078262329102 0
vertex 65.1149673461914 -5.3609418869018555 0
vertex 65.1149673461914 -5.3609418869018555 0.20000000298023224
endloop
endfacet
facet normal 0 0 -1
outer loop
vertex 67.11683654785156 12.418848037719727 0.20000000298023224
vertex 65.11695861816406 13.639058113098145 0.20000000298023224
vertex 66.41690826416016 13.138921737670898 0.20000000298023224
endloop
endfacet
facet normal -0.00010490392796485964 -0.9999999944975829 0
outer loop
vertex 65.11695861816406 13.639058113098145 0.20000000298023224
vertex 65.11695861816406 13.639058113098145 0
vertex 66.41696166992188 13.638921737670898 0.20000000298023224
endloop
endfacet
facet normal -0.00010490392796485964 -0.9999999944975829 0
outer loop
vertex 65.11695861816406 13.639058113098145 0
vertex 66.41696166992188 13.638921737670898 0
vertex 66.41696166992188 13.638921737670898 0.20000000298023224
endloop
endfacet
facet normal 0 0 -1
outer loop
vertex 67.11683654785156 12.418848037719727 0.20000000298023224
vertex 65.1149673461914 -5.3609418869018555 0.20000000298023224
vertex 65.11695861816406 13.639058113098145 0.20000000298023224
endloop
endfacet
facet normal 0.999999994508083 -0.00010480378745896577 0
outer loop
vertex 65.11695861816406 13.639058113098145 0.20000000298023224
vertex 65.1149673461914 -5.3609418869018555 0
vertex 65.11695861816406 13.639058113098145 0
endloop
endfacet
facet normal 0 0 -1
outer loop
vertex 66.4150161743164 -4.861078262329102 0.20000000298023224
vertex 65.1149673461914 -5.3609418869018555 0.20000000298023224
vertex 67.11683654785156 12.418848037719727 0.20000000298023224
endloop
endfacet
facet normal 0.999999994508083 -0.00010480378745896577 0
outer loop
vertex 65.1149673461914 -5.3609418869018555 0.20000000298023224
vertex 65.1149673461914 -5.3609418869018555 0
vertex 65.11695861816406 13.639058113098145 0.20000000298023224
endloop
endfacet
facet normal 0 0 -1
outer loop
vertex -75.27804565429688 19.90198516845703 0.20000000298023224
vertex -76.57470703125 19.402132034301758 0.20000000298023224
vertex -76.5747299194336 19.902132034301758 0.20000000298023224
endloop
endfacet
facet normal 0 0 -1
outer loop
vertex -77.28004455566406 2.1222119331359863 0.20000000298023224
vertex -77.2780990600586 19.402212142944336 0.20000000298023224
vertex -76.57470703125 19.402132034301758 0.20000000298023224
endloop
endfacet
facet normal 0.00011282869059063684 0.9999999936348433 0
outer loop
vertex -75.28018188476562 0.9019861817359924 0
vertex -76.57392883300781 0.9021321535110474 0
vertex -76.57392883300781 0.9021321535110474 0.20000000298023224
endloop
endfacet
facet normal 0.00011282869059063684 0.9999999936348433 0
outer loop
vertex -75.28018188476562 0.9019861817359924 0
vertex -76.57392883300781 0.9021321535110474 0.20000000298023224
vertex -75.28018188476562 0.9019861817359924 0.20000000298023224
endloop
endfacet
facet normal 0 0 -1
outer loop
vertex -77.2801284790039 1.4022117853164673 0.20000000298023224
vertex -77.28004455566406 2.1222119331359863 0.20000000298023224
vertex -76.5739517211914 1.4021321535110474 0.20000000298023224
endloop
endfacet
facet normal 0 0 -1
outer loop
vertex -75.28018188476562 0.9019861817359924 0.20000000298023224
vertex -76.57392883300781 0.9021321535110474 0.20000000298023224
vertex -76.5739517211914 1.4021321535110474 0.20000000298023224
endloop
endfacet
facet normal 0 0 -1
outer loop
vertex -75.28018188476562 0.9019861817359924 0.20000000298023224
vertex -76.5739517211914 1.4021321535110474 0.20000000298023224
vertex -77.28004455566406 2.1222119331359863 0.20000000298023224
endloop
endfacet
facet normal -0.00011326260966778147 -0.9999999935857907 0
outer loop
vertex -76.5747299194336 19.902132034301758 0
vertex -75.27804565429688 19.90198516845703 0.20000000298023224
vertex -76.5747299194336 19.902132034301758 0.20000000298023224
endloop
endfacet
facet normal -0.9999999936793891 0.00011243318785125801 0
outer loop
vertex -75.28018188476562 0.9019861817359924 0.20000000298023224
vertex -75.27804565429688 19.90198516845703 0
vertex -75.28018188476562 0.9019861817359924 0
endloop
endfacet
facet normal 0 0 -1
outer loop
vertex -77.28004455566406 2.1222119331359863 0.20000000298023224
vertex -75.27804565429688 19.90198516845703 0.20000000298023224
vertex -75.28018188476562 0.9019861817359924 0.20000000298023224
endloop
endfacet
facet normal -0.00011326260966778147 -0.9999999935857907 0
outer loop
vertex -75.27804565429688 19.90198516845703 0
vertex -75.27804565429688 19.90198516845703 0.20000000298023224
vertex -76.5747299194336 19.902132034301758 0
endloop
endfacet
facet normal -0.9999999936793891 0.00011243318785125801 0
outer loop
vertex -75.27804565429688 19.90198516845703 0
vertex -75.28018188476562 0.9019861817359924 0.20000000298023224
vertex -75.27804565429688 19.90198516845703 0.20000000298023224
endloop
endfacet
facet normal 0 0 -1
outer loop
vertex -75.27804565429688 19.90198516845703 0.20000000298023224
vertex -77.28004455566406 2.1222119331359863 0.20000000298023224
vertex -76.57470703125 19.402132034301758 0.20000000298023224
endloop
endfacet
facet normal 0 0 -1
outer loop
vertex -77.28246307373047 -19.30466651916504 0.20000000298023224
vertex -75.28045654296875 -1.5248931646347046 0.20000000298023224
vertex -75.28260040283203 -20.524892807006836 0.20000000298023224
endloop
endfacet
facet normal 0 0 -1
outer loop
vertex -75.28045654296875 -1.5248931646347046 0.20000000298023224
vertex -76.57380676269531 -2.024747133255005 0.20000000298023224
vertex -76.5738296508789 -1.5247472524642944 0.20000000298023224
endloop
endfacet
facet normal 0 0 -1
outer loop
vertex -75.28260040283203 -20.524892807006836 0.20000000298023224
vertex -76.57302856445312 -20.524747848510742 0.20000000298023224
vertex -76.57305145263672 -20.024747848510742 0.20000000298023224
endloop
endfacet
facet normal 0 0 -1
outer loop
vertex -77.28254699707031 -20.024667739868164 0.20000000298023224
vertex -77.28246307373047 -19.30466651916504 0.20000000298023224
vertex -76.57305145263672 -20.024747848510742 0.20000000298023224
endloop
endfacet
facet normal 0.00011233364203478177 0.9999999936905765 0
outer loop
vertex -75.28260040283203 -20.524892807006836 0
vertex -76.57302856445312 -20.524747848510742 0
vertex -76.57302856445312 -20.524747848510742 0.20000000298023224
endloop
endfacet
facet normal 0.00011233364203478177 0.9999999936905765 0
outer loop
vertex -75.28260040283203 -20.524892807006836 0
vertex -76.57302856445312 -20.524747848510742 0.20000000298023224
vertex -75.28260040283203 -20.524892807006836 0.20000000298023224
endloop
endfacet
facet normal -0.00011281521827633357 -0.9999999936363633 0
outer loop
vertex -76.5738296508789 -1.5247472524642944 0
vertex -75.28045654296875 -1.5248931646347046 0
vertex -75.28045654296875 -1.5248931646347046 0.20000000298023224
endloop
endfacet
facet normal -0.00011281521827633357 -0.9999999936363633 0
outer loop
vertex -76.5738296508789 -1.5247472524642944 0
vertex -75.28045654296875 -1.5248931646347046 0.20000000298023224
vertex -76.5738296508789 -1.5247472524642944 0.20000000298023224
endloop
endfacet
facet normal 0 0 -1
outer loop
vertex -75.28045654296875 -1.5248931646347046 0.20000000298023224
vertex -77.28246307373047 -19.30466651916504 0.20000000298023224
vertex -76.57380676269531 -2.024747133255005 0.20000000298023224
endloop
endfacet
facet normal 0 0 -1
outer loop
vertex -77.28246307373047 -19.30466651916504 0.20000000298023224
vertex -77.280517578125 -2.024667501449585 0.20000000298023224
vertex -76.57380676269531 -2.024747133255005 0.20000000298023224
endloop
endfacet
facet normal -0.9999999936341617 0.00011283473105192785 0
outer loop
vertex -75.28045654296875 -1.5248931646347046 0
vertex -75.28260040283203 -20.524892807006836 0.20000000298023224
vertex -75.28045654296875 -1.5248931646347046 0.20000000298023224
endloop
endfacet
facet normal -0.9999999936341617 0.00011283473105192785 0
outer loop
vertex -75.28260040283203 -20.524892807006836 0
vertex -75.28260040283203 -20.524892807006836 0.20000000298023224
vertex -75.28045654296875 -1.5248931646347046 0
endloop
endfacet
facet normal 0 0 -1
outer loop
vertex -75.28260040283203 -20.524892807006836 0.20000000298023224
vertex -76.57305145263672 -20.024747848510742 0.20000000298023224
vertex -77.28246307373047 -19.30466651916504 0.20000000298023224
endloop
endfacet
facet normal -0.00011236619480780331 -0.999999993686919 0
outer loop
vertex -76.57292938232422 -22.951627731323242 0.20000000298023224
vertex -76.57292938232422 -22.951627731323242 0
vertex -75.28287506103516 -22.951772689819336 0.20000000298023224
endloop
endfacet
facet normal -0.00011236619480780331 -0.999999993686919 0
outer loop
vertex -76.57292938232422 -22.951627731323242 0
vertex -75.28287506103516 -22.951772689819336 0
vertex -75.28287506103516 -22.951772689819336 0.20000000298023224
endloop
endfacet
facet normal 0 0 -1
outer loop
vertex -75.28287506103516 -22.951772689819336 0.20000000298023224
vertex -76.57290649414062 -23.451627731323242 0.20000000298023224
vertex -76.57292938232422 -22.951627731323242 0.20000000298023224
endloop
endfacet
facet normal 0 0 -1
outer loop
vertex -75.28501892089844 -41.9517707824707 0.20000000298023224
vertex -76.57215118408203 -41.45162582397461 0.20000000298023224
vertex -77.28488159179688 -40.73154830932617 0.20000000298023224
endloop
endfacet
facet normal 0.00011262329215372452 0.999999993657997 0
outer loop
vertex -75.28501892089844 -41.9517707824707 0
vertex -76.57212829589844 -41.95162582397461 0.20000000298023224
vertex -75.28501892089844 -41.9517707824707 0.20000000298023224
endloop
endfacet
facet normal -0.9999999936341607 0.00011283474025520895 0
outer loop
vertex -75.28501892089844 -41.9517707824707 0.20000000298023224
vertex -75.28287506103516 -22.951772689819336 0
vertex -75.28501892089844 -41.9517707824707 0
endloop
endfacet
facet normal 0.00011262329215372452 0.999999993657997 0
outer loop
vertex -75.28501892089844 -41.9517707824707 0
vertex -76.57212829589844 -41.95162582397461 0
vertex -76.57212829589844 -41.95162582397461 0.20000000298023224
endloop
endfacet
facet normal 0 0 -1
outer loop
vertex -77.28488159179688 -40.73154830932617 0.20000000298023224
vertex -75.28287506103516 -22.951772689819336 0.20000000298023224
vertex -75.28501892089844 -41.9517707824707 0.20000000298023224
endloop
endfacet
facet normal -0.9999999936341607 0.00011283474025520895 0
outer loop
vertex -75.28287506103516 -22.951772689819336 0
vertex -75.28501892089844 -41.9517707824707 0.20000000298023224
vertex -75.28287506103516 -22.951772689819336 0.20000000298023224
endloop
endfacet
facet normal 0 0 -1
outer loop
vertex -75.28501892089844 -41.9517707824707 0.20000000298023224
vertex -76.57212829589844 -41.95162582397461 0.20000000298023224
vertex -76.57215118408203 -41.45162582397461 0.20000000298023224
endloop
endfacet
facet normal 0 0 -1
outer loop
vertex -77.28496551513672 -41.45154571533203 0.20000000298023224
vertex -77.28488159179688 -40.73154830932617 0.20000000298023224
vertex -76.57215118408203 -41.45162582397461 0.20000000298023224
endloop
endfacet
facet normal 0 0 -1
outer loop
vertex -77.28488159179688 -40.73154830932617 0.20000000298023224
vertex -77.2829360961914 -23.451547622680664 0.20000000298023224
vertex -76.57290649414062 -23.451627731323242 0.20000000298023224
endloop
endfacet
facet normal 0 0 -1
outer loop
vertex -75.28287506103516 -22.951772689819336 0.20000000298023224
vertex -77.28488159179688 -40.73154830932617 0.20000000298023224
vertex -76.57290649414062 -23.451627731323242 0.20000000298023224
endloop
endfacet
facet normal -0.9569399361851862 0.29028599438121616 0
outer loop
vertex -11.35953426361084 -62.13051223754883 5
vertex -11.35953426361084 -62.13051223754883 0
vertex -11.424976348876953 -62.34624481201172 5
endloop
endfacet
facet normal -0.29028329566854627 0.9569407548306256 0
outer loop
vertex -12.047351837158203 -62.96862030029297 0
vertex -12.263083457946777 -63.034061431884766 0
vertex -12.263083457946777 -63.034061431884766 5
endloop
endfacet
facet normal 0.956941111292252 -0.2902821205633403 0
outer loop
vertex -13.615340232849121 -61.68180465698242 5
vertex -13.615340232849121 -61.68180465698242 0
vertex -13.549899101257324 -61.46607208251953 5
endloop
endfacet
facet normal 0.7730110275979483 -0.6343925844553703 0
outer loop
vertex -13.44362735748291 -61.26725387573242 5
vertex -13.44362735748291 -61.26725387573242 0
vertex -13.300610542297363 -61.092987060546875 5
endloop
endfacet
facet normal 0.6343925844553703 -0.7730110275979483 0
outer loop
vertex -13.300610542297363 -61.092987060546875 5
vertex -13.300610542297363 -61.092987060546875 0
vertex -13.126343727111816 -60.94997024536133 5
endloop
endfacet
facet normal 0.47140393387447393 -0.8819174174080421 0
outer loop
vertex -13.126343727111816 -60.94997024536133 5
vertex -13.126343727111816 -60.94997024536133 0
vertex -12.927523612976074 -60.84369659423828 5
endloop
endfacet
facet normal 0.2902821205633403 -0.956941111292252 0
outer loop
vertex -12.927523612976074 -60.84369659423828 5
vertex -12.927523612976074 -60.84369659423828 0
vertex -12.711791038513184 -60.778255462646484 5
endloop
endfacet
facet normal 0.09800750570118845 -0.9951856755531762 0
outer loop
vertex -12.711791038513184 -60.778255462646484 5
vertex -12.711791038513184 -60.778255462646484 0
vertex -12.48743724822998 -60.756160736083984 5
endloop
endfacet
facet normal -0.8819245734735436 0.471390545835943 0
outer loop
vertex -11.424976348876953 -62.34624481201172 5
vertex -11.424976348876953 -62.34624481201172 0
vertex -11.53124713897705 -62.545066833496094 5
endloop
endfacet
facet normal -0.9569399361851862 0.29028599438121616 0
outer loop
vertex -11.35953426361084 -62.13051223754883 0
vertex -11.424976348876953 -62.34624481201172 0
vertex -11.424976348876953 -62.34624481201172 5
endloop
endfacet
facet normal -0.9951848503090435 0.09801588501547505 0
outer loop
vertex -11.337437629699707 -61.906158447265625 5
vertex -11.337437629699707 -61.906158447265625 0
vertex -11.35953426361084 -62.13051223754883 5
endloop
endfacet
facet normal -0.9569399361851862 -0.29028599438121616 0
outer loop
vertex -11.424976348876953 -61.46607208251953 5
vertex -11.424976348876953 -61.46607208251953 0
vertex -11.35953426361084 -61.68180465698242 5
endloop
endfacet
facet normal -0.9951848503090435 -0.09801588501547505 0
outer loop
vertex -11.35953426361084 -61.68180465698242 5
vertex -11.35953426361084 -61.68180465698242 0
vertex -11.337437629699707 -61.906158447265625 5
endloop
endfacet
facet normal -0.09800750570118845 -0.9951856755531762 0
outer loop
vertex -12.48743724822998 -60.756160736083984 5
vertex -12.48743724822998 -60.756160736083984 0
vertex -12.263083457946777 -60.778255462646484 5
endloop
endfacet
facet normal -0.29028329566854627 -0.9569407548306256 0
outer loop
vertex -12.263083457946777 -60.778255462646484 5
vertex -12.263083457946777 -60.778255462646484 0
vertex -12.047351837158203 -60.84369659423828 5
endloop
endfacet
facet normal -0.47140393387447393 -0.8819174174080421 0
outer loop
vertex -12.047351837158203 -60.84369659423828 5
vertex -12.047351837158203 -60.84369659423828 0
vertex -11.848531723022461 -60.94997024536133 5
endloop
endfacet
facet normal -0.6343925844553703 -0.7730110275979483 0
outer loop
vertex -11.848531723022461 -60.94997024536133 5
vertex -11.848531723022461 -60.94997024536133 0
vertex -11.674264907836914 -61.092987060546875 5
endloop
endfacet
facet normal -0.7730089530925516 -0.6343951122437477 0
outer loop
vertex -11.674264907836914 -61.092987060546875 5
vertex -11.674264907836914 -61.092987060546875 0
vertex -11.53124713897705 -61.26725387573242 5
endloop
endfacet
facet normal -0.8819208133813415 -0.47139758052496705 0
outer loop
vertex -11.53124713897705 -61.26725387573242 5
vertex -11.53124713897705 -61.26725387573242 0
vertex -11.424976348876953 -61.46607208251953 5
endloop
endfacet
facet normal 0.9951844376610333 -0.09802007466480116 0
outer loop
vertex -13.63743782043457 -61.906158447265625 5
vertex -13.63743782043457 -61.906158447265625 0
vertex -13.615340232849121 -61.68180465698242 5
endloop
endfacet
facet normal 0.9951844376610333 0.09802007466480116 0
outer loop
vertex -13.615340232849121 -62.13051223754883 5
vertex -13.615340232849121 -62.13051223754883 0
vertex -13.63743782043457 -61.906158447265625 5
endloop
endfacet
facet normal -0.29028329566854627 -0.9569407548306256 0
outer loop
vertex -12.263083457946777 -60.778255462646484 0
vertex -12.047351837158203 -60.84369659423828 0
vertex -12.047351837158203 -60.84369659423828 5
endloop
endfacet
facet normal -0.6343925844553703 -0.7730110275979483 0
outer loop
vertex -11.848531723022461 -60.94997024536133 0
vertex -11.674264907836914 -61.092987060546875 0
vertex -11.674264907836914 -61.092987060546875 5
endloop
endfacet
facet normal -0.9951848503090435 0.09801588501547505 0
outer loop
vertex -11.337437629699707 -61.906158447265625 0
vertex -11.35953426361084 -62.13051223754883 0
vertex -11.35953426361084 -62.13051223754883 5
endloop
endfacet
facet normal -0.9951848503090435 -0.09801588501547505 0
outer loop
vertex -11.35953426361084 -61.68180465698242 0
vertex -11.337437629699707 -61.906158447265625 0
vertex -11.337437629699707 -61.906158447265625 5
endloop
endfacet
facet normal 0.956941111292252 0.2902821205633403 0
outer loop
vertex -13.549899101257324 -62.34624481201172 5
vertex -13.549899101257324 -62.34624481201172 0
vertex -13.615340232849121 -62.13051223754883 5
endloop
endfacet
facet normal 0.8819228148211526 0.4713938360839425 0
outer loop
vertex -13.44362735748291 -62.545066833496094 5
vertex -13.44362735748291 -62.545066833496094 0
vertex -13.549899101257324 -62.34624481201172 5
endloop
endfacet
facet normal -0.7730089530925516 0.6343951122437477 0
outer loop
vertex -11.53124713897705 -62.545066833496094 5
vertex -11.53124713897705 -62.545066833496094 0
vertex -11.674264907836914 -62.71933364868164 5
endloop
endfacet
facet normal -0.6343925844553703 0.7730110275979483 0
outer loop
vertex -11.674264907836914 -62.71933364868164 5
vertex -11.674264907836914 -62.71933364868164 0
vertex -11.848531723022461 -62.86235046386719 5
endloop
endfacet
facet normal -0.4713907728797535 0.8819244521181102 0
outer loop
vertex -11.848531723022461 -62.86235046386719 5
vertex -11.848531723022461 -62.86235046386719 0
vertex -12.047351837158203 -62.96862030029297 5
endloop
endfacet
facet normal -0.29028329566854627 0.9569407548306256 0
outer loop
vertex -12.047351837158203 -62.96862030029297 5
vertex -12.047351837158203 -62.96862030029297 0
vertex -12.263083457946777 -63.034061431884766 5
endloop
endfacet
facet normal -0.0980242643089155 0.9951840249957271 0
outer loop
vertex -12.263083457946777 -63.034061431884766 5
vertex -12.263083457946777 -63.034061431884766 0
vertex -12.48743724822998 -63.05615997314453 5
endloop
endfacet
facet normal 0.0980242643089155 0.9951840249957271 0
outer loop
vertex -12.48743724822998 -63.05615997314453 5
vertex -12.48743724822998 -63.05615997314453 0
vertex -12.711791038513184 -63.034061431884766 5
endloop
endfacet
facet normal 0.2902821205633403 0.956941111292252 0
outer loop
vertex -12.711791038513184 -63.034061431884766 5
vertex -12.711791038513184 -63.034061431884766 0
vertex -12.927523612976074 -62.96862030029297 5
endloop
endfacet
facet normal 0.4713907728797535 0.8819244521181102 0
outer loop
vertex -12.927523612976074 -62.96862030029297 5
vertex -12.927523612976074 -62.96862030029297 0
vertex -13.126343727111816 -62.86235046386719 5
endloop
endfacet
facet normal 0.6343925844553703 0.7730110275979483 0
outer loop
vertex -13.126343727111816 -62.86235046386719 5
vertex -13.126343727111816 -62.86235046386719 0
vertex -13.300610542297363 -62.71933364868164 5
endloop
endfacet
facet normal 0.7730110275979483 0.6343925844553703 0
outer loop
vertex -13.300610542297363 -62.71933364868164 5
vertex -13.300610542297363 -62.71933364868164 0
vertex -13.44362735748291 -62.545066833496094 5
endloop
endfacet
facet normal 0.7730110275979483 0.6343925844553703 0
outer loop
vertex -13.300610542297363 -62.71933364868164 0
vertex -13.44362735748291 -62.545066833496094 0
vertex -13.44362735748291 -62.545066833496094 5
endloop
endfacet
facet normal 0.4713907728797535 0.8819244521181102 0
outer loop
vertex -12.927523612976074 -62.96862030029297 0
vertex -13.126343727111816 -62.86235046386719 0
vertex -13.126343727111816 -62.86235046386719 5
endloop
endfacet
facet normal -0.9569399361851862 -0.29028599438121616 0
outer loop
vertex -11.424976348876953 -61.46607208251953 0
vertex -11.35953426361084 -61.68180465698242 0
vertex -11.35953426361084 -61.68180465698242 5
endloop
endfacet
facet normal -0.09800750570118845 -0.9951856755531762 0
outer loop
vertex -12.48743724822998 -60.756160736083984 0
vertex -12.263083457946777 -60.778255462646484 0
vertex -12.263083457946777 -60.778255462646484 5
endloop
endfacet
facet normal -0.8819245734735436 0.471390545835943 0
outer loop
vertex -11.424976348876953 -62.34624481201172 0
vertex -11.53124713897705 -62.545066833496094 0
vertex -11.53124713897705 -62.545066833496094 5
endloop
endfacet
facet normal -0.7730089530925516 -0.6343951122437477 0
outer loop
vertex -11.674264907836914 -61.092987060546875 0
vertex -11.53124713897705 -61.26725387573242 0
vertex -11.53124713897705 -61.26725387573242 5
endloop
endfacet
facet normal -0.8819208133813415 -0.47139758052496705 0
outer loop
vertex -11.53124713897705 -61.26725387573242 0
vertex -11.424976348876953 -61.46607208251953 0
vertex -11.424976348876953 -61.46607208251953 5
endloop
endfacet
facet normal 0.09800750570118845 -0.9951856755531762 0
outer loop
vertex -12.711791038513184 -60.778255462646484 0
vertex -12.48743724822998 -60.756160736083984 0
vertex -12.48743724822998 -60.756160736083984 5
endloop
endfacet
facet normal 0.2902821205633403 -0.956941111292252 0
outer loop
vertex -12.927523612976074 -60.84369659423828 0
vertex -12.711791038513184 -60.778255462646484 0
vertex -12.711791038513184 -60.778255462646484 5
endloop
endfacet
facet normal 0.47140393387447393 -0.8819174174080421 0
outer loop
vertex -13.126343727111816 -60.94997024536133 0
vertex -12.927523612976074 -60.84369659423828 0
vertex -12.927523612976074 -60.84369659423828 5
endloop
endfacet
facet normal 0.6343925844553703 0.7730110275979483 0
outer loop
vertex -13.126343727111816 -62.86235046386719 0
vertex -13.300610542297363 -62.71933364868164 0
vertex -13.300610542297363 -62.71933364868164 5
endloop
endfacet
facet normal 0.2902821205633403 0.956941111292252 0
outer loop
vertex -12.711791038513184 -63.034061431884766 0
vertex -12.927523612976074 -62.96862030029297 0
vertex -12.927523612976074 -62.96862030029297 5
endloop
endfacet
facet normal 0.0980242643089155 0.9951840249957271 0
outer loop
vertex -12.48743724822998 -63.05615997314453 0
vertex -12.711791038513184 -63.034061431884766 0
vertex -12.711791038513184 -63.034061431884766 5
endloop
endfacet
facet normal -0.0980242643089155 0.9951840249957271 0
outer loop
vertex -12.263083457946777 -63.034061431884766 0
vertex -12.48743724822998 -63.05615997314453 0
vertex -12.48743724822998 -63.05615997314453 5
endloop
endfacet
facet normal 0.6343925844553703 -0.7730110275979483 0
outer loop
vertex -13.300610542297363 -61.092987060546875 0
vertex -13.126343727111816 -60.94997024536133 0
vertex -13.126343727111816 -60.94997024536133 5
endloop
endfacet
facet normal 0.7730110275979483 -0.6343925844553703 0
outer loop
vertex -13.44362735748291 -61.26725387573242 0
vertex -13.300610542297363 -61.092987060546875 0
vertex -13.300610542297363 -61.092987060546875 5
endloop
endfacet
facet normal 0.8819190546839591 -0.4714008707940113 0
outer loop
vertex -13.44362735748291 -61.26725387573242 0
vertex -13.44362735748291 -61.26725387573242 5
vertex -13.549899101257324 -61.46607208251953 0
endloop
endfacet
facet normal 0.8819190546839591 -0.4714008707940113 0
outer loop
vertex -13.549899101257324 -61.46607208251953 5
vertex -13.549899101257324 -61.46607208251953 0
vertex -13.44362735748291 -61.26725387573242 5
endloop
endfacet
facet normal 0.956941111292252 -0.2902821205633403 0
outer loop
vertex -13.549899101257324 -61.46607208251953 0
vertex -13.549899101257324 -61.46607208251953 5
vertex -13.615340232849121 -61.68180465698242 0
endloop
endfacet
facet normal 0.9951844376610333 -0.09802007466480116 0
outer loop
vertex -13.615340232849121 -61.68180465698242 0
vertex -13.615340232849121 -61.68180465698242 5
vertex -13.63743782043457 -61.906158447265625 0
endloop
endfacet
facet normal 0.9951844376610333 0.09802007466480116 0
outer loop
vertex -13.615340232849121 -62.13051223754883 0
vertex -13.63743782043457 -61.906158447265625 0
vertex -13.63743782043457 -61.906158447265625 5
endloop
endfacet
facet normal 0.956941111292252 0.2902821205633403 0
outer loop
vertex -13.549899101257324 -62.34624481201172 0
vertex -13.615340232849121 -62.13051223754883 0
vertex -13.615340232849121 -62.13051223754883 5
endloop
endfacet
facet normal 0.8819228148211526 0.4713938360839425 0
outer loop
vertex -13.44362735748291 -62.545066833496094 0
vertex -13.549899101257324 -62.34624481201172 0
vertex -13.549899101257324 -62.34624481201172 5
endloop
endfacet
facet normal -0.7730089530925516 0.6343951122437477 0
outer loop
vertex -11.53124713897705 -62.545066833496094 0
vertex -11.674264907836914 -62.71933364868164 0
vertex -11.674264907836914 -62.71933364868164 5
endloop
endfacet
facet normal -0.6343925844553703 0.7730110275979483 0
outer loop
vertex -11.674264907836914 -62.71933364868164 0
vertex -11.848531723022461 -62.86235046386719 0
vertex -11.848531723022461 -62.86235046386719 5
endloop
endfacet
facet normal -0.4713907728797535 0.8819244521181102 0
outer loop
vertex -11.848531723022461 -62.86235046386719 0
vertex -12.047351837158203 -62.96862030029297 0
vertex -12.047351837158203 -62.96862030029297 5
endloop
endfacet
facet normal -0.47140393387447393 -0.8819174174080421 0
outer loop
vertex -12.047351837158203 -60.84369659423828 0
vertex -11.848531723022461 -60.94997024536133 0
vertex -11.848531723022461 -60.94997024536133 5
endloop
endfacet
facet normal 1 0 0
outer loop
vertex -14.97519588470459 19.893840789794922 0
vertex -14.97519588470459 42.89384078979492 0
vertex -14.97519588470459 42.89384078979492 5
endloop
endfacet
facet normal 0 1 0
outer loop
vertex -14.97519588470459 19.893840789794922 5
vertex 0.7701348066329956 19.893840789794922 0
vertex -14.97519588470459 19.893840789794922 0
endloop
endfacet
facet normal 0 -1 0
outer loop
vertex -14.97519588470459 42.89384078979492 0
vertex -2.7120931148529053 42.89384078979492 5
vertex -14.97519588470459 42.89384078979492 5
endloop
endfacet
facet normal 0 1 0
outer loop
vertex 0.7701348066329956 19.893840789794922 0
vertex -14.97519588470459 19.893840789794922 5
vertex 0.7701348066329956 19.893840789794922 5
endloop
endfacet
facet normal 1 0 0
outer loop
vertex -14.97519588470459 19.893840789794922 5
vertex -14.97519588470459 19.893840789794922 0
vertex -14.97519588470459 42.89384078979492 5
endloop
endfacet
facet normal 0 -1 0
outer loop
vertex -14.97519588470459 42.89384078979492 0
vertex -2.7120931148529053 42.89384078979492 0
vertex -2.7120931148529053 42.89384078979492 5
endloop
endfacet
facet normal -0.819152183140412 -0.5735762380506159 0
outer loop
vertex 22.54819679260254 40.64384078979492 5
vertex 20.998493194580078 42.85704803466797 5
vertex 20.998493194580078 42.85704803466797 0
endloop
endfacet
facet normal 0.5735776931038082 0.8191511642997974 0
outer loop
vertex 1.3748037815093994 19.47044563293457 5
vertex 1.3748037815093994 19.47044563293457 0
vertex 0.7701348066329956 19.893840789794922 0
endloop
endfacet
facet normal -0.7071064282128281 0.7071071341600909 0
outer loop
vertex 19.088010787963867 21.020151138305664 5
vertex 20.998493194580078 22.930631637573242 0
vertex 19.088010787963867 21.020151138305664 0
endloop
endfacet
facet normal -0.8191524153897678 0.5735759063638476 0
outer loop
vertex 20.998493194580078 22.930631637573242 0
vertex 20.998493194580078 22.930631637573242 5
vertex 22.54819679260254 25.143840789794922 0
endloop
endfacet
facet normal -0.9063077055858331 0.42261843641249597 0
outer loop
vertex 23.690038681030273 27.592527389526367 5
vertex 23.690038681030273 27.592527389526367 0
vertex 22.54819679260254 25.143840789794922 0
endloop
endfacet
facet normal -0.9659257510312622 0.25881932596831364 0
outer loop
vertex 23.690038681030273 27.592527389526367 5
vertex 24.389324188232422 30.202293395996094 0
vertex 23.690038681030273 27.592527389526367 0
endloop
endfacet
facet normal -0.996194715105499 0.0871555482793487 0
outer loop
vertex 24.389324188232422 30.202293395996094 0
vertex 24.389324188232422 30.202293395996094 5
vertex 24.62480354309082 32.89384078979492 0
endloop
endfacet
facet normal 0.2588187114321349 0.9659259156957171 0
outer loop
vertex 3.8234915733337402 18.328603744506836 5
vertex 6.433257102966309 17.62932014465332 0
vertex 3.8234915733337402 18.328603744506836 0
endloop
endfacet
facet normal -0.7071062360070673 -0.7071073263656072 0
outer loop
vertex 19.761560440063477 44.09397888183594 5
vertex 20.998493194580078 42.85704803466797 0
vertex 20.998493194580078 42.85704803466797 5
endloop
endfacet
facet normal 0.42261826741645747 0.9063077843900005 0
outer loop
vertex 1.3748037815093994 19.47044563293457 5
vertex 3.8234915733337402 18.328603744506836 0
vertex 1.3748037815093994 19.47044563293457 0
endloop
endfacet
facet normal -0.9063078316724555 -0.42261816601889224 0
outer loop
vertex 22.54819679260254 40.64384078979492 0
vertex 23.690038681030273 38.195152282714844 0
vertex 23.690038681030273 38.195152282714844 5
endloop
endfacet
facet normal -0.996194715105499 -0.0871555482793487 0
outer loop
vertex 24.62480354309082 32.89384078979492 5
vertex 24.389324188232422 35.58538818359375 0
vertex 24.62480354309082 32.89384078979492 0
endloop
endfacet
facet normal -0.9659257037416117 -0.25881950245542235 0
outer loop
vertex 24.389324188232422 35.58538818359375 5
vertex 23.690038681030273 38.195152282714844 0
vertex 24.389324188232422 35.58538818359375 0
endloop
endfacet
facet normal -0.7071062360070673 -0.7071073263656072 0
outer loop
vertex 19.761560440063477 44.09397888183594 5
vertex 19.761560440063477 44.09397888183594 0
vertex 20.998493194580078 42.85704803466797 0
endloop
endfacet
facet normal -0.819152183140412 -0.5735762380506159 0
outer loop
vertex 22.54819679260254 40.64384078979492 5
vertex 20.998493194580078 42.85704803466797 0
vertex 22.54819679260254 40.64384078979492 0
endloop
endfacet
facet normal 0.0871555789259073 0.996194712424278 0
outer loop
vertex 9.12480354309082 17.393840789794922 5
vertex 9.12480354309082 17.393840789794922 0
vertex 6.433257102966309 17.62932014465332 0
endloop
endfacet
facet normal -0.4226183012156555 0.9063077686291745 0
outer loop
vertex 16.87480354309082 19.47044563293457 5
vertex 16.87480354309082 19.47044563293457 0
vertex 14.426115989685059 18.328603744506836 0
endloop
endfacet
facet normal -0.9659257037416117 -0.25881950245542235 0
outer loop
vertex 23.690038681030273 38.195152282714844 0
vertex 24.389324188232422 35.58538818359375 5
vertex 23.690038681030273 38.195152282714844 5
endloop
endfacet
facet normal -0.2588187555538087 0.9659259038733654 0
outer loop
vertex 11.816350936889648 17.62932014465332 0
vertex 11.816350936889648 17.62932014465332 5
vertex 14.426115989685059 18.328603744506836 0
endloop
endfacet
facet normal -0.0871555482793487 0.996194715105499 0
outer loop
vertex 9.12480354309082 17.393840789794922 5
vertex 11.816350936889648 17.62932014465332 0
vertex 9.12480354309082 17.393840789794922 0
endloop
endfacet
facet normal 0.7071062841662834 -0.7071072782064622 0
outer loop
vertex -1.948900818824768 43.65703201293945 0
vertex -1.948900818824768 43.65703201293945 5
vertex -2.7120931148529053 42.89384078979492 5
endloop
endfacet
facet normal 0.7071062841662834 -0.7071072782064622 0
outer loop
vertex -2.7120931148529053 42.89384078979492 5
vertex -2.7120931148529053 42.89384078979492 0
vertex -1.948900818824768 43.65703201293945 0
endloop
endfacet
facet normal -0.996194715105499 -0.0871555482793487 0
outer loop
vertex 24.389324188232422 35.58538818359375 0
vertex 24.62480354309082 32.89384078979492 5
vertex 24.389324188232422 35.58538818359375 5
endloop
endfacet
facet normal -0.996194715105499 0.0871555482793487 0
outer loop
vertex 24.62480354309082 32.89384078979492 5
vertex 24.62480354309082 32.89384078979492 0
vertex 24.389324188232422 30.202293395996094 5
endloop
endfacet
facet normal -0.9063078316724555 -0.42261816601889224 0
outer loop
vertex 23.690038681030273 38.195152282714844 5
vertex 22.54819679260254 40.64384078979492 5
vertex 22.54819679260254 40.64384078979492 0
endloop
endfacet
facet normal 0.42261826741645747 0.9063077843900005 0
outer loop
vertex 3.8234915733337402 18.328603744506836 0
vertex 1.3748037815093994 19.47044563293457 5
vertex 3.8234915733337402 18.328603744506836 5
endloop
endfacet
facet normal 0.5735776931038082 0.8191511642997974 0
outer loop
vertex 0.7701348066329956 19.893840789794922 0
vertex 0.7701348066329956 19.893840789794922 5
vertex 1.3748037815093994 19.47044563293457 5
endloop
endfacet
facet normal 0.2588187114321349 0.9659259156957171 0
outer loop
vertex 3.8234915733337402 18.328603744506836 5
vertex 6.433257102966309 17.62932014465332 5
vertex 6.433257102966309 17.62932014465332 0
endloop
endfacet
facet normal 0.0871555789259073 0.996194712424278 0
outer loop
vertex 6.433257102966309 17.62932014465332 0
vertex 6.433257102966309 17.62932014465332 5
vertex 9.12480354309082 17.393840789794922 5
endloop
endfacet
facet normal -0.0871555482793487 0.996194715105499 0
outer loop
vertex 11.816350936889648 17.62932014465332 0
vertex 9.12480354309082 17.393840789794922 5
vertex 11.816350936889648 17.62932014465332 5
endloop
endfacet
facet normal -0.2588187555538087 0.9659259038733654 0
outer loop
vertex 11.816350936889648 17.62932014465332 5
vertex 14.426115989685059 18.328603744506836 5
vertex 14.426115989685059 18.328603744506836 0
endloop
endfacet
facet normal -0.4226183012156555 0.9063077686291745 0
outer loop
vertex 16.87480354309082 19.47044563293457 5
vertex 14.426115989685059 18.328603744506836 0
vertex 14.426115989685059 18.328603744506836 5
endloop
endfacet
facet normal -0.573576711748576 0.8191518514534963 0
outer loop
vertex 16.87480354309082 19.47044563293457 5
vertex 19.088010787963867 21.020151138305664 5
vertex 19.088010787963867 21.020151138305664 0
endloop
endfacet
facet normal -0.9659257510312622 0.25881932596831364 0
outer loop
vertex 23.690038681030273 27.592527389526367 5
vertex 24.389324188232422 30.202293395996094 5
vertex 24.389324188232422 30.202293395996094 0
endloop
endfacet
facet normal -0.9063077055858331 0.42261843641249597 0
outer loop
vertex 23.690038681030273 27.592527389526367 5
vertex 22.54819679260254 25.143840789794922 0
vertex 22.54819679260254 25.143840789794922 5
endloop
endfacet
facet normal -0.8191524153897678 0.5735759063638476 0
outer loop
vertex 20.998493194580078 22.930631637573242 5
vertex 22.54819679260254 25.143840789794922 5
vertex 22.54819679260254 25.143840789794922 0
endloop
endfacet
facet normal -0.7071064282128281 0.7071071341600909 0
outer loop
vertex 19.088010787963867 21.020151138305664 5
vertex 20.998493194580078 22.930631637573242 5
vertex 20.998493194580078 22.930631637573242 0
endloop
endfacet
facet normal -0.573576711748576 0.8191518514534963 0
outer loop
vertex 19.088010787963867 21.020151138305664 0
vertex 16.87480354309082 19.47044563293457 0
vertex 16.87480354309082 19.47044563293457 5
endloop
endfacet
endsolid auto-kdk-case
